variant,step,stage,component,value,batch_cases,elapsed_seconds
m7_followup2_primary_repair,1,evidence_warmup,loss,2.702373504638672,"Case1013,Case1025",2.5893187131732702
m7_followup2_primary_repair,1,evidence_warmup,final_loss,2.702373504638672,"Case1013,Case1025",2.5893187131732702
m7_followup2_primary_repair,1,evidence_warmup,scar_proposal_loss,0.0904068648815155,"Case1013,Case1025",2.5893187131732702
m7_followup2_primary_repair,1,evidence_warmup,edema_proposal_loss,-0.0,"Case1013,Case1025",2.5893187131732702
m7_followup2_primary_repair,1,evidence_warmup,proposal_margin_loss,0.4007968306541443,"Case1013,Case1025",2.5893187131732702
m7_followup2_primary_repair,1,evidence_warmup,semantic_retrieval_loss,0.0023323651403188705,"Case1013,Case1025",2.5893187131732702
m7_followup2_primary_repair,1,evidence_warmup,baseline_preservation_loss,0.0012507617939263582,"Case1013,Case1025",2.5893187131732702
m7_followup2_primary_repair,1,evidence_warmup,correction_opportunity_loss,0.9406564831733704,"Case1013,Case1025",2.5893187131732702
m7_followup2_primary_repair,1,evidence_warmup,branch_correction_open_rate,1.0,"Case1013,Case1025",2.5893187131732702
m7_followup2_primary_repair,1,evidence_warmup,proposal_weight_mean,0.05155998840928078,"Case1013,Case1025",2.5893187131732702
m7_followup2_primary_repair,1,evidence_warmup,refiner_weight_mean,0.05155998840928078,"Case1013,Case1025",2.5893187131732702
m7_followup2_primary_repair,1,evidence_warmup,final_logit_delta_roi_abs_mean,0.33969825506210327,"Case1013,Case1025",2.5893187131732702
m7_followup2_primary_repair,50,evidence_warmup,loss,1.694290280342102,"Case1017,Case2004",15.776591958478093
m7_followup2_primary_repair,50,evidence_warmup,final_loss,1.694290280342102,"Case1017,Case2004",15.776591958478093
m7_followup2_primary_repair,50,evidence_warmup,scar_proposal_loss,0.1080174520611763,"Case1017,Case2004",15.776591958478093
m7_followup2_primary_repair,50,evidence_warmup,edema_proposal_loss,-0.0,"Case1017,Case2004",15.776591958478093
m7_followup2_primary_repair,50,evidence_warmup,proposal_margin_loss,0.16536392271518707,"Case1017,Case2004",15.776591958478093
m7_followup2_primary_repair,50,evidence_warmup,semantic_retrieval_loss,0.0025571808218955994,"Case1017,Case2004",15.776591958478093
m7_followup2_primary_repair,50,evidence_warmup,baseline_preservation_loss,0.37980931997299194,"Case1017,Case2004",15.776591958478093
m7_followup2_primary_repair,50,evidence_warmup,correction_opportunity_loss,0.7526512145996094,"Case1017,Case2004",15.776591958478093
m7_followup2_primary_repair,50,evidence_warmup,branch_correction_open_rate,1.0,"Case1017,Case2004",15.776591958478093
m7_followup2_primary_repair,50,evidence_warmup,proposal_weight_mean,0.16367685794830322,"Case1017,Case2004",15.776591958478093
m7_followup2_primary_repair,50,evidence_warmup,refiner_weight_mean,0.162224680185318,"Case1017,Case2004",15.776591958478093
m7_followup2_primary_repair,50,evidence_warmup,final_logit_delta_roi_abs_mean,1.1501374244689941,"Case1017,Case2004",15.776591958478093
m7_followup2_primary_repair,100,evidence_warmup,loss,1.522437334060669,"Case1022,Case2004",29.152471522800624
m7_followup2_primary_repair,100,evidence_warmup,final_loss,1.522437334060669,"Case1022,Case2004",29.152471522800624
m7_followup2_primary_repair,100,evidence_warmup,scar_proposal_loss,0.10069920122623444,"Case1022,Case2004",29.152471522800624
m7_followup2_primary_repair,100,evidence_warmup,edema_proposal_loss,-0.0,"Case1022,Case2004",29.152471522800624
m7_followup2_primary_repair,100,evidence_warmup,proposal_margin_loss,0.14365090429782867,"Case1022,Case2004",29.152471522800624
m7_followup2_primary_repair,100,evidence_warmup,semantic_retrieval_loss,0.002364460378885269,"Case1022,Case2004",29.152471522800624
m7_followup2_primary_repair,100,evidence_warmup,baseline_preservation_loss,0.27887600660324097,"Case1022,Case2004",29.152471522800624
m7_followup2_primary_repair,100,evidence_warmup,correction_opportunity_loss,0.7367021441459656,"Case1022,Case2004",29.152471522800624
m7_followup2_primary_repair,100,evidence_warmup,branch_correction_open_rate,1.0,"Case1022,Case2004",29.152471522800624
m7_followup2_primary_repair,100,evidence_warmup,proposal_weight_mean,0.13074034452438354,"Case1022,Case2004",29.152471522800624
m7_followup2_primary_repair,100,evidence_warmup,refiner_weight_mean,0.12895114719867706,"Case1022,Case2004",29.152471522800624
m7_followup2_primary_repair,100,evidence_warmup,final_logit_delta_roi_abs_mean,0.9818395972251892,"Case1022,Case2004",29.152471522800624
m7_followup2_primary_repair,150,evidence_warmup,loss,1.703225016593933,"Case1024,Case2001",42.42709274869412
m7_followup2_primary_repair,150,evidence_warmup,final_loss,1.703225016593933,"Case1024,Case2001",42.42709274869412
m7_followup2_primary_repair,150,evidence_warmup,scar_proposal_loss,0.10909304767847061,"Case1024,Case2001",42.42709274869412
m7_followup2_primary_repair,150,evidence_warmup,edema_proposal_loss,0.13656441867351532,"Case1024,Case2001",42.42709274869412
m7_followup2_primary_repair,150,evidence_warmup,proposal_margin_loss,0.11420484632253647,"Case1024,Case2001",42.42709274869412
m7_followup2_primary_repair,150,evidence_warmup,semantic_retrieval_loss,0.0014977072132751346,"Case1024,Case2001",42.42709274869412
m7_followup2_primary_repair,150,evidence_warmup,baseline_preservation_loss,0.001089232275262475,"Case1024,Case2001",42.42709274869412
m7_followup2_primary_repair,150,evidence_warmup,correction_opportunity_loss,0.8667874932289124,"Case1024,Case2001",42.42709274869412
m7_followup2_primary_repair,150,evidence_warmup,branch_correction_open_rate,1.0,"Case1024,Case2001",42.42709274869412
m7_followup2_primary_repair,150,evidence_warmup,proposal_weight_mean,0.1210065707564354,"Case1024,Case2001",42.42709274869412
m7_followup2_primary_repair,150,evidence_warmup,refiner_weight_mean,0.11874601989984512,"Case1024,Case2001",42.42709274869412
m7_followup2_primary_repair,150,evidence_warmup,final_logit_delta_roi_abs_mean,0.9758040904998779,"Case1024,Case2001",42.42709274869412
m7_followup2_primary_repair,200,evidence_warmup,loss,1.464998722076416,"Case2005,Case2001",55.797770673409104
m7_followup2_primary_repair,200,evidence_warmup,final_loss,1.464998722076416,"Case2005,Case2001",55.797770673409104
m7_followup2_primary_repair,200,evidence_warmup,scar_proposal_loss,0.05584158003330231,"Case2005,Case2001",55.797770673409104
m7_followup2_primary_repair,200,evidence_warmup,edema_proposal_loss,0.13650336861610413,"Case2005,Case2001",55.797770673409104
m7_followup2_primary_repair,200,evidence_warmup,proposal_margin_loss,0.09404747933149338,"Case2005,Case2001",55.797770673409104
m7_followup2_primary_repair,200,evidence_warmup,semantic_retrieval_loss,0.0022500648628920317,"Case2005,Case2001",55.797770673409104
m7_followup2_primary_repair,200,evidence_warmup,baseline_preservation_loss,0.002072814153507352,"Case2005,Case2001",55.797770673409104
m7_followup2_primary_repair,200,evidence_warmup,correction_opportunity_loss,0.7760350704193115,"Case2005,Case2001",55.797770673409104
m7_followup2_primary_repair,200,evidence_warmup,branch_correction_open_rate,1.0,"Case2005,Case2001",55.797770673409104
m7_followup2_primary_repair,200,evidence_warmup,proposal_weight_mean,0.13214197754859924,"Case2005,Case2001",55.797770673409104
m7_followup2_primary_repair,200,evidence_warmup,refiner_weight_mean,0.12955495715141296,"Case2005,Case2001",55.797770673409104
m7_followup2_primary_repair,200,evidence_warmup,final_logit_delta_roi_abs_mean,1.134252667427063,"Case2005,Case2001",55.797770673409104
m7_followup2_primary_repair,240,evidence_warmup,loss,,,67.15647171065211
m7_followup2_primary_repair,240,evidence_warmup,final_loss,,,67.15647171065211
m7_followup2_primary_repair,240,evidence_warmup,scar_proposal_loss,,,67.15647171065211
m7_followup2_primary_repair,240,evidence_warmup,edema_proposal_loss,,,67.15647171065211
m7_followup2_primary_repair,240,evidence_warmup,proposal_margin_loss,,,67.15647171065211
m7_followup2_primary_repair,240,evidence_warmup,semantic_retrieval_loss,,,67.15647171065211
m7_followup2_primary_repair,240,evidence_warmup,baseline_preservation_loss,,,67.15647171065211
m7_followup2_primary_repair,240,evidence_warmup,correction_opportunity_loss,,,67.15647171065211
m7_followup2_primary_repair,240,evidence_warmup,branch_correction_open_rate,,,67.15647171065211
m7_followup2_primary_repair,240,evidence_warmup,proposal_weight_mean,,,67.15647171065211
m7_followup2_primary_repair,240,evidence_warmup,refiner_weight_mean,,,67.15647171065211
m7_followup2_primary_repair,240,evidence_warmup,final_logit_delta_roi_abs_mean,,,67.15647171065211
m7_followup2_primary_repair,250,proposal_dictionary,loss,1.2590745687484741,"Case1003,Case1030",70.67679005302489
m7_followup2_primary_repair,250,proposal_dictionary,final_loss,1.2590745687484741,"Case1003,Case1030",70.67679005302489
m7_followup2_primary_repair,250,proposal_dictionary,scar_proposal_loss,0.10086219757795334,"Case1003,Case1030",70.67679005302489
m7_followup2_primary_repair,250,proposal_dictionary,edema_proposal_loss,-0.0,"Case1003,Case1030",70.67679005302489
m7_followup2_primary_repair,250,proposal_dictionary,proposal_margin_loss,0.11482533067464828,"Case1003,Case1030",70.67679005302489
m7_followup2_primary_repair,250,proposal_dictionary,semantic_retrieval_loss,0.0017535844817757607,"Case1003,Case1030",70.67679005302489
m7_followup2_primary_repair,250,proposal_dictionary,baseline_preservation_loss,0.002519266912713647,"Case1003,Case1030",70.67679005302489
m7_followup2_primary_repair,250,proposal_dictionary,correction_opportunity_loss,0.906345009803772,"Case1003,Case1030",70.67679005302489
m7_followup2_primary_repair,250,proposal_dictionary,branch_correction_open_rate,1.0,"Case1003,Case1030",70.67679005302489
m7_followup2_primary_repair,250,proposal_dictionary,proposal_weight_mean,0.09876404702663422,"Case1003,Case1030",70.67679005302489
m7_followup2_primary_repair,250,proposal_dictionary,refiner_weight_mean,0.0961984395980835,"Case1003,Case1030",70.67679005302489
m7_followup2_primary_repair,250,proposal_dictionary,final_logit_delta_roi_abs_mean,0.9050721526145935,"Case1003,Case1030",70.67679005302489
m7_followup2_primary_repair,300,proposal_dictionary,loss,1.2734389305114746,"Case1001,Case1008",84.07452270854264
m7_followup2_primary_repair,300,proposal_dictionary,final_loss,1.2734389305114746,"Case1001,Case1008",84.07452270854264
m7_followup2_primary_repair,300,proposal_dictionary,scar_proposal_loss,0.024776970967650414,"Case1001,Case1008",84.07452270854264
m7_followup2_primary_repair,300,proposal_dictionary,edema_proposal_loss,-0.0,"Case1001,Case1008",84.07452270854264
m7_followup2_primary_repair,300,proposal_dictionary,proposal_margin_loss,0.10516039282083511,"Case1001,Case1008",84.07452270854264
m7_followup2_primary_repair,300,proposal_dictionary,semantic_retrieval_loss,0.0018230825662612915,"Case1001,Case1008",84.07452270854264
m7_followup2_primary_repair,300,proposal_dictionary,baseline_preservation_loss,0.003492700168862939,"Case1001,Case1008",84.07452270854264
m7_followup2_primary_repair,300,proposal_dictionary,correction_opportunity_loss,0.8812887668609619,"Case1001,Case1008",84.07452270854264
m7_followup2_primary_repair,300,proposal_dictionary,branch_correction_open_rate,1.0,"Case1001,Case1008",84.07452270854264
m7_followup2_primary_repair,300,proposal_dictionary,proposal_weight_mean,0.1069420725107193,"Case1001,Case1008",84.07452270854264
m7_followup2_primary_repair,300,proposal_dictionary,refiner_weight_mean,0.1047423705458641,"Case1001,Case1008",84.07452270854264
m7_followup2_primary_repair,300,proposal_dictionary,final_logit_delta_roi_abs_mean,1.0627400875091553,"Case1001,Case1008",84.07452270854264
m7_followup2_primary_repair,300,proposal_dictionary,loss,,,84.78664387110621
m7_followup2_primary_repair,300,proposal_dictionary,final_loss,,,84.78664387110621
m7_followup2_primary_repair,300,proposal_dictionary,scar_proposal_loss,,,84.78664387110621
m7_followup2_primary_repair,300,proposal_dictionary,edema_proposal_loss,,,84.78664387110621
m7_followup2_primary_repair,300,proposal_dictionary,proposal_margin_loss,,,84.78664387110621
m7_followup2_primary_repair,300,proposal_dictionary,semantic_retrieval_loss,,,84.78664387110621
m7_followup2_primary_repair,300,proposal_dictionary,baseline_preservation_loss,,,84.78664387110621
m7_followup2_primary_repair,300,proposal_dictionary,correction_opportunity_loss,,,84.78664387110621
m7_followup2_primary_repair,300,proposal_dictionary,branch_correction_open_rate,,,84.78664387110621
m7_followup2_primary_repair,300,proposal_dictionary,proposal_weight_mean,,,84.78664387110621
m7_followup2_primary_repair,300,proposal_dictionary,refiner_weight_mean,,,84.78664387110621
m7_followup2_primary_repair,300,proposal_dictionary,final_logit_delta_roi_abs_mean,,,84.78664387110621
m7_followup2_primary_repair,350,proposal_dictionary,loss,1.552612543106079,"Case2004,Case2001",99.11105312686414
m7_followup2_primary_repair,350,proposal_dictionary,final_loss,1.552612543106079,"Case2004,Case2001",99.11105312686414
m7_followup2_primary_repair,350,proposal_dictionary,scar_proposal_loss,0.052468545734882355,"Case2004,Case2001",99.11105312686414
m7_followup2_primary_repair,350,proposal_dictionary,edema_proposal_loss,0.06356002390384674,"Case2004,Case2001",99.11105312686414
m7_followup2_primary_repair,350,proposal_dictionary,proposal_margin_loss,0.08395148068666458,"Case2004,Case2001",99.11105312686414
m7_followup2_primary_repair,350,proposal_dictionary,semantic_retrieval_loss,0.002617505146190524,"Case2004,Case2001",99.11105312686414
m7_followup2_primary_repair,350,proposal_dictionary,baseline_preservation_loss,0.0009077063878066838,"Case2004,Case2001",99.11105312686414
m7_followup2_primary_repair,350,proposal_dictionary,correction_opportunity_loss,0.7210512757301331,"Case2004,Case2001",99.11105312686414
m7_followup2_primary_repair,350,proposal_dictionary,branch_correction_open_rate,1.0,"Case2004,Case2001",99.11105312686414
m7_followup2_primary_repair,350,proposal_dictionary,proposal_weight_mean,0.10876607149839401,"Case2004,Case2001",99.11105312686414
m7_followup2_primary_repair,350,proposal_dictionary,refiner_weight_mean,0.1063222736120224,"Case2004,Case2001",99.11105312686414
m7_followup2_primary_repair,350,proposal_dictionary,final_logit_delta_roi_abs_mean,1.2217388153076172,"Case2004,Case2001",99.11105312686414
m7_followup2_primary_repair,400,proposal_dictionary,loss,1.3963130712509155,"Case1008,Case1018",112.42837156821042
m7_followup2_primary_repair,400,proposal_dictionary,final_loss,1.3963130712509155,"Case1008,Case1018",112.42837156821042
m7_followup2_primary_repair,400,proposal_dictionary,scar_proposal_loss,0.1682961881160736,"Case1008,Case1018",112.42837156821042
m7_followup2_primary_repair,400,proposal_dictionary,edema_proposal_loss,-0.0,"Case1008,Case1018",112.42837156821042
m7_followup2_primary_repair,400,proposal_dictionary,proposal_margin_loss,0.12891942262649536,"Case1008,Case1018",112.42837156821042
m7_followup2_primary_repair,400,proposal_dictionary,semantic_retrieval_loss,0.002335364231839776,"Case1008,Case1018",112.42837156821042
m7_followup2_primary_repair,400,proposal_dictionary,baseline_preservation_loss,0.0021803558338433504,"Case1008,Case1018",112.42837156821042
m7_followup2_primary_repair,400,proposal_dictionary,correction_opportunity_loss,0.8964013457298279,"Case1008,Case1018",112.42837156821042
m7_followup2_primary_repair,400,proposal_dictionary,branch_correction_open_rate,1.0,"Case1008,Case1018",112.42837156821042
m7_followup2_primary_repair,400,proposal_dictionary,proposal_weight_mean,0.06394103169441223,"Case1008,Case1018",112.42837156821042
m7_followup2_primary_repair,400,proposal_dictionary,refiner_weight_mean,0.06032128632068634,"Case1008,Case1018",112.42837156821042
m7_followup2_primary_repair,400,proposal_dictionary,final_logit_delta_roi_abs_mean,0.69612056016922,"Case1008,Case1018",112.42837156821042
m7_followup2_primary_repair,450,proposal_dictionary,loss,1.1650065183639526,"Case2005,Case2004",126.04219436645508
m7_followup2_primary_repair,450,proposal_dictionary,final_loss,1.1650065183639526,"Case2005,Case2004",126.04219436645508
m7_followup2_primary_repair,450,proposal_dictionary,scar_proposal_loss,0.07473857700824738,"Case2005,Case2004",126.04219436645508
m7_followup2_primary_repair,450,proposal_dictionary,edema_proposal_loss,0.10554803907871246,"Case2005,Case2004",126.04219436645508
m7_followup2_primary_repair,450,proposal_dictionary,proposal_margin_loss,0.08907048404216766,"Case2005,Case2004",126.04219436645508
m7_followup2_primary_repair,450,proposal_dictionary,semantic_retrieval_loss,0.002686471212655306,"Case2005,Case2004",126.04219436645508
m7_followup2_primary_repair,450,proposal_dictionary,baseline_preservation_loss,0.00355221563950181,"Case2005,Case2004",126.04219436645508
m7_followup2_primary_repair,450,proposal_dictionary,correction_opportunity_loss,0.6190041899681091,"Case2005,Case2004",126.04219436645508
m7_followup2_primary_repair,450,proposal_dictionary,branch_correction_open_rate,1.0,"Case2005,Case2004",126.04219436645508
m7_followup2_primary_repair,450,proposal_dictionary,proposal_weight_mean,0.11136874556541443,"Case2005,Case2004",126.04219436645508
m7_followup2_primary_repair,450,proposal_dictionary,refiner_weight_mean,0.10859279334545135,"Case2005,Case2004",126.04219436645508
m7_followup2_primary_repair,450,proposal_dictionary,final_logit_delta_roi_abs_mean,1.3720225095748901,"Case2005,Case2004",126.04219436645508
m7_followup2_primary_repair,500,proposal_dictionary,loss,1.5357049703598022,"Case2004,Case1015",139.32542034983635
m7_followup2_primary_repair,500,proposal_dictionary,final_loss,1.5357049703598022,"Case2004,Case1015",139.32542034983635
m7_followup2_primary_repair,500,proposal_dictionary,scar_proposal_loss,0.06930134445428848,"Case2004,Case1015",139.32542034983635
m7_followup2_primary_repair,500,proposal_dictionary,edema_proposal_loss,0.005406490992754698,"Case2004,Case1015",139.32542034983635
m7_followup2_primary_repair,500,proposal_dictionary,proposal_margin_loss,0.05749821662902832,"Case2004,Case1015",139.32542034983635
m7_followup2_primary_repair,500,proposal_dictionary,semantic_retrieval_loss,0.0011300846235826612,"Case2004,Case1015",139.32542034983635
m7_followup2_primary_repair,500,proposal_dictionary,baseline_preservation_loss,0.23069646954536438,"Case2004,Case1015",139.32542034983635
m7_followup2_primary_repair,500,proposal_dictionary,correction_opportunity_loss,0.8413590788841248,"Case2004,Case1015",139.32542034983635
m7_followup2_primary_repair,500,proposal_dictionary,branch_correction_open_rate,1.0,"Case2004,Case1015",139.32542034983635
m7_followup2_primary_repair,500,proposal_dictionary,proposal_weight_mean,0.12691812217235565,"Case2004,Case1015",139.32542034983635
m7_followup2_primary_repair,500,proposal_dictionary,refiner_weight_mean,0.12463989853858948,"Case2004,Case1015",139.32542034983635
m7_followup2_primary_repair,500,proposal_dictionary,final_logit_delta_roi_abs_mean,1.5899590253829956,"Case2004,Case1015",139.32542034983635
m7_followup2_primary_repair,550,proposal_dictionary,loss,0.7052878737449646,"Case2005,Case2005",152.72817594278604
m7_followup2_primary_repair,550,proposal_dictionary,final_loss,0.7052878737449646,"Case2005,Case2005",152.72817594278604
m7_followup2_primary_repair,550,proposal_dictionary,scar_proposal_loss,0.03197062760591507,"Case2005,Case2005",152.72817594278604
m7_followup2_primary_repair,550,proposal_dictionary,edema_proposal_loss,0.08852779865264893,"Case2005,Case2005",152.72817594278604
m7_followup2_primary_repair,550,proposal_dictionary,proposal_margin_loss,0.08645075559616089,"Case2005,Case2005",152.72817594278604
m7_followup2_primary_repair,550,proposal_dictionary,semantic_retrieval_loss,0.002792233834043145,"Case2005,Case2005",152.72817594278604
m7_followup2_primary_repair,550,proposal_dictionary,baseline_preservation_loss,0.0006544289644807577,"Case2005,Case2005",152.72817594278604
m7_followup2_primary_repair,550,proposal_dictionary,correction_opportunity_loss,0.44190534949302673,"Case2005,Case2005",152.72817594278604
m7_followup2_primary_repair,550,proposal_dictionary,branch_correction_open_rate,1.0,"Case2005,Case2005",152.72817594278604
m7_followup2_primary_repair,550,proposal_dictionary,proposal_weight_mean,0.10792951285839081,"Case2005,Case2005",152.72817594278604
m7_followup2_primary_repair,550,proposal_dictionary,refiner_weight_mean,0.10415039211511612,"Case2005,Case2005",152.72817594278604
m7_followup2_primary_repair,550,proposal_dictionary,final_logit_delta_roi_abs_mean,1.5595476627349854,"Case2005,Case2005",152.72817594278604
m7_followup2_primary_repair,600,proposal_dictionary,loss,1.0715563297271729,"Case2001,Case2001",166.0044597275555
m7_followup2_primary_repair,600,proposal_dictionary,final_loss,1.0715563297271729,"Case2001,Case2001",166.0044597275555
m7_followup2_primary_repair,600,proposal_dictionary,scar_proposal_loss,0.03759332001209259,"Case2001,Case2001",166.0044597275555
m7_followup2_primary_repair,600,proposal_dictionary,edema_proposal_loss,0.07112887501716614,"Case2001,Case2001",166.0044597275555
m7_followup2_primary_repair,600,proposal_dictionary,proposal_margin_loss,0.0904160812497139,"Case2001,Case2001",166.0044597275555
m7_followup2_primary_repair,600,proposal_dictionary,semantic_retrieval_loss,0.0028260191902518272,"Case2001,Case2001",166.0044597275555
m7_followup2_primary_repair,600,proposal_dictionary,baseline_preservation_loss,0.001030256855301559,"Case2001,Case2001",166.0044597275555
m7_followup2_primary_repair,600,proposal_dictionary,correction_opportunity_loss,0.33218398690223694,"Case2001,Case2001",166.0044597275555
m7_followup2_primary_repair,600,proposal_dictionary,branch_correction_open_rate,1.0,"Case2001,Case2001",166.0044597275555
m7_followup2_primary_repair,600,proposal_dictionary,proposal_weight_mean,0.10599102824926376,"Case2001,Case2001",166.0044597275555
m7_followup2_primary_repair,600,proposal_dictionary,refiner_weight_mean,0.10143140703439713,"Case2001,Case2001",166.0044597275555
m7_followup2_primary_repair,600,proposal_dictionary,final_logit_delta_roi_abs_mean,1.563288688659668,"Case2001,Case2001",166.0044597275555
m7_followup2_primary_repair,600,proposal_dictionary,loss,,,166.71183607261628
m7_followup2_primary_repair,600,proposal_dictionary,final_loss,,,166.71183607261628
m7_followup2_primary_repair,600,proposal_dictionary,scar_proposal_loss,,,166.71183607261628
m7_followup2_primary_repair,600,proposal_dictionary,edema_proposal_loss,,,166.71183607261628
m7_followup2_primary_repair,600,proposal_dictionary,proposal_margin_loss,,,166.71183607261628
m7_followup2_primary_repair,600,proposal_dictionary,semantic_retrieval_loss,,,166.71183607261628
m7_followup2_primary_repair,600,proposal_dictionary,baseline_preservation_loss,,,166.71183607261628
m7_followup2_primary_repair,600,proposal_dictionary,correction_opportunity_loss,,,166.71183607261628
m7_followup2_primary_repair,600,proposal_dictionary,branch_correction_open_rate,,,166.71183607261628
m7_followup2_primary_repair,600,proposal_dictionary,proposal_weight_mean,,,166.71183607261628
m7_followup2_primary_repair,600,proposal_dictionary,refiner_weight_mean,,,166.71183607261628
m7_followup2_primary_repair,600,proposal_dictionary,final_logit_delta_roi_abs_mean,,,166.71183607261628
m7_followup2_primary_repair,650,proposal_dictionary,loss,1.3571640253067017,"Case2001,Case1031",180.8500811494887
m7_followup2_primary_repair,650,proposal_dictionary,final_loss,1.3571640253067017,"Case2001,Case1031",180.8500811494887
m7_followup2_primary_repair,650,proposal_dictionary,scar_proposal_loss,0.11334046721458435,"Case2001,Case1031",180.8500811494887
m7_followup2_primary_repair,650,proposal_dictionary,edema_proposal_loss,0.0968642607331276,"Case2001,Case1031",180.8500811494887
m7_followup2_primary_repair,650,proposal_dictionary,proposal_margin_loss,0.13083957135677338,"Case2001,Case1031",180.8500811494887
m7_followup2_primary_repair,650,proposal_dictionary,semantic_retrieval_loss,0.0017599224811419845,"Case2001,Case1031",180.8500811494887
m7_followup2_primary_repair,650,proposal_dictionary,baseline_preservation_loss,0.005544994957745075,"Case2001,Case1031",180.8500811494887
m7_followup2_primary_repair,650,proposal_dictionary,correction_opportunity_loss,0.6791576147079468,"Case2001,Case1031",180.8500811494887
m7_followup2_primary_repair,650,proposal_dictionary,branch_correction_open_rate,1.0,"Case2001,Case1031",180.8500811494887
m7_followup2_primary_repair,650,proposal_dictionary,proposal_weight_mean,0.08673553168773651,"Case2001,Case1031",180.8500811494887
m7_followup2_primary_repair,650,proposal_dictionary,refiner_weight_mean,0.0817384198307991,"Case2001,Case1031",180.8500811494887
m7_followup2_primary_repair,650,proposal_dictionary,final_logit_delta_roi_abs_mean,1.3089804649353027,"Case2001,Case1031",180.8500811494887
m7_followup2_primary_repair,700,proposal_dictionary,loss,0.6353142261505127,"Case2001,Case2003",194.13363872189075
m7_followup2_primary_repair,700,proposal_dictionary,final_loss,0.6353142261505127,"Case2001,Case2003",194.13363872189075
m7_followup2_primary_repair,700,proposal_dictionary,scar_proposal_loss,0.03664169833064079,"Case2001,Case2003",194.13363872189075
m7_followup2_primary_repair,700,proposal_dictionary,edema_proposal_loss,0.07163446396589279,"Case2001,Case2003",194.13363872189075
m7_followup2_primary_repair,700,proposal_dictionary,proposal_margin_loss,0.09313121438026428,"Case2001,Case2003",194.13363872189075
m7_followup2_primary_repair,700,proposal_dictionary,semantic_retrieval_loss,0.002856283215805888,"Case2001,Case2003",194.13363872189075
m7_followup2_primary_repair,700,proposal_dictionary,baseline_preservation_loss,0.0010214338544756174,"Case2001,Case2003",194.13363872189075
m7_followup2_primary_repair,700,proposal_dictionary,correction_opportunity_loss,0.3792930245399475,"Case2001,Case2003",194.13363872189075
m7_followup2_primary_repair,700,proposal_dictionary,branch_correction_open_rate,1.0,"Case2001,Case2003",194.13363872189075
m7_followup2_primary_repair,700,proposal_dictionary,proposal_weight_mean,0.0998486578464508,"Case2001,Case2003",194.13363872189075
m7_followup2_primary_repair,700,proposal_dictionary,refiner_weight_mean,0.093961201608181,"Case2001,Case2003",194.13363872189075
m7_followup2_primary_repair,700,proposal_dictionary,final_logit_delta_roi_abs_mean,1.580581545829773,"Case2001,Case2003",194.13363872189075
m7_followup2_primary_repair,720,proposal_dictionary,loss,,,200.39530553482473
m7_followup2_primary_repair,720,proposal_dictionary,final_loss,,,200.39530553482473
m7_followup2_primary_repair,720,proposal_dictionary,scar_proposal_loss,,,200.39530553482473
m7_followup2_primary_repair,720,proposal_dictionary,edema_proposal_loss,,,200.39530553482473
m7_followup2_primary_repair,720,proposal_dictionary,proposal_margin_loss,,,200.39530553482473
m7_followup2_primary_repair,720,proposal_dictionary,semantic_retrieval_loss,,,200.39530553482473
m7_followup2_primary_repair,720,proposal_dictionary,baseline_preservation_loss,,,200.39530553482473
m7_followup2_primary_repair,720,proposal_dictionary,correction_opportunity_loss,,,200.39530553482473
m7_followup2_primary_repair,720,proposal_dictionary,branch_correction_open_rate,,,200.39530553482473
m7_followup2_primary_repair,720,proposal_dictionary,proposal_weight_mean,,,200.39530553482473
m7_followup2_primary_repair,720,proposal_dictionary,refiner_weight_mean,,,200.39530553482473
m7_followup2_primary_repair,720,proposal_dictionary,final_logit_delta_roi_abs_mean,,,200.39530553482473
m7_followup2_primary_repair,750,soft_roi_refinement,loss,1.2051037549972534,"Case1022,Case2004",209.57386395521462
m7_followup2_primary_repair,750,soft_roi_refinement,final_loss,1.2051037549972534,"Case1022,Case2004",209.57386395521462
m7_followup2_primary_repair,750,soft_roi_refinement,scar_proposal_loss,0.03385945037007332,"Case1022,Case2004",209.57386395521462
m7_followup2_primary_repair,750,soft_roi_refinement,edema_proposal_loss,0.001375887542963028,"Case1022,Case2004",209.57386395521462
m7_followup2_primary_repair,750,soft_roi_refinement,proposal_margin_loss,0.10814118385314941,"Case1022,Case2004",209.57386395521462
m7_followup2_primary_repair,750,soft_roi_refinement,semantic_retrieval_loss,0.0017749055987223983,"Case1022,Case2004",209.57386395521462
m7_followup2_primary_repair,750,soft_roi_refinement,baseline_preservation_loss,0.0038565092254430056,"Case1022,Case2004",209.57386395521462
m7_followup2_primary_repair,750,soft_roi_refinement,correction_opportunity_loss,0.6094252467155457,"Case1022,Case2004",209.57386395521462
m7_followup2_primary_repair,750,soft_roi_refinement,branch_correction_open_rate,1.0,"Case1022,Case2004",209.57386395521462
m7_followup2_primary_repair,750,soft_roi_refinement,proposal_weight_mean,0.08808455616235733,"Case1022,Case2004",209.57386395521462
m7_followup2_primary_repair,750,soft_roi_refinement,refiner_weight_mean,0.08301956951618195,"Case1022,Case2004",209.57386395521462
m7_followup2_primary_repair,750,soft_roi_refinement,final_logit_delta_roi_abs_mean,1.3927063941955566,"Case1022,Case2004",209.57386395521462
m7_followup2_primary_repair,800,soft_roi_refinement,loss,0.9571636319160461,"Case1031,Case2004",223.07851744815707
m7_followup2_primary_repair,800,soft_roi_refinement,final_loss,0.9571636319160461,"Case1031,Case2004",223.07851744815707
m7_followup2_primary_repair,800,soft_roi_refinement,scar_proposal_loss,0.11030296236276627,"Case1031,Case2004",223.07851744815707
m7_followup2_primary_repair,800,soft_roi_refinement,edema_proposal_loss,0.05973992496728897,"Case1031,Case2004",223.07851744815707
m7_followup2_primary_repair,800,soft_roi_refinement,proposal_margin_loss,0.08986049890518188,"Case1031,Case2004",223.07851744815707
m7_followup2_primary_repair,800,soft_roi_refinement,semantic_retrieval_loss,0.0018291923915967345,"Case1031,Case2004",223.07851744815707
m7_followup2_primary_repair,800,soft_roi_refinement,baseline_preservation_loss,0.004905868787318468,"Case1031,Case2004",223.07851744815707
m7_followup2_primary_repair,800,soft_roi_refinement,correction_opportunity_loss,0.49142351746559143,"Case1031,Case2004",223.07851744815707
m7_followup2_primary_repair,800,soft_roi_refinement,branch_correction_open_rate,1.0,"Case1031,Case2004",223.07851744815707
m7_followup2_primary_repair,800,soft_roi_refinement,proposal_weight_mean,0.0644071102142334,"Case1031,Case2004",223.07851744815707
m7_followup2_primary_repair,800,soft_roi_refinement,refiner_weight_mean,0.06005897745490074,"Case1031,Case2004",223.07851744815707
m7_followup2_primary_repair,800,soft_roi_refinement,final_logit_delta_roi_abs_mean,1.1298043727874756,"Case1031,Case2004",223.07851744815707
m7_followup2_primary_repair,850,soft_roi_refinement,loss,0.47170335054397583,"Case2005,Case2003",236.60724550671875
m7_followup2_primary_repair,850,soft_roi_refinement,final_loss,0.47170335054397583,"Case2005,Case2003",236.60724550671875
m7_followup2_primary_repair,850,soft_roi_refinement,scar_proposal_loss,0.017086520791053772,"Case2005,Case2003",236.60724550671875
m7_followup2_primary_repair,850,soft_roi_refinement,edema_proposal_loss,0.059392280876636505,"Case2005,Case2003",236.60724550671875
m7_followup2_primary_repair,850,soft_roi_refinement,proposal_margin_loss,0.0778057798743248,"Case2005,Case2003",236.60724550671875
m7_followup2_primary_repair,850,soft_roi_refinement,semantic_retrieval_loss,0.002916155382990837,"Case2005,Case2003",236.60724550671875
m7_followup2_primary_repair,850,soft_roi_refinement,baseline_preservation_loss,0.0017342132050544024,"Case2005,Case2003",236.60724550671875
m7_followup2_primary_repair,850,soft_roi_refinement,correction_opportunity_loss,0.22988484799861908,"Case2005,Case2003",236.60724550671875
m7_followup2_primary_repair,850,soft_roi_refinement,branch_correction_open_rate,1.0,"Case2005,Case2003",236.60724550671875
m7_followup2_primary_repair,850,soft_roi_refinement,proposal_weight_mean,0.10108903795480728,"Case2005,Case2003",236.60724550671875
m7_followup2_primary_repair,850,soft_roi_refinement,refiner_weight_mean,0.09654869884252548,"Case2005,Case2003",236.60724550671875
m7_followup2_primary_repair,850,soft_roi_refinement,final_logit_delta_roi_abs_mean,1.786220669746399,"Case2005,Case2003",236.60724550671875
m7_followup2_primary_repair,900,soft_roi_refinement,loss,0.8695375919342041,"Case1024,Case2005",249.9659936381504
m7_followup2_primary_repair,900,soft_roi_refinement,final_loss,0.8695375919342041,"Case1024,Case2005",249.9659936381504
m7_followup2_primary_repair,900,soft_roi_refinement,scar_proposal_loss,0.00537680322304368,"Case1024,Case2005",249.9659936381504
m7_followup2_primary_repair,900,soft_roi_refinement,edema_proposal_loss,0.06625238806009293,"Case1024,Case2005",249.9659936381504
m7_followup2_primary_repair,900,soft_roi_refinement,proposal_margin_loss,0.0749744400382042,"Case1024,Case2005",249.9659936381504
m7_followup2_primary_repair,900,soft_roi_refinement,semantic_retrieval_loss,0.0019102477235719562,"Case1024,Case2005",249.9659936381504
m7_followup2_primary_repair,900,soft_roi_refinement,baseline_preservation_loss,0.0002781596267595887,"Case1024,Case2005",249.9659936381504
m7_followup2_primary_repair,900,soft_roi_refinement,correction_opportunity_loss,0.17204339802265167,"Case1024,Case2005",249.9659936381504
m7_followup2_primary_repair,900,soft_roi_refinement,branch_correction_open_rate,1.0,"Case1024,Case2005",249.9659936381504
m7_followup2_primary_repair,900,soft_roi_refinement,proposal_weight_mean,0.08595404773950577,"Case1024,Case2005",249.9659936381504
m7_followup2_primary_repair,900,soft_roi_refinement,refiner_weight_mean,0.08285556733608246,"Case1024,Case2005",249.9659936381504
m7_followup2_primary_repair,900,soft_roi_refinement,final_logit_delta_roi_abs_mean,1.4724611043930054,"Case1024,Case2005",249.9659936381504
m7_followup2_primary_repair,900,soft_roi_refinement,loss,,,250.79370719287544
m7_followup2_primary_repair,900,soft_roi_refinement,final_loss,,,250.79370719287544
m7_followup2_primary_repair,900,soft_roi_refinement,scar_proposal_loss,,,250.79370719287544
m7_followup2_primary_repair,900,soft_roi_refinement,edema_proposal_loss,,,250.79370719287544
m7_followup2_primary_repair,900,soft_roi_refinement,proposal_margin_loss,,,250.79370719287544
m7_followup2_primary_repair,900,soft_roi_refinement,semantic_retrieval_loss,,,250.79370719287544
m7_followup2_primary_repair,900,soft_roi_refinement,baseline_preservation_loss,,,250.79370719287544
m7_followup2_primary_repair,900,soft_roi_refinement,correction_opportunity_loss,,,250.79370719287544
m7_followup2_primary_repair,900,soft_roi_refinement,branch_correction_open_rate,,,250.79370719287544
m7_followup2_primary_repair,900,soft_roi_refinement,proposal_weight_mean,,,250.79370719287544
m7_followup2_primary_repair,900,soft_roi_refinement,refiner_weight_mean,,,250.79370719287544
m7_followup2_primary_repair,900,soft_roi_refinement,final_logit_delta_roi_abs_mean,,,250.79370719287544
m7_followup2_primary_repair,950,soft_roi_refinement,loss,0.5978452563285828,"Case2001,Case2004",264.4840599671006
m7_followup2_primary_repair,950,soft_roi_refinement,final_loss,0.5978452563285828,"Case2001,Case2004",264.4840599671006
m7_followup2_primary_repair,950,soft_roi_refinement,scar_proposal_loss,0.04084057733416557,"Case2001,Case2004",264.4840599671006
m7_followup2_primary_repair,950,soft_roi_refinement,edema_proposal_loss,0.03185080736875534,"Case2001,Case2004",264.4840599671006
m7_followup2_primary_repair,950,soft_roi_refinement,proposal_margin_loss,0.09377735108137131,"Case2001,Case2004",264.4840599671006
m7_followup2_primary_repair,950,soft_roi_refinement,semantic_retrieval_loss,0.002366796601563692,"Case2001,Case2004",264.4840599671006
m7_followup2_primary_repair,950,soft_roi_refinement,baseline_preservation_loss,0.18673104047775269,"Case2001,Case2004",264.4840599671006
m7_followup2_primary_repair,950,soft_roi_refinement,correction_opportunity_loss,0.21637332439422607,"Case2001,Case2004",264.4840599671006
m7_followup2_primary_repair,950,soft_roi_refinement,branch_correction_open_rate,1.0,"Case2001,Case2004",264.4840599671006
m7_followup2_primary_repair,950,soft_roi_refinement,proposal_weight_mean,0.11585947126150131,"Case2001,Case2004",264.4840599671006
m7_followup2_primary_repair,950,soft_roi_refinement,refiner_weight_mean,0.11304295808076859,"Case2001,Case2004",264.4840599671006
m7_followup2_primary_repair,950,soft_roi_refinement,final_logit_delta_roi_abs_mean,2.139483690261841,"Case2001,Case2004",264.4840599671006
m7_followup2_primary_repair,1000,soft_roi_refinement,loss,0.6101199984550476,"Case2004,Case2004",277.8405757173896
m7_followup2_primary_repair,1000,soft_roi_refinement,final_loss,0.6101199984550476,"Case2004,Case2004",277.8405757173896
m7_followup2_primary_repair,1000,soft_roi_refinement,scar_proposal_loss,0.05172887444496155,"Case2004,Case2004",277.8405757173896
m7_followup2_primary_repair,1000,soft_roi_refinement,edema_proposal_loss,0.04741077870130539,"Case2004,Case2004",277.8405757173896
m7_followup2_primary_repair,1000,soft_roi_refinement,proposal_margin_loss,0.07158605754375458,"Case2004,Case2004",277.8405757173896
m7_followup2_primary_repair,1000,soft_roi_refinement,semantic_retrieval_loss,0.0022662696428596973,"Case2004,Case2004",277.8405757173896
m7_followup2_primary_repair,1000,soft_roi_refinement,baseline_preservation_loss,0.06609378010034561,"Case2004,Case2004",277.8405757173896
m7_followup2_primary_repair,1000,soft_roi_refinement,correction_opportunity_loss,0.19554059207439423,"Case2004,Case2004",277.8405757173896
m7_followup2_primary_repair,1000,soft_roi_refinement,branch_correction_open_rate,1.0,"Case2004,Case2004",277.8405757173896
m7_followup2_primary_repair,1000,soft_roi_refinement,proposal_weight_mean,0.11507253348827362,"Case2004,Case2004",277.8405757173896
m7_followup2_primary_repair,1000,soft_roi_refinement,refiner_weight_mean,0.11354435980319977,"Case2004,Case2004",277.8405757173896
m7_followup2_primary_repair,1000,soft_roi_refinement,final_logit_delta_roi_abs_mean,2.1513471603393555,"Case2004,Case2004",277.8405757173896
m7_followup2_primary_repair,1050,soft_roi_refinement,loss,0.6517279744148254,"Case2003,Case1022",291.26313224062324
m7_followup2_primary_repair,1050,soft_roi_refinement,final_loss,0.6517279744148254,"Case2003,Case1022",291.26313224062324
m7_followup2_primary_repair,1050,soft_roi_refinement,scar_proposal_loss,0.036740414798259735,"Case2003,Case1022",291.26313224062324
m7_followup2_primary_repair,1050,soft_roi_refinement,edema_proposal_loss,0.03606313094496727,"Case2003,Case1022",291.26313224062324
m7_followup2_primary_repair,1050,soft_roi_refinement,proposal_margin_loss,0.08326375484466553,"Case2003,Case1022",291.26313224062324
m7_followup2_primary_repair,1050,soft_roi_refinement,semantic_retrieval_loss,0.001833175658248365,"Case2003,Case1022",291.26313224062324
m7_followup2_primary_repair,1050,soft_roi_refinement,baseline_preservation_loss,0.00474604731425643,"Case2003,Case1022",291.26313224062324
m7_followup2_primary_repair,1050,soft_roi_refinement,correction_opportunity_loss,0.1377565860748291,"Case2003,Case1022",291.26313224062324
m7_followup2_primary_repair,1050,soft_roi_refinement,branch_correction_open_rate,1.0,"Case2003,Case1022",291.26313224062324
m7_followup2_primary_repair,1050,soft_roi_refinement,proposal_weight_mean,0.07335267215967178,"Case2003,Case1022",291.26313224062324
m7_followup2_primary_repair,1050,soft_roi_refinement,refiner_weight_mean,0.07289029657840729,"Case2003,Case1022",291.26313224062324
m7_followup2_primary_repair,1050,soft_roi_refinement,final_logit_delta_roi_abs_mean,1.4212788343429565,"Case2003,Case1022",291.26313224062324
m7_followup2_primary_repair,1080,soft_roi_refinement,loss,,,299.994674555026
m7_followup2_primary_repair,1080,soft_roi_refinement,final_loss,,,299.994674555026
m7_followup2_primary_repair,1080,soft_roi_refinement,scar_proposal_loss,,,299.994674555026
m7_followup2_primary_repair,1080,soft_roi_refinement,edema_proposal_loss,,,299.994674555026
m7_followup2_primary_repair,1080,soft_roi_refinement,proposal_margin_loss,,,299.994674555026
m7_followup2_primary_repair,1080,soft_roi_refinement,semantic_retrieval_loss,,,299.994674555026
m7_followup2_primary_repair,1080,soft_roi_refinement,baseline_preservation_loss,,,299.994674555026
m7_followup2_primary_repair,1080,soft_roi_refinement,correction_opportunity_loss,,,299.994674555026
m7_followup2_primary_repair,1080,soft_roi_refinement,branch_correction_open_rate,,,299.994674555026
m7_followup2_primary_repair,1080,soft_roi_refinement,proposal_weight_mean,,,299.994674555026
m7_followup2_primary_repair,1080,soft_roi_refinement,refiner_weight_mean,,,299.994674555026
m7_followup2_primary_repair,1080,soft_roi_refinement,final_logit_delta_roi_abs_mean,,,299.994674555026
m7_followup2_primary_repair,1100,low_lr_calibration,loss,0.6290432810783386,"Case1024,Case2003",306.23890994489193
m7_followup2_primary_repair,1100,low_lr_calibration,final_loss,0.6290432810783386,"Case1024,Case2003",306.23890994489193
m7_followup2_primary_repair,1100,low_lr_calibration,scar_proposal_loss,0.06791491061449051,"Case1024,Case2003",306.23890994489193
m7_followup2_primary_repair,1100,low_lr_calibration,edema_proposal_loss,0.022860432043671608,"Case1024,Case2003",306.23890994489193
m7_followup2_primary_repair,1100,low_lr_calibration,proposal_margin_loss,0.07811553031206131,"Case1024,Case2003",306.23890994489193
m7_followup2_primary_repair,1100,low_lr_calibration,semantic_retrieval_loss,0.0018553802510723472,"Case1024,Case2003",306.23890994489193
m7_followup2_primary_repair,1100,low_lr_calibration,baseline_preservation_loss,0.002537568099796772,"Case1024,Case2003",306.23890994489193
m7_followup2_primary_repair,1100,low_lr_calibration,correction_opportunity_loss,0.4704454839229584,"Case1024,Case2003",306.23890994489193
m7_followup2_primary_repair,1100,low_lr_calibration,branch_correction_open_rate,1.0,"Case1024,Case2003",306.23890994489193
m7_followup2_primary_repair,1100,low_lr_calibration,proposal_weight_mean,0.06332848221063614,"Case1024,Case2003",306.23890994489193
m7_followup2_primary_repair,1100,low_lr_calibration,refiner_weight_mean,0.06281954050064087,"Case1024,Case2003",306.23890994489193
m7_followup2_primary_repair,1100,low_lr_calibration,final_logit_delta_roi_abs_mean,1.2904167175292969,"Case1024,Case2003",306.23890994489193
m7_followup2_primary_repair,1150,low_lr_calibration,loss,0.6183863878250122,"Case1012,Case2003",319.6887572482228
m7_followup2_primary_repair,1150,low_lr_calibration,final_loss,0.6183863878250122,"Case1012,Case2003",319.6887572482228
m7_followup2_primary_repair,1150,low_lr_calibration,scar_proposal_loss,0.022488145157694817,"Case1012,Case2003",319.6887572482228
m7_followup2_primary_repair,1150,low_lr_calibration,edema_proposal_loss,0.023873768746852875,"Case1012,Case2003",319.6887572482228
m7_followup2_primary_repair,1150,low_lr_calibration,proposal_margin_loss,0.07620351016521454,"Case1012,Case2003",319.6887572482228
m7_followup2_primary_repair,1150,low_lr_calibration,semantic_retrieval_loss,0.0018357514636591077,"Case1012,Case2003",319.6887572482228
m7_followup2_primary_repair,1150,low_lr_calibration,baseline_preservation_loss,0.003960421774536371,"Case1012,Case2003",319.6887572482228
m7_followup2_primary_repair,1150,low_lr_calibration,correction_opportunity_loss,0.19045604765415192,"Case1012,Case2003",319.6887572482228
m7_followup2_primary_repair,1150,low_lr_calibration,branch_correction_open_rate,1.0,"Case1012,Case2003",319.6887572482228
m7_followup2_primary_repair,1150,low_lr_calibration,proposal_weight_mean,0.08170698583126068,"Case1012,Case2003",319.6887572482228
m7_followup2_primary_repair,1150,low_lr_calibration,refiner_weight_mean,0.08231683820486069,"Case1012,Case2003",319.6887572482228
m7_followup2_primary_repair,1150,low_lr_calibration,final_logit_delta_roi_abs_mean,1.5832843780517578,"Case1012,Case2003",319.6887572482228
m7_followup2_primary_repair,1200,low_lr_calibration,loss,0.8968343734741211,"Case1027,Case1014",333.0773533489555
m7_followup2_primary_repair,1200,low_lr_calibration,final_loss,0.8968343734741211,"Case1027,Case1014",333.0773533489555
m7_followup2_primary_repair,1200,low_lr_calibration,scar_proposal_loss,0.10183453559875488,"Case1027,Case1014",333.0773533489555
m7_followup2_primary_repair,1200,low_lr_calibration,edema_proposal_loss,-0.0,"Case1027,Case1014",333.0773533489555
m7_followup2_primary_repair,1200,low_lr_calibration,proposal_margin_loss,0.08324425667524338,"Case1027,Case1014",333.0773533489555
m7_followup2_primary_repair,1200,low_lr_calibration,semantic_retrieval_loss,0.0019515384919941425,"Case1027,Case1014",333.0773533489555
m7_followup2_primary_repair,1200,low_lr_calibration,baseline_preservation_loss,0.003154134377837181,"Case1027,Case1014",333.0773533489555
m7_followup2_primary_repair,1200,low_lr_calibration,correction_opportunity_loss,0.7415437698364258,"Case1027,Case1014",333.0773533489555
m7_followup2_primary_repair,1200,low_lr_calibration,branch_correction_open_rate,1.0,"Case1027,Case1014",333.0773533489555
m7_followup2_primary_repair,1200,low_lr_calibration,proposal_weight_mean,0.059679631143808365,"Case1027,Case1014",333.0773533489555
m7_followup2_primary_repair,1200,low_lr_calibration,refiner_weight_mean,0.05970083549618721,"Case1027,Case1014",333.0773533489555
m7_followup2_primary_repair,1200,low_lr_calibration,final_logit_delta_roi_abs_mean,1.1056312322616577,"Case1027,Case1014",333.0773533489555
m7_followup2_primary_repair,1200,low_lr_calibration,loss,,,333.7815191335976
m7_followup2_primary_repair,1200,low_lr_calibration,final_loss,,,333.7815191335976
m7_followup2_primary_repair,1200,low_lr_calibration,scar_proposal_loss,,,333.7815191335976
m7_followup2_primary_repair,1200,low_lr_calibration,edema_proposal_loss,,,333.7815191335976
m7_followup2_primary_repair,1200,low_lr_calibration,proposal_margin_loss,,,333.7815191335976
m7_followup2_primary_repair,1200,low_lr_calibration,semantic_retrieval_loss,,,333.7815191335976
m7_followup2_primary_repair,1200,low_lr_calibration,baseline_preservation_loss,,,333.7815191335976
m7_followup2_primary_repair,1200,low_lr_calibration,correction_opportunity_loss,,,333.7815191335976
m7_followup2_primary_repair,1200,low_lr_calibration,branch_correction_open_rate,,,333.7815191335976
m7_followup2_primary_repair,1200,low_lr_calibration,proposal_weight_mean,,,333.7815191335976
m7_followup2_primary_repair,1200,low_lr_calibration,refiner_weight_mean,,,333.7815191335976
m7_followup2_primary_repair,1200,low_lr_calibration,final_logit_delta_roi_abs_mean,,,333.7815191335976
m7_followup2_primary_repair,1250,low_lr_calibration,loss,0.8336088061332703,"Case1006,Case2005",348.07388065662235
m7_followup2_primary_repair,1250,low_lr_calibration,final_loss,0.8336088061332703,"Case1006,Case2005",348.07388065662235
m7_followup2_primary_repair,1250,low_lr_calibration,scar_proposal_loss,0.09148991852998734,"Case1006,Case2005",348.07388065662235
m7_followup2_primary_repair,1250,low_lr_calibration,edema_proposal_loss,0.02844790369272232,"Case1006,Case2005",348.07388065662235
m7_followup2_primary_repair,1250,low_lr_calibration,proposal_margin_loss,0.0800701156258583,"Case1006,Case2005",348.07388065662235
m7_followup2_primary_repair,1250,low_lr_calibration,semantic_retrieval_loss,0.0018552347319200635,"Case1006,Case2005",348.07388065662235
m7_followup2_primary_repair,1250,low_lr_calibration,baseline_preservation_loss,0.005014911759644747,"Case1006,Case2005",348.07388065662235
m7_followup2_primary_repair,1250,low_lr_calibration,correction_opportunity_loss,0.513579785823822,"Case1006,Case2005",348.07388065662235
m7_followup2_primary_repair,1250,low_lr_calibration,branch_correction_open_rate,1.0,"Case1006,Case2005",348.07388065662235
m7_followup2_primary_repair,1250,low_lr_calibration,proposal_weight_mean,0.06187722086906433,"Case1006,Case2005",348.07388065662235
m7_followup2_primary_repair,1250,low_lr_calibration,refiner_weight_mean,0.06226325407624245,"Case1006,Case2005",348.07388065662235
m7_followup2_primary_repair,1250,low_lr_calibration,final_logit_delta_roi_abs_mean,1.3004122972488403,"Case1006,Case2005",348.07388065662235
m7_followup2_primary_repair,1300,low_lr_calibration,loss,0.6902952790260315,"Case2004,Case1003",361.39997552800924
m7_followup2_primary_repair,1300,low_lr_calibration,final_loss,0.6902952790260315,"Case2004,Case1003",361.39997552800924
m7_followup2_primary_repair,1300,low_lr_calibration,scar_proposal_loss,0.05045541748404503,"Case2004,Case1003",361.39997552800924
m7_followup2_primary_repair,1300,low_lr_calibration,edema_proposal_loss,0.02781972661614418,"Case2004,Case1003",361.39997552800924
m7_followup2_primary_repair,1300,low_lr_calibration,proposal_margin_loss,0.07936108112335205,"Case2004,Case1003",361.39997552800924
m7_followup2_primary_repair,1300,low_lr_calibration,semantic_retrieval_loss,0.001864512567408383,"Case2004,Case1003",361.39997552800924
m7_followup2_primary_repair,1300,low_lr_calibration,baseline_preservation_loss,0.003925785422325134,"Case2004,Case1003",361.39997552800924
m7_followup2_primary_repair,1300,low_lr_calibration,correction_opportunity_loss,0.33681976795196533,"Case2004,Case1003",361.39997552800924
m7_followup2_primary_repair,1300,low_lr_calibration,branch_correction_open_rate,1.0,"Case2004,Case1003",361.39997552800924
m7_followup2_primary_repair,1300,low_lr_calibration,proposal_weight_mean,0.07200842350721359,"Case2004,Case1003",361.39997552800924
m7_followup2_primary_repair,1300,low_lr_calibration,refiner_weight_mean,0.07337291538715363,"Case2004,Case1003",361.39997552800924
m7_followup2_primary_repair,1300,low_lr_calibration,final_logit_delta_roi_abs_mean,1.4471633434295654,"Case2004,Case1003",361.39997552800924
m7_followup2_primary_repair,1350,low_lr_calibration,loss,0.5338055491447449,"Case1022,Case2003",374.6877880981192
m7_followup2_primary_repair,1350,low_lr_calibration,final_loss,0.5338055491447449,"Case1022,Case2003",374.6877880981192
m7_followup2_primary_repair,1350,low_lr_calibration,scar_proposal_loss,0.031094346195459366,"Case1022,Case2003",374.6877880981192
m7_followup2_primary_repair,1350,low_lr_calibration,edema_proposal_loss,0.018509523943066597,"Case1022,Case2003",374.6877880981192
m7_followup2_primary_repair,1350,low_lr_calibration,proposal_margin_loss,0.07489501684904099,"Case1022,Case2003",374.6877880981192
m7_followup2_primary_repair,1350,low_lr_calibration,semantic_retrieval_loss,0.0018577295122668147,"Case1022,Case2003",374.6877880981192
m7_followup2_primary_repair,1350,low_lr_calibration,baseline_preservation_loss,0.0058297826908528805,"Case1022,Case2003",374.6877880981192
m7_followup2_primary_repair,1350,low_lr_calibration,correction_opportunity_loss,0.13430021703243256,"Case1022,Case2003",374.6877880981192
m7_followup2_primary_repair,1350,low_lr_calibration,branch_correction_open_rate,1.0,"Case1022,Case2003",374.6877880981192
m7_followup2_primary_repair,1350,low_lr_calibration,proposal_weight_mean,0.07105792313814163,"Case1022,Case2003",374.6877880981192
m7_followup2_primary_repair,1350,low_lr_calibration,refiner_weight_mean,0.07281716167926788,"Case1022,Case2003",374.6877880981192
m7_followup2_primary_repair,1350,low_lr_calibration,final_logit_delta_roi_abs_mean,1.4470874071121216,"Case1022,Case2003",374.6877880981192
m7_followup2_primary_repair,1400,low_lr_calibration,loss,0.7595788240432739,"Case1012,Case1030",388.1516469484195
m7_followup2_primary_repair,1400,low_lr_calibration,final_loss,0.7595788240432739,"Case1012,Case1030",388.1516469484195
m7_followup2_primary_repair,1400,low_lr_calibration,scar_proposal_loss,0.03763088956475258,"Case1012,Case1030",388.1516469484195
m7_followup2_primary_repair,1400,low_lr_calibration,edema_proposal_loss,-0.0,"Case1012,Case1030",388.1516469484195
m7_followup2_primary_repair,1400,low_lr_calibration,proposal_margin_loss,0.07187676429748535,"Case1012,Case1030",388.1516469484195
m7_followup2_primary_repair,1400,low_lr_calibration,semantic_retrieval_loss,0.00194688537158072,"Case1012,Case1030",388.1516469484195
m7_followup2_primary_repair,1400,low_lr_calibration,baseline_preservation_loss,0.00564278569072485,"Case1012,Case1030",388.1516469484195
m7_followup2_primary_repair,1400,low_lr_calibration,correction_opportunity_loss,0.5923537611961365,"Case1012,Case1030",388.1516469484195
m7_followup2_primary_repair,1400,low_lr_calibration,branch_correction_open_rate,1.0,"Case1012,Case1030",388.1516469484195
m7_followup2_primary_repair,1400,low_lr_calibration,proposal_weight_mean,0.05367159843444824,"Case1012,Case1030",388.1516469484195
m7_followup2_primary_repair,1400,low_lr_calibration,refiner_weight_mean,0.05467148497700691,"Case1012,Case1030",388.1516469484195
m7_followup2_primary_repair,1400,low_lr_calibration,final_logit_delta_roi_abs_mean,1.0273452997207642,"Case1012,Case1030",388.1516469484195
m7_followup2_primary_repair,1450,low_lr_calibration,loss,1.2986760139465332,"Case1015,Case2003",401.4410854158923
m7_followup2_primary_repair,1450,low_lr_calibration,final_loss,1.2986760139465332,"Case1015,Case2003",401.4410854158923
m7_followup2_primary_repair,1450,low_lr_calibration,scar_proposal_loss,0.056472379714250565,"Case1015,Case2003",401.4410854158923
m7_followup2_primary_repair,1450,low_lr_calibration,edema_proposal_loss,0.002808732446283102,"Case1015,Case2003",401.4410854158923
m7_followup2_primary_repair,1450,low_lr_calibration,proposal_margin_loss,0.04747697710990906,"Case1015,Case2003",401.4410854158923
m7_followup2_primary_repair,1450,low_lr_calibration,semantic_retrieval_loss,0.0018291356973350048,"Case1015,Case2003",401.4410854158923
m7_followup2_primary_repair,1450,low_lr_calibration,baseline_preservation_loss,0.002178862923756242,"Case1015,Case2003",401.4410854158923
m7_followup2_primary_repair,1450,low_lr_calibration,correction_opportunity_loss,0.5804314613342285,"Case1015,Case2003",401.4410854158923
m7_followup2_primary_repair,1450,low_lr_calibration,branch_correction_open_rate,1.0,"Case1015,Case2003",401.4410854158923
m7_followup2_primary_repair,1450,low_lr_calibration,proposal_weight_mean,0.07848631590604782,"Case1015,Case2003",401.4410854158923
m7_followup2_primary_repair,1450,low_lr_calibration,refiner_weight_mean,0.08164079487323761,"Case1015,Case2003",401.4410854158923
m7_followup2_primary_repair,1450,low_lr_calibration,final_logit_delta_roi_abs_mean,1.5871202945709229,"Case1015,Case2003",401.4410854158923
m7_followup2_primary_repair,1500,low_lr_calibration,loss,0.3257283568382263,"Case2001,Case2004",414.74439819995314
m7_followup2_primary_repair,1500,low_lr_calibration,final_loss,0.3257283568382263,"Case2001,Case2004",414.74439819995314
m7_followup2_primary_repair,1500,low_lr_calibration,scar_proposal_loss,0.01900019682943821,"Case2001,Case2004",414.74439819995314
m7_followup2_primary_repair,1500,low_lr_calibration,edema_proposal_loss,0.02297421731054783,"Case2001,Case2004",414.74439819995314
m7_followup2_primary_repair,1500,low_lr_calibration,proposal_margin_loss,0.07522505521774292,"Case2001,Case2004",414.74439819995314
m7_followup2_primary_repair,1500,low_lr_calibration,semantic_retrieval_loss,0.0029255375266075134,"Case2001,Case2004",414.74439819995314
m7_followup2_primary_repair,1500,low_lr_calibration,baseline_preservation_loss,0.001704377238638699,"Case2001,Case2004",414.74439819995314
m7_followup2_primary_repair,1500,low_lr_calibration,correction_opportunity_loss,0.120759516954422,"Case2001,Case2004",414.74439819995314
m7_followup2_primary_repair,1500,low_lr_calibration,branch_correction_open_rate,1.0,"Case2001,Case2004",414.74439819995314
m7_followup2_primary_repair,1500,low_lr_calibration,proposal_weight_mean,0.08307923376560211,"Case2001,Case2004",414.74439819995314
m7_followup2_primary_repair,1500,low_lr_calibration,refiner_weight_mean,0.08653755486011505,"Case2001,Case2004",414.74439819995314
m7_followup2_primary_repair,1500,low_lr_calibration,final_logit_delta_roi_abs_mean,1.8359858989715576,"Case2001,Case2004",414.74439819995314
m7_followup2_primary_repair,1550,low_lr_calibration,loss,0.2854737341403961,"Case2005,Case2003",428.03613339550793
m7_followup2_primary_repair,1550,low_lr_calibration,final_loss,0.2854737341403961,"Case2005,Case2003",428.03613339550793
m7_followup2_primary_repair,1550,low_lr_calibration,scar_proposal_loss,0.008333013392984867,"Case2005,Case2003",428.03613339550793
m7_followup2_primary_repair,1550,low_lr_calibration,edema_proposal_loss,0.018310880288481712,"Case2005,Case2003",428.03613339550793
m7_followup2_primary_repair,1550,low_lr_calibration,proposal_margin_loss,0.0681002289056778,"Case2005,Case2003",428.03613339550793
m7_followup2_primary_repair,1550,low_lr_calibration,semantic_retrieval_loss,0.0029575047083199024,"Case2005,Case2003",428.03613339550793
m7_followup2_primary_repair,1550,low_lr_calibration,baseline_preservation_loss,0.002103455364704132,"Case2005,Case2003",428.03613339550793
m7_followup2_primary_repair,1550,low_lr_calibration,correction_opportunity_loss,0.11057550460100174,"Case2005,Case2003",428.03613339550793
m7_followup2_primary_repair,1550,low_lr_calibration,branch_correction_open_rate,1.0,"Case2005,Case2003",428.03613339550793
m7_followup2_primary_repair,1550,low_lr_calibration,proposal_weight_mean,0.09149039536714554,"Case2005,Case2003",428.03613339550793
m7_followup2_primary_repair,1550,low_lr_calibration,refiner_weight_mean,0.09614290297031403,"Case2005,Case2003",428.03613339550793
m7_followup2_primary_repair,1550,low_lr_calibration,final_logit_delta_roi_abs_mean,1.9798452854156494,"Case2005,Case2003",428.03613339550793
m7_followup2_primary_repair,1600,low_lr_calibration,loss,0.8017042875289917,"Case1024,Case2001",441.36051268316805
m7_followup2_primary_repair,1600,low_lr_calibration,final_loss,0.8017042875289917,"Case1024,Case2001",441.36051268316805
m7_followup2_primary_repair,1600,low_lr_calibration,scar_proposal_loss,0.02535049058496952,"Case1024,Case2001",441.36051268316805
m7_followup2_primary_repair,1600,low_lr_calibration,edema_proposal_loss,0.024340879172086716,"Case1024,Case2001",441.36051268316805
m7_followup2_primary_repair,1600,low_lr_calibration,proposal_margin_loss,0.07965415716171265,"Case1024,Case2001",441.36051268316805
m7_followup2_primary_repair,1600,low_lr_calibration,semantic_retrieval_loss,0.001804815954528749,"Case1024,Case2001",441.36051268316805
m7_followup2_primary_repair,1600,low_lr_calibration,baseline_preservation_loss,0.0007052875007502735,"Case1024,Case2001",441.36051268316805
m7_followup2_primary_repair,1600,low_lr_calibration,correction_opportunity_loss,0.11256357282400131,"Case1024,Case2001",441.36051268316805
m7_followup2_primary_repair,1600,low_lr_calibration,branch_correction_open_rate,1.0,"Case1024,Case2001",441.36051268316805
m7_followup2_primary_repair,1600,low_lr_calibration,proposal_weight_mean,0.0747755616903305,"Case1024,Case2001",441.36051268316805
m7_followup2_primary_repair,1600,low_lr_calibration,refiner_weight_mean,0.07847105711698532,"Case1024,Case2001",441.36051268316805
m7_followup2_primary_repair,1600,low_lr_calibration,final_logit_delta_roi_abs_mean,1.5516012907028198,"Case1024,Case2001",441.36051268316805
m7_followup2_primary_repair,1650,low_lr_calibration,loss,0.7978423237800598,"Case2005,Case1012",454.78341274149716
m7_followup2_primary_repair,1650,low_lr_calibration,final_loss,0.7978423237800598,"Case2005,Case1012",454.78341274149716
m7_followup2_primary_repair,1650,low_lr_calibration,scar_proposal_loss,0.023787522688508034,"Case2005,Case1012",454.78341274149716
m7_followup2_primary_repair,1650,low_lr_calibration,edema_proposal_loss,0.013622982427477837,"Case2005,Case1012",454.78341274149716
m7_followup2_primary_repair,1650,low_lr_calibration,proposal_margin_loss,0.10446180403232574,"Case2005,Case1012",454.78341274149716
m7_followup2_primary_repair,1650,low_lr_calibration,semantic_retrieval_loss,0.001857673516497016,"Case2005,Case1012",454.78341274149716
m7_followup2_primary_repair,1650,low_lr_calibration,baseline_preservation_loss,0.004615791607648134,"Case2005,Case1012",454.78341274149716
m7_followup2_primary_repair,1650,low_lr_calibration,correction_opportunity_loss,0.305832177400589,"Case2005,Case1012",454.78341274149716
m7_followup2_primary_repair,1650,low_lr_calibration,branch_correction_open_rate,1.0,"Case2005,Case1012",454.78341274149716
m7_followup2_primary_repair,1650,low_lr_calibration,proposal_weight_mean,0.07376280426979065,"Case2005,Case1012",454.78341274149716
m7_followup2_primary_repair,1650,low_lr_calibration,refiner_weight_mean,0.07773663103580475,"Case2005,Case1012",454.78341274149716
m7_followup2_primary_repair,1650,low_lr_calibration,final_logit_delta_roi_abs_mean,1.5093746185302734,"Case2005,Case1012",454.78341274149716
m7_followup2_primary_repair,1700,low_lr_calibration,loss,0.8165504932403564,"Case1019,Case1016",468.1378008527681
m7_followup2_primary_repair,1700,low_lr_calibration,final_loss,0.8165504932403564,"Case1019,Case1016",468.1378008527681
m7_followup2_primary_repair,1700,low_lr_calibration,scar_proposal_loss,0.08907962590456009,"Case1019,Case1016",468.1378008527681
m7_followup2_primary_repair,1700,low_lr_calibration,edema_proposal_loss,-0.0,"Case1019,Case1016",468.1378008527681
m7_followup2_primary_repair,1700,low_lr_calibration,proposal_margin_loss,0.07591885328292847,"Case1019,Case1016",468.1378008527681
m7_followup2_primary_repair,1700,low_lr_calibration,semantic_retrieval_loss,0.0019519847119227052,"Case1019,Case1016",468.1378008527681
m7_followup2_primary_repair,1700,low_lr_calibration,baseline_preservation_loss,0.002528571058064699,"Case1019,Case1016",468.1378008527681
m7_followup2_primary_repair,1700,low_lr_calibration,correction_opportunity_loss,0.6433200836181641,"Case1019,Case1016",468.1378008527681
m7_followup2_primary_repair,1700,low_lr_calibration,branch_correction_open_rate,1.0,"Case1019,Case1016",468.1378008527681
m7_followup2_primary_repair,1700,low_lr_calibration,proposal_weight_mean,0.04900938645005226,"Case1019,Case1016",468.1378008527681
m7_followup2_primary_repair,1700,low_lr_calibration,refiner_weight_mean,0.050448399037122726,"Case1019,Case1016",468.1378008527681
m7_followup2_primary_repair,1700,low_lr_calibration,final_logit_delta_roi_abs_mean,0.9878132343292236,"Case1019,Case1016",468.1378008527681
m7_followup2_primary_repair,1750,low_lr_calibration,loss,0.35907989740371704,"Case2003,Case2001",481.3689221534878
m7_followup2_primary_repair,1750,low_lr_calibration,final_loss,0.35907989740371704,"Case2003,Case2001",481.3689221534878
m7_followup2_primary_repair,1750,low_lr_calibration,scar_proposal_loss,0.007620964199304581,"Case2003,Case2001",481.3689221534878
m7_followup2_primary_repair,1750,low_lr_calibration,edema_proposal_loss,0.02083868905901909,"Case2003,Case2001",481.3689221534878
m7_followup2_primary_repair,1750,low_lr_calibration,proposal_margin_loss,0.06453818082809448,"Case2003,Case2001",481.3689221534878
m7_followup2_primary_repair,1750,low_lr_calibration,semantic_retrieval_loss,0.0022370866499841213,"Case2003,Case2001",481.3689221534878
m7_followup2_primary_repair,1750,low_lr_calibration,baseline_preservation_loss,0.05743274837732315,"Case2003,Case2001",481.3689221534878
m7_followup2_primary_repair,1750,low_lr_calibration,correction_opportunity_loss,0.0987749844789505,"Case2003,Case2001",481.3689221534878
m7_followup2_primary_repair,1750,low_lr_calibration,branch_correction_open_rate,1.0,"Case2003,Case2001",481.3689221534878
m7_followup2_primary_repair,1750,low_lr_calibration,proposal_weight_mean,0.11147996038198471,"Case2003,Case2001",481.3689221534878
m7_followup2_primary_repair,1750,low_lr_calibration,refiner_weight_mean,0.1201549619436264,"Case2003,Case2001",481.3689221534878
m7_followup2_primary_repair,1750,low_lr_calibration,final_logit_delta_roi_abs_mean,2.3185205459594727,"Case2003,Case2001",481.3689221534878
m7_followup2_primary_repair,1800,low_lr_calibration,loss,0.9890637397766113,"Case1003,Case2003",494.7722333110869
m7_followup2_primary_repair,1800,low_lr_calibration,final_loss,0.9890637397766113,"Case1003,Case2003",494.7722333110869
m7_followup2_primary_repair,1800,low_lr_calibration,scar_proposal_loss,0.03499412164092064,"Case1003,Case2003",494.7722333110869
m7_followup2_primary_repair,1800,low_lr_calibration,edema_proposal_loss,0.013247906230390072,"Case1003,Case2003",494.7722333110869
m7_followup2_primary_repair,1800,low_lr_calibration,proposal_margin_loss,0.13240991532802582,"Case1003,Case2003",494.7722333110869
m7_followup2_primary_repair,1800,low_lr_calibration,semantic_retrieval_loss,0.0018944826442748308,"Case1003,Case2003",494.7722333110869
m7_followup2_primary_repair,1800,low_lr_calibration,baseline_preservation_loss,0.011302086524665356,"Case1003,Case2003",494.7722333110869
m7_followup2_primary_repair,1800,low_lr_calibration,correction_opportunity_loss,0.2366057187318802,"Case1003,Case2003",494.7722333110869
m7_followup2_primary_repair,1800,low_lr_calibration,branch_correction_open_rate,1.0,"Case1003,Case2003",494.7722333110869
m7_followup2_primary_repair,1800,low_lr_calibration,proposal_weight_mean,0.08207526057958603,"Case1003,Case2003",494.7722333110869
m7_followup2_primary_repair,1800,low_lr_calibration,refiner_weight_mean,0.08789804577827454,"Case1003,Case2003",494.7722333110869
m7_followup2_primary_repair,1800,low_lr_calibration,final_logit_delta_roi_abs_mean,1.7419319152832031,"Case1003,Case2003",494.7722333110869
m7_followup2_primary_repair,1850,low_lr_calibration,loss,0.9016249179840088,"Case1031,Case1027",508.0588961839676
m7_followup2_primary_repair,1850,low_lr_calibration,final_loss,0.9016249179840088,"Case1031,Case1027",508.0588961839676
m7_followup2_primary_repair,1850,low_lr_calibration,scar_proposal_loss,0.11903659254312515,"Case1031,Case1027",508.0588961839676
m7_followup2_primary_repair,1850,low_lr_calibration,edema_proposal_loss,-0.0,"Case1031,Case1027",508.0588961839676
m7_followup2_primary_repair,1850,low_lr_calibration,proposal_margin_loss,0.08434740453958511,"Case1031,Case1027",508.0588961839676
m7_followup2_primary_repair,1850,low_lr_calibration,semantic_retrieval_loss,0.001971774734556675,"Case1031,Case1027",508.0588961839676
m7_followup2_primary_repair,1850,low_lr_calibration,baseline_preservation_loss,0.005648658610880375,"Case1031,Case1027",508.0588961839676
m7_followup2_primary_repair,1850,low_lr_calibration,correction_opportunity_loss,0.7100943922996521,"Case1031,Case1027",508.0588961839676
m7_followup2_primary_repair,1850,low_lr_calibration,branch_correction_open_rate,1.0,"Case1031,Case1027",508.0588961839676
m7_followup2_primary_repair,1850,low_lr_calibration,proposal_weight_mean,0.03060646913945675,"Case1031,Case1027",508.0588961839676
m7_followup2_primary_repair,1850,low_lr_calibration,refiner_weight_mean,0.030406571924686432,"Case1031,Case1027",508.0588961839676
m7_followup2_primary_repair,1850,low_lr_calibration,final_logit_delta_roi_abs_mean,0.686467707157135,"Case1031,Case1027",508.0588961839676
m7_followup2_primary_repair,1900,low_lr_calibration,loss,0.6031265258789062,"Case2001,Case1001",521.6821625353768
m7_followup2_primary_repair,1900,low_lr_calibration,final_loss,0.6031265258789062,"Case2001,Case1001",521.6821625353768
m7_followup2_primary_repair,1900,low_lr_calibration,scar_proposal_loss,0.030767468735575676,"Case2001,Case1001",521.6821625353768
m7_followup2_primary_repair,1900,low_lr_calibration,edema_proposal_loss,0.023879149928689003,"Case2001,Case1001",521.6821625353768
m7_followup2_primary_repair,1900,low_lr_calibration,proposal_margin_loss,0.069586381316185,"Case2001,Case1001",521.6821625353768
m7_followup2_primary_repair,1900,low_lr_calibration,semantic_retrieval_loss,0.0010817267466336489,"Case2001,Case1001",521.6821625353768
m7_followup2_primary_repair,1900,low_lr_calibration,baseline_preservation_loss,0.0261518694460392,"Case2001,Case1001",521.6821625353768
m7_followup2_primary_repair,1900,low_lr_calibration,correction_opportunity_loss,0.1443416029214859,"Case2001,Case1001",521.6821625353768
m7_followup2_primary_repair,1900,low_lr_calibration,branch_correction_open_rate,1.0,"Case2001,Case1001",521.6821625353768
m7_followup2_primary_repair,1900,low_lr_calibration,proposal_weight_mean,0.0938820168375969,"Case2001,Case1001",521.6821625353768
m7_followup2_primary_repair,1900,low_lr_calibration,refiner_weight_mean,0.10253558307886124,"Case2001,Case1001",521.6821625353768
m7_followup2_primary_repair,1900,low_lr_calibration,final_logit_delta_roi_abs_mean,1.9219551086425781,"Case2001,Case1001",521.6821625353768
m7_followup2_primary_repair,1950,low_lr_calibration,loss,0.5483757853507996,"Case2005,Case1022",535.0498799467459
m7_followup2_primary_repair,1950,low_lr_calibration,final_loss,0.5483757853507996,"Case2005,Case1022",535.0498799467459
m7_followup2_primary_repair,1950,low_lr_calibration,scar_proposal_loss,0.04385467618703842,"Case2005,Case1022",535.0498799467459
m7_followup2_primary_repair,1950,low_lr_calibration,edema_proposal_loss,0.017857762053608894,"Case2005,Case1022",535.0498799467459
m7_followup2_primary_repair,1950,low_lr_calibration,proposal_margin_loss,0.07292511314153671,"Case2005,Case1022",535.0498799467459
m7_followup2_primary_repair,1950,low_lr_calibration,semantic_retrieval_loss,0.0018279820214956999,"Case2005,Case1022",535.0498799467459
m7_followup2_primary_repair,1950,low_lr_calibration,baseline_preservation_loss,0.005401275120675564,"Case2005,Case1022",535.0498799467459
m7_followup2_primary_repair,1950,low_lr_calibration,correction_opportunity_loss,0.11019647121429443,"Case2005,Case1022",535.0498799467459
m7_followup2_primary_repair,1950,low_lr_calibration,branch_correction_open_rate,1.0,"Case2005,Case1022",535.0498799467459
m7_followup2_primary_repair,1950,low_lr_calibration,proposal_weight_mean,0.059305742383003235,"Case2005,Case1022",535.0498799467459
m7_followup2_primary_repair,1950,low_lr_calibration,refiner_weight_mean,0.06351733952760696,"Case2005,Case1022",535.0498799467459
m7_followup2_primary_repair,1950,low_lr_calibration,final_logit_delta_roi_abs_mean,1.3555982112884521,"Case2005,Case1022",535.0498799467459
m7_followup2_primary_repair,2000,low_lr_calibration,loss,0.7760257720947266,"Case1003,Case1026",548.3485303688794
m7_followup2_primary_repair,2000,low_lr_calibration,final_loss,0.7760257720947266,"Case1003,Case1026",548.3485303688794
m7_followup2_primary_repair,2000,low_lr_calibration,scar_proposal_loss,0.049024712294340134,"Case1003,Case1026",548.3485303688794
m7_followup2_primary_repair,2000,low_lr_calibration,edema_proposal_loss,-0.0,"Case1003,Case1026",548.3485303688794
m7_followup2_primary_repair,2000,low_lr_calibration,proposal_margin_loss,0.095510333776474,"Case1003,Case1026",548.3485303688794
m7_followup2_primary_repair,2000,low_lr_calibration,semantic_retrieval_loss,0.001969819888472557,"Case1003,Case1026",548.3485303688794
m7_followup2_primary_repair,2000,low_lr_calibration,baseline_preservation_loss,0.005692532751709223,"Case1003,Case1026",548.3485303688794
m7_followup2_primary_repair,2000,low_lr_calibration,correction_opportunity_loss,0.528028130531311,"Case1003,Case1026",548.3485303688794
m7_followup2_primary_repair,2000,low_lr_calibration,branch_correction_open_rate,1.0,"Case1003,Case1026",548.3485303688794
m7_followup2_primary_repair,2000,low_lr_calibration,proposal_weight_mean,0.04339611902832985,"Case1003,Case1026",548.3485303688794
m7_followup2_primary_repair,2000,low_lr_calibration,refiner_weight_mean,0.04547452554106712,"Case1003,Case1026",548.3485303688794
m7_followup2_primary_repair,2000,low_lr_calibration,final_logit_delta_roi_abs_mean,0.9262514710426331,"Case1003,Case1026",548.3485303688794
m7_followup2_primary_repair,2050,low_lr_calibration,loss,0.3513869047164917,"Case2001,Case2005",561.7888577589765
m7_followup2_primary_repair,2050,low_lr_calibration,final_loss,0.3513869047164917,"Case2001,Case2005",561.7888577589765
m7_followup2_primary_repair,2050,low_lr_calibration,scar_proposal_loss,0.008578654378652573,"Case2001,Case2005",561.7888577589765
m7_followup2_primary_repair,2050,low_lr_calibration,edema_proposal_loss,0.020371099933981895,"Case2001,Case2005",561.7888577589765
m7_followup2_primary_repair,2050,low_lr_calibration,proposal_margin_loss,0.06877303868532181,"Case2001,Case2005",561.7888577589765
m7_followup2_primary_repair,2050,low_lr_calibration,semantic_retrieval_loss,0.002219956833869219,"Case2001,Case2005",561.7888577589765
m7_followup2_primary_repair,2050,low_lr_calibration,baseline_preservation_loss,0.06475524604320526,"Case2001,Case2005",561.7888577589765
m7_followup2_primary_repair,2050,low_lr_calibration,correction_opportunity_loss,0.10123404860496521,"Case2001,Case2005",561.7888577589765
m7_followup2_primary_repair,2050,low_lr_calibration,branch_correction_open_rate,1.0,"Case2001,Case2005",561.7888577589765
m7_followup2_primary_repair,2050,low_lr_calibration,proposal_weight_mean,0.10419787466526031,"Case2001,Case2005",561.7888577589765
m7_followup2_primary_repair,2050,low_lr_calibration,refiner_weight_mean,0.1157987043261528,"Case2001,Case2005",561.7888577589765
m7_followup2_primary_repair,2050,low_lr_calibration,final_logit_delta_roi_abs_mean,2.288557767868042,"Case2001,Case2005",561.7888577589765
m7_followup2_primary_repair,2100,low_lr_calibration,loss,0.650314211845398,"Case2004,Case1006",575.1910436954349
m7_followup2_primary_repair,2100,low_lr_calibration,final_loss,0.650314211845398,"Case2004,Case1006",575.1910436954349
m7_followup2_primary_repair,2100,low_lr_calibration,scar_proposal_loss,0.0811867043375969,"Case2004,Case1006",575.1910436954349
m7_followup2_primary_repair,2100,low_lr_calibration,edema_proposal_loss,0.016509823501110077,"Case2004,Case1006",575.1910436954349
m7_followup2_primary_repair,2100,low_lr_calibration,proposal_margin_loss,0.07162460684776306,"Case2004,Case1006",575.1910436954349
m7_followup2_primary_repair,2100,low_lr_calibration,semantic_retrieval_loss,0.0018547263462096453,"Case2004,Case1006",575.1910436954349
m7_followup2_primary_repair,2100,low_lr_calibration,baseline_preservation_loss,0.00329885957762599,"Case2004,Case1006",575.1910436954349
m7_followup2_primary_repair,2100,low_lr_calibration,correction_opportunity_loss,0.3587397038936615,"Case2004,Case1006",575.1910436954349
m7_followup2_primary_repair,2100,low_lr_calibration,branch_correction_open_rate,1.0,"Case2004,Case1006",575.1910436954349
m7_followup2_primary_repair,2100,low_lr_calibration,proposal_weight_mean,0.054691798985004425,"Case2004,Case1006",575.1910436954349
m7_followup2_primary_repair,2100,low_lr_calibration,refiner_weight_mean,0.058991506695747375,"Case2004,Case1006",575.1910436954349
m7_followup2_primary_repair,2100,low_lr_calibration,final_logit_delta_roi_abs_mean,1.2951995134353638,"Case2004,Case1006",575.1910436954349
m7_followup2_primary_repair,2150,low_lr_calibration,loss,0.31688588857650757,"Case2005,Case2001",588.7182215219364
m7_followup2_primary_repair,2150,low_lr_calibration,final_loss,0.31688588857650757,"Case2005,Case2001",588.7182215219364
m7_followup2_primary_repair,2150,low_lr_calibration,scar_proposal_loss,0.00880416575819254,"Case2005,Case2001",588.7182215219364
m7_followup2_primary_repair,2150,low_lr_calibration,edema_proposal_loss,0.018495598807930946,"Case2005,Case2001",588.7182215219364
m7_followup2_primary_repair,2150,low_lr_calibration,proposal_margin_loss,0.06760859489440918,"Case2005,Case2001",588.7182215219364
m7_followup2_primary_repair,2150,low_lr_calibration,semantic_retrieval_loss,0.0022341436706483364,"Case2005,Case2001",588.7182215219364
m7_followup2_primary_repair,2150,low_lr_calibration,baseline_preservation_loss,0.05614864081144333,"Case2005,Case2001",588.7182215219364
m7_followup2_primary_repair,2150,low_lr_calibration,correction_opportunity_loss,0.09280896186828613,"Case2005,Case2001",588.7182215219364
m7_followup2_primary_repair,2150,low_lr_calibration,branch_correction_open_rate,1.0,"Case2005,Case2001",588.7182215219364
m7_followup2_primary_repair,2150,low_lr_calibration,proposal_weight_mean,0.10416268557310104,"Case2005,Case2001",588.7182215219364
m7_followup2_primary_repair,2150,low_lr_calibration,refiner_weight_mean,0.11679685860872269,"Case2005,Case2001",588.7182215219364
m7_followup2_primary_repair,2150,low_lr_calibration,final_logit_delta_roi_abs_mean,2.2750167846679688,"Case2005,Case2001",588.7182215219364
m7_followup2_primary_repair,2200,low_lr_calibration,loss,0.7450876235961914,"Case1003,Case1019",602.1304327622056
m7_followup2_primary_repair,2200,low_lr_calibration,final_loss,0.7450876235961914,"Case1003,Case1019",602.1304327622056
m7_followup2_primary_repair,2200,low_lr_calibration,scar_proposal_loss,0.03683396801352501,"Case1003,Case1019",602.1304327622056
m7_followup2_primary_repair,2200,low_lr_calibration,edema_proposal_loss,-0.0,"Case1003,Case1019",602.1304327622056
m7_followup2_primary_repair,2200,low_lr_calibration,proposal_margin_loss,0.07752873003482819,"Case1003,Case1019",602.1304327622056
m7_followup2_primary_repair,2200,low_lr_calibration,semantic_retrieval_loss,0.0019187615253031254,"Case1003,Case1019",602.1304327622056
m7_followup2_primary_repair,2200,low_lr_calibration,baseline_preservation_loss,0.003846956416964531,"Case1003,Case1019",602.1304327622056
m7_followup2_primary_repair,2200,low_lr_calibration,correction_opportunity_loss,0.562239944934845,"Case1003,Case1019",602.1304327622056
m7_followup2_primary_repair,2200,low_lr_calibration,branch_correction_open_rate,1.0,"Case1003,Case1019",602.1304327622056
m7_followup2_primary_repair,2200,low_lr_calibration,proposal_weight_mean,0.05566783249378204,"Case1003,Case1019",602.1304327622056
m7_followup2_primary_repair,2200,low_lr_calibration,refiner_weight_mean,0.06068100407719612,"Case1003,Case1019",602.1304327622056
m7_followup2_primary_repair,2200,low_lr_calibration,final_logit_delta_roi_abs_mean,1.157530426979065,"Case1003,Case1019",602.1304327622056
m7_followup2_primary_repair,2250,low_lr_calibration,loss,1.2122169733047485,"Case2001,Case1005",615.5236874511465
m7_followup2_primary_repair,2250,low_lr_calibration,final_loss,1.2122169733047485,"Case2001,Case1005",615.5236874511465
m7_followup2_primary_repair,2250,low_lr_calibration,scar_proposal_loss,0.07084193080663681,"Case2001,Case1005",615.5236874511465
m7_followup2_primary_repair,2250,low_lr_calibration,edema_proposal_loss,6.697232311125845e-05,"Case2001,Case1005",615.5236874511465
m7_followup2_primary_repair,2250,low_lr_calibration,proposal_margin_loss,0.04898381978273392,"Case2001,Case1005",615.5236874511465
m7_followup2_primary_repair,2250,low_lr_calibration,semantic_retrieval_loss,0.001830857596360147,"Case2001,Case1005",615.5236874511465
m7_followup2_primary_repair,2250,low_lr_calibration,baseline_preservation_loss,0.0018697750056162477,"Case2001,Case1005",615.5236874511465
m7_followup2_primary_repair,2250,low_lr_calibration,correction_opportunity_loss,0.47883638739585876,"Case2001,Case1005",615.5236874511465
m7_followup2_primary_repair,2250,low_lr_calibration,branch_correction_open_rate,1.0,"Case2001,Case1005",615.5236874511465
m7_followup2_primary_repair,2250,low_lr_calibration,proposal_weight_mean,0.05390998348593712,"Case2001,Case1005",615.5236874511465
m7_followup2_primary_repair,2250,low_lr_calibration,refiner_weight_mean,0.05880766361951828,"Case2001,Case1005",615.5236874511465
m7_followup2_primary_repair,2250,low_lr_calibration,final_logit_delta_roi_abs_mean,1.233062744140625,"Case2001,Case1005",615.5236874511465
m7_followup2_primary_repair,2300,low_lr_calibration,loss,0.6932765245437622,"Case1026,Case1024",628.8240847028792
m7_followup2_primary_repair,2300,low_lr_calibration,final_loss,0.6932765245437622,"Case1026,Case1024",628.8240847028792
m7_followup2_primary_repair,2300,low_lr_calibration,scar_proposal_loss,0.07150275260210037,"Case1026,Case1024",628.8240847028792
m7_followup2_primary_repair,2300,low_lr_calibration,edema_proposal_loss,-0.0,"Case1026,Case1024",628.8240847028792
m7_followup2_primary_repair,2300,low_lr_calibration,proposal_margin_loss,0.07784099876880646,"Case1026,Case1024",628.8240847028792
m7_followup2_primary_repair,2300,low_lr_calibration,semantic_retrieval_loss,0.00196596747264266,"Case1026,Case1024",628.8240847028792
m7_followup2_primary_repair,2300,low_lr_calibration,baseline_preservation_loss,0.005413205828517675,"Case1026,Case1024",628.8240847028792
m7_followup2_primary_repair,2300,low_lr_calibration,correction_opportunity_loss,0.5020744204521179,"Case1026,Case1024",628.8240847028792
m7_followup2_primary_repair,2300,low_lr_calibration,branch_correction_open_rate,1.0,"Case1026,Case1024",628.8240847028792
m7_followup2_primary_repair,2300,low_lr_calibration,proposal_weight_mean,0.05581079050898552,"Case1026,Case1024",628.8240847028792
m7_followup2_primary_repair,2300,low_lr_calibration,refiner_weight_mean,0.06120801344513893,"Case1026,Case1024",628.8240847028792
m7_followup2_primary_repair,2300,low_lr_calibration,final_logit_delta_roi_abs_mean,1.2041493654251099,"Case1026,Case1024",628.8240847028792
m7_followup2_primary_repair,2350,low_lr_calibration,loss,1.2619212865829468,"Case1019,Case2003",642.0295667611063
m7_followup2_primary_repair,2350,low_lr_calibration,final_loss,1.2619212865829468,"Case1019,Case2003",642.0295667611063
m7_followup2_primary_repair,2350,low_lr_calibration,scar_proposal_loss,0.02064318023622036,"Case1019,Case2003",642.0295667611063
m7_followup2_primary_repair,2350,low_lr_calibration,edema_proposal_loss,0.002689937362447381,"Case1019,Case2003",642.0295667611063
m7_followup2_primary_repair,2350,low_lr_calibration,proposal_margin_loss,0.047585468739271164,"Case1019,Case2003",642.0295667611063
m7_followup2_primary_repair,2350,low_lr_calibration,semantic_retrieval_loss,0.0018516610143706203,"Case1019,Case2003",642.0295667611063
m7_followup2_primary_repair,2350,low_lr_calibration,baseline_preservation_loss,0.0024641482159495354,"Case1019,Case2003",642.0295667611063
m7_followup2_primary_repair,2350,low_lr_calibration,correction_opportunity_loss,0.4073067307472229,"Case1019,Case2003",642.0295667611063
m7_followup2_primary_repair,2350,low_lr_calibration,branch_correction_open_rate,1.0,"Case1019,Case2003",642.0295667611063
m7_followup2_primary_repair,2350,low_lr_calibration,proposal_weight_mean,0.07033112645149231,"Case1019,Case2003",642.0295667611063
m7_followup2_primary_repair,2350,low_lr_calibration,refiner_weight_mean,0.07920172810554504,"Case1019,Case2003",642.0295667611063
m7_followup2_primary_repair,2350,low_lr_calibration,final_logit_delta_roi_abs_mean,1.5720540285110474,"Case1019,Case2003",642.0295667611063
m7_followup2_primary_repair,2400,low_lr_calibration,loss,0.6454837918281555,"Case1026,Case2004",655.4507940560579
m7_followup2_primary_repair,2400,low_lr_calibration,final_loss,0.6454837918281555,"Case1026,Case2004",655.4507940560579
m7_followup2_primary_repair,2400,low_lr_calibration,scar_proposal_loss,0.05053889378905296,"Case1026,Case2004",655.4507940560579
m7_followup2_primary_repair,2400,low_lr_calibration,edema_proposal_loss,0.016097554937005043,"Case1026,Case2004",655.4507940560579
m7_followup2_primary_repair,2400,low_lr_calibration,proposal_margin_loss,0.07652810215950012,"Case1026,Case2004",655.4507940560579
m7_followup2_primary_repair,2400,low_lr_calibration,semantic_retrieval_loss,0.0019110190914943814,"Case1026,Case2004",655.4507940560579
m7_followup2_primary_repair,2400,low_lr_calibration,baseline_preservation_loss,0.004132610745728016,"Case1026,Case2004",655.4507940560579
m7_followup2_primary_repair,2400,low_lr_calibration,correction_opportunity_loss,0.15561611950397491,"Case1026,Case2004",655.4507940560579
m7_followup2_primary_repair,2400,low_lr_calibration,branch_correction_open_rate,1.0,"Case1026,Case2004",655.4507940560579
m7_followup2_primary_repair,2400,low_lr_calibration,proposal_weight_mean,0.05441966652870178,"Case1026,Case2004",655.4507940560579
m7_followup2_primary_repair,2400,low_lr_calibration,refiner_weight_mean,0.06015412136912346,"Case1026,Case2004",655.4507940560579
m7_followup2_primary_repair,2400,low_lr_calibration,final_logit_delta_roi_abs_mean,1.336978554725647,"Case1026,Case2004",655.4507940560579
m7_followup2_primary_repair,2450,low_lr_calibration,loss,0.4897797405719757,"Case2003,Case1014",668.8088483689353
m7_followup2_primary_repair,2450,low_lr_calibration,final_loss,0.4897797405719757,"Case2003,Case1014",668.8088483689353
m7_followup2_primary_repair,2450,low_lr_calibration,scar_proposal_loss,0.04834342375397682,"Case2003,Case1014",668.8088483689353
m7_followup2_primary_repair,2450,low_lr_calibration,edema_proposal_loss,0.010864556767046452,"Case2003,Case1014",668.8088483689353
m7_followup2_primary_repair,2450,low_lr_calibration,proposal_margin_loss,0.06896437704563141,"Case2003,Case1014",668.8088483689353
m7_followup2_primary_repair,2450,low_lr_calibration,semantic_retrieval_loss,0.0018127235816791654,"Case2003,Case1014",668.8088483689353
m7_followup2_primary_repair,2450,low_lr_calibration,baseline_preservation_loss,0.003835081122815609,"Case2003,Case1014",668.8088483689353
m7_followup2_primary_repair,2450,low_lr_calibration,correction_opportunity_loss,0.09787187725305557,"Case2003,Case1014",668.8088483689353
m7_followup2_primary_repair,2450,low_lr_calibration,branch_correction_open_rate,1.0,"Case2003,Case1014",668.8088483689353
m7_followup2_primary_repair,2450,low_lr_calibration,proposal_weight_mean,0.06976201385259628,"Case2003,Case1014",668.8088483689353
m7_followup2_primary_repair,2450,low_lr_calibration,refiner_weight_mean,0.0790930688381195,"Case2003,Case1014",668.8088483689353
m7_followup2_primary_repair,2450,low_lr_calibration,final_logit_delta_roi_abs_mean,1.6399574279785156,"Case2003,Case1014",668.8088483689353
m7_followup2_primary_repair,2500,low_lr_calibration,loss,0.5030289888381958,"Case1012,Case2004",682.1650388417765
m7_followup2_primary_repair,2500,low_lr_calibration,final_loss,0.5030289888381958,"Case1012,Case2004",682.1650388417765
m7_followup2_primary_repair,2500,low_lr_calibration,scar_proposal_loss,0.02193271555006504,"Case1012,Case2004",682.1650388417765
m7_followup2_primary_repair,2500,low_lr_calibration,edema_proposal_loss,0.015901079401373863,"Case1012,Case2004",682.1650388417765
m7_followup2_primary_repair,2500,low_lr_calibration,proposal_margin_loss,0.07300982624292374,"Case1012,Case2004",682.1650388417765
m7_followup2_primary_repair,2500,low_lr_calibration,semantic_retrieval_loss,0.0018401186680421233,"Case1012,Case2004",682.1650388417765
m7_followup2_primary_repair,2500,low_lr_calibration,baseline_preservation_loss,0.004339493811130524,"Case1012,Case2004",682.1650388417765
m7_followup2_primary_repair,2500,low_lr_calibration,correction_opportunity_loss,0.1381814330816269,"Case1012,Case2004",682.1650388417765
m7_followup2_primary_repair,2500,low_lr_calibration,branch_correction_open_rate,1.0,"Case1012,Case2004",682.1650388417765
m7_followup2_primary_repair,2500,low_lr_calibration,proposal_weight_mean,0.06618135422468185,"Case1012,Case2004",682.1650388417765
m7_followup2_primary_repair,2500,low_lr_calibration,refiner_weight_mean,0.07515829801559448,"Case1012,Case2004",682.1650388417765
m7_followup2_primary_repair,2500,low_lr_calibration,final_logit_delta_roi_abs_mean,1.5531423091888428,"Case1012,Case2004",682.1650388417765
m7_followup2_primary_repair,2550,low_lr_calibration,loss,0.28067663311958313,"Case2001,Case2004",695.4240175299346
m7_followup2_primary_repair,2550,low_lr_calibration,final_loss,0.28067663311958313,"Case2001,Case2004",695.4240175299346
m7_followup2_primary_repair,2550,low_lr_calibration,scar_proposal_loss,0.014474700205028057,"Case2001,Case2004",695.4240175299346
m7_followup2_primary_repair,2550,low_lr_calibration,edema_proposal_loss,0.01534644328057766,"Case2001,Case2004",695.4240175299346
m7_followup2_primary_repair,2550,low_lr_calibration,proposal_margin_loss,0.07029446214437485,"Case2001,Case2004",695.4240175299346
m7_followup2_primary_repair,2550,low_lr_calibration,semantic_retrieval_loss,0.002974821487441659,"Case2001,Case2004",695.4240175299346
m7_followup2_primary_repair,2550,low_lr_calibration,baseline_preservation_loss,0.0022194990888237953,"Case2001,Case2004",695.4240175299346
m7_followup2_primary_repair,2550,low_lr_calibration,correction_opportunity_loss,0.09789446741342545,"Case2001,Case2004",695.4240175299346
m7_followup2_primary_repair,2550,low_lr_calibration,branch_correction_open_rate,1.0,"Case2001,Case2004",695.4240175299346
m7_followup2_primary_repair,2550,low_lr_calibration,proposal_weight_mean,0.07754456251859665,"Case2001,Case2004",695.4240175299346
m7_followup2_primary_repair,2550,low_lr_calibration,refiner_weight_mean,0.08934243768453598,"Case2001,Case2004",695.4240175299346
m7_followup2_primary_repair,2550,low_lr_calibration,final_logit_delta_roi_abs_mean,1.9209760427474976,"Case2001,Case2004",695.4240175299346
m7_followup2_primary_repair,2600,low_lr_calibration,loss,0.44005081057548523,"Case1019,Case2001",708.7682141941041
m7_followup2_primary_repair,2600,low_lr_calibration,final_loss,0.44005081057548523,"Case1019,Case2001",708.7682141941041
m7_followup2_primary_repair,2600,low_lr_calibration,scar_proposal_loss,0.0061225672252476215,"Case1019,Case2001",708.7682141941041
m7_followup2_primary_repair,2600,low_lr_calibration,edema_proposal_loss,0.014620398171246052,"Case1019,Case2001",708.7682141941041
m7_followup2_primary_repair,2600,low_lr_calibration,proposal_margin_loss,0.07459220290184021,"Case1019,Case2001",708.7682141941041
m7_followup2_primary_repair,2600,low_lr_calibration,semantic_retrieval_loss,0.0018358274828642607,"Case1019,Case2001",708.7682141941041
m7_followup2_primary_repair,2600,low_lr_calibration,baseline_preservation_loss,0.0014835528563708067,"Case1019,Case2001",708.7682141941041
m7_followup2_primary_repair,2600,low_lr_calibration,correction_opportunity_loss,0.09074778109788895,"Case1019,Case2001",708.7682141941041
m7_followup2_primary_repair,2600,low_lr_calibration,branch_correction_open_rate,1.0,"Case1019,Case2001",708.7682141941041
m7_followup2_primary_repair,2600,low_lr_calibration,proposal_weight_mean,0.06526584178209305,"Case1019,Case2001",708.7682141941041
m7_followup2_primary_repair,2600,low_lr_calibration,refiner_weight_mean,0.074784055352211,"Case1019,Case2001",708.7682141941041
m7_followup2_primary_repair,2600,low_lr_calibration,final_logit_delta_roi_abs_mean,1.5164601802825928,"Case1019,Case2001",708.7682141941041
m7_followup2_primary_repair,2650,low_lr_calibration,loss,0.28560981154441833,"Case2004,Case2004",722.0317949410528
m7_followup2_primary_repair,2650,low_lr_calibration,final_loss,0.28560981154441833,"Case2004,Case2004",722.0317949410528
m7_followup2_primary_repair,2650,low_lr_calibration,scar_proposal_loss,0.01677333004772663,"Case2004,Case2004",722.0317949410528
m7_followup2_primary_repair,2650,low_lr_calibration,edema_proposal_loss,0.013435191474854946,"Case2004,Case2004",722.0317949410528
m7_followup2_primary_repair,2650,low_lr_calibration,proposal_margin_loss,0.06797172874212265,"Case2004,Case2004",722.0317949410528
m7_followup2_primary_repair,2650,low_lr_calibration,semantic_retrieval_loss,0.0029504417907446623,"Case2004,Case2004",722.0317949410528
m7_followup2_primary_repair,2650,low_lr_calibration,baseline_preservation_loss,0.0012477560667321086,"Case2004,Case2004",722.0317949410528
m7_followup2_primary_repair,2650,low_lr_calibration,correction_opportunity_loss,0.09335322678089142,"Case2004,Case2004",722.0317949410528
m7_followup2_primary_repair,2650,low_lr_calibration,branch_correction_open_rate,1.0,"Case2004,Case2004",722.0317949410528
m7_followup2_primary_repair,2650,low_lr_calibration,proposal_weight_mean,0.07696401327848434,"Case2004,Case2004",722.0317949410528
m7_followup2_primary_repair,2650,low_lr_calibration,refiner_weight_mean,0.08965659886598587,"Case2004,Case2004",722.0317949410528
m7_followup2_primary_repair,2650,low_lr_calibration,final_logit_delta_roi_abs_mean,1.9554948806762695,"Case2004,Case2004",722.0317949410528
m7_followup2_primary_repair,2700,low_lr_calibration,loss,0.4386623203754425,"Case2004,Case2005",735.3435753034428
m7_followup2_primary_repair,2700,low_lr_calibration,final_loss,0.4386623203754425,"Case2004,Case2005",735.3435753034428
m7_followup2_primary_repair,2700,low_lr_calibration,scar_proposal_loss,0.014116653241217136,"Case2004,Case2005",735.3435753034428
m7_followup2_primary_repair,2700,low_lr_calibration,edema_proposal_loss,0.021419892087578773,"Case2004,Case2005",735.3435753034428
m7_followup2_primary_repair,2700,low_lr_calibration,proposal_margin_loss,0.061385754495859146,"Case2004,Case2005",735.3435753034428
m7_followup2_primary_repair,2700,low_lr_calibration,semantic_retrieval_loss,0.00158965983428061,"Case2004,Case2005",735.3435753034428
m7_followup2_primary_repair,2700,low_lr_calibration,baseline_preservation_loss,0.0743727758526802,"Case2004,Case2005",735.3435753034428
m7_followup2_primary_repair,2700,low_lr_calibration,correction_opportunity_loss,0.08473213762044907,"Case2004,Case2005",735.3435753034428
m7_followup2_primary_repair,2700,low_lr_calibration,branch_correction_open_rate,1.0,"Case2004,Case2005",735.3435753034428
m7_followup2_primary_repair,2700,low_lr_calibration,proposal_weight_mean,0.12457142025232315,"Case2004,Case2005",735.3435753034428
m7_followup2_primary_repair,2700,low_lr_calibration,refiner_weight_mean,0.1494126170873642,"Case2004,Case2005",735.3435753034428
m7_followup2_primary_repair,2700,low_lr_calibration,final_logit_delta_roi_abs_mean,2.758389711380005,"Case2004,Case2005",735.3435753034428
m7_followup2_primary_repair,2750,low_lr_calibration,loss,0.49795597791671753,"Case1019,Case2005",748.5148044284433
m7_followup2_primary_repair,2750,low_lr_calibration,final_loss,0.49795597791671753,"Case1019,Case2005",748.5148044284433
m7_followup2_primary_repair,2750,low_lr_calibration,scar_proposal_loss,0.0029693441465497017,"Case1019,Case2005",748.5148044284433
m7_followup2_primary_repair,2750,low_lr_calibration,edema_proposal_loss,0.013790101744234562,"Case1019,Case2005",748.5148044284433
m7_followup2_primary_repair,2750,low_lr_calibration,proposal_margin_loss,0.0679079070687294,"Case1019,Case2005",748.5148044284433
m7_followup2_primary_repair,2750,low_lr_calibration,semantic_retrieval_loss,0.001807522145099938,"Case1019,Case2005",748.5148044284433
m7_followup2_primary_repair,2750,low_lr_calibration,baseline_preservation_loss,0.0005945587181486189,"Case1019,Case2005",748.5148044284433
m7_followup2_primary_repair,2750,low_lr_calibration,correction_opportunity_loss,0.0742037370800972,"Case1019,Case2005",748.5148044284433
m7_followup2_primary_repair,2750,low_lr_calibration,branch_correction_open_rate,1.0,"Case1019,Case2005",748.5148044284433
m7_followup2_primary_repair,2750,low_lr_calibration,proposal_weight_mean,0.0748339593410492,"Case1019,Case2005",748.5148044284433
m7_followup2_primary_repair,2750,low_lr_calibration,refiner_weight_mean,0.08806248009204865,"Case1019,Case2005",748.5148044284433
m7_followup2_primary_repair,2750,low_lr_calibration,final_logit_delta_roi_abs_mean,1.7670738697052002,"Case1019,Case2005",748.5148044284433
m7_followup2_primary_repair,2800,low_lr_calibration,loss,0.4761807918548584,"Case1019,Case2003",761.9496711865067
m7_followup2_primary_repair,2800,low_lr_calibration,final_loss,0.4761807918548584,"Case1019,Case2003",761.9496711865067
m7_followup2_primary_repair,2800,low_lr_calibration,scar_proposal_loss,0.009761380031704903,"Case1019,Case2003",761.9496711865067
m7_followup2_primary_repair,2800,low_lr_calibration,edema_proposal_loss,0.015067627653479576,"Case1019,Case2003",761.9496711865067
m7_followup2_primary_repair,2800,low_lr_calibration,proposal_margin_loss,0.06505662947893143,"Case1019,Case2003",761.9496711865067
m7_followup2_primary_repair,2800,low_lr_calibration,semantic_retrieval_loss,0.0011186414631083608,"Case1019,Case2003",761.9496711865067
m7_followup2_primary_repair,2800,low_lr_calibration,baseline_preservation_loss,0.03641603887081146,"Case1019,Case2003",761.9496711865067
m7_followup2_primary_repair,2800,low_lr_calibration,correction_opportunity_loss,0.09953773021697998,"Case1019,Case2003",761.9496711865067
m7_followup2_primary_repair,2800,low_lr_calibration,branch_correction_open_rate,1.0,"Case1019,Case2003",761.9496711865067
m7_followup2_primary_repair,2800,low_lr_calibration,proposal_weight_mean,0.08795297890901566,"Case1019,Case2003",761.9496711865067
m7_followup2_primary_repair,2800,low_lr_calibration,refiner_weight_mean,0.10488449037075043,"Case1019,Case2003",761.9496711865067
m7_followup2_primary_repair,2800,low_lr_calibration,final_logit_delta_roi_abs_mean,1.9828197956085205,"Case1019,Case2003",761.9496711865067
m7_followup2_primary_repair,2850,low_lr_calibration,loss,1.5429514646530151,"Case2001,Case1026",775.4286733167246
m7_followup2_primary_repair,2850,low_lr_calibration,final_loss,1.5429514646530151,"Case2001,Case1026",775.4286733167246
m7_followup2_primary_repair,2850,low_lr_calibration,scar_proposal_loss,0.025337502360343933,"Case2001,Case1026",775.4286733167246
m7_followup2_primary_repair,2850,low_lr_calibration,edema_proposal_loss,8.948227332439274e-06,"Case2001,Case1026",775.4286733167246
m7_followup2_primary_repair,2850,low_lr_calibration,proposal_margin_loss,0.07763294875621796,"Case2001,Case1026",775.4286733167246
m7_followup2_primary_repair,2850,low_lr_calibration,semantic_retrieval_loss,0.00198596203699708,"Case2001,Case1026",775.4286733167246
m7_followup2_primary_repair,2850,low_lr_calibration,baseline_preservation_loss,0.0056185112334787846,"Case2001,Case1026",775.4286733167246
m7_followup2_primary_repair,2850,low_lr_calibration,correction_opportunity_loss,0.6987190842628479,"Case2001,Case1026",775.4286733167246
m7_followup2_primary_repair,2850,low_lr_calibration,branch_correction_open_rate,1.0,"Case2001,Case1026",775.4286733167246
m7_followup2_primary_repair,2850,low_lr_calibration,proposal_weight_mean,0.05772583931684494,"Case2001,Case1026",775.4286733167246
m7_followup2_primary_repair,2850,low_lr_calibration,refiner_weight_mean,0.0671745240688324,"Case2001,Case1026",775.4286733167246
m7_followup2_primary_repair,2850,low_lr_calibration,final_logit_delta_roi_abs_mean,1.3374367952346802,"Case2001,Case1026",775.4286733167246
m7_followup2_primary_repair,2900,low_lr_calibration,loss,0.7634965777397156,"Case1019,Case1004",788.916810802184
m7_followup2_primary_repair,2900,low_lr_calibration,final_loss,0.7634965777397156,"Case1019,Case1004",788.916810802184
m7_followup2_primary_repair,2900,low_lr_calibration,scar_proposal_loss,0.07029188424348831,"Case1019,Case1004",788.916810802184
m7_followup2_primary_repair,2900,low_lr_calibration,edema_proposal_loss,-0.0,"Case1019,Case1004",788.916810802184
m7_followup2_primary_repair,2900,low_lr_calibration,proposal_margin_loss,0.08529102057218552,"Case1019,Case1004",788.916810802184
m7_followup2_primary_repair,2900,low_lr_calibration,semantic_retrieval_loss,0.0019711502827703953,"Case1019,Case1004",788.916810802184
m7_followup2_primary_repair,2900,low_lr_calibration,baseline_preservation_loss,0.004400073550641537,"Case1019,Case1004",788.916810802184
m7_followup2_primary_repair,2900,low_lr_calibration,correction_opportunity_loss,0.57793790102005,"Case1019,Case1004",788.916810802184
m7_followup2_primary_repair,2900,low_lr_calibration,branch_correction_open_rate,1.0,"Case1019,Case1004",788.916810802184
m7_followup2_primary_repair,2900,low_lr_calibration,proposal_weight_mean,0.04055290296673775,"Case1019,Case1004",788.916810802184
m7_followup2_primary_repair,2900,low_lr_calibration,refiner_weight_mean,0.045558832585811615,"Case1019,Case1004",788.916810802184
m7_followup2_primary_repair,2900,low_lr_calibration,final_logit_delta_roi_abs_mean,0.9672197699546814,"Case1019,Case1004",788.916810802184
m7_followup2_primary_repair,2950,low_lr_calibration,loss,0.46864500641822815,"Case1028,Case2001",802.2470497945324
m7_followup2_primary_repair,2950,low_lr_calibration,final_loss,0.46864500641822815,"Case1028,Case2001",802.2470497945324
m7_followup2_primary_repair,2950,low_lr_calibration,scar_proposal_loss,0.05306682735681534,"Case1028,Case2001",802.2470497945324
m7_followup2_primary_repair,2950,low_lr_calibration,edema_proposal_loss,0.013207964599132538,"Case1028,Case2001",802.2470497945324
m7_followup2_primary_repair,2950,low_lr_calibration,proposal_margin_loss,0.08100316673517227,"Case1028,Case2001",802.2470497945324
m7_followup2_primary_repair,2950,low_lr_calibration,semantic_retrieval_loss,0.001795076415874064,"Case1028,Case2001",802.2470497945324
m7_followup2_primary_repair,2950,low_lr_calibration,baseline_preservation_loss,0.0034563555382192135,"Case1028,Case2001",802.2470497945324
m7_followup2_primary_repair,2950,low_lr_calibration,correction_opportunity_loss,0.26746082305908203,"Case1028,Case2001",802.2470497945324
m7_followup2_primary_repair,2950,low_lr_calibration,branch_correction_open_rate,1.0,"Case1028,Case2001",802.2470497945324
m7_followup2_primary_repair,2950,low_lr_calibration,proposal_weight_mean,0.06783891469240189,"Case1028,Case2001",802.2470497945324
m7_followup2_primary_repair,2950,low_lr_calibration,refiner_weight_mean,0.08031975477933884,"Case1028,Case2001",802.2470497945324
m7_followup2_primary_repair,2950,low_lr_calibration,final_logit_delta_roi_abs_mean,1.7139707803726196,"Case1028,Case2001",802.2470497945324
m7_followup2_primary_repair,3000,low_lr_calibration,loss,0.4782513678073883,"Case1015,Case2003",815.5618615727872
m7_followup2_primary_repair,3000,low_lr_calibration,final_loss,0.4782513678073883,"Case1015,Case2003",815.5618615727872
m7_followup2_primary_repair,3000,low_lr_calibration,scar_proposal_loss,0.06230916827917099,"Case1015,Case2003",815.5618615727872
m7_followup2_primary_repair,3000,low_lr_calibration,edema_proposal_loss,0.0072079552337527275,"Case1015,Case2003",815.5618615727872
m7_followup2_primary_repair,3000,low_lr_calibration,proposal_margin_loss,0.06707320362329483,"Case1015,Case2003",815.5618615727872
m7_followup2_primary_repair,3000,low_lr_calibration,semantic_retrieval_loss,0.0018326970748603344,"Case1015,Case2003",815.5618615727872
m7_followup2_primary_repair,3000,low_lr_calibration,baseline_preservation_loss,0.0023468693252652884,"Case1015,Case2003",815.5618615727872
m7_followup2_primary_repair,3000,low_lr_calibration,correction_opportunity_loss,0.13663436472415924,"Case1015,Case2003",815.5618615727872
m7_followup2_primary_repair,3000,low_lr_calibration,branch_correction_open_rate,1.0,"Case1015,Case2003",815.5618615727872
m7_followup2_primary_repair,3000,low_lr_calibration,proposal_weight_mean,0.06836256384849548,"Case1015,Case2003",815.5618615727872
m7_followup2_primary_repair,3000,low_lr_calibration,refiner_weight_mean,0.08111392706632614,"Case1015,Case2003",815.5618615727872
m7_followup2_primary_repair,3000,low_lr_calibration,final_logit_delta_roi_abs_mean,1.6594923734664917,"Case1015,Case2003",815.5618615727872
m7_followup2_primary_repair,3050,low_lr_calibration,loss,0.4475574791431427,"Case1016,Case2005",829.1034903125837
m7_followup2_primary_repair,3050,low_lr_calibration,final_loss,0.4475574791431427,"Case1016,Case2005",829.1034903125837
m7_followup2_primary_repair,3050,low_lr_calibration,scar_proposal_loss,0.008812918327748775,"Case1016,Case2005",829.1034903125837
m7_followup2_primary_repair,3050,low_lr_calibration,edema_proposal_loss,0.01089593954384327,"Case1016,Case2005",829.1034903125837
m7_followup2_primary_repair,3050,low_lr_calibration,proposal_margin_loss,0.0673806294798851,"Case1016,Case2005",829.1034903125837
m7_followup2_primary_repair,3050,low_lr_calibration,semantic_retrieval_loss,0.001884255325421691,"Case1016,Case2005",829.1034903125837
m7_followup2_primary_repair,3050,low_lr_calibration,baseline_preservation_loss,0.0008966088062152267,"Case1016,Case2005",829.1034903125837
m7_followup2_primary_repair,3050,low_lr_calibration,correction_opportunity_loss,0.07588192820549011,"Case1016,Case2005",829.1034903125837
m7_followup2_primary_repair,3050,low_lr_calibration,branch_correction_open_rate,1.0,"Case1016,Case2005",829.1034903125837
m7_followup2_primary_repair,3050,low_lr_calibration,proposal_weight_mean,0.08414222300052643,"Case1016,Case2005",829.1034903125837
m7_followup2_primary_repair,3050,low_lr_calibration,refiner_weight_mean,0.1014135330915451,"Case1016,Case2005",829.1034903125837
m7_followup2_primary_repair,3050,low_lr_calibration,final_logit_delta_roi_abs_mean,1.9811793565750122,"Case1016,Case2005",829.1034903125837
m7_followup2_primary_repair,3100,low_lr_calibration,loss,0.807116687297821,"Case1024,Case2003",842.3865499161184
m7_followup2_primary_repair,3100,low_lr_calibration,final_loss,0.807116687297821,"Case1024,Case2003",842.3865499161184
m7_followup2_primary_repair,3100,low_lr_calibration,scar_proposal_loss,0.058470677584409714,"Case1024,Case2003",842.3865499161184
m7_followup2_primary_repair,3100,low_lr_calibration,edema_proposal_loss,0.002062327228486538,"Case1024,Case2003",842.3865499161184
m7_followup2_primary_repair,3100,low_lr_calibration,proposal_margin_loss,0.06778419017791748,"Case1024,Case2003",842.3865499161184
m7_followup2_primary_repair,3100,low_lr_calibration,semantic_retrieval_loss,0.001839158940128982,"Case1024,Case2003",842.3865499161184
m7_followup2_primary_repair,3100,low_lr_calibration,baseline_preservation_loss,0.001967963296920061,"Case1024,Case2003",842.3865499161184
m7_followup2_primary_repair,3100,low_lr_calibration,correction_opportunity_loss,0.4331924021244049,"Case1024,Case2003",842.3865499161184
m7_followup2_primary_repair,3100,low_lr_calibration,branch_correction_open_rate,1.0,"Case1024,Case2003",842.3865499161184
m7_followup2_primary_repair,3100,low_lr_calibration,proposal_weight_mean,0.05501642823219299,"Case1024,Case2003",842.3865499161184
m7_followup2_primary_repair,3100,low_lr_calibration,refiner_weight_mean,0.0646347776055336,"Case1024,Case2003",842.3865499161184
m7_followup2_primary_repair,3100,low_lr_calibration,final_logit_delta_roi_abs_mean,1.3986698389053345,"Case1024,Case2003",842.3865499161184
m7_followup2_primary_repair,3150,low_lr_calibration,loss,0.25278595089912415,"Case2003,Case2004",855.9172467533499
m7_followup2_primary_repair,3150,low_lr_calibration,final_loss,0.25278595089912415,"Case2003,Case2004",855.9172467533499
m7_followup2_primary_repair,3150,low_lr_calibration,scar_proposal_loss,0.009160274639725685,"Case2003,Case2004",855.9172467533499
m7_followup2_primary_repair,3150,low_lr_calibration,edema_proposal_loss,0.01742546074092388,"Case2003,Case2004",855.9172467533499
m7_followup2_primary_repair,3150,low_lr_calibration,proposal_margin_loss,0.06310413777828217,"Case2003,Case2004",855.9172467533499
m7_followup2_primary_repair,3150,low_lr_calibration,semantic_retrieval_loss,0.0030141721945255995,"Case2003,Case2004",855.9172467533499
m7_followup2_primary_repair,3150,low_lr_calibration,baseline_preservation_loss,0.0023366131354123354,"Case2003,Case2004",855.9172467533499
m7_followup2_primary_repair,3150,low_lr_calibration,correction_opportunity_loss,0.06142454594373703,"Case2003,Case2004",855.9172467533499
m7_followup2_primary_repair,3150,low_lr_calibration,branch_correction_open_rate,1.0,"Case2003,Case2004",855.9172467533499
m7_followup2_primary_repair,3150,low_lr_calibration,proposal_weight_mean,0.07846985012292862,"Case2003,Case2004",855.9172467533499
m7_followup2_primary_repair,3150,low_lr_calibration,refiner_weight_mean,0.09537810832262039,"Case2003,Case2004",855.9172467533499
m7_followup2_primary_repair,3150,low_lr_calibration,final_logit_delta_roi_abs_mean,2.0414183139801025,"Case2003,Case2004",855.9172467533499
m7_followup2_primary_repair,3200,low_lr_calibration,loss,0.6783237457275391,"Case2005,Case2005",869.2551290243864
m7_followup2_primary_repair,3200,low_lr_calibration,final_loss,0.6783237457275391,"Case2005,Case2005",869.2551290243864
m7_followup2_primary_repair,3200,low_lr_calibration,scar_proposal_loss,0.003322022734209895,"Case2005,Case2005",869.2551290243864
m7_followup2_primary_repair,3200,low_lr_calibration,edema_proposal_loss,0.005947679281234741,"Case2005,Case2005",869.2551290243864
m7_followup2_primary_repair,3200,low_lr_calibration,proposal_margin_loss,0.07184602320194244,"Case2005,Case2005",869.2551290243864
m7_followup2_primary_repair,3200,low_lr_calibration,semantic_retrieval_loss,0.0029759614262729883,"Case2005,Case2005",869.2551290243864
m7_followup2_primary_repair,3200,low_lr_calibration,baseline_preservation_loss,0.0005185405607335269,"Case2005,Case2005",869.2551290243864
m7_followup2_primary_repair,3200,low_lr_calibration,correction_opportunity_loss,0.0959259495139122,"Case2005,Case2005",869.2551290243864
m7_followup2_primary_repair,3200,low_lr_calibration,branch_correction_open_rate,1.0,"Case2005,Case2005",869.2551290243864
m7_followup2_primary_repair,3200,low_lr_calibration,proposal_weight_mean,0.0839364156126976,"Case2005,Case2005",869.2551290243864
m7_followup2_primary_repair,3200,low_lr_calibration,refiner_weight_mean,0.10305548459291458,"Case2005,Case2005",869.2551290243864
m7_followup2_primary_repair,3200,low_lr_calibration,final_logit_delta_roi_abs_mean,2.133641004562378,"Case2005,Case2005",869.2551290243864
m7_followup2_primary_repair,3250,low_lr_calibration,loss,0.23313866555690765,"Case2003,Case2003",882.6915611391887
m7_followup2_primary_repair,3250,low_lr_calibration,final_loss,0.23313866555690765,"Case2003,Case2003",882.6915611391887
m7_followup2_primary_repair,3250,low_lr_calibration,scar_proposal_loss,0.003015699563547969,"Case2003,Case2003",882.6915611391887
m7_followup2_primary_repair,3250,low_lr_calibration,edema_proposal_loss,0.009591049514710903,"Case2003,Case2003",882.6915611391887
m7_followup2_primary_repair,3250,low_lr_calibration,proposal_margin_loss,0.06034986302256584,"Case2003,Case2003",882.6915611391887
m7_followup2_primary_repair,3250,low_lr_calibration,semantic_retrieval_loss,0.0023657302372157574,"Case2003,Case2003",882.6915611391887
m7_followup2_primary_repair,3250,low_lr_calibration,baseline_preservation_loss,0.050860438495874405,"Case2003,Case2003",882.6915611391887
m7_followup2_primary_repair,3250,low_lr_calibration,correction_opportunity_loss,0.05575880780816078,"Case2003,Case2003",882.6915611391887
m7_followup2_primary_repair,3250,low_lr_calibration,branch_correction_open_rate,1.0,"Case2003,Case2003",882.6915611391887
m7_followup2_primary_repair,3250,low_lr_calibration,proposal_weight_mean,0.1013837605714798,"Case2003,Case2003",882.6915611391887
m7_followup2_primary_repair,3250,low_lr_calibration,refiner_weight_mean,0.12600311636924744,"Case2003,Case2003",882.6915611391887
m7_followup2_primary_repair,3250,low_lr_calibration,final_logit_delta_roi_abs_mean,2.4527642726898193,"Case2003,Case2003",882.6915611391887
m7_followup2_primary_repair,3300,low_lr_calibration,loss,0.39029091596603394,"Case1012,Case2003",896.0005691181868
m7_followup2_primary_repair,3300,low_lr_calibration,final_loss,0.39029091596603394,"Case1012,Case2003",896.0005691181868
m7_followup2_primary_repair,3300,low_lr_calibration,scar_proposal_loss,0.013308596797287464,"Case1012,Case2003",896.0005691181868
m7_followup2_primary_repair,3300,low_lr_calibration,edema_proposal_loss,-0.0,"Case1012,Case2003",896.0005691181868
m7_followup2_primary_repair,3300,low_lr_calibration,proposal_margin_loss,0.06390588730573654,"Case1012,Case2003",896.0005691181868
m7_followup2_primary_repair,3300,low_lr_calibration,semantic_retrieval_loss,0.0024414146319031715,"Case1012,Case2003",896.0005691181868
m7_followup2_primary_repair,3300,low_lr_calibration,baseline_preservation_loss,0.1278248429298401,"Case1012,Case2003",896.0005691181868
m7_followup2_primary_repair,3300,low_lr_calibration,correction_opportunity_loss,0.1336931586265564,"Case1012,Case2003",896.0005691181868
m7_followup2_primary_repair,3300,low_lr_calibration,branch_correction_open_rate,1.0,"Case1012,Case2003",896.0005691181868
m7_followup2_primary_repair,3300,low_lr_calibration,proposal_weight_mean,0.08569971472024918,"Case1012,Case2003",896.0005691181868
m7_followup2_primary_repair,3300,low_lr_calibration,refiner_weight_mean,0.10597522556781769,"Case1012,Case2003",896.0005691181868
m7_followup2_primary_repair,3300,low_lr_calibration,final_logit_delta_roi_abs_mean,2.095346450805664,"Case1012,Case2003",896.0005691181868
