path,ignore_rule
docker/CARE2026_Myocardium/MyoPS/care_ase_vendor/data/.gitkeep,
docs/archive/SERVER.md,
docs/archive/final_sprint_system_audit_20260619.md,
docs/archive/presentation/laneA_nnunet_baseline_improvements_05-25.md,
prompts/archive/CARE_Challenge_Analysis.md,
prompts/archive/DeepResearch/20260620_R2_CARE_method_story_prompt.md,
prompts/archive/DeepResearch/DeepResearch_prompt.md,
prompts/archive/LaneA/round10.md,
prompts/archive/LaneA/round15.md,
prompts/archive/LaneA/round16.md,
prompts/archive/LaneA/round17.md,
prompts/archive/LaneA/round9.md,
results/20260620_cinema_adapter_pilot/MANIFEST.md,
results/20260620_cinema_adapter_pilot/result.md,
results/20260620_cinema_adapter_pilot/review.md,
results/20260620_t2_edema_pilot/MANIFEST.md,
results/20260620_t2_edema_pilot/result.md,
results/20260620_t2_edema_pilot/review.md,
results/20260621_srr_fold0/MANIFEST.md,
results/20260621_srr_fold0/component_hd_by_case.csv,
results/20260621_srr_fold0/decision.md,
results/20260621_srr_fold0/metrics_summary.md,
results/20260621_srr_fold0/result.md,
results/20260621_srr_fold0/retrieval_usage.md,
results/20260621_srr_fold0/setup.md,
results/20260621_srr_fold0/subgroup_metrics.csv,
results/20260621_srr_fold0/variants/conditional_dualhead_control/component_hd_by_case.csv,
results/20260621_srr_fold0/variants/conditional_dualhead_control/subgroup_metrics.csv,
results/20260621_srr_fold0/variants/conditional_dualhead_control/summary.json,
results/20260621_srr_fold0/variants/conditional_dualhead_control/summary.md,
results/20260621_srr_fold0/variants/conditional_dualhead_control/training_log.csv,
results/20260621_srr_fold0/variants/srr_minimal/component_hd_by_case.csv,
results/20260621_srr_fold0/variants/srr_minimal/subgroup_metrics.csv,
results/20260621_srr_fold0/variants/srr_minimal/summary.json,
results/20260621_srr_fold0/variants/srr_minimal/summary.md,
results/20260621_srr_fold0/variants/srr_minimal/training_log.csv,
results/20260621_srr_goal/MANIFEST.md,
results/20260621_srr_goal/coordinator/README.md,
results/20260621_srr_goal/coordinator/cine_prompt.md,
results/20260621_srr_goal/coordinator/launch_cine_retrieval.sh,
results/20260621_srr_goal/coordinator/launch_main_goal.sh,
results/20260621_srr_goal/coordinator/main_goal_prompt.md,
results/20260621_srr_goal/coordinator/monitor_fold0_jobs.sh,
results/20260621_srr_goal/final_status.md,
results/20260621_srr_goal/progress.md,
results/20260621_srr_goal/result.md,
results/20260621_srr_spec/MANIFEST.md,
results/20260621_srr_spec/Result4.txt,
results/20260621_srr_spec/architecture_contract.md,
results/20260621_srr_spec/architecture_contract.yaml,
results/20260621_srr_spec/one_batch_smoke.json,
results/20260621_srr_spec/result.md,
results/20260621_srr_spec/smoke_report.md,
results/20260621_srr_spec/test_summary.md,
results/20260625_cine_geometry/MANIFEST.md,
results/20260625_cine_geometry/case_metrics.csv,
results/20260625_cine_geometry/crop_roundtrip.csv,
results/20260625_cine_geometry/decision.md,
results/20260625_cine_geometry/geometry_audit.md,
results/20260625_cine_geometry/metrics_summary.md,
results/20260625_cine_geometry/mismatch_cases.csv,
results/20260625_cine_geometry/result.md,
results/20260625_cine_geometry/safe_cases.csv,
results/20260625_fast_goal/MANIFEST.md,
results/20260625_fast_goal/final_status.md,
results/20260625_fast_goal/progress.md,
results/20260625_fast_goal/result.md,
results/20260625_srr_recovery/component_hd_by_case.csv,
results/20260625_srr_recovery/decision.md,
results/20260625_srr_recovery/metrics_summary.md,
results/20260625_srr_recovery/retrieval_usage.md,
results/20260625_srr_recovery/root_cause.md,
results/20260625_srr_recovery/subgroup_metrics.csv,
results/20260625_srr_recovery/variants/srr_expert_dropout/component_hd_by_case.csv,
results/20260625_srr_recovery/variants/srr_expert_dropout/subgroup_metrics.csv,
results/20260625_srr_recovery/variants/srr_expert_dropout/summary.json,
results/20260625_srr_recovery/variants/srr_expert_dropout/summary.md,
results/20260625_srr_recovery/variants/srr_expert_dropout/training_log.csv,
results/20260625_srr_recovery/variants/srr_soft_entropy/component_hd_by_case.csv,
results/20260625_srr_recovery/variants/srr_soft_entropy/subgroup_metrics.csv,
results/20260625_srr_recovery/variants/srr_soft_entropy/summary.json,
results/20260625_srr_recovery/variants/srr_soft_entropy/summary.md,
results/20260625_srr_recovery/variants/srr_soft_entropy/training_log.csv,
results/20260625_srr_recovery/variants/srr_task_tempered/component_hd_by_case.csv,
results/20260625_srr_recovery/variants/srr_task_tempered/subgroup_metrics.csv,
results/20260625_srr_recovery/variants/srr_task_tempered/summary.json,
results/20260625_srr_recovery/variants/srr_task_tempered/summary.md,
results/20260625_srr_recovery/variants/srr_task_tempered/training_log.csv,
results/20260625_srr_rescue_ablate/MANIFEST.md,
results/20260625_srr_rescue_ablate/ablation_matrix.csv,
results/20260625_srr_rescue_ablate/component_hd_by_case.csv,
results/20260625_srr_rescue_ablate/efficiency.csv,
results/20260625_srr_rescue_ablate/metrics_summary.md,
results/20260625_srr_rescue_ablate/model_selection.md,
results/20260625_srr_rescue_ablate/result.md,
results/20260625_srr_rescue_ablate/retrieval_diagnostics.csv,
results/20260625_srr_rescue_ablate/subgroup_metrics.csv,
results/20260625_srr_rescue_ablate/variants/late_fusion_no_dictionary/component_hd_by_case.csv,
results/20260625_srr_rescue_ablate/variants/late_fusion_no_dictionary/subgroup_metrics.csv,
results/20260625_srr_rescue_ablate/variants/late_fusion_no_dictionary/summary.json,
results/20260625_srr_rescue_ablate/variants/late_fusion_no_dictionary/summary.md,
results/20260625_srr_rescue_ablate/variants/late_fusion_no_dictionary/training_log.csv,
results/20260625_srr_rescue_ablate/variants/retrieval_no_sip_or_weak_sip/component_hd_by_case.csv,
results/20260625_srr_rescue_ablate/variants/retrieval_no_sip_or_weak_sip/subgroup_metrics.csv,
results/20260625_srr_rescue_ablate/variants/retrieval_no_sip_or_weak_sip/summary.json,
results/20260625_srr_rescue_ablate/variants/retrieval_no_sip_or_weak_sip/summary.md,
results/20260625_srr_rescue_ablate/variants/retrieval_no_sip_or_weak_sip/training_log.csv,
results/20260626_cine_temporal/MANIFEST.md,
results/20260626_cine_temporal/case_metrics.csv,
results/20260626_cine_temporal/decision.md,
results/20260626_cine_temporal/failure_interpretation.md,
results/20260626_cine_temporal/frame_retrieval.csv,
results/20260626_cine_temporal/metrics_summary.md,
results/20260626_cine_temporal/result.md,
results/20260626_cine_temporal/safe_split.md,
results/20260626_cine_temporal/summary_metrics.csv,
results/20260626_dict_bank/MANIFEST.md,
results/20260626_dict_bank/component_hd_by_case.csv,
results/20260626_dict_bank/decision.md,
results/20260626_dict_bank/dictionary_usage.md,
results/20260626_dict_bank/failure_interpretation.md,
results/20260626_dict_bank/metrics_summary.md,
results/20260626_dict_bank/preflight/variants/anchor_guided_dictionary/summary.json,
results/20260626_dict_bank/preflight/variants/anchor_guided_dictionary/summary.md,
results/20260626_dict_bank/preflight/variants/anchor_guided_dictionary/training_log.csv,
results/20260626_dict_bank/preflight/variants/cross_modal_interaction_dictionary/summary.json,
results/20260626_dict_bank/preflight/variants/cross_modal_interaction_dictionary/summary.md,
results/20260626_dict_bank/preflight/variants/cross_modal_interaction_dictionary/training_log.csv,
results/20260626_dict_bank/preflight/variants/hierarchical_router_dictionary/summary.json,
results/20260626_dict_bank/preflight/variants/hierarchical_router_dictionary/summary.md,
results/20260626_dict_bank/preflight/variants/hierarchical_router_dictionary/training_log.csv,
results/20260626_dict_bank/preflight/variants/multiscale_dictionary/summary.json,
results/20260626_dict_bank/preflight/variants/multiscale_dictionary/summary.md,
results/20260626_dict_bank/preflight/variants/multiscale_dictionary/training_log.csv,
results/20260626_dict_bank/preflight/variants/task_specific_dictionary/summary.json,
results/20260626_dict_bank/preflight/variants/task_specific_dictionary/summary.md,
results/20260626_dict_bank/preflight/variants/task_specific_dictionary/training_log.csv,
results/20260626_dict_bank/result.md,
results/20260626_dict_bank/selection.md,
results/20260626_dict_bank/subgroup_metrics.csv,
results/20260626_dict_bank/variant_matrix.md,
results/20260626_dict_bank/variants/anchor_guided_dictionary/component_hd_by_case.csv,
results/20260626_dict_bank/variants/anchor_guided_dictionary/subgroup_metrics.csv,
results/20260626_dict_bank/variants/anchor_guided_dictionary/summary.json,
results/20260626_dict_bank/variants/anchor_guided_dictionary/summary.md,
results/20260626_dict_bank/variants/anchor_guided_dictionary/training_log.csv,
results/20260626_dict_bank/variants/cross_modal_interaction_dictionary/component_hd_by_case.csv,
results/20260626_dict_bank/variants/cross_modal_interaction_dictionary/subgroup_metrics.csv,
results/20260626_dict_bank/variants/cross_modal_interaction_dictionary/summary.json,
results/20260626_dict_bank/variants/cross_modal_interaction_dictionary/summary.md,
results/20260626_dict_bank/variants/cross_modal_interaction_dictionary/training_log.csv,
results/20260626_dict_bank/variants/hierarchical_router_dictionary/component_hd_by_case.csv,
results/20260626_dict_bank/variants/hierarchical_router_dictionary/subgroup_metrics.csv,
results/20260626_dict_bank/variants/hierarchical_router_dictionary/summary.json,
results/20260626_dict_bank/variants/hierarchical_router_dictionary/summary.md,
results/20260626_dict_bank/variants/hierarchical_router_dictionary/training_log.csv,
results/20260626_dict_bank/variants/multiscale_dictionary/component_hd_by_case.csv,
results/20260626_dict_bank/variants/multiscale_dictionary/subgroup_metrics.csv,
results/20260626_dict_bank/variants/multiscale_dictionary/summary.json,
results/20260626_dict_bank/variants/multiscale_dictionary/summary.md,
results/20260626_dict_bank/variants/multiscale_dictionary/training_log.csv,
results/20260626_dict_bank/variants/task_specific_dictionary/component_hd_by_case.csv,
results/20260626_dict_bank/variants/task_specific_dictionary/subgroup_metrics.csv,
results/20260626_dict_bank/variants/task_specific_dictionary/summary.json,
results/20260626_dict_bank/variants/task_specific_dictionary/summary.md,
results/20260626_dict_bank/variants/task_specific_dictionary/training_log.csv,
results/20260626_dict_research/MANIFEST.md,
results/20260626_dict_research/dictionary_design_matrix.md,
results/20260626_dict_research/query_log.md,
results/20260626_dict_research/result.md,
results/20260626_lesion_compact/MANIFEST.md,
results/20260626_lesion_compact/component_hd_by_case.csv,
results/20260626_lesion_compact/decision.md,
results/20260626_lesion_compact/dictionary_usage.md,
results/20260626_lesion_compact/failure_interpretation.md,
results/20260626_lesion_compact/metrics_summary.md,
results/20260626_lesion_compact/result.md,
results/20260626_lesion_compact/retrieval_usage.md,
results/20260626_lesion_compact/selection.md,
results/20260626_lesion_compact/subgroup_metrics.csv,
results/20260626_lesion_compact/variant_matrix.md,
results/20260626_lesion_compact/variants/component_compactness_loss/component_hd_by_case.csv,
results/20260626_lesion_compact/variants/component_compactness_loss/subgroup_metrics.csv,
results/20260626_lesion_compact/variants/component_compactness_loss/summary.json,
results/20260626_lesion_compact/variants/component_compactness_loss/summary.md,
results/20260626_lesion_compact/variants/component_compactness_loss/training_log.csv,
results/20260626_lesion_compact/variants/edema_t2_center_balance/component_hd_by_case.csv,
results/20260626_lesion_compact/variants/edema_t2_center_balance/subgroup_metrics.csv,
results/20260626_lesion_compact/variants/edema_t2_center_balance/summary.json,
results/20260626_lesion_compact/variants/edema_t2_center_balance/summary.md,
results/20260626_lesion_compact/variants/edema_t2_center_balance/training_log.csv,
results/20260626_lesion_compact/variants/scar_lge_fallback_boost/component_hd_by_case.csv,
results/20260626_lesion_compact/variants/scar_lge_fallback_boost/subgroup_metrics.csv,
results/20260626_lesion_compact/variants/scar_lge_fallback_boost/summary.json,
results/20260626_lesion_compact/variants/scar_lge_fallback_boost/summary.md,
results/20260626_lesion_compact/variants/scar_lge_fallback_boost/training_log.csv,
results/20260626_lesion_compact/variants/soft_anatomy_containment/component_hd_by_case.csv,
results/20260626_lesion_compact/variants/soft_anatomy_containment/subgroup_metrics.csv,
results/20260626_lesion_compact/variants/soft_anatomy_containment/summary.json,
results/20260626_lesion_compact/variants/soft_anatomy_containment/summary.md,
results/20260626_lesion_compact/variants/soft_anatomy_containment/training_log.csv,
results/20260626_next_goal/MANIFEST.md,
results/20260626_next_goal/progress.md,
results/20260626_next_goal/result.md,
results/20260628_cine_register/MANIFEST.md,
results/20260628_cine_register/failure_interpretation.md,
results/20260628_cine_register/metrics_summary.md,
results/20260628_cine_register/registration_metrics.csv,
results/20260628_cine_register/resource_audit.md,
results/20260628_cine_register/result.md,
results/20260628_cine_register/safe_cases_used.csv,
results/20260628_cine_register/selection.md,
results/20260628_cine_register/summary_metrics.csv,
results/20260628_cine_register/warp_sanity.csv,
results/20260628_myops_proposal/MANIFEST.md,
results/20260628_myops_proposal/architecture_note.md,
results/20260628_myops_proposal/component_hd_by_case.csv,
results/20260628_myops_proposal/decision.md,
results/20260628_myops_proposal/failure_interpretation.md,
results/20260628_myops_proposal/metrics_summary.md,
results/20260628_myops_proposal/progress.md,
results/20260628_myops_proposal/proposal_metrics.csv,
results/20260628_myops_proposal/prototype_usage.csv,
results/20260628_myops_proposal/result.md,
results/20260628_myops_proposal/retrieval_usage.md,
results/20260628_myops_proposal/selection.md,
results/20260628_myops_proposal/subgroup_metrics.csv,
results/20260628_myops_proposal/variant_matrix.md,
results/20260628_result5_goal/MANIFEST.md,
results/20260628_result5_goal/final_status.md,
results/20260628_result5_goal/progress.md,
results/20260629_cascade_teacher_route/MANIFEST.md,
results/20260629_cascade_teacher_route/aggregation_status.csv,
results/20260629_cascade_teacher_route/aggregation_status.md,
results/20260629_cascade_teacher_route/component_hd_by_case.csv,
results/20260629_cascade_teacher_route/failure_interpretation.md,
results/20260629_cascade_teacher_route/metrics_summary.md,
results/20260629_cascade_teacher_route/preflight_summary.md,
results/20260629_cascade_teacher_route/resource_audit.md,
results/20260629_cascade_teacher_route/result.md,
results/20260629_cascade_teacher_route/revision_component_guard/MANIFEST.md,
results/20260629_cascade_teacher_route/revision_component_guard/README.md,
results/20260629_cascade_teacher_route/revision_component_guard/metrics_summary.md,
results/20260629_cascade_teacher_route/revision_component_guard/result.md,
results/20260629_cascade_teacher_route/revision_component_guard/selection.md,
results/20260629_cascade_teacher_route/revision_component_guard/variants/coarse_to_fine_srr_roi_component_guard/baseline_vs_refiner_by_subset.csv,
results/20260629_cascade_teacher_route/revision_component_guard/variants/coarse_to_fine_srr_roi_component_guard/case_level_failure_flags.csv,
results/20260629_cascade_teacher_route/revision_component_guard/variants/coarse_to_fine_srr_roi_component_guard/centerB_centerC_edema_table.csv,
results/20260629_cascade_teacher_route/revision_component_guard/variants/coarse_to_fine_srr_roi_component_guard/no_t2_empty_gt_fp_table.csv,
results/20260629_cascade_teacher_route/revision_component_guard/variants/coarse_to_fine_srr_roi_component_guard/residual_magnitude_summary.csv,
results/20260629_cascade_teacher_route/revision_component_guard/variants/coarse_to_fine_srr_roi_component_guard/round10_decision_table.md,
results/20260629_cascade_teacher_route/revision_component_guard/variants/coarse_to_fine_srr_roi_component_guard/round10_fold0_very_short_metrics.csv,
results/20260629_cascade_teacher_route/revision_component_guard/variants/coarse_to_fine_srr_roi_component_guard/round10_next_actions.md,
results/20260629_cascade_teacher_route/revision_component_guard/variants/coarse_to_fine_srr_roi_component_guard/round10_refiner_train_log.csv,
results/20260629_cascade_teacher_route/revision_component_guard/variants/coarse_to_fine_srr_roi_component_guard/round10_train_commands.txt,
results/20260629_cascade_teacher_route/revision_component_guard/variants/coarse_to_fine_srr_roi_component_guard/round10_train_config.yaml,
results/20260629_cascade_teacher_route/revision_component_guard/variants/coarse_to_fine_srr_roi_component_guard/scar_unchanged_guardrail_table.csv,
results/20260629_cascade_teacher_route/revision_component_guard/variants/coarse_to_fine_srr_roi_component_guard/summary.json,
results/20260629_cascade_teacher_route/revision_component_guard/variants/nnunet_pathology_teacher_srr_refiner_component_guard/baseline_vs_refiner_by_subset.csv,
results/20260629_cascade_teacher_route/revision_component_guard/variants/nnunet_pathology_teacher_srr_refiner_component_guard/case_level_failure_flags.csv,
results/20260629_cascade_teacher_route/revision_component_guard/variants/nnunet_pathology_teacher_srr_refiner_component_guard/centerB_centerC_edema_table.csv,
results/20260629_cascade_teacher_route/revision_component_guard/variants/nnunet_pathology_teacher_srr_refiner_component_guard/no_t2_empty_gt_fp_table.csv,
results/20260629_cascade_teacher_route/revision_component_guard/variants/nnunet_pathology_teacher_srr_refiner_component_guard/residual_magnitude_summary.csv,
results/20260629_cascade_teacher_route/revision_component_guard/variants/nnunet_pathology_teacher_srr_refiner_component_guard/round10_decision_table.md,
results/20260629_cascade_teacher_route/revision_component_guard/variants/nnunet_pathology_teacher_srr_refiner_component_guard/round10_fold0_very_short_metrics.csv,
results/20260629_cascade_teacher_route/revision_component_guard/variants/nnunet_pathology_teacher_srr_refiner_component_guard/round10_next_actions.md,
results/20260629_cascade_teacher_route/revision_component_guard/variants/nnunet_pathology_teacher_srr_refiner_component_guard/round10_refiner_train_log.csv,
results/20260629_cascade_teacher_route/revision_component_guard/variants/nnunet_pathology_teacher_srr_refiner_component_guard/round10_train_commands.txt,
results/20260629_cascade_teacher_route/revision_component_guard/variants/nnunet_pathology_teacher_srr_refiner_component_guard/round10_train_config.yaml,
results/20260629_cascade_teacher_route/revision_component_guard/variants/nnunet_pathology_teacher_srr_refiner_component_guard/scar_unchanged_guardrail_table.csv,
results/20260629_cascade_teacher_route/revision_component_guard/variants/nnunet_pathology_teacher_srr_refiner_component_guard/summary.json,
results/20260629_cascade_teacher_route/revision_postprocess_sweep/MANIFEST.md,
results/20260629_cascade_teacher_route/revision_postprocess_sweep/coarse_to_fine_srr_roi_signal_seek_postprocess_summary.csv,
results/20260629_cascade_teacher_route/revision_postprocess_sweep/coarse_to_fine_srr_roi_signal_seek_summary.json,
results/20260629_cascade_teacher_route/revision_postprocess_sweep/metrics_summary.md,
results/20260629_cascade_teacher_route/revision_postprocess_sweep/nnunet_pathology_teacher_srr_refiner_signal_seek_postprocess_summary.csv,
results/20260629_cascade_teacher_route/revision_postprocess_sweep/nnunet_pathology_teacher_srr_refiner_signal_seek_summary.json,
results/20260629_cascade_teacher_route/revision_postprocess_sweep/result.md,
results/20260629_cascade_teacher_route/revision_postprocess_sweep/selection.md,
results/20260629_cascade_teacher_route/revision_postprocess_sweep/variants/coarse_to_fine_srr_roi_signal_seek__edema_overlap_dilate2_keep_scar/baseline_vs_refiner_by_subset.csv,
results/20260629_cascade_teacher_route/revision_postprocess_sweep/variants/coarse_to_fine_srr_roi_signal_seek__edema_overlap_dilate2_keep_scar/case_level_failure_flags.csv,
results/20260629_cascade_teacher_route/revision_postprocess_sweep/variants/coarse_to_fine_srr_roi_signal_seek__edema_overlap_dilate2_keep_scar/centerB_centerC_edema_table.csv,
results/20260629_cascade_teacher_route/revision_postprocess_sweep/variants/coarse_to_fine_srr_roi_signal_seek__edema_overlap_dilate2_keep_scar/no_t2_empty_gt_fp_table.csv,
results/20260629_cascade_teacher_route/revision_postprocess_sweep/variants/coarse_to_fine_srr_roi_signal_seek__edema_overlap_dilate2_keep_scar/postprocess_components.csv,
results/20260629_cascade_teacher_route/revision_postprocess_sweep/variants/coarse_to_fine_srr_roi_signal_seek__edema_overlap_dilate2_keep_scar/round10_decision_table.md,
results/20260629_cascade_teacher_route/revision_postprocess_sweep/variants/coarse_to_fine_srr_roi_signal_seek__edema_overlap_dilate2_keep_scar/round10_fold0_very_short_metrics.csv,
results/20260629_cascade_teacher_route/revision_postprocess_sweep/variants/coarse_to_fine_srr_roi_signal_seek__edema_overlap_dilate2_keep_scar/round10_next_actions.md,
results/20260629_cascade_teacher_route/revision_postprocess_sweep/variants/coarse_to_fine_srr_roi_signal_seek__edema_overlap_dilate2_keep_scar/scar_unchanged_guardrail_table.csv,
results/20260629_cascade_teacher_route/revision_postprocess_sweep/variants/coarse_to_fine_srr_roi_signal_seek__pathology_overlap_dilate1/baseline_vs_refiner_by_subset.csv,
results/20260629_cascade_teacher_route/revision_postprocess_sweep/variants/coarse_to_fine_srr_roi_signal_seek__pathology_overlap_dilate1/case_level_failure_flags.csv,
results/20260629_cascade_teacher_route/revision_postprocess_sweep/variants/coarse_to_fine_srr_roi_signal_seek__pathology_overlap_dilate1/centerB_centerC_edema_table.csv,
results/20260629_cascade_teacher_route/revision_postprocess_sweep/variants/coarse_to_fine_srr_roi_signal_seek__pathology_overlap_dilate1/no_t2_empty_gt_fp_table.csv,
results/20260629_cascade_teacher_route/revision_postprocess_sweep/variants/coarse_to_fine_srr_roi_signal_seek__pathology_overlap_dilate1/postprocess_components.csv,
results/20260629_cascade_teacher_route/revision_postprocess_sweep/variants/coarse_to_fine_srr_roi_signal_seek__pathology_overlap_dilate1/round10_decision_table.md,
results/20260629_cascade_teacher_route/revision_postprocess_sweep/variants/coarse_to_fine_srr_roi_signal_seek__pathology_overlap_dilate1/round10_fold0_very_short_metrics.csv,
results/20260629_cascade_teacher_route/revision_postprocess_sweep/variants/coarse_to_fine_srr_roi_signal_seek__pathology_overlap_dilate1/round10_next_actions.md,
results/20260629_cascade_teacher_route/revision_postprocess_sweep/variants/coarse_to_fine_srr_roi_signal_seek__pathology_overlap_dilate1/scar_unchanged_guardrail_table.csv,
results/20260629_cascade_teacher_route/revision_postprocess_sweep/variants/coarse_to_fine_srr_roi_signal_seek__pathology_overlap_dilate2/baseline_vs_refiner_by_subset.csv,
results/20260629_cascade_teacher_route/revision_postprocess_sweep/variants/coarse_to_fine_srr_roi_signal_seek__pathology_overlap_dilate2/case_level_failure_flags.csv,
results/20260629_cascade_teacher_route/revision_postprocess_sweep/variants/coarse_to_fine_srr_roi_signal_seek__pathology_overlap_dilate2/centerB_centerC_edema_table.csv,
results/20260629_cascade_teacher_route/revision_postprocess_sweep/variants/coarse_to_fine_srr_roi_signal_seek__pathology_overlap_dilate2/no_t2_empty_gt_fp_table.csv,
results/20260629_cascade_teacher_route/revision_postprocess_sweep/variants/coarse_to_fine_srr_roi_signal_seek__pathology_overlap_dilate2/postprocess_components.csv,
results/20260629_cascade_teacher_route/revision_postprocess_sweep/variants/coarse_to_fine_srr_roi_signal_seek__pathology_overlap_dilate2/round10_decision_table.md,
results/20260629_cascade_teacher_route/revision_postprocess_sweep/variants/coarse_to_fine_srr_roi_signal_seek__pathology_overlap_dilate2/round10_fold0_very_short_metrics.csv,
results/20260629_cascade_teacher_route/revision_postprocess_sweep/variants/coarse_to_fine_srr_roi_signal_seek__pathology_overlap_dilate2/round10_next_actions.md,
results/20260629_cascade_teacher_route/revision_postprocess_sweep/variants/coarse_to_fine_srr_roi_signal_seek__pathology_overlap_dilate2/scar_unchanged_guardrail_table.csv,
results/20260629_cascade_teacher_route/revision_postprocess_sweep/variants/coarse_to_fine_srr_roi_signal_seek__top2_pathology_overlap_dilate2/baseline_vs_refiner_by_subset.csv,
results/20260629_cascade_teacher_route/revision_postprocess_sweep/variants/coarse_to_fine_srr_roi_signal_seek__top2_pathology_overlap_dilate2/case_level_failure_flags.csv,
results/20260629_cascade_teacher_route/revision_postprocess_sweep/variants/coarse_to_fine_srr_roi_signal_seek__top2_pathology_overlap_dilate2/centerB_centerC_edema_table.csv,
results/20260629_cascade_teacher_route/revision_postprocess_sweep/variants/coarse_to_fine_srr_roi_signal_seek__top2_pathology_overlap_dilate2/no_t2_empty_gt_fp_table.csv,
results/20260629_cascade_teacher_route/revision_postprocess_sweep/variants/coarse_to_fine_srr_roi_signal_seek__top2_pathology_overlap_dilate2/postprocess_components.csv,
results/20260629_cascade_teacher_route/revision_postprocess_sweep/variants/coarse_to_fine_srr_roi_signal_seek__top2_pathology_overlap_dilate2/round10_decision_table.md,
results/20260629_cascade_teacher_route/revision_postprocess_sweep/variants/coarse_to_fine_srr_roi_signal_seek__top2_pathology_overlap_dilate2/round10_fold0_very_short_metrics.csv,
results/20260629_cascade_teacher_route/revision_postprocess_sweep/variants/coarse_to_fine_srr_roi_signal_seek__top2_pathology_overlap_dilate2/round10_next_actions.md,
results/20260629_cascade_teacher_route/revision_postprocess_sweep/variants/coarse_to_fine_srr_roi_signal_seek__top2_pathology_overlap_dilate2/scar_unchanged_guardrail_table.csv,
results/20260629_cascade_teacher_route/revision_postprocess_sweep/variants/nnunet_pathology_teacher_srr_refiner_signal_seek__edema_overlap_dilate2_keep_scar/baseline_vs_refiner_by_subset.csv,
results/20260629_cascade_teacher_route/revision_postprocess_sweep/variants/nnunet_pathology_teacher_srr_refiner_signal_seek__edema_overlap_dilate2_keep_scar/case_level_failure_flags.csv,
results/20260629_cascade_teacher_route/revision_postprocess_sweep/variants/nnunet_pathology_teacher_srr_refiner_signal_seek__edema_overlap_dilate2_keep_scar/centerB_centerC_edema_table.csv,
results/20260629_cascade_teacher_route/revision_postprocess_sweep/variants/nnunet_pathology_teacher_srr_refiner_signal_seek__edema_overlap_dilate2_keep_scar/no_t2_empty_gt_fp_table.csv,
results/20260629_cascade_teacher_route/revision_postprocess_sweep/variants/nnunet_pathology_teacher_srr_refiner_signal_seek__edema_overlap_dilate2_keep_scar/postprocess_components.csv,
results/20260629_cascade_teacher_route/revision_postprocess_sweep/variants/nnunet_pathology_teacher_srr_refiner_signal_seek__edema_overlap_dilate2_keep_scar/round10_decision_table.md,
results/20260629_cascade_teacher_route/revision_postprocess_sweep/variants/nnunet_pathology_teacher_srr_refiner_signal_seek__edema_overlap_dilate2_keep_scar/round10_fold0_very_short_metrics.csv,
results/20260629_cascade_teacher_route/revision_postprocess_sweep/variants/nnunet_pathology_teacher_srr_refiner_signal_seek__edema_overlap_dilate2_keep_scar/round10_next_actions.md,
results/20260629_cascade_teacher_route/revision_postprocess_sweep/variants/nnunet_pathology_teacher_srr_refiner_signal_seek__edema_overlap_dilate2_keep_scar/scar_unchanged_guardrail_table.csv,
results/20260629_cascade_teacher_route/revision_postprocess_sweep/variants/nnunet_pathology_teacher_srr_refiner_signal_seek__pathology_overlap_dilate1/baseline_vs_refiner_by_subset.csv,
results/20260629_cascade_teacher_route/revision_postprocess_sweep/variants/nnunet_pathology_teacher_srr_refiner_signal_seek__pathology_overlap_dilate1/case_level_failure_flags.csv,
results/20260629_cascade_teacher_route/revision_postprocess_sweep/variants/nnunet_pathology_teacher_srr_refiner_signal_seek__pathology_overlap_dilate1/centerB_centerC_edema_table.csv,
results/20260629_cascade_teacher_route/revision_postprocess_sweep/variants/nnunet_pathology_teacher_srr_refiner_signal_seek__pathology_overlap_dilate1/no_t2_empty_gt_fp_table.csv,
results/20260629_cascade_teacher_route/revision_postprocess_sweep/variants/nnunet_pathology_teacher_srr_refiner_signal_seek__pathology_overlap_dilate1/postprocess_components.csv,
results/20260629_cascade_teacher_route/revision_postprocess_sweep/variants/nnunet_pathology_teacher_srr_refiner_signal_seek__pathology_overlap_dilate1/round10_decision_table.md,
results/20260629_cascade_teacher_route/revision_postprocess_sweep/variants/nnunet_pathology_teacher_srr_refiner_signal_seek__pathology_overlap_dilate1/round10_fold0_very_short_metrics.csv,
results/20260629_cascade_teacher_route/revision_postprocess_sweep/variants/nnunet_pathology_teacher_srr_refiner_signal_seek__pathology_overlap_dilate1/round10_next_actions.md,
results/20260629_cascade_teacher_route/revision_postprocess_sweep/variants/nnunet_pathology_teacher_srr_refiner_signal_seek__pathology_overlap_dilate1/scar_unchanged_guardrail_table.csv,
results/20260629_cascade_teacher_route/revision_postprocess_sweep/variants/nnunet_pathology_teacher_srr_refiner_signal_seek__pathology_overlap_dilate2/baseline_vs_refiner_by_subset.csv,
results/20260629_cascade_teacher_route/revision_postprocess_sweep/variants/nnunet_pathology_teacher_srr_refiner_signal_seek__pathology_overlap_dilate2/case_level_failure_flags.csv,
results/20260629_cascade_teacher_route/revision_postprocess_sweep/variants/nnunet_pathology_teacher_srr_refiner_signal_seek__pathology_overlap_dilate2/centerB_centerC_edema_table.csv,
results/20260629_cascade_teacher_route/revision_postprocess_sweep/variants/nnunet_pathology_teacher_srr_refiner_signal_seek__pathology_overlap_dilate2/no_t2_empty_gt_fp_table.csv,
results/20260629_cascade_teacher_route/revision_postprocess_sweep/variants/nnunet_pathology_teacher_srr_refiner_signal_seek__pathology_overlap_dilate2/postprocess_components.csv,
results/20260629_cascade_teacher_route/revision_postprocess_sweep/variants/nnunet_pathology_teacher_srr_refiner_signal_seek__pathology_overlap_dilate2/round10_decision_table.md,
results/20260629_cascade_teacher_route/revision_postprocess_sweep/variants/nnunet_pathology_teacher_srr_refiner_signal_seek__pathology_overlap_dilate2/round10_fold0_very_short_metrics.csv,
results/20260629_cascade_teacher_route/revision_postprocess_sweep/variants/nnunet_pathology_teacher_srr_refiner_signal_seek__pathology_overlap_dilate2/round10_next_actions.md,
results/20260629_cascade_teacher_route/revision_postprocess_sweep/variants/nnunet_pathology_teacher_srr_refiner_signal_seek__pathology_overlap_dilate2/scar_unchanged_guardrail_table.csv,
results/20260629_cascade_teacher_route/revision_postprocess_sweep/variants/nnunet_pathology_teacher_srr_refiner_signal_seek__top2_pathology_overlap_dilate2/baseline_vs_refiner_by_subset.csv,
results/20260629_cascade_teacher_route/revision_postprocess_sweep/variants/nnunet_pathology_teacher_srr_refiner_signal_seek__top2_pathology_overlap_dilate2/case_level_failure_flags.csv,
results/20260629_cascade_teacher_route/revision_postprocess_sweep/variants/nnunet_pathology_teacher_srr_refiner_signal_seek__top2_pathology_overlap_dilate2/centerB_centerC_edema_table.csv,
results/20260629_cascade_teacher_route/revision_postprocess_sweep/variants/nnunet_pathology_teacher_srr_refiner_signal_seek__top2_pathology_overlap_dilate2/no_t2_empty_gt_fp_table.csv,
results/20260629_cascade_teacher_route/revision_postprocess_sweep/variants/nnunet_pathology_teacher_srr_refiner_signal_seek__top2_pathology_overlap_dilate2/postprocess_components.csv,
results/20260629_cascade_teacher_route/revision_postprocess_sweep/variants/nnunet_pathology_teacher_srr_refiner_signal_seek__top2_pathology_overlap_dilate2/round10_decision_table.md,
results/20260629_cascade_teacher_route/revision_postprocess_sweep/variants/nnunet_pathology_teacher_srr_refiner_signal_seek__top2_pathology_overlap_dilate2/round10_fold0_very_short_metrics.csv,
results/20260629_cascade_teacher_route/revision_postprocess_sweep/variants/nnunet_pathology_teacher_srr_refiner_signal_seek__top2_pathology_overlap_dilate2/round10_next_actions.md,
results/20260629_cascade_teacher_route/revision_postprocess_sweep/variants/nnunet_pathology_teacher_srr_refiner_signal_seek__top2_pathology_overlap_dilate2/scar_unchanged_guardrail_table.csv,
results/20260629_cascade_teacher_route/revision_signal_seek/MANIFEST.md,
results/20260629_cascade_teacher_route/revision_signal_seek/README.md,
results/20260629_cascade_teacher_route/revision_signal_seek/metrics_summary.md,
results/20260629_cascade_teacher_route/revision_signal_seek/result.md,
results/20260629_cascade_teacher_route/revision_signal_seek/selection.md,
results/20260629_cascade_teacher_route/revision_signal_seek/variants/coarse_to_fine_srr_roi_signal_seek/baseline_vs_refiner_by_subset.csv,
results/20260629_cascade_teacher_route/revision_signal_seek/variants/coarse_to_fine_srr_roi_signal_seek/case_level_failure_flags.csv,
results/20260629_cascade_teacher_route/revision_signal_seek/variants/coarse_to_fine_srr_roi_signal_seek/centerB_centerC_edema_table.csv,
results/20260629_cascade_teacher_route/revision_signal_seek/variants/coarse_to_fine_srr_roi_signal_seek/no_t2_empty_gt_fp_table.csv,
results/20260629_cascade_teacher_route/revision_signal_seek/variants/coarse_to_fine_srr_roi_signal_seek/residual_magnitude_summary.csv,
results/20260629_cascade_teacher_route/revision_signal_seek/variants/coarse_to_fine_srr_roi_signal_seek/round10_decision_table.md,
results/20260629_cascade_teacher_route/revision_signal_seek/variants/coarse_to_fine_srr_roi_signal_seek/round10_fold0_very_short_metrics.csv,
results/20260629_cascade_teacher_route/revision_signal_seek/variants/coarse_to_fine_srr_roi_signal_seek/round10_next_actions.md,
results/20260629_cascade_teacher_route/revision_signal_seek/variants/coarse_to_fine_srr_roi_signal_seek/round10_refiner_train_log.csv,
results/20260629_cascade_teacher_route/revision_signal_seek/variants/coarse_to_fine_srr_roi_signal_seek/round10_train_commands.txt,
results/20260629_cascade_teacher_route/revision_signal_seek/variants/coarse_to_fine_srr_roi_signal_seek/round10_train_config.yaml,
results/20260629_cascade_teacher_route/revision_signal_seek/variants/coarse_to_fine_srr_roi_signal_seek/scar_unchanged_guardrail_table.csv,
results/20260629_cascade_teacher_route/revision_signal_seek/variants/coarse_to_fine_srr_roi_signal_seek/summary.json,
results/20260629_cascade_teacher_route/revision_signal_seek/variants/nnunet_pathology_teacher_srr_refiner_signal_seek/baseline_vs_refiner_by_subset.csv,
results/20260629_cascade_teacher_route/revision_signal_seek/variants/nnunet_pathology_teacher_srr_refiner_signal_seek/case_level_failure_flags.csv,
results/20260629_cascade_teacher_route/revision_signal_seek/variants/nnunet_pathology_teacher_srr_refiner_signal_seek/centerB_centerC_edema_table.csv,
results/20260629_cascade_teacher_route/revision_signal_seek/variants/nnunet_pathology_teacher_srr_refiner_signal_seek/no_t2_empty_gt_fp_table.csv,
results/20260629_cascade_teacher_route/revision_signal_seek/variants/nnunet_pathology_teacher_srr_refiner_signal_seek/residual_magnitude_summary.csv,
results/20260629_cascade_teacher_route/revision_signal_seek/variants/nnunet_pathology_teacher_srr_refiner_signal_seek/round10_decision_table.md,
results/20260629_cascade_teacher_route/revision_signal_seek/variants/nnunet_pathology_teacher_srr_refiner_signal_seek/round10_fold0_very_short_metrics.csv,
results/20260629_cascade_teacher_route/revision_signal_seek/variants/nnunet_pathology_teacher_srr_refiner_signal_seek/round10_next_actions.md,
results/20260629_cascade_teacher_route/revision_signal_seek/variants/nnunet_pathology_teacher_srr_refiner_signal_seek/round10_refiner_train_log.csv,
results/20260629_cascade_teacher_route/revision_signal_seek/variants/nnunet_pathology_teacher_srr_refiner_signal_seek/round10_train_commands.txt,
results/20260629_cascade_teacher_route/revision_signal_seek/variants/nnunet_pathology_teacher_srr_refiner_signal_seek/round10_train_config.yaml,
results/20260629_cascade_teacher_route/revision_signal_seek/variants/nnunet_pathology_teacher_srr_refiner_signal_seek/scar_unchanged_guardrail_table.csv,
results/20260629_cascade_teacher_route/revision_signal_seek/variants/nnunet_pathology_teacher_srr_refiner_signal_seek/summary.json,
results/20260629_cascade_teacher_route/roi_coverage.csv,
results/20260629_cascade_teacher_route/selection.md,
results/20260629_cascade_teacher_route/subgroup_metrics.csv,
results/20260629_cascade_teacher_route/teacher_artifact_contract.md,
results/20260629_cascade_teacher_route/teacher_cache/case_index.csv,
results/20260629_cascade_teacher_route/teacher_cache/roi_coverage.csv,
results/20260629_cascade_teacher_route/teacher_cache/summary.json,
results/20260629_cascade_teacher_route/teacher_cache/teacher_cache_contract.md,
results/20260629_cascade_teacher_route/teacher_cache_metrics.csv,
results/20260629_cascade_teacher_route/teacher_cache_metrics_summary.md,
results/20260629_cascade_teacher_route/teacher_student_delta.csv,
results/20260629_cascade_teacher_route/variant_matrix.md,
results/20260629_cascade_teacher_route/variants/coarse_to_fine_srr_roi/baseline_vs_refiner_by_subset.csv,
results/20260629_cascade_teacher_route/variants/coarse_to_fine_srr_roi/case_level_failure_flags.csv,
results/20260629_cascade_teacher_route/variants/coarse_to_fine_srr_roi/centerB_centerC_edema_table.csv,
results/20260629_cascade_teacher_route/variants/coarse_to_fine_srr_roi/no_t2_empty_gt_fp_table.csv,
results/20260629_cascade_teacher_route/variants/coarse_to_fine_srr_roi/residual_magnitude_summary.csv,
results/20260629_cascade_teacher_route/variants/coarse_to_fine_srr_roi/round10_decision_table.md,
results/20260629_cascade_teacher_route/variants/coarse_to_fine_srr_roi/round10_fold0_very_short_metrics.csv,
results/20260629_cascade_teacher_route/variants/coarse_to_fine_srr_roi/round10_next_actions.md,
results/20260629_cascade_teacher_route/variants/coarse_to_fine_srr_roi/round10_refiner_train_log.csv,
results/20260629_cascade_teacher_route/variants/coarse_to_fine_srr_roi/round10_train_commands.txt,
results/20260629_cascade_teacher_route/variants/coarse_to_fine_srr_roi/round10_train_config.yaml,
results/20260629_cascade_teacher_route/variants/coarse_to_fine_srr_roi/scar_unchanged_guardrail_table.csv,
results/20260629_cascade_teacher_route/variants/coarse_to_fine_srr_roi/summary.json,
results/20260629_cascade_teacher_route/variants/nnunet_anatomy_prior_refiner/baseline_vs_refiner_by_subset.csv,
results/20260629_cascade_teacher_route/variants/nnunet_anatomy_prior_refiner/case_level_failure_flags.csv,
results/20260629_cascade_teacher_route/variants/nnunet_anatomy_prior_refiner/centerB_centerC_edema_table.csv,
results/20260629_cascade_teacher_route/variants/nnunet_anatomy_prior_refiner/no_t2_empty_gt_fp_table.csv,
results/20260629_cascade_teacher_route/variants/nnunet_anatomy_prior_refiner/residual_magnitude_summary.csv,
results/20260629_cascade_teacher_route/variants/nnunet_anatomy_prior_refiner/round10_decision_table.md,
results/20260629_cascade_teacher_route/variants/nnunet_anatomy_prior_refiner/round10_fold0_very_short_metrics.csv,
results/20260629_cascade_teacher_route/variants/nnunet_anatomy_prior_refiner/round10_next_actions.md,
results/20260629_cascade_teacher_route/variants/nnunet_anatomy_prior_refiner/round10_refiner_train_log.csv,
results/20260629_cascade_teacher_route/variants/nnunet_anatomy_prior_refiner/round10_train_commands.txt,
results/20260629_cascade_teacher_route/variants/nnunet_anatomy_prior_refiner/round10_train_config.yaml,
results/20260629_cascade_teacher_route/variants/nnunet_anatomy_prior_refiner/scar_unchanged_guardrail_table.csv,
results/20260629_cascade_teacher_route/variants/nnunet_anatomy_prior_refiner/summary.json,
results/20260629_cascade_teacher_route/variants/nnunet_pathology_teacher_srr_refiner/baseline_vs_refiner_by_subset.csv,
results/20260629_cascade_teacher_route/variants/nnunet_pathology_teacher_srr_refiner/case_level_failure_flags.csv,
results/20260629_cascade_teacher_route/variants/nnunet_pathology_teacher_srr_refiner/centerB_centerC_edema_table.csv,
results/20260629_cascade_teacher_route/variants/nnunet_pathology_teacher_srr_refiner/no_t2_empty_gt_fp_table.csv,
results/20260629_cascade_teacher_route/variants/nnunet_pathology_teacher_srr_refiner/residual_magnitude_summary.csv,
results/20260629_cascade_teacher_route/variants/nnunet_pathology_teacher_srr_refiner/round10_decision_table.md,
results/20260629_cascade_teacher_route/variants/nnunet_pathology_teacher_srr_refiner/round10_fold0_very_short_metrics.csv,
results/20260629_cascade_teacher_route/variants/nnunet_pathology_teacher_srr_refiner/round10_next_actions.md,
results/20260629_cascade_teacher_route/variants/nnunet_pathology_teacher_srr_refiner/round10_refiner_train_log.csv,
results/20260629_cascade_teacher_route/variants/nnunet_pathology_teacher_srr_refiner/round10_train_commands.txt,
results/20260629_cascade_teacher_route/variants/nnunet_pathology_teacher_srr_refiner/round10_train_config.yaml,
results/20260629_cascade_teacher_route/variants/nnunet_pathology_teacher_srr_refiner/scar_unchanged_guardrail_table.csv,
results/20260629_cascade_teacher_route/variants/nnunet_pathology_teacher_srr_refiner/summary.json,
results/20260629_cine_motion_alignment/MANIFEST.md,
results/20260629_cine_motion_alignment/failure_interpretation.md,
results/20260629_cine_motion_alignment/metrics_summary.md,
results/20260629_cine_motion_alignment/registration_metrics.csv,
results/20260629_cine_motion_alignment/resource_audit.md,
results/20260629_cine_motion_alignment/result.md,
results/20260629_cine_motion_alignment/safe_cases_used.csv,
results/20260629_cine_motion_alignment/selection.md,
results/20260629_cine_motion_alignment/summary_metrics.csv,
results/20260629_cine_motion_alignment/warp_sanity.csv,
results/20260629_cine_motion_pathology/MANIFEST.md,
results/20260629_cine_motion_pathology/case_metrics.csv,
results/20260629_cine_motion_pathology/decision.md,
results/20260629_cine_motion_pathology/failure_interpretation.md,
results/20260629_cine_motion_pathology/frame_retrieval.csv,
results/20260629_cine_motion_pathology/metrics_summary.md,
results/20260629_cine_motion_pathology/motion_descriptor_summary.csv,
results/20260629_cine_motion_pathology/resource_audit.md,
results/20260629_cine_motion_pathology/result.md,
results/20260629_cine_motion_pathology/safe_split.md,
results/20260629_cine_motion_pathology/selection.md,
results/20260629_cine_motion_pathology/summary_metrics.csv,
results/20260629_loss_decode_calibration/MANIFEST.md,
results/20260629_loss_decode_calibration/checkpoint_comparison.csv,
results/20260629_loss_decode_calibration/decode_case_metrics.csv,
results/20260629_loss_decode_calibration/decode_metrics.csv,
results/20260629_loss_decode_calibration/result.md,
results/20260629_loss_decode_calibration/selection.md,
results/20260629_pathology_checkpoint_selection/MANIFEST.md,
results/20260629_pathology_checkpoint_selection/checkpoint_metrics.csv,
results/20260629_pathology_checkpoint_selection/result.md,
results/20260629_pathology_checkpoint_selection/selection.md,
results/20260629_proposal_memory_hardneg/MANIFEST.md,
results/20260629_proposal_memory_hardneg/memory_usage.csv,
results/20260629_proposal_memory_hardneg/mined_components.csv,
results/20260629_proposal_memory_hardneg/result.md,
results/20260629_proposal_memory_hardneg/selection.md,
results/20260629_repaired_proposal_repeat/MANIFEST.md,
results/20260629_repaired_proposal_repeat/aggregation_status.csv,
results/20260629_repaired_proposal_repeat/aggregation_status.md,
results/20260629_repaired_proposal_repeat/component_hd_by_case.csv,
results/20260629_repaired_proposal_repeat/cpu_preflight/variants/repaired_joint_calibrated_proposal/summary.json,
results/20260629_repaired_proposal_repeat/cpu_preflight/variants/repaired_joint_calibrated_proposal/summary.md,
results/20260629_repaired_proposal_repeat/cpu_preflight/variants/repaired_joint_calibrated_proposal/training_log.csv,
results/20260629_repaired_proposal_repeat/cpu_preflight/variants/repaired_posneg_scar_hardneg/summary.json,
results/20260629_repaired_proposal_repeat/cpu_preflight/variants/repaired_posneg_scar_hardneg/summary.md,
results/20260629_repaired_proposal_repeat/cpu_preflight/variants/repaired_posneg_scar_hardneg/training_log.csv,
results/20260629_repaired_proposal_repeat/cpu_preflight/variants/repaired_uncertainty_hardneg/summary.json,
results/20260629_repaired_proposal_repeat/cpu_preflight/variants/repaired_uncertainty_hardneg/summary.md,
results/20260629_repaired_proposal_repeat/cpu_preflight/variants/repaired_uncertainty_hardneg/training_log.csv,
results/20260629_repaired_proposal_repeat/decision.md,
results/20260629_repaired_proposal_repeat/decode_checkpoint_metrics.csv,
results/20260629_repaired_proposal_repeat/failure_interpretation.md,
results/20260629_repaired_proposal_repeat/hardneg_replay_usage.csv,
results/20260629_repaired_proposal_repeat/metrics_summary.md,
results/20260629_repaired_proposal_repeat/preflight_summary.md,
results/20260629_repaired_proposal_repeat/proposal_metrics.csv,
results/20260629_repaired_proposal_repeat/prototype_usage.csv,
results/20260629_repaired_proposal_repeat/repair_contract.md,
results/20260629_repaired_proposal_repeat/result.md,
results/20260629_repaired_proposal_repeat/retrieval_usage.md,
results/20260629_repaired_proposal_repeat/selection.md,
results/20260629_repaired_proposal_repeat/subgroup_metrics.csv,
results/20260629_repaired_proposal_repeat/variant_matrix.md,
results/20260629_repaired_proposal_repeat/variants/repaired_joint_calibrated_proposal/component_hd_by_case.csv,
results/20260629_repaired_proposal_repeat/variants/repaired_joint_calibrated_proposal/proposal_metrics.csv,
results/20260629_repaired_proposal_repeat/variants/repaired_joint_calibrated_proposal/prototype_usage.csv,
results/20260629_repaired_proposal_repeat/variants/repaired_joint_calibrated_proposal/subgroup_metrics.csv,
results/20260629_repaired_proposal_repeat/variants/repaired_joint_calibrated_proposal/summary.json,
results/20260629_repaired_proposal_repeat/variants/repaired_joint_calibrated_proposal/summary.md,
results/20260629_repaired_proposal_repeat/variants/repaired_joint_calibrated_proposal/training_log.csv,
results/20260629_repaired_proposal_repeat/variants/repaired_posneg_scar_hardneg/component_hd_by_case.csv,
results/20260629_repaired_proposal_repeat/variants/repaired_posneg_scar_hardneg/proposal_metrics.csv,
results/20260629_repaired_proposal_repeat/variants/repaired_posneg_scar_hardneg/prototype_usage.csv,
results/20260629_repaired_proposal_repeat/variants/repaired_posneg_scar_hardneg/subgroup_metrics.csv,
results/20260629_repaired_proposal_repeat/variants/repaired_posneg_scar_hardneg/summary.json,
results/20260629_repaired_proposal_repeat/variants/repaired_posneg_scar_hardneg/summary.md,
results/20260629_repaired_proposal_repeat/variants/repaired_posneg_scar_hardneg/training_log.csv,
results/20260629_repaired_proposal_repeat/variants/repaired_uncertainty_hardneg/component_hd_by_case.csv,
results/20260629_repaired_proposal_repeat/variants/repaired_uncertainty_hardneg/proposal_metrics.csv,
results/20260629_repaired_proposal_repeat/variants/repaired_uncertainty_hardneg/prototype_usage.csv,
results/20260629_repaired_proposal_repeat/variants/repaired_uncertainty_hardneg/subgroup_metrics.csv,
results/20260629_repaired_proposal_repeat/variants/repaired_uncertainty_hardneg/summary.json,
results/20260629_repaired_proposal_repeat/variants/repaired_uncertainty_hardneg/summary.md,
results/20260629_repaired_proposal_repeat/variants/repaired_uncertainty_hardneg/training_log.csv,
results/20260629_rescue_goal/MANIFEST.md,
results/20260629_rescue_goal/completion_audit.csv,
results/20260629_rescue_goal/completion_audit.md,
results/20260629_rescue_goal/final_status.md,
results/20260629_rescue_goal/gpu_action_status.csv,
results/20260629_rescue_goal/gpu_action_status.md,
results/20260629_rescue_goal/gpu_partition_status.csv,
results/20260629_rescue_goal/gpu_partition_status.md,
results/20260629_rescue_goal/midrun_route_assessment.md,
results/20260629_rescue_goal/pending_status.md,
results/20260629_rescue_goal/progress.md,
results/20260629_rescue_goal/result.md,
results/20260629_rescue_goal/route_evidence_matrix.csv,
results/20260629_rescue_goal/route_evidence_matrix.md,
results/20260629_rescue_goal/route_status.csv,
results/20260629_result4_srr/MANIFEST.md,
results/20260629_result4_srr/result.md,
results/20260629_result4_srr/review.md,
results/20260629_result4_srr_core_rebuild/MANIFEST.md,
results/20260629_result4_srr_core_rebuild/architecture_note.md,
results/20260629_result4_srr_core_rebuild/gate_usage.csv,
results/20260629_result4_srr_core_rebuild/result.md,
results/20260629_result4_srr_core_rebuild/selection.md,
results/20260629_soft_roi/MANIFEST.md,
results/20260629_soft_roi/result.md,
results/20260629_soft_roi/review.md,
results/20260629_srr_v2/MANIFEST.md,
results/20260629_srr_v2/result.md,
results/20260629_srr_v2/review.md,
results/20260629_srr_v2_unet_core/MANIFEST.md,
results/20260629_srr_v2_unet_core/aggregation_status.csv,
results/20260629_srr_v2_unet_core/aggregation_status.md,
results/20260629_srr_v2_unet_core/architecture_audit.md,
results/20260629_srr_v2_unet_core/architecture_contract.md,
results/20260629_srr_v2_unet_core/balanced_targeted_extras/aggregation_status.csv,
results/20260629_srr_v2_unet_core/balanced_targeted_extras/aggregation_status.md,
results/20260629_srr_v2_unet_core/balanced_targeted_extras/component_hd_by_case.csv,
results/20260629_srr_v2_unet_core/balanced_targeted_extras/decision.md,
results/20260629_srr_v2_unet_core/balanced_targeted_extras/metrics_summary.md,
results/20260629_srr_v2_unet_core/balanced_targeted_extras/preflight/variants/srr_v2_capacity12_balanced_lowmix/summary.json,
results/20260629_srr_v2_unet_core/balanced_targeted_extras/preflight/variants/srr_v2_capacity12_balanced_lowmix/summary.md,
results/20260629_srr_v2_unet_core/balanced_targeted_extras/preflight/variants/srr_v2_capacity12_balanced_lowmix/training_log.csv,
results/20260629_srr_v2_unet_core/balanced_targeted_extras/preflight/variants/srr_v2_capacity12_scar_precision_interact/summary.json,
results/20260629_srr_v2_unet_core/balanced_targeted_extras/preflight/variants/srr_v2_capacity12_scar_precision_interact/summary.md,
results/20260629_srr_v2_unet_core/balanced_targeted_extras/preflight/variants/srr_v2_capacity12_scar_precision_interact/training_log.csv,
results/20260629_srr_v2_unet_core/balanced_targeted_extras/proposal_metrics.csv,
results/20260629_srr_v2_unet_core/balanced_targeted_extras/prototype_usage.csv,
results/20260629_srr_v2_unet_core/balanced_targeted_extras/result.md,
results/20260629_srr_v2_unet_core/balanced_targeted_extras/retrieval_usage.md,
results/20260629_srr_v2_unet_core/balanced_targeted_extras/selection.md,
results/20260629_srr_v2_unet_core/balanced_targeted_extras/subgroup_metrics.csv,
results/20260629_srr_v2_unet_core/balanced_targeted_extras/variants/srr_v2_capacity12_balanced_lowmix/component_hd_by_case.csv,
results/20260629_srr_v2_unet_core/balanced_targeted_extras/variants/srr_v2_capacity12_balanced_lowmix/proposal_metrics.csv,
results/20260629_srr_v2_unet_core/balanced_targeted_extras/variants/srr_v2_capacity12_balanced_lowmix/prototype_usage.csv,
results/20260629_srr_v2_unet_core/balanced_targeted_extras/variants/srr_v2_capacity12_balanced_lowmix/subgroup_metrics.csv,
results/20260629_srr_v2_unet_core/balanced_targeted_extras/variants/srr_v2_capacity12_balanced_lowmix/summary.json,
results/20260629_srr_v2_unet_core/balanced_targeted_extras/variants/srr_v2_capacity12_balanced_lowmix/summary.md,
results/20260629_srr_v2_unet_core/balanced_targeted_extras/variants/srr_v2_capacity12_balanced_lowmix/training_log.csv,
results/20260629_srr_v2_unet_core/balanced_targeted_extras/variants/srr_v2_capacity12_scar_precision_interact/component_hd_by_case.csv,
results/20260629_srr_v2_unet_core/balanced_targeted_extras/variants/srr_v2_capacity12_scar_precision_interact/proposal_metrics.csv,
results/20260629_srr_v2_unet_core/balanced_targeted_extras/variants/srr_v2_capacity12_scar_precision_interact/prototype_usage.csv,
results/20260629_srr_v2_unet_core/balanced_targeted_extras/variants/srr_v2_capacity12_scar_precision_interact/subgroup_metrics.csv,
results/20260629_srr_v2_unet_core/balanced_targeted_extras/variants/srr_v2_capacity12_scar_precision_interact/summary.json,
results/20260629_srr_v2_unet_core/balanced_targeted_extras/variants/srr_v2_capacity12_scar_precision_interact/summary.md,
results/20260629_srr_v2_unet_core/balanced_targeted_extras/variants/srr_v2_capacity12_scar_precision_interact/training_log.csv,
results/20260629_srr_v2_unet_core/balanced_targeted_extras_cpu_preflight/variants/srr_v2_capacity12_balanced_lowmix/summary.json,
results/20260629_srr_v2_unet_core/balanced_targeted_extras_cpu_preflight/variants/srr_v2_capacity12_balanced_lowmix/summary.md,
results/20260629_srr_v2_unet_core/balanced_targeted_extras_cpu_preflight/variants/srr_v2_capacity12_balanced_lowmix/training_log.csv,
results/20260629_srr_v2_unet_core/balanced_targeted_extras_cpu_preflight/variants/srr_v2_capacity12_scar_precision_interact/summary.json,
results/20260629_srr_v2_unet_core/balanced_targeted_extras_cpu_preflight/variants/srr_v2_capacity12_scar_precision_interact/summary.md,
results/20260629_srr_v2_unet_core/balanced_targeted_extras_cpu_preflight/variants/srr_v2_capacity12_scar_precision_interact/training_log.csv,
results/20260629_srr_v2_unet_core/capacity_extras/aggregation_status.csv,
results/20260629_srr_v2_unet_core/capacity_extras/aggregation_status.md,
results/20260629_srr_v2_unet_core/capacity_extras/component_hd_by_case.csv,
results/20260629_srr_v2_unet_core/capacity_extras/decision.md,
results/20260629_srr_v2_unet_core/capacity_extras/metrics_summary.md,
results/20260629_srr_v2_unet_core/capacity_extras/preflight/variants/srr_v2_capacity12_hardneg/summary.json,
results/20260629_srr_v2_unet_core/capacity_extras/preflight/variants/srr_v2_capacity12_hardneg/summary.md,
results/20260629_srr_v2_unet_core/capacity_extras/preflight/variants/srr_v2_capacity12_hardneg/training_log.csv,
results/20260629_srr_v2_unet_core/capacity_extras/preflight/variants/srr_v2_capacity12_proposal/summary.json,
results/20260629_srr_v2_unet_core/capacity_extras/preflight/variants/srr_v2_capacity12_proposal/summary.md,
results/20260629_srr_v2_unet_core/capacity_extras/preflight/variants/srr_v2_capacity12_proposal/training_log.csv,
results/20260629_srr_v2_unet_core/capacity_extras/proposal_metrics.csv,
results/20260629_srr_v2_unet_core/capacity_extras/prototype_usage.csv,
results/20260629_srr_v2_unet_core/capacity_extras/result.md,
results/20260629_srr_v2_unet_core/capacity_extras/retrieval_usage.md,
results/20260629_srr_v2_unet_core/capacity_extras/selection.md,
results/20260629_srr_v2_unet_core/capacity_extras/subgroup_metrics.csv,
results/20260629_srr_v2_unet_core/capacity_extras/variants/srr_v2_capacity12_hardneg/component_hd_by_case.csv,
results/20260629_srr_v2_unet_core/capacity_extras/variants/srr_v2_capacity12_hardneg/proposal_metrics.csv,
results/20260629_srr_v2_unet_core/capacity_extras/variants/srr_v2_capacity12_hardneg/prototype_usage.csv,
results/20260629_srr_v2_unet_core/capacity_extras/variants/srr_v2_capacity12_hardneg/subgroup_metrics.csv,
results/20260629_srr_v2_unet_core/capacity_extras/variants/srr_v2_capacity12_hardneg/summary.json,
results/20260629_srr_v2_unet_core/capacity_extras/variants/srr_v2_capacity12_hardneg/summary.md,
results/20260629_srr_v2_unet_core/capacity_extras/variants/srr_v2_capacity12_hardneg/training_log.csv,
results/20260629_srr_v2_unet_core/capacity_extras/variants/srr_v2_capacity12_proposal/component_hd_by_case.csv,
results/20260629_srr_v2_unet_core/capacity_extras/variants/srr_v2_capacity12_proposal/proposal_metrics.csv,
results/20260629_srr_v2_unet_core/capacity_extras/variants/srr_v2_capacity12_proposal/prototype_usage.csv,
results/20260629_srr_v2_unet_core/capacity_extras/variants/srr_v2_capacity12_proposal/subgroup_metrics.csv,
results/20260629_srr_v2_unet_core/capacity_extras/variants/srr_v2_capacity12_proposal/summary.json,
results/20260629_srr_v2_unet_core/capacity_extras/variants/srr_v2_capacity12_proposal/summary.md,
results/20260629_srr_v2_unet_core/capacity_extras/variants/srr_v2_capacity12_proposal/training_log.csv,
results/20260629_srr_v2_unet_core/capacity_targeted_extras/aggregation_status.csv,
results/20260629_srr_v2_unet_core/capacity_targeted_extras/aggregation_status.md,
results/20260629_srr_v2_unet_core/capacity_targeted_extras/component_hd_by_case.csv,
results/20260629_srr_v2_unet_core/capacity_targeted_extras/decision.md,
results/20260629_srr_v2_unet_core/capacity_targeted_extras/metrics_summary.md,
results/20260629_srr_v2_unet_core/capacity_targeted_extras/preflight/variants/srr_v2_capacity12_edema_t2_focus/summary.json,
results/20260629_srr_v2_unet_core/capacity_targeted_extras/preflight/variants/srr_v2_capacity12_edema_t2_focus/summary.md,
results/20260629_srr_v2_unet_core/capacity_targeted_extras/preflight/variants/srr_v2_capacity12_edema_t2_focus/training_log.csv,
results/20260629_srr_v2_unet_core/capacity_targeted_extras/preflight/variants/srr_v2_capacity12_scar_precision_nointeract/summary.json,
results/20260629_srr_v2_unet_core/capacity_targeted_extras/preflight/variants/srr_v2_capacity12_scar_precision_nointeract/summary.md,
results/20260629_srr_v2_unet_core/capacity_targeted_extras/preflight/variants/srr_v2_capacity12_scar_precision_nointeract/training_log.csv,
results/20260629_srr_v2_unet_core/capacity_targeted_extras/proposal_metrics.csv,
results/20260629_srr_v2_unet_core/capacity_targeted_extras/prototype_usage.csv,
results/20260629_srr_v2_unet_core/capacity_targeted_extras/result.md,
results/20260629_srr_v2_unet_core/capacity_targeted_extras/retrieval_usage.md,
results/20260629_srr_v2_unet_core/capacity_targeted_extras/selection.md,
results/20260629_srr_v2_unet_core/capacity_targeted_extras/subgroup_metrics.csv,
results/20260629_srr_v2_unet_core/capacity_targeted_extras/variants/srr_v2_capacity12_edema_t2_focus/component_hd_by_case.csv,
results/20260629_srr_v2_unet_core/capacity_targeted_extras/variants/srr_v2_capacity12_edema_t2_focus/proposal_metrics.csv,
results/20260629_srr_v2_unet_core/capacity_targeted_extras/variants/srr_v2_capacity12_edema_t2_focus/prototype_usage.csv,
results/20260629_srr_v2_unet_core/capacity_targeted_extras/variants/srr_v2_capacity12_edema_t2_focus/subgroup_metrics.csv,
results/20260629_srr_v2_unet_core/capacity_targeted_extras/variants/srr_v2_capacity12_edema_t2_focus/summary.json,
results/20260629_srr_v2_unet_core/capacity_targeted_extras/variants/srr_v2_capacity12_edema_t2_focus/summary.md,
results/20260629_srr_v2_unet_core/capacity_targeted_extras/variants/srr_v2_capacity12_edema_t2_focus/training_log.csv,
results/20260629_srr_v2_unet_core/capacity_targeted_extras/variants/srr_v2_capacity12_scar_precision_nointeract/component_hd_by_case.csv,
results/20260629_srr_v2_unet_core/capacity_targeted_extras/variants/srr_v2_capacity12_scar_precision_nointeract/proposal_metrics.csv,
results/20260629_srr_v2_unet_core/capacity_targeted_extras/variants/srr_v2_capacity12_scar_precision_nointeract/prototype_usage.csv,
results/20260629_srr_v2_unet_core/capacity_targeted_extras/variants/srr_v2_capacity12_scar_precision_nointeract/subgroup_metrics.csv,
results/20260629_srr_v2_unet_core/capacity_targeted_extras/variants/srr_v2_capacity12_scar_precision_nointeract/summary.json,
results/20260629_srr_v2_unet_core/capacity_targeted_extras/variants/srr_v2_capacity12_scar_precision_nointeract/summary.md,
results/20260629_srr_v2_unet_core/capacity_targeted_extras/variants/srr_v2_capacity12_scar_precision_nointeract/training_log.csv,
results/20260629_srr_v2_unet_core/capacity_targeted_extras_cpu_preflight/README.md,
results/20260629_srr_v2_unet_core/capacity_targeted_extras_cpu_preflight/variants/srr_v2_capacity12_edema_t2_focus/summary.json,
results/20260629_srr_v2_unet_core/capacity_targeted_extras_cpu_preflight/variants/srr_v2_capacity12_edema_t2_focus/summary.md,
results/20260629_srr_v2_unet_core/capacity_targeted_extras_cpu_preflight/variants/srr_v2_capacity12_edema_t2_focus/training_log.csv,
results/20260629_srr_v2_unet_core/capacity_targeted_extras_cpu_preflight/variants/srr_v2_capacity12_scar_precision_nointeract/summary.json,
results/20260629_srr_v2_unet_core/capacity_targeted_extras_cpu_preflight/variants/srr_v2_capacity12_scar_precision_nointeract/summary.md,
results/20260629_srr_v2_unet_core/capacity_targeted_extras_cpu_preflight/variants/srr_v2_capacity12_scar_precision_nointeract/training_log.csv,
results/20260629_srr_v2_unet_core/combined_sources/component_hd_by_case.csv,
results/20260629_srr_v2_unet_core/combined_sources/decision.md,
results/20260629_srr_v2_unet_core/combined_sources/metrics_summary.md,
results/20260629_srr_v2_unet_core/combined_sources/proposal_metrics.csv,
results/20260629_srr_v2_unet_core/combined_sources/prototype_usage.csv,
results/20260629_srr_v2_unet_core/combined_sources/retrieval_usage.md,
results/20260629_srr_v2_unet_core/combined_sources/subgroup_metrics.csv,
results/20260629_srr_v2_unet_core/component_hd_by_case.csv,
results/20260629_srr_v2_unet_core/cpu_preflight/variants/srr_v2_multiscale_private_basic/summary.json,
results/20260629_srr_v2_unet_core/cpu_preflight/variants/srr_v2_multiscale_private_basic/summary.md,
results/20260629_srr_v2_unet_core/cpu_preflight/variants/srr_v2_multiscale_private_basic/training_log.csv,
results/20260629_srr_v2_unet_core/cpu_preflight/variants/srr_v2_multiscale_private_proposal/summary.json,
results/20260629_srr_v2_unet_core/cpu_preflight/variants/srr_v2_multiscale_private_proposal/summary.md,
results/20260629_srr_v2_unet_core/cpu_preflight/variants/srr_v2_multiscale_private_proposal/training_log.csv,
results/20260629_srr_v2_unet_core/cpu_preflight/variants/srr_v2_proposal_uncertainty_hardneg/summary.json,
results/20260629_srr_v2_unet_core/cpu_preflight/variants/srr_v2_proposal_uncertainty_hardneg/summary.md,
results/20260629_srr_v2_unet_core/cpu_preflight/variants/srr_v2_proposal_uncertainty_hardneg/training_log.csv,
results/20260629_srr_v2_unet_core/decision.md,
results/20260629_srr_v2_unet_core/decode_checkpoint_metrics.csv,
results/20260629_srr_v2_unet_core/failure_interpretation.md,
results/20260629_srr_v2_unet_core/light_refine_extras/aggregation_status.csv,
results/20260629_srr_v2_unet_core/light_refine_extras/aggregation_status.md,
results/20260629_srr_v2_unet_core/light_refine_extras/component_hd_by_case.csv,
results/20260629_srr_v2_unet_core/light_refine_extras/decision.md,
results/20260629_srr_v2_unet_core/light_refine_extras/metrics_summary.md,
results/20260629_srr_v2_unet_core/light_refine_extras/preflight/variants/srr_v2_light_refine_hardneg/summary.json,
results/20260629_srr_v2_unet_core/light_refine_extras/preflight/variants/srr_v2_light_refine_hardneg/summary.md,
results/20260629_srr_v2_unet_core/light_refine_extras/preflight/variants/srr_v2_light_refine_hardneg/training_log.csv,
results/20260629_srr_v2_unet_core/light_refine_extras/preflight/variants/srr_v2_light_refine_lowmix/summary.json,
results/20260629_srr_v2_unet_core/light_refine_extras/preflight/variants/srr_v2_light_refine_lowmix/summary.md,
results/20260629_srr_v2_unet_core/light_refine_extras/preflight/variants/srr_v2_light_refine_lowmix/training_log.csv,
results/20260629_srr_v2_unet_core/light_refine_extras/proposal_metrics.csv,
results/20260629_srr_v2_unet_core/light_refine_extras/prototype_usage.csv,
results/20260629_srr_v2_unet_core/light_refine_extras/result.md,
results/20260629_srr_v2_unet_core/light_refine_extras/retrieval_usage.md,
results/20260629_srr_v2_unet_core/light_refine_extras/selection.md,
results/20260629_srr_v2_unet_core/light_refine_extras/subgroup_metrics.csv,
results/20260629_srr_v2_unet_core/light_refine_extras/variants/srr_v2_light_refine_hardneg/component_hd_by_case.csv,
results/20260629_srr_v2_unet_core/light_refine_extras/variants/srr_v2_light_refine_hardneg/proposal_metrics.csv,
results/20260629_srr_v2_unet_core/light_refine_extras/variants/srr_v2_light_refine_hardneg/prototype_usage.csv,
results/20260629_srr_v2_unet_core/light_refine_extras/variants/srr_v2_light_refine_hardneg/subgroup_metrics.csv,
results/20260629_srr_v2_unet_core/light_refine_extras/variants/srr_v2_light_refine_hardneg/summary.json,
results/20260629_srr_v2_unet_core/light_refine_extras/variants/srr_v2_light_refine_hardneg/summary.md,
results/20260629_srr_v2_unet_core/light_refine_extras/variants/srr_v2_light_refine_hardneg/training_log.csv,
results/20260629_srr_v2_unet_core/light_refine_extras/variants/srr_v2_light_refine_lowmix/component_hd_by_case.csv,
results/20260629_srr_v2_unet_core/light_refine_extras/variants/srr_v2_light_refine_lowmix/proposal_metrics.csv,
results/20260629_srr_v2_unet_core/light_refine_extras/variants/srr_v2_light_refine_lowmix/prototype_usage.csv,
results/20260629_srr_v2_unet_core/light_refine_extras/variants/srr_v2_light_refine_lowmix/subgroup_metrics.csv,
results/20260629_srr_v2_unet_core/light_refine_extras/variants/srr_v2_light_refine_lowmix/summary.json,
results/20260629_srr_v2_unet_core/light_refine_extras/variants/srr_v2_light_refine_lowmix/summary.md,
results/20260629_srr_v2_unet_core/light_refine_extras/variants/srr_v2_light_refine_lowmix/training_log.csv,
results/20260629_srr_v2_unet_core/metrics_summary.md,
results/20260629_srr_v2_unet_core/proposal_metrics.csv,
results/20260629_srr_v2_unet_core/prototype_usage.csv,
results/20260629_srr_v2_unet_core/result.md,
results/20260629_srr_v2_unet_core/retrieval_usage.md,
results/20260629_srr_v2_unet_core/selection.md,
results/20260629_srr_v2_unet_core/subgroup_metrics.csv,
results/20260629_srr_v2_unet_core/targeted_extras/aggregation_status.csv,
results/20260629_srr_v2_unet_core/targeted_extras/aggregation_status.md,
results/20260629_srr_v2_unet_core/targeted_extras/component_hd_by_case.csv,
results/20260629_srr_v2_unet_core/targeted_extras/decision.md,
results/20260629_srr_v2_unet_core/targeted_extras/metrics_summary.md,
results/20260629_srr_v2_unet_core/targeted_extras/preflight/variants/srr_v2_edema_t2_focus/summary.json,
results/20260629_srr_v2_unet_core/targeted_extras/preflight/variants/srr_v2_edema_t2_focus/summary.md,
results/20260629_srr_v2_unet_core/targeted_extras/preflight/variants/srr_v2_edema_t2_focus/training_log.csv,
results/20260629_srr_v2_unet_core/targeted_extras/preflight/variants/srr_v2_scar_precision_nointeract/summary.json,
results/20260629_srr_v2_unet_core/targeted_extras/preflight/variants/srr_v2_scar_precision_nointeract/summary.md,
results/20260629_srr_v2_unet_core/targeted_extras/preflight/variants/srr_v2_scar_precision_nointeract/training_log.csv,
results/20260629_srr_v2_unet_core/targeted_extras/proposal_metrics.csv,
results/20260629_srr_v2_unet_core/targeted_extras/prototype_usage.csv,
results/20260629_srr_v2_unet_core/targeted_extras/result.md,
results/20260629_srr_v2_unet_core/targeted_extras/retrieval_usage.md,
results/20260629_srr_v2_unet_core/targeted_extras/selection.md,
results/20260629_srr_v2_unet_core/targeted_extras/subgroup_metrics.csv,
results/20260629_srr_v2_unet_core/targeted_extras/variants/srr_v2_edema_t2_focus/component_hd_by_case.csv,
results/20260629_srr_v2_unet_core/targeted_extras/variants/srr_v2_edema_t2_focus/proposal_metrics.csv,
results/20260629_srr_v2_unet_core/targeted_extras/variants/srr_v2_edema_t2_focus/prototype_usage.csv,
results/20260629_srr_v2_unet_core/targeted_extras/variants/srr_v2_edema_t2_focus/subgroup_metrics.csv,
results/20260629_srr_v2_unet_core/targeted_extras/variants/srr_v2_edema_t2_focus/summary.json,
results/20260629_srr_v2_unet_core/targeted_extras/variants/srr_v2_edema_t2_focus/summary.md,
results/20260629_srr_v2_unet_core/targeted_extras/variants/srr_v2_edema_t2_focus/training_log.csv,
results/20260629_srr_v2_unet_core/targeted_extras/variants/srr_v2_scar_precision_nointeract/component_hd_by_case.csv,
results/20260629_srr_v2_unet_core/targeted_extras/variants/srr_v2_scar_precision_nointeract/proposal_metrics.csv,
results/20260629_srr_v2_unet_core/targeted_extras/variants/srr_v2_scar_precision_nointeract/prototype_usage.csv,
results/20260629_srr_v2_unet_core/targeted_extras/variants/srr_v2_scar_precision_nointeract/subgroup_metrics.csv,
results/20260629_srr_v2_unet_core/targeted_extras/variants/srr_v2_scar_precision_nointeract/summary.json,
results/20260629_srr_v2_unet_core/targeted_extras/variants/srr_v2_scar_precision_nointeract/summary.md,
results/20260629_srr_v2_unet_core/targeted_extras/variants/srr_v2_scar_precision_nointeract/training_log.csv,
results/20260629_srr_v2_unet_core/targeted_extras_a100/aggregation_status.csv,
results/20260629_srr_v2_unet_core/targeted_extras_a100/aggregation_status.md,
results/20260629_srr_v2_unet_core/targeted_extras_cpu_preflight/README.md,
results/20260629_srr_v2_unet_core/targeted_extras_cpu_preflight/variants/srr_v2_edema_t2_focus/summary.json,
results/20260629_srr_v2_unet_core/targeted_extras_cpu_preflight/variants/srr_v2_edema_t2_focus/summary.md,
results/20260629_srr_v2_unet_core/targeted_extras_cpu_preflight/variants/srr_v2_edema_t2_focus/training_log.csv,
results/20260629_srr_v2_unet_core/targeted_extras_cpu_preflight/variants/srr_v2_scar_precision_nointeract/summary.json,
results/20260629_srr_v2_unet_core/targeted_extras_cpu_preflight/variants/srr_v2_scar_precision_nointeract/summary.md,
results/20260629_srr_v2_unet_core/targeted_extras_cpu_preflight/variants/srr_v2_scar_precision_nointeract/training_log.csv,
results/20260629_srr_v2_unet_core/targeted_extras_volta/aggregation_status.csv,
results/20260629_srr_v2_unet_core/targeted_extras_volta/aggregation_status.md,
results/20260629_srr_v2_unet_core/test_summary.md,
results/20260629_srr_v2_unet_core/variant_matrix.md,
results/20260629_srr_v2_unet_core/variants/srr_v2_multiscale_private_basic/component_hd_by_case.csv,
results/20260629_srr_v2_unet_core/variants/srr_v2_multiscale_private_basic/subgroup_metrics.csv,
results/20260629_srr_v2_unet_core/variants/srr_v2_multiscale_private_basic/summary.json,
results/20260629_srr_v2_unet_core/variants/srr_v2_multiscale_private_basic/summary.md,
results/20260629_srr_v2_unet_core_htzhulab_fallback/variants/srr_v2_multiscale_private_proposal/component_hd_by_case.csv,
results/20260629_srr_v2_unet_core_htzhulab_fallback/variants/srr_v2_multiscale_private_proposal/proposal_metrics.csv,
results/20260629_srr_v2_unet_core_htzhulab_fallback/variants/srr_v2_multiscale_private_proposal/prototype_usage.csv,
results/20260629_srr_v2_unet_core_htzhulab_fallback/variants/srr_v2_multiscale_private_proposal/subgroup_metrics.csv,
results/20260629_srr_v2_unet_core_htzhulab_fallback/variants/srr_v2_multiscale_private_proposal/summary.json,
results/20260629_srr_v2_unet_core_htzhulab_fallback/variants/srr_v2_multiscale_private_proposal/summary.md,
results/20260629_srr_v2_unet_core_htzhulab_fallback/variants/srr_v2_multiscale_private_proposal/training_log.csv,
results/20260629_srr_v2_unet_core_htzhulab_fallback/variants/srr_v2_proposal_uncertainty_hardneg/component_hd_by_case.csv,
results/20260629_srr_v2_unet_core_htzhulab_fallback/variants/srr_v2_proposal_uncertainty_hardneg/proposal_metrics.csv,
results/20260629_srr_v2_unet_core_htzhulab_fallback/variants/srr_v2_proposal_uncertainty_hardneg/prototype_usage.csv,
results/20260629_srr_v2_unet_core_htzhulab_fallback/variants/srr_v2_proposal_uncertainty_hardneg/subgroup_metrics.csv,
results/20260629_srr_v2_unet_core_htzhulab_fallback/variants/srr_v2_proposal_uncertainty_hardneg/summary.json,
results/20260629_srr_v2_unet_core_htzhulab_fallback/variants/srr_v2_proposal_uncertainty_hardneg/summary.md,
results/20260629_srr_v2_unet_core_htzhulab_fallback/variants/srr_v2_proposal_uncertainty_hardneg/training_log.csv,
results/20260629_true_soft_roi_refine/MANIFEST.md,
results/20260629_true_soft_roi_refine/result.md,
results/20260629_true_soft_roi_refine/roi_sanity.csv,
results/20260629_true_soft_roi_refine/selection.md,
results/20260703_anchor_refine_learned/MANIFEST.md,
results/20260703_anchor_refine_learned/component_hd_by_case.csv,
results/20260703_anchor_refine_learned/failure_interpretation.md,
results/20260703_anchor_refine_learned/label_export_qc.md,
results/20260703_anchor_refine_learned/metrics_summary.md,
results/20260703_anchor_refine_learned/one_batch_overfit.md,
results/20260703_anchor_refine_learned/result.md,
results/20260703_anchor_refine_learned/review.md,
results/20260703_anchor_refine_learned/subgroup_metrics.csv,
results/20260703_anchor_refine_learned/teacher_student_delta.csv,
results/20260703_anchor_refine_learned/training_summary.md,
results/20260703_care_handoff/MANIFEST.md,
results/20260703_care_handoff/result.md,
results/20260703_care_handoff/review.md,
results/20260703_cine_motion/result.md,
results/20260703_cine_motion/review.md,
results/20260703_cine_temporal_resume/MANIFEST.md,
results/20260703_cine_temporal_resume/anatomy_prior_adapter_audit.md,
results/20260703_cine_temporal_resume/case_metrics.csv,
results/20260703_cine_temporal_resume/center_summary_metrics.csv,
results/20260703_cine_temporal_resume/failure_interpretation.md,
results/20260703_cine_temporal_resume/label_export_qc.md,
results/20260703_cine_temporal_resume/mismatch_cases_heldout.csv,
results/20260703_cine_temporal_resume/motion_or_warp_metrics.csv,
results/20260703_cine_temporal_resume/motion_or_warp_summary.csv,
results/20260703_cine_temporal_resume/reference_frame_contract.md,
results/20260703_cine_temporal_resume/resource_audit.md,
results/20260703_cine_temporal_resume/result.md,
results/20260703_cine_temporal_resume/review.md,
results/20260703_cine_temporal_resume/safe_cases_used.csv,
results/20260703_cine_temporal_resume/summary_metrics.csv,
results/20260703_cine_temporal_resume/temporal_metrics_summary.md,
results/20260703_cine_temporal_resume/warp_sanity.csv,
results/20260703_diagnostic_publication_gate/MANIFEST.md,
results/20260703_diagnostic_publication_gate/result.md,
results/20260703_diagnostic_publication_gate/review.md,
results/20260703_experiment_adequacy_gate/MANIFEST.md,
results/20260703_experiment_adequacy_gate/result.md,
results/20260703_experiment_adequacy_gate/review.md,
results/20260703_hardmode_goal/controller_report.md,
results/20260703_hardmode_goal/execution_plan.md,
results/20260703_mainline_resume_goal/MANIFEST.md,
results/20260703_mainline_resume_goal/controller_report.md,
results/20260703_mainline_resume_goal/execution_plan.md,
results/20260703_myops_alignment_gate/result.md,
results/20260703_myops_alignment_gate/review.md,
results/20260703_myops_anchor_refine/metrics_summary.md,
results/20260703_myops_anchor_refine/result.md,
results/20260703_myops_anchor_refine/review.md,
results/20260703_myops_anchor_refine/teacher_student_delta.csv,
results/20260703_myops_audit/result.md,
results/20260703_myops_audit/review.md,
results/20260703_myops_fp_control/result.md,
results/20260703_myops_fp_control/review.md,
results/20260703_myops_srr_propose_refine/metrics_summary.md,
results/20260703_myops_srr_propose_refine/proposal_metrics.csv,
results/20260703_myops_srr_propose_refine/provenance_reconciliation.md,
results/20260703_myops_srr_propose_refine/result.md,
results/20260703_myops_srr_propose_refine/review.md,
results/20260703_myops_srr_propose_refine/smoke/variants/srr_propref_shared_dual_dict/summary.json,
results/20260703_myops_srr_propose_refine/smoke/variants/srr_propref_shared_dual_dict/training_log.csv,
results/20260703_myops_srr_propose_refine/subgroup_metrics.csv,
results/20260703_myops_srr_propose_refine/training_schedule.md,
results/20260703_myops_srr_propose_refine/variant_matrix.csv,
results/20260703_myops_srr_propose_refine/variant_provenance.csv,
results/20260703_myops_srr_propose_refine/variants/srr_propref_no_proto_cascade/summary.json,
results/20260703_myops_srr_propose_refine/variants/srr_propref_no_proto_cascade/training_log.csv,
results/20260703_myops_srr_propose_refine/variants/srr_propref_scar_precision/summary.json,
results/20260703_myops_srr_propose_refine/variants/srr_propref_scar_precision/training_log.csv,
results/20260703_myops_srr_propose_refine/variants/srr_propref_shared_dual_dict/summary.json,
results/20260703_myops_srr_propose_refine/variants/srr_propref_shared_dual_dict/training_log.csv,
results/20260703_nnunet_oof_component/MANIFEST.md,
results/20260703_nnunet_oof_component/component_action_table.csv,
results/20260703_nnunet_oof_component/component_feature_table.csv,
results/20260703_nnunet_oof_component/component_hd_by_case.csv,
results/20260703_nnunet_oof_component/failure_interpretation.md,
results/20260703_nnunet_oof_component/label_export_qc.md,
results/20260703_nnunet_oof_component/metrics_summary.md,
results/20260703_nnunet_oof_component/oof_threshold_grid.csv,
results/20260703_nnunet_oof_component/oof_training_summary.md,
results/20260703_nnunet_oof_component/result.md,
results/20260703_nnunet_oof_component/review.md,
results/20260703_nnunet_oof_component/subgroup_metrics.csv,
results/20260703_nnunet_oof_component/train_oof_protocol.md,
results/20260703_srr_failure_audit/MANIFEST.md,
results/20260703_srr_failure_audit/checkpoint_policy_audit.md,
results/20260703_srr_failure_audit/decode_sanity_audit.md,
results/20260703_srr_failure_audit/experiment_adequacy_report.md,
results/20260703_srr_failure_audit/proposal_failure_audit.md,
results/20260703_srr_failure_audit/required_revision_plan.md,
results/20260703_srr_failure_audit/result.md,
results/20260703_srr_failure_audit/review.md,
results/20260703_srr_formal_training/MANIFEST.md,
results/20260703_srr_formal_training/checkpoint_policy.md,
results/20260703_srr_formal_training/component_hd_by_case.csv,
results/20260703_srr_formal_training/experiment_adequacy_report.md,
results/20260703_srr_formal_training/failure_interpretation.md,
results/20260703_srr_formal_training/job_status.md,
results/20260703_srr_formal_training/label_export_qc.md,
results/20260703_srr_formal_training/metrics_summary.md,
results/20260703_srr_formal_training/one_batch_overfit.md,
results/20260703_srr_formal_training/prediction_sanity.md,
results/20260703_srr_formal_training/proposal_pr_sweep.csv,
results/20260703_srr_formal_training/result.md,
results/20260703_srr_formal_training/review.md,
results/20260703_srr_formal_training/roi_coverage.csv,
results/20260703_srr_formal_training/subgroup_metrics.csv,
results/20260703_srr_formal_training/variants/srr_propref_no_proto_cascade/summary.json,
results/20260703_srr_formal_training/variants/srr_propref_no_proto_cascade/training_log.csv,
results/20260703_srr_formal_training/variants/srr_propref_scar_precision/summary.json,
results/20260703_srr_formal_training/variants/srr_propref_scar_precision/training_log.csv,
results/20260703_srr_formal_training/variants/srr_propref_shared_dual_dict/summary.json,
results/20260703_srr_formal_training/variants/srr_propref_shared_dual_dict/training_log.csv,
results/20260703_srr_propref_repair/MANIFEST.md,
results/20260703_srr_propref_repair/checkpoint_policy.md,
results/20260703_srr_propref_repair/component_hd_by_case.csv,
results/20260703_srr_propref_repair/experiment_adequacy_report.md,
results/20260703_srr_propref_repair/failure_interpretation.md,
results/20260703_srr_propref_repair/label_export_qc.md,
results/20260703_srr_propref_repair/metrics_summary.md,
results/20260703_srr_propref_repair/one_batch_overfit.md,
results/20260703_srr_propref_repair/prediction_sanity.md,
results/20260703_srr_propref_repair/proposal_pr_sweep.csv,
results/20260703_srr_propref_repair/result.md,
results/20260703_srr_propref_repair/review.md,
results/20260703_srr_propref_repair/roi_coverage.csv,
results/20260703_srr_propref_repair/subgroup_metrics.csv,
results/20260703_srr_recovery_goal/MANIFEST.md,
results/20260703_srr_recovery_goal/controller_report.md,
results/20260703_srr_recovery_goal/execution_plan.md,
results/20260704_anchor_srr_forensic_repro_audit/MANIFEST.md,
results/20260704_anchor_srr_forensic_repro_audit/diagnostic_packet_risk_assessment.md,
results/20260704_anchor_srr_forensic_repro_audit/exact_code_used_by_slurm_57782211.md,
results/20260704_anchor_srr_forensic_repro_audit/implementation_claim_truth_table.md,
results/20260704_anchor_srr_forensic_repro_audit/recommended_next_action.md,
results/20260704_anchor_srr_forensic_repro_audit/repo_vs_runtime_diff.md,
results/20260704_anchor_srr_forensic_repro_audit/result.md,
results/20260704_anchor_srr_forensic_repro_audit/review.md,
results/20260704_anchor_srr_forensic_repro_audit/source_line_evidence.md,
results/20260704_anchor_srr_forensic_repro_audit/uncommitted_required_evidence.md,
results/20260704_anchor_srr_v25_goal/MANIFEST.md,
results/20260704_anchor_srr_v25_goal/audit_summary.md,
results/20260704_anchor_srr_v25_goal/controller_report.md,
results/20260704_anchor_srr_v25_goal/execution_plan.md,
results/20260704_anchor_srr_v25_goal/subagents/controller_start_prompt.md,
results/20260704_cine_full_cinema_registration/MANIFEST.md,
results/20260704_cine_full_cinema_registration/asset_registry.md,
results/20260704_cine_full_cinema_registration/cinema_status.md,
results/20260704_cine_full_cinema_registration/metrics_summary.md,
results/20260704_cine_full_cinema_registration/registration_option_matrix.md,
results/20260704_cine_full_cinema_registration/resource_log.md,
results/20260704_cine_full_cinema_registration/result.md,
results/20260704_cine_full_cinema_registration/syn_probe_summary.json,
results/20260704_cine_full_cinema_registration/syn_voxelmorph_probe.csv,
results/20260704_cine_full_cinema_registration/voxelmorph_adapter_probe.csv,
results/20260704_cine_full_cinema_registration/voxelmorph_adapter_probe_summary.json,
results/20260704_cine_full_cinema_registration/warp_sanity.csv,
results/20260704_cine_temporal_motion_resume/MANIFEST.md,
results/20260704_cine_temporal_motion_resume/review.md,
results/20260704_myops_anchor_srr_fold0_formal/MANIFEST.md,
results/20260704_myops_anchor_srr_fold0_formal/checkpoint_policy.md,
results/20260704_myops_anchor_srr_fold0_formal/command_transcript.md,
results/20260704_myops_anchor_srr_fold0_formal/component_hd_by_case.csv,
results/20260704_myops_anchor_srr_fold0_formal/dictionary_stats.csv,
results/20260704_myops_anchor_srr_fold0_formal/experiment_adequacy_report.md,
results/20260704_myops_anchor_srr_fold0_formal/failure_interpretation.md,
results/20260704_myops_anchor_srr_fold0_formal/job_status.md,
results/20260704_myops_anchor_srr_fold0_formal/label_export_qc.md,
results/20260704_myops_anchor_srr_fold0_formal/loss_stage_status.md,
results/20260704_myops_anchor_srr_fold0_formal/metrics_summary.md,
results/20260704_myops_anchor_srr_fold0_formal/no_t2_decode_sanity.csv,
results/20260704_myops_anchor_srr_fold0_formal/one_batch_overfit.md,
results/20260704_myops_anchor_srr_fold0_formal/prediction_sanity.md,
results/20260704_myops_anchor_srr_fold0_formal/proposal_pr_sweep.csv,
results/20260704_myops_anchor_srr_fold0_formal/result.md,
results/20260704_myops_anchor_srr_fold0_formal/review.md,
results/20260704_myops_anchor_srr_fold0_formal/subgroup_metrics.csv,
results/20260704_myops_anchor_srr_fold0_formal/training_curves.csv,
results/20260704_myops_anchor_srr_fold0_formal/validation_curve.csv,
results/20260704_myops_anchor_srr_fold0_formal/variants/srr_propref_no_proto_cascade/configs/run_config.env,
results/20260704_myops_anchor_srr_fold0_formal/variants/srr_propref_no_proto_cascade/one_batch_overfit.csv,
results/20260704_myops_anchor_srr_fold0_formal/variants/srr_propref_no_proto_cascade/one_batch_overfit.json,
results/20260704_myops_anchor_srr_fold0_formal/variants/srr_propref_no_proto_cascade/prototype_update_sanity_formal.csv,
results/20260704_myops_anchor_srr_fold0_formal/variants/srr_propref_no_proto_cascade/summary.json,
results/20260704_myops_anchor_srr_fold0_formal/variants/srr_propref_no_proto_cascade/training_log.csv,
results/20260704_myops_anchor_srr_fold0_formal/variants/srr_propref_no_proto_cascade/validation_events.csv,
results/20260704_myops_anchor_srr_fold0_formal/variants/srr_propref_scar_precision/configs/run_config.env,
results/20260704_myops_anchor_srr_fold0_formal/variants/srr_propref_scar_precision/one_batch_overfit.csv,
results/20260704_myops_anchor_srr_fold0_formal/variants/srr_propref_scar_precision/one_batch_overfit.json,
results/20260704_myops_anchor_srr_fold0_formal/variants/srr_propref_scar_precision/prototype_update_sanity_formal.csv,
results/20260704_myops_anchor_srr_fold0_formal/variants/srr_propref_scar_precision/summary.json,
results/20260704_myops_anchor_srr_fold0_formal/variants/srr_propref_scar_precision/training_log.csv,
results/20260704_myops_anchor_srr_fold0_formal/variants/srr_propref_scar_precision/validation_events.csv,
results/20260704_myops_anchor_srr_fold0_formal/variants/srr_propref_shared_dual_dict/configs/run_config.env,
results/20260704_myops_anchor_srr_fold0_formal/variants/srr_propref_shared_dual_dict/one_batch_overfit.csv,
results/20260704_myops_anchor_srr_fold0_formal/variants/srr_propref_shared_dual_dict/one_batch_overfit.json,
results/20260704_myops_anchor_srr_fold0_formal/variants/srr_propref_shared_dual_dict/prototype_update_sanity_formal.csv,
results/20260704_myops_anchor_srr_fold0_formal/variants/srr_propref_shared_dual_dict/summary.json,
results/20260704_myops_anchor_srr_fold0_formal/variants/srr_propref_shared_dual_dict/training_log.csv,
results/20260704_myops_anchor_srr_fold0_formal/variants/srr_propref_shared_dual_dict/validation_events.csv,
results/20260704_srr_v25_anatomy_distance_roi_prior/MANIFEST.md,
results/20260704_srr_v25_anatomy_distance_roi_prior/result.md,
results/20260704_srr_v25_anti_laziness_acceptance_tests/MANIFEST.md,
results/20260704_srr_v25_anti_laziness_acceptance_tests/result.md,
results/20260704_srr_v25_baseline_preserving_residual_gate/MANIFEST.md,
results/20260704_srr_v25_baseline_preserving_residual_gate/result.md,
results/20260704_srr_v25_compliance_audit/MANIFEST.md,
results/20260704_srr_v25_compliance_audit/audit_notes.md,
results/20260704_srr_v25_compliance_audit/code_path_inventory.md,
results/20260704_srr_v25_compliance_audit/diagram_contract_mapping.md,
results/20260704_srr_v25_compliance_audit/failure_root_cause.md,
results/20260704_srr_v25_compliance_audit/implementation_recommendation.md,
results/20260704_srr_v25_compliance_audit/nnunet_anchor_gap.md,
results/20260704_srr_v25_compliance_audit/result.md,
results/20260704_srr_v25_compliance_audit/v25_gap_table.csv,
results/20260704_srr_v25_dictionary_semantic_retrieval/MANIFEST.md,
results/20260704_srr_v25_dictionary_semantic_retrieval/result.md,
results/20260704_srr_v25_encoder_context_interface/MANIFEST.md,
results/20260704_srr_v25_encoder_context_interface/result.md,
results/20260704_srr_v25_failure_analysis_overlay/MANIFEST.md,
results/20260704_srr_v25_failure_analysis_overlay/bounded_matrix_overlay/bounded_matrix_overlay_dictionary_trace.csv,
results/20260704_srr_v25_failure_analysis_overlay/bounded_matrix_overlay/bounded_matrix_overlay_proposal_refiner.csv,
results/20260704_srr_v25_failure_analysis_overlay/bounded_matrix_overlay/bounded_matrix_overlay_residual_gate_trace.csv,
results/20260704_srr_v25_failure_analysis_overlay/bounded_matrix_overlay/bounded_matrix_overlay_summary.md,
results/20260704_srr_v25_failure_analysis_overlay/bounded_matrix_overlay/bounded_matrix_overlay_taxonomy.csv,
results/20260704_srr_v25_failure_analysis_overlay/hard_case_summary.md,
results/20260704_srr_v25_failure_analysis_overlay/pre_training_decision.md,
results/20260704_srr_v25_failure_analysis_overlay/result.md,
results/20260704_srr_v25_final_readonly_audit/MANIFEST.md,
results/20260704_srr_v25_final_readonly_audit/ablation_review.md,
results/20260704_srr_v25_final_readonly_audit/anti_laziness_report.md,
results/20260704_srr_v25_final_readonly_audit/claim_table.md,
results/20260704_srr_v25_final_readonly_audit/hard_subgroup_review.md,
results/20260704_srr_v25_final_readonly_audit/promotion_or_stop_decision.md,
results/20260704_srr_v25_final_readonly_audit/review.md,
results/20260704_srr_v25_final_readonly_audit/runtime_evidence.md,
results/20260704_srr_v25_final_readonly_audit/same_split_metric_review.md,
results/20260704_srr_v25_final_readonly_audit/source_line_evidence.md,
results/20260704_srr_v25_full_completion_goal/MANIFEST.md,
results/20260704_srr_v25_full_completion_goal/controller_report.md,
results/20260704_srr_v25_full_completion_goal/execution_plan.md,
results/20260704_srr_v25_gap_matrix_and_contract/MANIFEST.md,
results/20260704_srr_v25_gap_matrix_and_contract/result.md,
results/20260704_srr_v25_local_refinement_ablation/MANIFEST.md,
results/20260704_srr_v25_local_refinement_ablation/result.md,
results/20260704_srr_v25_pathology_proposal_decoders/MANIFEST.md,
results/20260704_srr_v25_pathology_proposal_decoders/result.md,
results/20260704_srr_v25_prototype_bank_cache/MANIFEST.md,
results/20260704_srr_v25_prototype_bank_cache/result.md,
results/20260704_srr_v25_training_ablation_matrix/MANIFEST.md,
results/20260704_srr_v25_training_ablation_matrix/ablation_summary.csv,
results/20260704_srr_v25_training_ablation_matrix/bounded_matrix_summary.csv,
results/20260704_srr_v25_training_ablation_matrix/full_fold0_eval/full_fold0_eval_summary.md,
results/20260704_srr_v25_training_ablation_matrix/full_fold0_eval/help_harm/srr_propref_no_proto_cascade/ablation_summary.csv,
results/20260704_srr_v25_training_ablation_matrix/full_fold0_eval/help_harm/srr_propref_no_proto_cascade/help_harm_manifest.json,
results/20260704_srr_v25_training_ablation_matrix/full_fold0_eval/help_harm/srr_propref_scar_precision/ablation_summary.csv,
results/20260704_srr_v25_training_ablation_matrix/full_fold0_eval/help_harm/srr_propref_scar_precision/help_harm_manifest.json,
results/20260704_srr_v25_training_ablation_matrix/full_fold0_eval/help_harm/srr_propref_shared_dual_dict/ablation_summary.csv,
results/20260704_srr_v25_training_ablation_matrix/full_fold0_eval/help_harm/srr_propref_shared_dual_dict/help_harm_manifest.json,
results/20260704_srr_v25_training_ablation_matrix/full_fold0_eval/help_harm/srr_v25_no_anatomy_roi/ablation_summary.csv,
results/20260704_srr_v25_training_ablation_matrix/full_fold0_eval/help_harm/srr_v25_no_anatomy_roi/help_harm_manifest.json,
results/20260704_srr_v25_training_ablation_matrix/full_fold0_eval/help_harm/srr_v25_no_anchor/ablation_summary.csv,
results/20260704_srr_v25_training_ablation_matrix/full_fold0_eval/help_harm/srr_v25_no_anchor/help_harm_manifest.json,
results/20260704_srr_v25_training_ablation_matrix/full_fold0_eval/help_harm/srr_v25_no_local_refine/ablation_summary.csv,
results/20260704_srr_v25_training_ablation_matrix/full_fold0_eval/help_harm/srr_v25_no_local_refine/help_harm_manifest.json,
results/20260704_srr_v25_training_ablation_matrix/full_fold0_eval/manifest.json,
results/20260704_srr_v25_training_ablation_matrix/full_fold0_eval/variants/srr_propref_no_proto_cascade/bounded_source_summary.json,
results/20260704_srr_v25_training_ablation_matrix/full_fold0_eval/variants/srr_propref_no_proto_cascade/component_hd_by_case_checkpoint_final_full_fold0.csv,
results/20260704_srr_v25_training_ablation_matrix/full_fold0_eval/variants/srr_propref_no_proto_cascade/subgroup_metrics_checkpoint_final_full_fold0.csv,
results/20260704_srr_v25_training_ablation_matrix/full_fold0_eval/variants/srr_propref_scar_precision/bounded_source_summary.json,
results/20260704_srr_v25_training_ablation_matrix/full_fold0_eval/variants/srr_propref_scar_precision/component_hd_by_case_checkpoint_final_full_fold0.csv,
results/20260704_srr_v25_training_ablation_matrix/full_fold0_eval/variants/srr_propref_scar_precision/subgroup_metrics_checkpoint_final_full_fold0.csv,
results/20260704_srr_v25_training_ablation_matrix/full_fold0_eval/variants/srr_propref_shared_dual_dict/bounded_source_summary.json,
results/20260704_srr_v25_training_ablation_matrix/full_fold0_eval/variants/srr_propref_shared_dual_dict/component_hd_by_case_checkpoint_final_full_fold0.csv,
results/20260704_srr_v25_training_ablation_matrix/full_fold0_eval/variants/srr_propref_shared_dual_dict/subgroup_metrics_checkpoint_final_full_fold0.csv,
results/20260704_srr_v25_training_ablation_matrix/full_fold0_eval/variants/srr_v25_no_anatomy_roi/bounded_source_summary.json,
results/20260704_srr_v25_training_ablation_matrix/full_fold0_eval/variants/srr_v25_no_anatomy_roi/component_hd_by_case_checkpoint_final_full_fold0.csv,
results/20260704_srr_v25_training_ablation_matrix/full_fold0_eval/variants/srr_v25_no_anatomy_roi/subgroup_metrics_checkpoint_final_full_fold0.csv,
results/20260704_srr_v25_training_ablation_matrix/full_fold0_eval/variants/srr_v25_no_anchor/bounded_source_summary.json,
results/20260704_srr_v25_training_ablation_matrix/full_fold0_eval/variants/srr_v25_no_anchor/component_hd_by_case_checkpoint_final_full_fold0.csv,
results/20260704_srr_v25_training_ablation_matrix/full_fold0_eval/variants/srr_v25_no_anchor/subgroup_metrics_checkpoint_final_full_fold0.csv,
results/20260704_srr_v25_training_ablation_matrix/full_fold0_eval/variants/srr_v25_no_local_refine/bounded_source_summary.json,
results/20260704_srr_v25_training_ablation_matrix/full_fold0_eval/variants/srr_v25_no_local_refine/component_hd_by_case_checkpoint_final_full_fold0.csv,
results/20260704_srr_v25_training_ablation_matrix/full_fold0_eval/variants/srr_v25_no_local_refine/subgroup_metrics_checkpoint_final_full_fold0.csv,
results/20260704_srr_v25_training_ablation_matrix/help_harm_vs_nnunet.csv,
results/20260704_srr_v25_training_ablation_matrix/mechanism_decision.md,
results/20260704_srr_v25_training_ablation_matrix/result.md,
results/20260704_srr_v25_training_ablation_matrix/same_split_metrics.md,
results/20260704_srr_v25_training_ablation_matrix/subgroup_metrics.csv,
results/20260704_srr_v25_training_ablation_matrix/training_curves.csv,
results/20260704_srr_v25_training_ablation_matrix/variant_matrix.md,
results/20260704_srr_v25_training_objectives_ablation/MANIFEST.md,
results/20260704_srr_v25_training_objectives_ablation/result.md,
results/20260704_srr_v25_visual_contract_lock/MANIFEST.md,
results/20260704_srr_v25_visual_contract_lock/result.md,
results/20260705_handoff_hard_gate_repair/MANIFEST.md,
results/20260705_handoff_hard_gate_repair/completion_check_gate_report.md,
results/20260705_handoff_hard_gate_repair/current_bad_packet_regression.md,
results/20260705_handoff_hard_gate_repair/doc_update_summary.md,
results/20260705_handoff_hard_gate_repair/result.md,
results/20260705_handoff_hard_gate_repair/review.md,
results/20260705_handoff_hard_gate_repair/strict_mode_report.md,
results/20260705_handoff_hard_gate_repair/task_graph_gate_report.md,
results/20260705_handoff_hard_gate_repair/unit_test_report.md,
results/20260705_handoff_hard_gate_repair/validator_change_summary.md,
results/20260705_handoff_milestone_review_protocol_repair/MANIFEST.md,
results/20260705_handoff_milestone_review_protocol_repair/completion_check.md,
results/20260705_handoff_milestone_review_protocol_repair/doc_change_summary.md,
results/20260705_handoff_milestone_review_protocol_repair/milestone_flow_contract.md,
results/20260705_handoff_milestone_review_protocol_repair/result.md,
results/20260705_handoff_milestone_review_protocol_repair/review.md,
results/20260705_handoff_milestone_review_protocol_repair/review_request.md,
results/20260705_srr_v25_evidence_supplement_audit/MANIFEST.md,
results/20260705_srr_v25_evidence_supplement_audit/baseline_preservation_audit.md,
results/20260705_srr_v25_evidence_supplement_audit/checkpoint_provenance.csv,
results/20260705_srr_v25_evidence_supplement_audit/checkpoint_provenance.md,
results/20260705_srr_v25_evidence_supplement_audit/cine_status_audit.md,
results/20260705_srr_v25_evidence_supplement_audit/commands_run.md,
results/20260705_srr_v25_evidence_supplement_audit/gate_residual_diagnosis.md,
results/20260705_srr_v25_evidence_supplement_audit/gate_residual_stats.csv,
results/20260705_srr_v25_evidence_supplement_audit/local_uncommitted_result_files.md,
results/20260705_srr_v25_evidence_supplement_audit/metric_summary.csv,
results/20260705_srr_v25_evidence_supplement_audit/metric_summary.md,
results/20260705_srr_v25_evidence_supplement_audit/missing_evidence_and_next_questions.md,
results/20260705_srr_v25_evidence_supplement_audit/prototype_bank_audit.csv,
results/20260705_srr_v25_evidence_supplement_audit/prototype_bank_audit.md,
results/20260705_srr_v25_evidence_supplement_audit/result.md,
results/20260705_srr_v25_evidence_supplement_audit/task_completion_table.csv,
results/20260705_srr_v3_m2_myops_bounded_runtime_repair/runtime_smoke/prototype_bank_summary.json,
results/20260705_srr_v3_m7_training_and_cine_utilization/strict_validator_known_bad_cases/README.md,
results/20260707_srr_v3_m8_editor_grade_leaderboard_sprint/runtime/broad_eval/variants/m8_full_srr_context_arbitration_longrun/anchor_control_metrics_checkpoint_best.csv,
results/20260707_srr_v3_m8_editor_grade_leaderboard_sprint/runtime/broad_eval/variants/m8_full_srr_context_arbitration_longrun/component_hd_by_case_checkpoint_best.csv,
results/20260707_srr_v3_m8_editor_grade_leaderboard_sprint/runtime/broad_eval/variants/m8_full_srr_context_arbitration_longrun/crop_bounds_checkpoint_best.csv,
results/20260707_srr_v3_m8_editor_grade_leaderboard_sprint/runtime/broad_eval/variants/m8_full_srr_context_arbitration_longrun/prediction_sanity_checkpoint_best.csv,
results/20260707_srr_v3_m8_editor_grade_leaderboard_sprint/runtime/broad_eval/variants/m8_full_srr_context_arbitration_longrun/proposal_pr_sweep_checkpoint_best.csv,
results/20260707_srr_v3_m8_editor_grade_leaderboard_sprint/runtime/broad_eval/variants/m8_full_srr_context_arbitration_longrun/roi_coverage_checkpoint_best.csv,
results/20260707_srr_v3_m8_editor_grade_leaderboard_sprint/runtime/broad_eval/variants/m8_full_srr_context_arbitration_longrun/srr_contribution_by_case_checkpoint_best.csv,
results/20260707_srr_v3_m8_editor_grade_leaderboard_sprint/runtime/broad_eval/variants/m8_full_srr_context_arbitration_longrun/subgroup_metrics_checkpoint_best.csv,
results/20260707_srr_v3_m8_editor_grade_leaderboard_sprint/runtime/broad_eval/variants/m8_full_srr_context_arbitration_longrun/summary.json,
results/20260707_srr_v3_m8_editor_grade_leaderboard_sprint/runtime/broad_eval/variants/m8_scar_precision_edema_safe_longrun/anchor_control_metrics_checkpoint_best.csv,
results/20260707_srr_v3_m8_editor_grade_leaderboard_sprint/runtime/broad_eval/variants/m8_scar_precision_edema_safe_longrun/component_hd_by_case_checkpoint_best.csv,
results/20260707_srr_v3_m8_editor_grade_leaderboard_sprint/runtime/broad_eval/variants/m8_scar_precision_edema_safe_longrun/crop_bounds_checkpoint_best.csv,
results/20260707_srr_v3_m8_editor_grade_leaderboard_sprint/runtime/broad_eval/variants/m8_scar_precision_edema_safe_longrun/prediction_sanity_checkpoint_best.csv,
results/20260707_srr_v3_m8_editor_grade_leaderboard_sprint/runtime/broad_eval/variants/m8_scar_precision_edema_safe_longrun/proposal_pr_sweep_checkpoint_best.csv,
results/20260707_srr_v3_m8_editor_grade_leaderboard_sprint/runtime/broad_eval/variants/m8_scar_precision_edema_safe_longrun/roi_coverage_checkpoint_best.csv,
results/20260707_srr_v3_m8_editor_grade_leaderboard_sprint/runtime/broad_eval/variants/m8_scar_precision_edema_safe_longrun/srr_contribution_by_case_checkpoint_best.csv,
results/20260707_srr_v3_m8_editor_grade_leaderboard_sprint/runtime/broad_eval/variants/m8_scar_precision_edema_safe_longrun/subgroup_metrics_checkpoint_best.csv,
results/20260707_srr_v3_m8_editor_grade_leaderboard_sprint/runtime/broad_eval/variants/m8_scar_precision_edema_safe_longrun/summary.json,
results/20260707_srr_v3_m8_editor_grade_leaderboard_sprint/runtime/broad_eval/variants/m8_t2_centerC_edema_repair_longrun/anchor_control_metrics_checkpoint_best.csv,
results/20260707_srr_v3_m8_editor_grade_leaderboard_sprint/runtime/broad_eval/variants/m8_t2_centerC_edema_repair_longrun/component_hd_by_case_checkpoint_best.csv,
results/20260707_srr_v3_m8_editor_grade_leaderboard_sprint/runtime/broad_eval/variants/m8_t2_centerC_edema_repair_longrun/crop_bounds_checkpoint_best.csv,
results/20260707_srr_v3_m8_editor_grade_leaderboard_sprint/runtime/broad_eval/variants/m8_t2_centerC_edema_repair_longrun/prediction_sanity_checkpoint_best.csv,
results/20260707_srr_v3_m8_editor_grade_leaderboard_sprint/runtime/broad_eval/variants/m8_t2_centerC_edema_repair_longrun/proposal_pr_sweep_checkpoint_best.csv,
results/20260707_srr_v3_m8_editor_grade_leaderboard_sprint/runtime/broad_eval/variants/m8_t2_centerC_edema_repair_longrun/roi_coverage_checkpoint_best.csv,
results/20260707_srr_v3_m8_editor_grade_leaderboard_sprint/runtime/broad_eval/variants/m8_t2_centerC_edema_repair_longrun/srr_contribution_by_case_checkpoint_best.csv,
results/20260707_srr_v3_m8_editor_grade_leaderboard_sprint/runtime/broad_eval/variants/m8_t2_centerC_edema_repair_longrun/subgroup_metrics_checkpoint_best.csv,
results/20260707_srr_v3_m8_editor_grade_leaderboard_sprint/runtime/broad_eval/variants/m8_t2_centerC_edema_repair_longrun/summary.json,
results/20260710_agent_flow_v2_finalizer_smoke/result.md,
results/20260710_m10_controller_initialization/MANIFEST.md,
results/20260710_m10_controller_initialization/controller_bootstrap_snapshot.md,
results/20260710_m10_controller_initialization/controller_context.json,
results/20260710_m10_controller_initialization/controller_ledger.csv,
results/20260710_m10_controller_initialization/controller_report.md,
results/20260710_m10_controller_initialization/finalizer_state.json,
results/20260710_m10_controller_initialization/staged_prompt_audit.md,
results/20260710_m10_controller_initialization/validator_report.md,
results/20260711_agent_flow_generic_protocol_repair/MANIFEST.md,
results/20260711_agent_flow_generic_protocol_repair/architecture_delta_final.md,
results/20260711_agent_flow_generic_protocol_repair/architecture_history_report.md,
results/20260711_agent_flow_generic_protocol_repair/completion_check.md,
results/20260711_agent_flow_generic_protocol_repair/controller_bootstrap_snapshot.md,
results/20260711_agent_flow_generic_protocol_repair/controller_context.json,
results/20260711_agent_flow_generic_protocol_repair/controller_ledger.csv,
results/20260711_agent_flow_generic_protocol_repair/controller_report.md,
results/20260711_agent_flow_generic_protocol_repair/finalizer_state.json,
results/20260711_agent_flow_generic_protocol_repair/implementation_snapshot.md,
results/20260711_agent_flow_generic_protocol_repair/legacy_hardcode_scan.md,
results/20260711_agent_flow_generic_protocol_repair/mapper_report_draft.md,
results/20260711_agent_flow_generic_protocol_repair/mapper_report_final.md,
results/20260711_agent_flow_generic_protocol_repair/result.md,
results/20260711_agent_flow_generic_protocol_repair/review.md,
results/20260711_agent_flow_generic_protocol_repair/review_request.md,
results/20260711_agent_flow_generic_protocol_repair/schema_consistency_report.md,
results/20260711_agent_flow_generic_protocol_repair/subagents/reviewer_prompt.md,
results/20260711_agent_flow_generic_protocol_repair/validator_report.md,
results/20260711_agent_flow_v2_pre_m10_final_repair/MANIFEST.md,
results/20260711_agent_flow_v2_pre_m10_final_repair/architecture_delta_final.md,
results/20260711_agent_flow_v2_pre_m10_final_repair/completion_check.md,
results/20260711_agent_flow_v2_pre_m10_final_repair/controller_bootstrap_snapshot.md,
results/20260711_agent_flow_v2_pre_m10_final_repair/controller_context.json,
results/20260711_agent_flow_v2_pre_m10_final_repair/controller_ledger.csv,
results/20260711_agent_flow_v2_pre_m10_final_repair/controller_report.md,
results/20260711_agent_flow_v2_pre_m10_final_repair/finalizer_state.json,
results/20260711_agent_flow_v2_pre_m10_final_repair/implementation_snapshot.md,
results/20260711_agent_flow_v2_pre_m10_final_repair/mapper_report_draft.md,
results/20260711_agent_flow_v2_pre_m10_final_repair/mapper_report_final.md,
results/20260711_agent_flow_v2_pre_m10_final_repair/result.md,
results/20260711_agent_flow_v2_pre_m10_final_repair/review_request.md,
results/20260711_agent_flow_v2_pre_m10_final_repair/subagents/reviewer_prompt.md,
results/20260711_agent_flow_v2_pre_m10_final_repair/validator_report.md,
results/20260711_slurm_operational_retry_repair/MANIFEST.md,
results/20260711_slurm_operational_retry_repair/result.md,
results/20260711_srr_v3_m10_alignment_control/MANIFEST.md,
results/20260711_srr_v3_m10_alignment_control/case_metrics.csv,
results/20260711_srr_v3_m10_alignment_control/checkpoint_selection.csv,
results/20260711_srr_v3_m10_alignment_control/commands_run.md,
results/20260711_srr_v3_m10_alignment_control/full_case_evaluation_manifest.json,
results/20260711_srr_v3_m10_alignment_control/hard_subgroup_metrics.csv,
results/20260711_srr_v3_m10_alignment_control/loss_stability.csv,
results/20260711_srr_v3_m10_alignment_control/m10_phase_contract.json,
results/20260711_srr_v3_m10_alignment_control/prediction_sanity.md,
results/20260711_srr_v3_m10_alignment_control/prediction_sanity_cases.csv,
results/20260711_srr_v3_m10_alignment_control/prediction_sanity_table.csv,
results/20260711_srr_v3_m10_alignment_control/result.md,
results/20260711_srr_v3_m10_alignment_control/runtime_manifest.json,
results/20260711_srr_v3_m10_alignment_control/training_budget_ledger.csv,
results/20260711_srr_v3_m10_alignment_control/validation_events.csv,
results/20260711_srr_v3_m10_architecture_fidelity/m10_loss_component_contract.csv,
results/20260711_srr_v3_m10_architecture_fidelity/m10_slot_contract.csv,
results/20260711_srr_v3_m10_architecture_fidelity/m10_source_fingerprints.json,
results/20260711_srr_v3_m10_architecture_fidelity/m10_wave1_architecture_fidelity.md,
results/20260711_srr_v3_m10_cine_learned_temporal/MANIFEST.md,
results/20260711_srr_v3_m10_cine_learned_temporal/case_metrics.csv,
results/20260711_srr_v3_m10_cine_learned_temporal/checkpoint_selection.csv,
results/20260711_srr_v3_m10_cine_learned_temporal/commands_run.md,
results/20260711_srr_v3_m10_cine_learned_temporal/hard_subgroup_metrics.csv,
results/20260711_srr_v3_m10_cine_learned_temporal/loss_stability.csv,
results/20260711_srr_v3_m10_cine_learned_temporal/prediction_sanity.md,
results/20260711_srr_v3_m10_cine_learned_temporal/result.md,
results/20260711_srr_v3_m10_cine_learned_temporal/runtime_manifest.json,
results/20260711_srr_v3_m10_cine_learned_temporal/training_budget_ledger.csv,
results/20260711_srr_v3_m10_cine_learned_temporal/validation_events.csv,
results/20260711_srr_v3_m10_cine_registration/MANIFEST.md,
results/20260711_srr_v3_m10_cine_registration/case_metrics.csv,
results/20260711_srr_v3_m10_cine_registration/checkpoint_selection.csv,
results/20260711_srr_v3_m10_cine_registration/commands_run.md,
results/20260711_srr_v3_m10_cine_registration/hard_subgroup_metrics.csv,
results/20260711_srr_v3_m10_cine_registration/loss_stability.csv,
results/20260711_srr_v3_m10_cine_registration/prediction_sanity.md,
results/20260711_srr_v3_m10_cine_registration/result.md,
results/20260711_srr_v3_m10_cine_registration/runtime_manifest.json,
results/20260711_srr_v3_m10_cine_registration/training_budget_ledger.csv,
results/20260711_srr_v3_m10_cine_registration/validation_events.csv,
results/20260711_srr_v3_m10_cinema_adapter/MANIFEST.md,
results/20260711_srr_v3_m10_cinema_adapter/case_metrics.csv,
results/20260711_srr_v3_m10_cinema_adapter/checkpoint_selection.csv,
results/20260711_srr_v3_m10_cinema_adapter/commands_run.md,
results/20260711_srr_v3_m10_cinema_adapter/hard_subgroup_metrics.csv,
results/20260711_srr_v3_m10_cinema_adapter/loss_stability.csv,
results/20260711_srr_v3_m10_cinema_adapter/prediction_sanity.md,
results/20260711_srr_v3_m10_cinema_adapter/result.md,
results/20260711_srr_v3_m10_cinema_adapter/runtime_manifest.json,
results/20260711_srr_v3_m10_cinema_adapter/training_budget_ledger.csv,
results/20260711_srr_v3_m10_cinema_adapter/validation_events.csv,
results/20260711_srr_v3_m10_complete_mechanism_repair/MANIFEST.md,
results/20260711_srr_v3_m10_complete_mechanism_repair/architecture_delta_draft.md,
results/20260711_srr_v3_m10_complete_mechanism_repair/architecture_delta_final.md,
results/20260711_srr_v3_m10_complete_mechanism_repair/completion_check.md,
results/20260711_srr_v3_m10_complete_mechanism_repair/controller_bootstrap_snapshot.md,
results/20260711_srr_v3_m10_complete_mechanism_repair/controller_context.json,
results/20260711_srr_v3_m10_complete_mechanism_repair/controller_ledger.csv,
results/20260711_srr_v3_m10_complete_mechanism_repair/controller_report.md,
results/20260711_srr_v3_m10_complete_mechanism_repair/controller_resume_bootstrap.md,
results/20260711_srr_v3_m10_complete_mechanism_repair/executor_waves/README.md,
results/20260711_srr_v3_m10_complete_mechanism_repair/executors/m10_cine_temporal_executor/MANIFEST.md,
results/20260711_srr_v3_m10_complete_mechanism_repair/executors/m10_cine_temporal_executor/commands_run.md,
results/20260711_srr_v3_m10_complete_mechanism_repair/executors/m10_cine_temporal_executor/completion_check.md,
results/20260711_srr_v3_m10_complete_mechanism_repair/executors/m10_cine_temporal_executor/preflight_receipt.json,
results/20260711_srr_v3_m10_complete_mechanism_repair/executors/m10_cine_temporal_executor/result.md,
results/20260711_srr_v3_m10_complete_mechanism_repair/executors/m10_cine_temporal_executor/runtime_manifest.json,
results/20260711_srr_v3_m10_complete_mechanism_repair/executors/m10_cine_temporal_executor/wave3_compute_preflight.sh,
results/20260711_srr_v3_m10_complete_mechanism_repair/executors/m10_myops_training_executor/MANIFEST.md,
results/20260711_srr_v3_m10_complete_mechanism_repair/executors/m10_myops_training_executor/commands_run.md,
results/20260711_srr_v3_m10_complete_mechanism_repair/executors/m10_myops_training_executor/completion_check.md,
results/20260711_srr_v3_m10_complete_mechanism_repair/executors/m10_myops_training_executor/result.md,
results/20260711_srr_v3_m10_complete_mechanism_repair/executors/m10_shared_architecture_executor/MANIFEST.md,
results/20260711_srr_v3_m10_complete_mechanism_repair/executors/m10_shared_architecture_executor/commands_run.md,
results/20260711_srr_v3_m10_complete_mechanism_repair/executors/m10_shared_architecture_executor/completion_check.md,
results/20260711_srr_v3_m10_complete_mechanism_repair/executors/m10_shared_architecture_executor/result.md,
results/20260711_srr_v3_m10_complete_mechanism_repair/finalize_wave2_partition_race.py,
results/20260711_srr_v3_m10_complete_mechanism_repair/finalizer_state.json,
results/20260711_srr_v3_m10_complete_mechanism_repair/implementation_snapshot.md,
results/20260711_srr_v3_m10_complete_mechanism_repair/mapper_report_draft.md,
results/20260711_srr_v3_m10_complete_mechanism_repair/mapper_report_final.md,
results/20260711_srr_v3_m10_complete_mechanism_repair/prerequisite_repair.md,
results/20260711_srr_v3_m10_complete_mechanism_repair/result.md,
results/20260711_srr_v3_m10_complete_mechanism_repair/review.md,
results/20260711_srr_v3_m10_complete_mechanism_repair/review_request.md,
results/20260711_srr_v3_m10_complete_mechanism_repair/subagents/m10_cine_temporal_executor_prompt.md,
results/20260711_srr_v3_m10_complete_mechanism_repair/subagents/m10_myops_training_executor_prompt.md,
results/20260711_srr_v3_m10_complete_mechanism_repair/subagents/m10_shared_architecture_executor_prompt.md,
results/20260711_srr_v3_m10_complete_mechanism_repair/subagents/reviewer_prompt.md,
results/20260711_srr_v3_m10_complete_mechanism_repair/validator_report.md,
results/20260711_srr_v3_m10_complete_mechanism_repair/wave1_launch_receipt.json,
results/20260711_srr_v3_m10_complete_mechanism_repair/wave1_merge_receipt.md,
results/20260711_srr_v3_m10_complete_mechanism_repair/wave2_dependency_finalizer_submission.json,
results/20260711_srr_v3_m10_complete_mechanism_repair/wave2_env_preflight.sh,
results/20260711_srr_v3_m10_complete_mechanism_repair/wave2_launch_receipt.json,
results/20260711_srr_v3_m10_complete_mechanism_repair/wave2_merge_receipt.md,
results/20260711_srr_v3_m10_complete_mechanism_repair/wave2_monitor_receipt.md,
results/20260711_srr_v3_m10_complete_mechanism_repair/wave2_partition_race_finalizer_submission.json,
results/20260711_srr_v3_m10_complete_mechanism_repair/wave2_partition_race_job_ledger.csv,
results/20260711_srr_v3_m10_complete_mechanism_repair/wave2_partition_race_retry10_finalizer_submission.json,
results/20260711_srr_v3_m10_complete_mechanism_repair/wave2_partition_race_retry10_job_ledger.csv,
results/20260711_srr_v3_m10_complete_mechanism_repair/wave2_partition_race_retry10_monitor_20260712T234010Z.md,
results/20260711_srr_v3_m10_complete_mechanism_repair/wave2_partition_race_retry10_monitor_20260713T002802Z.md,
results/20260711_srr_v3_m10_complete_mechanism_repair/wave2_partition_race_retry10_monitor_20260713T013659Z.md,
results/20260711_srr_v3_m10_complete_mechanism_repair/wave2_partition_race_retry10_monitor_20260713T015839Z.md,
results/20260711_srr_v3_m10_complete_mechanism_repair/wave2_partition_race_retry10_monitor_20260713T023314Z.md,
results/20260711_srr_v3_m10_complete_mechanism_repair/wave2_partition_race_retry10_monitor_20260713T030523Z.md,
results/20260711_srr_v3_m10_complete_mechanism_repair/wave2_partition_race_retry10_monitor_20260713T034453Z.md,
results/20260711_srr_v3_m10_complete_mechanism_repair/wave2_partition_race_retry10_submission.json,
results/20260711_srr_v3_m10_complete_mechanism_repair/wave2_partition_race_retry10_submission_monitor.md,
results/20260711_srr_v3_m10_complete_mechanism_repair/wave2_partition_race_retry10_terminal_oom.md,
results/20260711_srr_v3_m10_complete_mechanism_repair/wave2_partition_race_retry11_finalization.json,
results/20260711_srr_v3_m10_complete_mechanism_repair/wave2_partition_race_retry11_finalizer_submission.json,
results/20260711_srr_v3_m10_complete_mechanism_repair/wave2_partition_race_retry11_job_ledger.csv,
results/20260711_srr_v3_m10_complete_mechanism_repair/wave2_partition_race_retry11_monitor_20260713T060230Z.md,
results/20260711_srr_v3_m10_complete_mechanism_repair/wave2_partition_race_retry11_monitor_20260713T061121Z.md,
results/20260711_srr_v3_m10_complete_mechanism_repair/wave2_partition_race_retry11_monitor_20260713T062448Z.md,
results/20260711_srr_v3_m10_complete_mechanism_repair/wave2_partition_race_retry11_monitor_20260713T063712Z.md,
results/20260711_srr_v3_m10_complete_mechanism_repair/wave2_partition_race_retry11_monitor_20260713T064940Z.md,
results/20260711_srr_v3_m10_complete_mechanism_repair/wave2_partition_race_retry11_monitor_20260713T071155Z.md,
results/20260711_srr_v3_m10_complete_mechanism_repair/wave2_partition_race_retry11_monitor_20260713T074412Z.md,
results/20260711_srr_v3_m10_complete_mechanism_repair/wave2_partition_race_retry11_monitor_20260713T081655Z.md,
results/20260711_srr_v3_m10_complete_mechanism_repair/wave2_partition_race_retry11_monitor_20260713T084203Z.md,
results/20260711_srr_v3_m10_complete_mechanism_repair/wave2_partition_race_retry11_monitor_20260713T093701Z.md,
results/20260711_srr_v3_m10_complete_mechanism_repair/wave2_partition_race_retry11_monitor_20260713T100909Z.md,
results/20260711_srr_v3_m10_complete_mechanism_repair/wave2_partition_race_retry11_monitor_20260713T104123Z.md,
results/20260711_srr_v3_m10_complete_mechanism_repair/wave2_partition_race_retry11_monitor_20260713T111519Z.md,
results/20260711_srr_v3_m10_complete_mechanism_repair/wave2_partition_race_retry11_monitor_20260713T114815Z.md,
results/20260711_srr_v3_m10_complete_mechanism_repair/wave2_partition_race_retry11_monitor_20260713T122132Z.md,
results/20260711_srr_v3_m10_complete_mechanism_repair/wave2_partition_race_retry11_monitor_20260713T125342Z.md,
results/20260711_srr_v3_m10_complete_mechanism_repair/wave2_partition_race_retry11_monitor_20260713T132116Z.md,
results/20260711_srr_v3_m10_complete_mechanism_repair/wave2_partition_race_retry11_monitor_20260713T134342Z.md,
results/20260711_srr_v3_m10_complete_mechanism_repair/wave2_partition_race_retry11_monitor_20260713T135615Z.md,
results/20260711_srr_v3_m10_complete_mechanism_repair/wave2_partition_race_retry11_monitor_20260713T142435Z.md,
results/20260711_srr_v3_m10_complete_mechanism_repair/wave2_partition_race_retry11_monitor_20260713T145250Z.md,
results/20260711_srr_v3_m10_complete_mechanism_repair/wave2_partition_race_retry11_monitor_20260713T151607Z.md,
results/20260711_srr_v3_m10_complete_mechanism_repair/wave2_partition_race_retry11_monitor_20260713T152746Z.md,
results/20260711_srr_v3_m10_complete_mechanism_repair/wave2_partition_race_retry11_monitor_20260713T162125Z.md,
results/20260711_srr_v3_m10_complete_mechanism_repair/wave2_partition_race_retry11_monitor_20260713T165911Z.md,
results/20260711_srr_v3_m10_complete_mechanism_repair/wave2_partition_race_retry11_monitor_20260713T173522Z.md,
results/20260711_srr_v3_m10_complete_mechanism_repair/wave2_partition_race_retry11_monitor_20260713T183900Z.md,
results/20260711_srr_v3_m10_complete_mechanism_repair/wave2_partition_race_retry11_monitor_20260713T191055Z.md,
results/20260711_srr_v3_m10_complete_mechanism_repair/wave2_partition_race_retry11_submission.json,
results/20260711_srr_v3_m10_complete_mechanism_repair/wave2_partition_race_retry11_watcher_state.json,
results/20260711_srr_v3_m10_complete_mechanism_repair/wave2_partition_race_retry2_finalizer_submission.json,
results/20260711_srr_v3_m10_complete_mechanism_repair/wave2_partition_race_retry2_job_ledger.csv,
results/20260711_srr_v3_m10_complete_mechanism_repair/wave2_partition_race_retry2_submission.json,
results/20260711_srr_v3_m10_complete_mechanism_repair/wave2_partition_race_retry3_finalization.json,
results/20260711_srr_v3_m10_complete_mechanism_repair/wave2_partition_race_retry3_finalizer_submission.json,
results/20260711_srr_v3_m10_complete_mechanism_repair/wave2_partition_race_retry3_job_ledger.csv,
results/20260711_srr_v3_m10_complete_mechanism_repair/wave2_partition_race_retry3_monitor_20260712T125305Z.md,
results/20260711_srr_v3_m10_complete_mechanism_repair/wave2_partition_race_retry3_submission.json,
results/20260711_srr_v3_m10_complete_mechanism_repair/wave2_partition_race_retry3_volta_failure.md,
results/20260711_srr_v3_m10_complete_mechanism_repair/wave2_partition_race_retry4_finalization.json,
results/20260711_srr_v3_m10_complete_mechanism_repair/wave2_partition_race_retry4_finalizer_submission.json,
results/20260711_srr_v3_m10_complete_mechanism_repair/wave2_partition_race_retry4_job_ledger.csv,
results/20260711_srr_v3_m10_complete_mechanism_repair/wave2_partition_race_retry4_monitor_20260712T141110Z.md,
results/20260711_srr_v3_m10_complete_mechanism_repair/wave2_partition_race_retry4_submission.json,
results/20260711_srr_v3_m10_complete_mechanism_repair/wave2_partition_race_retry4_terminal_d1_failure.md,
results/20260711_srr_v3_m10_complete_mechanism_repair/wave2_partition_race_retry5_finalization.json,
results/20260711_srr_v3_m10_complete_mechanism_repair/wave2_partition_race_retry5_finalizer_submission.json,
results/20260711_srr_v3_m10_complete_mechanism_repair/wave2_partition_race_retry5_job_ledger.csv,
results/20260711_srr_v3_m10_complete_mechanism_repair/wave2_partition_race_retry5_monitor_20260712T163737Z.md,
results/20260711_srr_v3_m10_complete_mechanism_repair/wave2_partition_race_retry5_submission.json,
results/20260711_srr_v3_m10_complete_mechanism_repair/wave2_partition_race_retry5_terminal_oom.md,
results/20260711_srr_v3_m10_complete_mechanism_repair/wave2_partition_race_retry6_finalization.json,
results/20260711_srr_v3_m10_complete_mechanism_repair/wave2_partition_race_retry6_finalizer_submission.json,
results/20260711_srr_v3_m10_complete_mechanism_repair/wave2_partition_race_retry6_job_ledger.csv,
results/20260711_srr_v3_m10_complete_mechanism_repair/wave2_partition_race_retry6_monitor_20260712T164736Z.md,
results/20260711_srr_v3_m10_complete_mechanism_repair/wave2_partition_race_retry6_submission.json,
results/20260711_srr_v3_m10_complete_mechanism_repair/wave2_partition_race_retry6_terminal_oom.md,
results/20260711_srr_v3_m10_complete_mechanism_repair/wave2_partition_race_retry7_finalization.json,
results/20260711_srr_v3_m10_complete_mechanism_repair/wave2_partition_race_retry7_finalizer_submission.json,
results/20260711_srr_v3_m10_complete_mechanism_repair/wave2_partition_race_retry7_job_ledger.csv,
results/20260711_srr_v3_m10_complete_mechanism_repair/wave2_partition_race_retry7_monitor_20260712T171037Z.md,
results/20260711_srr_v3_m10_complete_mechanism_repair/wave2_partition_race_retry7_submission.json,
results/20260711_srr_v3_m10_complete_mechanism_repair/wave2_partition_race_retry7_terminal_oom.md,
results/20260711_srr_v3_m10_complete_mechanism_repair/wave2_partition_race_retry8_finalization.json,
results/20260711_srr_v3_m10_complete_mechanism_repair/wave2_partition_race_retry8_finalizer_submission.json,
results/20260711_srr_v3_m10_complete_mechanism_repair/wave2_partition_race_retry8_job_ledger.csv,
results/20260711_srr_v3_m10_complete_mechanism_repair/wave2_partition_race_retry8_monitor_20260712T174444Z.md,
results/20260711_srr_v3_m10_complete_mechanism_repair/wave2_partition_race_retry8_submission.json,
results/20260711_srr_v3_m10_complete_mechanism_repair/wave2_partition_race_retry8_terminal_oom.md,
results/20260711_srr_v3_m10_complete_mechanism_repair/wave2_partition_race_retry9_finalizer_submission.json,
results/20260711_srr_v3_m10_complete_mechanism_repair/wave2_partition_race_retry9_job_ledger.csv,
results/20260711_srr_v3_m10_complete_mechanism_repair/wave2_partition_race_retry9_monitor_20260712T182952Z.md,
results/20260711_srr_v3_m10_complete_mechanism_repair/wave2_partition_race_retry9_monitor_20260712T191138Z.md,
results/20260711_srr_v3_m10_complete_mechanism_repair/wave2_partition_race_retry9_monitor_20260712T194643Z.md,
results/20260711_srr_v3_m10_complete_mechanism_repair/wave2_partition_race_retry9_monitor_20260712T201919Z.md,
results/20260711_srr_v3_m10_complete_mechanism_repair/wave2_partition_race_retry9_monitor_20260712T210229Z.md,
results/20260711_srr_v3_m10_complete_mechanism_repair/wave2_partition_race_retry9_monitor_20260712T220154Z.md,
results/20260711_srr_v3_m10_complete_mechanism_repair/wave2_partition_race_retry9_submission.json,
results/20260711_srr_v3_m10_complete_mechanism_repair/wave2_partition_race_submission.json,
results/20260711_srr_v3_m10_complete_mechanism_repair/wave2_partition_race_watcher.py,
results/20260711_srr_v3_m10_complete_mechanism_repair/wave2_partition_race_watcher_state.json,
results/20260711_srr_v3_m10_complete_mechanism_repair/wave2_replacement_job_ledger.csv,
results/20260711_srr_v3_m10_complete_mechanism_repair/wave2_replacement_preflight_receipt.md,
results/20260711_srr_v3_m10_complete_mechanism_repair/wave2_startup_failed_jobs.csv,
results/20260711_srr_v3_m10_complete_mechanism_repair/wave2_terminal_failure_receipt.md,
results/20260711_srr_v3_m10_complete_mechanism_repair/wave3_cine_submission_receipt.json,
results/20260711_srr_v3_m10_complete_mechanism_repair/wave3_cine_terminal_finalization.json,
results/20260711_srr_v3_m10_component_causal_audit/MANIFEST.md,
results/20260711_srr_v3_m10_component_causal_audit/commands_run.md,
results/20260711_srr_v3_m10_component_causal_audit/component_causal_interventions.csv,
results/20260711_srr_v3_m10_component_causal_audit/result.md,
results/20260711_srr_v3_m10_component_causal_audit/runtime_manifest.json,
results/20260711_srr_v3_m10_hard_negative_refresh/MANIFEST.md,
results/20260711_srr_v3_m10_hard_negative_refresh/case_metrics.csv,
results/20260711_srr_v3_m10_hard_negative_refresh/checkpoint_selection.csv,
results/20260711_srr_v3_m10_hard_negative_refresh/commands_run.md,
results/20260711_srr_v3_m10_hard_negative_refresh/full_case_evaluation_manifest.json,
results/20260711_srr_v3_m10_hard_negative_refresh/hard_subgroup_metrics.csv,
results/20260711_srr_v3_m10_hard_negative_refresh/loss_stability.csv,
results/20260711_srr_v3_m10_hard_negative_refresh/m10_phase_contract.json,
results/20260711_srr_v3_m10_hard_negative_refresh/prediction_sanity.md,
results/20260711_srr_v3_m10_hard_negative_refresh/prediction_sanity_cases.csv,
results/20260711_srr_v3_m10_hard_negative_refresh/prediction_sanity_table.csv,
results/20260711_srr_v3_m10_hard_negative_refresh/result.md,
results/20260711_srr_v3_m10_hard_negative_refresh/runtime_manifest.json,
results/20260711_srr_v3_m10_hard_negative_refresh/training_budget_ledger.csv,
results/20260711_srr_v3_m10_hard_negative_refresh/validation_events.csv,
results/20260711_srr_v3_m10_mechanism_smoke/m10_known_bad_checks.csv,
results/20260711_srr_v3_m10_mechanism_smoke/m10_smoke_summary.json,
results/20260711_srr_v3_m10_mechanism_smoke/m10_wave1_smoke_report.md,
results/20260711_srr_v3_m10_myops_d0_control/MANIFEST.md,
results/20260711_srr_v3_m10_myops_d0_control/case_metrics.csv,
results/20260711_srr_v3_m10_myops_d0_control/checkpoint_selection.csv,
results/20260711_srr_v3_m10_myops_d0_control/commands_run.md,
results/20260711_srr_v3_m10_myops_d0_control/full_case_evaluation_manifest.json,
results/20260711_srr_v3_m10_myops_d0_control/hard_subgroup_metrics.csv,
results/20260711_srr_v3_m10_myops_d0_control/loss_stability.csv,
results/20260711_srr_v3_m10_myops_d0_control/m10_phase_contract.json,
results/20260711_srr_v3_m10_myops_d0_control/prediction_sanity.md,
results/20260711_srr_v3_m10_myops_d0_control/prediction_sanity_cases.csv,
results/20260711_srr_v3_m10_myops_d0_control/prediction_sanity_table.csv,
results/20260711_srr_v3_m10_myops_d0_control/result.md,
results/20260711_srr_v3_m10_myops_d0_control/runtime_manifest.json,
results/20260711_srr_v3_m10_myops_d0_control/training_budget_ledger.csv,
results/20260711_srr_v3_m10_myops_d0_control/validation_events.csv,
results/20260711_srr_v3_m10_myops_d1_spatial_br2/MANIFEST.md,
results/20260711_srr_v3_m10_myops_d1_spatial_br2/case_metrics.csv,
results/20260711_srr_v3_m10_myops_d1_spatial_br2/checkpoint_selection.csv,
results/20260711_srr_v3_m10_myops_d1_spatial_br2/commands_run.md,
results/20260711_srr_v3_m10_myops_d1_spatial_br2/full_case_evaluation_manifest.json,
results/20260711_srr_v3_m10_myops_d1_spatial_br2/hard_subgroup_metrics.csv,
results/20260711_srr_v3_m10_myops_d1_spatial_br2/loss_stability.csv,
results/20260711_srr_v3_m10_myops_d1_spatial_br2/m10_phase_contract.json,
results/20260711_srr_v3_m10_myops_d1_spatial_br2/prediction_sanity.md,
results/20260711_srr_v3_m10_myops_d1_spatial_br2/prediction_sanity_cases.csv,
results/20260711_srr_v3_m10_myops_d1_spatial_br2/prediction_sanity_table.csv,
results/20260711_srr_v3_m10_myops_d1_spatial_br2/result.md,
results/20260711_srr_v3_m10_myops_d1_spatial_br2/runtime_manifest.json,
results/20260711_srr_v3_m10_myops_d1_spatial_br2/training_budget_ledger.csv,
results/20260711_srr_v3_m10_myops_d1_spatial_br2/validation_events.csv,
results/20260711_srr_v3_m10_myops_d2_hierarchical_psip/MANIFEST.md,
results/20260711_srr_v3_m10_myops_d2_hierarchical_psip/case_metrics.csv,
results/20260711_srr_v3_m10_myops_d2_hierarchical_psip/checkpoint_selection.csv,
results/20260711_srr_v3_m10_myops_d2_hierarchical_psip/commands_run.md,
results/20260711_srr_v3_m10_myops_d2_hierarchical_psip/full_case_evaluation_manifest.json,
results/20260711_srr_v3_m10_myops_d2_hierarchical_psip/hard_subgroup_metrics.csv,
results/20260711_srr_v3_m10_myops_d2_hierarchical_psip/loss_stability.csv,
results/20260711_srr_v3_m10_myops_d2_hierarchical_psip/m10_phase_contract.json,
results/20260711_srr_v3_m10_myops_d2_hierarchical_psip/prediction_sanity.md,
results/20260711_srr_v3_m10_myops_d2_hierarchical_psip/prediction_sanity_cases.csv,
results/20260711_srr_v3_m10_myops_d2_hierarchical_psip/prediction_sanity_table.csv,
results/20260711_srr_v3_m10_myops_d2_hierarchical_psip/result.md,
results/20260711_srr_v3_m10_myops_d2_hierarchical_psip/runtime_manifest.json,
results/20260711_srr_v3_m10_myops_d2_hierarchical_psip/training_budget_ledger.csv,
results/20260711_srr_v3_m10_myops_d2_hierarchical_psip/validation_events.csv,
results/20260711_srr_v3_m10_myops_d3_full_propref/MANIFEST.md,
results/20260711_srr_v3_m10_myops_d3_full_propref/case_metrics.csv,
results/20260711_srr_v3_m10_myops_d3_full_propref/checkpoint_selection.csv,
results/20260711_srr_v3_m10_myops_d3_full_propref/commands_run.md,
results/20260711_srr_v3_m10_myops_d3_full_propref/full_case_evaluation_manifest.json,
results/20260711_srr_v3_m10_myops_d3_full_propref/hard_subgroup_metrics.csv,
results/20260711_srr_v3_m10_myops_d3_full_propref/loss_stability.csv,
results/20260711_srr_v3_m10_myops_d3_full_propref/m10_phase_contract.json,
results/20260711_srr_v3_m10_myops_d3_full_propref/prediction_sanity.md,
results/20260711_srr_v3_m10_myops_d3_full_propref/prediction_sanity_cases.csv,
results/20260711_srr_v3_m10_myops_d3_full_propref/prediction_sanity_table.csv,
results/20260711_srr_v3_m10_myops_d3_full_propref/result.md,
results/20260711_srr_v3_m10_myops_d3_full_propref/runtime_manifest.json,
results/20260711_srr_v3_m10_myops_d3_full_propref/training_budget_ledger.csv,
results/20260711_srr_v3_m10_myops_d3_full_propref/validation_events.csv,
results/20260711_srr_v3_m10_no_nnunet_context_control/MANIFEST.md,
results/20260711_srr_v3_m10_no_nnunet_context_control/case_metrics.csv,
results/20260711_srr_v3_m10_no_nnunet_context_control/checkpoint_selection.csv,
results/20260711_srr_v3_m10_no_nnunet_context_control/commands_run.md,
results/20260711_srr_v3_m10_no_nnunet_context_control/full_case_evaluation_manifest.json,
results/20260711_srr_v3_m10_no_nnunet_context_control/hard_subgroup_metrics.csv,
results/20260711_srr_v3_m10_no_nnunet_context_control/loss_stability.csv,
results/20260711_srr_v3_m10_no_nnunet_context_control/m10_phase_contract.json,
results/20260711_srr_v3_m10_no_nnunet_context_control/prediction_sanity.md,
results/20260711_srr_v3_m10_no_nnunet_context_control/prediction_sanity_cases.csv,
results/20260711_srr_v3_m10_no_nnunet_context_control/prediction_sanity_table.csv,
results/20260711_srr_v3_m10_no_nnunet_context_control/result.md,
results/20260711_srr_v3_m10_no_nnunet_context_control/runtime_manifest.json,
results/20260711_srr_v3_m10_no_nnunet_context_control/training_budget_ledger.csv,
results/20260711_srr_v3_m10_no_nnunet_context_control/validation_events.csv,
results/20260714_srr_v3_m10_continuation_reconciliation/MANIFEST.md,
results/20260714_srr_v3_m10_continuation_reconciliation/architecture_delta_draft.md,
results/20260714_srr_v3_m10_continuation_reconciliation/architecture_delta_final.md,
results/20260714_srr_v3_m10_continuation_reconciliation/completion_check.md,
results/20260714_srr_v3_m10_continuation_reconciliation/controller_bootstrap_snapshot.md,
results/20260714_srr_v3_m10_continuation_reconciliation/controller_context.json,
results/20260714_srr_v3_m10_continuation_reconciliation/controller_ledger.csv,
results/20260714_srr_v3_m10_continuation_reconciliation/controller_report.md,
results/20260714_srr_v3_m10_continuation_reconciliation/finalizer_state.json,
results/20260714_srr_v3_m10_continuation_reconciliation/implementation_snapshot.md,
results/20260714_srr_v3_m10_continuation_reconciliation/mapper_report_draft.md,
results/20260714_srr_v3_m10_continuation_reconciliation/mapper_report_final.md,
results/20260714_srr_v3_m10_continuation_reconciliation/result.md,
results/20260714_srr_v3_m10_continuation_reconciliation/review.md,
results/20260714_srr_v3_m10_continuation_reconciliation/review_request.md,
results/20260714_srr_v3_m10_continuation_reconciliation/wave_f1_monitor_20260714T080555Z.md,
results/20260714_srr_v3_m10_continuation_reconciliation/wave_f1_monitor_20260714T084433Z.md,
results/20260714_srr_v3_m10_continuation_reconciliation/wave_f1_monitor_20260714T092402Z.md,
results/20260714_srr_v3_m10_continuation_reconciliation/wave_f1_monitor_20260714T092745Z.md,
results/20260714_srr_v3_m10_continuation_reconciliation/wave_f1_monitor_20260714T093322Z.md,
results/20260714_srr_v3_m10_continuation_reconciliation/wave_f1_monitor_20260714T094401Z.md,
results/20260714_srr_v3_m10_continuation_reconciliation/wave_f1_monitor_20260714T095436Z.md,
results/20260714_srr_v3_m10_continuation_reconciliation/wave_f1_monitor_20260714T100510Z.md,
results/20260714_srr_v3_m10_continuation_reconciliation/wave_f1_monitor_20260714T101551Z.md,
results/20260714_srr_v3_m10_continuation_reconciliation/wave_f1_monitor_20260714T102633Z.md,
results/20260714_srr_v3_m10_continuation_reconciliation/wave_f1_monitor_20260714T104814Z.md,
results/20260714_srr_v3_m10_continuation_reconciliation/wave_f1_monitor_20260714T110404Z.md,
results/20260714_srr_v3_m10_continuation_reconciliation/wave_f1_monitor_20260714T112121Z.md,
results/20260714_srr_v3_m10_continuation_reconciliation/wave_f1_monitor_20260714T114240Z.md,
results/20260714_srr_v3_m10_continuation_reconciliation/wave_f1_submission_receipt.json,
results/20260714_srr_v3_m10_continuation_reconciliation/wave_f3_monitor_20260714T122212Z.md,
results/20260714_srr_v3_m10_continuation_reconciliation/wave_f3_monitor_20260714T132335Z.md,
results/20260714_srr_v3_m10_continuation_reconciliation/wave_f3_monitor_20260714T142437Z.md,
results/20260714_srr_v3_m10_continuation_reconciliation/wave_f3_monitor_20260714T165834Z.md,
results/20260714_srr_v3_m10_continuation_reconciliation/wave_f3_monitor_20260714T203319Z.md,
results/20260714_srr_v3_m10_continuation_reconciliation/wave_f3_monitor_20260714T205729Z.md,
results/20260714_srr_v3_m10_continuation_reconciliation/wave_f3_monitor_20260714T215826Z.md,
results/20260714_srr_v3_m10_continuation_reconciliation/wave_f3_monitor_20260714T225829Z.md,
results/20260714_srr_v3_m10_continuation_reconciliation/wave_f3_monitor_20260714T235833Z.md,
results/20260714_srr_v3_m10_continuation_reconciliation/wave_f3_monitor_20260715T010338Z.md,
results/20260714_srr_v3_m10_followup_cine_fidelity/MANIFEST.md,
results/20260714_srr_v3_m10_followup_cine_fidelity/cine_fidelity_gap_closure.csv,
results/20260714_srr_v3_m10_followup_cine_fidelity/cinema_adapter_control_contract.json,
results/20260714_srr_v3_m10_followup_cine_fidelity/cinema_provenance_contract.json,
results/20260714_srr_v3_m10_followup_cine_fidelity/commands_run.md,
results/20260714_srr_v3_m10_followup_cine_fidelity/executor_completion.md,
results/20260714_srr_v3_m10_followup_cine_fidelity/freeze_receipt.json,
results/20260714_srr_v3_m10_followup_cine_fidelity/known_bad_selftest_report.md,
results/20260714_srr_v3_m10_followup_cine_fidelity/registration_math_contract.md,
results/20260714_srr_v3_m10_followup_cine_fidelity/result.md,
results/20260714_srr_v3_m10_followup_cine_fidelity/syn_control_contract.md,
results/20260714_srr_v3_m10_followup_cine_fidelity/temporal_dictionary_contract.md,
results/20260714_srr_v3_m10_followup_cine_fidelity/unit_test_report.md,
results/20260714_srr_v3_m10_followup_cine_fidelity/validator_report.md,
results/20260714_srr_v3_m10_followup_cine_runtime/MANIFEST.md,
results/20260714_srr_v3_m10_followup_cine_runtime/cinema_all_checkpoint_metrics.csv,
results/20260714_srr_v3_m10_followup_cine_runtime/cinema_pretrained_vs_random_init.csv,
results/20260714_srr_v3_m10_followup_cine_runtime/cinema_random_init_budget_ledger.csv,
results/20260714_srr_v3_m10_followup_cine_runtime/cinema_selected_source.json,
results/20260714_srr_v3_m10_followup_cine_runtime/cinema_training_budget_ledger.csv,
results/20260714_srr_v3_m10_followup_cine_runtime/commands_run.md,
results/20260714_srr_v3_m10_followup_cine_runtime/executor_completion.md,
results/20260714_srr_v3_m10_followup_cine_runtime/finalizer_state.json,
results/20260714_srr_v3_m10_followup_cine_runtime/frozen_hash_validation.json,
results/20260714_srr_v3_m10_followup_cine_runtime/negative_registration_closure.md,
results/20260714_srr_v3_m10_followup_cine_runtime/preflight_receipt.json,
results/20260714_srr_v3_m10_followup_cine_runtime/real_syn_control.csv,
results/20260714_srr_v3_m10_followup_cine_runtime/registration_all_checkpoint_metrics.csv,
results/20260714_srr_v3_m10_followup_cine_runtime/registration_case_frame_metrics.csv,
results/20260714_srr_v3_m10_followup_cine_runtime/registration_gate.json,
results/20260714_srr_v3_m10_followup_cine_runtime/registration_selected_checkpoint.json,
results/20260714_srr_v3_m10_followup_cine_runtime/registration_training_budget_ledger.csv,
results/20260714_srr_v3_m10_followup_cine_runtime/result.md,
results/20260714_srr_v3_m10_followup_cine_runtime/retry_ledger.csv,
results/20260714_srr_v3_m10_followup_cine_runtime/temporal_case_metrics.csv,
results/20260714_srr_v3_m10_followup_cine_runtime/temporal_control_help_harm.csv,
results/20260714_srr_v3_m10_followup_cine_runtime/temporal_timeout_analysis.md,
results/20260714_srr_v3_m10_followup_cine_runtime/temporal_training_budget_ledger.csv,
results/20260714_srr_v3_m10_followup_cine_runtime/terminal_accounting.csv,
results/20260714_srr_v3_m10_followup_cine_runtime/validator_report.md,
results/20260714_srr_v3_m10_followup_cine_runtime/validator_selftest_report.md,
results/20260714_srr_v3_m10_followup_wave2_reconciliation/MANIFEST.md,
results/20260714_srr_v3_m10_followup_wave2_reconciliation/all_checkpoint_challenge_metrics.csv,
results/20260714_srr_v3_m10_followup_wave2_reconciliation/checkpoint_eligibility.csv,
results/20260714_srr_v3_m10_followup_wave2_reconciliation/checkpoint_inventory.csv,
results/20260714_srr_v3_m10_followup_wave2_reconciliation/commands_run.md,
results/20260714_srr_v3_m10_followup_wave2_reconciliation/component_state_classification.csv,
results/20260714_srr_v3_m10_followup_wave2_reconciliation/d2_component_interventions.csv,
results/20260714_srr_v3_m10_followup_wave2_reconciliation/d3_component_interventions.csv,
results/20260714_srr_v3_m10_followup_wave2_reconciliation/evaluation_run_ledger.csv,
results/20260714_srr_v3_m10_followup_wave2_reconciliation/executor_completion.md,
results/20260714_srr_v3_m10_followup_wave2_reconciliation/hard_subgroup_help_harm.csv,
results/20260714_srr_v3_m10_followup_wave2_reconciliation/inherited_wave2_budget_ledger.csv,
results/20260714_srr_v3_m10_followup_wave2_reconciliation/inherited_wave2_fingerprint_audit.json,
results/20260714_srr_v3_m10_followup_wave2_reconciliation/preflight_receipt.json,
results/20260714_srr_v3_m10_followup_wave2_reconciliation/result.md,
results/20260714_srr_v3_m10_followup_wave2_reconciliation/runtime_manifest.json,
results/20260714_srr_v3_m10_followup_wave2_reconciliation/selected_checkpoints.json,
results/20260714_srr_v3_m10_followup_wave2_reconciliation/validator_report.md,
results/20260714_srr_v3_m10_followup_wave2_reconciliation/validator_selftest_report.md,
results/20260721_srr_batch4_forced_fold0_training/MANIFEST.md,
results/20260721_srr_batch4_forced_fold0_training/architecture_delta_final.md,
results/20260721_srr_batch4_forced_fold0_training/casewise_metrics.csv,
results/20260721_srr_batch4_forced_fold0_training/commands_run.md,
results/20260721_srr_batch4_forced_fold0_training/completion_check.md,
results/20260721_srr_batch4_forced_fold0_training/component_remote_fp.csv,
results/20260721_srr_batch4_forced_fold0_training/controller_context.json,
results/20260721_srr_batch4_forced_fold0_training/controller_dispatch_status.json,
results/20260721_srr_batch4_forced_fold0_training/controller_ledger.csv,
results/20260721_srr_batch4_forced_fold0_training/controller_report.md,
results/20260721_srr_batch4_forced_fold0_training/correction_gate_diagnostics.csv,
results/20260721_srr_batch4_forced_fold0_training/finalizer_state.json,
results/20260721_srr_batch4_forced_fold0_training/frozen_prototype_memory_manifest.json,
results/20260721_srr_batch4_forced_fold0_training/help_harm.csv,
results/20260721_srr_batch4_forced_fold0_training/implementation_snapshot.md,
results/20260721_srr_batch4_forced_fold0_training/mapper_report_final.md,
results/20260721_srr_batch4_forced_fold0_training/preflight_environment_receipt.json,
results/20260721_srr_batch4_forced_fold0_training/preflight_receipt.json,
results/20260721_srr_batch4_forced_fold0_training/proposal_diagnostics.csv,
results/20260721_srr_batch4_forced_fold0_training/review.md,
results/20260721_srr_batch4_forced_fold0_training/review_request.md,
results/20260721_srr_batch4_forced_fold0_training/roi_diagnostics.csv,
results/20260721_srr_batch4_forced_fold0_training/selected_checkpoint.json,
results/20260721_srr_batch4_forced_fold0_training/selected_checkpoint_controls/batch3a_anchor_bounded_srr_correction_geometry_roundtrip.csv,
results/20260721_srr_batch4_forced_fold0_training/selected_checkpoint_controls/batch3a_anchor_bounded_srr_correction_inference_contract.json,
results/20260721_srr_batch4_forced_fold0_training/selected_checkpoint_controls/batch3a_anchor_bounded_srr_correction_tensor_checks.csv,
results/20260721_srr_batch4_forced_fold0_training/selected_checkpoint_controls/batch3a_anchor_identity_control_geometry_roundtrip.csv,
results/20260721_srr_batch4_forced_fold0_training/selected_checkpoint_controls/batch3a_anchor_identity_control_inference_contract.json,
results/20260721_srr_batch4_forced_fold0_training/selected_checkpoint_controls/batch3a_anchor_identity_control_tensor_checks.csv,
results/20260721_srr_batch4_forced_fold0_training/selected_checkpoint_controls/batch3a_srr_no_anchor_control_geometry_roundtrip.csv,
results/20260721_srr_batch4_forced_fold0_training/selected_checkpoint_controls/batch3a_srr_no_anchor_control_inference_contract.json,
results/20260721_srr_batch4_forced_fold0_training/selected_checkpoint_controls/batch3a_srr_no_anchor_control_tensor_checks.csv,
results/20260721_srr_batch4_forced_fold0_training/selected_checkpoint_evaluation/anchor_identity_44case.json,
results/20260721_srr_batch4_forced_fold0_training/selected_checkpoint_evaluation/batch2_completion.json,
results/20260721_srr_batch4_forced_fold0_training/selected_checkpoint_evaluation/nnunet_fold0_reproduction.json,
results/20260721_srr_batch4_forced_fold0_training/slurm_attempts.csv,
results/20260721_srr_batch4_forced_fold0_training/subgroup_metrics.csv,
results/20260721_srr_batch4_forced_fold0_training/training_adequacy.json,
results/20260721_srr_batch4_forced_fold0_training/training_log_summary.csv,
results/20260721_srr_batch4_forced_fold0_training/validation_checkpoint_metrics.csv,
results/20260721_srr_batch5_post_batch4_diagnostic_repair/MANIFEST.md,
results/20260721_srr_batch5_post_batch4_diagnostic_repair/batch6_unique_repair_decision.md,
results/20260721_srr_batch5_post_batch4_diagnostic_repair/casewise_mechanism_attribution.csv,
results/20260721_srr_batch5_post_batch4_diagnostic_repair/checkpoint_reranking.csv,
results/20260721_srr_batch5_post_batch4_diagnostic_repair/completion_check.md,
results/20260721_srr_batch5_post_batch4_diagnostic_repair/controller_report.md,
results/20260721_srr_batch5_post_batch4_diagnostic_repair/evaluation_semantics_audit.json,
results/20260721_srr_batch5_post_batch4_diagnostic_repair/evaluation_semantics_audit.md,
results/20260721_srr_batch5_post_batch4_diagnostic_repair/finalizer_state.json,
results/20260721_srr_batch5_post_batch4_diagnostic_repair/implementation_snapshot.md,
results/20260721_srr_batch5_post_batch4_diagnostic_repair/loss_authority_audit.json,
results/20260721_srr_batch5_post_batch4_diagnostic_repair/loss_authority_audit.md,
results/20260721_srr_batch5_post_batch4_diagnostic_repair/loss_directionality_audit.csv,
results/20260721_srr_batch5_post_batch4_diagnostic_repair/loss_parameter_gradient_matrix.csv,
results/20260721_srr_batch5_post_batch4_diagnostic_repair/mapper_report_final.md,
results/20260721_srr_batch5_post_batch4_diagnostic_repair/mode_intervention_metrics.csv,
results/20260721_srr_batch5_post_batch4_diagnostic_repair/oracle_headroom.csv,
results/20260721_srr_batch5_post_batch4_diagnostic_repair/prototype_manifest_audit.json,
results/20260721_srr_batch5_post_batch4_diagnostic_repair/runtime/inference/batch3a_anchor_bounded_full_geometry_roundtrip.csv,
results/20260721_srr_batch5_post_batch4_diagnostic_repair/runtime/inference/batch3a_anchor_bounded_full_inference_contract.json,
results/20260721_srr_batch5_post_batch4_diagnostic_repair/runtime/inference/batch3a_anchor_bounded_full_tensor_checks.csv,
results/20260721_srr_batch5_post_batch4_diagnostic_repair/runtime/inference/batch3a_anchor_bounded_proposal_only_geometry_roundtrip.csv,
results/20260721_srr_batch5_post_batch4_diagnostic_repair/runtime/inference/batch3a_anchor_bounded_proposal_only_inference_contract.json,
results/20260721_srr_batch5_post_batch4_diagnostic_repair/runtime/inference/batch3a_anchor_bounded_proposal_only_tensor_checks.csv,
results/20260721_srr_batch5_post_batch4_diagnostic_repair/runtime/inference/batch3a_anchor_bounded_refiner_only_geometry_roundtrip.csv,
results/20260721_srr_batch5_post_batch4_diagnostic_repair/runtime/inference/batch3a_anchor_bounded_refiner_only_inference_contract.json,
results/20260721_srr_batch5_post_batch4_diagnostic_repair/runtime/inference/batch3a_anchor_bounded_refiner_only_tensor_checks.csv,
results/20260721_srr_batch5_post_batch4_diagnostic_repair/runtime/inference/batch3a_anchor_identity_control_geometry_roundtrip.csv,
results/20260721_srr_batch5_post_batch4_diagnostic_repair/runtime/inference/batch3a_anchor_identity_control_inference_contract.json,
results/20260721_srr_batch5_post_batch4_diagnostic_repair/runtime/inference/batch3a_anchor_identity_control_tensor_checks.csv,
results/20260721_srr_batch5_post_batch4_diagnostic_repair/runtime/inference/batch3a_inference_contract.json,
results/20260721_srr_batch5_post_batch4_diagnostic_repair/runtime/inference/batch3a_production_gate_closed_geometry_roundtrip.csv,
results/20260721_srr_batch5_post_batch4_diagnostic_repair/runtime/inference/batch3a_production_gate_closed_inference_contract.json,
results/20260721_srr_batch5_post_batch4_diagnostic_repair/runtime/inference/batch3a_production_gate_closed_tensor_checks.csv,
results/20260721_srr_batch5_post_batch4_diagnostic_repair/runtime/inference/batch3a_production_gate_open_bounded_control_geometry_roundtrip.csv,
results/20260721_srr_batch5_post_batch4_diagnostic_repair/runtime/inference/batch3a_production_gate_open_bounded_control_inference_contract.json,
results/20260721_srr_batch5_post_batch4_diagnostic_repair/runtime/inference/batch3a_production_gate_open_bounded_control_tensor_checks.csv,
results/20260721_srr_batch5_post_batch4_diagnostic_repair/runtime/inference/batch3a_srr_no_anchor_control_geometry_roundtrip.csv,
results/20260721_srr_batch5_post_batch4_diagnostic_repair/runtime/inference/batch3a_srr_no_anchor_control_inference_contract.json,
results/20260721_srr_batch5_post_batch4_diagnostic_repair/runtime/inference/batch3a_srr_no_anchor_control_tensor_checks.csv,
results/20260721_srr_batch5_post_batch4_diagnostic_repair/runtime/locks/batch5_diagnostic.winner/owner.json,
results/20260721_srr_batch5_post_batch4_diagnostic_repair/slurm_attempts.csv,
results/20260721_srr_batch6_final_objective_alignment/MANIFEST.md,
results/20260721_srr_batch6_final_objective_alignment/architecture_delta_draft.md,
results/20260721_srr_batch6_final_objective_alignment/architecture_delta_final.md,
results/20260721_srr_batch6_final_objective_alignment/batch5_reconciliation.md,
results/20260721_srr_batch6_final_objective_alignment/casewise_metrics.csv,
results/20260721_srr_batch6_final_objective_alignment/checkpoint_selection.csv,
results/20260721_srr_batch6_final_objective_alignment/commands_run.md,
results/20260721_srr_batch6_final_objective_alignment/completion_check.md,
results/20260721_srr_batch6_final_objective_alignment/controller_bootstrap_snapshot.md,
results/20260721_srr_batch6_final_objective_alignment/controller_context.json,
results/20260721_srr_batch6_final_objective_alignment/controller_ledger.csv,
results/20260721_srr_batch6_final_objective_alignment/controller_report.md,
results/20260721_srr_batch6_final_objective_alignment/final_mechanism_interventions.csv,
results/20260721_srr_batch6_final_objective_alignment/finalizer_state.json,
results/20260721_srr_batch6_final_objective_alignment/fixed_batch_overfit.json,
results/20260721_srr_batch6_final_objective_alignment/fixed_batch_overfit_trace.csv,
results/20260721_srr_batch6_final_objective_alignment/help_harm.csv,
results/20260721_srr_batch6_final_objective_alignment/implementation_snapshot.md,
results/20260721_srr_batch6_final_objective_alignment/loss_authority_audit.json,
results/20260721_srr_batch6_final_objective_alignment/loss_authority_audit.md,
results/20260721_srr_batch6_final_objective_alignment/loss_directionality_audit.csv,
results/20260721_srr_batch6_final_objective_alignment/loss_gradient_authority.csv,
results/20260721_srr_batch6_final_objective_alignment/loss_parameter_gradient_matrix.csv,
results/20260721_srr_batch6_final_objective_alignment/mapper_report_draft.md,
results/20260721_srr_batch6_final_objective_alignment/mapper_report_final.md,
results/20260721_srr_batch6_final_objective_alignment/proposal_roi_metrics.csv,
results/20260721_srr_batch6_final_objective_alignment/pure_intervention_metrics.csv,
results/20260721_srr_batch6_final_objective_alignment/resolved_loss_weights.csv,
results/20260721_srr_batch6_final_objective_alignment/slurm_attempts.csv,
results/20260721_srr_batch6_final_objective_alignment/subgroup_metrics.csv,
results/20260721_srr_batch6_final_objective_alignment/training_adequacy.json,
results/20260721_srr_batch7_mechanism_closure_repair/MANIFEST.md,
results/20260721_srr_batch7_mechanism_closure_repair/architecture_delta_final.md,
results/20260721_srr_batch7_mechanism_closure_repair/checkpoint_roundtrip.json,
results/20260721_srr_batch7_mechanism_closure_repair/checkpoint_selection.csv,
results/20260721_srr_batch7_mechanism_closure_repair/completion_check.md,
results/20260721_srr_batch7_mechanism_closure_repair/controller_bootstrap_snapshot.md,
results/20260721_srr_batch7_mechanism_closure_repair/controller_context.json,
results/20260721_srr_batch7_mechanism_closure_repair/controller_ledger.csv,
results/20260721_srr_batch7_mechanism_closure_repair/controller_report.md,
results/20260721_srr_batch7_mechanism_closure_repair/discovery_independence.csv,
results/20260721_srr_batch7_mechanism_closure_repair/finalizer_state.json,
results/20260721_srr_batch7_mechanism_closure_repair/gradient_authority.csv,
results/20260721_srr_batch7_mechanism_closure_repair/help_harm.csv,
results/20260721_srr_batch7_mechanism_closure_repair/implementation_snapshot.md,
results/20260721_srr_batch7_mechanism_closure_repair/intervention_aggregation.json,
results/20260721_srr_batch7_mechanism_closure_repair/intervention_casewise_metrics.csv,
results/20260721_srr_batch7_mechanism_closure_repair/intervention_known_bad_results.json,
results/20260721_srr_batch7_mechanism_closure_repair/intervention_prediction_manifest.csv,
results/20260721_srr_batch7_mechanism_closure_repair/intervention_runner_contract.json,
results/20260721_srr_batch7_mechanism_closure_repair/intervention_runner_contract_production_gate_one.json,
results/20260721_srr_batch7_mechanism_closure_repair/intervention_summary.csv,
results/20260721_srr_batch7_mechanism_closure_repair/mapper_report_draft.md,
results/20260721_srr_batch7_mechanism_closure_repair/mapper_report_final.md,
results/20260721_srr_batch7_mechanism_closure_repair/proposal_refiner_metrics.csv,
results/20260721_srr_batch7_mechanism_closure_repair/proposal_stage_adequacy.json,
results/20260721_srr_batch7_mechanism_closure_repair/proposal_stage_casewise.csv,
results/20260721_srr_batch7_mechanism_closure_repair/proposal_stage_checkpoint_selection.csv,
results/20260721_srr_batch7_mechanism_closure_repair/proposal_stage_help_harm.csv,
results/20260721_srr_batch7_mechanism_closure_repair/proposal_stage_subgroups.csv,
results/20260721_srr_batch7_mechanism_closure_repair/prototype_map_intervention.csv,
results/20260721_srr_batch7_mechanism_closure_repair/semantic_memory_category_counts.csv,
results/20260721_srr_batch7_mechanism_closure_repair/semantic_memory_intervention.csv,
results/20260721_srr_batch7_mechanism_closure_repair/semantic_memory_manifest.json,
results/20260721_srr_batch7_mechanism_closure_repair/semantic_memory_tensor_hashes.csv,
results/20260721_srr_batch7_mechanism_closure_repair/semantic_memory_valid_masks.csv,
results/20260721_srr_batch7_mechanism_closure_repair/slurm_attempts.csv,
results/20260721_srr_batch7_mechanism_closure_repair/source_arbiter_metrics.csv,
results/20260721_srr_batch7_mechanism_closure_repair/subgroup_metrics.csv,
results/20260721_srr_batch7_mechanism_closure_repair/superseded_evidence.md,
results/20260721_srr_batch7_mechanism_closure_repair/training_stage_adequacy.json,
results/20260721_srr_batch7_mechanism_closure_repair/validator_semantics.md,
results/20260721_srr_batch7_mechanism_closure_repair/validator_status.json,
results/20260721_srr_batch7_upstream_candidate_quality/MANIFEST.md,
results/20260721_srr_batch7_upstream_candidate_quality/architecture_delta_draft.md,
results/20260721_srr_batch7_upstream_candidate_quality/architecture_delta_final.md,
results/20260721_srr_batch7_upstream_candidate_quality/asset_intervention_metrics.csv,
results/20260721_srr_batch7_upstream_candidate_quality/casewise_metrics.csv,
results/20260721_srr_batch7_upstream_candidate_quality/checkpoint_roundtrip.json,
results/20260721_srr_batch7_upstream_candidate_quality/checkpoint_selection.csv,
results/20260721_srr_batch7_upstream_candidate_quality/commands_run.md,
results/20260721_srr_batch7_upstream_candidate_quality/completion_check.md,
results/20260721_srr_batch7_upstream_candidate_quality/controller_bootstrap_snapshot.md,
results/20260721_srr_batch7_upstream_candidate_quality/controller_report.md,
results/20260721_srr_batch7_upstream_candidate_quality/final_mechanism_interventions.csv,
results/20260721_srr_batch7_upstream_candidate_quality/finalizer_state.json,
results/20260721_srr_batch7_upstream_candidate_quality/fixed_batch_overfit.json,
results/20260721_srr_batch7_upstream_candidate_quality/fixed_batch_overfit_trace.csv,
results/20260721_srr_batch7_upstream_candidate_quality/gradient_authority.csv,
results/20260721_srr_batch7_upstream_candidate_quality/help_harm.csv,
results/20260721_srr_batch7_upstream_candidate_quality/implementation_snapshot.md,
results/20260721_srr_batch7_upstream_candidate_quality/mapper_report_draft.md,
results/20260721_srr_batch7_upstream_candidate_quality/mapper_report_final.md,
results/20260721_srr_batch7_upstream_candidate_quality/proposal_refiner_metrics.csv,
results/20260721_srr_batch7_upstream_candidate_quality/prototype_feature_drift.csv,
results/20260721_srr_batch7_upstream_candidate_quality/prototype_memory_manifest.json,
results/20260721_srr_batch7_upstream_candidate_quality/semantic_negative_counts.csv,
results/20260721_srr_batch7_upstream_candidate_quality/slurm_attempts.csv,
results/20260721_srr_batch7_upstream_candidate_quality/source_arbiter_metrics.csv,
results/20260721_srr_batch7_upstream_candidate_quality/subgroup_metrics.csv,
results/20260721_srr_batch7_upstream_candidate_quality/training_adequacy.json,
results/20260721_srr_batch7_upstream_candidate_quality/validator_status.json,
results/20260722_care_myops_batch9_reliable_label_distillation/MANIFEST.md,
results/20260722_care_myops_batch9_reliable_label_distillation/architecture_delta_draft.md,
results/20260722_care_myops_batch9_reliable_label_distillation/architecture_delta_final.md,
results/20260722_care_myops_batch9_reliable_label_distillation/availability_hard_mask_checks.csv,
results/20260722_care_myops_batch9_reliable_label_distillation/batch8_supersession.md,
results/20260722_care_myops_batch9_reliable_label_distillation/batch9_code_evidence_fingerprint.json,
results/20260722_care_myops_batch9_reliable_label_distillation/casewise_metrics.csv,
results/20260722_care_myops_batch9_reliable_label_distillation/center_modality_label_inventory.csv,
results/20260722_care_myops_batch9_reliable_label_distillation/checkpoint_roundtrip.json,
results/20260722_care_myops_batch9_reliable_label_distillation/checkpoint_selection.csv,
results/20260722_care_myops_batch9_reliable_label_distillation/clean_model_import_graph.json,
results/20260722_care_myops_batch9_reliable_label_distillation/completion_check.md,
results/20260722_care_myops_batch9_reliable_label_distillation/controller_bootstrap_snapshot.md,
results/20260722_care_myops_batch9_reliable_label_distillation/controller_context.json,
results/20260722_care_myops_batch9_reliable_label_distillation/controller_ledger.csv,
results/20260722_care_myops_batch9_reliable_label_distillation/controller_report.md,
results/20260722_care_myops_batch9_reliable_label_distillation/decision_matrix.csv,
results/20260722_care_myops_batch9_reliable_label_distillation/direct_casewise_metrics.csv,
results/20260722_care_myops_batch9_reliable_label_distillation/direct_checkpoint_selection.csv,
results/20260722_care_myops_batch9_reliable_label_distillation/direct_prediction_manifest.csv,
results/20260722_care_myops_batch9_reliable_label_distillation/direct_subgroup_metrics.csv,
results/20260722_care_myops_batch9_reliable_label_distillation/direct_training_adequacy.csv,
results/20260722_care_myops_batch9_reliable_label_distillation/distillation_mechanism.csv,
results/20260722_care_myops_batch9_reliable_label_distillation/final_logit_authority_checks.csv,
results/20260722_care_myops_batch9_reliable_label_distillation/finalizer_state.json,
results/20260722_care_myops_batch9_reliable_label_distillation/fixed_real_case_overfit.json,
results/20260722_care_myops_batch9_reliable_label_distillation/fold0_case_manifest.csv,
results/20260722_care_myops_batch9_reliable_label_distillation/gpu_preflight_attempts.csv,
results/20260722_care_myops_batch9_reliable_label_distillation/help_harm.csv,
results/20260722_care_myops_batch9_reliable_label_distillation/known_bad_report.json,
results/20260722_care_myops_batch9_reliable_label_distillation/legacy_module_call_counters.csv,
results/20260722_care_myops_batch9_reliable_label_distillation/loss_gradient_matrix.csv,
results/20260722_care_myops_batch9_reliable_label_distillation/mapper_report_draft.md,
results/20260722_care_myops_batch9_reliable_label_distillation/mapper_report_final.md,
results/20260722_care_myops_batch9_reliable_label_distillation/matched_run_manifest.csv,
results/20260722_care_myops_batch9_reliable_label_distillation/matched_schedule_template.json,
results/20260722_care_myops_batch9_reliable_label_distillation/notification_brief.json,
results/20260722_care_myops_batch9_reliable_label_distillation/prediction_manifest.csv,
results/20260722_care_myops_batch9_reliable_label_distillation/preflight_prediction_sanity.csv,
results/20260722_care_myops_batch9_reliable_label_distillation/reliable_supervision_inventory.csv,
results/20260722_care_myops_batch9_reliable_label_distillation/reliable_supervision_mask_checks.csv,
results/20260722_care_myops_batch9_reliable_label_distillation/resenc_environment_contract.json,
results/20260722_care_myops_batch9_reliable_label_distillation/resolved_loss_contract.json,
results/20260722_care_myops_batch9_reliable_label_distillation/seed20260723_student_direct_reliable_casewise_metrics.csv,
results/20260722_care_myops_batch9_reliable_label_distillation/seed20260723_student_direct_reliable_evaluation_receipt.json,
results/20260722_care_myops_batch9_reliable_label_distillation/seed20260723_student_direct_reliable_help_harm.csv,
results/20260722_care_myops_batch9_reliable_label_distillation/seed20260723_student_direct_reliable_prediction_manifest.csv,
results/20260722_care_myops_batch9_reliable_label_distillation/seed20260723_student_direct_reliable_subgroup_metrics.csv,
results/20260722_care_myops_batch9_reliable_label_distillation/seed20260723_student_moddrop_control_casewise_metrics.csv,
results/20260722_care_myops_batch9_reliable_label_distillation/seed20260723_student_moddrop_control_evaluation_receipt.json,
results/20260722_care_myops_batch9_reliable_label_distillation/seed20260723_student_moddrop_control_help_harm.csv,
results/20260722_care_myops_batch9_reliable_label_distillation/seed20260723_student_moddrop_control_prediction_manifest.csv,
results/20260722_care_myops_batch9_reliable_label_distillation/seed20260723_student_moddrop_control_subgroup_metrics.csv,
results/20260722_care_myops_batch9_reliable_label_distillation/seed20260723_student_reliable_distill_casewise_metrics.csv,
results/20260722_care_myops_batch9_reliable_label_distillation/seed20260723_student_reliable_distill_evaluation_receipt.json,
results/20260722_care_myops_batch9_reliable_label_distillation/seed20260723_student_reliable_distill_help_harm.csv,
results/20260722_care_myops_batch9_reliable_label_distillation/seed20260723_student_reliable_distill_prediction_manifest.csv,
results/20260722_care_myops_batch9_reliable_label_distillation/seed20260723_student_reliable_distill_subgroup_metrics.csv,
results/20260722_care_myops_batch9_reliable_label_distillation/seed20260723_teacher_full_view_casewise_metrics.csv,
results/20260722_care_myops_batch9_reliable_label_distillation/seed20260723_teacher_full_view_evaluation_receipt.json,
results/20260722_care_myops_batch9_reliable_label_distillation/seed20260723_teacher_full_view_help_harm.csv,
results/20260722_care_myops_batch9_reliable_label_distillation/seed20260723_teacher_full_view_prediction_manifest.csv,
results/20260722_care_myops_batch9_reliable_label_distillation/seed20260723_teacher_full_view_subgroup_metrics.csv,
results/20260722_care_myops_batch9_reliable_label_distillation/seed20260724_student_direct_reliable_casewise_metrics.csv,
results/20260722_care_myops_batch9_reliable_label_distillation/seed20260724_student_direct_reliable_evaluation_receipt.json,
results/20260722_care_myops_batch9_reliable_label_distillation/seed20260724_student_direct_reliable_help_harm.csv,
results/20260722_care_myops_batch9_reliable_label_distillation/seed20260724_student_direct_reliable_prediction_manifest.csv,
results/20260722_care_myops_batch9_reliable_label_distillation/seed20260724_student_direct_reliable_subgroup_metrics.csv,
results/20260722_care_myops_batch9_reliable_label_distillation/seed20260724_student_moddrop_control_casewise_metrics.csv,
results/20260722_care_myops_batch9_reliable_label_distillation/seed20260724_student_moddrop_control_evaluation_receipt.json,
results/20260722_care_myops_batch9_reliable_label_distillation/seed20260724_student_moddrop_control_help_harm.csv,
results/20260722_care_myops_batch9_reliable_label_distillation/seed20260724_student_moddrop_control_prediction_manifest.csv,
results/20260722_care_myops_batch9_reliable_label_distillation/seed20260724_student_moddrop_control_subgroup_metrics.csv,
results/20260722_care_myops_batch9_reliable_label_distillation/seed20260724_student_reliable_distill_casewise_metrics.csv,
results/20260722_care_myops_batch9_reliable_label_distillation/seed20260724_student_reliable_distill_evaluation_receipt.json,
results/20260722_care_myops_batch9_reliable_label_distillation/seed20260724_student_reliable_distill_help_harm.csv,
results/20260722_care_myops_batch9_reliable_label_distillation/seed20260724_student_reliable_distill_prediction_manifest.csv,
results/20260722_care_myops_batch9_reliable_label_distillation/seed20260724_student_reliable_distill_subgroup_metrics.csv,
results/20260722_care_myops_batch9_reliable_label_distillation/seed20260724_teacher_full_view_casewise_metrics.csv,
results/20260722_care_myops_batch9_reliable_label_distillation/seed20260724_teacher_full_view_evaluation_receipt.json,
results/20260722_care_myops_batch9_reliable_label_distillation/seed20260724_teacher_full_view_help_harm.csv,
results/20260722_care_myops_batch9_reliable_label_distillation/seed20260724_teacher_full_view_prediction_manifest.csv,
results/20260722_care_myops_batch9_reliable_label_distillation/seed20260724_teacher_full_view_subgroup_metrics.csv,
results/20260722_care_myops_batch9_reliable_label_distillation/slurm_formal_chain.json,
results/20260722_care_myops_batch9_reliable_label_distillation/slurm_formal_chain_superseded_20260722_101750.json,
results/20260722_care_myops_batch9_reliable_label_distillation/slurm_race_events.csv,
results/20260722_care_myops_batch9_reliable_label_distillation/slurm_resource_authorization_20260722.json,
results/20260722_care_myops_batch9_reliable_label_distillation/slurm_resource_override.json,
results/20260722_care_myops_batch9_reliable_label_distillation/standard_nnunet_baseline_contract.json,
results/20260722_care_myops_batch9_reliable_label_distillation/strict_validator_report.json,
results/20260722_care_myops_batch9_reliable_label_distillation/student_view_manifest.csv,
results/20260722_care_myops_batch9_reliable_label_distillation/subgroup_metrics.csv,
results/20260722_care_myops_batch9_reliable_label_distillation/supervision_audit.csv,
results/20260722_care_myops_batch9_reliable_label_distillation/teacher_checkpoint_selection.csv,
results/20260722_care_myops_batch9_reliable_label_distillation/teacher_complete_view_metrics.csv,
results/20260722_care_myops_batch9_reliable_label_distillation/teacher_initialization_checks.csv,
results/20260722_care_myops_batch9_reliable_label_distillation/teacher_training_adequacy.csv,
results/20260722_care_myops_batch9_reliable_label_distillation/training_adequacy.csv,
results/20260722_srr_batch7_minimal_pathology_decomposition/MANIFEST.md,
results/20260722_srr_batch7_minimal_pathology_decomposition/anchor_free_discovery_coverage.csv,
results/20260722_srr_batch7_minimal_pathology_decomposition/availability_mask_checks.csv,
results/20260722_srr_batch7_minimal_pathology_decomposition/beta_hierarchy_checks.csv,
results/20260722_srr_batch7_minimal_pathology_decomposition/br2_increment_matrix.csv,
results/20260722_srr_batch7_minimal_pathology_decomposition/br2_staged_gradient_checks.json,
results/20260722_srr_batch7_minimal_pathology_decomposition/casewise_metrics.csv,
results/20260722_srr_batch7_minimal_pathology_decomposition/center_modality_inventory.csv,
results/20260722_srr_batch7_minimal_pathology_decomposition/checkpoint_selection.csv,
results/20260722_srr_batch7_minimal_pathology_decomposition/claim_boundary.md,
results/20260722_srr_batch7_minimal_pathology_decomposition/completion_check.md,
results/20260722_srr_batch7_minimal_pathology_decomposition/controller_bootstrap_snapshot.md,
results/20260722_srr_batch7_minimal_pathology_decomposition/controller_report.md,
results/20260722_srr_batch7_minimal_pathology_decomposition/deployment_subgroup_metrics.csv,
results/20260722_srr_batch7_minimal_pathology_decomposition/help_harm.csv,
results/20260722_srr_batch7_minimal_pathology_decomposition/implementation_snapshot.md,
results/20260722_srr_batch7_minimal_pathology_decomposition/integrativeness_diagnostics.csv,
results/20260722_srr_batch7_minimal_pathology_decomposition/loss_specific_gradient_matrix.csv,
results/20260722_srr_batch7_minimal_pathology_decomposition/mapper_report_final.md,
results/20260722_srr_batch7_minimal_pathology_decomposition/matched_run_manifest.csv,
results/20260722_srr_batch7_minimal_pathology_decomposition/minimal_decomposition_aggregation_status.json,
results/20260722_srr_batch7_minimal_pathology_decomposition/pathology_decision_matrix.csv,
results/20260722_srr_batch7_minimal_pathology_decomposition/pathology_source_eligibility.csv,
results/20260722_srr_batch7_minimal_pathology_decomposition/proposal_mechanism_metrics.csv,
results/20260722_srr_batch7_minimal_pathology_decomposition/representer_parameter_manifest.csv,
results/20260722_srr_batch7_minimal_pathology_decomposition/representer_scale_checks.csv,
results/20260722_srr_batch7_minimal_pathology_decomposition/resolved_stage_loss_weights.csv,
results/20260722_srr_batch7_minimal_pathology_decomposition/result.md,
results/20260722_srr_batch7_minimal_pathology_decomposition/scar_casewise_metrics.csv,
results/20260722_srr_batch7_minimal_pathology_decomposition/scar_checkpoint_selection.csv,
results/20260722_srr_batch7_minimal_pathology_decomposition/scar_deployment_subgroup_metrics.csv,
results/20260722_srr_batch7_minimal_pathology_decomposition/scar_help_harm.csv,
results/20260722_srr_batch7_minimal_pathology_decomposition/scar_proposal_mechanism_metrics.csv,
results/20260722_srr_batch7_minimal_pathology_decomposition/scar_sip_calibration_batches.csv,
results/20260722_srr_batch7_minimal_pathology_decomposition/scar_source_learner_coefficients.csv,
results/20260722_srr_batch7_minimal_pathology_decomposition/sip_formula_unit_tests.json,
results/20260722_srr_batch7_minimal_pathology_decomposition/sip_increment_matrix.csv,
results/20260722_srr_batch7_minimal_pathology_decomposition/sip_weight_calibration.csv,
results/20260722_srr_batch7_minimal_pathology_decomposition/slurm_attempts.csv,
results/20260722_srr_batch7_minimal_pathology_decomposition/source_balanced_sampler_manifest.csv,
results/20260722_srr_batch7_minimal_pathology_decomposition/source_learner_coefficients.csv,
results/20260722_srr_batch7_minimal_pathology_decomposition/subgroup_metrics.csv,
results/20260724_care_myops_batch10_deadline_rescue/audit_split_metrics.csv,
results/20260724_care_myops_batch10_deadline_rescue/baseline_evaluation_contract.json,
results/20260724_care_myops_batch10_deadline_rescue/baseline_recomputed_casewise.csv,
results/20260724_care_myops_batch10_deadline_rescue/baseline_recomputed_summary.csv,
results/20260724_care_myops_batch10_deadline_rescue/baseline_reference_consistency.json,
results/20260724_care_myops_batch10_deadline_rescue/batch9_runtime_freeze.json,
results/20260724_care_myops_batch10_deadline_rescue/batch9_slurm_accounting_freeze.json,
results/20260724_care_myops_batch10_deadline_rescue/checkpoint_reconstruction_checks.csv,
results/20260724_care_myops_batch10_deadline_rescue/checkpoint_screening_attempts.csv,
results/20260724_care_myops_batch10_deadline_rescue/checkpoint_screening_manifest.csv,
results/20260724_care_myops_batch10_deadline_rescue/checkpoint_screening_receipt.json,
results/20260724_care_myops_batch10_deadline_rescue/clean_checkout_import_audit.json,
results/20260724_care_myops_batch10_deadline_rescue/controller_amendment_receipt.md,
results/20260724_care_myops_batch10_deadline_rescue/controller_bootstrap_snapshot.md,
results/20260724_care_myops_batch10_deadline_rescue/controller_context.json,
results/20260724_care_myops_batch10_deadline_rescue/controller_ledger.csv,
results/20260724_care_myops_batch10_deadline_rescue/controller_report.md,
results/20260724_care_myops_batch10_deadline_rescue/controller_resume_prompt_for_Longleaf_Backup_Codex.md,
results/20260724_care_myops_batch10_deadline_rescue/docker_decision.md,
results/20260724_care_myops_batch10_deadline_rescue/docker_feasibility_probe.json,
results/20260724_care_myops_batch10_deadline_rescue/ensemble_casewise_metrics.csv,
results/20260724_care_myops_batch10_deadline_rescue/ensemble_manifest.csv,
results/20260724_care_myops_batch10_deadline_rescue/ensemble_source_selection.json,
results/20260724_care_myops_batch10_deadline_rescue/ensemble_summary.csv,
results/20260724_care_myops_batch10_deadline_rescue/existing_checkpoint_inventory.csv,
results/20260724_care_myops_batch10_deadline_rescue/fair_inference_contract.json,
results/20260724_care_myops_batch10_deadline_rescue/full44_candidate_ranking.csv,
results/20260724_care_myops_batch10_deadline_rescue/gap_register.csv,
results/20260724_care_myops_batch10_deadline_rescue/geometry_roundtrip_checks.csv,
results/20260724_care_myops_batch10_deadline_rescue/inference_known_bad_report.json,
results/20260724_care_myops_batch10_deadline_rescue/inference_slurm_attempts.csv,
results/20260724_care_myops_batch10_deadline_rescue/known_bad_report.json,
results/20260724_care_myops_batch10_deadline_rescue/near_baseline_gate.json,
results/20260724_care_myops_batch10_deadline_rescue/paired_spatial_fiducial_checks.csv,
results/20260724_care_myops_batch10_deadline_rescue/paired_spatial_fiducial_receipt.json,
results/20260724_care_myops_batch10_deadline_rescue/paper_decision.md,
results/20260724_care_myops_batch10_deadline_rescue/pathology_compositor_calibration.json,
results/20260724_care_myops_batch10_deadline_rescue/pathology_compositor_calibration_grid.csv,
results/20260724_care_myops_batch10_deadline_rescue/phase1_student_direct_reliable_legacy_seed20260723_epoch150_928c1316_casewise_metrics.csv,
results/20260724_care_myops_batch10_deadline_rescue/phase1_student_direct_reliable_legacy_seed20260723_epoch150_928c1316_fair_inference_receipt.json,
results/20260724_care_myops_batch10_deadline_rescue/phase1_student_direct_reliable_legacy_seed20260723_epoch150_928c1316_prediction_manifest.csv,
results/20260724_care_myops_batch10_deadline_rescue/phase1_student_direct_reliable_legacy_seed20260723_epoch150_928c1316_sliding_window_receipt.csv,
results/20260724_care_myops_batch10_deadline_rescue/phase1_student_direct_reliable_legacy_seed20260723_epoch225_94793fe9_casewise_metrics.csv,
results/20260724_care_myops_batch10_deadline_rescue/phase1_student_direct_reliable_legacy_seed20260723_epoch225_94793fe9_fair_inference_receipt.json,
results/20260724_care_myops_batch10_deadline_rescue/phase1_student_direct_reliable_legacy_seed20260723_epoch225_94793fe9_prediction_manifest.csv,
results/20260724_care_myops_batch10_deadline_rescue/phase1_student_direct_reliable_legacy_seed20260723_epoch225_94793fe9_sliding_window_receipt.csv,
results/20260724_care_myops_batch10_deadline_rescue/phase1_student_direct_reliable_legacy_seed20260724_epoch150_77447721_casewise_metrics.csv,
results/20260724_care_myops_batch10_deadline_rescue/phase1_student_direct_reliable_legacy_seed20260724_epoch150_77447721_fair_inference_receipt.json,
results/20260724_care_myops_batch10_deadline_rescue/phase1_student_direct_reliable_legacy_seed20260724_epoch150_77447721_prediction_manifest.csv,
results/20260724_care_myops_batch10_deadline_rescue/phase1_student_direct_reliable_legacy_seed20260724_epoch150_77447721_sliding_window_receipt.csv,
results/20260724_care_myops_batch10_deadline_rescue/phase1_student_direct_reliable_legacy_seed20260724_epoch200_733ec261_casewise_metrics.csv,
results/20260724_care_myops_batch10_deadline_rescue/phase1_student_direct_reliable_legacy_seed20260724_epoch200_733ec261_fair_inference_receipt.json,
results/20260724_care_myops_batch10_deadline_rescue/phase1_student_direct_reliable_legacy_seed20260724_epoch200_733ec261_prediction_manifest.csv,
results/20260724_care_myops_batch10_deadline_rescue/phase1_student_direct_reliable_legacy_seed20260724_epoch200_733ec261_sliding_window_receipt.csv,
results/20260724_care_myops_batch10_deadline_rescue/phase1_student_direct_reliable_seed20260723_e29829d4_casewise_metrics.csv,
results/20260724_care_myops_batch10_deadline_rescue/phase1_student_direct_reliable_seed20260723_e29829d4_fair_inference_receipt.json,
results/20260724_care_myops_batch10_deadline_rescue/phase1_student_direct_reliable_seed20260723_e29829d4_prediction_manifest.csv,
results/20260724_care_myops_batch10_deadline_rescue/phase1_student_direct_reliable_seed20260723_e29829d4_sliding_window_receipt.csv,
results/20260724_care_myops_batch10_deadline_rescue/phase1_student_direct_reliable_seed20260723_epoch125_7fc1fcf4_casewise_metrics.csv,
results/20260724_care_myops_batch10_deadline_rescue/phase1_student_direct_reliable_seed20260723_epoch125_7fc1fcf4_fair_inference_receipt.json,
results/20260724_care_myops_batch10_deadline_rescue/phase1_student_direct_reliable_seed20260723_epoch125_7fc1fcf4_prediction_manifest.csv,
results/20260724_care_myops_batch10_deadline_rescue/phase1_student_direct_reliable_seed20260723_epoch125_7fc1fcf4_sliding_window_receipt.csv,
results/20260724_care_myops_batch10_deadline_rescue/phase1_student_direct_reliable_seed20260723_epoch150_e29829d4_casewise_metrics.csv,
results/20260724_care_myops_batch10_deadline_rescue/phase1_student_direct_reliable_seed20260723_epoch150_e29829d4_fair_inference_receipt.json,
results/20260724_care_myops_batch10_deadline_rescue/phase1_student_direct_reliable_seed20260723_epoch150_e29829d4_prediction_manifest.csv,
results/20260724_care_myops_batch10_deadline_rescue/phase1_student_direct_reliable_seed20260723_epoch150_e29829d4_sliding_window_receipt.csv,
results/20260724_care_myops_batch10_deadline_rescue/phase1_student_direct_reliable_seed20260724_epoch050_fe9ca2b9_casewise_metrics.csv,
results/20260724_care_myops_batch10_deadline_rescue/phase1_student_direct_reliable_seed20260724_epoch050_fe9ca2b9_fair_inference_receipt.json,
results/20260724_care_myops_batch10_deadline_rescue/phase1_student_direct_reliable_seed20260724_epoch050_fe9ca2b9_prediction_manifest.csv,
results/20260724_care_myops_batch10_deadline_rescue/phase1_student_direct_reliable_seed20260724_epoch050_fe9ca2b9_sliding_window_receipt.csv,
results/20260724_care_myops_batch10_deadline_rescue/phase1_student_direct_reliable_seed20260724_epoch250_dfaf49e5_casewise_metrics.csv,
results/20260724_care_myops_batch10_deadline_rescue/phase1_student_direct_reliable_seed20260724_epoch250_dfaf49e5_fair_inference_receipt.json,
results/20260724_care_myops_batch10_deadline_rescue/phase1_student_direct_reliable_seed20260724_epoch250_dfaf49e5_prediction_manifest.csv,
results/20260724_care_myops_batch10_deadline_rescue/phase1_student_direct_reliable_seed20260724_epoch250_dfaf49e5_sliding_window_receipt.csv,
results/20260724_care_myops_batch10_deadline_rescue/phase1_student_direct_reliable_seed20260724_fe9ca2b9_casewise_metrics.csv,
results/20260724_care_myops_batch10_deadline_rescue/phase1_student_direct_reliable_seed20260724_fe9ca2b9_fair_inference_receipt.json,
results/20260724_care_myops_batch10_deadline_rescue/phase1_student_direct_reliable_seed20260724_fe9ca2b9_prediction_manifest.csv,
results/20260724_care_myops_batch10_deadline_rescue/phase1_student_direct_reliable_seed20260724_fe9ca2b9_sliding_window_receipt.csv,
results/20260724_care_myops_batch10_deadline_rescue/phase1_student_moddrop_control_seed20260723_d8d22dc3_casewise_metrics.csv,
results/20260724_care_myops_batch10_deadline_rescue/phase1_student_moddrop_control_seed20260723_d8d22dc3_fair_inference_receipt.json,
results/20260724_care_myops_batch10_deadline_rescue/phase1_student_moddrop_control_seed20260723_d8d22dc3_prediction_manifest.csv,
results/20260724_care_myops_batch10_deadline_rescue/phase1_student_moddrop_control_seed20260723_d8d22dc3_sliding_window_receipt.csv,
results/20260724_care_myops_batch10_deadline_rescue/phase1_student_moddrop_control_seed20260723_epoch025_d8d22dc3_casewise_metrics.csv,
results/20260724_care_myops_batch10_deadline_rescue/phase1_student_moddrop_control_seed20260723_epoch025_d8d22dc3_fair_inference_receipt.json,
results/20260724_care_myops_batch10_deadline_rescue/phase1_student_moddrop_control_seed20260723_epoch025_d8d22dc3_prediction_manifest.csv,
results/20260724_care_myops_batch10_deadline_rescue/phase1_student_moddrop_control_seed20260723_epoch025_d8d22dc3_sliding_window_receipt.csv,
results/20260724_care_myops_batch10_deadline_rescue/phase1_student_moddrop_control_seed20260724_59128187_casewise_metrics.csv,
results/20260724_care_myops_batch10_deadline_rescue/phase1_student_moddrop_control_seed20260724_59128187_fair_inference_receipt.json,
results/20260724_care_myops_batch10_deadline_rescue/phase1_student_moddrop_control_seed20260724_59128187_prediction_manifest.csv,
results/20260724_care_myops_batch10_deadline_rescue/phase1_student_moddrop_control_seed20260724_59128187_sliding_window_receipt.csv,
results/20260724_care_myops_batch10_deadline_rescue/phase1_student_moddrop_control_seed20260724_epoch025_59128187_casewise_metrics.csv,
results/20260724_care_myops_batch10_deadline_rescue/phase1_student_moddrop_control_seed20260724_epoch025_59128187_fair_inference_receipt.json,
results/20260724_care_myops_batch10_deadline_rescue/phase1_student_moddrop_control_seed20260724_epoch025_59128187_prediction_manifest.csv,
results/20260724_care_myops_batch10_deadline_rescue/phase1_student_moddrop_control_seed20260724_epoch025_59128187_sliding_window_receipt.csv,
results/20260724_care_myops_batch10_deadline_rescue/phase1_student_reliable_distill_seed20260723_36672249_casewise_metrics.csv,
results/20260724_care_myops_batch10_deadline_rescue/phase1_student_reliable_distill_seed20260723_36672249_fair_inference_receipt.json,
results/20260724_care_myops_batch10_deadline_rescue/phase1_student_reliable_distill_seed20260723_36672249_prediction_manifest.csv,
results/20260724_care_myops_batch10_deadline_rescue/phase1_student_reliable_distill_seed20260723_36672249_sliding_window_receipt.csv,
results/20260724_care_myops_batch10_deadline_rescue/phase1_student_reliable_distill_seed20260723_epoch025_36672249_casewise_metrics.csv,
results/20260724_care_myops_batch10_deadline_rescue/phase1_student_reliable_distill_seed20260723_epoch025_36672249_fair_inference_receipt.json,
results/20260724_care_myops_batch10_deadline_rescue/phase1_student_reliable_distill_seed20260723_epoch025_36672249_prediction_manifest.csv,
results/20260724_care_myops_batch10_deadline_rescue/phase1_student_reliable_distill_seed20260723_epoch025_36672249_sliding_window_receipt.csv,
results/20260724_care_myops_batch10_deadline_rescue/phase1_student_reliable_distill_seed20260724_epoch025_f68849c8_casewise_metrics.csv,
results/20260724_care_myops_batch10_deadline_rescue/phase1_student_reliable_distill_seed20260724_epoch025_f68849c8_fair_inference_receipt.json,
results/20260724_care_myops_batch10_deadline_rescue/phase1_student_reliable_distill_seed20260724_epoch025_f68849c8_prediction_manifest.csv,
results/20260724_care_myops_batch10_deadline_rescue/phase1_student_reliable_distill_seed20260724_epoch025_f68849c8_sliding_window_receipt.csv,
results/20260724_care_myops_batch10_deadline_rescue/phase1_student_reliable_distill_seed20260724_f68849c8_casewise_metrics.csv,
results/20260724_care_myops_batch10_deadline_rescue/phase1_student_reliable_distill_seed20260724_f68849c8_fair_inference_receipt.json,
results/20260724_care_myops_batch10_deadline_rescue/phase1_student_reliable_distill_seed20260724_f68849c8_prediction_manifest.csv,
results/20260724_care_myops_batch10_deadline_rescue/phase1_student_reliable_distill_seed20260724_f68849c8_sliding_window_receipt.csv,
results/20260724_care_myops_batch10_deadline_rescue/phase1_teacher_full_view_seed20260723_e92521fc_casewise_metrics.csv,
results/20260724_care_myops_batch10_deadline_rescue/phase1_teacher_full_view_seed20260723_e92521fc_fair_inference_receipt.json,
results/20260724_care_myops_batch10_deadline_rescue/phase1_teacher_full_view_seed20260723_e92521fc_prediction_manifest.csv,
results/20260724_care_myops_batch10_deadline_rescue/phase1_teacher_full_view_seed20260723_e92521fc_sliding_window_receipt.csv,
results/20260724_care_myops_batch10_deadline_rescue/phase1_teacher_full_view_seed20260723_epoch050_e92521fc_casewise_metrics.csv,
results/20260724_care_myops_batch10_deadline_rescue/phase1_teacher_full_view_seed20260723_epoch050_e92521fc_fair_inference_receipt.json,
results/20260724_care_myops_batch10_deadline_rescue/phase1_teacher_full_view_seed20260723_epoch050_e92521fc_prediction_manifest.csv,
results/20260724_care_myops_batch10_deadline_rescue/phase1_teacher_full_view_seed20260723_epoch050_e92521fc_sliding_window_receipt.csv,
results/20260724_care_myops_batch10_deadline_rescue/phase1_teacher_full_view_seed20260723_epoch075_06e79233_casewise_metrics.csv,
results/20260724_care_myops_batch10_deadline_rescue/phase1_teacher_full_view_seed20260723_epoch075_06e79233_fair_inference_receipt.json,
results/20260724_care_myops_batch10_deadline_rescue/phase1_teacher_full_view_seed20260723_epoch075_06e79233_prediction_manifest.csv,
results/20260724_care_myops_batch10_deadline_rescue/phase1_teacher_full_view_seed20260723_epoch075_06e79233_sliding_window_receipt.csv,
results/20260724_care_myops_batch10_deadline_rescue/phase1_teacher_full_view_seed20260724_74efedf6_casewise_metrics.csv,
results/20260724_care_myops_batch10_deadline_rescue/phase1_teacher_full_view_seed20260724_74efedf6_fair_inference_receipt.json,
results/20260724_care_myops_batch10_deadline_rescue/phase1_teacher_full_view_seed20260724_74efedf6_prediction_manifest.csv,
results/20260724_care_myops_batch10_deadline_rescue/phase1_teacher_full_view_seed20260724_74efedf6_sliding_window_receipt.csv,
results/20260724_care_myops_batch10_deadline_rescue/phase1_teacher_full_view_seed20260724_epoch050_016ad000_casewise_metrics.csv,
results/20260724_care_myops_batch10_deadline_rescue/phase1_teacher_full_view_seed20260724_epoch050_016ad000_fair_inference_receipt.json,
results/20260724_care_myops_batch10_deadline_rescue/phase1_teacher_full_view_seed20260724_epoch050_016ad000_prediction_manifest.csv,
results/20260724_care_myops_batch10_deadline_rescue/phase1_teacher_full_view_seed20260724_epoch050_016ad000_sliding_window_receipt.csv,
results/20260724_care_myops_batch10_deadline_rescue/phase1_teacher_full_view_seed20260724_epoch100_9e689102_casewise_metrics.csv,
results/20260724_care_myops_batch10_deadline_rescue/phase1_teacher_full_view_seed20260724_epoch100_9e689102_fair_inference_receipt.json,
results/20260724_care_myops_batch10_deadline_rescue/phase1_teacher_full_view_seed20260724_epoch100_9e689102_prediction_manifest.csv,
results/20260724_care_myops_batch10_deadline_rescue/phase1_teacher_full_view_seed20260724_epoch100_9e689102_sliding_window_receipt.csv,
results/20260724_care_myops_batch10_deadline_rescue/postprocess_calibration_grid.csv,
results/20260724_care_myops_batch10_deadline_rescue/postprocess_selected.json,
results/20260724_care_myops_batch10_deadline_rescue/preprocessing_fingerprint_audit.json,
results/20260724_care_myops_batch10_deadline_rescue/rescue_split_manifest.csv,
results/20260724_care_myops_batch10_deadline_rescue/rescue_split_receipt.json,
results/20260724_care_myops_batch10_deadline_rescue/screen_student_direct_reliable_legacy_seed20260723_epoch025_93256497_casewise_metrics.csv,
results/20260724_care_myops_batch10_deadline_rescue/screen_student_direct_reliable_legacy_seed20260723_epoch025_93256497_fair_inference_receipt.json,
results/20260724_care_myops_batch10_deadline_rescue/screen_student_direct_reliable_legacy_seed20260723_epoch025_93256497_prediction_manifest.csv,
results/20260724_care_myops_batch10_deadline_rescue/screen_student_direct_reliable_legacy_seed20260723_epoch025_93256497_sliding_window_receipt.csv,
results/20260724_care_myops_batch10_deadline_rescue/screen_student_direct_reliable_legacy_seed20260723_epoch050_2d9cfeb3_casewise_metrics.csv,
results/20260724_care_myops_batch10_deadline_rescue/screen_student_direct_reliable_legacy_seed20260723_epoch050_2d9cfeb3_fair_inference_receipt.json,
results/20260724_care_myops_batch10_deadline_rescue/screen_student_direct_reliable_legacy_seed20260723_epoch050_2d9cfeb3_prediction_manifest.csv,
results/20260724_care_myops_batch10_deadline_rescue/screen_student_direct_reliable_legacy_seed20260723_epoch050_2d9cfeb3_sliding_window_receipt.csv,
results/20260724_care_myops_batch10_deadline_rescue/screen_student_direct_reliable_legacy_seed20260723_epoch075_122db2bc_casewise_metrics.csv,
results/20260724_care_myops_batch10_deadline_rescue/screen_student_direct_reliable_legacy_seed20260723_epoch075_122db2bc_fair_inference_receipt.json,
results/20260724_care_myops_batch10_deadline_rescue/screen_student_direct_reliable_legacy_seed20260723_epoch075_122db2bc_prediction_manifest.csv,
results/20260724_care_myops_batch10_deadline_rescue/screen_student_direct_reliable_legacy_seed20260723_epoch075_122db2bc_sliding_window_receipt.csv,
results/20260724_care_myops_batch10_deadline_rescue/screen_student_direct_reliable_legacy_seed20260723_epoch100_9cc176bf_casewise_metrics.csv,
results/20260724_care_myops_batch10_deadline_rescue/screen_student_direct_reliable_legacy_seed20260723_epoch100_9cc176bf_fair_inference_receipt.json,
results/20260724_care_myops_batch10_deadline_rescue/screen_student_direct_reliable_legacy_seed20260723_epoch100_9cc176bf_prediction_manifest.csv,
results/20260724_care_myops_batch10_deadline_rescue/screen_student_direct_reliable_legacy_seed20260723_epoch100_9cc176bf_sliding_window_receipt.csv,
results/20260724_care_myops_batch10_deadline_rescue/screen_student_direct_reliable_legacy_seed20260723_epoch125_b716348e_casewise_metrics.csv,
results/20260724_care_myops_batch10_deadline_rescue/screen_student_direct_reliable_legacy_seed20260723_epoch125_b716348e_fair_inference_receipt.json,
results/20260724_care_myops_batch10_deadline_rescue/screen_student_direct_reliable_legacy_seed20260723_epoch125_b716348e_prediction_manifest.csv,
results/20260724_care_myops_batch10_deadline_rescue/screen_student_direct_reliable_legacy_seed20260723_epoch125_b716348e_sliding_window_receipt.csv,
results/20260724_care_myops_batch10_deadline_rescue/screen_student_direct_reliable_legacy_seed20260723_epoch150_928c1316_casewise_metrics.csv,
results/20260724_care_myops_batch10_deadline_rescue/screen_student_direct_reliable_legacy_seed20260723_epoch150_928c1316_fair_inference_receipt.json,
results/20260724_care_myops_batch10_deadline_rescue/screen_student_direct_reliable_legacy_seed20260723_epoch150_928c1316_prediction_manifest.csv,
results/20260724_care_myops_batch10_deadline_rescue/screen_student_direct_reliable_legacy_seed20260723_epoch150_928c1316_sliding_window_receipt.csv,
results/20260724_care_myops_batch10_deadline_rescue/screen_student_direct_reliable_legacy_seed20260723_epoch175_761886e1_casewise_metrics.csv,
results/20260724_care_myops_batch10_deadline_rescue/screen_student_direct_reliable_legacy_seed20260723_epoch175_761886e1_fair_inference_receipt.json,
results/20260724_care_myops_batch10_deadline_rescue/screen_student_direct_reliable_legacy_seed20260723_epoch175_761886e1_prediction_manifest.csv,
results/20260724_care_myops_batch10_deadline_rescue/screen_student_direct_reliable_legacy_seed20260723_epoch175_761886e1_sliding_window_receipt.csv,
results/20260724_care_myops_batch10_deadline_rescue/screen_student_direct_reliable_legacy_seed20260723_epoch200_ea060f90_casewise_metrics.csv,
results/20260724_care_myops_batch10_deadline_rescue/screen_student_direct_reliable_legacy_seed20260723_epoch200_ea060f90_fair_inference_receipt.json,
results/20260724_care_myops_batch10_deadline_rescue/screen_student_direct_reliable_legacy_seed20260723_epoch200_ea060f90_prediction_manifest.csv,
results/20260724_care_myops_batch10_deadline_rescue/screen_student_direct_reliable_legacy_seed20260723_epoch200_ea060f90_sliding_window_receipt.csv,
results/20260724_care_myops_batch10_deadline_rescue/screen_student_direct_reliable_legacy_seed20260723_epoch225_94793fe9_casewise_metrics.csv,
results/20260724_care_myops_batch10_deadline_rescue/screen_student_direct_reliable_legacy_seed20260723_epoch225_94793fe9_fair_inference_receipt.json,
results/20260724_care_myops_batch10_deadline_rescue/screen_student_direct_reliable_legacy_seed20260723_epoch225_94793fe9_prediction_manifest.csv,
results/20260724_care_myops_batch10_deadline_rescue/screen_student_direct_reliable_legacy_seed20260723_epoch225_94793fe9_sliding_window_receipt.csv,
results/20260724_care_myops_batch10_deadline_rescue/screen_student_direct_reliable_legacy_seed20260723_epoch250_eff5957d_casewise_metrics.csv,
results/20260724_care_myops_batch10_deadline_rescue/screen_student_direct_reliable_legacy_seed20260723_epoch250_eff5957d_fair_inference_receipt.json,
results/20260724_care_myops_batch10_deadline_rescue/screen_student_direct_reliable_legacy_seed20260723_epoch250_eff5957d_prediction_manifest.csv,
results/20260724_care_myops_batch10_deadline_rescue/screen_student_direct_reliable_legacy_seed20260723_epoch250_eff5957d_sliding_window_receipt.csv,
results/20260724_care_myops_batch10_deadline_rescue/screen_student_direct_reliable_legacy_seed20260723_epoch275_04b58946_casewise_metrics.csv,
results/20260724_care_myops_batch10_deadline_rescue/screen_student_direct_reliable_legacy_seed20260723_epoch275_04b58946_fair_inference_receipt.json,
results/20260724_care_myops_batch10_deadline_rescue/screen_student_direct_reliable_legacy_seed20260723_epoch275_04b58946_prediction_manifest.csv,
results/20260724_care_myops_batch10_deadline_rescue/screen_student_direct_reliable_legacy_seed20260723_epoch275_04b58946_sliding_window_receipt.csv,
results/20260724_care_myops_batch10_deadline_rescue/screen_student_direct_reliable_legacy_seed20260723_epoch300_bc34a4ee_casewise_metrics.csv,
results/20260724_care_myops_batch10_deadline_rescue/screen_student_direct_reliable_legacy_seed20260723_epoch300_bc34a4ee_fair_inference_receipt.json,
results/20260724_care_myops_batch10_deadline_rescue/screen_student_direct_reliable_legacy_seed20260723_epoch300_bc34a4ee_prediction_manifest.csv,
results/20260724_care_myops_batch10_deadline_rescue/screen_student_direct_reliable_legacy_seed20260723_epoch300_bc34a4ee_sliding_window_receipt.csv,
results/20260724_care_myops_batch10_deadline_rescue/screen_student_direct_reliable_legacy_seed20260723_epoch325_f028ecf7_casewise_metrics.csv,
results/20260724_care_myops_batch10_deadline_rescue/screen_student_direct_reliable_legacy_seed20260723_epoch325_f028ecf7_fair_inference_receipt.json,
results/20260724_care_myops_batch10_deadline_rescue/screen_student_direct_reliable_legacy_seed20260723_epoch325_f028ecf7_prediction_manifest.csv,
results/20260724_care_myops_batch10_deadline_rescue/screen_student_direct_reliable_legacy_seed20260723_epoch325_f028ecf7_sliding_window_receipt.csv,
results/20260724_care_myops_batch10_deadline_rescue/screen_student_direct_reliable_legacy_seed20260723_epoch350_b39bdd41_casewise_metrics.csv,
results/20260724_care_myops_batch10_deadline_rescue/screen_student_direct_reliable_legacy_seed20260723_epoch350_b39bdd41_fair_inference_receipt.json,
results/20260724_care_myops_batch10_deadline_rescue/screen_student_direct_reliable_legacy_seed20260723_epoch350_b39bdd41_prediction_manifest.csv,
results/20260724_care_myops_batch10_deadline_rescue/screen_student_direct_reliable_legacy_seed20260723_epoch350_b39bdd41_sliding_window_receipt.csv,
results/20260724_care_myops_batch10_deadline_rescue/screen_student_direct_reliable_legacy_seed20260723_epoch375_b37dfb3a_casewise_metrics.csv,
results/20260724_care_myops_batch10_deadline_rescue/screen_student_direct_reliable_legacy_seed20260723_epoch375_b37dfb3a_fair_inference_receipt.json,
results/20260724_care_myops_batch10_deadline_rescue/screen_student_direct_reliable_legacy_seed20260723_epoch375_b37dfb3a_prediction_manifest.csv,
results/20260724_care_myops_batch10_deadline_rescue/screen_student_direct_reliable_legacy_seed20260723_epoch375_b37dfb3a_sliding_window_receipt.csv,
results/20260724_care_myops_batch10_deadline_rescue/screen_student_direct_reliable_legacy_seed20260724_epoch025_a422b411_casewise_metrics.csv,
results/20260724_care_myops_batch10_deadline_rescue/screen_student_direct_reliable_legacy_seed20260724_epoch025_a422b411_fair_inference_receipt.json,
results/20260724_care_myops_batch10_deadline_rescue/screen_student_direct_reliable_legacy_seed20260724_epoch025_a422b411_prediction_manifest.csv,
results/20260724_care_myops_batch10_deadline_rescue/screen_student_direct_reliable_legacy_seed20260724_epoch025_a422b411_sliding_window_receipt.csv,
results/20260724_care_myops_batch10_deadline_rescue/screen_student_direct_reliable_legacy_seed20260724_epoch050_84d7ea07_casewise_metrics.csv,
results/20260724_care_myops_batch10_deadline_rescue/screen_student_direct_reliable_legacy_seed20260724_epoch050_84d7ea07_fair_inference_receipt.json,
results/20260724_care_myops_batch10_deadline_rescue/screen_student_direct_reliable_legacy_seed20260724_epoch050_84d7ea07_prediction_manifest.csv,
results/20260724_care_myops_batch10_deadline_rescue/screen_student_direct_reliable_legacy_seed20260724_epoch050_84d7ea07_sliding_window_receipt.csv,
results/20260724_care_myops_batch10_deadline_rescue/screen_student_direct_reliable_legacy_seed20260724_epoch075_23e556a0_casewise_metrics.csv,
results/20260724_care_myops_batch10_deadline_rescue/screen_student_direct_reliable_legacy_seed20260724_epoch075_23e556a0_fair_inference_receipt.json,
results/20260724_care_myops_batch10_deadline_rescue/screen_student_direct_reliable_legacy_seed20260724_epoch075_23e556a0_prediction_manifest.csv,
results/20260724_care_myops_batch10_deadline_rescue/screen_student_direct_reliable_legacy_seed20260724_epoch075_23e556a0_sliding_window_receipt.csv,
results/20260724_care_myops_batch10_deadline_rescue/screen_student_direct_reliable_legacy_seed20260724_epoch100_fc0bccdc_casewise_metrics.csv,
results/20260724_care_myops_batch10_deadline_rescue/screen_student_direct_reliable_legacy_seed20260724_epoch100_fc0bccdc_fair_inference_receipt.json,
results/20260724_care_myops_batch10_deadline_rescue/screen_student_direct_reliable_legacy_seed20260724_epoch100_fc0bccdc_prediction_manifest.csv,
results/20260724_care_myops_batch10_deadline_rescue/screen_student_direct_reliable_legacy_seed20260724_epoch100_fc0bccdc_sliding_window_receipt.csv,
results/20260724_care_myops_batch10_deadline_rescue/screen_student_direct_reliable_legacy_seed20260724_epoch125_3e1214b7_casewise_metrics.csv,
results/20260724_care_myops_batch10_deadline_rescue/screen_student_direct_reliable_legacy_seed20260724_epoch125_3e1214b7_fair_inference_receipt.json,
results/20260724_care_myops_batch10_deadline_rescue/screen_student_direct_reliable_legacy_seed20260724_epoch125_3e1214b7_prediction_manifest.csv,
results/20260724_care_myops_batch10_deadline_rescue/screen_student_direct_reliable_legacy_seed20260724_epoch125_3e1214b7_sliding_window_receipt.csv,
results/20260724_care_myops_batch10_deadline_rescue/screen_student_direct_reliable_legacy_seed20260724_epoch150_77447721_casewise_metrics.csv,
results/20260724_care_myops_batch10_deadline_rescue/screen_student_direct_reliable_legacy_seed20260724_epoch150_77447721_fair_inference_receipt.json,
results/20260724_care_myops_batch10_deadline_rescue/screen_student_direct_reliable_legacy_seed20260724_epoch150_77447721_prediction_manifest.csv,
results/20260724_care_myops_batch10_deadline_rescue/screen_student_direct_reliable_legacy_seed20260724_epoch150_77447721_sliding_window_receipt.csv,
results/20260724_care_myops_batch10_deadline_rescue/screen_student_direct_reliable_legacy_seed20260724_epoch175_63ec68b7_casewise_metrics.csv,
results/20260724_care_myops_batch10_deadline_rescue/screen_student_direct_reliable_legacy_seed20260724_epoch175_63ec68b7_fair_inference_receipt.json,
results/20260724_care_myops_batch10_deadline_rescue/screen_student_direct_reliable_legacy_seed20260724_epoch175_63ec68b7_prediction_manifest.csv,
results/20260724_care_myops_batch10_deadline_rescue/screen_student_direct_reliable_legacy_seed20260724_epoch175_63ec68b7_sliding_window_receipt.csv,
results/20260724_care_myops_batch10_deadline_rescue/screen_student_direct_reliable_legacy_seed20260724_epoch200_733ec261_casewise_metrics.csv,
results/20260724_care_myops_batch10_deadline_rescue/screen_student_direct_reliable_legacy_seed20260724_epoch200_733ec261_fair_inference_receipt.json,
results/20260724_care_myops_batch10_deadline_rescue/screen_student_direct_reliable_legacy_seed20260724_epoch200_733ec261_prediction_manifest.csv,
results/20260724_care_myops_batch10_deadline_rescue/screen_student_direct_reliable_legacy_seed20260724_epoch200_733ec261_sliding_window_receipt.csv,
results/20260724_care_myops_batch10_deadline_rescue/screen_student_direct_reliable_legacy_seed20260724_epoch225_dea663bf_casewise_metrics.csv,
results/20260724_care_myops_batch10_deadline_rescue/screen_student_direct_reliable_legacy_seed20260724_epoch225_dea663bf_fair_inference_receipt.json,
results/20260724_care_myops_batch10_deadline_rescue/screen_student_direct_reliable_legacy_seed20260724_epoch225_dea663bf_prediction_manifest.csv,
results/20260724_care_myops_batch10_deadline_rescue/screen_student_direct_reliable_legacy_seed20260724_epoch225_dea663bf_sliding_window_receipt.csv,
results/20260724_care_myops_batch10_deadline_rescue/screen_student_direct_reliable_legacy_seed20260724_epoch250_8410cea6_casewise_metrics.csv,
results/20260724_care_myops_batch10_deadline_rescue/screen_student_direct_reliable_legacy_seed20260724_epoch250_8410cea6_fair_inference_receipt.json,
results/20260724_care_myops_batch10_deadline_rescue/screen_student_direct_reliable_legacy_seed20260724_epoch250_8410cea6_prediction_manifest.csv,
results/20260724_care_myops_batch10_deadline_rescue/screen_student_direct_reliable_legacy_seed20260724_epoch250_8410cea6_sliding_window_receipt.csv,
results/20260724_care_myops_batch10_deadline_rescue/screen_student_direct_reliable_legacy_seed20260724_epoch275_cf77c5a1_casewise_metrics.csv,
results/20260724_care_myops_batch10_deadline_rescue/screen_student_direct_reliable_legacy_seed20260724_epoch275_cf77c5a1_fair_inference_receipt.json,
results/20260724_care_myops_batch10_deadline_rescue/screen_student_direct_reliable_legacy_seed20260724_epoch275_cf77c5a1_prediction_manifest.csv,
results/20260724_care_myops_batch10_deadline_rescue/screen_student_direct_reliable_legacy_seed20260724_epoch275_cf77c5a1_sliding_window_receipt.csv,
results/20260724_care_myops_batch10_deadline_rescue/screen_student_direct_reliable_legacy_seed20260724_epoch300_ed2e0e2b_casewise_metrics.csv,
results/20260724_care_myops_batch10_deadline_rescue/screen_student_direct_reliable_legacy_seed20260724_epoch300_ed2e0e2b_fair_inference_receipt.json,
results/20260724_care_myops_batch10_deadline_rescue/screen_student_direct_reliable_legacy_seed20260724_epoch300_ed2e0e2b_prediction_manifest.csv,
results/20260724_care_myops_batch10_deadline_rescue/screen_student_direct_reliable_legacy_seed20260724_epoch300_ed2e0e2b_sliding_window_receipt.csv,
results/20260724_care_myops_batch10_deadline_rescue/screen_student_direct_reliable_legacy_seed20260724_epoch325_e4ea4b5b_casewise_metrics.csv,
results/20260724_care_myops_batch10_deadline_rescue/screen_student_direct_reliable_legacy_seed20260724_epoch325_e4ea4b5b_fair_inference_receipt.json,
results/20260724_care_myops_batch10_deadline_rescue/screen_student_direct_reliable_legacy_seed20260724_epoch325_e4ea4b5b_prediction_manifest.csv,
results/20260724_care_myops_batch10_deadline_rescue/screen_student_direct_reliable_legacy_seed20260724_epoch325_e4ea4b5b_sliding_window_receipt.csv,
results/20260724_care_myops_batch10_deadline_rescue/screen_student_direct_reliable_legacy_seed20260724_epoch350_2f8f82bb_casewise_metrics.csv,
results/20260724_care_myops_batch10_deadline_rescue/screen_student_direct_reliable_legacy_seed20260724_epoch350_2f8f82bb_fair_inference_receipt.json,
results/20260724_care_myops_batch10_deadline_rescue/screen_student_direct_reliable_legacy_seed20260724_epoch350_2f8f82bb_prediction_manifest.csv,
results/20260724_care_myops_batch10_deadline_rescue/screen_student_direct_reliable_legacy_seed20260724_epoch350_2f8f82bb_sliding_window_receipt.csv,
results/20260724_care_myops_batch10_deadline_rescue/screen_student_direct_reliable_legacy_seed20260724_epoch375_b4e2e154_casewise_metrics.csv,
results/20260724_care_myops_batch10_deadline_rescue/screen_student_direct_reliable_legacy_seed20260724_epoch375_b4e2e154_fair_inference_receipt.json,
results/20260724_care_myops_batch10_deadline_rescue/screen_student_direct_reliable_legacy_seed20260724_epoch375_b4e2e154_prediction_manifest.csv,
results/20260724_care_myops_batch10_deadline_rescue/screen_student_direct_reliable_legacy_seed20260724_epoch375_b4e2e154_sliding_window_receipt.csv,
results/20260724_care_myops_batch10_deadline_rescue/screen_student_direct_reliable_seed20260723_epoch025_69768080_casewise_metrics.csv,
results/20260724_care_myops_batch10_deadline_rescue/screen_student_direct_reliable_seed20260723_epoch025_69768080_fair_inference_receipt.json,
results/20260724_care_myops_batch10_deadline_rescue/screen_student_direct_reliable_seed20260723_epoch025_69768080_prediction_manifest.csv,
results/20260724_care_myops_batch10_deadline_rescue/screen_student_direct_reliable_seed20260723_epoch025_69768080_sliding_window_receipt.csv,
results/20260724_care_myops_batch10_deadline_rescue/screen_student_direct_reliable_seed20260723_epoch050_6b4f8606_casewise_metrics.csv,
results/20260724_care_myops_batch10_deadline_rescue/screen_student_direct_reliable_seed20260723_epoch050_6b4f8606_fair_inference_receipt.json,
results/20260724_care_myops_batch10_deadline_rescue/screen_student_direct_reliable_seed20260723_epoch050_6b4f8606_prediction_manifest.csv,
results/20260724_care_myops_batch10_deadline_rescue/screen_student_direct_reliable_seed20260723_epoch050_6b4f8606_sliding_window_receipt.csv,
results/20260724_care_myops_batch10_deadline_rescue/screen_student_direct_reliable_seed20260723_epoch075_03fe804f_casewise_metrics.csv,
results/20260724_care_myops_batch10_deadline_rescue/screen_student_direct_reliable_seed20260723_epoch075_03fe804f_fair_inference_receipt.json,
results/20260724_care_myops_batch10_deadline_rescue/screen_student_direct_reliable_seed20260723_epoch075_03fe804f_prediction_manifest.csv,
results/20260724_care_myops_batch10_deadline_rescue/screen_student_direct_reliable_seed20260723_epoch075_03fe804f_sliding_window_receipt.csv,
results/20260724_care_myops_batch10_deadline_rescue/screen_student_direct_reliable_seed20260723_epoch100_6ffb6cbb_casewise_metrics.csv,
results/20260724_care_myops_batch10_deadline_rescue/screen_student_direct_reliable_seed20260723_epoch100_6ffb6cbb_fair_inference_receipt.json,
results/20260724_care_myops_batch10_deadline_rescue/screen_student_direct_reliable_seed20260723_epoch100_6ffb6cbb_prediction_manifest.csv,
results/20260724_care_myops_batch10_deadline_rescue/screen_student_direct_reliable_seed20260723_epoch100_6ffb6cbb_sliding_window_receipt.csv,
results/20260724_care_myops_batch10_deadline_rescue/screen_student_direct_reliable_seed20260723_epoch125_7fc1fcf4_casewise_metrics.csv,
results/20260724_care_myops_batch10_deadline_rescue/screen_student_direct_reliable_seed20260723_epoch125_7fc1fcf4_fair_inference_receipt.json,
results/20260724_care_myops_batch10_deadline_rescue/screen_student_direct_reliable_seed20260723_epoch125_7fc1fcf4_prediction_manifest.csv,
results/20260724_care_myops_batch10_deadline_rescue/screen_student_direct_reliable_seed20260723_epoch125_7fc1fcf4_sliding_window_receipt.csv,
results/20260724_care_myops_batch10_deadline_rescue/screen_student_direct_reliable_seed20260723_epoch150_e29829d4_casewise_metrics.csv,
results/20260724_care_myops_batch10_deadline_rescue/screen_student_direct_reliable_seed20260723_epoch150_e29829d4_fair_inference_receipt.json,
results/20260724_care_myops_batch10_deadline_rescue/screen_student_direct_reliable_seed20260723_epoch150_e29829d4_prediction_manifest.csv,
results/20260724_care_myops_batch10_deadline_rescue/screen_student_direct_reliable_seed20260723_epoch150_e29829d4_sliding_window_receipt.csv,
results/20260724_care_myops_batch10_deadline_rescue/screen_student_direct_reliable_seed20260723_epoch175_13f255b7_casewise_metrics.csv,
results/20260724_care_myops_batch10_deadline_rescue/screen_student_direct_reliable_seed20260723_epoch175_13f255b7_fair_inference_receipt.json,
results/20260724_care_myops_batch10_deadline_rescue/screen_student_direct_reliable_seed20260723_epoch175_13f255b7_prediction_manifest.csv,
results/20260724_care_myops_batch10_deadline_rescue/screen_student_direct_reliable_seed20260723_epoch175_13f255b7_sliding_window_receipt.csv,
results/20260724_care_myops_batch10_deadline_rescue/screen_student_direct_reliable_seed20260723_epoch200_503b089d_casewise_metrics.csv,
results/20260724_care_myops_batch10_deadline_rescue/screen_student_direct_reliable_seed20260723_epoch200_503b089d_fair_inference_receipt.json,
results/20260724_care_myops_batch10_deadline_rescue/screen_student_direct_reliable_seed20260723_epoch200_503b089d_prediction_manifest.csv,
results/20260724_care_myops_batch10_deadline_rescue/screen_student_direct_reliable_seed20260723_epoch200_503b089d_sliding_window_receipt.csv,
results/20260724_care_myops_batch10_deadline_rescue/screen_student_direct_reliable_seed20260723_epoch225_514013f8_casewise_metrics.csv,
results/20260724_care_myops_batch10_deadline_rescue/screen_student_direct_reliable_seed20260723_epoch225_514013f8_fair_inference_receipt.json,
results/20260724_care_myops_batch10_deadline_rescue/screen_student_direct_reliable_seed20260723_epoch225_514013f8_prediction_manifest.csv,
results/20260724_care_myops_batch10_deadline_rescue/screen_student_direct_reliable_seed20260723_epoch225_514013f8_sliding_window_receipt.csv,
results/20260724_care_myops_batch10_deadline_rescue/screen_student_direct_reliable_seed20260723_epoch250_60e81932_casewise_metrics.csv,
results/20260724_care_myops_batch10_deadline_rescue/screen_student_direct_reliable_seed20260723_epoch250_60e81932_fair_inference_receipt.json,
results/20260724_care_myops_batch10_deadline_rescue/screen_student_direct_reliable_seed20260723_epoch250_60e81932_prediction_manifest.csv,
results/20260724_care_myops_batch10_deadline_rescue/screen_student_direct_reliable_seed20260723_epoch250_60e81932_sliding_window_receipt.csv,
results/20260724_care_myops_batch10_deadline_rescue/screen_student_direct_reliable_seed20260723_epoch275_46c66176_casewise_metrics.csv,
results/20260724_care_myops_batch10_deadline_rescue/screen_student_direct_reliable_seed20260723_epoch275_46c66176_fair_inference_receipt.json,
results/20260724_care_myops_batch10_deadline_rescue/screen_student_direct_reliable_seed20260723_epoch275_46c66176_prediction_manifest.csv,
results/20260724_care_myops_batch10_deadline_rescue/screen_student_direct_reliable_seed20260723_epoch275_46c66176_sliding_window_receipt.csv,
results/20260724_care_myops_batch10_deadline_rescue/screen_student_direct_reliable_seed20260723_epoch300_e464a8f9_casewise_metrics.csv,
results/20260724_care_myops_batch10_deadline_rescue/screen_student_direct_reliable_seed20260723_epoch300_e464a8f9_fair_inference_receipt.json,
results/20260724_care_myops_batch10_deadline_rescue/screen_student_direct_reliable_seed20260723_epoch300_e464a8f9_prediction_manifest.csv,
results/20260724_care_myops_batch10_deadline_rescue/screen_student_direct_reliable_seed20260723_epoch300_e464a8f9_sliding_window_receipt.csv,
results/20260724_care_myops_batch10_deadline_rescue/screen_student_direct_reliable_seed20260723_epoch325_581ea153_casewise_metrics.csv,
results/20260724_care_myops_batch10_deadline_rescue/screen_student_direct_reliable_seed20260723_epoch325_581ea153_fair_inference_receipt.json,
results/20260724_care_myops_batch10_deadline_rescue/screen_student_direct_reliable_seed20260723_epoch325_581ea153_prediction_manifest.csv,
results/20260724_care_myops_batch10_deadline_rescue/screen_student_direct_reliable_seed20260723_epoch325_581ea153_sliding_window_receipt.csv,
results/20260724_care_myops_batch10_deadline_rescue/screen_student_direct_reliable_seed20260723_epoch350_6e5c3da7_casewise_metrics.csv,
results/20260724_care_myops_batch10_deadline_rescue/screen_student_direct_reliable_seed20260723_epoch350_6e5c3da7_fair_inference_receipt.json,
results/20260724_care_myops_batch10_deadline_rescue/screen_student_direct_reliable_seed20260723_epoch350_6e5c3da7_prediction_manifest.csv,
results/20260724_care_myops_batch10_deadline_rescue/screen_student_direct_reliable_seed20260723_epoch350_6e5c3da7_sliding_window_receipt.csv,
results/20260724_care_myops_batch10_deadline_rescue/screen_student_direct_reliable_seed20260723_epoch375_92668083_casewise_metrics.csv,
results/20260724_care_myops_batch10_deadline_rescue/screen_student_direct_reliable_seed20260723_epoch375_92668083_fair_inference_receipt.json,
results/20260724_care_myops_batch10_deadline_rescue/screen_student_direct_reliable_seed20260723_epoch375_92668083_prediction_manifest.csv,
results/20260724_care_myops_batch10_deadline_rescue/screen_student_direct_reliable_seed20260723_epoch375_92668083_sliding_window_receipt.csv,
results/20260724_care_myops_batch10_deadline_rescue/screen_student_direct_reliable_seed20260723_epoch400_750f4d78_casewise_metrics.csv,
results/20260724_care_myops_batch10_deadline_rescue/screen_student_direct_reliable_seed20260723_epoch400_750f4d78_fair_inference_receipt.json,
results/20260724_care_myops_batch10_deadline_rescue/screen_student_direct_reliable_seed20260723_epoch400_750f4d78_prediction_manifest.csv,
results/20260724_care_myops_batch10_deadline_rescue/screen_student_direct_reliable_seed20260723_epoch400_750f4d78_sliding_window_receipt.csv,
results/20260724_care_myops_batch10_deadline_rescue/screen_student_direct_reliable_seed20260723_epoch425_33807da6_casewise_metrics.csv,
results/20260724_care_myops_batch10_deadline_rescue/screen_student_direct_reliable_seed20260723_epoch425_33807da6_fair_inference_receipt.json,
results/20260724_care_myops_batch10_deadline_rescue/screen_student_direct_reliable_seed20260723_epoch425_33807da6_prediction_manifest.csv,
results/20260724_care_myops_batch10_deadline_rescue/screen_student_direct_reliable_seed20260723_epoch425_33807da6_sliding_window_receipt.csv,
results/20260724_care_myops_batch10_deadline_rescue/screen_student_direct_reliable_seed20260723_epoch450_bd15be72_casewise_metrics.csv,
results/20260724_care_myops_batch10_deadline_rescue/screen_student_direct_reliable_seed20260723_epoch450_bd15be72_fair_inference_receipt.json,
results/20260724_care_myops_batch10_deadline_rescue/screen_student_direct_reliable_seed20260723_epoch450_bd15be72_prediction_manifest.csv,
results/20260724_care_myops_batch10_deadline_rescue/screen_student_direct_reliable_seed20260723_epoch450_bd15be72_sliding_window_receipt.csv,
results/20260724_care_myops_batch10_deadline_rescue/screen_student_direct_reliable_seed20260723_epoch475_84047dcc_casewise_metrics.csv,
results/20260724_care_myops_batch10_deadline_rescue/screen_student_direct_reliable_seed20260723_epoch475_84047dcc_fair_inference_receipt.json,
results/20260724_care_myops_batch10_deadline_rescue/screen_student_direct_reliable_seed20260723_epoch475_84047dcc_prediction_manifest.csv,
results/20260724_care_myops_batch10_deadline_rescue/screen_student_direct_reliable_seed20260723_epoch475_84047dcc_sliding_window_receipt.csv,
results/20260724_care_myops_batch10_deadline_rescue/screen_student_direct_reliable_seed20260723_epoch500_d877aea7_casewise_metrics.csv,
results/20260724_care_myops_batch10_deadline_rescue/screen_student_direct_reliable_seed20260723_epoch500_d877aea7_fair_inference_receipt.json,
results/20260724_care_myops_batch10_deadline_rescue/screen_student_direct_reliable_seed20260723_epoch500_d877aea7_prediction_manifest.csv,
results/20260724_care_myops_batch10_deadline_rescue/screen_student_direct_reliable_seed20260723_epoch500_d877aea7_sliding_window_receipt.csv,
results/20260724_care_myops_batch10_deadline_rescue/screen_student_direct_reliable_seed20260724_epoch025_1ecb92ac_casewise_metrics.csv,
results/20260724_care_myops_batch10_deadline_rescue/screen_student_direct_reliable_seed20260724_epoch025_1ecb92ac_fair_inference_receipt.json,
results/20260724_care_myops_batch10_deadline_rescue/screen_student_direct_reliable_seed20260724_epoch025_1ecb92ac_prediction_manifest.csv,
results/20260724_care_myops_batch10_deadline_rescue/screen_student_direct_reliable_seed20260724_epoch025_1ecb92ac_sliding_window_receipt.csv,
results/20260724_care_myops_batch10_deadline_rescue/screen_student_direct_reliable_seed20260724_epoch050_fe9ca2b9_casewise_metrics.csv,
results/20260724_care_myops_batch10_deadline_rescue/screen_student_direct_reliable_seed20260724_epoch050_fe9ca2b9_fair_inference_receipt.json,
results/20260724_care_myops_batch10_deadline_rescue/screen_student_direct_reliable_seed20260724_epoch050_fe9ca2b9_prediction_manifest.csv,
results/20260724_care_myops_batch10_deadline_rescue/screen_student_direct_reliable_seed20260724_epoch050_fe9ca2b9_sliding_window_receipt.csv,
results/20260724_care_myops_batch10_deadline_rescue/screen_student_direct_reliable_seed20260724_epoch075_29ca01ac_casewise_metrics.csv,
results/20260724_care_myops_batch10_deadline_rescue/screen_student_direct_reliable_seed20260724_epoch075_29ca01ac_fair_inference_receipt.json,
results/20260724_care_myops_batch10_deadline_rescue/screen_student_direct_reliable_seed20260724_epoch075_29ca01ac_prediction_manifest.csv,
results/20260724_care_myops_batch10_deadline_rescue/screen_student_direct_reliable_seed20260724_epoch075_29ca01ac_sliding_window_receipt.csv,
results/20260724_care_myops_batch10_deadline_rescue/screen_student_direct_reliable_seed20260724_epoch100_876f24cd_casewise_metrics.csv,
results/20260724_care_myops_batch10_deadline_rescue/screen_student_direct_reliable_seed20260724_epoch100_876f24cd_fair_inference_receipt.json,
results/20260724_care_myops_batch10_deadline_rescue/screen_student_direct_reliable_seed20260724_epoch100_876f24cd_prediction_manifest.csv,
results/20260724_care_myops_batch10_deadline_rescue/screen_student_direct_reliable_seed20260724_epoch100_876f24cd_sliding_window_receipt.csv,
results/20260724_care_myops_batch10_deadline_rescue/screen_student_direct_reliable_seed20260724_epoch125_310642ab_casewise_metrics.csv,
results/20260724_care_myops_batch10_deadline_rescue/screen_student_direct_reliable_seed20260724_epoch125_310642ab_fair_inference_receipt.json,
results/20260724_care_myops_batch10_deadline_rescue/screen_student_direct_reliable_seed20260724_epoch125_310642ab_prediction_manifest.csv,
results/20260724_care_myops_batch10_deadline_rescue/screen_student_direct_reliable_seed20260724_epoch125_310642ab_sliding_window_receipt.csv,
results/20260724_care_myops_batch10_deadline_rescue/screen_student_direct_reliable_seed20260724_epoch150_098b8175_casewise_metrics.csv,
results/20260724_care_myops_batch10_deadline_rescue/screen_student_direct_reliable_seed20260724_epoch150_098b8175_fair_inference_receipt.json,
results/20260724_care_myops_batch10_deadline_rescue/screen_student_direct_reliable_seed20260724_epoch150_098b8175_prediction_manifest.csv,
results/20260724_care_myops_batch10_deadline_rescue/screen_student_direct_reliable_seed20260724_epoch150_098b8175_sliding_window_receipt.csv,
results/20260724_care_myops_batch10_deadline_rescue/screen_student_direct_reliable_seed20260724_epoch175_ef5a9678_casewise_metrics.csv,
results/20260724_care_myops_batch10_deadline_rescue/screen_student_direct_reliable_seed20260724_epoch175_ef5a9678_fair_inference_receipt.json,
results/20260724_care_myops_batch10_deadline_rescue/screen_student_direct_reliable_seed20260724_epoch175_ef5a9678_prediction_manifest.csv,
results/20260724_care_myops_batch10_deadline_rescue/screen_student_direct_reliable_seed20260724_epoch175_ef5a9678_sliding_window_receipt.csv,
results/20260724_care_myops_batch10_deadline_rescue/screen_student_direct_reliable_seed20260724_epoch200_74eb2133_casewise_metrics.csv,
results/20260724_care_myops_batch10_deadline_rescue/screen_student_direct_reliable_seed20260724_epoch200_74eb2133_fair_inference_receipt.json,
results/20260724_care_myops_batch10_deadline_rescue/screen_student_direct_reliable_seed20260724_epoch200_74eb2133_prediction_manifest.csv,
results/20260724_care_myops_batch10_deadline_rescue/screen_student_direct_reliable_seed20260724_epoch200_74eb2133_sliding_window_receipt.csv,
results/20260724_care_myops_batch10_deadline_rescue/screen_student_direct_reliable_seed20260724_epoch225_d37dd23c_casewise_metrics.csv,
results/20260724_care_myops_batch10_deadline_rescue/screen_student_direct_reliable_seed20260724_epoch225_d37dd23c_fair_inference_receipt.json,
results/20260724_care_myops_batch10_deadline_rescue/screen_student_direct_reliable_seed20260724_epoch225_d37dd23c_prediction_manifest.csv,
results/20260724_care_myops_batch10_deadline_rescue/screen_student_direct_reliable_seed20260724_epoch225_d37dd23c_sliding_window_receipt.csv,
results/20260724_care_myops_batch10_deadline_rescue/screen_student_direct_reliable_seed20260724_epoch250_dfaf49e5_casewise_metrics.csv,
results/20260724_care_myops_batch10_deadline_rescue/screen_student_direct_reliable_seed20260724_epoch250_dfaf49e5_fair_inference_receipt.json,
results/20260724_care_myops_batch10_deadline_rescue/screen_student_direct_reliable_seed20260724_epoch250_dfaf49e5_prediction_manifest.csv,
results/20260724_care_myops_batch10_deadline_rescue/screen_student_direct_reliable_seed20260724_epoch250_dfaf49e5_sliding_window_receipt.csv,
results/20260724_care_myops_batch10_deadline_rescue/screen_student_direct_reliable_seed20260724_epoch275_c52c721a_casewise_metrics.csv,
results/20260724_care_myops_batch10_deadline_rescue/screen_student_direct_reliable_seed20260724_epoch275_c52c721a_fair_inference_receipt.json,
results/20260724_care_myops_batch10_deadline_rescue/screen_student_direct_reliable_seed20260724_epoch275_c52c721a_prediction_manifest.csv,
results/20260724_care_myops_batch10_deadline_rescue/screen_student_direct_reliable_seed20260724_epoch275_c52c721a_sliding_window_receipt.csv,
results/20260724_care_myops_batch10_deadline_rescue/screen_student_direct_reliable_seed20260724_epoch300_c7039c44_casewise_metrics.csv,
results/20260724_care_myops_batch10_deadline_rescue/screen_student_direct_reliable_seed20260724_epoch300_c7039c44_fair_inference_receipt.json,
results/20260724_care_myops_batch10_deadline_rescue/screen_student_direct_reliable_seed20260724_epoch300_c7039c44_prediction_manifest.csv,
results/20260724_care_myops_batch10_deadline_rescue/screen_student_direct_reliable_seed20260724_epoch300_c7039c44_sliding_window_receipt.csv,
results/20260724_care_myops_batch10_deadline_rescue/screen_student_direct_reliable_seed20260724_epoch325_b471d9e1_casewise_metrics.csv,
results/20260724_care_myops_batch10_deadline_rescue/screen_student_direct_reliable_seed20260724_epoch325_b471d9e1_fair_inference_receipt.json,
results/20260724_care_myops_batch10_deadline_rescue/screen_student_direct_reliable_seed20260724_epoch325_b471d9e1_prediction_manifest.csv,
results/20260724_care_myops_batch10_deadline_rescue/screen_student_direct_reliable_seed20260724_epoch325_b471d9e1_sliding_window_receipt.csv,
results/20260724_care_myops_batch10_deadline_rescue/screen_student_direct_reliable_seed20260724_epoch350_922f28b5_casewise_metrics.csv,
results/20260724_care_myops_batch10_deadline_rescue/screen_student_direct_reliable_seed20260724_epoch350_922f28b5_fair_inference_receipt.json,
results/20260724_care_myops_batch10_deadline_rescue/screen_student_direct_reliable_seed20260724_epoch350_922f28b5_prediction_manifest.csv,
results/20260724_care_myops_batch10_deadline_rescue/screen_student_direct_reliable_seed20260724_epoch350_922f28b5_sliding_window_receipt.csv,
results/20260724_care_myops_batch10_deadline_rescue/screen_student_direct_reliable_seed20260724_epoch375_bf439be4_casewise_metrics.csv,
results/20260724_care_myops_batch10_deadline_rescue/screen_student_direct_reliable_seed20260724_epoch375_bf439be4_fair_inference_receipt.json,
results/20260724_care_myops_batch10_deadline_rescue/screen_student_direct_reliable_seed20260724_epoch375_bf439be4_prediction_manifest.csv,
results/20260724_care_myops_batch10_deadline_rescue/screen_student_direct_reliable_seed20260724_epoch375_bf439be4_sliding_window_receipt.csv,
results/20260724_care_myops_batch10_deadline_rescue/screen_student_direct_reliable_seed20260724_epoch400_2618be9d_casewise_metrics.csv,
results/20260724_care_myops_batch10_deadline_rescue/screen_student_direct_reliable_seed20260724_epoch400_2618be9d_fair_inference_receipt.json,
results/20260724_care_myops_batch10_deadline_rescue/screen_student_direct_reliable_seed20260724_epoch400_2618be9d_prediction_manifest.csv,
results/20260724_care_myops_batch10_deadline_rescue/screen_student_direct_reliable_seed20260724_epoch400_2618be9d_sliding_window_receipt.csv,
results/20260724_care_myops_batch10_deadline_rescue/screen_student_direct_reliable_seed20260724_epoch425_0c5647ec_casewise_metrics.csv,
results/20260724_care_myops_batch10_deadline_rescue/screen_student_direct_reliable_seed20260724_epoch425_0c5647ec_fair_inference_receipt.json,
results/20260724_care_myops_batch10_deadline_rescue/screen_student_direct_reliable_seed20260724_epoch425_0c5647ec_prediction_manifest.csv,
results/20260724_care_myops_batch10_deadline_rescue/screen_student_direct_reliable_seed20260724_epoch425_0c5647ec_sliding_window_receipt.csv,
results/20260724_care_myops_batch10_deadline_rescue/screen_student_direct_reliable_seed20260724_epoch450_8987dc3b_casewise_metrics.csv,
results/20260724_care_myops_batch10_deadline_rescue/screen_student_direct_reliable_seed20260724_epoch450_8987dc3b_fair_inference_receipt.json,
results/20260724_care_myops_batch10_deadline_rescue/screen_student_direct_reliable_seed20260724_epoch450_8987dc3b_prediction_manifest.csv,
results/20260724_care_myops_batch10_deadline_rescue/screen_student_direct_reliable_seed20260724_epoch450_8987dc3b_sliding_window_receipt.csv,
results/20260724_care_myops_batch10_deadline_rescue/screen_student_direct_reliable_seed20260724_epoch475_e285afa1_casewise_metrics.csv,
results/20260724_care_myops_batch10_deadline_rescue/screen_student_direct_reliable_seed20260724_epoch475_e285afa1_fair_inference_receipt.json,
results/20260724_care_myops_batch10_deadline_rescue/screen_student_direct_reliable_seed20260724_epoch475_e285afa1_prediction_manifest.csv,
results/20260724_care_myops_batch10_deadline_rescue/screen_student_direct_reliable_seed20260724_epoch475_e285afa1_sliding_window_receipt.csv,
results/20260724_care_myops_batch10_deadline_rescue/screen_student_direct_reliable_seed20260724_epoch500_b428d539_casewise_metrics.csv,
results/20260724_care_myops_batch10_deadline_rescue/screen_student_direct_reliable_seed20260724_epoch500_b428d539_fair_inference_receipt.json,
results/20260724_care_myops_batch10_deadline_rescue/screen_student_direct_reliable_seed20260724_epoch500_b428d539_prediction_manifest.csv,
results/20260724_care_myops_batch10_deadline_rescue/screen_student_direct_reliable_seed20260724_epoch500_b428d539_sliding_window_receipt.csv,
results/20260724_care_myops_batch10_deadline_rescue/screen_teacher_full_view_seed20260723_epoch025_5789ad44_casewise_metrics.csv,
results/20260724_care_myops_batch10_deadline_rescue/screen_teacher_full_view_seed20260723_epoch025_5789ad44_fair_inference_receipt.json,
results/20260724_care_myops_batch10_deadline_rescue/screen_teacher_full_view_seed20260723_epoch025_5789ad44_prediction_manifest.csv,
results/20260724_care_myops_batch10_deadline_rescue/screen_teacher_full_view_seed20260723_epoch025_5789ad44_sliding_window_receipt.csv,
results/20260724_care_myops_batch10_deadline_rescue/screen_teacher_full_view_seed20260723_epoch050_e92521fc_casewise_metrics.csv,
results/20260724_care_myops_batch10_deadline_rescue/screen_teacher_full_view_seed20260723_epoch050_e92521fc_fair_inference_receipt.json,
results/20260724_care_myops_batch10_deadline_rescue/screen_teacher_full_view_seed20260723_epoch050_e92521fc_prediction_manifest.csv,
results/20260724_care_myops_batch10_deadline_rescue/screen_teacher_full_view_seed20260723_epoch050_e92521fc_sliding_window_receipt.csv,
results/20260724_care_myops_batch10_deadline_rescue/screen_teacher_full_view_seed20260723_epoch075_06e79233_casewise_metrics.csv,
results/20260724_care_myops_batch10_deadline_rescue/screen_teacher_full_view_seed20260723_epoch075_06e79233_fair_inference_receipt.json,
results/20260724_care_myops_batch10_deadline_rescue/screen_teacher_full_view_seed20260723_epoch075_06e79233_prediction_manifest.csv,
results/20260724_care_myops_batch10_deadline_rescue/screen_teacher_full_view_seed20260723_epoch075_06e79233_sliding_window_receipt.csv,
results/20260724_care_myops_batch10_deadline_rescue/screen_teacher_full_view_seed20260723_epoch100_fd345b43_casewise_metrics.csv,
results/20260724_care_myops_batch10_deadline_rescue/screen_teacher_full_view_seed20260723_epoch100_fd345b43_fair_inference_receipt.json,
results/20260724_care_myops_batch10_deadline_rescue/screen_teacher_full_view_seed20260723_epoch100_fd345b43_prediction_manifest.csv,
results/20260724_care_myops_batch10_deadline_rescue/screen_teacher_full_view_seed20260723_epoch100_fd345b43_sliding_window_receipt.csv,
results/20260724_care_myops_batch10_deadline_rescue/screen_teacher_full_view_seed20260724_epoch025_b65f64b2_casewise_metrics.csv,
results/20260724_care_myops_batch10_deadline_rescue/screen_teacher_full_view_seed20260724_epoch025_b65f64b2_fair_inference_receipt.json,
results/20260724_care_myops_batch10_deadline_rescue/screen_teacher_full_view_seed20260724_epoch025_b65f64b2_prediction_manifest.csv,
results/20260724_care_myops_batch10_deadline_rescue/screen_teacher_full_view_seed20260724_epoch025_b65f64b2_sliding_window_receipt.csv,
results/20260724_care_myops_batch10_deadline_rescue/screen_teacher_full_view_seed20260724_epoch050_016ad000_casewise_metrics.csv,
results/20260724_care_myops_batch10_deadline_rescue/screen_teacher_full_view_seed20260724_epoch050_016ad000_fair_inference_receipt.json,
results/20260724_care_myops_batch10_deadline_rescue/screen_teacher_full_view_seed20260724_epoch050_016ad000_prediction_manifest.csv,
results/20260724_care_myops_batch10_deadline_rescue/screen_teacher_full_view_seed20260724_epoch050_016ad000_sliding_window_receipt.csv,
results/20260724_care_myops_batch10_deadline_rescue/screen_teacher_full_view_seed20260724_epoch075_74efedf6_casewise_metrics.csv,
results/20260724_care_myops_batch10_deadline_rescue/screen_teacher_full_view_seed20260724_epoch075_74efedf6_fair_inference_receipt.json,
results/20260724_care_myops_batch10_deadline_rescue/screen_teacher_full_view_seed20260724_epoch075_74efedf6_prediction_manifest.csv,
results/20260724_care_myops_batch10_deadline_rescue/screen_teacher_full_view_seed20260724_epoch075_74efedf6_sliding_window_receipt.csv,
results/20260724_care_myops_batch10_deadline_rescue/screen_teacher_full_view_seed20260724_epoch100_9e689102_casewise_metrics.csv,
results/20260724_care_myops_batch10_deadline_rescue/screen_teacher_full_view_seed20260724_epoch100_9e689102_fair_inference_receipt.json,
results/20260724_care_myops_batch10_deadline_rescue/screen_teacher_full_view_seed20260724_epoch100_9e689102_prediction_manifest.csv,
results/20260724_care_myops_batch10_deadline_rescue/screen_teacher_full_view_seed20260724_epoch100_9e689102_sliding_window_receipt.csv,
results/20260724_care_myops_batch10_deadline_rescue/selection_provenance.json,
results/20260724_care_myops_batch10_deadline_rescue/selection_provenance_audit.json,
results/20260724_care_myops_batch10_deadline_rescue/single_model_candidate_manifest.csv,
results/20260724_care_myops_batch10_deadline_rescue/single_model_casewise_metrics.csv,
results/20260724_care_myops_batch10_deadline_rescue/single_model_summary.csv,
results/20260724_care_myops_batch10_deadline_rescue/sliding_window_parity_checks.csv,
results/20260724_care_myops_batch10_deadline_rescue/smoke_student_moddrop_control_seed20260723_epoch25_casewise_metrics.csv,
results/20260724_care_myops_batch10_deadline_rescue/smoke_student_moddrop_control_seed20260723_epoch25_fair_inference_receipt.json,
results/20260724_care_myops_batch10_deadline_rescue/smoke_student_moddrop_control_seed20260723_epoch25_prediction_manifest.csv,
results/20260724_care_myops_batch10_deadline_rescue/smoke_student_moddrop_control_seed20260723_epoch25_sliding_window_receipt.csv,
results/20260724_care_myops_batch10_deadline_rescue/strict_entrypoint_audit.json,
results/20260724_care_myops_batch10_deadline_rescue/strict_validator_report.json,
results/20260724_care_myops_batch10_deadline_rescue/teacher_candidate_summary.csv,
results/20260724_care_myops_batch10_deadline_rescue/tta_candidate_casewise_metrics.csv,
results/20260724_care_myops_batch10_deadline_rescue/tta_candidate_selection.csv,
results/20260724_care_myops_batch10_deadline_rescue/tta_candidate_summary.csv,
results/20260724_care_myops_batch10_deadline_rescue/tta_student_direct_reliable_legacy_seed20260723_epoch150_928c1316_casewise_metrics.csv,
results/20260724_care_myops_batch10_deadline_rescue/tta_student_direct_reliable_legacy_seed20260723_epoch150_928c1316_fair_inference_receipt.json,
results/20260724_care_myops_batch10_deadline_rescue/tta_student_direct_reliable_legacy_seed20260723_epoch150_928c1316_prediction_manifest.csv,
results/20260724_care_myops_batch10_deadline_rescue/tta_student_direct_reliable_legacy_seed20260723_epoch150_928c1316_sliding_window_receipt.csv,
results/20260724_care_myops_batch10_deadline_rescue/tta_student_direct_reliable_seed20260723_epoch150_e29829d4_casewise_metrics.csv,
results/20260724_care_myops_batch10_deadline_rescue/tta_student_direct_reliable_seed20260723_epoch150_e29829d4_fair_inference_receipt.json,
results/20260724_care_myops_batch10_deadline_rescue/tta_student_direct_reliable_seed20260723_epoch150_e29829d4_prediction_manifest.csv,
results/20260724_care_myops_batch10_deadline_rescue/tta_student_direct_reliable_seed20260723_epoch150_e29829d4_sliding_window_receipt.csv,
results/20260724_care_myops_batch10_deadline_rescue/tta_student_moddrop_control_seed20260723_d8d22dc3_casewise_metrics.csv,
results/20260724_care_myops_batch10_deadline_rescue/tta_student_moddrop_control_seed20260723_d8d22dc3_fair_inference_receipt.json,
results/20260724_care_myops_batch10_deadline_rescue/tta_student_moddrop_control_seed20260723_d8d22dc3_prediction_manifest.csv,
results/20260724_care_myops_batch10_deadline_rescue/tta_student_moddrop_control_seed20260723_d8d22dc3_sliding_window_receipt.csv,
results/20260724_care_myops_batch10_deadline_rescue/tta_student_moddrop_control_seed20260723_epoch025_d8d22dc3_casewise_metrics.csv,
results/20260724_care_myops_batch10_deadline_rescue/tta_student_moddrop_control_seed20260723_epoch025_d8d22dc3_fair_inference_receipt.json,
results/20260724_care_myops_batch10_deadline_rescue/tta_student_moddrop_control_seed20260723_epoch025_d8d22dc3_prediction_manifest.csv,
results/20260724_care_myops_batch10_deadline_rescue/tta_student_moddrop_control_seed20260723_epoch025_d8d22dc3_sliding_window_receipt.csv,
results/20260724_care_myops_batch10_deadline_rescue/tta_student_reliable_distill_seed20260723_36672249_casewise_metrics.csv,
results/20260724_care_myops_batch10_deadline_rescue/tta_student_reliable_distill_seed20260723_36672249_fair_inference_receipt.json,
results/20260724_care_myops_batch10_deadline_rescue/tta_student_reliable_distill_seed20260723_36672249_prediction_manifest.csv,
results/20260724_care_myops_batch10_deadline_rescue/tta_student_reliable_distill_seed20260723_36672249_sliding_window_receipt.csv,
results/20260724_care_myops_batch10_deadline_rescue/tta_student_reliable_distill_seed20260723_epoch025_36672249_casewise_metrics.csv,
results/20260724_care_myops_batch10_deadline_rescue/tta_student_reliable_distill_seed20260723_epoch025_36672249_fair_inference_receipt.json,
results/20260724_care_myops_batch10_deadline_rescue/tta_student_reliable_distill_seed20260723_epoch025_36672249_prediction_manifest.csv,
results/20260724_care_myops_batch10_deadline_rescue/tta_student_reliable_distill_seed20260723_epoch025_36672249_sliding_window_receipt.csv,
results/20260724_care_myops_batch10_deadline_rescue/tta_student_reliable_distill_seed20260724_f68849c8_casewise_metrics.csv,
results/20260724_care_myops_batch10_deadline_rescue/tta_student_reliable_distill_seed20260724_f68849c8_fair_inference_receipt.json,
results/20260724_care_myops_batch10_deadline_rescue/tta_student_reliable_distill_seed20260724_f68849c8_prediction_manifest.csv,
results/20260724_care_myops_batch10_deadline_rescue/tta_student_reliable_distill_seed20260724_f68849c8_sliding_window_receipt.csv,
results/20260724_care_myops_batch10_deadline_rescue/tta_teacher_full_view_seed20260724_74efedf6_casewise_metrics.csv,
results/20260724_care_myops_batch10_deadline_rescue/tta_teacher_full_view_seed20260724_74efedf6_fair_inference_receipt.json,
results/20260724_care_myops_batch10_deadline_rescue/tta_teacher_full_view_seed20260724_74efedf6_prediction_manifest.csv,
results/20260724_care_myops_batch10_deadline_rescue/tta_teacher_full_view_seed20260724_74efedf6_sliding_window_receipt.csv,
results/20260724_care_myops_batch10_deadline_rescue/unit_test_report.json,
results/20260724_care_myops_batch10_deadline_rescue/unit_test_report.md,
results/20260724_care_myops_batch10_deadline_rescue/wave2_fair_reevaluation_receipt.json,
results/20260724_care_myops_batch10_deadline_rescue/wave3_ensemble_postprocess_receipt.json,
results/20260724_care_myops_batch10_deadline_rescue/wave4_training_skip.json,
results/20260724_care_myops_batch10_deadline_rescue/wave5_terminal_accounting.json,
results/20260724_care_myops_srr_cascade_submission_rescue/MANIFEST.md,
results/20260724_care_myops_srr_cascade_submission_rescue/anatomy_channel_identity_checks.csv,
results/20260724_care_myops_srr_cascade_submission_rescue/anchor_cache_hashes_v2.json,
results/20260724_care_myops_srr_cascade_submission_rescue/anchor_cache_manifest_v2.csv,
results/20260724_care_myops_srr_cascade_submission_rescue/anchor_cache_roundtrip_v2.csv,
results/20260724_care_myops_srr_cascade_submission_rescue/anchor_cache_v2_race_winner_anchor_htzhulab_rc2_repair.json,
results/20260724_care_myops_srr_cascade_submission_rescue/anchor_grid_roundtrip_checks.csv,
results/20260724_care_myops_srr_cascade_submission_rescue/anchor_oof_audit.json,
results/20260724_care_myops_srr_cascade_submission_rescue/architecture_delta_final.md,
results/20260724_care_myops_srr_cascade_submission_rescue/audit_casewise_metrics_v2.csv,
results/20260724_care_myops_srr_cascade_submission_rescue/audit_help_harm_v2.csv,
results/20260724_care_myops_srr_cascade_submission_rescue/audit_prediction_manifest_v2.csv,
results/20260724_care_myops_srr_cascade_submission_rescue/audit_subgroup_metrics_v2.csv,
results/20260724_care_myops_srr_cascade_submission_rescue/calibration_audit_split_freeze.json,
results/20260724_care_myops_srr_cascade_submission_rescue/calibration_candidate_manifest_v2.json,
results/20260724_care_myops_srr_cascade_submission_rescue/calibration_casewise_metrics.csv,
results/20260724_care_myops_srr_cascade_submission_rescue/calibration_casewise_metrics_v2.csv,
results/20260724_care_myops_srr_cascade_submission_rescue/calibration_checkpoint_selection.csv,
results/20260724_care_myops_srr_cascade_submission_rescue/calibration_checkpoint_selection_v2.csv,
results/20260724_care_myops_srr_cascade_submission_rescue/checkpoint_roundtrip.json,
results/20260724_care_myops_srr_cascade_submission_rescue/clean_checkout_import_audit.json,
results/20260724_care_myops_srr_cascade_submission_rescue/completion_check.md,
results/20260724_care_myops_srr_cascade_submission_rescue/controller_bootstrap_snapshot.md,
results/20260724_care_myops_srr_cascade_submission_rescue/controller_context.json,
results/20260724_care_myops_srr_cascade_submission_rescue/controller_ledger.csv,
results/20260724_care_myops_srr_cascade_submission_rescue/controller_report.md,
results/20260724_care_myops_srr_cascade_submission_rescue/exact_hd_and_hd95_checks_v2.csv,
results/20260724_care_myops_srr_cascade_submission_rescue/final_composition_contract_v2.json,
results/20260724_care_myops_srr_cascade_submission_rescue/finalizer_state.json,
results/20260724_care_myops_srr_cascade_submission_rescue/fixed_overfit_edema.json,
results/20260724_care_myops_srr_cascade_submission_rescue/fixed_overfit_scar.json,
results/20260724_care_myops_srr_cascade_submission_rescue/formal_terminal_training_variants_v2.csv,
results/20260724_care_myops_srr_cascade_submission_rescue/full44_final_candidate_metrics_v2.csv,
results/20260724_care_myops_srr_cascade_submission_rescue/implementation_snapshot.md,
results/20260724_care_myops_srr_cascade_submission_rescue/initial_anchor_equivalence.json,
results/20260724_care_myops_srr_cascade_submission_rescue/known_bad_report.json,
results/20260724_care_myops_srr_cascade_submission_rescue/legacy_module_call_counters.csv,
results/20260724_care_myops_srr_cascade_submission_rescue/loss_gradient_matrix.csv,
results/20260724_care_myops_srr_cascade_submission_rescue/mapper_report_final.md,
results/20260724_care_myops_srr_cascade_submission_rescue/matched_run_hashes.json,
results/20260724_care_myops_srr_cascade_submission_rescue/matched_schedule_hashes_v2.json,
results/20260724_care_myops_srr_cascade_submission_rescue/model_import_graph.json,
results/20260724_care_myops_srr_cascade_submission_rescue/no_t2_identity_checks.csv,
results/20260724_care_myops_srr_cascade_submission_rescue/notification_brief.json,
results/20260724_care_myops_srr_cascade_submission_rescue/pathology_branch_decision_v2.json,
results/20260724_care_myops_srr_cascade_submission_rescue/plans_preprocessing_fingerprint.json,
results/20260724_care_myops_srr_cascade_submission_rescue/preexecution_amendment_receipt.json,
results/20260724_care_myops_srr_cascade_submission_rescue/preflight_receipt.json,
results/20260724_care_myops_srr_cascade_submission_rescue/prototype_cache_manifest_v2.csv,
results/20260724_care_myops_srr_cascade_submission_rescue/prototype_cache_status_v2.json,
results/20260724_care_myops_srr_cascade_submission_rescue/prototype_crossfit_checks.csv,
results/20260724_care_myops_srr_cascade_submission_rescue/prototype_crossfit_checks_v2.csv,
results/20260724_care_myops_srr_cascade_submission_rescue/prototype_intervention_checks.csv,
results/20260724_care_myops_srr_cascade_submission_rescue/prototype_intervention_checks.json,
results/20260724_care_myops_srr_cascade_submission_rescue/prototype_provenance.json,
results/20260724_care_myops_srr_cascade_submission_rescue/real_known_bad_report_terminal_v2.json,
results/20260724_care_myops_srr_cascade_submission_rescue/resolved_execution_contract.json,
results/20260724_care_myops_srr_cascade_submission_rescue/resolved_loss_contract.json,
results/20260724_care_myops_srr_cascade_submission_rescue/resolved_model_contract.json,
results/20260724_care_myops_srr_cascade_submission_rescue/resolved_sampler_augmentation_contract.json,
results/20260724_care_myops_srr_cascade_submission_rescue/runtime_closure_repair_rc1/a100_htzhulab_preflight_race_20260725T011813Z.json,
results/20260724_care_myops_srr_cascade_submission_rescue/runtime_closure_repair_rc1/a100_preflight_monitor_20260725T005755Z.json,
results/20260724_care_myops_srr_cascade_submission_rescue/runtime_closure_repair_rc1/active_loss_gradient_matrix_v2.csv,
results/20260724_care_myops_srr_cascade_submission_rescue/runtime_closure_repair_rc1/actual_augmentation_fiducial_v2.csv,
results/20260724_care_myops_srr_cascade_submission_rescue/runtime_closure_repair_rc1/anchor_cache_validation_v2.json,
results/20260724_care_myops_srr_cascade_submission_rescue/runtime_closure_repair_rc1/checkpoint_resume_roundtrip_v2.json,
results/20260724_care_myops_srr_cascade_submission_rescue/runtime_closure_repair_rc1/checkpoint_resume_schema.json,
results/20260724_care_myops_srr_cascade_submission_rescue/runtime_closure_repair_rc1/controller_rc1_verification.json,
results/20260724_care_myops_srr_cascade_submission_rescue/runtime_closure_repair_rc1/formal_authorization_gate.json,
results/20260724_care_myops_srr_cascade_submission_rescue/runtime_closure_repair_rc1/formal_dry_run_matrix_v2.csv,
results/20260724_care_myops_srr_cascade_submission_rescue/runtime_closure_repair_rc1/formal_race_completion_receipt_20260725T023232Z.json,
results/20260724_care_myops_srr_cascade_submission_rescue/runtime_closure_repair_rc1/formal_race_submission_receipt_20260725T0149Z.json,
results/20260724_care_myops_srr_cascade_submission_rescue/runtime_closure_repair_rc1/formal_race_tmux_watcher_receipt_20260725T0202Z.json,
results/20260724_care_myops_srr_cascade_submission_rescue/runtime_closure_repair_rc1/formal_race_watcher_history_receipt_20260725T0205Z.json,
results/20260724_care_myops_srr_cascade_submission_rescue/runtime_closure_repair_rc1/formal_race_watcher_history_v2.jsonl,
results/20260724_care_myops_srr_cascade_submission_rescue/runtime_closure_repair_rc1/formal_race_watcher_state_v2.json,
results/20260724_care_myops_srr_cascade_submission_rescue/runtime_closure_repair_rc1/formal_race_watcher_submission_20260725T0157Z.json,
results/20260724_care_myops_srr_cascade_submission_rescue/runtime_closure_repair_rc1/formal_terminal_accounting_finalizer_repair_20260725T0210Z.json,
results/20260724_care_myops_srr_cascade_submission_rescue/runtime_closure_repair_rc1/formal_terminal_accounting_v2.json,
results/20260724_care_myops_srr_cascade_submission_rescue/runtime_closure_repair_rc1/future_wave_entrypoint_audit.json,
results/20260724_care_myops_srr_cascade_submission_rescue/runtime_closure_repair_rc1/gpu_preflight_attempt_preflight_htzhulab_race_a100_20260725T011800Z.json,
results/20260724_care_myops_srr_cascade_submission_rescue/runtime_closure_repair_rc1/gpu_preflight_attempt_preflight_htzhulab_rc2_repair.json,
results/20260724_care_myops_srr_cascade_submission_rescue/runtime_closure_repair_rc1/gpu_preflight_attempts_v2.csv,
results/20260724_care_myops_srr_cascade_submission_rescue/runtime_closure_repair_rc1/gpu_preflight_gate_policy_amendment_20260725T012705Z.json,
results/20260724_care_myops_srr_cascade_submission_rescue/runtime_closure_repair_rc1/inherited_slurm_state.json,
results/20260724_care_myops_srr_cascade_submission_rescue/runtime_closure_repair_rc1/local_commit_readiness_manifest_20260725T0218Z.json,
results/20260724_care_myops_srr_cascade_submission_rescue/runtime_closure_repair_rc1/model_branch_independence_checks.csv,
results/20260724_care_myops_srr_cascade_submission_rescue/runtime_closure_repair_rc1/orchestrator_idempotence_checks_v2.json,
results/20260724_care_myops_srr_cascade_submission_rescue/runtime_closure_repair_rc1/preexisting_worktree_manifest.json,
results/20260724_care_myops_srr_cascade_submission_rescue/runtime_closure_repair_rc1/preformal_gate_finalizer_60571939_20260725_013431.json,
results/20260724_care_myops_srr_cascade_submission_rescue/runtime_closure_repair_rc1/preformal_gate_finalizer_60575515_20260725_023428.json,
results/20260724_care_myops_srr_cascade_submission_rescue/runtime_closure_repair_rc1/preformal_gate_finalizer_60576158_20260725_031913.json,
results/20260724_care_myops_srr_cascade_submission_rescue/runtime_closure_repair_rc1/prior_wave_revalidation_matrix.csv,
results/20260724_care_myops_srr_cascade_submission_rescue/runtime_closure_repair_rc1/prototype_category_contract.json,
results/20260724_care_myops_srr_cascade_submission_rescue/runtime_closure_repair_rc1/rc2_slurm_attempts_v2.csv,
results/20260724_care_myops_srr_cascade_submission_rescue/runtime_closure_repair_rc1/rc2_slurm_monitor_state_v2.json,
results/20260724_care_myops_srr_cascade_submission_rescue/runtime_closure_repair_rc1/real_known_bad_report_v2.json,
results/20260724_care_myops_srr_cascade_submission_rescue/runtime_closure_repair_rc1/real_overfit_edema_v2.json,
results/20260724_care_myops_srr_cascade_submission_rescue/runtime_closure_repair_rc1/real_overfit_scar_v2.json,
results/20260724_care_myops_srr_cascade_submission_rescue/runtime_closure_repair_rc1/rebind_receipt.json,
results/20260724_care_myops_srr_cascade_submission_rescue/runtime_closure_repair_rc1/repair_completion.json,
results/20260724_care_myops_srr_cascade_submission_rescue/runtime_closure_repair_rc1/resolved_runtime_closure_contract.json,
results/20260724_care_myops_srr_cascade_submission_rescue/runtime_closure_repair_rc1/runtime_api_contract.json,
results/20260724_care_myops_srr_cascade_submission_rescue/runtime_closure_repair_rc1/runtime_import_graph.json,
results/20260724_care_myops_srr_cascade_submission_rescue/runtime_closure_repair_rc1/schedule_schema.json,
results/20260724_care_myops_srr_cascade_submission_rescue/runtime_closure_repair_rc1/source_cache_failed_lock_clearance_60539519.json,
results/20260724_care_myops_srr_cascade_submission_rescue/runtime_closure_repair_rc1/source_cache_failed_lock_clearance_60546764.json,
results/20260724_care_myops_srr_cascade_submission_rescue/runtime_closure_repair_rc1/source_cache_v4_retry_submission.json,
results/20260724_care_myops_srr_cascade_submission_rescue/runtime_closure_repair_rc1/source_cache_v5_noncompliant_cancellation.json,
results/20260724_care_myops_srr_cascade_submission_rescue/runtime_closure_repair_rc1/source_cache_v5_retry_submission.json,
results/20260724_care_myops_srr_cascade_submission_rescue/runtime_closure_repair_rc1/source_cache_v6_parity_selector.json,
results/20260724_care_myops_srr_cascade_submission_rescue/runtime_closure_repair_rc1/source_cache_v6_retry_submission.json,
results/20260724_care_myops_srr_cascade_submission_rescue/runtime_closure_repair_rc1/storage_preflight.json,
results/20260724_care_myops_srr_cascade_submission_rescue/runtime_closure_repair_rc1/unit_test_report_rc1.md,
results/20260724_care_myops_srr_cascade_submission_rescue/runtime_closure_repair_rc1/unit_test_report_rc2.md,
results/20260724_care_myops_srr_cascade_submission_rescue/runtime_closure_repair_rc1/w4_aggregation_gate_receipt_20260725T0216Z.json,
results/20260724_care_myops_srr_cascade_submission_rescue/runtime_closure_repair_rc1/w4_aggregation_status_v2.json,
results/20260724_care_myops_srr_cascade_submission_rescue/scientific_gate_v2.json,
results/20260724_care_myops_srr_cascade_submission_rescue/shared_spatial_fiducial_checks.csv,
results/20260724_care_myops_srr_cascade_submission_rescue/slurm_attempts.csv,
results/20260724_care_myops_srr_cascade_submission_rescue/slurm_attempts_v2.csv,
results/20260724_care_myops_srr_cascade_submission_rescue/source_asset_inventory.csv,
results/20260724_care_myops_srr_cascade_submission_rescue/source_cache_hashes.json,
results/20260724_care_myops_srr_cascade_submission_rescue/source_cache_hashes_v2.json,
results/20260724_care_myops_srr_cascade_submission_rescue/source_cache_manifest.csv,
results/20260724_care_myops_srr_cascade_submission_rescue/source_cache_manifest_v2.csv,
results/20260724_care_myops_srr_cascade_submission_rescue/source_cache_manifest_v2.failed.csv,
results/20260724_care_myops_srr_cascade_submission_rescue/source_cache_parity_checks.csv,
results/20260724_care_myops_srr_cascade_submission_rescue/source_cache_parity_v2.csv,
results/20260724_care_myops_srr_cascade_submission_rescue/source_cache_parity_v2.failed.csv,
results/20260724_care_myops_srr_cascade_submission_rescue/source_cache_plan.json,
results/20260724_care_myops_srr_cascade_submission_rescue/source_cache_race_state.json,
results/20260724_care_myops_srr_cascade_submission_rescue/source_cache_race_winner_cache_htzhulab_20260724a.json,
results/20260724_care_myops_srr_cascade_submission_rescue/source_cache_v2_race_winner_cache_htzhulab_rc2_repair.json,
results/20260724_care_myops_srr_cascade_submission_rescue/source_cache_v2_race_winner_cache_htzhulab_rc2_v4.json,
results/20260724_care_myops_srr_cascade_submission_rescue/source_cache_v2_race_winner_cache_htzhulab_rc2_v6.json,
results/20260724_care_myops_srr_cascade_submission_rescue/source_checkpoint_load_report.csv,
results/20260724_care_myops_srr_cascade_submission_rescue/source_freeze_runtime_checks.csv,
results/20260724_care_myops_srr_cascade_submission_rescue/strict_validator_report_v2.json,
results/20260724_care_myops_srr_cascade_submission_rescue/training_adequacy.csv,
results/20260724_care_myops_srr_cascade_submission_rescue/training_adequacy_v2.csv,
results/20260724_care_myops_srr_cascade_submission_rescue/unit_test_report.md,
results/20260724_care_myops_srr_cascade_submission_rescue/w3_orchestrator_state_v2.json,
results/20260724_care_myops_srr_cascade_submission_rescue/w4_audit_metrics_edema_v2.csv,
results/20260724_care_myops_srr_cascade_submission_rescue/w4_audit_metrics_scar_v2.csv,
results/20260724_care_myops_srr_cascade_submission_rescue/w4_calibration_metrics_edema_v2.csv,
results/20260724_care_myops_srr_cascade_submission_rescue/w4_calibration_metrics_scar_v2.csv,
results/20260724_care_myops_srr_cascade_submission_rescue/w4_final_decision_edema_v2.json,
results/20260724_care_myops_srr_cascade_submission_rescue/w4_final_decision_scar_v2.json,
results/20260724_care_myops_srr_cascade_submission_rescue/w4_selection_edema_v2.json,
results/20260724_care_myops_srr_cascade_submission_rescue/w4_selection_scar_v2.json,
results/20260724_care_myops_srr_cascade_submission_rescue/wave_minus1_file_sha256.csv,
results/20260725_care_myops_mosaic_fold0_reproduction/all_model_pairwise_vs_nnunet.csv,
results/20260725_care_myops_mosaic_fold0_reproduction/architecture_delta_final.md,
results/20260725_care_myops_mosaic_fold0_reproduction/benchmark_contract.json,
results/20260725_care_myops_mosaic_fold0_reproduction/canonical_casewise_metrics.csv,
results/20260725_care_myops_mosaic_fold0_reproduction/canonical_model_summary.csv,
results/20260725_care_myops_mosaic_fold0_reproduction/complementarity_report.md,
results/20260725_care_myops_mosaic_fold0_reproduction/completion_check.md,
results/20260725_care_myops_mosaic_fold0_reproduction/controller_context.json,
results/20260725_care_myops_mosaic_fold0_reproduction/controller_ledger.csv,
results/20260725_care_myops_mosaic_fold0_reproduction/controller_report.md,
results/20260725_care_myops_mosaic_fold0_reproduction/fair_comparison_audit.json,
results/20260725_care_myops_mosaic_fold0_reproduction/finalizer_state.json,
results/20260725_care_myops_mosaic_fold0_reproduction/fold0_split_audit.csv,
results/20260725_care_myops_mosaic_fold0_reproduction/geometry_audit.csv,
results/20260725_care_myops_mosaic_fold0_reproduction/historical_attempt_summary.csv,
results/20260725_care_myops_mosaic_fold0_reproduction/implementation_snapshot.md,
results/20260725_care_myops_mosaic_fold0_reproduction/label_mapping_audit.csv,
results/20260725_care_myops_mosaic_fold0_reproduction/mapper_report_final.md,
results/20260725_care_myops_mosaic_fold0_reproduction/mosaic_fold0_preflight.json,
results/20260725_care_myops_mosaic_fold0_reproduction/notification_brief.json,
results/20260725_care_myops_mosaic_fold0_reproduction/pairwise_help_harm.csv,
results/20260725_care_myops_mosaic_fold0_reproduction/runtime_adapter_audit.csv,
results/20260725_care_myops_mosaic_fold0_reproduction/runtime_adapter_audit.json,
results/20260725_care_myops_mosaic_fold0_reproduction/scr_r1_predictions/export_receipt.json,
results/20260725_care_myops_mosaic_fold0_reproduction/scr_r1_predictions/prediction_manifest.csv,
results/20260725_care_myops_mosaic_fold0_reproduction/slurm_attempts.csv,
results/20260725_care_myops_mosaic_fold0_reproduction/slurm_queue_snapshot_before_submit.txt,
results/20260725_care_myops_mosaic_fold0_reproduction/slurm_submission_receipt.json,
results/20260725_care_myops_mosaic_fold0_reproduction/strict_validator_report.json,
results/20260725_care_myops_mosaic_fold0_reproduction/weight_provenance.json,
results/20260726_care_fullinfo_nnunet_and_care_scf/MANIFEST.md,
results/20260726_care_fullinfo_nnunet_and_care_scf/control_package_manifest.json,
results/20260726_care_fullinfo_nnunet_and_care_scf/nnunet5f_control/bootstrap_state.json,
results/20260726_care_fullinfo_nnunet_and_care_scf/nnunet5f_control/checkpoint_provenance.json,
results/20260726_care_fullinfo_nnunet_and_care_scf/nnunet5f_control/cine_fixed_branch_manifest.json,
results/20260726_care_fullinfo_nnunet_and_care_scf/nnunet5f_control/cine_prediction_sha256.csv,
results/20260726_care_fullinfo_nnunet_and_care_scf/nnunet5f_control/completion_check.md,
results/20260726_care_fullinfo_nnunet_and_care_scf/nnunet5f_control/control_vs_previous_submission_delta.md,
results/20260726_care_fullinfo_nnunet_and_care_scf/nnunet5f_control/controller_bootstrap_snapshot.md,
results/20260726_care_fullinfo_nnunet_and_care_scf/nnunet5f_control/controller_report.md,
results/20260726_care_fullinfo_nnunet_and_care_scf/nnunet5f_control/finalizer_state.json,
results/20260726_care_fullinfo_nnunet_and_care_scf/nnunet5f_control/nnunet5f_checkpoint_manifest.csv,
results/20260726_care_fullinfo_nnunet_and_care_scf/nnunet5f_control/nnunet5f_checkpoint_manifest.json,
results/20260726_care_fullinfo_nnunet_and_care_scf/nnunet5f_control/nnunet5f_geometry_audit.csv,
results/20260726_care_fullinfo_nnunet_and_care_scf/nnunet5f_control/nnunet5f_inference_receipt.json,
results/20260726_care_fullinfo_nnunet_and_care_scf/nnunet5f_control/nnunet5f_label_audit.json,
results/20260726_care_fullinfo_nnunet_and_care_scf/nnunet5f_control/nnunet5f_package_manifest.json,
results/20260726_care_fullinfo_nnunet_and_care_scf/nnunet5f_control/nnunet5f_zip_sha256.txt,
results/20260726_care_fullinfo_nnunet_and_care_scf/nnunet5f_control/notification_brief.json,
results/20260726_care_fullinfo_nnunet_and_care_scf/nnunet5f_control/strict_validator_report.json,
results/20260726_care_fullinfo_nnunet_and_care_scf/nnunet5f_control/validation_upload_instruction.md,
results/20260726_care_mosaic_validation_gap_forensics_and_final_blueprint/MANIFEST.md,
results/20260726_care_mosaic_validation_gap_forensics_and_final_blueprint/blueprint_component_decision_table.csv,
results/20260726_care_mosaic_validation_gap_forensics_and_final_blueprint/blueprint_lineage_audit.json,
results/20260726_care_mosaic_validation_gap_forensics_and_final_blueprint/complete_case_primary_report.md,
results/20260726_care_mosaic_validation_gap_forensics_and_final_blueprint/completion_check.md,
results/20260726_care_mosaic_validation_gap_forensics_and_final_blueprint/component_correlation_and_failure_overlap.csv,
results/20260726_care_mosaic_validation_gap_forensics_and_final_blueprint/controller_bootstrap_snapshot.md,
results/20260726_care_mosaic_validation_gap_forensics_and_final_blueprint/controller_context.json,
results/20260726_care_mosaic_validation_gap_forensics_and_final_blueprint/controller_ledger.csv,
results/20260726_care_mosaic_validation_gap_forensics_and_final_blueprint/controller_report.md,
results/20260726_care_mosaic_validation_gap_forensics_and_final_blueprint/domain_classifier_cv.csv,
results/20260726_care_mosaic_validation_gap_forensics_and_final_blueprint/domain_similarity_report.md,
results/20260726_care_mosaic_validation_gap_forensics_and_final_blueprint/domain_weighted_oof_summary.csv,
results/20260726_care_mosaic_validation_gap_forensics_and_final_blueprint/existing_allocation_gpu_lock.json,
results/20260726_care_mosaic_validation_gap_forensics_and_final_blueprint/existing_allocation_receipt.json,
results/20260726_care_mosaic_validation_gap_forensics_and_final_blueprint/final_submission_blueprint.md,
results/20260726_care_mosaic_validation_gap_forensics_and_final_blueprint/final_submission_controller_draft.md,
results/20260726_care_mosaic_validation_gap_forensics_and_final_blueprint/final_submission_executor_plan_draft.yaml,
results/20260726_care_mosaic_validation_gap_forensics_and_final_blueprint/finalizer_state.json,
results/20260726_care_mosaic_validation_gap_forensics_and_final_blueprint/full_data_vs_oof_inclusion_lift.csv,
results/20260726_care_mosaic_validation_gap_forensics_and_final_blueprint/full_data_vs_oof_inclusion_lift_interpretation.md,
results/20260726_care_mosaic_validation_gap_forensics_and_final_blueprint/historical_component_complementarity.csv,
results/20260726_care_mosaic_validation_gap_forensics_and_final_blueprint/historical_component_increment_matrix.csv,
results/20260726_care_mosaic_validation_gap_forensics_and_final_blueprint/historical_component_inventory.csv,
results/20260726_care_mosaic_validation_gap_forensics_and_final_blueprint/historical_component_keep_delete_modify.md,
results/20260726_care_mosaic_validation_gap_forensics_and_final_blueprint/hosted_row_claim_boundary.md,
results/20260726_care_mosaic_validation_gap_forensics_and_final_blueprint/hypothesis_matrix.csv,
results/20260726_care_mosaic_validation_gap_forensics_and_final_blueprint/implementation_snapshot.json,
results/20260726_care_mosaic_validation_gap_forensics_and_final_blueprint/inference_recipe_attribution.md,
results/20260726_care_mosaic_validation_gap_forensics_and_final_blueprint/inference_recipe_casewise.csv,
results/20260726_care_mosaic_validation_gap_forensics_and_final_blueprint/inference_recipe_factor_effects.csv,
results/20260726_care_mosaic_validation_gap_forensics_and_final_blueprint/inference_recipe_summary.csv,
results/20260726_care_mosaic_validation_gap_forensics_and_final_blueprint/input_asset_manifest.json,
results/20260726_care_mosaic_validation_gap_forensics_and_final_blueprint/label_export_roundtrip_audit.json,
results/20260726_care_mosaic_validation_gap_forensics_and_final_blueprint/mapper_architecture_report.md,
results/20260726_care_mosaic_validation_gap_forensics_and_final_blueprint/mapper_evidence_fingerprint.json,
results/20260726_care_mosaic_validation_gap_forensics_and_final_blueprint/mapper_wiki_delta.md,
results/20260726_care_mosaic_validation_gap_forensics_and_final_blueprint/metric_semantics_audit.md,
results/20260726_care_mosaic_validation_gap_forensics_and_final_blueprint/mosaic_edema_oof_availability_audit.json,
results/20260726_care_mosaic_validation_gap_forensics_and_final_blueprint/nested_candidate_probe_casewise.csv,
results/20260726_care_mosaic_validation_gap_forensics_and_final_blueprint/nested_candidate_probe_interpretation.md,
results/20260726_care_mosaic_validation_gap_forensics_and_final_blueprint/nested_candidate_probe_manifest.json,
results/20260726_care_mosaic_validation_gap_forensics_and_final_blueprint/nested_candidate_probe_summary.csv,
results/20260726_care_mosaic_validation_gap_forensics_and_final_blueprint/notification_brief.json,
results/20260726_care_mosaic_validation_gap_forensics_and_final_blueprint/old_safescar_step3_audit.json,
results/20260726_care_mosaic_validation_gap_forensics_and_final_blueprint/oof_casewise_metrics.csv,
results/20260726_care_mosaic_validation_gap_forensics_and_final_blueprint/oof_fold_stability.csv,
results/20260726_care_mosaic_validation_gap_forensics_and_final_blueprint/oof_model_summary.csv,
results/20260726_care_mosaic_validation_gap_forensics_and_final_blueprint/oof_pairwise_help_harm.csv,
results/20260726_care_mosaic_validation_gap_forensics_and_final_blueprint/oof_subgroup_summary.csv,
results/20260726_care_mosaic_validation_gap_forensics_and_final_blueprint/package_prediction_hash_matrix.csv,
results/20260726_care_mosaic_validation_gap_forensics_and_final_blueprint/rank_reversal_bootstrap.csv,
results/20260726_care_mosaic_validation_gap_forensics_and_final_blueprint/rank_reversal_interpretation.md,
results/20260726_care_mosaic_validation_gap_forensics_and_final_blueprint/rank_reversal_summary.json,
results/20260726_care_mosaic_validation_gap_forensics_and_final_blueprint/repair_ledger.csv,
results/20260726_care_mosaic_validation_gap_forensics_and_final_blueprint/resource_budget_plan.json,
results/20260726_care_mosaic_validation_gap_forensics_and_final_blueprint/root_cause_report.md,
results/20260726_care_mosaic_validation_gap_forensics_and_final_blueprint/safescar_candidate_components_v2.csv,
results/20260726_care_mosaic_validation_gap_forensics_and_final_blueprint/safescar_candidate_counterfactual_metrics.csv,
results/20260726_care_mosaic_validation_gap_forensics_and_final_blueprint/safescar_edema_feasibility.md,
results/20260726_care_mosaic_validation_gap_forensics_and_final_blueprint/safescar_gate_decision.md,
results/20260726_care_mosaic_validation_gap_forensics_and_final_blueprint/safescar_gate_nested_casewise.csv,
results/20260726_care_mosaic_validation_gap_forensics_and_final_blueprint/safescar_gate_nested_summary.csv,
results/20260726_care_mosaic_validation_gap_forensics_and_final_blueprint/scientific_conclusion.md,
results/20260726_care_mosaic_validation_gap_forensics_and_final_blueprint/stale_state_audit.md,
results/20260726_care_mosaic_validation_gap_forensics_and_final_blueprint/strict_validator_report.json,
results/20260726_care_mosaic_validation_gap_forensics_and_final_blueprint/submission_lineage_evidence.json,
results/20260726_care_mosaic_validation_gap_forensics_and_final_blueprint/submission_lineage_ledger.csv,
results/20260726_care_mosaic_validation_gap_forensics_and_final_blueprint/target_domain_feature_manifest.csv,
results/20260726_care_mosaic_validation_gap_forensics_and_final_blueprint/target_weighted_casewise_metrics.csv,
results/20260726_care_mosaic_validation_gap_forensics_and_final_blueprint/target_weighted_training_attempts.csv,
results/20260726_care_mosaic_validation_gap_forensics_and_final_blueprint/target_weighted_training_contract.json,
results/20260726_care_mosaic_validation_gap_forensics_and_final_blueprint/target_weighted_training_interpretation.md,
results/20260726_care_mosaic_validation_gap_forensics_and_final_blueprint/target_weighted_training_summary.csv,
results/20260726_care_mosaic_validation_gap_forensics_and_final_blueprint/user_attested_lineage_receipt.json,
results/20260726_care_mosaic_validation_gap_forensics_and_final_blueprint/validation_full_data_vs_fold_ensemble_disagreement.csv,
results/20260726_care_mosaic_validation_gap_forensics_and_final_blueprint/validation_nearest_training_cases.csv,
results/20260726_care_mosaic_validation_gap_forensics_and_final_blueprint/validation_prediction_risk_summary.md,
results/20260726_mosaic_fold0_fairness_reaudit/MANIFEST.md,
results/20260726_mosaic_fold0_fairness_reaudit/benchmark_contract.json,
results/20260726_mosaic_fold0_fairness_reaudit/canonical_casewise_metrics.csv,
results/20260726_mosaic_fold0_fairness_reaudit/canonical_model_summary.csv,
results/20260726_mosaic_fold0_fairness_reaudit/checkpoint_inventory.csv,
results/20260726_mosaic_fold0_fairness_reaudit/checkpoint_inventory.json,
results/20260726_mosaic_fold0_fairness_reaudit/checkpoint_selection_audit.md,
results/20260726_mosaic_fold0_fairness_reaudit/completion_check.md,
results/20260726_mosaic_fold0_fairness_reaudit/controller_report.md,
results/20260726_mosaic_fold0_fairness_reaudit/edema_label_availability_audit.csv,
results/20260726_mosaic_fold0_fairness_reaudit/fairness_verdict.md,
results/20260726_mosaic_fold0_fairness_reaudit/fold0_split_audit.csv,
results/20260726_mosaic_fold0_fairness_reaudit/full_data_stage_ablation_casewise.csv,
results/20260726_mosaic_fold0_fairness_reaudit/full_data_stage_ablation_summary.csv,
results/20260726_mosaic_fold0_fairness_reaudit/geometry_audit.csv,
results/20260726_mosaic_fold0_fairness_reaudit/help_harm_vs_nnunet.csv,
results/20260726_mosaic_fold0_fairness_reaudit/interactive_job_reuse_receipt.json,
results/20260726_mosaic_fold0_fairness_reaudit/label_mapping_audit.csv,
results/20260726_mosaic_fold0_fairness_reaudit/prediction_manifest.csv,
results/20260726_mosaic_fold0_fairness_reaudit/runtime_commands.jsonl,
results/20260726_mosaic_fold0_fairness_reaudit/strict_validator_report.json,
results/20260726_mosaic_fold0_fairness_reaudit/variant_manifest.csv,
results/20260727_care_dg_dual_pathology_validation/architecture_delta_draft.md,
results/20260727_care_dg_dual_pathology_validation/augmentation_alignment_audit.json,
results/20260727_care_dg_dual_pathology_validation/candidate_gate_decision.json,
results/20260727_care_dg_dual_pathology_validation/candidate_selection_report.md,
results/20260727_care_dg_dual_pathology_validation/checkpoint_notifications/gate_a.json,
results/20260727_care_dg_dual_pathology_validation/checkpoint_notifications/gate_a_r1.json,
results/20260727_care_dg_dual_pathology_validation/checkpoint_notifications/gate_a_r1_send_receipt.json,
results/20260727_care_dg_dual_pathology_validation/checkpoint_notifications/gate_a_r2.json,
results/20260727_care_dg_dual_pathology_validation/checkpoint_notifications/gate_a_r2_send_receipt.json,
results/20260727_care_dg_dual_pathology_validation/checkpoint_notifications/gate_a_r3.json,
results/20260727_care_dg_dual_pathology_validation/checkpoint_notifications/gate_a_r3_send_receipt.json,
results/20260727_care_dg_dual_pathology_validation/checkpoint_notifications/gate_a_send_receipt.json,
results/20260727_care_dg_dual_pathology_validation/checkpoint_notifications/gate_b.json,
results/20260727_care_dg_dual_pathology_validation/checkpoint_notifications/gate_b_send_receipt.json,
results/20260727_care_dg_dual_pathology_validation/checkpoint_notifications/human_acceptance_state.json,
results/20260727_care_dg_dual_pathology_validation/checkpoint_notifications/sent_gates.json,
results/20260727_care_dg_dual_pathology_validation/checkpoint_resume_parity.json,
results/20260727_care_dg_dual_pathology_validation/controller_bootstrap_snapshot.md,
results/20260727_care_dg_dual_pathology_validation/controller_context.json,
results/20260727_care_dg_dual_pathology_validation/controller_ledger.csv,
results/20260727_care_dg_dual_pathology_validation/evaluator_parity_report.json,
results/20260727_care_dg_dual_pathology_validation/existing_allocation_gpu_lock.json,
results/20260727_care_dg_dual_pathology_validation/existing_allocation_receipt.json,
results/20260727_care_dg_dual_pathology_validation/fold_expansion_status_audit.json,
results/20260727_care_dg_dual_pathology_validation/gate_a_consistency_validator_report.json,
results/20260727_care_dg_dual_pathology_validation/gate_a_repaired_semantics/gate_a_static_test_receipt.json,
results/20260727_care_dg_dual_pathology_validation/gate_a_repaired_semantics/gate_a_summary.json,
results/20260727_care_dg_dual_pathology_validation/gate_a_repaired_semantics/implementation_overfit_curve.csv,
results/20260727_care_dg_dual_pathology_validation/gate_a_summary.json,
results/20260727_care_dg_dual_pathology_validation/gate_b_consistency_validator_report.json,
results/20260727_care_dg_dual_pathology_validation/gate_b_r1_controller_review_packet.json,
results/20260727_care_dg_dual_pathology_validation/gate_b_r1_controller_review_packet.md,
results/20260727_care_dg_dual_pathology_validation/gate_b_r1_diagnostic_report.md,
results/20260727_care_dg_dual_pathology_validation/gate_b_r1_pause_receipt.json,
results/20260727_care_dg_dual_pathology_validation/gate_b_r1_summary.json,
results/20260727_care_dg_dual_pathology_validation/gate_b_r1_validator_report.json,
results/20260727_care_dg_dual_pathology_validation/gate_b_r2_controller_review_packet.json,
results/20260727_care_dg_dual_pathology_validation/gate_b_r2_controller_review_packet.md,
results/20260727_care_dg_dual_pathology_validation/gate_b_r2_diagnostic_report.md,
results/20260727_care_dg_dual_pathology_validation/gate_b_r2_scale_grid_selection.json,
results/20260727_care_dg_dual_pathology_validation/gate_b_r2_summary.json,
results/20260727_care_dg_dual_pathology_validation/gate_b_r2_terminal_readiness_audit.json,
results/20260727_care_dg_dual_pathology_validation/gate_b_r2_terminal_readiness_audit.md,
results/20260727_care_dg_dual_pathology_validation/gate_b_r2_validator_report.json,
results/20260727_care_dg_dual_pathology_validation/gate_b_scar_priority_nan_root_cause_audit.json,
results/20260727_care_dg_dual_pathology_validation/gate_b_summary.json,
results/20260727_care_dg_dual_pathology_validation/gate_b_validator_report.json,
results/20260727_care_dg_dual_pathology_validation/implementation_contract.json,
results/20260727_care_dg_dual_pathology_validation/implementation_overfit_receipt.json,
results/20260727_care_dg_dual_pathology_validation/input_asset_manifest.json,
results/20260727_care_dg_dual_pathology_validation/known_bad_report.json,
results/20260727_care_dg_dual_pathology_validation/mapper_report_draft.md,
results/20260727_care_dg_dual_pathology_validation/model_parameter_report.json,
results/20260727_care_dg_dual_pathology_validation/nnunet_oof_anchor_manifest.json,
results/20260727_care_dg_dual_pathology_validation/pre_repair_invalid_semantics_manifest.json,
results/20260727_care_dg_dual_pathology_validation/real_case_forward_backward_receipt.json,
results/20260727_care_dg_dual_pathology_validation/repair_ledger.csv,
results/20260727_care_dg_dual_pathology_validation/runtime/formal/fold0/checkpoint_manifest.csv,
results/20260727_care_dg_dual_pathology_validation/runtime/formal/fold0/fold_training_receipt.json,
results/20260727_care_dg_dual_pathology_validation/runtime/formal/fold0/training_curve.csv,
results/20260727_care_dg_dual_pathology_validation/runtime/gate_a_r1_preflight/fold0/checkpoint_manifest.csv,
results/20260727_care_dg_dual_pathology_validation/runtime/gate_a_r1_preflight/fold0/fold_training_receipt.json,
results/20260727_care_dg_dual_pathology_validation/runtime/gate_a_r1_preflight/fold0/inner_split_manifest.json,
results/20260727_care_dg_dual_pathology_validation/runtime/gate_a_r1_preflight/fold0/margin_cap_audit.json,
results/20260727_care_dg_dual_pathology_validation/runtime/gate_a_r1_preflight/fold0/preflight_validator_report.json,
results/20260727_care_dg_dual_pathology_validation/runtime/gate_a_r1_preflight/fold0/sampler_quota_audit.json,
results/20260727_care_dg_dual_pathology_validation/runtime/gate_a_r1_preflight/fold0/training_curve.csv,
results/20260727_care_dg_dual_pathology_validation/runtime/gate_a_r2_preflight/fold0/checkpoint_manifest.csv,
results/20260727_care_dg_dual_pathology_validation/runtime/gate_a_r2_preflight/fold0/fold_training_receipt.json,
results/20260727_care_dg_dual_pathology_validation/runtime/gate_a_r2_preflight/fold0/inner_evaluation_plan.json,
results/20260727_care_dg_dual_pathology_validation/runtime/gate_a_r2_preflight/fold0/inner_evaluation_repeat_receipt.json,
results/20260727_care_dg_dual_pathology_validation/runtime/gate_a_r2_preflight/fold0/inner_split_manifest.json,
results/20260727_care_dg_dual_pathology_validation/runtime/gate_a_r2_preflight/fold0/margin_cap_audit.json,
results/20260727_care_dg_dual_pathology_validation/runtime/gate_a_r2_preflight/fold0/preflight_validator_report.json,
results/20260727_care_dg_dual_pathology_validation/runtime/gate_a_r2_preflight/fold0/sampler_quota_audit.json,
results/20260727_care_dg_dual_pathology_validation/runtime/gate_a_r2_preflight/fold0/training_curve.csv,
results/20260727_care_dg_dual_pathology_validation/runtime/gate_a_r3_preflight/fold0/checkpoint_manifest.csv,
results/20260727_care_dg_dual_pathology_validation/runtime/gate_a_r3_preflight/fold0/fold_training_receipt.json,
results/20260727_care_dg_dual_pathology_validation/runtime/gate_a_r3_preflight/fold0/inner_evaluation_plan.json,
results/20260727_care_dg_dual_pathology_validation/runtime/gate_a_r3_preflight/fold0/inner_evaluation_repeat_receipt.json,
results/20260727_care_dg_dual_pathology_validation/runtime/gate_a_r3_preflight/fold0/inner_split_manifest.json,
results/20260727_care_dg_dual_pathology_validation/runtime/gate_a_r3_preflight/fold0/margin_cap_audit.json,
results/20260727_care_dg_dual_pathology_validation/runtime/gate_a_r3_preflight/fold0/preflight_validator_report.json,
results/20260727_care_dg_dual_pathology_validation/runtime/gate_a_r3_preflight/fold0/resolved_training_contract.json,
results/20260727_care_dg_dual_pathology_validation/runtime/gate_a_r3_preflight/fold0/sampler_quota_audit.json,
results/20260727_care_dg_dual_pathology_validation/runtime/gate_a_r3_preflight/fold0/sampler_quota_audit_stage_a.json,
results/20260727_care_dg_dual_pathology_validation/runtime/gate_a_r3_preflight/fold0/sampler_quota_audit_stage_b.json,
results/20260727_care_dg_dual_pathology_validation/runtime/gate_a_r3_preflight/fold0/training_curve.csv,
results/20260727_care_dg_dual_pathology_validation/runtime/repaired_formal_scar_priority/fold0/checkpoint_manifest.csv,
results/20260727_care_dg_dual_pathology_validation/runtime/repaired_formal_scar_priority/fold0/fold_training_receipt.json,
results/20260727_care_dg_dual_pathology_validation/runtime/repaired_formal_scar_priority/fold0/gate_b_evaluation/gate_b_complete16_summary.csv,
results/20260727_care_dg_dual_pathology_validation/runtime/repaired_formal_scar_priority/fold0/gate_b_evaluation/gate_b_component_audit.csv,
results/20260727_care_dg_dual_pathology_validation/runtime/repaired_formal_scar_priority/fold0/gate_b_evaluation/gate_b_exact_hd_tail_audit.csv,
results/20260727_care_dg_dual_pathology_validation/runtime/repaired_formal_scar_priority/fold0/gate_b_evaluation/gate_b_fold0_casewise_metrics.csv,
results/20260727_care_dg_dual_pathology_validation/runtime/repaired_formal_scar_priority/fold0/gate_b_evaluation/gate_b_fold0_model_summary.csv,
results/20260727_care_dg_dual_pathology_validation/runtime/repaired_formal_scar_priority/fold0/gate_b_evaluation/gate_b_help_harm.csv,
results/20260727_care_dg_dual_pathology_validation/runtime/repaired_formal_scar_priority/fold0/gate_b_evaluation/gate_b_mechanism_activation_audit.csv,
results/20260727_care_dg_dual_pathology_validation/runtime/repaired_formal_scar_priority/fold0/gate_b_evaluation/gate_b_no_t2_safety_audit.csv,
results/20260727_care_dg_dual_pathology_validation/runtime/repaired_formal_scar_priority/fold0/gate_b_evaluation/gate_b_post_scar_overwrite_audit.json,
results/20260727_care_dg_dual_pathology_validation/runtime/repaired_formal_scar_priority/fold0/gate_b_evaluation/gate_b_prediction_hashes.csv,
results/20260727_care_dg_dual_pathology_validation/runtime/repaired_formal_scar_priority/fold0/gate_b_evaluation/gate_b_remote_fp_audit.csv,
results/20260727_care_dg_dual_pathology_validation/runtime/repaired_formal_scar_priority/fold0/gate_b_evaluation/gate_b_scar_edema_conflict_transition_matrix.csv,
results/20260727_care_dg_dual_pathology_validation/runtime/repaired_formal_scar_priority/fold0/gate_b_evaluation/gate_b_summary.json,
results/20260727_care_dg_dual_pathology_validation/runtime/repaired_formal_scar_priority/fold0/gate_b_evaluation/gate_b_validator_report.json,
results/20260727_care_dg_dual_pathology_validation/runtime/repaired_formal_scar_priority/fold0/gate_b_r1_evaluation/gate_b_r1_casewise_metrics.csv,
results/20260727_care_dg_dual_pathology_validation/runtime/repaired_formal_scar_priority/fold0/gate_b_r1_evaluation/gate_b_r1_complete16_summary.csv,
results/20260727_care_dg_dual_pathology_validation/runtime/repaired_formal_scar_priority/fold0/gate_b_r1_evaluation/gate_b_r1_component_audit.csv,
results/20260727_care_dg_dual_pathology_validation/runtime/repaired_formal_scar_priority/fold0/gate_b_r1_evaluation/gate_b_r1_exact_hd_tail_audit.csv,
results/20260727_care_dg_dual_pathology_validation/runtime/repaired_formal_scar_priority/fold0/gate_b_r1_evaluation/gate_b_r1_help_harm.csv,
results/20260727_care_dg_dual_pathology_validation/runtime/repaired_formal_scar_priority/fold0/gate_b_r1_evaluation/gate_b_r1_inner_casewise_metrics.csv,
results/20260727_care_dg_dual_pathology_validation/runtime/repaired_formal_scar_priority/fold0/gate_b_r1_evaluation/gate_b_r1_inner_checkpoint_selection.csv,
results/20260727_care_dg_dual_pathology_validation/runtime/repaired_formal_scar_priority/fold0/gate_b_r1_evaluation/gate_b_r1_inner_checkpoint_selection.json,
results/20260727_care_dg_dual_pathology_validation/runtime/repaired_formal_scar_priority/fold0/gate_b_r1_evaluation/gate_b_r1_mechanism_activation_audit.csv,
results/20260727_care_dg_dual_pathology_validation/runtime/repaired_formal_scar_priority/fold0/gate_b_r1_evaluation/gate_b_r1_model_summary.csv,
results/20260727_care_dg_dual_pathology_validation/runtime/repaired_formal_scar_priority/fold0/gate_b_r1_evaluation/gate_b_r1_no_t2_safety_audit.csv,
results/20260727_care_dg_dual_pathology_validation/runtime/repaired_formal_scar_priority/fold0/gate_b_r1_evaluation/gate_b_r1_post_scar_overwrite_audit.json,
results/20260727_care_dg_dual_pathology_validation/runtime/repaired_formal_scar_priority/fold0/gate_b_r1_evaluation/gate_b_r1_prediction_hashes.csv,
results/20260727_care_dg_dual_pathology_validation/runtime/repaired_formal_scar_priority/fold0/gate_b_r1_evaluation/gate_b_r1_remote_fp_audit.csv,
results/20260727_care_dg_dual_pathology_validation/runtime/repaired_formal_scar_priority/fold0/gate_b_r1_evaluation/gate_b_r1_scar_edema_conflict_transition_matrix.csv,
results/20260727_care_dg_dual_pathology_validation/runtime/repaired_formal_scar_priority/fold0/gate_b_r1_evaluation/gate_b_r1_seam_audit.csv,
results/20260727_care_dg_dual_pathology_validation/runtime/repaired_formal_scar_priority/fold0/gate_b_r1_evaluation/gate_b_r1_summary.json,
results/20260727_care_dg_dual_pathology_validation/runtime/repaired_formal_scar_priority/fold0/gate_b_r1_evaluation/gate_b_r1_validator_report.json,
results/20260727_care_dg_dual_pathology_validation/runtime/repaired_formal_scar_priority/fold0/gate_b_r2_scale_diagnostic/gate_b_r2_scale_grid_selection.csv,
results/20260727_care_dg_dual_pathology_validation/runtime/repaired_formal_scar_priority/fold0/gate_b_r2_scale_diagnostic/gate_b_r2_scale_grid_selection.json,
results/20260727_care_dg_dual_pathology_validation/runtime/repaired_formal_scar_priority/fold0/gate_b_r2_scale_diagnostic/gate_b_r2_validator_report.json,
results/20260727_care_dg_dual_pathology_validation/runtime/repaired_formal_scar_priority/fold0/resolved_training_contract.json,
results/20260727_care_dg_dual_pathology_validation/runtime/repaired_formal_scar_priority/fold0/sampler_quota_audit_stage_a.json,
results/20260727_care_dg_dual_pathology_validation/runtime/repaired_formal_scar_priority/fold0/sampler_quota_audit_stage_b.json,
results/20260727_care_dg_dual_pathology_validation/runtime/repaired_formal_scar_priority/fold0/training_curve.csv,
results/20260727_care_dg_dual_pathology_validation/strict_validator_report.json,
results/20260727_care_dg_dual_pathology_validation/unit_test_report.md,
results/20260727_care_dg_dual_pathology_validation/w2_fold0_health_check.json,
results/20260728_care_dpr_fold0_global_redesign/amended_contract_sha256.json,
results/20260728_care_dpr_fold0_global_redesign/checkpoint_notifications/dpr_gate_a.json,
results/20260728_care_dpr_fold0_global_redesign/checkpoint_notifications/dpr_gate_a_r1.json,
results/20260728_care_dpr_fold0_global_redesign/checkpoint_notifications/dpr_gate_a_r1_send_receipt.json,
results/20260728_care_dpr_fold0_global_redesign/checkpoint_notifications/dpr_gate_a_r2.json,
results/20260728_care_dpr_fold0_global_redesign/checkpoint_notifications/dpr_gate_a_r2_send_receipt.json,
results/20260728_care_dpr_fold0_global_redesign/checkpoint_notifications/dpr_gate_a_send_receipt.json,
results/20260728_care_dpr_fold0_global_redesign/checkpoint_notifications/dpr_gate_b.json,
results/20260728_care_dpr_fold0_global_redesign/checkpoint_notifications/dpr_gate_b_r1.json,
results/20260728_care_dpr_fold0_global_redesign/checkpoint_notifications/dpr_gate_b_r1_send_receipt.json,
results/20260728_care_dpr_fold0_global_redesign/checkpoint_notifications/dpr_gate_b_send_receipt.json,
results/20260728_care_dpr_fold0_global_redesign/checkpoint_notifications/sent_gates.json,
results/20260728_care_dpr_fold0_global_redesign/controller_context.json,
results/20260728_care_dpr_fold0_global_redesign/failure_classification.json,
results/20260728_care_dpr_fold0_global_redesign/frozen_input_contract.json,
results/20260728_care_dpr_fold0_global_redesign/gate_a_r1_consistency_validator_report.json,
results/20260728_care_dpr_fold0_global_redesign/gate_a_r2_consistency_validator_report.json,
results/20260728_care_dpr_fold0_global_redesign/gate_b_controller_report.md,
results/20260728_care_dpr_fold0_global_redesign/gate_b_r1_old_run_diagnostic_report.json,
results/20260728_care_dpr_fold0_global_redesign/gate_b_r1_summary.json,
results/20260728_care_dpr_fold0_global_redesign/gate_b_r1_superseded_by_r2.json,
results/20260728_care_dpr_fold0_global_redesign/gate_b_r1_validator_report.json,
results/20260728_care_dpr_fold0_global_redesign/gate_b_r2_current_status_for_gpt.md,
results/20260728_care_dpr_fold0_global_redesign/gate_b_r2_interactive_allocation_61220581.json,
results/20260728_care_dpr_fold0_global_redesign/gate_b_r2_resume_blocked.json,
results/20260728_care_dpr_fold0_global_redesign/gate_b_r2_user_stopped_partial_status.json,
results/20260728_care_dpr_fold0_global_redesign/gate_b_summary.json,
results/20260728_care_dpr_fold0_global_redesign/gate_b_superseded_by_r1.json,
results/20260728_care_dpr_fold0_global_redesign/gate_b_validator_report.json,
results/20260728_care_dpr_fold0_global_redesign/human_acceptance_dpr_gate_a_r2.json,
results/20260728_care_dpr_fold0_global_redesign/implementation_contract.json,
results/20260728_care_dpr_fold0_global_redesign/implementation_validator_report.json,
results/20260728_care_dpr_fold0_global_redesign/known_bad_report.json,
results/20260728_care_dpr_fold0_global_redesign/mechanism_ceiling_casewise.csv,
results/20260728_care_dpr_fold0_global_redesign/mechanism_ceiling_summary.json,
results/20260728_care_dpr_fold0_global_redesign/model_parameter_report.json,
results/20260728_care_dpr_fold0_global_redesign/notification_brief.json,
results/20260728_care_dpr_fold0_global_redesign/preflight_validator_report.json,
results/20260728_care_dpr_fold0_global_redesign/runtime/formal_fold0/checkpoint_manifest.csv,
results/20260728_care_dpr_fold0_global_redesign/runtime/formal_fold0/fold_training_receipt.json,
results/20260728_care_dpr_fold0_global_redesign/runtime/formal_fold0/gate_a_r2_diagnostic_cases.json,
results/20260728_care_dpr_fold0_global_redesign/runtime/formal_fold0/gate_b_evaluation/gate_b_activation_audit.csv,
results/20260728_care_dpr_fold0_global_redesign/runtime/formal_fold0/gate_b_evaluation/gate_b_casewise_metrics.csv,
results/20260728_care_dpr_fold0_global_redesign/runtime/formal_fold0/gate_b_evaluation/gate_b_checkpoint_threshold_selection.json,
results/20260728_care_dpr_fold0_global_redesign/runtime/formal_fold0/gate_b_evaluation/gate_b_complete16_summary.csv,
results/20260728_care_dpr_fold0_global_redesign/runtime/formal_fold0/gate_b_evaluation/gate_b_component_audit.csv,
results/20260728_care_dpr_fold0_global_redesign/runtime/formal_fold0/gate_b_evaluation/gate_b_exact_hd_tail_audit.csv,
results/20260728_care_dpr_fold0_global_redesign/runtime/formal_fold0/gate_b_evaluation/gate_b_help_harm.csv,
results/20260728_care_dpr_fold0_global_redesign/runtime/formal_fold0/gate_b_evaluation/gate_b_inner_candidate_rows.csv,
results/20260728_care_dpr_fold0_global_redesign/runtime/formal_fold0/gate_b_evaluation/gate_b_mechanism_report.json,
results/20260728_care_dpr_fold0_global_redesign/runtime/formal_fold0/gate_b_evaluation/gate_b_model_summary.csv,
results/20260728_care_dpr_fold0_global_redesign/runtime/formal_fold0/gate_b_evaluation/gate_b_no_t2_safety_audit.csv,
results/20260728_care_dpr_fold0_global_redesign/runtime/formal_fold0/gate_b_evaluation/gate_b_outer44_summary.csv,
results/20260728_care_dpr_fold0_global_redesign/runtime/formal_fold0/gate_b_evaluation/gate_b_outer_candidate_rows.csv,
results/20260728_care_dpr_fold0_global_redesign/runtime/formal_fold0/gate_b_evaluation/gate_b_prediction_hashes.csv,
results/20260728_care_dpr_fold0_global_redesign/runtime/formal_fold0/gate_b_evaluation/gate_b_remote_fp_audit.csv,
results/20260728_care_dpr_fold0_global_redesign/runtime/formal_fold0/gate_b_evaluation/gate_b_scientific_gate.json,
results/20260728_care_dpr_fold0_global_redesign/runtime/formal_fold0/gate_b_evaluation/gate_b_summary.json,
results/20260728_care_dpr_fold0_global_redesign/runtime/formal_fold0/gate_b_evaluation/gate_b_transition_matrix.csv,
results/20260728_care_dpr_fold0_global_redesign/runtime/formal_fold0/gate_b_evaluation/gate_b_validator_report.json,
results/20260728_care_dpr_fold0_global_redesign/runtime/formal_fold0/gate_b_r1_old_run_diagnostic/old_checkpoint_candidate_rows.csv,
results/20260728_care_dpr_fold0_global_redesign/runtime/formal_fold0/gate_b_r1_old_run_diagnostic/old_checkpoint_case_rows.csv,
results/20260728_care_dpr_fold0_global_redesign/runtime/formal_fold0/gate_b_r1_old_run_diagnostic/old_checkpoint_diagnostic_report.json,
results/20260728_care_dpr_fold0_global_redesign/runtime/formal_fold0/gate_b_r1_old_run_diagnostic/old_checkpoint_diagnostic_summary.csv,
results/20260728_care_dpr_fold0_global_redesign/runtime/formal_fold0/gate_b_r1_old_run_diagnostic/old_checkpoint_thresholds.csv,
results/20260728_care_dpr_fold0_global_redesign/runtime/formal_fold0/preflight_optimizer_cases.json,
results/20260728_care_dpr_fold0_global_redesign/runtime/formal_fold0/resolved_training_contract.json,
results/20260728_care_dpr_fold0_global_redesign/runtime/formal_fold0/sampler_audit_stage_a1.json,
results/20260728_care_dpr_fold0_global_redesign/runtime/formal_fold0/sampler_audit_stage_a2.json,
results/20260728_care_dpr_fold0_global_redesign/runtime/formal_fold0/sampler_audit_stage_b.json,
results/20260728_care_dpr_fold0_global_redesign/runtime/formal_fold0/sampler_index_stage_a1.json,
results/20260728_care_dpr_fold0_global_redesign/runtime/formal_fold0/sampler_index_stage_a2.json,
results/20260728_care_dpr_fold0_global_redesign/runtime/formal_fold0/sampler_index_stage_b.json,
results/20260728_care_dpr_fold0_global_redesign/runtime/formal_fold0/training_curve.csv,
results/20260728_care_dpr_fold0_global_redesign/runtime/formal_fold0_r1/gate_b_r1_evaluation/gate_b_r1_activation_audit.csv,
results/20260728_care_dpr_fold0_global_redesign/runtime/formal_fold0_r1/gate_b_r1_evaluation/gate_b_r1_checkpoint_selection_rows.csv,
results/20260728_care_dpr_fold0_global_redesign/runtime/formal_fold0_r1/gate_b_r1_evaluation/gate_b_r1_checkpoint_threshold_selection.json,
results/20260728_care_dpr_fold0_global_redesign/runtime/formal_fold0_r1/gate_b_r1_evaluation/gate_b_r1_complete16_summary.csv,
results/20260728_care_dpr_fold0_global_redesign/runtime/formal_fold0_r1/gate_b_r1_evaluation/gate_b_r1_help_harm.csv,
results/20260728_care_dpr_fold0_global_redesign/runtime/formal_fold0_r1/gate_b_r1_evaluation/gate_b_r1_mechanism_report.json,
results/20260728_care_dpr_fold0_global_redesign/runtime/formal_fold0_r1/gate_b_r1_evaluation/gate_b_r1_model_summary.csv,
results/20260728_care_dpr_fold0_global_redesign/runtime/formal_fold0_r1/gate_b_r1_evaluation/gate_b_r1_no_t2_safety_audit.csv,
results/20260728_care_dpr_fold0_global_redesign/runtime/formal_fold0_r1/gate_b_r1_evaluation/gate_b_r1_outer44_summary.csv,
results/20260728_care_dpr_fold0_global_redesign/runtime/formal_fold0_r1/gate_b_r1_evaluation/gate_b_r1_outer_candidate_rows.csv,
results/20260728_care_dpr_fold0_global_redesign/runtime/formal_fold0_r1/gate_b_r1_evaluation/gate_b_r1_scientific_gate.json,
results/20260728_care_dpr_fold0_global_redesign/runtime/formal_fold0_r1/gate_b_r1_evaluation/gate_b_r1_summary.json,
results/20260728_care_dpr_fold0_global_redesign/runtime/formal_fold0_r1/gate_b_r1_evaluation/gate_b_r1_threshold_rows.csv,
results/20260728_care_dpr_fold0_global_redesign/runtime/formal_fold0_r1/gate_b_r1_evaluation/gate_b_r1_validator_report.json,
results/20260728_care_dpr_fold0_global_redesign/runtime/formal_fold0_r2/gate_b_r2_c1c2_receipt.json,
results/20260728_care_dpr_fold0_global_redesign/runtime/formal_fold0_r2/gate_b_r2_case_split.json,
results/20260728_care_dpr_fold0_global_redesign/runtime/formal_fold0_r2/gate_b_r2_resolved_contract.json,
results/20260728_care_dpr_fold0_global_redesign/runtime/formal_fold0_r2/stage_c1_training_curve.csv,
results/20260728_care_dpr_fold0_global_redesign/runtime/formal_fold0_r2/stage_c2_training_curve.csv,
results/20260728_care_dpr_fold0_global_redesign/runtime/formal_fold0_r2_balanced_c2_bank_lite/gate_b_r2_c1c2_receipt.json,
results/20260728_care_dpr_fold0_global_redesign/runtime/formal_fold0_r2_balanced_c2_bank_lite/gate_b_r2_case_split.json,
results/20260728_care_dpr_fold0_global_redesign/runtime/formal_fold0_r2_balanced_c2_bank_lite/gate_b_r2_evaluation/gate_b_r2_inner_selection_rows.csv,
results/20260728_care_dpr_fold0_global_redesign/runtime/formal_fold0_r2_balanced_c2_bank_lite/gate_b_r2_evaluation/gate_b_r2_summary.json,
results/20260728_care_dpr_fold0_global_redesign/runtime/formal_fold0_r2_balanced_c2_bank_lite/gate_b_r2_resolved_contract.json,
results/20260728_care_dpr_fold0_global_redesign/runtime/formal_fold0_r2_balanced_c2_bank_lite/stage_c2_training_curve.csv,
results/20260728_care_dpr_fold0_global_redesign/runtime/formal_fold0_r2_balanced_combined/gate_b_r2_c1_balanced_c2_combined_receipt.json,
results/20260728_care_dpr_fold0_global_redesign/runtime/gate_b_r2_balanced_smoke/gate_b_r2_c1c2_receipt.json,
results/20260728_care_dpr_fold0_global_redesign/runtime/gate_b_r2_balanced_smoke/gate_b_r2_case_split.json,
results/20260728_care_dpr_fold0_global_redesign/runtime/gate_b_r2_balanced_smoke/gate_b_r2_resolved_contract.json,
results/20260728_care_dpr_fold0_global_redesign/runtime/gate_b_r2_balanced_smoke/stage_c1_training_curve.csv,
results/20260728_care_dpr_fold0_global_redesign/runtime/gate_b_r2_balanced_smoke/stage_c2_training_curve.csv,
results/20260728_care_dpr_fold0_global_redesign/runtime/gate_b_r2_index8_balanced_smoke/gate_b_r2_c1c2_receipt.json,
results/20260728_care_dpr_fold0_global_redesign/runtime/gate_b_r2_index8_balanced_smoke/gate_b_r2_case_split.json,
results/20260728_care_dpr_fold0_global_redesign/runtime/gate_b_r2_index8_balanced_smoke/gate_b_r2_resolved_contract.json,
results/20260728_care_dpr_fold0_global_redesign/runtime/gate_b_r2_index8_balanced_smoke/stage_c1_training_curve.csv,
results/20260728_care_dpr_fold0_global_redesign/runtime/gate_b_r2_index8_balanced_smoke/stage_c2_training_curve.csv,
results/20260728_care_dpr_fold0_global_redesign/runtime/gate_b_r2_smoke/gate_b_r2_c1c2_receipt.json,
results/20260728_care_dpr_fold0_global_redesign/runtime/gate_b_r2_smoke/gate_b_r2_case_split.json,
results/20260728_care_dpr_fold0_global_redesign/runtime/gate_b_r2_smoke/gate_b_r2_evaluation/gate_b_r2_inner_selection_rows.csv,
results/20260728_care_dpr_fold0_global_redesign/runtime/gate_b_r2_smoke/gate_b_r2_evaluation/gate_b_r2_summary.json,
results/20260728_care_dpr_fold0_global_redesign/runtime/gate_b_r2_smoke/gate_b_r2_resolved_contract.json,
results/20260728_care_dpr_fold0_global_redesign/runtime/gate_b_r2_smoke/stage_c1_training_curve.csv,
results/20260728_care_dpr_fold0_global_redesign/runtime/gate_b_r2_smoke/stage_c2_training_curve.csv,
results/20260728_care_dpr_fold0_global_redesign/runtime/gate_b_r2_smoke4/gate_b_r2_c1c2_receipt.json,
results/20260728_care_dpr_fold0_global_redesign/runtime/gate_b_r2_smoke4/gate_b_r2_case_split.json,
results/20260728_care_dpr_fold0_global_redesign/runtime/gate_b_r2_smoke4/gate_b_r2_evaluation/gate_b_r2_inner_selection_rows.csv,
results/20260728_care_dpr_fold0_global_redesign/runtime/gate_b_r2_smoke4/gate_b_r2_evaluation/gate_b_r2_summary.json,
results/20260728_care_dpr_fold0_global_redesign/runtime/gate_b_r2_smoke4/gate_b_r2_resolved_contract.json,
results/20260728_care_dpr_fold0_global_redesign/runtime/gate_b_r2_smoke4/stage_c1_training_curve.csv,
results/20260728_care_dpr_fold0_global_redesign/runtime/gate_b_r2_smoke4/stage_c2_training_curve.csv,
results/20260728_care_dpr_fold0_global_redesign/runtime/gate_b_r2_window12_balanced_smoke/gate_b_r2_c1c2_receipt.json,
results/20260728_care_dpr_fold0_global_redesign/runtime/gate_b_r2_window12_balanced_smoke/gate_b_r2_case_split.json,
results/20260728_care_dpr_fold0_global_redesign/runtime/gate_b_r2_window12_balanced_smoke/gate_b_r2_resolved_contract.json,
results/20260728_care_dpr_fold0_global_redesign/runtime/gate_b_r2_window12_balanced_smoke/stage_c1_training_curve.csv,
results/20260728_care_dpr_fold0_global_redesign/runtime/gate_b_r2_window12_balanced_smoke/stage_c2_training_curve.csv,
results/20260728_care_dpr_fold0_global_redesign/runtime/preflight/checkpoint_manifest.csv,
results/20260728_care_dpr_fold0_global_redesign/runtime/preflight/mechanism_report.json,
results/20260728_care_dpr_fold0_global_redesign/runtime/preflight/preflight_receipt.json,
results/20260728_care_dpr_fold0_global_redesign/runtime/preflight/resolved_training_contract.json,
results/20260728_care_dpr_fold0_global_redesign/runtime/preflight/sampler_audit_stage_preflight.json,
results/20260728_care_dpr_fold0_global_redesign/runtime/preflight/sampler_index_stage_preflight.json,
results/20260728_care_dpr_fold0_global_redesign/runtime/preflight/training_curve.csv,
results/20260728_care_dpr_fold0_global_redesign/strict_validator_report.json,
results/20260728_care_dpr_fold0_global_redesign/unit_test_report.md,
results/20260728_care_owned_pathology_validation_probe/MANIFEST.md,
results/20260728_care_owned_pathology_validation_probe/care_dg_checkpoint_receipt.json,
results/20260728_care_owned_pathology_validation_probe/commands_run.csv,
results/20260728_care_owned_pathology_validation_probe/compact_label_audit.json,
results/20260728_care_owned_pathology_validation_probe/completion_check.md,
results/20260728_care_owned_pathology_validation_probe/controller_report.md,
results/20260728_care_owned_pathology_validation_probe/determinism_report.json,
results/20260728_care_owned_pathology_validation_probe/final_package_manifest.json,
results/20260728_care_owned_pathology_validation_probe/geometry_audit.csv,
results/20260728_care_owned_pathology_validation_probe/gt_access_audit.json,
results/20260728_care_owned_pathology_validation_probe/model_selection_rationale.md,
results/20260728_care_owned_pathology_validation_probe/nnunet_anchor_manifest.json,
results/20260728_care_owned_pathology_validation_probe/notification_brief.json,
results/20260728_care_owned_pathology_validation_probe/pathology_overlap_audit.csv,
results/20260728_care_owned_pathology_validation_probe/pathology_source_casewise.csv,
results/20260728_care_owned_pathology_validation_probe/prediction_hashes_run_a.csv,
results/20260728_care_owned_pathology_validation_probe/prediction_hashes_run_b.csv,
results/20260728_care_owned_pathology_validation_probe/reproduction_receipt.json,
results/20260728_care_owned_pathology_validation_probe/scr_checkpoint_receipt.json,
results/20260728_care_owned_pathology_validation_probe/source_asset_manifest.json,
results/20260728_care_owned_pathology_validation_probe/upload_instruction.md,
results/20260728_care_owned_pathology_validation_probe/zip_vs_nnunet_audit.csv,
results/20260729_care_arc_clean_fold1/adoption_receipt.json,
results/20260729_care_arc_clean_fold1/alignment_mode_freeze_receipt.json,
results/20260729_care_arc_clean_fold1/commands_run.md,
results/20260729_care_arc_clean_fold1/controller_bootstrap_snapshot.md,
results/20260729_care_arc_clean_fold1/controller_context.json,
results/20260729_care_arc_clean_fold1/controller_ledger.csv,
results/20260729_care_arc_clean_fold1/controller_packet.json,
results/20260729_care_arc_clean_fold1/controller_report.md,
results/20260729_care_arc_clean_fold1/crop_freeze_receipt.json,
results/20260729_care_arc_clean_fold1/finalizer_state.json,
results/20260729_care_arc_clean_fold1/fold0_development_adequacy_gate.json,
results/20260729_care_arc_clean_fold1/full_volume_shape_audit.json,
results/20260729_care_arc_clean_fold1/full_volume_shape_audit_cases.csv,
results/20260729_care_arc_clean_fold1/implementation_contract.json,
results/20260729_care_arc_clean_fold1/implementation_validator_report.json,
results/20260729_care_arc_clean_fold1/known_bad_report.json,
results/20260729_care_arc_clean_fold1/model_parameter_report.json,
results/20260729_care_arc_clean_fold1/notification_brief.json,
results/20260729_care_arc_clean_fold1/preflight_strict_validator_report.json,
results/20260729_care_arc_clean_fold1/preflight_validator_report.json,
results/20260729_care_arc_clean_fold1/runtime/fold0_development/alignment_control.csv,
results/20260729_care_arc_clean_fold1/runtime/fold0_development/casewise_metrics.csv,
results/20260729_care_arc_clean_fold1/runtime/fold0_development/mechanism_report.json,
results/20260729_care_arc_clean_fold1/runtime/fold0_development/model_summary.csv,
results/20260729_care_arc_clean_fold1/runtime/fold0_development/raw_direct_summary.csv,
results/20260729_care_arc_clean_fold1/runtime/fold0_development/training_curve.csv,
results/20260729_care_arc_clean_fold1/runtime/fold0_development/training_receipt.json,
results/20260729_care_arc_clean_fold1/runtime/fold0_development/volume_stratified_report.json,
results/20260729_care_arc_clean_fold1/runtime/preflight/alignment_audit.json,
results/20260729_care_arc_clean_fold1/runtime/preflight/context_invariance.json,
results/20260729_care_arc_clean_fold1/runtime/preflight/full_volume_parity.json,
results/20260729_care_arc_clean_fold1/runtime/preflight/gradient_report.json,
results/20260729_care_arc_clean_fold1/runtime/preflight/no_t2_exact_zero.json,
results/20260729_care_arc_clean_fold1/runtime/preflight/overfit_curve.csv,
results/20260729_care_arc_clean_fold1/runtime/preflight/preflight_receipt.json,
results/20260729_care_arc_clean_fold1/runtime/preflight/resume_exact.json,
results/20260729_care_arc_clean_fold1/split_freeze_receipt.json,
results/20260729_care_arc_clean_fold1/unit_test_report.md,
results/20260729_care_prism_fold0_fold1_v2/MANIFEST.md,
results/20260729_care_prism_fold0_fold1_v2/adoption_receipt.json,
results/20260729_care_prism_fold0_fold1_v2/allocation_snapshot.json,
results/20260729_care_prism_fold0_fold1_v2/arc_w3_root_cause_audit.json,
results/20260729_care_prism_fold0_fold1_v2/architecture_delta_final.md,
results/20260729_care_prism_fold0_fold1_v2/completion_check.md,
results/20260729_care_prism_fold0_fold1_v2/controller_bootstrap_snapshot.md,
results/20260729_care_prism_fold0_fold1_v2/controller_context.json,
results/20260729_care_prism_fold0_fold1_v2/controller_ledger.csv,
results/20260729_care_prism_fold0_fold1_v2/controller_packet.json,
results/20260729_care_prism_fold0_fold1_v2/controller_report.md,
results/20260729_care_prism_fold0_fold1_v2/finalizer_state.json,
results/20260729_care_prism_fold0_fold1_v2/implementation_intervention_report.json,
results/20260729_care_prism_fold0_fold1_v2/implementation_snapshot.md,
results/20260729_care_prism_fold0_fold1_v2/implementation_validator_report.json,
results/20260729_care_prism_fold0_fold1_v2/init_transplant_report.json,
results/20260729_care_prism_fold0_fold1_v2/known_bad_report.json,
results/20260729_care_prism_fold0_fold1_v2/mapper_report_final.md,
results/20260729_care_prism_fold0_fold1_v2/model_parameter_report.json,
results/20260729_care_prism_fold0_fold1_v2/nnunet_asset_receipt.json,
results/20260729_care_prism_fold0_fold1_v2/notification_brief.json,
results/20260729_care_prism_fold0_fold1_v2/notification_delivery_report.json,
results/20260729_care_prism_fold0_fold1_v2/push_delivery_report.json,
results/20260729_care_prism_fold0_fold1_v2/resumed_block_audit.json,
results/20260729_care_prism_fold0_fold1_v2/split_freeze_receipt.json,
results/20260729_care_prism_fold0_fold1_v2/strict_validator_report.json,
results/20260729_care_prism_fold0_fold1_v2/unit_test_report.json,
results/20260729_care_prism_v2_backbone_repair_and_resume/MANIFEST.md,
results/20260729_care_prism_v2_backbone_repair_and_resume/adoption_receipt.json,
results/20260729_care_prism_v2_backbone_repair_and_resume/anatomy_exchange_report.json,
results/20260729_care_prism_v2_backbone_repair_and_resume/backbone_asset_resolution.json,
results/20260729_care_prism_v2_backbone_repair_and_resume/checkpoint_resume_report.json,
results/20260729_care_prism_v2_backbone_repair_and_resume/controller_context.json,
results/20260729_care_prism_v2_backbone_repair_and_resume/controller_w3_return_packet.json,
results/20260729_care_prism_v2_backbone_repair_and_resume/correspondence_freeze_receipt.json,
results/20260729_care_prism_v2_backbone_repair_and_resume/critic_repair_receipt.json,
results/20260729_care_prism_v2_backbone_repair_and_resume/data_pipeline_report.json,
results/20260729_care_prism_v2_backbone_repair_and_resume/direct_loss_gradient_report.json,
results/20260729_care_prism_v2_backbone_repair_and_resume/eval_probe/case_metrics.csv,
results/20260729_care_prism_v2_backbone_repair_and_resume/eval_probe/summary.json,
results/20260729_care_prism_v2_backbone_repair_and_resume/evaluation/fold0_w3_inner_select_formal_v2/case_metrics.csv,
results/20260729_care_prism_v2_backbone_repair_and_resume/evaluation/fold0_w3_inner_select_formal_v2/freeze_receipt.json,
results/20260729_care_prism_v2_backbone_repair_and_resume/evaluation/fold0_w3_inner_select_formal_v2/summary.json,
results/20260729_care_prism_v2_backbone_repair_and_resume/evaluation/fold0_w3_outer_once_formal_v2/case_metrics.csv,
results/20260729_care_prism_v2_backbone_repair_and_resume/evaluation/fold0_w3_outer_once_formal_v2/summary.json,
results/20260729_care_prism_v2_backbone_repair_and_resume/exact_resume_report.json,
results/20260729_care_prism_v2_backbone_repair_and_resume/fold0_outer_once_lock.json,
results/20260729_care_prism_v2_backbone_repair_and_resume/implementation_intervention_report.json,
results/20260729_care_prism_v2_backbone_repair_and_resume/implementation_validator_report.json,
results/20260729_care_prism_v2_backbone_repair_and_resume/init_transplant_report_fold0.json,
results/20260729_care_prism_v2_backbone_repair_and_resume/init_transplant_report_fold1.json,
results/20260729_care_prism_v2_backbone_repair_and_resume/known_bad_report.json,
results/20260729_care_prism_v2_backbone_repair_and_resume/label_semantics_report.json,
results/20260729_care_prism_v2_backbone_repair_and_resume/loss_and_negative_space_report.json,
results/20260729_care_prism_v2_backbone_repair_and_resume/mapper_final_report.json,
results/20260729_care_prism_v2_backbone_repair_and_resume/multiscale_usage_report.json,
results/20260729_care_prism_v2_backbone_repair_and_resume/notification_brief.json,
results/20260729_care_prism_v2_backbone_repair_and_resume/planner_handoff_partial.json,
results/20260729_care_prism_v2_backbone_repair_and_resume/preflight_mechanism_report.json,
results/20260729_care_prism_v2_backbone_repair_and_resume/preflight_resume_report.json,
results/20260729_care_prism_v2_backbone_repair_and_resume/preflight_training_receipt.json,
results/20260729_care_prism_v2_backbone_repair_and_resume/sampler_balance_report.json,
results/20260729_care_prism_v2_backbone_repair_and_resume/strict_validator_report.json,
results/20260729_care_prism_v2_backbone_repair_and_resume/w1_w2_strict_validator_report.json,
results/20260729_care_prism_v2_backbone_repair_and_resume/w2_adequacy_report.json,
results/20260729_care_prism_v2_backbone_repair_and_resume/w2_training_summary.json,
results/20260729_care_prism_v2_backbone_repair_and_resume/w3_attempt_repair_log.json,
results/20260729_care_prism_v2_backbone_repair_and_resume/w3_checkpoint_audit_report.json,
results/20260729_care_prism_v2_backbone_repair_and_resume/w3_strict_validator_report.json,
results/20260729_care_prism_v2_backbone_repair_and_resume/w3_training_summary.json,
results/20260730_care_failure_forensics_deep_research_packet/CARE_Failure_Forensics_Deep_Research_Evidence_Packet_20260730.pdf,
results/20260730_care_failure_forensics_deep_research_packet/CARE_Failure_Forensics_Deep_Research_Evidence_Packet_20260730_v2.pdf,
results/20260730_care_failure_forensics_deep_research_packet/CARE_Failure_Forensics_Deep_Research_Evidence_Packet_20260730_v4.pdf,
results/20260730_care_failure_forensics_deep_research_packet/DEEP_RESEARCH_MODEL_DESIGN_INPUT_20260730.md,
results/20260730_care_failure_forensics_deep_research_packet/DEEP_RESEARCH_MODEL_DESIGN_INPUT_20260730_v4.md,
results/20260730_care_failure_forensics_deep_research_packet/MANIFEST.md,
results/20260730_care_failure_forensics_deep_research_packet/alignment_error_correlation.csv,
results/20260730_care_failure_forensics_deep_research_packet/alignment_forensics_report.md,
results/20260730_care_failure_forensics_deep_research_packet/alignment_v2_receipt.json,
results/20260730_care_failure_forensics_deep_research_packet/arc_casewise_metrics.csv,
results/20260730_care_failure_forensics_deep_research_packet/arc_component_survival_ledger.csv,
results/20260730_care_failure_forensics_deep_research_packet/arc_design_vs_implementation.csv,
results/20260730_care_failure_forensics_deep_research_packet/arc_forensics_report.md,
results/20260730_care_failure_forensics_deep_research_packet/arc_loss_final_output_trace.csv,
results/20260730_care_failure_forensics_deep_research_packet/architecture_fidelity_matrix.csv,
results/20260730_care_failure_forensics_deep_research_packet/batch0_7_casewise_results.csv,
results/20260730_care_failure_forensics_deep_research_packet/batch0_7_component_survival_ledger.csv,
results/20260730_care_failure_forensics_deep_research_packet/batch0_7_design_evidence_matrix.csv,
results/20260730_care_failure_forensics_deep_research_packet/batch7_mechanism_trace.md,
results/20260730_care_failure_forensics_deep_research_packet/batch7_valid_experience_summary.md,
results/20260730_care_failure_forensics_deep_research_packet/cascade_casewise_metrics.csv,
results/20260730_care_failure_forensics_deep_research_packet/cascade_component_survival_ledger.csv,
results/20260730_care_failure_forensics_deep_research_packet/cascade_control_semantics_audit.json,
results/20260730_care_failure_forensics_deep_research_packet/cascade_dg_dpr_forensics_report.md,
results/20260730_care_failure_forensics_deep_research_packet/case_error_taxonomy.csv,
results/20260730_care_failure_forensics_deep_research_packet/case_montage_manifest.csv,
results/20260730_care_failure_forensics_deep_research_packet/case_montages/Case1011_montage.png,
results/20260730_care_failure_forensics_deep_research_packet/case_montages/Case1014_montage.png,
results/20260730_care_failure_forensics_deep_research_packet/case_montages/Case1022_montage.png,
results/20260730_care_failure_forensics_deep_research_packet/case_montages/Case1029_montage.png,
results/20260730_care_failure_forensics_deep_research_packet/case_montages/Case1033_montage.png,
results/20260730_care_failure_forensics_deep_research_packet/case_montages/Case1045_montage.png,
results/20260730_care_failure_forensics_deep_research_packet/case_montages/Case1054_montage.png,
results/20260730_care_failure_forensics_deep_research_packet/case_montages/Case2009_montage.png,
results/20260730_care_failure_forensics_deep_research_packet/case_montages/Case2010_montage.png,
results/20260730_care_failure_forensics_deep_research_packet/case_montages/Case2019_montage.png,
results/20260730_care_failure_forensics_deep_research_packet/case_montages/Case2025_montage.png,
results/20260730_care_failure_forensics_deep_research_packet/case_montages/Case2026_montage.png,
results/20260730_care_failure_forensics_deep_research_packet/case_montages/Case2029_montage.png,
results/20260730_care_failure_forensics_deep_research_packet/case_montages/Case2034_montage.png,
results/20260730_care_failure_forensics_deep_research_packet/case_montages/Case3010_montage.png,
results/20260730_care_failure_forensics_deep_research_packet/case_montages/Case3012_montage.png,
results/20260730_care_failure_forensics_deep_research_packet/case_montages/Case3017_montage.png,
results/20260730_care_failure_forensics_deep_research_packet/case_montages/Case3036_montage.png,
results/20260730_care_failure_forensics_deep_research_packet/case_montages/Case8017_montage.png,
results/20260730_care_failure_forensics_deep_research_packet/case_montages/Case8021_montage.png,
results/20260730_care_failure_forensics_deep_research_packet/case_montages/contact_sheet_20_cases.png,
results/20260730_care_failure_forensics_deep_research_packet/case_montages_v3/Case1005_v3_atlas.png,
results/20260730_care_failure_forensics_deep_research_packet/case_montages_v3/Case1011_v3_atlas.png,
results/20260730_care_failure_forensics_deep_research_packet/case_montages_v3/Case1014_v3_atlas.png,
results/20260730_care_failure_forensics_deep_research_packet/case_montages_v3/Case1022_v3_atlas.png,
results/20260730_care_failure_forensics_deep_research_packet/case_montages_v3/Case1029_v3_atlas.png,
results/20260730_care_failure_forensics_deep_research_packet/case_montages_v3/Case1033_v3_atlas.png,
results/20260730_care_failure_forensics_deep_research_packet/case_montages_v3/Case1045_v3_atlas.png,
results/20260730_care_failure_forensics_deep_research_packet/case_montages_v3/Case1054_v3_atlas.png,
results/20260730_care_failure_forensics_deep_research_packet/case_montages_v3/Case2001_v3_atlas.png,
results/20260730_care_failure_forensics_deep_research_packet/case_montages_v3/Case2009_v3_atlas.png,
results/20260730_care_failure_forensics_deep_research_packet/case_montages_v3/Case2010_v3_atlas.png,
results/20260730_care_failure_forensics_deep_research_packet/case_montages_v3/Case2014_v3_atlas.png,
results/20260730_care_failure_forensics_deep_research_packet/case_montages_v3/Case2015_v3_atlas.png,
results/20260730_care_failure_forensics_deep_research_packet/case_montages_v3/Case2019_v3_atlas.png,
results/20260730_care_failure_forensics_deep_research_packet/case_montages_v3/Case2021_v3_atlas.png,
results/20260730_care_failure_forensics_deep_research_packet/case_montages_v3/Case2023_v3_atlas.png,
results/20260730_care_failure_forensics_deep_research_packet/case_montages_v3/Case2025_v3_atlas.png,
results/20260730_care_failure_forensics_deep_research_packet/case_montages_v3/Case2026_v3_atlas.png,
results/20260730_care_failure_forensics_deep_research_packet/case_montages_v3/Case2029_v3_atlas.png,
results/20260730_care_failure_forensics_deep_research_packet/case_montages_v3/Case2030_v3_atlas.png,
results/20260730_care_failure_forensics_deep_research_packet/case_montages_v3/Case2031_v3_atlas.png,
results/20260730_care_failure_forensics_deep_research_packet/case_montages_v3/Case2034_v3_atlas.png,
results/20260730_care_failure_forensics_deep_research_packet/case_montages_v3/Case2035_v3_atlas.png,
results/20260730_care_failure_forensics_deep_research_packet/case_montages_v3/Case3006_v3_atlas.png,
results/20260730_care_failure_forensics_deep_research_packet/case_montages_v3/Case3010_v3_atlas.png,
results/20260730_care_failure_forensics_deep_research_packet/case_montages_v3/Case3012_v3_atlas.png,
results/20260730_care_failure_forensics_deep_research_packet/case_montages_v3/Case3017_v3_atlas.png,
results/20260730_care_failure_forensics_deep_research_packet/case_montages_v3/Case3036_v3_atlas.png,
results/20260730_care_failure_forensics_deep_research_packet/case_montages_v3/Case5005_v3_atlas.png,
results/20260730_care_failure_forensics_deep_research_packet/case_montages_v3/Case5006_v3_atlas.png,
results/20260730_care_failure_forensics_deep_research_packet/case_montages_v3/Case5010_v3_atlas.png,
results/20260730_care_failure_forensics_deep_research_packet/case_montages_v3/Case6001_v3_atlas.png,
results/20260730_care_failure_forensics_deep_research_packet/case_montages_v3/Case6004_v3_atlas.png,
results/20260730_care_failure_forensics_deep_research_packet/case_montages_v3/Case6009_v3_atlas.png,
results/20260730_care_failure_forensics_deep_research_packet/case_montages_v3/Case6010_v3_atlas.png,
results/20260730_care_failure_forensics_deep_research_packet/case_montages_v3/Case7004_v3_atlas.png,
results/20260730_care_failure_forensics_deep_research_packet/case_montages_v3/Case7008_v3_atlas.png,
results/20260730_care_failure_forensics_deep_research_packet/case_montages_v3/Case7009_v3_atlas.png,
results/20260730_care_failure_forensics_deep_research_packet/case_montages_v3/Case8017_v3_atlas.png,
results/20260730_care_failure_forensics_deep_research_packet/case_montages_v3/Case8021_v3_atlas.png,
results/20260730_care_failure_forensics_deep_research_packet/case_montages_v3/contact_sheet_40_cases.png,
results/20260730_care_failure_forensics_deep_research_packet/case_oracle_summary.csv,
results/20260730_care_failure_forensics_deep_research_packet/case_review_selection.csv,
results/20260730_care_failure_forensics_deep_research_packet/checkpoint_inventory.csv,
results/20260730_care_failure_forensics_deep_research_packet/cine_casewise_metrics.csv,
results/20260730_care_failure_forensics_deep_research_packet/cine_data_manifest.csv,
results/20260730_care_failure_forensics_deep_research_packet/cine_forensics_report.md,
results/20260730_care_failure_forensics_deep_research_packet/cine_implementation_fidelity_matrix.csv,
results/20260730_care_failure_forensics_deep_research_packet/cine_model_lineage.csv,
results/20260730_care_failure_forensics_deep_research_packet/cine_motion_quality.csv,
results/20260730_care_failure_forensics_deep_research_packet/cine_temporal_signal_probe.csv,
results/20260730_care_failure_forensics_deep_research_packet/cine_temporal_v2_receipt.json,
results/20260730_care_failure_forensics_deep_research_packet/complementarity_report.md,
results/20260730_care_failure_forensics_deep_research_packet/completion_check.md,
results/20260730_care_failure_forensics_deep_research_packet/component_final_output_effect.csv,
results/20260730_care_failure_forensics_deep_research_packet/controller_bootstrap_snapshot.md,
results/20260730_care_failure_forensics_deep_research_packet/controller_context.json,
results/20260730_care_failure_forensics_deep_research_packet/controller_ledger.csv,
results/20260730_care_failure_forensics_deep_research_packet/controller_report.md,
results/20260730_care_failure_forensics_deep_research_packet/cross_modal_alignment_casewise.csv,
results/20260730_care_failure_forensics_deep_research_packet/d0_identity_replay_completion_receipt.json,
results/20260730_care_failure_forensics_deep_research_packet/d0_identity_replay_prepare_receipt.json,
results/20260730_care_failure_forensics_deep_research_packet/data_case_manifest.csv,
results/20260730_care_failure_forensics_deep_research_packet/data_center_modality_matrix.csv,
results/20260730_care_failure_forensics_deep_research_packet/data_truth_report.md,
results/20260730_care_failure_forensics_deep_research_packet/decoder_reset_checkpoint_manifest.csv,
results/20260730_care_failure_forensics_deep_research_packet/decoder_reset_comparison.csv,
results/20260730_care_failure_forensics_deep_research_packet/decoder_reset_contract.json,
results/20260730_care_failure_forensics_deep_research_packet/decoder_reset_diagnostic_report.md,
results/20260730_care_failure_forensics_deep_research_packet/decoder_reset_inner_casewise.csv,
results/20260730_care_failure_forensics_deep_research_packet/decoder_reset_training_summary.csv,
results/20260730_care_failure_forensics_deep_research_packet/deep_research_design_brief.md,
results/20260730_care_failure_forensics_deep_research_packet/deep_research_design_constraints_evidence.csv,
results/20260730_care_failure_forensics_deep_research_packet/deep_research_evidence_index.md,
results/20260730_care_failure_forensics_deep_research_packet/deep_research_prompt_seed.md,
results/20260730_care_failure_forensics_deep_research_packet/deep_research_upload_manifest.json,
results/20260730_care_failure_forensics_deep_research_packet/dg_dr_dpr_casewise_metrics.csv,
results/20260730_care_failure_forensics_deep_research_packet/dg_dr_dpr_component_survival_ledger.csv,
results/20260730_care_failure_forensics_deep_research_packet/dg_dr_dpr_lineage.csv,
results/20260730_care_failure_forensics_deep_research_packet/diagnostic_execution_plan.json,
results/20260730_care_failure_forensics_deep_research_packet/evidence_claim_ledger.csv,
results/20260730_care_failure_forensics_deep_research_packet/evidence_inventory.csv,
results/20260730_care_failure_forensics_deep_research_packet/experiment_lineage.csv,
results/20260730_care_failure_forensics_deep_research_packet/external_deep_research_question_bank.json,
results/20260730_care_failure_forensics_deep_research_packet/external_deep_research_question_bank.md,
results/20260730_care_failure_forensics_deep_research_packet/external_local_repo_inventory.csv,
results/20260730_care_failure_forensics_deep_research_packet/feature_probe_case_split.json,
results/20260730_care_failure_forensics_deep_research_packet/feature_probe_full_results.csv,
results/20260730_care_failure_forensics_deep_research_packet/feature_probe_inventory.csv,
results/20260730_care_failure_forensics_deep_research_packet/feature_probe_random_control.csv,
results/20260730_care_failure_forensics_deep_research_packet/feature_probe_summary.csv,
results/20260730_care_failure_forensics_deep_research_packet/feature_separability_report.md,
results/20260730_care_failure_forensics_deep_research_packet/figures/center_case_counts.png,
results/20260730_care_failure_forensics_deep_research_packet/figures/decision_state.png,
results/20260730_care_failure_forensics_deep_research_packet/figures/evidence_grade_counts.png,
results/20260730_care_failure_forensics_deep_research_packet/figures/pathology_volume_distribution.png,
results/20260730_care_failure_forensics_deep_research_packet/finalizer_state.json,
results/20260730_care_failure_forensics_deep_research_packet/fn_overlap_matrix.csv,
results/20260730_care_failure_forensics_deep_research_packet/fp_overlap_matrix.csv,
results/20260730_care_failure_forensics_deep_research_packet/hash_manifest.csv,
results/20260730_care_failure_forensics_deep_research_packet/hd_component_matrix.csv,
results/20260730_care_failure_forensics_deep_research_packet/help_harm_matrix.csv,
results/20260730_care_failure_forensics_deep_research_packet/historical_checkpoint_binding.csv,
results/20260730_care_failure_forensics_deep_research_packet/historical_commit_lineage.csv,
results/20260730_care_failure_forensics_deep_research_packet/historical_component_survival_ledger.csv,
results/20260730_care_failure_forensics_deep_research_packet/historical_component_survival_report.md,
results/20260730_care_failure_forensics_deep_research_packet/historical_experiment_inventory.csv,
results/20260730_care_failure_forensics_deep_research_packet/historical_failure_evidence.csv,
results/20260730_care_failure_forensics_deep_research_packet/historical_failure_reconstruction.md,
results/20260730_care_failure_forensics_deep_research_packet/historical_model_inventory.csv,
results/20260730_care_failure_forensics_deep_research_packet/historical_prediction_binding.csv,
results/20260730_care_failure_forensics_deep_research_packet/historical_replay_binding_receipt.json,
results/20260730_care_failure_forensics_deep_research_packet/historical_result_comparability.csv,
results/20260730_care_failure_forensics_deep_research_packet/historical_results_matrix.csv,
results/20260730_care_failure_forensics_deep_research_packet/implementation_maturity_report.md,
results/20260730_care_failure_forensics_deep_research_packet/label_availability_matrix.csv,
results/20260730_care_failure_forensics_deep_research_packet/label_semantics_contract.json,
results/20260730_care_failure_forensics_deep_research_packet/large_gain_feasibility_analysis.csv,
results/20260730_care_failure_forensics_deep_research_packet/large_gain_feasibility_report.md,
results/20260730_care_failure_forensics_deep_research_packet/lesion_component_summary.csv,
results/20260730_care_failure_forensics_deep_research_packet/local_evidence_conclusions.md,
results/20260730_care_failure_forensics_deep_research_packet/loss_to_parameter_trace.csv,
results/20260730_care_failure_forensics_deep_research_packet/manual_visual_review_notes.md,
results/20260730_care_failure_forensics_deep_research_packet/metric_cross_implementation_report.json,
results/20260730_care_failure_forensics_deep_research_packet/metric_reaggregation_report.md,
results/20260730_care_failure_forensics_deep_research_packet/metric_semantics_validator_report.json,
results/20260730_care_failure_forensics_deep_research_packet/mmrd_casewise_metrics.csv,
results/20260730_care_failure_forensics_deep_research_packet/mmrd_checkpoint_binding.csv,
results/20260730_care_failure_forensics_deep_research_packet/mmrd_component_survival_ledger.csv,
results/20260730_care_failure_forensics_deep_research_packet/mmrd_direct_vs_distillation.csv,
results/20260730_care_failure_forensics_deep_research_packet/mmrd_forensics_report.md,
results/20260730_care_failure_forensics_deep_research_packet/mmrd_model_contract.json,
results/20260730_care_failure_forensics_deep_research_packet/mmrd_vs_nnunet.csv,
results/20260730_care_failure_forensics_deep_research_packet/model_code_fingerprint_manifest.csv,
results/20260730_care_failure_forensics_deep_research_packet/model_disagreement_matrix.csv,
results/20260730_care_failure_forensics_deep_research_packet/model_lineage.csv,
results/20260730_care_failure_forensics_deep_research_packet/mosaic_ablation_contract.json,
results/20260730_care_failure_forensics_deep_research_packet/mosaic_clean_full_data_gap.csv,
results/20260730_care_failure_forensics_deep_research_packet/mosaic_gap_forensics_report.md,
results/20260730_care_failure_forensics_deep_research_packet/mosaic_help_harm_vs_nnunet.csv,
results/20260730_care_failure_forensics_deep_research_packet/mosaic_recipe_decomposition_casewise.csv,
results/20260730_care_failure_forensics_deep_research_packet/mosaic_recipe_decomposition_receipt.json,
results/20260730_care_failure_forensics_deep_research_packet/mosaic_recipe_decomposition_summary.csv,
results/20260730_care_failure_forensics_deep_research_packet/mosaic_repo_weight_recipe_binding.json,
results/20260730_care_failure_forensics_deep_research_packet/nnunet_decoder_reset_contract_v2.json,
results/20260730_care_failure_forensics_deep_research_packet/nnunet_decoder_reset_prediction_manifest.csv,
results/20260730_care_failure_forensics_deep_research_packet/nnunet_decoder_reset_real_aggregation_receipt.json,
results/20260730_care_failure_forensics_deep_research_packet/nnunet_decoder_reset_real_casewise.csv,
results/20260730_care_failure_forensics_deep_research_packet/nnunet_decoder_reset_real_report.md,
results/20260730_care_failure_forensics_deep_research_packet/nnunet_decoder_reset_real_summary.csv,
results/20260730_care_failure_forensics_deep_research_packet/notification_brief.json,
results/20260730_care_failure_forensics_deep_research_packet/official_internal_label_mapping.csv,
results/20260730_care_failure_forensics_deep_research_packet/oracle_feature_selector_receipt.json,
results/20260730_care_failure_forensics_deep_research_packet/packet_consistency_report.json,
results/20260730_care_failure_forensics_deep_research_packet/path_resolution_log.jsonl,
results/20260730_care_failure_forensics_deep_research_packet/pathology_population_summary.csv,
results/20260730_care_failure_forensics_deep_research_packet/pathology_prevalence_summary.csv,
results/20260730_care_failure_forensics_deep_research_packet/pdf_contact_sheet.png,
results/20260730_care_failure_forensics_deep_research_packet/pdf_page_qa_sheets_final/pages_001_004.png,
results/20260730_care_failure_forensics_deep_research_packet/pdf_page_qa_sheets_final/pages_005_008.png,
results/20260730_care_failure_forensics_deep_research_packet/pdf_page_qa_sheets_final/pages_009_012.png,
results/20260730_care_failure_forensics_deep_research_packet/pdf_page_qa_sheets_final/pages_013_016.png,
results/20260730_care_failure_forensics_deep_research_packet/pdf_page_qa_sheets_final/pages_017_020.png,
results/20260730_care_failure_forensics_deep_research_packet/pdf_page_qa_sheets_final/pages_021_024.png,
results/20260730_care_failure_forensics_deep_research_packet/pdf_page_qa_sheets_final/pages_025_028.png,
results/20260730_care_failure_forensics_deep_research_packet/pdf_page_qa_sheets_final/pages_029_032.png,
results/20260730_care_failure_forensics_deep_research_packet/pdf_page_qa_sheets_final/pages_033_036.png,
results/20260730_care_failure_forensics_deep_research_packet/pdf_page_qa_sheets_final/pages_037_040.png,
results/20260730_care_failure_forensics_deep_research_packet/pdf_page_qa_sheets_final/pages_041_044.png,
results/20260730_care_failure_forensics_deep_research_packet/pdf_page_qa_sheets_final/pages_045_048.png,
results/20260730_care_failure_forensics_deep_research_packet/pdf_page_qa_sheets_final/pages_049_052.png,
results/20260730_care_failure_forensics_deep_research_packet/pdf_page_qa_sheets_final/pages_053_056.png,
results/20260730_care_failure_forensics_deep_research_packet/pdf_page_qa_sheets_final/pages_057_060.png,
results/20260730_care_failure_forensics_deep_research_packet/pdf_page_qa_sheets_final/pages_061_064.png,
results/20260730_care_failure_forensics_deep_research_packet/pdf_page_qa_sheets_final/pages_065_068.png,
results/20260730_care_failure_forensics_deep_research_packet/pdf_page_qa_sheets_final/pages_069_072.png,
results/20260730_care_failure_forensics_deep_research_packet/pdf_page_qa_sheets_final/pages_073_076.png,
results/20260730_care_failure_forensics_deep_research_packet/pdf_page_qa_sheets_final/pages_077_080.png,
results/20260730_care_failure_forensics_deep_research_packet/pdf_page_qa_sheets_final/pages_081_084.png,
results/20260730_care_failure_forensics_deep_research_packet/pdf_page_qa_sheets_final/pages_085_088.png,
results/20260730_care_failure_forensics_deep_research_packet/pdf_page_qa_sheets_final/pages_089_092.png,
results/20260730_care_failure_forensics_deep_research_packet/pdf_page_qa_sheets_final/pages_093_096.png,
results/20260730_care_failure_forensics_deep_research_packet/pdf_page_qa_sheets_final/pages_097_100.png,
results/20260730_care_failure_forensics_deep_research_packet/pdf_page_qa_sheets_final/pages_101_101.png,
results/20260730_care_failure_forensics_deep_research_packet/pdf_page_quality.csv,
results/20260730_care_failure_forensics_deep_research_packet/pdf_pages/page-001.png,
results/20260730_care_failure_forensics_deep_research_packet/pdf_pages/page-002.png,
results/20260730_care_failure_forensics_deep_research_packet/pdf_pages/page-003.png,
results/20260730_care_failure_forensics_deep_research_packet/pdf_pages/page-004.png,
results/20260730_care_failure_forensics_deep_research_packet/pdf_pages/page-005.png,
results/20260730_care_failure_forensics_deep_research_packet/pdf_pages/page-006.png,
results/20260730_care_failure_forensics_deep_research_packet/pdf_pages/page-007.png,
results/20260730_care_failure_forensics_deep_research_packet/pdf_pages/page-008.png,
results/20260730_care_failure_forensics_deep_research_packet/pdf_pages/page-009.png,
results/20260730_care_failure_forensics_deep_research_packet/pdf_pages/page-010.png,
results/20260730_care_failure_forensics_deep_research_packet/pdf_pages/page-011.png,
results/20260730_care_failure_forensics_deep_research_packet/pdf_pages/page-012.png,
results/20260730_care_failure_forensics_deep_research_packet/pdf_pages/page-013.png,
results/20260730_care_failure_forensics_deep_research_packet/pdf_pages/page-014.png,
results/20260730_care_failure_forensics_deep_research_packet/pdf_pages/page-015.png,
results/20260730_care_failure_forensics_deep_research_packet/pdf_pages/page-016.png,
results/20260730_care_failure_forensics_deep_research_packet/pdf_pages/page-017.png,
results/20260730_care_failure_forensics_deep_research_packet/pdf_pages/page-018.png,
results/20260730_care_failure_forensics_deep_research_packet/pdf_pages/page-019.png,
results/20260730_care_failure_forensics_deep_research_packet/pdf_pages/page-020.png,
results/20260730_care_failure_forensics_deep_research_packet/pdf_pages/page-021.png,
results/20260730_care_failure_forensics_deep_research_packet/pdf_pages/page-022.png,
results/20260730_care_failure_forensics_deep_research_packet/pdf_pages/page-023.png,
results/20260730_care_failure_forensics_deep_research_packet/pdf_pages/page-024.png,
results/20260730_care_failure_forensics_deep_research_packet/pdf_pages/page-025.png,
results/20260730_care_failure_forensics_deep_research_packet/pdf_pages/page-026.png,
results/20260730_care_failure_forensics_deep_research_packet/pdf_pages/page-027.png,
results/20260730_care_failure_forensics_deep_research_packet/pdf_pages/page-028.png,
results/20260730_care_failure_forensics_deep_research_packet/pdf_pages/page-029.png,
results/20260730_care_failure_forensics_deep_research_packet/pdf_pages/page-030.png,
results/20260730_care_failure_forensics_deep_research_packet/pdf_pages/page-031.png,
results/20260730_care_failure_forensics_deep_research_packet/pdf_pages/page-032.png,
results/20260730_care_failure_forensics_deep_research_packet/pdf_pages/page-033.png,
results/20260730_care_failure_forensics_deep_research_packet/pdf_pages/page-034.png,
results/20260730_care_failure_forensics_deep_research_packet/pdf_pages/page-035.png,
results/20260730_care_failure_forensics_deep_research_packet/pdf_pages/page-036.png,
results/20260730_care_failure_forensics_deep_research_packet/pdf_pages/page-037.png,
results/20260730_care_failure_forensics_deep_research_packet/pdf_pages/page-038.png,
results/20260730_care_failure_forensics_deep_research_packet/pdf_pages/page-039.png,
results/20260730_care_failure_forensics_deep_research_packet/pdf_pages/page-040.png,
results/20260730_care_failure_forensics_deep_research_packet/pdf_pages/page-041.png,
results/20260730_care_failure_forensics_deep_research_packet/pdf_pages/page-042.png,
results/20260730_care_failure_forensics_deep_research_packet/pdf_pages/page-043.png,
results/20260730_care_failure_forensics_deep_research_packet/pdf_pages/page-044.png,
results/20260730_care_failure_forensics_deep_research_packet/pdf_pages/page-045.png,
results/20260730_care_failure_forensics_deep_research_packet/pdf_pages/page-046.png,
results/20260730_care_failure_forensics_deep_research_packet/pdf_pages/page-047.png,
results/20260730_care_failure_forensics_deep_research_packet/pdf_pages/page-048.png,
results/20260730_care_failure_forensics_deep_research_packet/pdf_pages/page-049.png,
results/20260730_care_failure_forensics_deep_research_packet/pdf_pages/page-050.png,
results/20260730_care_failure_forensics_deep_research_packet/pdf_pages/page-051.png,
results/20260730_care_failure_forensics_deep_research_packet/pdf_pages/page-052.png,
results/20260730_care_failure_forensics_deep_research_packet/pdf_pages/page-053.png,
results/20260730_care_failure_forensics_deep_research_packet/pdf_pages/page-054.png,
results/20260730_care_failure_forensics_deep_research_packet/pdf_pages/page-055.png,
results/20260730_care_failure_forensics_deep_research_packet/pdf_pages/page-056.png,
results/20260730_care_failure_forensics_deep_research_packet/pdf_pages/page-057.png,
results/20260730_care_failure_forensics_deep_research_packet/pdf_pages/page-058.png,
results/20260730_care_failure_forensics_deep_research_packet/pdf_pages/page-059.png,
results/20260730_care_failure_forensics_deep_research_packet/pdf_pages/page-060.png,
results/20260730_care_failure_forensics_deep_research_packet/pdf_pages/page-061.png,
results/20260730_care_failure_forensics_deep_research_packet/pdf_pages/page-062.png,
results/20260730_care_failure_forensics_deep_research_packet/pdf_pages/page-063.png,
results/20260730_care_failure_forensics_deep_research_packet/pdf_pages/page-064.png,
results/20260730_care_failure_forensics_deep_research_packet/pdf_pages/page-065.png,
results/20260730_care_failure_forensics_deep_research_packet/pdf_pages/page-066.png,
results/20260730_care_failure_forensics_deep_research_packet/pdf_pages/page-067.png,
results/20260730_care_failure_forensics_deep_research_packet/pdf_pages/page-068.png,
results/20260730_care_failure_forensics_deep_research_packet/pdf_pages/page-069.png,
results/20260730_care_failure_forensics_deep_research_packet/pdf_pages/page-070.png,
results/20260730_care_failure_forensics_deep_research_packet/pdf_pages/page-071.png,
results/20260730_care_failure_forensics_deep_research_packet/pdf_pages/page-072.png,
results/20260730_care_failure_forensics_deep_research_packet/pdf_pages/page-073.png,
results/20260730_care_failure_forensics_deep_research_packet/pdf_pages/page-074.png,
results/20260730_care_failure_forensics_deep_research_packet/pdf_pages/page-075.png,
results/20260730_care_failure_forensics_deep_research_packet/pdf_pages/page-076.png,
results/20260730_care_failure_forensics_deep_research_packet/pdf_pages/page-077.png,
results/20260730_care_failure_forensics_deep_research_packet/pdf_pages/page-078.png,
results/20260730_care_failure_forensics_deep_research_packet/pdf_pages/page-079.png,
results/20260730_care_failure_forensics_deep_research_packet/pdf_pages/page-080.png,
results/20260730_care_failure_forensics_deep_research_packet/pdf_pages/page-081.png,
results/20260730_care_failure_forensics_deep_research_packet/pdf_pages/page-082.png,
results/20260730_care_failure_forensics_deep_research_packet/pdf_pages/page-083.png,
results/20260730_care_failure_forensics_deep_research_packet/pdf_pages/page-084.png,
results/20260730_care_failure_forensics_deep_research_packet/pdf_pages/page-085.png,
results/20260730_care_failure_forensics_deep_research_packet/pdf_pages/page-086.png,
results/20260730_care_failure_forensics_deep_research_packet/pdf_pages/page-087.png,
results/20260730_care_failure_forensics_deep_research_packet/pdf_pages/page-088.png,
results/20260730_care_failure_forensics_deep_research_packet/pdf_pages/page-089.png,
results/20260730_care_failure_forensics_deep_research_packet/pdf_pages/page-090.png,
results/20260730_care_failure_forensics_deep_research_packet/pdf_pages/page-091.png,
results/20260730_care_failure_forensics_deep_research_packet/pdf_pages/page-092.png,
results/20260730_care_failure_forensics_deep_research_packet/pdf_pages/page-093.png,
results/20260730_care_failure_forensics_deep_research_packet/pdf_pages/page-094.png,
results/20260730_care_failure_forensics_deep_research_packet/pdf_pages/page-095.png,
results/20260730_care_failure_forensics_deep_research_packet/pdf_pages/page-096.png,
results/20260730_care_failure_forensics_deep_research_packet/pdf_pages/page-097.png,
results/20260730_care_failure_forensics_deep_research_packet/pdf_pages/page-098.png,
results/20260730_care_failure_forensics_deep_research_packet/pdf_pages/page-099.png,
results/20260730_care_failure_forensics_deep_research_packet/pdf_pages/page-100.png,
results/20260730_care_failure_forensics_deep_research_packet/pdf_pages/page-101.png,
results/20260730_care_failure_forensics_deep_research_packet/pdf_render_manifest.csv,
results/20260730_care_failure_forensics_deep_research_packet/pdf_text_extract.txt,
results/20260730_care_failure_forensics_deep_research_packet/pdf_validation_report.json,
results/20260730_care_failure_forensics_deep_research_packet/pdffonts.txt,
results/20260730_care_failure_forensics_deep_research_packet/pdfinfo.txt,
results/20260730_care_failure_forensics_deep_research_packet/prediction_inventory.csv,
results/20260730_care_failure_forensics_deep_research_packet/prediction_manifest.csv,
results/20260730_care_failure_forensics_deep_research_packet/prism_anatomy_analysis.csv,
results/20260730_care_failure_forensics_deep_research_packet/prism_checkpoint_curve.csv,
results/20260730_care_failure_forensics_deep_research_packet/prism_checkpoint_replay_receipt.json,
results/20260730_care_failure_forensics_deep_research_packet/prism_component_on_off.csv,
results/20260730_care_failure_forensics_deep_research_packet/prism_component_survival_ledger.csv,
results/20260730_care_failure_forensics_deep_research_packet/prism_corrected_casewise_metrics.csv,
results/20260730_care_failure_forensics_deep_research_packet/prism_forensics_report.md,
results/20260730_care_failure_forensics_deep_research_packet/prism_lr_schedule_audit.csv,
results/20260730_care_failure_forensics_deep_research_packet/prism_proposal_refiner_metrics.csv,
results/20260730_care_failure_forensics_deep_research_packet/prism_raw_probability_manifest.csv,
results/20260730_care_failure_forensics_deep_research_packet/prism_router_analysis.csv,
results/20260730_care_failure_forensics_deep_research_packet/prism_training_stage_audit.csv,
results/20260730_care_failure_forensics_deep_research_packet/qpdf_check.txt,
results/20260730_care_failure_forensics_deep_research_packet/reference_metric_known_bad_report.json,
results/20260730_care_failure_forensics_deep_research_packet/report_source/CARE_failure_forensics_20260730.aux,
results/20260730_care_failure_forensics_deep_research_packet/report_source/CARE_failure_forensics_20260730.bib,
results/20260730_care_failure_forensics_deep_research_packet/report_source/CARE_failure_forensics_20260730.md,
results/20260730_care_failure_forensics_deep_research_packet/report_source/CARE_failure_forensics_20260730.pdf,
results/20260730_care_failure_forensics_deep_research_packet/report_source/CARE_failure_forensics_20260730.tex,
results/20260730_care_failure_forensics_deep_research_packet/report_source/CARE_failure_forensics_20260730.toc,
results/20260730_care_failure_forensics_deep_research_packet/report_source/CARE_failure_forensics_20260730_xelatex_final.md,
results/20260730_care_failure_forensics_deep_research_packet/report_source/build_commands.txt,
results/20260730_care_failure_forensics_deep_research_packet/report_source/generated_figures/center_case_counts.png,
results/20260730_care_failure_forensics_deep_research_packet/report_source/generated_figures/decision_state.png,
results/20260730_care_failure_forensics_deep_research_packet/report_source/generated_figures/evidence_grade_counts.png,
results/20260730_care_failure_forensics_deep_research_packet/report_source/generated_figures/pathology_volume_distribution.png,
results/20260730_care_failure_forensics_deep_research_packet/report_source/sections/appendices.tex,
results/20260730_care_failure_forensics_deep_research_packet/report_source/sections/section_01.tex,
results/20260730_care_failure_forensics_deep_research_packet/report_source/sections/section_02.tex,
results/20260730_care_failure_forensics_deep_research_packet/report_source/sections/section_03.tex,
results/20260730_care_failure_forensics_deep_research_packet/report_source/sections/section_04.tex,
results/20260730_care_failure_forensics_deep_research_packet/report_source/sections/section_05.tex,
results/20260730_care_failure_forensics_deep_research_packet/report_source/sections/section_06.tex,
results/20260730_care_failure_forensics_deep_research_packet/report_source/sections/section_07.tex,
results/20260730_care_failure_forensics_deep_research_packet/report_source/sections/section_08.tex,
results/20260730_care_failure_forensics_deep_research_packet/report_source/sections/section_09.tex,
results/20260730_care_failure_forensics_deep_research_packet/report_source/sections/section_10.tex,
results/20260730_care_failure_forensics_deep_research_packet/report_source/sections/section_11.tex,
results/20260730_care_failure_forensics_deep_research_packet/report_source/sections/section_12.tex,
results/20260730_care_failure_forensics_deep_research_packet/report_source/sections/section_13.tex,
results/20260730_care_failure_forensics_deep_research_packet/report_source/sections/section_14.tex,
results/20260730_care_failure_forensics_deep_research_packet/report_source/sections/section_15.tex,
results/20260730_care_failure_forensics_deep_research_packet/report_source/sections/section_16.tex,
results/20260730_care_failure_forensics_deep_research_packet/report_source/sections/section_17.tex,
results/20260730_care_failure_forensics_deep_research_packet/report_source/sections/section_18.tex,
results/20260730_care_failure_forensics_deep_research_packet/report_source/sections/section_19.tex,
results/20260730_care_failure_forensics_deep_research_packet/report_source/sections/section_20.tex,
results/20260730_care_failure_forensics_deep_research_packet/report_source/sections/section_21.tex,
results/20260730_care_failure_forensics_deep_research_packet/report_source/sections/section_22.tex,
results/20260730_care_failure_forensics_deep_research_packet/report_source/sections/section_23.tex,
results/20260730_care_failure_forensics_deep_research_packet/report_source/sections/section_24.tex,
results/20260730_care_failure_forensics_deep_research_packet/report_source/sections/section_25.tex,
results/20260730_care_failure_forensics_deep_research_packet/report_source/sections/section_26.tex,
results/20260730_care_failure_forensics_deep_research_packet/report_source/sections/section_27.tex,
results/20260730_care_failure_forensics_deep_research_packet/report_source/sections/section_28.tex,
results/20260730_care_failure_forensics_deep_research_packet/report_source/sections/section_29.tex,
results/20260730_care_failure_forensics_deep_research_packet/report_source/sections/section_30.tex,
results/20260730_care_failure_forensics_deep_research_packet/report_source_v2/CARE_failure_forensics_20260730_v2.md,
results/20260730_care_failure_forensics_deep_research_packet/report_source_v2/build_commands.txt,
results/20260730_care_failure_forensics_deep_research_packet/report_source_v3/CARE_failure_forensics_20260730_v3.md,
results/20260730_care_failure_forensics_deep_research_packet/report_source_v3/build_commands.txt,
results/20260730_care_failure_forensics_deep_research_packet/report_source_v4/CARE_failure_forensics_20260730_v4.md,
results/20260730_care_failure_forensics_deep_research_packet/report_source_v4/build_commands.txt,
results/20260730_care_failure_forensics_deep_research_packet/required_diagnostic_wave_status.csv,
results/20260730_care_failure_forensics_deep_research_packet/research_decision_tree.md,
results/20260730_care_failure_forensics_deep_research_packet/result_comparability_matrix.csv,
results/20260730_care_failure_forensics_deep_research_packet/root_cause_evidence_graph.json,
results/20260730_care_failure_forensics_deep_research_packet/root_cause_ranked_table.csv,
results/20260730_care_failure_forensics_deep_research_packet/selector_feature_manifest.csv,
results/20260730_care_failure_forensics_deep_research_packet/selector_nested_cv_results.csv,
results/20260730_care_failure_forensics_deep_research_packet/slice_correspondence_quality.csv,
results/20260730_care_failure_forensics_deep_research_packet/slurm_diagnostic_preflight_receipt.json,
results/20260730_care_failure_forensics_deep_research_packet/source_read_manifest.csv,
results/20260730_care_failure_forensics_deep_research_packet/spatial_geometry_audit.csv,
results/20260730_care_failure_forensics_deep_research_packet/split_integrity_report.json,
results/20260730_care_failure_forensics_deep_research_packet/stale_evidence_report.md,
results/20260730_care_failure_forensics_deep_research_packet/standardized_casewise_metrics.csv,
results/20260730_care_failure_forensics_deep_research_packet/standardized_help_harm.csv,
results/20260730_care_failure_forensics_deep_research_packet/standardized_model_summary.csv,
results/20260730_care_failure_forensics_deep_research_packet/strict_validator_report.json,
results/20260730_care_failure_forensics_deep_research_packet/subgroup_performance_matrix.csv,
results/20260730_care_failure_forensics_deep_research_packet/task_scope_receipt.json,
results/20260730_care_failure_forensics_deep_research_packet/train_deploy_parity_matrix.csv,
results/20260730_care_failure_forensics_deep_research_packet/v1_gap_audit.json,
results/20260730_care_failure_forensics_deep_research_packet/v1_gap_audit.md,
results/20260730_care_failure_forensics_deep_research_packet/v1_pdf_section_completeness.csv,
results/20260730_care_failure_forensics_deep_research_packet/v1_required_task_status.csv,
results/20260730_care_failure_forensics_deep_research_packet/v2_MANIFEST.md,
results/20260730_care_failure_forensics_deep_research_packet/v2_completion_check.md,
results/20260730_care_failure_forensics_deep_research_packet/v2_controller_report.md,
results/20260730_care_failure_forensics_deep_research_packet/v2_evidence_claim_ledger.csv,
results/20260730_care_failure_forensics_deep_research_packet/v2_gap_completion_manifest.json,
results/20260730_care_failure_forensics_deep_research_packet/v2_gpu_job_manifest.csv,
results/20260730_care_failure_forensics_deep_research_packet/v2_hash_manifest.csv,
results/20260730_care_failure_forensics_deep_research_packet/v2_known_bad_report.json,
results/20260730_care_failure_forensics_deep_research_packet/v2_pdf_text_extract.txt,
results/20260730_care_failure_forensics_deep_research_packet/v2_pdf_validation_report.json,
results/20260730_care_failure_forensics_deep_research_packet/v2_pdffonts.txt,
results/20260730_care_failure_forensics_deep_research_packet/v2_pdfinfo.txt,
results/20260730_care_failure_forensics_deep_research_packet/v2_source_manifest.csv,
results/20260730_care_failure_forensics_deep_research_packet/v2_source_manifest.json,
results/20260730_care_failure_forensics_deep_research_packet/v2_strict_validator_report.json,
results/20260730_care_failure_forensics_deep_research_packet/v2_task_status.csv,
results/20260730_care_failure_forensics_deep_research_packet/v3_alignment_casewise.csv,
results/20260730_care_failure_forensics_deep_research_packet/v3_alignment_failure_correlation.csv,
results/20260730_care_failure_forensics_deep_research_packet/v3_arc_component_effect.csv,
results/20260730_care_failure_forensics_deep_research_packet/v3_arc_design_code_runtime_matrix.csv,
results/20260730_care_failure_forensics_deep_research_packet/v3_arc_final_output_trace.csv,
results/20260730_care_failure_forensics_deep_research_packet/v3_arc_reusable_experience.md,
results/20260730_care_failure_forensics_deep_research_packet/v3_batch0_7_casewise_metrics.csv,
results/20260730_care_failure_forensics_deep_research_packet/v3_batch0_7_lineage.csv,
results/20260730_care_failure_forensics_deep_research_packet/v3_batch7_mechanism_evidence.csv,
results/20260730_care_failure_forensics_deep_research_packet/v3_batch7_reusable_experience.md,
results/20260730_care_failure_forensics_deep_research_packet/v3_canonical_modality_manifest.csv,
results/20260730_care_failure_forensics_deep_research_packet/v3_cascade_casewise_metrics.csv,
results/20260730_care_failure_forensics_deep_research_packet/v3_cascade_component_effect.csv,
results/20260730_care_failure_forensics_deep_research_packet/v3_cascade_correction_ceiling.csv,
results/20260730_care_failure_forensics_deep_research_packet/v3_cascade_input_equivalence_audit.json,
results/20260730_care_failure_forensics_deep_research_packet/v3_cascade_reusable_experience.md,
results/20260730_care_failure_forensics_deep_research_packet/v3_case_atlas_manifest.csv,
results/20260730_care_failure_forensics_deep_research_packet/v3_case_atlas_quality.csv,
results/20260730_care_failure_forensics_deep_research_packet/v3_cine_alignment_conclusion.md,
results/20260730_care_failure_forensics_deep_research_packet/v3_cine_ed_temporal_probe.csv,
results/20260730_care_failure_forensics_deep_research_packet/v3_cine_motion_quality.csv,
results/20260730_care_failure_forensics_deep_research_packet/v3_data_truth_blockers.json,
results/20260730_care_failure_forensics_deep_research_packet/v3_data_truth_contract.json,
results/20260730_care_failure_forensics_deep_research_packet/v3_feature_probe_casewise.csv,
results/20260730_care_failure_forensics_deep_research_packet/v3_feature_probe_controls.csv,
results/20260730_care_failure_forensics_deep_research_packet/v3_feature_probe_interpretation.md,
results/20260730_care_failure_forensics_deep_research_packet/v3_feature_probe_loadability.csv,
results/20260730_care_failure_forensics_deep_research_packet/v3_feature_probe_receipt.json,
results/20260730_care_failure_forensics_deep_research_packet/v3_feature_probe_summary.csv,
results/20260730_care_failure_forensics_deep_research_packet/v3_final_evidence_state.csv,
results/20260730_care_failure_forensics_deep_research_packet/v3_final_gpu_state.csv,
results/20260730_care_failure_forensics_deep_research_packet/v3_final_task_state.json,
results/20260730_care_failure_forensics_deep_research_packet/v3_initial_builder_receipt.json,
results/20260730_care_failure_forensics_deep_research_packet/v3_known_bad_report.json,
results/20260730_care_failure_forensics_deep_research_packet/v3_label_reliability_manifest.csv,
results/20260730_care_failure_forensics_deep_research_packet/v3_large_gain_error_budget.csv,
results/20260730_care_failure_forensics_deep_research_packet/v3_large_gain_feasibility.md,
results/20260730_care_failure_forensics_deep_research_packet/v3_large_gain_upper_bound.csv,
results/20260730_care_failure_forensics_deep_research_packet/v3_missing_scientific_evidence.csv,
results/20260730_care_failure_forensics_deep_research_packet/v3_mmrd_casewise_metrics.csv,
results/20260730_care_failure_forensics_deep_research_packet/v3_mmrd_component_effect.csv,
results/20260730_care_failure_forensics_deep_research_packet/v3_mmrd_decoder_inheritance_audit.json,
results/20260730_care_failure_forensics_deep_research_packet/v3_mmrd_direct_distillation_comparison.csv,
results/20260730_care_failure_forensics_deep_research_packet/v3_mmrd_reusable_experience.md,
results/20260730_care_failure_forensics_deep_research_packet/v3_mosaic_activation_casewise.csv,
results/20260730_care_failure_forensics_deep_research_packet/v3_mosaic_activation_loadability.csv,
results/20260730_care_failure_forensics_deep_research_packet/v3_mosaic_activation_probe_receipt.json,
results/20260730_care_failure_forensics_deep_research_packet/v3_mosaic_clean_full_hosted_gap.md,
results/20260730_care_failure_forensics_deep_research_packet/v3_mosaic_full_final_prediction_manifest.csv,
results/20260730_care_failure_forensics_deep_research_packet/v3_mosaic_full_final_prediction_receipt.json,
results/20260730_care_failure_forensics_deep_research_packet/v3_mosaic_gain_waterfall.csv,
results/20260730_care_failure_forensics_deep_research_packet/v3_mosaic_loadability_audit.csv,
results/20260730_care_failure_forensics_deep_research_packet/v3_mosaic_m0_m10_casewise.csv,
results/20260730_care_failure_forensics_deep_research_packet/v3_mosaic_m0_m10_summary.csv,
results/20260730_care_failure_forensics_deep_research_packet/v3_packet_consistency_report.json,
results/20260730_care_failure_forensics_deep_research_packet/v3_pdf_contact_sheet.png,
results/20260730_care_failure_forensics_deep_research_packet/v3_pdf_page_quality.csv,
results/20260730_care_failure_forensics_deep_research_packet/v3_pdf_pages/page-01.png,
results/20260730_care_failure_forensics_deep_research_packet/v3_pdf_pages/page-02.png,
results/20260730_care_failure_forensics_deep_research_packet/v3_pdf_pages/page-03.png,
results/20260730_care_failure_forensics_deep_research_packet/v3_pdf_pages/page-04.png,
results/20260730_care_failure_forensics_deep_research_packet/v3_pdf_pages/page-05.png,
results/20260730_care_failure_forensics_deep_research_packet/v3_pdf_pages/page-06.png,
results/20260730_care_failure_forensics_deep_research_packet/v3_pdf_pages/page-07.png,
results/20260730_care_failure_forensics_deep_research_packet/v3_pdf_pages/page-08.png,
results/20260730_care_failure_forensics_deep_research_packet/v3_pdf_pages/page-09.png,
results/20260730_care_failure_forensics_deep_research_packet/v3_pdf_pages/page-10.png,
results/20260730_care_failure_forensics_deep_research_packet/v3_pdf_pages/page-11.png,
results/20260730_care_failure_forensics_deep_research_packet/v3_pdf_pages/page-12.png,
results/20260730_care_failure_forensics_deep_research_packet/v3_pdf_pages/page-13.png,
results/20260730_care_failure_forensics_deep_research_packet/v3_pdf_pages/page-14.png,
results/20260730_care_failure_forensics_deep_research_packet/v3_pdf_pages/page-15.png,
results/20260730_care_failure_forensics_deep_research_packet/v3_pdf_pages/page-16.png,
results/20260730_care_failure_forensics_deep_research_packet/v3_pdf_pages/page-17.png,
results/20260730_care_failure_forensics_deep_research_packet/v3_pdf_pages/page-18.png,
results/20260730_care_failure_forensics_deep_research_packet/v3_pdf_pages/page-19.png,
results/20260730_care_failure_forensics_deep_research_packet/v3_pdf_pages/page-20.png,
results/20260730_care_failure_forensics_deep_research_packet/v3_pdf_pages/page-21.png,
results/20260730_care_failure_forensics_deep_research_packet/v3_pdf_pages/page-22.png,
results/20260730_care_failure_forensics_deep_research_packet/v3_pdf_pages/page-23.png,
results/20260730_care_failure_forensics_deep_research_packet/v3_pdf_pages/page-24.png,
results/20260730_care_failure_forensics_deep_research_packet/v3_pdf_pages/page-25.png,
results/20260730_care_failure_forensics_deep_research_packet/v3_pdf_pages/page-26.png,
results/20260730_care_failure_forensics_deep_research_packet/v3_pdf_pages/page-27.png,
results/20260730_care_failure_forensics_deep_research_packet/v3_pdf_pages/page-28.png,
results/20260730_care_failure_forensics_deep_research_packet/v3_pdf_pages/page-29.png,
results/20260730_care_failure_forensics_deep_research_packet/v3_pdf_pages/page-30.png,
results/20260730_care_failure_forensics_deep_research_packet/v3_pdf_pages/page-31.png,
results/20260730_care_failure_forensics_deep_research_packet/v3_pdf_pages/page-32.png,
results/20260730_care_failure_forensics_deep_research_packet/v3_pdf_pages/page-33.png,
results/20260730_care_failure_forensics_deep_research_packet/v3_pdf_pages/page-34.png,
results/20260730_care_failure_forensics_deep_research_packet/v3_pdf_pages/page-35.png,
results/20260730_care_failure_forensics_deep_research_packet/v3_pdf_pages/page-36.png,
results/20260730_care_failure_forensics_deep_research_packet/v3_pdf_pages/page-37.png,
results/20260730_care_failure_forensics_deep_research_packet/v3_pdf_pages/page-38.png,
results/20260730_care_failure_forensics_deep_research_packet/v3_pdf_pages/page-39.png,
results/20260730_care_failure_forensics_deep_research_packet/v3_pdf_pages/page-40.png,
results/20260730_care_failure_forensics_deep_research_packet/v3_pdf_pages/page-41.png,
results/20260730_care_failure_forensics_deep_research_packet/v3_pdf_pages/page-42.png,
results/20260730_care_failure_forensics_deep_research_packet/v3_pdf_pages/page-43.png,
results/20260730_care_failure_forensics_deep_research_packet/v3_pdf_pages/page-44.png,
results/20260730_care_failure_forensics_deep_research_packet/v3_pdf_pages/page-45.png,
results/20260730_care_failure_forensics_deep_research_packet/v3_pdf_pages/page-46.png,
results/20260730_care_failure_forensics_deep_research_packet/v3_pdf_pages/page-47.png,
results/20260730_care_failure_forensics_deep_research_packet/v3_pdf_pages/page-48.png,
results/20260730_care_failure_forensics_deep_research_packet/v3_pdf_pages/page-49.png,
results/20260730_care_failure_forensics_deep_research_packet/v3_pdf_pages/page-50.png,
results/20260730_care_failure_forensics_deep_research_packet/v3_pdf_pages/page-51.png,
results/20260730_care_failure_forensics_deep_research_packet/v3_pdf_pages/page-52.png,
results/20260730_care_failure_forensics_deep_research_packet/v3_pdf_pages/page-53.png,
results/20260730_care_failure_forensics_deep_research_packet/v3_pdf_pages/page-54.png,
results/20260730_care_failure_forensics_deep_research_packet/v3_pdf_pages/page-55.png,
results/20260730_care_failure_forensics_deep_research_packet/v3_pdf_pages/page-56.png,
results/20260730_care_failure_forensics_deep_research_packet/v3_pdf_pages/page-57.png,
results/20260730_care_failure_forensics_deep_research_packet/v3_pdf_pages/page-58.png,
results/20260730_care_failure_forensics_deep_research_packet/v3_pdf_pages/page-59.png,
results/20260730_care_failure_forensics_deep_research_packet/v3_pdf_pages/page-60.png,
results/20260730_care_failure_forensics_deep_research_packet/v3_pdf_pages/page-61.png,
results/20260730_care_failure_forensics_deep_research_packet/v3_pdf_pages/page-62.png,
results/20260730_care_failure_forensics_deep_research_packet/v3_pdf_pages/page-63.png,
results/20260730_care_failure_forensics_deep_research_packet/v3_pdf_pages/page-64.png,
results/20260730_care_failure_forensics_deep_research_packet/v3_pdf_pages/page-65.png,
results/20260730_care_failure_forensics_deep_research_packet/v3_pdf_pages/page-66.png,
results/20260730_care_failure_forensics_deep_research_packet/v3_pdf_pages/page-67.png,
results/20260730_care_failure_forensics_deep_research_packet/v3_pdf_pages/page-68.png,
results/20260730_care_failure_forensics_deep_research_packet/v3_pdf_pages/page-69.png,
results/20260730_care_failure_forensics_deep_research_packet/v3_pdf_pages/page-70.png,
results/20260730_care_failure_forensics_deep_research_packet/v3_pdf_pages/page-71.png,
results/20260730_care_failure_forensics_deep_research_packet/v3_pdf_pages/page-72.png,
results/20260730_care_failure_forensics_deep_research_packet/v3_pdf_pages/page-73.png,
results/20260730_care_failure_forensics_deep_research_packet/v3_pdf_pages/page-74.png,
results/20260730_care_failure_forensics_deep_research_packet/v3_pdf_pages/page-75.png,
results/20260730_care_failure_forensics_deep_research_packet/v3_pdf_pages/page-76.png,
results/20260730_care_failure_forensics_deep_research_packet/v3_pdf_pages/page-77.png,
results/20260730_care_failure_forensics_deep_research_packet/v3_pdf_pages/page-78.png,
results/20260730_care_failure_forensics_deep_research_packet/v3_pdf_pages/page-79.png,
results/20260730_care_failure_forensics_deep_research_packet/v3_pdf_pages/page-80.png,
results/20260730_care_failure_forensics_deep_research_packet/v3_pdf_pages/page-81.png,
results/20260730_care_failure_forensics_deep_research_packet/v3_pdf_pages/page-82.png,
results/20260730_care_failure_forensics_deep_research_packet/v3_pdf_pages/page-83.png,
results/20260730_care_failure_forensics_deep_research_packet/v3_pdf_pages/page-84.png,
results/20260730_care_failure_forensics_deep_research_packet/v3_pdf_pages/page-85.png,
results/20260730_care_failure_forensics_deep_research_packet/v3_pdf_pages/page-86.png,
results/20260730_care_failure_forensics_deep_research_packet/v3_pdf_pages/page-87.png,
results/20260730_care_failure_forensics_deep_research_packet/v3_pdf_pages/page-88.png,
results/20260730_care_failure_forensics_deep_research_packet/v3_pdf_text_extract.txt,
results/20260730_care_failure_forensics_deep_research_packet/v3_pdf_validation_report.json,
results/20260730_care_failure_forensics_deep_research_packet/v3_pdffonts.txt,
results/20260730_care_failure_forensics_deep_research_packet/v3_pdfinfo.txt,
results/20260730_care_failure_forensics_deep_research_packet/v3_pure_edema_evidence_brief.md,
results/20260730_care_failure_forensics_deep_research_packet/v3_scar_evidence_brief.md,
results/20260730_care_failure_forensics_deep_research_packet/v3_strict_validator_report.json,
results/20260730_care_failure_forensics_deep_research_packet/v3_superseded_statement_manifest.csv,
results/20260730_care_failure_forensics_deep_research_packet/v3_t2_availability_audit.json,
results/20260730_care_failure_forensics_deep_research_packet/v3_v2_contradiction_audit.csv,
results/20260730_care_failure_forensics_deep_research_packet/v3_v2_stale_statement_audit.csv,
results/20260730_care_failure_forensics_deep_research_packet/v4_alignment_casewise.csv,
results/20260730_care_failure_forensics_deep_research_packet/v4_alignment_conclusion.md,
results/20260730_care_failure_forensics_deep_research_packet/v4_alignment_failure_correlation.csv,
results/20260730_care_failure_forensics_deep_research_packet/v4_alignment_subgroup_results.csv,
results/20260730_care_failure_forensics_deep_research_packet/v4_arc_blueprint_code_runtime.csv,
results/20260730_care_failure_forensics_deep_research_packet/v4_arc_casewise_metrics.csv,
results/20260730_care_failure_forensics_deep_research_packet/v4_arc_component_effect.csv,
results/20260730_care_failure_forensics_deep_research_packet/v4_arc_final_logit_dependency.csv,
results/20260730_care_failure_forensics_deep_research_packet/v4_arc_help_harm.csv,
results/20260730_care_failure_forensics_deep_research_packet/v4_arc_loss_parameter_gradient.csv,
results/20260730_care_failure_forensics_deep_research_packet/v4_arc_reusable_experience.md,
results/20260730_care_failure_forensics_deep_research_packet/v4_atlas_contact_sheet.png,
results/20260730_care_failure_forensics_deep_research_packet/v4_atlas_manifest.csv,
results/20260730_care_failure_forensics_deep_research_packet/v4_atlas_pdf_bbox_validation.csv,
results/20260730_care_failure_forensics_deep_research_packet/v4_atlas_source_v3_clipping_audit.csv,
results/20260730_care_failure_forensics_deep_research_packet/v4_atlas_visual_review_notes.md,
results/20260730_care_failure_forensics_deep_research_packet/v4_batch0_7_casewise_metrics.csv,
results/20260730_care_failure_forensics_deep_research_packet/v4_batch7_architecture_trace.csv,
results/20260730_care_failure_forensics_deep_research_packet/v4_batch7_casewise_metrics.csv,
results/20260730_care_failure_forensics_deep_research_packet/v4_batch7_component_effect.csv,
results/20260730_care_failure_forensics_deep_research_packet/v4_batch7_help_harm.csv,
results/20260730_care_failure_forensics_deep_research_packet/v4_batch7_loss_gradient_trace.csv,
results/20260730_care_failure_forensics_deep_research_packet/v4_batch7_proposal_refiner_analysis.csv,
results/20260730_care_failure_forensics_deep_research_packet/v4_batch7_reusable_experience.md,
results/20260730_care_failure_forensics_deep_research_packet/v4_batch_history_recovery.csv,
results/20260730_care_failure_forensics_deep_research_packet/v4_brief_similarity_report.json,
results/20260730_care_failure_forensics_deep_research_packet/v4_cascade_casewise_metrics.csv,
results/20260730_care_failure_forensics_deep_research_packet/v4_cascade_ceiling_analysis.csv,
results/20260730_care_failure_forensics_deep_research_packet/v4_cascade_control_input_hashes.csv,
results/20260730_care_failure_forensics_deep_research_packet/v4_cascade_control_srr_tensor_delta.csv,
results/20260730_care_failure_forensics_deep_research_packet/v4_cascade_help_harm.csv,
results/20260730_care_failure_forensics_deep_research_packet/v4_cascade_prototype_isolation_audit.json,
results/20260730_care_failure_forensics_deep_research_packet/v4_cascade_reusable_experience.md,
results/20260730_care_failure_forensics_deep_research_packet/v4_claim_ledger_report.json,
results/20260730_care_failure_forensics_deep_research_packet/v4_component_survival_ledger.csv,
results/20260730_care_failure_forensics_deep_research_packet/v4_component_survival_report.md,
results/20260730_care_failure_forensics_deep_research_packet/v4_deep_research_readiness_checklist.csv,
results/20260730_care_failure_forensics_deep_research_packet/v4_feature_probe_controls.csv,
results/20260730_care_failure_forensics_deep_research_packet/v4_feature_probe_edema_summary.csv,
results/20260730_care_failure_forensics_deep_research_packet/v4_feature_probe_fold_results.csv,
results/20260730_care_failure_forensics_deep_research_packet/v4_feature_probe_interpretation.md,
results/20260730_care_failure_forensics_deep_research_packet/v4_feature_probe_leakage_audit.json,
results/20260730_care_failure_forensics_deep_research_packet/v4_feature_probe_receipt.json,
results/20260730_care_failure_forensics_deep_research_packet/v4_feature_probe_scar_summary.csv,
results/20260730_care_failure_forensics_deep_research_packet/v4_feature_probe_split_manifest.csv,
results/20260730_care_failure_forensics_deep_research_packet/v4_final_state.json,
results/20260730_care_failure_forensics_deep_research_packet/v4_gpu_job_manifest.csv,
results/20260730_care_failure_forensics_deep_research_packet/v4_known_bad_report.json,
results/20260730_care_failure_forensics_deep_research_packet/v4_large_gain_bounds.csv,
results/20260730_care_failure_forensics_deep_research_packet/v4_large_gain_conclusion.md,
results/20260730_care_failure_forensics_deep_research_packet/v4_large_gain_error_budget.csv,
results/20260730_care_failure_forensics_deep_research_packet/v4_mmrd_casewise_metrics.csv,
results/20260730_care_failure_forensics_deep_research_packet/v4_mmrd_checkpoint_load_report.json,
results/20260730_care_failure_forensics_deep_research_packet/v4_mmrd_component_effect.csv,
results/20260730_care_failure_forensics_deep_research_packet/v4_mmrd_decoder_inheritance.json,
results/20260730_care_failure_forensics_deep_research_packet/v4_mmrd_direct_distillation.csv,
results/20260730_care_failure_forensics_deep_research_packet/v4_mmrd_help_harm.csv,
results/20260730_care_failure_forensics_deep_research_packet/v4_mmrd_moddrop_distillation.csv,
results/20260730_care_failure_forensics_deep_research_packet/v4_mmrd_reusable_experience.md,
results/20260730_care_failure_forensics_deep_research_packet/v4_mosaic_m0_m10_casewise.csv,
results/20260730_care_failure_forensics_deep_research_packet/v4_mosaic_m0_m10_summary.csv,
results/20260730_care_failure_forensics_deep_research_packet/v4_mosaic_recipe_conclusion.md,
results/20260730_care_failure_forensics_deep_research_packet/v4_mosaic_recipe_population_audit.json,
results/20260730_care_failure_forensics_deep_research_packet/v4_mosaic_t2_present_case_manifest.csv,
results/20260730_care_failure_forensics_deep_research_packet/v4_mosaic_t2_present_cases.txt,
results/20260730_care_failure_forensics_deep_research_packet/v4_packet_consistency_report.json,
results/20260730_care_failure_forensics_deep_research_packet/v4_pdf_contact_sheet.png,
results/20260730_care_failure_forensics_deep_research_packet/v4_pdf_contact_sheet_large.png,
results/20260730_care_failure_forensics_deep_research_packet/v4_pdf_page_bbox_scan.csv,
results/20260730_care_failure_forensics_deep_research_packet/v4_pdf_page_quality.csv,
results/20260730_care_failure_forensics_deep_research_packet/v4_pdf_pages/page-01.png,
results/20260730_care_failure_forensics_deep_research_packet/v4_pdf_pages/page-02.png,
results/20260730_care_failure_forensics_deep_research_packet/v4_pdf_pages/page-03.png,
results/20260730_care_failure_forensics_deep_research_packet/v4_pdf_pages/page-04.png,
results/20260730_care_failure_forensics_deep_research_packet/v4_pdf_pages/page-05.png,
results/20260730_care_failure_forensics_deep_research_packet/v4_pdf_pages/page-06.png,
results/20260730_care_failure_forensics_deep_research_packet/v4_pdf_pages/page-07.png,
results/20260730_care_failure_forensics_deep_research_packet/v4_pdf_pages/page-08.png,
results/20260730_care_failure_forensics_deep_research_packet/v4_pdf_pages/page-09.png,
results/20260730_care_failure_forensics_deep_research_packet/v4_pdf_pages/page-10.png,
results/20260730_care_failure_forensics_deep_research_packet/v4_pdf_pages/page-11.png,
results/20260730_care_failure_forensics_deep_research_packet/v4_pdf_pages/page-12.png,
results/20260730_care_failure_forensics_deep_research_packet/v4_pdf_pages/page-13.png,
results/20260730_care_failure_forensics_deep_research_packet/v4_pdf_pages/page-14.png,
results/20260730_care_failure_forensics_deep_research_packet/v4_pdf_pages/page-15.png,
results/20260730_care_failure_forensics_deep_research_packet/v4_pdf_pages/page-16.png,
results/20260730_care_failure_forensics_deep_research_packet/v4_pdf_pages/page-17.png,
results/20260730_care_failure_forensics_deep_research_packet/v4_pdf_pages/page-18.png,
results/20260730_care_failure_forensics_deep_research_packet/v4_pdf_pages/page-19.png,
results/20260730_care_failure_forensics_deep_research_packet/v4_pdf_pages/page-20.png,
results/20260730_care_failure_forensics_deep_research_packet/v4_pdf_pages/page-21.png,
results/20260730_care_failure_forensics_deep_research_packet/v4_pdf_pages/page-22.png,
results/20260730_care_failure_forensics_deep_research_packet/v4_pdf_pages/page-23.png,
results/20260730_care_failure_forensics_deep_research_packet/v4_pdf_pages/page-24.png,
results/20260730_care_failure_forensics_deep_research_packet/v4_pdf_text_extract.txt,
results/20260730_care_failure_forensics_deep_research_packet/v4_pdf_validation_report.json,
results/20260730_care_failure_forensics_deep_research_packet/v4_pdffonts.txt,
results/20260730_care_failure_forensics_deep_research_packet/v4_pdfinfo.txt,
results/20260730_care_failure_forensics_deep_research_packet/v4_pure_edema_scientific_brief.md,
results/20260730_care_failure_forensics_deep_research_packet/v4_scar_scientific_brief.md,
results/20260730_care_failure_forensics_deep_research_packet/v4_slurm_state.json,
results/20260730_care_failure_forensics_deep_research_packet/v4_state_semantics_contract.json,
results/20260730_care_failure_forensics_deep_research_packet/v4_strict_validator_report.json,
results/20260730_care_failure_forensics_deep_research_packet/v4_submitted_gpu_jobs.csv,
results/20260730_care_failure_forensics_deep_research_packet/v4_superseded_statement_manifest.csv,
results/20260730_care_failure_forensics_deep_research_packet/v4_v3_empty_or_placeholder_tables.csv,
results/20260730_care_failure_forensics_deep_research_packet/v4_v3_scientific_gap_audit.csv,
results/20260730_care_failure_forensics_deep_research_packet/v4_v3_scientific_gap_audit.json,
results/20260730_care_failure_forensics_deep_research_packet/v4_v3_scientific_gap_audit.md,
results/20260730_care_failure_forensics_deep_research_packet/v4_v3_state_contradiction.csv,
results/20260730_care_failure_forensics_deep_research_packet/v4_v3_visual_clipping_audit.csv,
results/20260730_care_failure_forensics_deep_research_packet/voxel_error_overlap_matrix.csv,
results/20260730_care_failure_forensics_deep_research_packet/xelatex_final_preview/CARE_Failure_Forensics_Deep_Research_Evidence_Packet_20260730-01.png,
results/20260730_care_failure_forensics_deep_research_packet/xelatex_final_preview/CARE_Failure_Forensics_Deep_Research_Evidence_Packet_20260730_v2-01.png,
results/20260731_care_metric_truth_reconciliation/MANIFEST.md,
results/20260731_care_metric_truth_reconciliation/completion_check.md,
results/20260731_care_metric_truth_reconciliation/controller_report.md,
results/20260731_care_metric_truth_reconciliation/decoder_reset_score_lineage.csv,
results/20260731_care_metric_truth_reconciliation/decoder_reset_score_semantics.json,
results/20260731_care_metric_truth_reconciliation/deep_research_score_corrections.md,
results/20260731_care_metric_truth_reconciliation/metric_semantics_contract.json,
results/20260731_care_metric_truth_reconciliation/metric_truth_receipt.json,
results/20260731_care_metric_truth_reconciliation/metric_truth_table.csv,
results/20260731_care_metric_truth_reconciliation/result.md,
results/20260731_care_metric_truth_reconciliation/score_lineage_report.md,
results/20260731_care_metric_truth_reconciliation/score_occurrence_inventory.csv,
results/20260731_care_metric_truth_reconciliation/source_inventory.csv,
results/20260731_care_metric_truth_reconciliation/strict_validator_report.json,
results/20260731_care_myopath_a0_a3_full_volume_closure/MANIFEST.md,
results/20260731_care_myopath_a0_a3_full_volume_closure/casewise_metrics.csv,
results/20260731_care_myopath_a0_a3_full_volume_closure/checkpoint_manifest.csv,
results/20260731_care_myopath_a0_a3_full_volume_closure/completion_check.md,
results/20260731_care_myopath_a0_a3_full_volume_closure/controller_context.json,
results/20260731_care_myopath_a0_a3_full_volume_closure/controller_report.md,
results/20260731_care_myopath_a0_a3_full_volume_closure/evaluator_semantics_receipt.json,
results/20260731_care_myopath_a0_a3_full_volume_closure/frozen_input_manifest.json,
results/20260731_care_myopath_a0_a3_full_volume_closure/full_volume_case_atlas.pdf,
results/20260731_care_myopath_a0_a3_full_volume_closure/full_volume_case_contact_sheet.png,
results/20260731_care_myopath_a0_a3_full_volume_closure/help_harm.csv,
results/20260731_care_myopath_a0_a3_full_volume_closure/inference_accounting.csv,
results/20260731_care_myopath_a0_a3_full_volume_closure/intervention_casewise.csv,
results/20260731_care_myopath_a0_a3_full_volume_closure/intervention_summary.csv,
results/20260731_care_myopath_a0_a3_full_volume_closure/known_bad_report.json,
results/20260731_care_myopath_a0_a3_full_volume_closure/lesion_metrics.csv,
results/20260731_care_myopath_a0_a3_full_volume_closure/notification_brief.json,
results/20260731_care_myopath_a0_a3_full_volume_closure/remote_fp_metrics.csv,
results/20260731_care_myopath_a0_a3_full_volume_closure/run_accounting.json,
results/20260731_care_myopath_a0_a3_full_volume_closure/slurm_accounting.csv,
results/20260731_care_myopath_a0_a3_full_volume_closure/split_manifest.csv,
results/20260731_care_myopath_a0_a3_full_volume_closure/strict_validator_report.json,
results/20260731_care_myopath_a0_a3_full_volume_closure/subgroup_metrics.csv,
results/20260731_care_myopath_a0_a3_full_volume_closure/summary_metrics.csv,
results/20260731_care_myopath_a0_a3_full_volume_closure/visual_review_notes.md,
results/20260731_care_myopath_pr_a0_a3_feasibility/MANIFEST.md,
results/20260731_care_myopath_pr_a0_a3_feasibility/a0_identity_report.json,
results/20260731_care_myopath_pr_a0_a3_feasibility/a1_summary.json,
results/20260731_care_myopath_pr_a0_a3_feasibility/a2_summary.json,
results/20260731_care_myopath_pr_a0_a3_feasibility/a3_summary.json,
results/20260731_care_myopath_pr_a0_a3_feasibility/casewise_metrics.csv,
results/20260731_care_myopath_pr_a0_a3_feasibility/completion_check.md,
results/20260731_care_myopath_pr_a0_a3_feasibility/component_intervention.csv,
results/20260731_care_myopath_pr_a0_a3_feasibility/controller_context.json,
results/20260731_care_myopath_pr_a0_a3_feasibility/controller_ledger.csv,
results/20260731_care_myopath_pr_a0_a3_feasibility/controller_report.md,
results/20260731_care_myopath_pr_a0_a3_feasibility/finalizer_state.json,
results/20260731_care_myopath_pr_a0_a3_feasibility/help_harm.csv,
results/20260731_care_myopath_pr_a0_a3_feasibility/implementation_snapshot.md,
results/20260731_care_myopath_pr_a0_a3_feasibility/known_bad_report.json,
results/20260731_care_myopath_pr_a0_a3_feasibility/mapper_report_final.md,
results/20260731_care_myopath_pr_a0_a3_feasibility/notification_brief.json,
results/20260731_care_myopath_pr_a0_a3_feasibility/preflight_report.json,
results/20260731_care_myopath_pr_a0_a3_feasibility/proposal_metrics.csv,
results/20260731_care_myopath_pr_a0_a3_feasibility/slurm_accounting.csv,
results/20260731_care_myopath_pr_a0_a3_feasibility/strict_validator_report.json,
results/20260731_care_myowall_geometry_diagnostic_closure/MANIFEST.md,
results/20260731_care_myowall_geometry_diagnostic_closure/anatomy_casewise_metrics.csv,
results/20260731_care_myowall_geometry_diagnostic_closure/anatomy_subgroup_metrics.csv,
results/20260731_care_myowall_geometry_diagnostic_closure/case_attribution.csv,
results/20260731_care_myowall_geometry_diagnostic_closure/case_visual_findings.md,
results/20260731_care_myowall_geometry_diagnostic_closure/completion_check.md,
results/20260731_care_myowall_geometry_diagnostic_closure/controller_context.json,
results/20260731_care_myowall_geometry_diagnostic_closure/controller_report.md,
results/20260731_care_myowall_geometry_diagnostic_closure/diagnostic_decision.json,
results/20260731_care_myowall_geometry_diagnostic_closure/failed_reason_counts.csv,
results/20260731_care_myowall_geometry_diagnostic_closure/frozen_input_manifest.json,
results/20260731_care_myowall_geometry_diagnostic_closure/frozen_repair_contract.json,
results/20260731_care_myowall_geometry_diagnostic_closure/geometry_casewise_all_modes.csv,
results/20260731_care_myowall_geometry_diagnostic_closure/geometry_diagnostic_atlas.pdf,
results/20260731_care_myowall_geometry_diagnostic_closure/geometry_diagnostic_contact_sheet.png,
results/20260731_care_myowall_geometry_diagnostic_closure/geometry_summary_all_modes.csv,
results/20260731_care_myowall_geometry_diagnostic_closure/gt_geometry_safety_receipt.json,
results/20260731_care_myowall_geometry_diagnostic_closure/known_bad_report.json,
results/20260731_care_myowall_geometry_diagnostic_closure/mapper_report_final.md,
results/20260731_care_myowall_geometry_diagnostic_closure/notification_brief.json,
results/20260731_care_myowall_geometry_diagnostic_closure/pilot_train_threshold_search.csv,
results/20260731_care_myowall_geometry_diagnostic_closure/strict_validator_report.json,
results/20260731_care_myowall_if_mechanism_pilot/asset_freeze_receipt.json,
results/20260731_care_myowall_if_mechanism_pilot/commands_run.md,
results/20260731_care_myowall_if_mechanism_pilot/controller_terminal_packet.json,
results/20260731_care_myowall_if_mechanism_pilot/geometry_cache_manifest.csv,
results/20260731_care_myowall_if_mechanism_pilot/geometry_casewise_metrics.csv,
results/20260731_care_myowall_if_mechanism_pilot/geometry_gate_report.json,
results/20260731_care_myowall_if_mechanism_pilot/known_bad_report.json,
results/20260731_care_myowall_if_mechanism_pilot/metric_dependency_receipt.json,
results/20260731_care_myowall_if_mechanism_pilot/notification_brief.json,
results/20260731_care_myowall_if_mechanism_pilot/pilot_inner_cases.txt,
results/20260731_care_myowall_if_mechanism_pilot/pilot_split_receipt.json,
results/20260731_care_myowall_if_mechanism_pilot/pilot_subgroup_matrix.csv,
results/20260731_care_myowall_if_mechanism_pilot/pilot_train_cases.txt,
results/20260731_care_myowall_if_mechanism_pilot/pretraining_strict_validator_report.json,
results/20260731_care_myowall_if_mechanism_pilot/result.md,
results/20260731_care_myowall_if_mechanism_pilot/slurm_terminal_snapshot.json,
results/20260731_care_myowall_if_mechanism_pilot/stock_parity_report.json,
results/20260731_care_myowall_if_mechanism_pilot/strict_validator_report.json,
results/20260731_care_myowall_if_mechanism_pilot/zero_credit_smoke_report.json,
results/20260731_care_qif_v2_signal_audit/BC_DENSE_training_receipt.json,
results/20260731_care_qif_v2_signal_audit/BC_QUERY_PREFLIGHT_training_receipt.json,
results/20260731_care_qif_v2_signal_audit/BC_QUERY_training_receipt.json,
results/20260731_care_qif_v2_signal_audit/CB_DENSE_training_receipt.json,
results/20260731_care_qif_v2_signal_audit/CB_QUERY_training_receipt.json,
results/20260731_care_qif_v2_signal_audit/MANIFEST.md,
results/20260731_care_qif_v2_signal_audit/batch_descriptor_manifest_BC.jsonl,
results/20260731_care_qif_v2_signal_audit/batch_descriptor_manifest_CB.jsonl,
results/20260731_care_qif_v2_signal_audit/case_atlas.pdf,
results/20260731_care_qif_v2_signal_audit/case_atlas_contact_sheet.png,
results/20260731_care_qif_v2_signal_audit/checkpoint_selection.csv,
results/20260731_care_qif_v2_signal_audit/completion_check.md,
results/20260731_care_qif_v2_signal_audit/component_capacity_receipt.json,
results/20260731_care_qif_v2_signal_audit/component_query_receipt.json,
results/20260731_care_qif_v2_signal_audit/component_statistics.csv,
results/20260731_care_qif_v2_signal_audit/controller_context.json,
results/20260731_care_qif_v2_signal_audit/controller_ledger.csv,
results/20260731_care_qif_v2_signal_audit/controller_report.md,
results/20260731_care_qif_v2_signal_audit/feature_cache_manifest.csv,
results/20260731_care_qif_v2_signal_audit/feature_cache_receipt.json,
results/20260731_care_qif_v2_signal_audit/finalizer_state.json,
results/20260731_care_qif_v2_signal_audit/frozen_data_contract.json,
results/20260731_care_qif_v2_signal_audit/implementation_snapshot.md,
results/20260731_care_qif_v2_signal_audit/intensity_aggregation_receipt.json,
results/20260731_care_qif_v2_signal_audit/intensity_casewise_metrics.csv,
results/20260731_care_qif_v2_signal_audit/intensity_context_comparison.csv,
results/20260731_care_qif_v2_signal_audit/intensity_feature_manifest.csv,
results/20260731_care_qif_v2_signal_audit/intensity_feature_manifest.json,
results/20260731_care_qif_v2_signal_audit/intensity_probe_coefficients.csv,
results/20260731_care_qif_v2_signal_audit/intensity_signal_receipt.json,
results/20260731_care_qif_v2_signal_audit/intensity_transfer_summary.csv,
results/20260731_care_qif_v2_signal_audit/joint_decision_receipt.json,
results/20260731_care_qif_v2_signal_audit/known_bad_report.json,
results/20260731_care_qif_v2_signal_audit/mapper_report_final.md,
results/20260731_care_qif_v2_signal_audit/notification_brief.json,
results/20260731_care_qif_v2_signal_audit/one_batch_overfit_report.json,
results/20260731_care_qif_v2_signal_audit/oof_backbone_manifest.csv,
results/20260731_care_qif_v2_signal_audit/parameter_count_report.json,
results/20260731_care_qif_v2_signal_audit/preflight_intervention_report.json,
results/20260731_care_qif_v2_signal_audit/preflight_validator_report.json,
results/20260731_care_qif_v2_signal_audit/query_casewise_metrics.csv,
results/20260731_care_qif_v2_signal_audit/query_component_metrics.csv,
results/20260731_care_qif_v2_signal_audit/query_help_harm.csv,
results/20260731_care_qif_v2_signal_audit/query_intervention_metrics.csv,
results/20260731_care_qif_v2_signal_audit/query_transfer_summary.csv,
results/20260731_care_qif_v2_signal_audit/slurm_accounting.csv,
results/20260731_care_qif_v2_signal_audit/strict_validator_report.json,
results/20260731_care_qif_v2_signal_audit/training_accounting.csv,
results/20260731_care_qif_v2_signal_audit/visual_findings.md,
results/20260801_care_ase_final_model/checkpoint_freeze_receipt.json,
results/20260801_care_ase_final_model/component_final_logit_wiring_receipt.json,
results/20260801_care_ase_final_model/contract_coverage.json,
results/20260801_care_ase_final_model/controller_report.md,
results/20260801_care_ase_final_model/final_validator_receipt.json,
results/20260801_care_ase_final_model/full_reload_parity_receipt.json,
results/20260801_care_ase_final_model/hard_case_atlas.csv,
results/20260801_care_ase_final_model/hard_case_atlas.md,
results/20260801_care_ase_final_model/mapper_final_receipt.json,
results/20260801_care_ase_final_model/mapper_report_final.md,
results/20260801_care_ase_final_model/module_intervention_outer.csv,
results/20260801_care_ase_final_model/outer_access_audit_receipt.json,
results/20260801_care_ase_final_model/outer_eval/fold_2/casewise_metrics.csv,
results/20260801_care_ase_final_model/outer_eval/fold_2/evaluation_receipt.json,
results/20260801_care_ase_final_model/outer_eval/fold_2/pred_voxels.csv,
results/20260801_care_ase_final_model/outer_eval/fold_3/casewise_metrics.csv,
results/20260801_care_ase_final_model/outer_eval/fold_3/evaluation_receipt.json,
results/20260801_care_ase_final_model/outer_eval/fold_3/pred_voxels.csv,
results/20260801_care_ase_final_model/parameter_group_coverage_receipt.json,
results/20260801_care_ase_final_model/pooled_fold2_fold3_statistics.csv,
results/20260801_care_ase_final_model/runtime/fold_2/checkpoint_step01000_receipt.json,
results/20260801_care_ase_final_model/runtime/fold_2/checkpoint_step02000_receipt.json,
results/20260801_care_ase_final_model/runtime/fold_2/checkpoint_step03000_receipt.json,
results/20260801_care_ase_final_model/runtime/fold_2/checkpoint_step04000_receipt.json,
results/20260801_care_ase_final_model/runtime/fold_2/checkpoint_step05000_receipt.json,
results/20260801_care_ase_final_model/runtime/fold_2/checkpoint_step06000_receipt.json,
results/20260801_care_ase_final_model/runtime/fold_2/checkpoint_step07000_receipt.json,
results/20260801_care_ase_final_model/runtime/fold_2/checkpoint_step08000_receipt.json,
results/20260801_care_ase_final_model/runtime/fold_2/checkpoint_step09000_receipt.json,
results/20260801_care_ase_final_model/runtime/fold_2/checkpoint_step10000_receipt.json,
results/20260801_care_ase_final_model/runtime/fold_2/checkpoint_step11000_receipt.json,
results/20260801_care_ase_final_model/runtime/fold_2/checkpoint_step12000_receipt.json,
results/20260801_care_ase_final_model/runtime/fold_2/checkpoint_step13000_receipt.json,
results/20260801_care_ase_final_model/runtime/fold_2/checkpoint_step14000_receipt.json,
results/20260801_care_ase_final_model/runtime/fold_2/training_start_receipt.json,
results/20260801_care_ase_final_model/runtime/fold_2/training_terminal_receipt.json,
results/20260801_care_ase_final_model/runtime/fold_3/checkpoint_step01000_receipt.json,
results/20260801_care_ase_final_model/runtime/fold_3/checkpoint_step02000_receipt.json,
results/20260801_care_ase_final_model/runtime/fold_3/checkpoint_step03000_receipt.json,
results/20260801_care_ase_final_model/runtime/fold_3/checkpoint_step04000_receipt.json,
results/20260801_care_ase_final_model/runtime/fold_3/checkpoint_step05000_receipt.json,
results/20260801_care_ase_final_model/runtime/fold_3/checkpoint_step06000_receipt.json,
results/20260801_care_ase_final_model/runtime/fold_3/checkpoint_step07000_receipt.json,
results/20260801_care_ase_final_model/runtime/fold_3/checkpoint_step08000_receipt.json,
results/20260801_care_ase_final_model/runtime/fold_3/checkpoint_step09000_receipt.json,
results/20260801_care_ase_final_model/runtime/fold_3/checkpoint_step10000_receipt.json,
results/20260801_care_ase_final_model/runtime/fold_3/checkpoint_step11000_receipt.json,
results/20260801_care_ase_final_model/runtime/fold_3/checkpoint_step12000_receipt.json,
results/20260801_care_ase_final_model/runtime/fold_3/checkpoint_step13000_receipt.json,
results/20260801_care_ase_final_model/runtime/fold_3/checkpoint_step14000_receipt.json,
results/20260801_care_ase_final_model/runtime/fold_3/training_start_receipt.json,
results/20260801_care_ase_final_model/runtime/fold_3/training_terminal_receipt.json,
results/20260801_care_ase_final_model/runtime_helper_contract_receipt.json,
results/20260801_care_ase_final_model/split_authority_fold2.csv,
results/20260801_care_ase_final_model/split_authority_fold3.csv,
results/20260801_care_ase_final_model/split_authority_receipt.json,
results/20260801_care_ase_final_model/stock_clone_and_parity_receipt.json,
results/20260801_care_ase_final_model/w2_preflight_casewise.csv,
results/20260801_care_ase_final_model/w2_preflight_receipt.json,
results/20260801_care_ase_final_model/w5_aggregation_receipt.json,
results/20260801_care_four_lane_evidence_reconciliation/MANIFEST.md,
results/20260801_care_four_lane_evidence_reconciliation/all_outer_casewise.csv,
results/20260801_care_four_lane_evidence_reconciliation/all_outer_summary.csv,
results/20260801_care_four_lane_evidence_reconciliation/completion_check.md,
results/20260801_care_four_lane_evidence_reconciliation/controller_context.json,
results/20260801_care_four_lane_evidence_reconciliation/controller_ledger.csv,
results/20260801_care_four_lane_evidence_reconciliation/controller_report.md,
results/20260801_care_four_lane_evidence_reconciliation/evaluation_receipt.json,
results/20260801_care_four_lane_evidence_reconciliation/finalizer_state.json,
results/20260801_care_four_lane_evidence_reconciliation/four_lane_scientific_interpretation.md,
results/20260801_care_four_lane_evidence_reconciliation/frozen_asset_manifest.json,
results/20260801_care_four_lane_evidence_reconciliation/inference_accounting.csv,
results/20260801_care_four_lane_evidence_reconciliation/inner_stock_privilege_audit.csv,
results/20260801_care_four_lane_evidence_reconciliation/known_bad_report.json,
results/20260801_care_four_lane_evidence_reconciliation/m0r_vs_stock_outer_casewise.csv,
results/20260801_care_four_lane_evidence_reconciliation/m0r_vs_stock_outer_summary.csv,
results/20260801_care_four_lane_evidence_reconciliation/m1_fidelity_audit.json,
results/20260801_care_four_lane_evidence_reconciliation/m2_outer_casewise.csv,
results/20260801_care_four_lane_evidence_reconciliation/m2_vs_stock_outer_summary.csv,
results/20260801_care_four_lane_evidence_reconciliation/m3_fidelity_audit.json,
results/20260801_care_four_lane_evidence_reconciliation/metric_contract.json,
results/20260801_care_four_lane_evidence_reconciliation/notification_brief.json,
results/20260801_care_four_lane_evidence_reconciliation/result.md,
results/20260801_care_four_lane_evidence_reconciliation/scientific_decision.json,
results/20260801_care_four_lane_evidence_reconciliation/sentinel_case_comparison.csv,
results/20260801_care_four_lane_evidence_reconciliation/strict_validator_report.json,
results/20260801_care_nnunet_mosaic_complementarity_closure/MANIFEST.md,
results/20260801_care_nnunet_mosaic_complementarity_closure/architecture_delta_draft.md,
results/20260801_care_nnunet_mosaic_complementarity_closure/architecture_delta_final.md,
results/20260801_care_nnunet_mosaic_complementarity_closure/complementarity_interpretation.md,
results/20260801_care_nnunet_mosaic_complementarity_closure/completion_check.md,
results/20260801_care_nnunet_mosaic_complementarity_closure/controller_bootstrap_snapshot.md,
results/20260801_care_nnunet_mosaic_complementarity_closure/controller_context.json,
results/20260801_care_nnunet_mosaic_complementarity_closure/controller_ledger.csv,
results/20260801_care_nnunet_mosaic_complementarity_closure/controller_report.md,
results/20260801_care_nnunet_mosaic_complementarity_closure/finalizer_state.json,
results/20260801_care_nnunet_mosaic_complementarity_closure/hard_case_atlas.md,
results/20260801_care_nnunet_mosaic_complementarity_closure/hard_case_bucket_index.csv,
results/20260801_care_nnunet_mosaic_complementarity_closure/hard_case_visual_receipt.json,
results/20260801_care_nnunet_mosaic_complementarity_closure/implementation_snapshot.md,
results/20260801_care_nnunet_mosaic_complementarity_closure/known_bad_report.json,
results/20260801_care_nnunet_mosaic_complementarity_closure/m0_to_m10_recipe_transition.csv,
results/20260801_care_nnunet_mosaic_complementarity_closure/m10_diagnostic_bucket_summary.csv,
results/20260801_care_nnunet_mosaic_complementarity_closure/m10_diagnostic_casewise.csv,
results/20260801_care_nnunet_mosaic_complementarity_closure/mapper_report_draft.md,
results/20260801_care_nnunet_mosaic_complementarity_closure/mapper_report_final.md,
results/20260801_care_nnunet_mosaic_complementarity_closure/notification_brief.json,
results/20260801_care_nnunet_mosaic_complementarity_closure/oof_case_oracle_bounds.csv,
results/20260801_care_nnunet_mosaic_complementarity_closure/oof_center_subgroup_summary.csv,
results/20260801_care_nnunet_mosaic_complementarity_closure/oof_complementarity_bucket_summary.csv,
results/20260801_care_nnunet_mosaic_complementarity_closure/oof_complementarity_casewise.csv,
results/20260801_care_nnunet_mosaic_complementarity_closure/oof_modality_subgroup_summary.csv,
results/20260801_care_nnunet_mosaic_complementarity_closure/result.json,
results/20260801_care_nnunet_mosaic_complementarity_closure/result.md,
results/20260801_care_nnunet_mosaic_complementarity_closure/strict_validator_report.json,
results/20260801_care_nnunet_mosaic_complementarity_closure/validation_disagreement_casewise.csv,
results/20260801_care_nnunet_mosaic_complementarity_closure/validation_disagreement_summary.json,
results/20260801_care_nnunet_mosaic_complementarity_closure/validation_frozen_inference_receipt.json,
results/20260801_care_target_domain_pathology_specialist_race/MANIFEST.md,
results/20260801_care_target_domain_pathology_specialist_race/completion_check.md,
results/20260801_care_target_domain_pathology_specialist_race/controller_context.json,
results/20260801_care_target_domain_pathology_specialist_race/controller_ledger.csv,
results/20260801_care_target_domain_pathology_specialist_race/controller_report.md,
results/20260801_care_target_domain_pathology_specialist_race/existing_allocation_receipt.json,
results/20260801_care_target_domain_pathology_specialist_race/finalizer_state.json,
results/20260801_care_target_domain_pathology_specialist_race/fold2_case_manifest.csv,
results/20260801_care_target_domain_pathology_specialist_race/fold2_fold3_case_manifest.csv,
results/20260801_care_target_domain_pathology_specialist_race/fold3_case_manifest.csv,
results/20260801_care_target_domain_pathology_specialist_race/frozen_data_contract.json,
results/20260801_care_target_domain_pathology_specialist_race/known_bad_report.json,
results/20260801_care_target_domain_pathology_specialist_race/lane_worker_jobs.csv,
results/20260801_care_target_domain_pathology_specialist_race/m0_td_nnunet/fold2_outer_eval_checkpoint_best/dice_per_class.json,
results/20260801_care_target_domain_pathology_specialist_race/m0_td_nnunet/fold2_outer_eval_checkpoint_best/evaluation_summary.json,
results/20260801_care_target_domain_pathology_specialist_race/m0_td_nnunet/fold2_outer_eval_checkpoint_best/foreground_mean.json,
results/20260801_care_target_domain_pathology_specialist_race/m0_td_nnunet/fold2_outer_eval_checkpoint_best/hd95_per_class.json,
results/20260801_care_target_domain_pathology_specialist_race/m0_td_nnunet/fold2_outer_prediction_manifest.json,
results/20260801_care_target_domain_pathology_specialist_race/m0_td_nnunet/fold2_stock_outer_eval/dice_per_class.json,
results/20260801_care_target_domain_pathology_specialist_race/m0_td_nnunet/fold2_stock_outer_eval/evaluation_summary.json,
results/20260801_care_target_domain_pathology_specialist_race/m0_td_nnunet/fold2_stock_outer_eval/foreground_mean.json,
results/20260801_care_target_domain_pathology_specialist_race/m0_td_nnunet/fold2_stock_outer_eval/hd95_per_class.json,
results/20260801_care_target_domain_pathology_specialist_race/m0_td_nnunet/fold2_training_receipt.json,
results/20260801_care_target_domain_pathology_specialist_race/m0_td_nnunet/fold3_outer_eval_checkpoint_best/dice_per_class.json,
results/20260801_care_target_domain_pathology_specialist_race/m0_td_nnunet/fold3_outer_eval_checkpoint_best/evaluation_summary.json,
results/20260801_care_target_domain_pathology_specialist_race/m0_td_nnunet/fold3_outer_eval_checkpoint_best/foreground_mean.json,
results/20260801_care_target_domain_pathology_specialist_race/m0_td_nnunet/fold3_outer_eval_checkpoint_best/hd95_per_class.json,
results/20260801_care_target_domain_pathology_specialist_race/m0_td_nnunet/fold3_outer_prediction_manifest.json,
results/20260801_care_target_domain_pathology_specialist_race/m0_td_nnunet/fold3_stock_outer_eval/dice_per_class.json,
results/20260801_care_target_domain_pathology_specialist_race/m0_td_nnunet/fold3_stock_outer_eval/evaluation_summary.json,
results/20260801_care_target_domain_pathology_specialist_race/m0_td_nnunet/fold3_stock_outer_eval/foreground_mean.json,
results/20260801_care_target_domain_pathology_specialist_race/m0_td_nnunet/fold3_stock_outer_eval/hd95_per_class.json,
results/20260801_care_target_domain_pathology_specialist_race/m0_td_nnunet/fold3_training_receipt.json,
results/20260801_care_target_domain_pathology_specialist_race/m0_td_nnunet/lane_controller_packet.json,
results/20260801_care_target_domain_pathology_specialist_race/m0_td_nnunet/m0_vs_stock_outer_summary.csv,
results/20260801_care_target_domain_pathology_specialist_race/m0_td_nnunet/m0_vs_stock_outer_summary.json,
results/20260801_care_target_domain_pathology_specialist_race/m0_td_nnunet/outer_eval_summary_checkpoint_best.json,
results/20260801_care_target_domain_pathology_specialist_race/m0_td_nnunet/preflight_report.json,
results/20260801_care_target_domain_pathology_specialist_race/m0_td_nnunet/training_accounting.csv,
results/20260801_care_target_domain_pathology_specialist_race/m1_myopsnet_l_care/lane_controller_packet.json,
results/20260801_care_target_domain_pathology_specialist_race/m1_myopsnet_l_care/preflight_report.json,
results/20260801_care_target_domain_pathology_specialist_race/m2_i_mmseg_care/lane_controller_packet.json,
results/20260801_care_target_domain_pathology_specialist_race/m2_i_mmseg_care/preflight_report.json,
results/20260801_care_target_domain_pathology_specialist_race/m3_care_tds/lane_controller_packet.json,
results/20260801_care_target_domain_pathology_specialist_race/m3_care_tds/preflight_report.json,
results/20260801_care_target_domain_pathology_specialist_race/notification_brief.json,
results/20260801_care_target_domain_pathology_specialist_race/planner_followup_gap_resolution.json,
results/20260801_care_target_domain_pathology_specialist_race/planner_followup_gap_resolution.md,
results/20260801_care_target_domain_pathology_specialist_race/queue_htzhulab.txt,
results/20260801_care_target_domain_pathology_specialist_race/queue_school_gpu.txt,
results/20260801_care_target_domain_pathology_specialist_race/resource_override_receipt.json,
results/20260801_care_target_domain_pathology_specialist_race/scientific_decision.json,
results/20260801_care_target_domain_pathology_specialist_race/sinfo_gpu_partitions.txt,
results/20260801_care_target_domain_pathology_specialist_race/slurm_accounting.csv,
results/20260801_care_target_domain_pathology_specialist_race/split_receipt.json,
results/20260801_care_target_domain_pathology_specialist_race/strict_validator_report.json,
results/20260801_care_target_domain_race_gap_closure/MANIFEST.md,
results/20260801_care_target_domain_race_gap_closure/architecture_delta_final.md,
results/20260801_care_target_domain_race_gap_closure/batch_manifest_fold2.jsonl,
results/20260801_care_target_domain_race_gap_closure/batch_manifest_fold3.jsonl,
results/20260801_care_target_domain_race_gap_closure/batch_manifest_receipt.json,
results/20260801_care_target_domain_race_gap_closure/blocker_superseded_by_user_override.md,
results/20260801_care_target_domain_race_gap_closure/checkpoint_reload_audit.json,
results/20260801_care_target_domain_race_gap_closure/completion_check.md,
results/20260801_care_target_domain_race_gap_closure/controller_context.json,
results/20260801_care_target_domain_race_gap_closure/controller_report.md,
results/20260801_care_target_domain_race_gap_closure/existing_interactive_receipt.json,
results/20260801_care_target_domain_race_gap_closure/external_assets_plan.md,
results/20260801_care_target_domain_race_gap_closure/finalizer_state.json,
results/20260801_care_target_domain_race_gap_closure/fold2_case_manifest.csv,
results/20260801_care_target_domain_race_gap_closure/fold2_fold3_case_manifest.csv,
results/20260801_care_target_domain_race_gap_closure/fold3_case_manifest.csv,
results/20260801_care_target_domain_race_gap_closure/frozen_data_contract.json,
results/20260801_care_target_domain_race_gap_closure/inner_evaluation/all_lane_global_summary_metrics.csv,
results/20260801_care_target_domain_race_gap_closure/inner_evaluation/casewise_metrics.csv,
results/20260801_care_target_domain_race_gap_closure/inner_evaluation/evaluation_receipt.json,
results/20260801_care_target_domain_race_gap_closure/inner_evaluation/global_source_selection.csv,
results/20260801_care_target_domain_race_gap_closure/inner_evaluation/global_source_selection.json,
results/20260801_care_target_domain_race_gap_closure/inner_evaluation/global_summary_metrics.csv,
results/20260801_care_target_domain_race_gap_closure/inner_evaluation/inference_accounting.csv,
results/20260801_care_target_domain_race_gap_closure/inner_evaluation/m0r_faithful_control/casewise_metrics.csv,
results/20260801_care_target_domain_race_gap_closure/inner_evaluation/m0r_faithful_control/evaluation_receipt.json,
results/20260801_care_target_domain_race_gap_closure/inner_evaluation/m0r_faithful_control/global_summary_metrics.csv,
results/20260801_care_target_domain_race_gap_closure/inner_evaluation/m0r_faithful_control/inference_accounting.csv,
results/20260801_care_target_domain_race_gap_closure/inner_evaluation/m0r_faithful_control/selection_candidates.csv,
results/20260801_care_target_domain_race_gap_closure/inner_evaluation/m0r_faithful_control/summary_metrics.csv,
results/20260801_care_target_domain_race_gap_closure/inner_evaluation/m1_myopsnet_l_care/casewise_metrics.csv,
results/20260801_care_target_domain_race_gap_closure/inner_evaluation/m1_myopsnet_l_care/evaluation_receipt.json,
results/20260801_care_target_domain_race_gap_closure/inner_evaluation/m1_myopsnet_l_care/global_summary_metrics.csv,
results/20260801_care_target_domain_race_gap_closure/inner_evaluation/m1_myopsnet_l_care/inference_accounting.csv,
results/20260801_care_target_domain_race_gap_closure/inner_evaluation/m1_myopsnet_l_care/selection_candidates.csv,
results/20260801_care_target_domain_race_gap_closure/inner_evaluation/m1_myopsnet_l_care/summary_metrics.csv,
results/20260801_care_target_domain_race_gap_closure/inner_evaluation/m3_care_tds/casewise_metrics.csv,
results/20260801_care_target_domain_race_gap_closure/inner_evaluation/m3_care_tds/evaluation_receipt.json,
results/20260801_care_target_domain_race_gap_closure/inner_evaluation/m3_care_tds/global_summary_metrics.csv,
results/20260801_care_target_domain_race_gap_closure/inner_evaluation/m3_care_tds/inference_accounting.csv,
results/20260801_care_target_domain_race_gap_closure/inner_evaluation/m3_care_tds/selection_candidates.csv,
results/20260801_care_target_domain_race_gap_closure/inner_evaluation/m3_care_tds/summary_metrics.csv,
results/20260801_care_target_domain_race_gap_closure/inner_evaluation/selection_candidates.csv,
results/20260801_care_target_domain_race_gap_closure/inner_evaluation/summary_metrics.csv,
results/20260801_care_target_domain_race_gap_closure/interactive_takeover_monitor_state.json,
results/20260801_care_target_domain_race_gap_closure/known_bad_report.json,
results/20260801_care_target_domain_race_gap_closure/lane_preflight_summary.json,
results/20260801_care_target_domain_race_gap_closure/m0_protocol_fidelity_audit.json,
results/20260801_care_target_domain_race_gap_closure/m0r_faithful_control/fold2_training_receipt.json,
results/20260801_care_target_domain_race_gap_closure/m0r_faithful_control/fold3_training_receipt.json,
results/20260801_care_target_domain_race_gap_closure/m0r_faithful_control/lane_controller_packet.json,
results/20260801_care_target_domain_race_gap_closure/m0r_faithful_control/preflight_report.json,
results/20260801_care_target_domain_race_gap_closure/m0r_faithful_control/training_accounting.csv,
results/20260801_care_target_domain_race_gap_closure/m1_myopsnet_l_care/fold2_training_receipt.json,
results/20260801_care_target_domain_race_gap_closure/m1_myopsnet_l_care/lane_controller_packet.json,
results/20260801_care_target_domain_race_gap_closure/m1_myopsnet_l_care/preflight_report.json,
results/20260801_care_target_domain_race_gap_closure/m1_myopsnet_l_care/training_accounting.csv,
results/20260801_care_target_domain_race_gap_closure/m2_i_mmseg_care/adapter_preflight_report.json,
results/20260801_care_target_domain_race_gap_closure/m2_i_mmseg_care/asset_download_receipt.json,
results/20260801_care_target_domain_race_gap_closure/m2_i_mmseg_care/fold2_training_receipt.json,
results/20260801_care_target_domain_race_gap_closure/m2_i_mmseg_care/fold3_training_receipt.json,
results/20260801_care_target_domain_race_gap_closure/m2_i_mmseg_care/lane_controller_packet.json,
results/20260801_care_target_domain_race_gap_closure/m2_i_mmseg_care/preflight_report.json,
results/20260801_care_target_domain_race_gap_closure/m2_i_mmseg_care/released_checkpoint_smoke_receipt.json,
results/20260801_care_target_domain_race_gap_closure/m2_i_mmseg_care/training_accounting.csv,
results/20260801_care_target_domain_race_gap_closure/m3_care_tds/fold2_training_receipt.json,
results/20260801_care_target_domain_race_gap_closure/m3_care_tds/fold3_training_receipt.json,
results/20260801_care_target_domain_race_gap_closure/m3_care_tds/lane_controller_packet.json,
results/20260801_care_target_domain_race_gap_closure/m3_care_tds/preflight_report.json,
results/20260801_care_target_domain_race_gap_closure/m3_care_tds/training_accounting.csv,
results/20260801_care_target_domain_race_gap_closure/mapper_report_final.md,
results/20260801_care_target_domain_race_gap_closure/notification_brief.json,
results/20260801_care_target_domain_race_gap_closure/outer_replay/casewise_metrics.csv,
results/20260801_care_target_domain_race_gap_closure/outer_replay/inference_accounting.csv,
results/20260801_care_target_domain_race_gap_closure/outer_replay/outer_replay_receipt.json,
results/20260801_care_target_domain_race_gap_closure/outer_replay/sentinel_case_atlas.md,
results/20260801_care_target_domain_race_gap_closure/outer_replay/summary_metrics.csv,
results/20260801_care_target_domain_race_gap_closure/planner_gap_resolution_handoff.md,
results/20260801_care_target_domain_race_gap_closure/scheduler_receipt.json,
results/20260801_care_target_domain_race_gap_closure/scientific_decision.json,
results/20260801_care_target_domain_race_gap_closure/slurm_and_interactive_accounting.csv,
results/20260801_care_target_domain_race_gap_closure/split_receipt_copy.json,
results/20260801_care_target_domain_race_gap_closure/strict_validator_report.json,
results/20260801_care_test_docker_final_model_freeze_and_bundle/MANIFEST.md,
results/20260801_care_test_docker_final_model_freeze_and_bundle/completion_check.md,
results/20260801_care_test_docker_final_model_freeze_and_bundle/controller_context.json,
results/20260801_care_test_docker_final_model_freeze_and_bundle/controller_ledger.csv,
results/20260801_care_test_docker_final_model_freeze_and_bundle/controller_report.md,
results/20260801_care_test_docker_final_model_freeze_and_bundle/final_submission_model_contract.json,
results/20260801_care_test_docker_final_model_freeze_and_bundle/final_submission_model_ledger.md,
results/20260801_care_test_docker_final_model_freeze_and_bundle/finalizer_state.json,
results/20260801_care_test_docker_final_model_freeze_and_bundle/fresh_mosaic_cine_15case_manifest.json,
results/20260801_care_test_docker_final_model_freeze_and_bundle/host_sentinel_manifest.json,
results/20260801_care_test_docker_final_model_freeze_and_bundle/mapper_report_final.md,
results/20260801_care_test_docker_final_model_freeze_and_bundle/notification_brief.json,
results/20260801_care_test_docker_final_model_freeze_and_bundle/production_asset_manifest.json,
results/20260801_care_test_docker_final_model_freeze_and_bundle/source_intervention_receipt.json,
results/20260801_care_test_docker_final_model_freeze_and_bundle/strict_validator_report.json,
results/20260801_care_test_docker_final_model_freeze_and_bundle/transfer_bundle_receipt.json,
results/20260801_care_test_docker_packaging/MANIFEST.md,
results/20260801_care_test_docker_packaging/architecture_delta_draft.md,
results/20260801_care_test_docker_packaging/architecture_delta_final.md,
results/20260801_care_test_docker_packaging/completion_check.md,
results/20260801_care_test_docker_packaging/controller_bootstrap_snapshot.md,
results/20260801_care_test_docker_packaging/controller_context.json,
results/20260801_care_test_docker_packaging/controller_ledger.csv,
results/20260801_care_test_docker_packaging/controller_report.md,
results/20260801_care_test_docker_packaging/docker_build_receipt.json,
results/20260801_care_test_docker_packaging/docker_export_manifest.json,
results/20260801_care_test_docker_packaging/docker_output_geometry_audit.csv,
results/20260801_care_test_docker_packaging/docker_prediction_equivalence.csv,
results/20260801_care_test_docker_packaging/docker_runtime_benchmark.csv,
results/20260801_care_test_docker_packaging/finalizer_state.json,
results/20260801_care_test_docker_packaging/implementation_snapshot.md,
results/20260801_care_test_docker_packaging/known_bad_report.json,
results/20260801_care_test_docker_packaging/leaderboard_lineage_timeline.md,
results/20260801_care_test_docker_packaging/mapper_report_draft.md,
results/20260801_care_test_docker_packaging/mapper_report_final.md,
results/20260801_care_test_docker_packaging/myops_source_intervention.csv,
results/20260801_care_test_docker_packaging/nnunet_edema_hosted_truth_audit.json,
results/20260801_care_test_docker_packaging/notification_brief.json,
results/20260801_care_test_docker_packaging/official_instruction_snapshot.md,
results/20260801_care_test_docker_packaging/production_asset_manifest.json,
results/20260801_care_test_docker_packaging/production_call_graph.md,
results/20260801_care_test_docker_packaging/result.md,
results/20260801_care_test_docker_packaging/strict_validator_report.json,
results/20260801_care_test_docker_packaging/validation_package_voxel_equivalence.csv,
results/20260801_care_test_docker_provenance_reconcile_and_bundle/MANIFEST.md,
results/20260801_care_test_docker_provenance_reconcile_and_bundle/completion_check.md,
results/20260801_care_test_docker_provenance_reconcile_and_bundle/controller_context.json,
results/20260801_care_test_docker_provenance_reconcile_and_bundle/controller_ledger.csv,
results/20260801_care_test_docker_provenance_reconcile_and_bundle/controller_report.md,
results/20260801_care_test_docker_provenance_reconcile_and_bundle/finalizer_state.json,
results/20260801_care_test_docker_provenance_reconcile_and_bundle/fresh_mosaic_cine_15case_manifest.json,
results/20260801_care_test_docker_provenance_reconcile_and_bundle/fresh_mosaic_cine_15case_receipt.json,
results/20260801_care_test_docker_provenance_reconcile_and_bundle/historical_asset_candidate_manifest.json,
results/20260801_care_test_docker_provenance_reconcile_and_bundle/historical_environment_fingerprint.json,
results/20260801_care_test_docker_provenance_reconcile_and_bundle/historical_package_generation_trace.md,
results/20260801_care_test_docker_provenance_reconcile_and_bundle/mapper_report_final.md,
results/20260801_care_test_docker_provenance_reconcile_and_bundle/nnunet_deployable_repeat_casewise.csv,
results/20260801_care_test_docker_provenance_reconcile_and_bundle/nnunet_deployable_source_receipt.json,
results/20260801_care_test_docker_provenance_reconcile_and_bundle/nnunet_label_transition_counts.csv,
results/20260801_care_test_docker_provenance_reconcile_and_bundle/nnunet_labelwise_equivalence_casewise.csv,
results/20260801_care_test_docker_provenance_reconcile_and_bundle/nnunet_lineage_vs_deployment_decision.json,
results/20260801_care_test_docker_provenance_reconcile_and_bundle/nnunet_replay_variant_casewise.csv,
results/20260801_care_test_docker_provenance_reconcile_and_bundle/nnunet_replay_variant_decision.json,
results/20260801_care_test_docker_provenance_reconcile_and_bundle/nnunet_replay_variant_manifest.json,
results/20260801_care_test_docker_provenance_reconcile_and_bundle/nnunet_used_channel_equivalence_summary.json,
results/20260801_care_test_docker_provenance_reconcile_and_bundle/notification_brief.json,
results/20260801_care_test_docker_provenance_reconcile_and_bundle/sentinel_manifest.json,
results/20260801_care_test_docker_provenance_reconcile_and_bundle/source_intervention_receipt.json,
results/20260801_care_test_docker_provenance_reconcile_and_bundle/strict_validator_report.json,
results/20260801_care_test_docker_provenance_reconcile_and_bundle/transfer_bundle_receipt.json,
results/20260801_care_test_docker_rootless_unblock/MANIFEST.md,
results/20260801_care_test_docker_rootless_unblock/architecture_delta_draft.md,
results/20260801_care_test_docker_rootless_unblock/architecture_delta_final.md,
results/20260801_care_test_docker_rootless_unblock/completion_check.md,
results/20260801_care_test_docker_rootless_unblock/controller_bootstrap_snapshot.md,
results/20260801_care_test_docker_rootless_unblock/controller_context.json,
results/20260801_care_test_docker_rootless_unblock/controller_ledger.csv,
results/20260801_care_test_docker_rootless_unblock/controller_report.md,
results/20260801_care_test_docker_rootless_unblock/finalizer_state.json,
results/20260801_care_test_docker_rootless_unblock/implementation_snapshot.md,
results/20260801_care_test_docker_rootless_unblock/mapper_report_draft.md,
results/20260801_care_test_docker_rootless_unblock/mapper_report_final.md,
results/20260801_care_test_docker_rootless_unblock/notification_brief.json,
results/20260801_care_test_docker_rootless_unblock/result.md,
results/20260801_care_test_docker_rootless_unblock/rootless_admin_fix_required.md,
results/20260801_care_test_docker_rootless_unblock/rootless_install_receipt.json,
results/20260801_care_test_docker_rootless_unblock/rootless_prerequisite_audit.json,
results/20260801_care_test_docker_rootless_unblock/rootless_storage_receipt.json,
results/20260801_care_test_docker_rootless_unblock/strict_validator_report.json,
results/20260801_care_test_docker_server_bundle/MANIFEST.md,
results/20260801_care_test_docker_server_bundle/completion_check.md,
results/20260801_care_test_docker_server_bundle/controller_context.json,
results/20260801_care_test_docker_server_bundle/controller_ledger.csv,
results/20260801_care_test_docker_server_bundle/controller_report.md,
results/20260801_care_test_docker_server_bundle/finalizer_state.json,
results/20260801_care_test_docker_server_bundle/fresh_mosaic_cine_manifest.json,
results/20260801_care_test_docker_server_bundle/fresh_mosaic_myops_manifest.json,
results/20260801_care_test_docker_server_bundle/fresh_mosaic_replay_receipt.json,
results/20260801_care_test_docker_server_bundle/fresh_nnunet_15case_manifest.json,
results/20260801_care_test_docker_server_bundle/fresh_nnunet_provenance_receipt.json,
results/20260801_care_test_docker_server_bundle/fresh_nnunet_vs_historical_casewise.csv,
results/20260801_care_test_docker_server_bundle/implementation_snapshot.md,
results/20260801_care_test_docker_server_bundle/mapper_report_final.md,
results/20260801_care_test_docker_server_bundle/notification_brief.json,
results/20260801_care_test_docker_server_bundle/production_asset_manifest.json,
results/20260801_care_test_docker_server_bundle/sentinel_manifest.json,
results/20260801_care_test_docker_server_bundle/source_intervention_receipt.json,
results/20260801_care_test_docker_server_bundle/strict_validator_report.json,
results/20260801_care_test_docker_server_bundle/transfer_bundle_receipt.json,
results/20260801_mosaic_leaderboard_live_snapshot/leaderboard_snapshot.md,
results/20260801_mosaic_leaderboard_live_snapshot/notification_brief.json,
results/20260802_care_test_docker_nnunet_myops_collaborator_cine_rebundle/MANIFEST.md,
results/20260802_care_test_docker_nnunet_myops_collaborator_cine_rebundle/collaborator_archive_manifest.json,
results/20260802_care_test_docker_nnunet_myops_collaborator_cine_rebundle/collaborator_cinemyops_archive_audit.json,
results/20260802_care_test_docker_nnunet_myops_collaborator_cine_rebundle/collaborator_myops_archive_audit.json,
results/20260802_care_test_docker_nnunet_myops_collaborator_cine_rebundle/completion_check.md,
results/20260802_care_test_docker_nnunet_myops_collaborator_cine_rebundle/controller_context.json,
results/20260802_care_test_docker_nnunet_myops_collaborator_cine_rebundle/controller_ledger.csv,
results/20260802_care_test_docker_nnunet_myops_collaborator_cine_rebundle/controller_report.md,
results/20260802_care_test_docker_nnunet_myops_collaborator_cine_rebundle/nnunet_cli_path.txt,
results/20260802_care_test_docker_nnunet_myops_collaborator_cine_rebundle/nnunet_cli_shebang.txt,
results/20260802_care_test_docker_nnunet_myops_collaborator_cine_rebundle/nnunet_dependency_freeze.txt,
results/20260802_care_test_docker_nnunet_myops_collaborator_cine_rebundle/nnunet_environment_fingerprint.json,
results/20260802_care_test_docker_nnunet_myops_collaborator_cine_rebundle/nnunet_pip_show.txt,
results/20260802_care_test_docker_nnunet_myops_collaborator_cine_rebundle/nnunet_source_manifest.json,
results/20260802_care_test_docker_nnunet_myops_collaborator_cine_rebundle/notification_brief.json,
results/20260802_care_test_docker_nnunet_myops_collaborator_cine_rebundle/pure_nnunet_myops_15case_manifest.json,
results/20260802_care_test_docker_nnunet_myops_collaborator_cine_rebundle/pure_nnunet_myops_host_smoke_receipt.json,
results/20260802_care_test_docker_nnunet_myops_collaborator_cine_rebundle/pure_nnunet_myops_output_mapping_receipt.json,
results/20260802_care_test_docker_nnunet_myops_collaborator_cine_rebundle/pure_nnunet_myops_sentinel_manifest.json,
results/20260802_care_test_docker_nnunet_myops_collaborator_cine_rebundle/revised_final_submission_model_contract.json,
results/20260802_care_test_docker_nnunet_myops_collaborator_cine_rebundle/strict_validator_report.json,
results/20260802_care_test_docker_nnunet_myops_collaborator_cine_rebundle/transfer_bundle_receipt.json,
results/20260803_care_ase_r2_external_reaudit_round2/external_gpt_independent_pretraining_reaudit_20260803.md,
results/20260803_care_ase_r2_external_review_repair_v7/additional_real_mutation_detection_report.json,
results/20260803_care_ase_r2_external_review_repair_v7/augmentation_z_axis_semantics_fold1.json,
results/20260803_care_ase_r2_external_review_repair_v7/augmentation_z_axis_semantics_fold4.json,
results/20260803_care_ase_r2_external_review_repair_v7/augmented_center_sigma_oracle.json,
results/20260803_care_ase_r2_external_review_repair_v7/augmented_context_distance_oracle.json,
results/20260803_care_ase_r2_external_review_repair_v7/canned_pass_oracle_audit.json,
results/20260803_care_ase_r2_external_review_repair_v7/canonical_stock_oof_provenance_receipt.json,
results/20260803_care_ase_r2_external_review_repair_v7/checkpoint_schema_contract.json,
results/20260803_care_ase_r2_external_review_repair_v7/checkpoint_validation_rng_transparency.json,
results/20260803_care_ase_r2_external_review_repair_v7/checkpoint_verified_resume_chain_receipt.json,
results/20260803_care_ase_r2_external_review_repair_v7/code_review_request.json,
results/20260803_care_ase_r2_external_review_repair_v7/code_review_request.md,
results/20260803_care_ase_r2_external_review_repair_v7/component_metadata_lookup_oracle.json,
results/20260803_care_ase_r2_external_review_repair_v7/contract_to_code_coverage.json,
results/20260803_care_ase_r2_external_review_repair_v7/controller_report.json,
results/20260803_care_ase_r2_external_review_repair_v7/controller_report.md,
results/20260803_care_ase_r2_external_review_repair_v7/critical_source_manifest_runtime_latest.json,
results/20260803_care_ase_r2_external_review_repair_v7/critical_transitive_dependency_manifest.json,
results/20260803_care_ase_r2_external_review_repair_v7/environment_determinism_manifest_fold1.json,
results/20260803_care_ase_r2_external_review_repair_v7/environment_determinism_manifest_fold4.json,
results/20260803_care_ase_r2_external_review_repair_v7/exact_resume_behavioral_equivalence.json,
results/20260803_care_ase_r2_external_review_repair_v7/extent_source_z_mapping_receipt.json,
results/20260803_care_ase_r2_external_review_repair_v7/formal_call_chain.json,
results/20260803_care_ase_r2_external_review_repair_v7/four_microbatch_aggregation_receipt.json,
results/20260803_care_ase_r2_external_review_repair_v7/full_checkpoint_reload_receipt_fold1.json,
results/20260803_care_ase_r2_external_review_repair_v7/full_checkpoint_reload_receipt_fold4.json,
results/20260803_care_ase_r2_external_review_repair_v7/full_volume_extent_aggregation_oracle.json,
results/20260803_care_ase_r2_external_review_repair_v7/g1_source_sha_manifest.json,
results/20260803_care_ase_r2_external_review_repair_v7/g1_static_implementation_gate_receipt.json,
results/20260803_care_ase_r2_external_review_repair_v7/gpu_code_smoke_fold1.json,
results/20260803_care_ase_r2_external_review_repair_v7/gpu_code_smoke_fold4.json,
results/20260803_care_ase_r2_external_review_repair_v7/hard_negative_manifest_fold1.json,
results/20260803_care_ase_r2_external_review_repair_v7/hard_negative_manifest_fold4.json,
results/20260803_care_ase_r2_external_review_repair_v7/independent_parameter_owner_registry_fold1.json,
results/20260803_care_ase_r2_external_review_repair_v7/independent_parameter_owner_registry_fold4.json,
results/20260803_care_ase_r2_external_review_repair_v7/known_bad_validator_report.json,
results/20260803_care_ase_r2_external_review_repair_v7/named_evidence_step3_authority_fold1.json,
results/20260803_care_ase_r2_external_review_repair_v7/named_evidence_step3_authority_fold4.json,
results/20260803_care_ase_r2_external_review_repair_v7/notification_brief.json,
results/20260803_care_ase_r2_external_review_repair_v7/parameter_group_coverage_fold1.json,
results/20260803_care_ase_r2_external_review_repair_v7/parameter_group_coverage_fold4.json,
results/20260803_care_ase_r2_external_review_repair_v7/partial_hw_extent_masking_receipt.json,
results/20260803_care_ase_r2_external_review_repair_v7/pretraining_external_review_request.json,
results/20260803_care_ase_r2_external_review_repair_v7/pretraining_external_review_request.md,
results/20260803_care_ase_r2_external_review_repair_v7/sampler_400_step_full_composition_receipt_fold1.json,
results/20260803_care_ase_r2_external_review_repair_v7/sampler_400_step_full_composition_receipt_fold4.json,
results/20260803_care_ase_r2_external_review_repair_v7/sampler_static_contract.json,
results/20260803_care_ase_r2_external_review_repair_v7/scheduler_static_contract.json,
results/20260803_care_ase_r2_external_review_repair_v7/semantic_loss_coverage.json,
results/20260803_care_ase_r2_external_review_repair_v7/stock_augmentation_runtime_binding_fold1.json,
results/20260803_care_ase_r2_external_review_repair_v7/stock_augmentation_runtime_binding_fold4.json,
results/20260803_care_ase_r2_external_review_repair_v7/stock_initial_patch_binding_fold1.json,
results/20260803_care_ase_r2_external_review_repair_v7/stock_initial_patch_binding_fold4.json,
results/20260803_care_ase_r2_external_review_repair_v7/stock_transform_multitarget_spatial_identity.json,
results/20260803_care_ase_r2_final_code_blocker_closure/augmentation_z_axis_semantics_fold1.json,
results/20260803_care_ase_r2_final_code_blocker_closure/augmentation_z_axis_semantics_fold4.json,
results/20260803_care_ase_r2_final_code_blocker_closure/canned_pass_oracle_audit.json,
results/20260803_care_ase_r2_final_code_blocker_closure/canonical_stock_oof_provenance_receipt.json,
results/20260803_care_ase_r2_final_code_blocker_closure/checkpoint_schema_contract.json,
results/20260803_care_ase_r2_final_code_blocker_closure/code_review_request.json,
results/20260803_care_ase_r2_final_code_blocker_closure/code_review_request.md,
results/20260803_care_ase_r2_final_code_blocker_closure/contract_to_code_coverage.json,
results/20260803_care_ase_r2_final_code_blocker_closure/external_gpt_training_readiness_review_20260803.md,
results/20260803_care_ase_r2_final_code_blocker_closure/formal_call_chain.json,
results/20260803_care_ase_r2_final_code_blocker_closure/full_checkpoint_reload_receipt_fold1.json,
results/20260803_care_ase_r2_final_code_blocker_closure/full_checkpoint_reload_receipt_fold4.json,
results/20260803_care_ase_r2_final_code_blocker_closure/full_volume_extent_aggregation_oracle.json,
results/20260803_care_ase_r2_final_code_blocker_closure/g1_source_sha_manifest.json,
results/20260803_care_ase_r2_final_code_blocker_closure/g1_static_implementation_gate_receipt.json,
results/20260803_care_ase_r2_final_code_blocker_closure/gpu_code_smoke_fold1.json,
results/20260803_care_ase_r2_final_code_blocker_closure/gpu_code_smoke_fold4.json,
results/20260803_care_ase_r2_final_code_blocker_closure/hard_negative_manifest_fold1.json,
results/20260803_care_ase_r2_final_code_blocker_closure/hard_negative_manifest_fold4.json,
results/20260803_care_ase_r2_final_code_blocker_closure/known_bad_validator_report.json,
results/20260803_care_ase_r2_final_code_blocker_closure/notification_brief.json,
results/20260803_care_ase_r2_final_code_blocker_closure/parameter_group_coverage_fold1.json,
results/20260803_care_ase_r2_final_code_blocker_closure/parameter_group_coverage_fold4.json,
results/20260803_care_ase_r2_final_code_blocker_closure/sampler_400_step_full_composition_receipt_fold1.json,
results/20260803_care_ase_r2_final_code_blocker_closure/sampler_400_step_full_composition_receipt_fold4.json,
results/20260803_care_ase_r2_final_code_blocker_closure/sampler_static_contract.json,
results/20260803_care_ase_r2_final_code_blocker_closure/scheduler_static_contract.json,
results/20260803_care_ase_r2_final_code_blocker_closure/semantic_loss_coverage.json,
results/20260803_care_ase_r2_final_code_blocker_closure/stock_augmentation_runtime_binding_fold1.json,
results/20260803_care_ase_r2_final_code_blocker_closure/stock_augmentation_runtime_binding_fold4.json,
results/20260803_care_ase_r2_final_code_blocker_closure/stock_initial_patch_binding_fold1.json,
results/20260803_care_ase_r2_final_code_blocker_closure/stock_initial_patch_binding_fold4.json,
results/20260803_care_ase_r2_final_pretraining_closure_v8/MANIFEST.json,
results/20260803_care_ase_r2_final_pretraining_closure_v8/MANIFEST.md,
results/20260803_care_ase_r2_final_pretraining_closure_v8/architecture_delta_final.md,
results/20260803_care_ase_r2_final_pretraining_closure_v8/area_reference_receipt.json,
results/20260803_care_ase_r2_final_pretraining_closure_v8/augmentation_z_axis_semantics_fold1.json,
results/20260803_care_ase_r2_final_pretraining_closure_v8/augmentation_z_axis_semantics_fold4.json,
results/20260803_care_ase_r2_final_pretraining_closure_v8/canned_pass_oracle_audit.json,
results/20260803_care_ase_r2_final_pretraining_closure_v8/canonical_full_volume_inference_receipt.json,
results/20260803_care_ase_r2_final_pretraining_closure_v8/canonical_stock_oof_provenance_receipt.json,
results/20260803_care_ase_r2_final_pretraining_closure_v8/checkpoint_formal_reload_receipt.json,
results/20260803_care_ase_r2_final_pretraining_closure_v8/checkpoint_schema_contract.json,
results/20260803_care_ase_r2_final_pretraining_closure_v8/checkpoint_validation_rng_transparency.json,
results/20260803_care_ase_r2_final_pretraining_closure_v8/completion_check.md,
results/20260803_care_ase_r2_final_pretraining_closure_v8/component_center_edge_receipt.json,
results/20260803_care_ase_r2_final_pretraining_closure_v8/contract_to_code_coverage.json,
results/20260803_care_ase_r2_final_pretraining_closure_v8/controller_bootstrap_snapshot.md,
results/20260803_care_ase_r2_final_pretraining_closure_v8/controller_context.json,
results/20260803_care_ase_r2_final_pretraining_closure_v8/controller_ledger.csv,
results/20260803_care_ase_r2_final_pretraining_closure_v8/controller_report.md,
results/20260803_care_ase_r2_final_pretraining_closure_v8/critical_source_manifest.json,
results/20260803_care_ase_r2_final_pretraining_closure_v8/critical_source_manifest_runtime_latest.json,
results/20260803_care_ase_r2_final_pretraining_closure_v8/critical_transitive_dependency_manifest.json,
results/20260803_care_ase_r2_final_pretraining_closure_v8/deployment_checkpoint_self_contained_receipt.json,
results/20260803_care_ase_r2_final_pretraining_closure_v8/direct_stock_oof_preprocessed_grid_manifest_fold1.json,
results/20260803_care_ase_r2_final_pretraining_closure_v8/direct_stock_oof_preprocessed_grid_manifest_fold4.json,
results/20260803_care_ase_r2_final_pretraining_closure_v8/direct_stock_oof_provenance_manifest.json,
results/20260803_care_ase_r2_final_pretraining_closure_v8/effective_contract_receipt.json,
results/20260803_care_ase_r2_final_pretraining_closure_v8/environment_determinism_manifest_fold1.json,
results/20260803_care_ase_r2_final_pretraining_closure_v8/environment_determinism_manifest_fold4.json,
results/20260803_care_ase_r2_final_pretraining_closure_v8/extent_final_bias_zero_receipt.json,
results/20260803_care_ase_r2_final_pretraining_closure_v8/extent_transformed_coverage_receipt.json,
results/20260803_care_ase_r2_final_pretraining_closure_v8/formal_call_chain.json,
results/20260803_care_ase_r2_final_pretraining_closure_v8/formal_checkpoint_remainder_resume_receipt.json,
results/20260803_care_ase_r2_final_pretraining_closure_v8/formal_execution_checkout_binding_receipt.json,
results/20260803_care_ase_r2_final_pretraining_closure_v8/formal_runtime_call_chain_receipt.json,
results/20260803_care_ase_r2_final_pretraining_closure_v8/formal_runtime_input_bundle.json,
results/20260803_care_ase_r2_final_pretraining_closure_v8/formal_runtime_input_bundle_receipt.json,
results/20260803_care_ase_r2_final_pretraining_closure_v8/formal_target_provenance_receipt.json,
results/20260803_care_ase_r2_final_pretraining_closure_v8/full_case_target_cache_manifest_fold1.json,
results/20260803_care_ase_r2_final_pretraining_closure_v8/full_case_target_cache_manifest_fold4.json,
results/20260803_care_ase_r2_final_pretraining_closure_v8/full_checkpoint_reload_receipt_fold1.json,
results/20260803_care_ase_r2_final_pretraining_closure_v8/full_checkpoint_reload_receipt_fold4.json,
results/20260803_care_ase_r2_final_pretraining_closure_v8/full_edema_boundary_receipt.json,
results/20260803_care_ase_r2_final_pretraining_closure_v8/full_volume_extent_aggregation_oracle.json,
results/20260803_care_ase_r2_final_pretraining_closure_v8/g1_receipt.json,
results/20260803_care_ase_r2_final_pretraining_closure_v8/g1_source_sha_manifest.json,
results/20260803_care_ase_r2_final_pretraining_closure_v8/g1_static_implementation_gate_receipt.json,
results/20260803_care_ase_r2_final_pretraining_closure_v8/gpu_probe_budget_receipt.json,
results/20260803_care_ase_r2_final_pretraining_closure_v8/gpu_probe_fold1_exact_resume.json,
results/20260803_care_ase_r2_final_pretraining_closure_v8/gpu_probe_fold1_uninterrupted.json,
results/20260803_care_ase_r2_final_pretraining_closure_v8/gpu_probe_fold4.json,
results/20260803_care_ase_r2_final_pretraining_closure_v8/gpu_probe_summary.json,
results/20260803_care_ase_r2_final_pretraining_closure_v8/hard_negative_manifest_fold1.json,
results/20260803_care_ase_r2_final_pretraining_closure_v8/hard_negative_manifest_fold4.json,
results/20260803_care_ase_r2_final_pretraining_closure_v8/implementation_snapshot.md,
results/20260803_care_ase_r2_final_pretraining_closure_v8/independent_parameter_owner_registry_fold1.json,
results/20260803_care_ase_r2_final_pretraining_closure_v8/independent_parameter_owner_registry_fold4.json,
results/20260803_care_ase_r2_final_pretraining_closure_v8/known_bad_fixtures/area_reference_hardcoded_0_20_0_30/known_bad_fixture_receipt.json,
results/20260803_care_ase_r2_final_pretraining_closure_v8/known_bad_fixtures/augmentation_uses_final_patch_instead_of_initial_patch/known_bad_fixture_receipt.json,
results/20260803_care_ase_r2_final_pretraining_closure_v8/known_bad_fixtures/center_cycle_or_10_5_5_broken/known_bad_fixture_receipt.json,
results/20260803_care_ase_r2_final_pretraining_closure_v8/known_bad_fixtures/concatenate_all_evidence_one_projection/known_bad_fixture_receipt.json,
results/20260803_care_ase_r2_final_pretraining_closure_v8/known_bad_fixtures/count_only_hard_negative_manifest/known_bad_fixture_receipt.json,
results/20260803_care_ase_r2_final_pretraining_closure_v8/known_bad_fixtures/delete_semantic_auxiliary_loss__anatomy4/known_bad_fixture_receipt.json,
results/20260803_care_ase_r2_final_pretraining_closure_v8/known_bad_fixtures/delete_semantic_auxiliary_loss__distance/known_bad_fixture_receipt.json,
results/20260803_care_ase_r2_final_pretraining_closure_v8/known_bad_fixtures/delete_semantic_auxiliary_loss__edema_boundary/known_bad_fixture_receipt.json,
results/20260803_care_ase_r2_final_pretraining_closure_v8/known_bad_fixtures/delete_semantic_auxiliary_loss__edema_context/known_bad_fixture_receipt.json,
results/20260803_care_ase_r2_final_pretraining_closure_v8/known_bad_fixtures/delete_semantic_auxiliary_loss__edema_dense/known_bad_fixture_receipt.json,
results/20260803_care_ase_r2_final_pretraining_closure_v8/known_bad_fixtures/delete_semantic_auxiliary_loss__edema_extent/known_bad_fixture_receipt.json,
results/20260803_care_ase_r2_final_pretraining_closure_v8/known_bad_fixtures/delete_semantic_auxiliary_loss__final_competition/known_bad_fixture_receipt.json,
results/20260803_care_ase_r2_final_pretraining_closure_v8/known_bad_fixtures/delete_semantic_auxiliary_loss__injury/known_bad_fixture_receipt.json,
results/20260803_care_ase_r2_final_pretraining_closure_v8/known_bad_fixtures/delete_semantic_auxiliary_loss__relation/known_bad_fixture_receipt.json,
results/20260803_care_ase_r2_final_pretraining_closure_v8/known_bad_fixtures/delete_semantic_auxiliary_loss__scar_center/known_bad_fixture_receipt.json,
results/20260803_care_ase_r2_final_pretraining_closure_v8/known_bad_fixtures/delete_semantic_auxiliary_loss__scar_component/known_bad_fixture_receipt.json,
results/20260803_care_ase_r2_final_pretraining_closure_v8/known_bad_fixtures/delete_semantic_auxiliary_loss__scar_context/known_bad_fixture_receipt.json,
results/20260803_care_ase_r2_final_pretraining_closure_v8/known_bad_fixtures/delete_semantic_auxiliary_loss__scar_dense/known_bad_fixture_receipt.json,
results/20260803_care_ase_r2_final_pretraining_closure_v8/known_bad_fixtures/delete_semantic_auxiliary_loss__scar_extent/known_bad_fixture_receipt.json,
results/20260803_care_ase_r2_final_pretraining_closure_v8/known_bad_fixtures/delete_semantic_auxiliary_loss__wall/known_bad_fixture_receipt.json,
results/20260803_care_ase_r2_final_pretraining_closure_v8/known_bad_fixtures/edema_metric_mixes_no_t2/known_bad_fixture_receipt.json,
results/20260803_care_ase_r2_final_pretraining_closure_v8/known_bad_fixtures/extent_patch_local_bias_averaged_across_multiwindow_inference/known_bad_fixture_receipt.json,
results/20260803_care_ase_r2_final_pretraining_closure_v8/known_bad_fixtures/hard_negative_manifest_not_consumed/known_bad_fixture_receipt.json,
results/20260803_care_ase_r2_final_pretraining_closure_v8/known_bad_fixtures/missing_checkpoint_field/known_bad_fixture_receipt.json,
results/20260803_care_ase_r2_final_pretraining_closure_v8/known_bad_fixtures/no_t2_class4_background/known_bad_fixture_receipt.json,
results/20260803_care_ase_r2_final_pretraining_closure_v8/known_bad_fixtures/no_t2_edema_gradient_nonzero/known_bad_fixture_receipt.json,
results/20260803_care_ase_r2_final_pretraining_closure_v8/known_bad_fixtures/outer_before_w45/known_bad_fixture_receipt.json,
results/20260803_care_ase_r2_final_pretraining_closure_v8/known_bad_fixtures/pathology_deep_supervision_missing/known_bad_fixture_receipt.json,
results/20260803_care_ase_r2_final_pretraining_closure_v8/known_bad_fixtures/proxy_loss_targets/known_bad_fixture_receipt.json,
results/20260803_care_ase_r2_final_pretraining_closure_v8/known_bad_fixtures/remove_anatomy_half_ds/known_bad_fixture_receipt.json,
results/20260803_care_ase_r2_final_pretraining_closure_v8/known_bad_fixtures/require_CommitA_equals_CommitB/known_bad_fixture_receipt.json,
results/20260803_care_ase_r2_final_pretraining_closure_v8/known_bad_fixtures/resume_not_restore_sampler_or_next_hash/known_bad_fixture_receipt.json,
results/20260803_care_ase_r2_final_pretraining_closure_v8/known_bad_fixtures/retain_AuxiliaryHalfFeatureTower/known_bad_fixture_receipt.json,
results/20260803_care_ase_r2_final_pretraining_closure_v8/known_bad_fixtures/reverse_quarter_half_scar_proposal_wiring/known_bad_fixture_receipt.json,
results/20260803_care_ase_r2_final_pretraining_closure_v8/known_bad_fixtures/reviewer_only_checks_aggregate_branch_gradient/known_bad_fixture_receipt.json,
results/20260803_care_ase_r2_final_pretraining_closure_v8/known_bad_fixtures/same_shape_wrong_affine_or_orientation_oof/known_bad_fixture_receipt.json,
results/20260803_care_ase_r2_final_pretraining_closure_v8/known_bad_fixtures/scheduler_none_or_static_lr/known_bad_fixture_receipt.json,
results/20260803_care_ase_r2_final_pretraining_closure_v8/known_bad_fixtures/segmentation_padding_changed_to_0/known_bad_fixture_receipt.json,
results/20260803_care_ase_r2_final_pretraining_closure_v8/known_bad_fixtures/send_boundary_into_edema_half_stage/known_bad_fixture_receipt.json,
results/20260803_care_ase_r2_final_pretraining_closure_v8/known_bad_fixtures/send_injury_into_edema_half_stage/known_bad_fixture_receipt.json,
results/20260803_care_ase_r2_final_pretraining_closure_v8/known_bad_fixtures/stage_2000_4000_8000/known_bad_fixture_receipt.json,
results/20260803_care_ase_r2_final_pretraining_closure_v8/known_bad_fixtures/stage_A_B_complete_only/known_bad_fixture_receipt.json,
results/20260803_care_ase_r2_final_pretraining_closure_v8/known_bad_fixtures/weak_lge_gate_reset_to_0/known_bad_fixture_receipt.json,
results/20260803_care_ase_r2_final_pretraining_closure_v8/known_bad_fixtures/wrapper_points_old_entry/known_bad_fixture_receipt.json,
results/20260803_care_ase_r2_final_pretraining_closure_v8/known_bad_validator_report.json,
results/20260803_care_ase_r2_final_pretraining_closure_v8/lock_step_heartbeat_receipt.json,
results/20260803_care_ase_r2_final_pretraining_closure_v8/mapper_report_draft.md,
results/20260803_care_ase_r2_final_pretraining_closure_v8/mapper_report_final.md,
results/20260803_care_ase_r2_final_pretraining_closure_v8/named_evidence_liveness.csv,
results/20260803_care_ase_r2_final_pretraining_closure_v8/named_evidence_liveness_receipt.json,
results/20260803_care_ase_r2_final_pretraining_closure_v8/no_t2_five_class_parity_receipt.json,
results/20260803_care_ase_r2_final_pretraining_closure_v8/no_t2_rowwise_graph_receipt.json,
results/20260803_care_ase_r2_final_pretraining_closure_v8/notification_brief.json,
results/20260803_care_ase_r2_final_pretraining_closure_v8/parameter_group_coverage_fold1.json,
results/20260803_care_ase_r2_final_pretraining_closure_v8/parameter_group_coverage_fold4.json,
results/20260803_care_ase_r2_final_pretraining_closure_v8/pretraining_external_review_request.json,
results/20260803_care_ase_r2_final_pretraining_closure_v8/probe_budget_atomic_reservation_receipt.json,
results/20260803_care_ase_r2_final_pretraining_closure_v8/pytest_receipt.json,
results/20260803_care_ase_r2_final_pretraining_closure_v8/real_mutation_detection_report.json,
results/20260803_care_ase_r2_final_pretraining_closure_v8/resume_stock_checkpoint_binding_receipt.json,
results/20260803_care_ase_r2_final_pretraining_closure_v8/runtime_namespace_receipt.json,
results/20260803_care_ase_r2_final_pretraining_closure_v8/sampler_400_step_full_composition_receipt_fold1.json,
results/20260803_care_ase_r2_final_pretraining_closure_v8/sampler_400_step_full_composition_receipt_fold4.json,
results/20260803_care_ase_r2_final_pretraining_closure_v8/sampler_focus_resolution_receipt.json,
results/20260803_care_ase_r2_final_pretraining_closure_v8/sampler_static_contract.json,
results/20260803_care_ase_r2_final_pretraining_closure_v8/scheduler_static_contract.json,
results/20260803_care_ase_r2_final_pretraining_closure_v8/semantic_loss_coverage.json,
results/20260803_care_ase_r2_final_pretraining_closure_v8/stage_bc_transactional_runtime_oracle.json,
results/20260803_care_ase_r2_final_pretraining_closure_v8/stock_augmentation_runtime_binding_fold1.json,
results/20260803_care_ase_r2_final_pretraining_closure_v8/stock_augmentation_runtime_binding_fold4.json,
results/20260803_care_ase_r2_final_pretraining_closure_v8/stock_initial_patch_binding_fold1.json,
results/20260803_care_ase_r2_final_pretraining_closure_v8/stock_initial_patch_binding_fold4.json,
results/20260803_care_ase_r2_final_pretraining_closure_v8/v7_full_no_regression_matrix.json,
results/20260803_care_ase_r2_final_pretraining_closure_v8/v7_supersession_receipt.json,
results/20260803_care_ase_r2_full_fidelity_execution/boundary_head_contract_receipt.json,
results/20260803_care_ase_r2_full_fidelity_execution/canonical_stock_oof_provenance_receipt.json,
results/20260803_care_ase_r2_full_fidelity_execution/checkpoint_schema_contract.json,
results/20260803_care_ase_r2_full_fidelity_execution/context_loss_normalization_receipt.json,
results/20260803_care_ase_r2_full_fidelity_execution/contract_to_code_coverage.json,
results/20260803_care_ase_r2_full_fidelity_execution/controller_bootstrap_snapshot.md,
results/20260803_care_ase_r2_full_fidelity_execution/controller_context.json,
results/20260803_care_ase_r2_full_fidelity_execution/controller_ledger.csv,
results/20260803_care_ase_r2_full_fidelity_execution/denominator_audit.csv,
results/20260803_care_ase_r2_full_fidelity_execution/dynamic_plan_introspection_receipt.json,
results/20260803_care_ase_r2_full_fidelity_execution/effective_contract.json,
results/20260803_care_ase_r2_full_fidelity_execution/exact_resume_behavioral_equivalence.json,
results/20260803_care_ase_r2_full_fidelity_execution/extent_per_slice_contract_receipt.json,
results/20260803_care_ase_r2_full_fidelity_execution/external_pretraining_review_revise_invalidation.json,
results/20260803_care_ase_r2_full_fidelity_execution/formal_call_chain.json,
results/20260803_care_ase_r2_full_fidelity_execution/g1_source_sha_manifest.json,
results/20260803_care_ase_r2_full_fidelity_execution/g1_static_implementation_gate_receipt.json,
results/20260803_care_ase_r2_full_fidelity_execution/g2_real_gpu_fidelity_receipt.json,
results/20260803_care_ase_r2_full_fidelity_execution/g2_real_gpu_fidelity_receipt_fold1.json,
results/20260803_care_ase_r2_full_fidelity_execution/g2_real_gpu_fidelity_receipt_fold4.json,
results/20260803_care_ase_r2_full_fidelity_execution/gradient_scale_audit.csv,
results/20260803_care_ase_r2_full_fidelity_execution/hard_negative_manifest_fold1.json,
results/20260803_care_ase_r2_full_fidelity_execution/hard_negative_manifest_fold4.json,
results/20260803_care_ase_r2_full_fidelity_execution/hard_negative_manifest_generation_receipt.json,
results/20260803_care_ase_r2_full_fidelity_execution/implementation_gap_closure.json,
results/20260803_care_ase_r2_full_fidelity_execution/inner_checkpoint_trend_monitor_contract.json,
results/20260803_care_ase_r2_full_fidelity_execution/known_bad_validator_report.json,
results/20260803_care_ase_r2_full_fidelity_execution/loss_scale_audit.csv,
results/20260803_care_ase_r2_full_fidelity_execution/parameter_group_coverage.json,
results/20260803_care_ase_r2_full_fidelity_execution/physical_target_contract_receipt.json,
results/20260803_care_ase_r2_full_fidelity_execution/pretraining_external_review_package_manifest.json,
results/20260803_care_ase_r2_full_fidelity_execution/reviewer/R0_W1_EARLY_DIFF/commands_and_exit_codes.json,
results/20260803_care_ase_r2_full_fidelity_execution/reviewer/R0_W1_EARLY_DIFF/commands_and_exit_codes_rereview_03.json,
results/20260803_care_ase_r2_full_fidelity_execution/reviewer/R0_W1_EARLY_DIFF/controller_submission.json,
results/20260803_care_ase_r2_full_fidelity_execution/reviewer/R0_W1_EARLY_DIFF/controller_submission_rereview_01.json,
results/20260803_care_ase_r2_full_fidelity_execution/reviewer/R0_W1_EARLY_DIFF/controller_submission_rereview_02.json,
results/20260803_care_ase_r2_full_fidelity_execution/reviewer/R0_W1_EARLY_DIFF/controller_submission_rereview_03.json,
results/20260803_care_ase_r2_full_fidelity_execution/reviewer/R0_W1_EARLY_DIFF/review.json,
results/20260803_care_ase_r2_full_fidelity_execution/reviewer/R0_W1_EARLY_DIFF/review.md,
results/20260803_care_ase_r2_full_fidelity_execution/reviewer/R0_W1_EARLY_DIFF/review_rereview_01.json,
results/20260803_care_ase_r2_full_fidelity_execution/reviewer/R0_W1_EARLY_DIFF/review_rereview_01.md,
results/20260803_care_ase_r2_full_fidelity_execution/reviewer/R0_W1_EARLY_DIFF/review_rereview_02.json,
results/20260803_care_ase_r2_full_fidelity_execution/reviewer/R0_W1_EARLY_DIFF/review_rereview_02.md,
results/20260803_care_ase_r2_full_fidelity_execution/reviewer/R0_W1_EARLY_DIFF/review_rereview_03.json,
results/20260803_care_ase_r2_full_fidelity_execution/reviewer/R0_W1_EARLY_DIFF/review_rereview_03.md,
results/20260803_care_ase_r2_full_fidelity_execution/reviewer/R0_W1_EARLY_DIFF/reviewed_sha_manifest.json,
results/20260803_care_ase_r2_full_fidelity_execution/reviewer/R0_W1_EARLY_DIFF/reviewed_sha_manifest_rereview_03.json,
results/20260803_care_ase_r2_full_fidelity_execution/reviewer/R0_W1_EARLY_DIFF/reviewer_initialization_receipt.json,
results/20260803_care_ase_r2_full_fidelity_execution/reviewer/R1_G1_STATIC_FIDELITY_REREVIEW01/commands_and_exit_codes.json,
results/20260803_care_ase_r2_full_fidelity_execution/reviewer/R1_G1_STATIC_FIDELITY_REREVIEW01/controller_submission.json,
results/20260803_care_ase_r2_full_fidelity_execution/reviewer/R1_G1_STATIC_FIDELITY_REREVIEW01/review.json,
results/20260803_care_ase_r2_full_fidelity_execution/reviewer/R1_G1_STATIC_FIDELITY_REREVIEW01/review.md,
results/20260803_care_ase_r2_full_fidelity_execution/reviewer/R1_G1_STATIC_FIDELITY_REREVIEW01/reviewed_sha_manifest.json,
results/20260803_care_ase_r2_full_fidelity_execution/reviewer/R1_G1_STATIC_FIDELITY_REREVIEW02/commands_and_exit_codes.json,
results/20260803_care_ase_r2_full_fidelity_execution/reviewer/R1_G1_STATIC_FIDELITY_REREVIEW02/controller_submission.json,
results/20260803_care_ase_r2_full_fidelity_execution/reviewer/R1_G1_STATIC_FIDELITY_REREVIEW02/review.json,
results/20260803_care_ase_r2_full_fidelity_execution/reviewer/R1_G1_STATIC_FIDELITY_REREVIEW02/review.md,
results/20260803_care_ase_r2_full_fidelity_execution/reviewer/R1_G1_STATIC_FIDELITY_REREVIEW02/reviewed_sha_manifest.json,
results/20260803_care_ase_r2_full_fidelity_execution/reviewer/R1_G1_STATIC_FIDELITY_REREVIEW03/commands_and_exit_codes.json,
results/20260803_care_ase_r2_full_fidelity_execution/reviewer/R1_G1_STATIC_FIDELITY_REREVIEW03/controller_submission.json,
results/20260803_care_ase_r2_full_fidelity_execution/reviewer/R1_G1_STATIC_FIDELITY_REREVIEW03/review.json,
results/20260803_care_ase_r2_full_fidelity_execution/reviewer/R1_G1_STATIC_FIDELITY_REREVIEW03/review.md,
results/20260803_care_ase_r2_full_fidelity_execution/reviewer/R1_G1_STATIC_FIDELITY_REREVIEW03/reviewed_sha_manifest.json,
results/20260803_care_ase_r2_full_fidelity_execution/reviewer/R2_G2_GPU_FIDELITY_REREVIEW01/commands_and_exit_codes.json,
results/20260803_care_ase_r2_full_fidelity_execution/reviewer/R2_G2_GPU_FIDELITY_REREVIEW01/controller_submission.json,
results/20260803_care_ase_r2_full_fidelity_execution/reviewer/R2_G2_GPU_FIDELITY_REREVIEW01/review.json,
results/20260803_care_ase_r2_full_fidelity_execution/reviewer/R2_G2_GPU_FIDELITY_REREVIEW01/review.md,
results/20260803_care_ase_r2_full_fidelity_execution/reviewer/R2_G2_GPU_FIDELITY_REREVIEW01/reviewed_sha_manifest.json,
results/20260803_care_ase_r2_full_fidelity_execution/reviewer/R3_G2_5_FROZEN_SOURCE/commands_and_exit_codes.json,
results/20260803_care_ase_r2_full_fidelity_execution/reviewer/R3_G2_5_FROZEN_SOURCE/review.json,
results/20260803_care_ase_r2_full_fidelity_execution/reviewer/R3_G2_5_FROZEN_SOURCE/review.md,
results/20260803_care_ase_r2_full_fidelity_execution/reviewer/R3_G2_5_FROZEN_SOURCE/reviewed_sha_manifest.json,
results/20260803_care_ase_r2_full_fidelity_execution/reviewer_semantic/SEMANTIC_R1/canonical_stock_oof_oracle.json,
results/20260803_care_ase_r2_full_fidelity_execution/reviewer_semantic/SEMANTIC_R1/commands_and_exit_codes.json,
results/20260803_care_ase_r2_full_fidelity_execution/reviewer_semantic/SEMANTIC_R1/contract_formula_code_oracle_matrix.csv,
results/20260803_care_ase_r2_full_fidelity_execution/reviewer_semantic/SEMANTIC_R1/denominator_audit.csv,
results/20260803_care_ase_r2_full_fidelity_execution/reviewer_semantic/SEMANTIC_R1/exact_resume_oracle.json,
results/20260803_care_ase_r2_full_fidelity_execution/reviewer_semantic/SEMANTIC_R1/gpu_case_coverage_oracle.json,
results/20260803_care_ase_r2_full_fidelity_execution/reviewer_semantic/SEMANTIC_R1/gradient_scale_audit.csv,
results/20260803_care_ase_r2_full_fidelity_execution/reviewer_semantic/SEMANTIC_R1/loss_formula_oracle.json,
results/20260803_care_ase_r2_full_fidelity_execution/reviewer_semantic/SEMANTIC_R1/loss_scale_audit.csv,
results/20260803_care_ase_r2_full_fidelity_execution/reviewer_semantic/SEMANTIC_R1/mutation_detection_report.json,
results/20260803_care_ase_r2_full_fidelity_execution/reviewer_semantic/SEMANTIC_R1/parameter_group_oracle.json,
results/20260803_care_ase_r2_full_fidelity_execution/reviewer_semantic/SEMANTIC_R1/physical_target_oracle.json,
results/20260803_care_ase_r2_full_fidelity_execution/reviewer_semantic/SEMANTIC_R1/review.json,
results/20260803_care_ase_r2_full_fidelity_execution/reviewer_semantic/SEMANTIC_R1/review.md,
results/20260803_care_ase_r2_full_fidelity_execution/reviewer_semantic/SEMANTIC_R1/reviewed_sha_manifest.json,
results/20260803_care_ase_r2_full_fidelity_execution/reviewer_semantic/SEMANTIC_R1/reviewer_semantic_contract.json,
results/20260803_care_ase_r2_full_fidelity_execution/reviewer_semantic/SEMANTIC_R1/sampler_composition_oracle.json,
results/20260803_care_ase_r2_full_fidelity_execution/reviewer_semantic/SEMANTIC_R2/canonical_stock_oof_oracle.json,
results/20260803_care_ase_r2_full_fidelity_execution/reviewer_semantic/SEMANTIC_R2/commands_and_exit_codes.json,
results/20260803_care_ase_r2_full_fidelity_execution/reviewer_semantic/SEMANTIC_R2/contract_formula_code_oracle_matrix.csv,
results/20260803_care_ase_r2_full_fidelity_execution/reviewer_semantic/SEMANTIC_R2/denominator_audit.csv,
results/20260803_care_ase_r2_full_fidelity_execution/reviewer_semantic/SEMANTIC_R2/exact_resume_oracle.json,
results/20260803_care_ase_r2_full_fidelity_execution/reviewer_semantic/SEMANTIC_R2/gpu_case_coverage_oracle.json,
results/20260803_care_ase_r2_full_fidelity_execution/reviewer_semantic/SEMANTIC_R2/gradient_scale_audit.csv,
results/20260803_care_ase_r2_full_fidelity_execution/reviewer_semantic/SEMANTIC_R2/loss_formula_oracle.json,
results/20260803_care_ase_r2_full_fidelity_execution/reviewer_semantic/SEMANTIC_R2/loss_scale_audit.csv,
results/20260803_care_ase_r2_full_fidelity_execution/reviewer_semantic/SEMANTIC_R2/mutation_detection_report.json,
results/20260803_care_ase_r2_full_fidelity_execution/reviewer_semantic/SEMANTIC_R2/parameter_group_oracle.json,
results/20260803_care_ase_r2_full_fidelity_execution/reviewer_semantic/SEMANTIC_R2/physical_target_oracle.json,
results/20260803_care_ase_r2_full_fidelity_execution/reviewer_semantic/SEMANTIC_R2/review.json,
results/20260803_care_ase_r2_full_fidelity_execution/reviewer_semantic/SEMANTIC_R2/review.md,
results/20260803_care_ase_r2_full_fidelity_execution/reviewer_semantic/SEMANTIC_R2/reviewed_sha_manifest.json,
results/20260803_care_ase_r2_full_fidelity_execution/reviewer_semantic/SEMANTIC_R2/reviewer_semantic_contract.json,
results/20260803_care_ase_r2_full_fidelity_execution/reviewer_semantic/SEMANTIC_R2/sampler_composition_oracle.json,
results/20260803_care_ase_r2_full_fidelity_execution/reviewer_semantic_contract.json,
results/20260803_care_ase_r2_full_fidelity_execution/reviewer_semantic_supersession.json,
results/20260803_care_ase_r2_full_fidelity_execution/running_training_user_override_receipt.json,
results/20260803_care_ase_r2_full_fidelity_execution/runtime/fold_1/checkpoint_step01000_receipt.json,
results/20260803_care_ase_r2_full_fidelity_execution/runtime/fold_1/chunk_start_00000_02000.json,
results/20260803_care_ase_r2_full_fidelity_execution/runtime/fold_4/checkpoint_step01000_receipt.json,
results/20260803_care_ase_r2_full_fidelity_execution/runtime/fold_4/chunk_start_00000_02000.json,
results/20260803_care_ase_r2_full_fidelity_execution/sampler_400_step_full_composition_receipt.json,
results/20260803_care_ase_r2_full_fidelity_execution/sampler_static_contract.json,
results/20260803_care_ase_r2_full_fidelity_execution/scheduler_static_contract.json,
results/20260803_care_ase_r2_full_fidelity_execution/semantic_loss_coverage.json,
results/20260803_care_ase_r2_full_fidelity_execution/source_hash_manifest.json,
results/20260803_care_ase_r2_full_fidelity_execution/split_and_outer_access_receipt.json,
results/20260803_care_ase_r2_full_fidelity_execution/training_cancellation_and_interactive_reallocation_receipt.json,
results/20260803_care_ase_r2_full_fidelity_execution/training_source_commit_receipt.json,
results/20260803_care_ase_r2_full_fidelity_execution/w1_behavior_implementation_source_manifest.json,
results/20260803_care_ase_r2_last_hotfix_v9/MANIFEST.json,
results/20260803_care_ase_r2_last_hotfix_v9/MANIFEST.md,
results/20260803_care_ase_r2_last_hotfix_v9/additional_real_mutation_detection_report.json,
results/20260803_care_ase_r2_last_hotfix_v9/architecture_delta_final.md,
results/20260803_care_ase_r2_last_hotfix_v9/area_reference_receipt.json,
results/20260803_care_ase_r2_last_hotfix_v9/augmentation_source_z_authority_receipt.json,
results/20260803_care_ase_r2_last_hotfix_v9/canned_pass_oracle_audit.json,
results/20260803_care_ase_r2_last_hotfix_v9/canonical_stock_oof_provenance_receipt.json,
results/20260803_care_ase_r2_last_hotfix_v9/checkpoint_formal_reload_receipt.json,
results/20260803_care_ase_r2_last_hotfix_v9/checkpoint_schema_contract.json,
results/20260803_care_ase_r2_last_hotfix_v9/clean_worktree_runtime_allowlist_receipt.json,
results/20260803_care_ase_r2_last_hotfix_v9/code_review_request.json,
results/20260803_care_ase_r2_last_hotfix_v9/code_review_request.md,
results/20260803_care_ase_r2_last_hotfix_v9/completion_check.md,
results/20260803_care_ase_r2_last_hotfix_v9/contract_to_code_coverage.json,
results/20260803_care_ase_r2_last_hotfix_v9/controller_bootstrap_snapshot.md,
results/20260803_care_ase_r2_last_hotfix_v9/controller_context.json,
results/20260803_care_ase_r2_last_hotfix_v9/controller_ledger.csv,
results/20260803_care_ase_r2_last_hotfix_v9/controller_report.md,
results/20260803_care_ase_r2_last_hotfix_v9/critical_source_manifest.json,
results/20260803_care_ase_r2_last_hotfix_v9/deployment_bundle_contract.json,
results/20260803_care_ase_r2_last_hotfix_v9/deployment_checkpoint_receipt.json,
results/20260803_care_ase_r2_last_hotfix_v9/effective_contract_receipt.json,
results/20260803_care_ase_r2_last_hotfix_v9/environment_binding_receipt.json,
results/20260803_care_ase_r2_last_hotfix_v9/executor_plan_validation_receipt.json,
results/20260803_care_ase_r2_last_hotfix_v9/extent_transformed_footprint_receipt.json,
results/20260803_care_ase_r2_last_hotfix_v9/formal_call_chain.json,
results/20260803_care_ase_r2_last_hotfix_v9/full_case_target_cache_manifest_fold1.json,
results/20260803_care_ase_r2_last_hotfix_v9/full_case_target_cache_manifest_fold4.json,
results/20260803_care_ase_r2_last_hotfix_v9/full_volume_counting_receipt.json,
results/20260803_care_ase_r2_last_hotfix_v9/full_volume_extent_aggregation_oracle.json,
results/20260803_care_ase_r2_last_hotfix_v9/full_volume_nonzero_oracle.json,
results/20260803_care_ase_r2_last_hotfix_v9/full_volume_step0_parity_fold1.json,
results/20260803_care_ase_r2_last_hotfix_v9/full_volume_step0_parity_fold4.json,
results/20260803_care_ase_r2_last_hotfix_v9/full_volume_stock_contract_receipt.json,
results/20260803_care_ase_r2_last_hotfix_v9/g1_receipt.json,
results/20260803_care_ase_r2_last_hotfix_v9/g1_source_sha_manifest.json,
results/20260803_care_ase_r2_last_hotfix_v9/g1_static_implementation_gate_receipt.json,
results/20260803_care_ase_r2_last_hotfix_v9/gpu_probe_budget_receipt.json,
results/20260803_care_ase_r2_last_hotfix_v9/gpu_probe_fold1_exact_resume.json,
results/20260803_care_ase_r2_last_hotfix_v9/gpu_probe_fold1_uninterrupted.json,
results/20260803_care_ase_r2_last_hotfix_v9/gpu_probe_fold4_exact_resume.json,
results/20260803_care_ase_r2_last_hotfix_v9/gpu_probe_fold4_uninterrupted.json,
results/20260803_care_ase_r2_last_hotfix_v9/gpu_probe_summary.json,
results/20260803_care_ase_r2_last_hotfix_v9/hard_negative_manifest_fold1.json,
results/20260803_care_ase_r2_last_hotfix_v9/hard_negative_manifest_fold4.json,
results/20260803_care_ase_r2_last_hotfix_v9/implementation_snapshot.md,
results/20260803_care_ase_r2_last_hotfix_v9/inner_monitor_and_selector_contract.json,
results/20260803_care_ase_r2_last_hotfix_v9/known_bad_fixtures/area_reference_hardcoded_0_20_0_30/known_bad_fixture_receipt.json,
results/20260803_care_ase_r2_last_hotfix_v9/known_bad_fixtures/augmentation_uses_final_patch_instead_of_initial_patch/known_bad_fixture_receipt.json,
results/20260803_care_ase_r2_last_hotfix_v9/known_bad_fixtures/center_cycle_or_10_5_5_broken/known_bad_fixture_receipt.json,
results/20260803_care_ase_r2_last_hotfix_v9/known_bad_fixtures/concatenate_all_evidence_one_projection/known_bad_fixture_receipt.json,
results/20260803_care_ase_r2_last_hotfix_v9/known_bad_fixtures/count_only_hard_negative_manifest/known_bad_fixture_receipt.json,
results/20260803_care_ase_r2_last_hotfix_v9/known_bad_fixtures/delete_semantic_auxiliary_loss__anatomy4/known_bad_fixture_receipt.json,
results/20260803_care_ase_r2_last_hotfix_v9/known_bad_fixtures/delete_semantic_auxiliary_loss__distance/known_bad_fixture_receipt.json,
results/20260803_care_ase_r2_last_hotfix_v9/known_bad_fixtures/delete_semantic_auxiliary_loss__edema_boundary/known_bad_fixture_receipt.json,
results/20260803_care_ase_r2_last_hotfix_v9/known_bad_fixtures/delete_semantic_auxiliary_loss__edema_context/known_bad_fixture_receipt.json,
results/20260803_care_ase_r2_last_hotfix_v9/known_bad_fixtures/delete_semantic_auxiliary_loss__edema_dense/known_bad_fixture_receipt.json,
results/20260803_care_ase_r2_last_hotfix_v9/known_bad_fixtures/delete_semantic_auxiliary_loss__edema_extent/known_bad_fixture_receipt.json,
results/20260803_care_ase_r2_last_hotfix_v9/known_bad_fixtures/delete_semantic_auxiliary_loss__final_competition/known_bad_fixture_receipt.json,
results/20260803_care_ase_r2_last_hotfix_v9/known_bad_fixtures/delete_semantic_auxiliary_loss__injury/known_bad_fixture_receipt.json,
results/20260803_care_ase_r2_last_hotfix_v9/known_bad_fixtures/delete_semantic_auxiliary_loss__relation/known_bad_fixture_receipt.json,
results/20260803_care_ase_r2_last_hotfix_v9/known_bad_fixtures/delete_semantic_auxiliary_loss__scar_center/known_bad_fixture_receipt.json,
results/20260803_care_ase_r2_last_hotfix_v9/known_bad_fixtures/delete_semantic_auxiliary_loss__scar_component/known_bad_fixture_receipt.json,
results/20260803_care_ase_r2_last_hotfix_v9/known_bad_fixtures/delete_semantic_auxiliary_loss__scar_context/known_bad_fixture_receipt.json,
results/20260803_care_ase_r2_last_hotfix_v9/known_bad_fixtures/delete_semantic_auxiliary_loss__scar_dense/known_bad_fixture_receipt.json,
results/20260803_care_ase_r2_last_hotfix_v9/known_bad_fixtures/delete_semantic_auxiliary_loss__scar_extent/known_bad_fixture_receipt.json,
results/20260803_care_ase_r2_last_hotfix_v9/known_bad_fixtures/delete_semantic_auxiliary_loss__wall/known_bad_fixture_receipt.json,
results/20260803_care_ase_r2_last_hotfix_v9/known_bad_fixtures/edema_metric_mixes_no_t2/known_bad_fixture_receipt.json,
results/20260803_care_ase_r2_last_hotfix_v9/known_bad_fixtures/extent_patch_local_bias_averaged_across_multiwindow_inference/known_bad_fixture_receipt.json,
results/20260803_care_ase_r2_last_hotfix_v9/known_bad_fixtures/hard_negative_manifest_not_consumed/known_bad_fixture_receipt.json,
results/20260803_care_ase_r2_last_hotfix_v9/known_bad_fixtures/missing_checkpoint_field/known_bad_fixture_receipt.json,
results/20260803_care_ase_r2_last_hotfix_v9/known_bad_fixtures/no_t2_class4_background/known_bad_fixture_receipt.json,
results/20260803_care_ase_r2_last_hotfix_v9/known_bad_fixtures/no_t2_edema_gradient_nonzero/known_bad_fixture_receipt.json,
results/20260803_care_ase_r2_last_hotfix_v9/known_bad_fixtures/outer_before_w45/known_bad_fixture_receipt.json,
results/20260803_care_ase_r2_last_hotfix_v9/known_bad_fixtures/pathology_deep_supervision_missing/known_bad_fixture_receipt.json,
results/20260803_care_ase_r2_last_hotfix_v9/known_bad_fixtures/proxy_loss_targets/known_bad_fixture_receipt.json,
results/20260803_care_ase_r2_last_hotfix_v9/known_bad_fixtures/remove_anatomy_half_ds/known_bad_fixture_receipt.json,
results/20260803_care_ase_r2_last_hotfix_v9/known_bad_fixtures/require_CommitA_equals_CommitB/known_bad_fixture_receipt.json,
results/20260803_care_ase_r2_last_hotfix_v9/known_bad_fixtures/resume_not_restore_sampler_or_next_hash/known_bad_fixture_receipt.json,
results/20260803_care_ase_r2_last_hotfix_v9/known_bad_fixtures/retain_AuxiliaryHalfFeatureTower/known_bad_fixture_receipt.json,
results/20260803_care_ase_r2_last_hotfix_v9/known_bad_fixtures/reverse_quarter_half_scar_proposal_wiring/known_bad_fixture_receipt.json,
results/20260803_care_ase_r2_last_hotfix_v9/known_bad_fixtures/reviewer_only_checks_aggregate_branch_gradient/known_bad_fixture_receipt.json,
results/20260803_care_ase_r2_last_hotfix_v9/known_bad_fixtures/same_shape_wrong_affine_or_orientation_oof/known_bad_fixture_receipt.json,
results/20260803_care_ase_r2_last_hotfix_v9/known_bad_fixtures/scheduler_none_or_static_lr/known_bad_fixture_receipt.json,
results/20260803_care_ase_r2_last_hotfix_v9/known_bad_fixtures/segmentation_padding_changed_to_0/known_bad_fixture_receipt.json,
results/20260803_care_ase_r2_last_hotfix_v9/known_bad_fixtures/send_boundary_into_edema_half_stage/known_bad_fixture_receipt.json,
results/20260803_care_ase_r2_last_hotfix_v9/known_bad_fixtures/send_injury_into_edema_half_stage/known_bad_fixture_receipt.json,
results/20260803_care_ase_r2_last_hotfix_v9/known_bad_fixtures/stage_2000_4000_8000/known_bad_fixture_receipt.json,
results/20260803_care_ase_r2_last_hotfix_v9/known_bad_fixtures/stage_A_B_complete_only/known_bad_fixture_receipt.json,
results/20260803_care_ase_r2_last_hotfix_v9/known_bad_fixtures/weak_lge_gate_reset_to_0/known_bad_fixture_receipt.json,
results/20260803_care_ase_r2_last_hotfix_v9/known_bad_fixtures/wrapper_points_old_entry/known_bad_fixture_receipt.json,
results/20260803_care_ase_r2_last_hotfix_v9/known_bad_validator_report.json,
results/20260803_care_ase_r2_last_hotfix_v9/lock_step_heartbeat_receipt.json,
results/20260803_care_ase_r2_last_hotfix_v9/mapper_report_draft.md,
results/20260803_care_ase_r2_last_hotfix_v9/mapper_report_final.md,
results/20260803_care_ase_r2_last_hotfix_v9/named_evidence_intervention_casewise.csv,
results/20260803_care_ase_r2_last_hotfix_v9/named_evidence_liveness_fold1.json,
results/20260803_care_ase_r2_last_hotfix_v9/named_evidence_liveness_fold4.json,
results/20260803_care_ase_r2_last_hotfix_v9/no_t2_rowwise_receipt.json,
results/20260803_care_ase_r2_last_hotfix_v9/notification_brief.json,
results/20260803_care_ase_r2_last_hotfix_v9/oof_inheritance_or_regeneration_receipt.json,
results/20260803_care_ase_r2_last_hotfix_v9/outer_once_transaction_contract.json,
results/20260803_care_ase_r2_last_hotfix_v9/pretraining_external_review_request.json,
results/20260803_care_ase_r2_last_hotfix_v9/pytest_receipt.json,
results/20260803_care_ase_r2_last_hotfix_v9/real_mutation_detection_report.json,
results/20260803_care_ase_r2_last_hotfix_v9/resume_stock_checkpoint_binding_receipt.json,
results/20260803_care_ase_r2_last_hotfix_v9/runtime_input_bundle.json,
results/20260803_care_ase_r2_last_hotfix_v9/runtime_write_isolation_receipt.json,
results/20260803_care_ase_r2_last_hotfix_v9/sampler_focus_resolution_receipt.json,
results/20260803_care_ase_r2_last_hotfix_v9/sampler_static_contract.json,
results/20260803_care_ase_r2_last_hotfix_v9/scar_center_transform_receipt.json,
results/20260803_care_ase_r2_last_hotfix_v9/scheduler_static_contract.json,
results/20260803_care_ase_r2_last_hotfix_v9/semantic_loss_coverage.json,
results/20260803_care_ase_r2_last_hotfix_v9/signal_preemption_contract_receipt.json,
results/20260803_care_ase_r2_last_hotfix_v9/stage_abc_transactional_runtime_oracle.json,
results/20260803_care_ase_r2_last_hotfix_v9/stage_c_sampler_composition_receipt.json,
results/20260803_care_ase_r2_last_hotfix_v9/stock_full_volume_inference_contract.json,
results/20260803_care_ase_r2_last_hotfix_v9/target_manifest_runtime_verification_receipt.json,
results/20260803_care_ase_r2_last_hotfix_v9/training_runtime_eta_receipt.json,
results/20260803_care_ase_r2_last_hotfix_v9/v8_supersession_receipt.json,
results/20260803_care_ase_r2_pretraining_fidelity_repair_v4/MANIFEST.md,
results/20260803_care_ase_r2_pretraining_fidelity_repair_v4/attachment_issue_closure_matrix.csv,
results/20260803_care_ase_r2_pretraining_fidelity_repair_v4/auxiliary_head_source_graph.json,
results/20260803_care_ase_r2_pretraining_fidelity_repair_v4/binary_dice_denominator_audit.csv,
results/20260803_care_ase_r2_pretraining_fidelity_repair_v4/binary_empty_gt_semantics_oracle.json,
results/20260803_care_ase_r2_pretraining_fidelity_repair_v4/boundary_head_contract_receipt.json,
results/20260803_care_ase_r2_pretraining_fidelity_repair_v4/canonical_oof_preprocessed_grid_binding.json,
results/20260803_care_ase_r2_pretraining_fidelity_repair_v4/canonical_oof_roundtrip_geometry_oracle.json,
results/20260803_care_ase_r2_pretraining_fidelity_repair_v4/canonical_oof_visual_overlay_manifest.json,
results/20260803_care_ase_r2_pretraining_fidelity_repair_v4/canonical_stock_oof_provenance_receipt.json,
results/20260803_care_ase_r2_pretraining_fidelity_repair_v4/center_case_coverage_400_step.json,
results/20260803_care_ase_r2_pretraining_fidelity_repair_v4/center_case_coverage_stageC_400_step.json,
results/20260803_care_ase_r2_pretraining_fidelity_repair_v4/checkpoint_provenance_validation_oracle.json,
results/20260803_care_ase_r2_pretraining_fidelity_repair_v4/checkpoint_schema_contract.json,
results/20260803_care_ase_r2_pretraining_fidelity_repair_v4/completion_check.json,
results/20260803_care_ase_r2_pretraining_fidelity_repair_v4/completion_check.md,
results/20260803_care_ase_r2_pretraining_fidelity_repair_v4/component_tversky_multi_component_oracle.json,
results/20260803_care_ase_r2_pretraining_fidelity_repair_v4/component_weight_normalization_oracle.json,
results/20260803_care_ase_r2_pretraining_fidelity_repair_v4/context_all_ignore_oracle.json,
results/20260803_care_ase_r2_pretraining_fidelity_repair_v4/context_all_state_priority_oracle.json,
results/20260803_care_ase_r2_pretraining_fidelity_repair_v4/context_loss_normalization_receipt.json,
results/20260803_care_ase_r2_pretraining_fidelity_repair_v4/contract_to_code_coverage.json,
results/20260803_care_ase_r2_pretraining_fidelity_repair_v4/controller_report.md,
results/20260803_care_ase_r2_pretraining_fidelity_repair_v4/cpu_gpu_sync_audit.json,
results/20260803_care_ase_r2_pretraining_fidelity_repair_v4/critical_source_sha256_manifest.json,
results/20260803_care_ase_r2_pretraining_fidelity_repair_v4/denominator_audit.csv,
results/20260803_care_ase_r2_pretraining_fidelity_repair_v4/dynamic_encoder_stage_registry.json,
results/20260803_care_ase_r2_pretraining_fidelity_repair_v4/dynamic_plan_introspection_receipt.json,
results/20260803_care_ase_r2_pretraining_fidelity_repair_v4/edema_boundary_degenerate_mask_oracle.json,
results/20260803_care_ase_r2_pretraining_fidelity_repair_v4/effective_contract_v4.json,
results/20260803_care_ase_r2_pretraining_fidelity_repair_v4/effective_contract_v4.sha256,
results/20260803_care_ase_r2_pretraining_fidelity_repair_v4/evidence_channel_ledger.json,
results/20260803_care_ase_r2_pretraining_fidelity_repair_v4/exact_resume_behavioral_equivalence.json,
results/20260803_care_ase_r2_pretraining_fidelity_repair_v4/expanded_mutation_detection_report.json,
results/20260803_care_ase_r2_pretraining_fidelity_repair_v4/extent_empty_wall_fallback_receipt.json,
results/20260803_care_ase_r2_pretraining_fidelity_repair_v4/extent_per_slice_contract_receipt.json,
results/20260803_care_ase_r2_pretraining_fidelity_repair_v4/extent_physical_slice_mapping_receipt.json,
results/20260803_care_ase_r2_pretraining_fidelity_repair_v4/extent_train_inference_identity_oracle.json,
results/20260803_care_ase_r2_pretraining_fidelity_repair_v4/external_review_permit_enforcement_oracle.json,
results/20260803_care_ase_r2_pretraining_fidelity_repair_v4/fake_half_resolution_mutation_report.json,
results/20260803_care_ase_r2_pretraining_fidelity_repair_v4/focal_alpha_balance_oracle.json,
results/20260803_care_ase_r2_pretraining_fidelity_repair_v4/formal_call_chain.json,
results/20260803_care_ase_r2_pretraining_fidelity_repair_v4/formal_pipeline_throughput_fold1.json,
results/20260803_care_ase_r2_pretraining_fidelity_repair_v4/formal_pipeline_throughput_fold4.json,
results/20260803_care_ase_r2_pretraining_fidelity_repair_v4/g1_source_sha_manifest.json,
results/20260803_care_ase_r2_pretraining_fidelity_repair_v4/g1_static_implementation_gate_receipt.json,
results/20260803_care_ase_r2_pretraining_fidelity_repair_v4/g1_static_implementation_gate_receipt_v4.json,
results/20260803_care_ase_r2_pretraining_fidelity_repair_v4/g2_real_gpu_fidelity_receipt.json,
results/20260803_care_ase_r2_pretraining_fidelity_repair_v4/g2_real_gpu_fidelity_receipt_fold1.json,
results/20260803_care_ase_r2_pretraining_fidelity_repair_v4/g2_real_gpu_fidelity_receipt_fold4.json,
results/20260803_care_ase_r2_pretraining_fidelity_repair_v4/g2_real_gpu_fidelity_receipt_v4.json,
results/20260803_care_ase_r2_pretraining_fidelity_repair_v4/geometry_cross_slice_leakage_oracle.json,
results/20260803_care_ase_r2_pretraining_fidelity_repair_v4/gradient_scale_audit.csv,
results/20260803_care_ase_r2_pretraining_fidelity_repair_v4/half_scale_feature_provenance.json,
results/20260803_care_ase_r2_pretraining_fidelity_repair_v4/implementation_gap_closure.json,
results/20260803_care_ase_r2_pretraining_fidelity_repair_v4/independent_parameter_group_oracle.json,
results/20260803_care_ase_r2_pretraining_fidelity_repair_v4/independent_semantic_review.md,
results/20260803_care_ase_r2_pretraining_fidelity_repair_v4/known_bad_fixtures/area_reference_hardcoded_0_20_0_30/known_bad_fixture_receipt.json,
results/20260803_care_ase_r2_pretraining_fidelity_repair_v4/known_bad_fixtures/center_cycle_or_10_5_5_broken/known_bad_fixture_receipt.json,
results/20260803_care_ase_r2_pretraining_fidelity_repair_v4/known_bad_fixtures/count_only_hard_negative_manifest/known_bad_fixture_receipt.json,
results/20260803_care_ase_r2_pretraining_fidelity_repair_v4/known_bad_fixtures/delete_semantic_auxiliary_loss__anatomy4/known_bad_fixture_receipt.json,
results/20260803_care_ase_r2_pretraining_fidelity_repair_v4/known_bad_fixtures/delete_semantic_auxiliary_loss__distance/known_bad_fixture_receipt.json,
results/20260803_care_ase_r2_pretraining_fidelity_repair_v4/known_bad_fixtures/delete_semantic_auxiliary_loss__edema_boundary/known_bad_fixture_receipt.json,
results/20260803_care_ase_r2_pretraining_fidelity_repair_v4/known_bad_fixtures/delete_semantic_auxiliary_loss__edema_context/known_bad_fixture_receipt.json,
results/20260803_care_ase_r2_pretraining_fidelity_repair_v4/known_bad_fixtures/delete_semantic_auxiliary_loss__edema_dense/known_bad_fixture_receipt.json,
results/20260803_care_ase_r2_pretraining_fidelity_repair_v4/known_bad_fixtures/delete_semantic_auxiliary_loss__edema_extent/known_bad_fixture_receipt.json,
results/20260803_care_ase_r2_pretraining_fidelity_repair_v4/known_bad_fixtures/delete_semantic_auxiliary_loss__final_competition/known_bad_fixture_receipt.json,
results/20260803_care_ase_r2_pretraining_fidelity_repair_v4/known_bad_fixtures/delete_semantic_auxiliary_loss__injury/known_bad_fixture_receipt.json,
results/20260803_care_ase_r2_pretraining_fidelity_repair_v4/known_bad_fixtures/delete_semantic_auxiliary_loss__relation/known_bad_fixture_receipt.json,
results/20260803_care_ase_r2_pretraining_fidelity_repair_v4/known_bad_fixtures/delete_semantic_auxiliary_loss__scar_center/known_bad_fixture_receipt.json,
results/20260803_care_ase_r2_pretraining_fidelity_repair_v4/known_bad_fixtures/delete_semantic_auxiliary_loss__scar_component/known_bad_fixture_receipt.json,
results/20260803_care_ase_r2_pretraining_fidelity_repair_v4/known_bad_fixtures/delete_semantic_auxiliary_loss__scar_context/known_bad_fixture_receipt.json,
results/20260803_care_ase_r2_pretraining_fidelity_repair_v4/known_bad_fixtures/delete_semantic_auxiliary_loss__scar_dense/known_bad_fixture_receipt.json,
results/20260803_care_ase_r2_pretraining_fidelity_repair_v4/known_bad_fixtures/delete_semantic_auxiliary_loss__scar_extent/known_bad_fixture_receipt.json,
results/20260803_care_ase_r2_pretraining_fidelity_repair_v4/known_bad_fixtures/delete_semantic_auxiliary_loss__wall/known_bad_fixture_receipt.json,
results/20260803_care_ase_r2_pretraining_fidelity_repair_v4/known_bad_fixtures/edema_metric_mixes_no_t2/known_bad_fixture_receipt.json,
results/20260803_care_ase_r2_pretraining_fidelity_repair_v4/known_bad_fixtures/hard_negative_manifest_not_consumed/known_bad_fixture_receipt.json,
results/20260803_care_ase_r2_pretraining_fidelity_repair_v4/known_bad_fixtures/missing_checkpoint_field/known_bad_fixture_receipt.json,
results/20260803_care_ase_r2_pretraining_fidelity_repair_v4/known_bad_fixtures/no_t2_class4_background/known_bad_fixture_receipt.json,
results/20260803_care_ase_r2_pretraining_fidelity_repair_v4/known_bad_fixtures/no_t2_edema_gradient_nonzero/known_bad_fixture_receipt.json,
results/20260803_care_ase_r2_pretraining_fidelity_repair_v4/known_bad_fixtures/outer_before_w45/known_bad_fixture_receipt.json,
results/20260803_care_ase_r2_pretraining_fidelity_repair_v4/known_bad_fixtures/pathology_deep_supervision_missing/known_bad_fixture_receipt.json,
results/20260803_care_ase_r2_pretraining_fidelity_repair_v4/known_bad_fixtures/proxy_loss_targets/known_bad_fixture_receipt.json,
results/20260803_care_ase_r2_pretraining_fidelity_repair_v4/known_bad_fixtures/resume_not_restore_sampler_or_next_hash/known_bad_fixture_receipt.json,
results/20260803_care_ase_r2_pretraining_fidelity_repair_v4/known_bad_fixtures/scheduler_none_or_static_lr/known_bad_fixture_receipt.json,
results/20260803_care_ase_r2_pretraining_fidelity_repair_v4/known_bad_fixtures/stage_2000_4000_8000/known_bad_fixture_receipt.json,
results/20260803_care_ase_r2_pretraining_fidelity_repair_v4/known_bad_fixtures/stage_A_B_complete_only/known_bad_fixture_receipt.json,
results/20260803_care_ase_r2_pretraining_fidelity_repair_v4/known_bad_fixtures/wrapper_points_old_entry/known_bad_fixture_receipt.json,
results/20260803_care_ase_r2_pretraining_fidelity_repair_v4/known_bad_validator_report.json,
results/20260803_care_ase_r2_pretraining_fidelity_repair_v4/loss_formula_hand_oracle.json,
results/20260803_care_ase_r2_pretraining_fidelity_repair_v4/loss_scale_audit.csv,
results/20260803_care_ase_r2_pretraining_fidelity_repair_v4/microbatch_bundle_exact_resume.json,
results/20260803_care_ase_r2_pretraining_fidelity_repair_v4/microbatch_independent_case_oracle.json,
results/20260803_care_ase_r2_pretraining_fidelity_repair_v4/modality_adapter_channel_fidelity_fold1.json,
results/20260803_care_ase_r2_pretraining_fidelity_repair_v4/modality_adapter_channel_fidelity_fold4.json,
results/20260803_care_ase_r2_pretraining_fidelity_repair_v4/modality_adapter_intervention_receipt.json,
results/20260803_care_ase_r2_pretraining_fidelity_repair_v4/module_alias_registry.json,
results/20260803_care_ase_r2_pretraining_fidelity_repair_v4/no_silent_truncation_mutation_report.json,
results/20260803_care_ase_r2_pretraining_fidelity_repair_v4/normal_forward_stock_pathology_logit_trace.json,
results/20260803_care_ase_r2_pretraining_fidelity_repair_v4/outer_permit_checkpoint_binding_oracle.json,
results/20260803_care_ase_r2_pretraining_fidelity_repair_v4/outer_permit_single_use_mutation_report.json,
results/20260803_care_ase_r2_pretraining_fidelity_repair_v4/parallel_artifact_race_oracle.json,
results/20260803_care_ase_r2_pretraining_fidelity_repair_v4/parameter_group_coverage.json,
results/20260803_care_ase_r2_pretraining_fidelity_repair_v4/parameter_group_coverage_fold1.json,
results/20260803_care_ase_r2_pretraining_fidelity_repair_v4/parameter_group_coverage_fold4.json,
results/20260803_care_ase_r2_pretraining_fidelity_repair_v4/physical_target_contract_receipt.json,
results/20260803_care_ase_r2_pretraining_fidelity_repair_v4/repaired_training_source_candidate_receipt.json,
results/20260803_care_ase_r2_pretraining_fidelity_repair_v4/resume_hash_rejection_oracle.json,
results/20260803_care_ase_r2_pretraining_fidelity_repair_v4/reviewer_semantic/R_V4_SEMANTIC_ORACLE/commands_and_exit_codes.json,
results/20260803_care_ase_r2_pretraining_fidelity_repair_v4/reviewer_semantic/R_V4_SEMANTIC_ORACLE/review.json,
results/20260803_care_ase_r2_pretraining_fidelity_repair_v4/reviewer_semantic/R_V4_SEMANTIC_ORACLE/review.md,
results/20260803_care_ase_r2_pretraining_fidelity_repair_v4/reviewer_semantic/R_V4_SEMANTIC_ORACLE/reviewed_sha_manifest.json,
results/20260803_care_ase_r2_pretraining_fidelity_repair_v4/sampler_400_step_full_composition_receipt.json,
results/20260803_care_ase_r2_pretraining_fidelity_repair_v4/sampler_400_step_microbatch_audit.json,
results/20260803_care_ase_r2_pretraining_fidelity_repair_v4/sampler_fallback_casewise_receipt.json,
results/20260803_care_ase_r2_pretraining_fidelity_repair_v4/sampler_spatial_mask_oracle.json,
results/20260803_care_ase_r2_pretraining_fidelity_repair_v4/sampler_static_contract.json,
results/20260803_care_ase_r2_pretraining_fidelity_repair_v4/scale_specific_modality_adapter_registry.json,
results/20260803_care_ase_r2_pretraining_fidelity_repair_v4/scheduler_static_contract.json,
results/20260803_care_ase_r2_pretraining_fidelity_repair_v4/semantic_loss_coverage.json,
results/20260803_care_ase_r2_pretraining_fidelity_repair_v4/single_shared_decoder_forward_receipt.json,
results/20260803_care_ase_r2_pretraining_fidelity_repair_v4/stale_lock_recovery_oracle.json,
results/20260803_care_ase_r2_pretraining_fidelity_repair_v4/state_dict_alias_audit.json,
results/20260803_care_ase_r2_pretraining_fidelity_repair_v4/stock_deep_supervision_weight_binding.json,
results/20260803_care_ase_r2_pretraining_fidelity_repair_v4/strict_validator_report.json,
results/20260803_care_ase_r2_pretraining_fidelity_repair_v4/target_cache_provenance.json,
results/20260803_care_ase_r2_pretraining_fidelity_repair_v4/topology_valid_slice_oracle.json,
results/20260803_care_ase_r2_pretraining_fidelity_repair_v5/anatomy_deep_supervision_oracle.json,
results/20260803_care_ase_r2_pretraining_fidelity_repair_v5/augmentation_z_axis_semantics.json,
results/20260803_care_ase_r2_pretraining_fidelity_repair_v5/auxiliary_scale_wiring_oracle.json,
results/20260803_care_ase_r2_pretraining_fidelity_repair_v5/boundary_head_contract_receipt.json,
results/20260803_care_ase_r2_pretraining_fidelity_repair_v5/canned_pass_oracle_audit.json,
results/20260803_care_ase_r2_pretraining_fidelity_repair_v5/canonical_stock_oof_provenance_receipt.json,
results/20260803_care_ase_r2_pretraining_fidelity_repair_v5/checkpoint_schema_contract.json,
results/20260803_care_ase_r2_pretraining_fidelity_repair_v5/commitA_critical_source_manifest.json,
results/20260803_care_ase_r2_pretraining_fidelity_repair_v5/context_loss_normalization_receipt.json,
results/20260803_care_ase_r2_pretraining_fidelity_repair_v5/contract_to_code_coverage.json,
results/20260803_care_ase_r2_pretraining_fidelity_repair_v5/delta_mutation_detection_report.json,
results/20260803_care_ase_r2_pretraining_fidelity_repair_v5/denominator_audit.csv,
results/20260803_care_ase_r2_pretraining_fidelity_repair_v5/detached_training_source_oracle.json,
results/20260803_care_ase_r2_pretraining_fidelity_repair_v5/exact_resume_behavioral_equivalence.json,
results/20260803_care_ase_r2_pretraining_fidelity_repair_v5/exact_resume_behavioral_equivalence_fold1.json,
results/20260803_care_ase_r2_pretraining_fidelity_repair_v5/exact_resume_behavioral_equivalence_fold4.json,
results/20260803_care_ase_r2_pretraining_fidelity_repair_v5/extent_per_slice_contract_receipt.json,
results/20260803_care_ase_r2_pretraining_fidelity_repair_v5/formal_call_chain.json,
results/20260803_care_ase_r2_pretraining_fidelity_repair_v5/full_checkpoint_reload_receipt.json,
results/20260803_care_ase_r2_pretraining_fidelity_repair_v5/full_volume_extent_aggregation_oracle.json,
results/20260803_care_ase_r2_pretraining_fidelity_repair_v5/full_volume_window_geometry_audit.json,
results/20260803_care_ase_r2_pretraining_fidelity_repair_v5/g1_source_sha_manifest.json,
results/20260803_care_ase_r2_pretraining_fidelity_repair_v5/g1_static_implementation_gate_receipt.json,
results/20260803_care_ase_r2_pretraining_fidelity_repair_v5/g2_real_gpu_fidelity_receipt.json,
results/20260803_care_ase_r2_pretraining_fidelity_repair_v5/g2_real_gpu_fidelity_receipt_fold1.json,
results/20260803_care_ase_r2_pretraining_fidelity_repair_v5/g2_real_gpu_fidelity_receipt_fold4.json,
results/20260803_care_ase_r2_pretraining_fidelity_repair_v5/gradient_scale_audit.csv,
results/20260803_care_ase_r2_pretraining_fidelity_repair_v5/implementation_gap_closure.json,
results/20260803_care_ase_r2_pretraining_fidelity_repair_v5/known_bad_fixtures/area_reference_hardcoded_0_20_0_30/known_bad_fixture_receipt.json,
results/20260803_care_ase_r2_pretraining_fidelity_repair_v5/known_bad_fixtures/augmentation_uses_final_patch_instead_of_initial_patch/known_bad_fixture_receipt.json,
results/20260803_care_ase_r2_pretraining_fidelity_repair_v5/known_bad_fixtures/center_cycle_or_10_5_5_broken/known_bad_fixture_receipt.json,
results/20260803_care_ase_r2_pretraining_fidelity_repair_v5/known_bad_fixtures/concatenate_all_evidence_one_projection/known_bad_fixture_receipt.json,
results/20260803_care_ase_r2_pretraining_fidelity_repair_v5/known_bad_fixtures/count_only_hard_negative_manifest/known_bad_fixture_receipt.json,
results/20260803_care_ase_r2_pretraining_fidelity_repair_v5/known_bad_fixtures/delete_semantic_auxiliary_loss__anatomy4/known_bad_fixture_receipt.json,
results/20260803_care_ase_r2_pretraining_fidelity_repair_v5/known_bad_fixtures/delete_semantic_auxiliary_loss__distance/known_bad_fixture_receipt.json,
results/20260803_care_ase_r2_pretraining_fidelity_repair_v5/known_bad_fixtures/delete_semantic_auxiliary_loss__edema_boundary/known_bad_fixture_receipt.json,
results/20260803_care_ase_r2_pretraining_fidelity_repair_v5/known_bad_fixtures/delete_semantic_auxiliary_loss__edema_context/known_bad_fixture_receipt.json,
results/20260803_care_ase_r2_pretraining_fidelity_repair_v5/known_bad_fixtures/delete_semantic_auxiliary_loss__edema_dense/known_bad_fixture_receipt.json,
results/20260803_care_ase_r2_pretraining_fidelity_repair_v5/known_bad_fixtures/delete_semantic_auxiliary_loss__edema_extent/known_bad_fixture_receipt.json,
results/20260803_care_ase_r2_pretraining_fidelity_repair_v5/known_bad_fixtures/delete_semantic_auxiliary_loss__final_competition/known_bad_fixture_receipt.json,
results/20260803_care_ase_r2_pretraining_fidelity_repair_v5/known_bad_fixtures/delete_semantic_auxiliary_loss__injury/known_bad_fixture_receipt.json,
results/20260803_care_ase_r2_pretraining_fidelity_repair_v5/known_bad_fixtures/delete_semantic_auxiliary_loss__relation/known_bad_fixture_receipt.json,
results/20260803_care_ase_r2_pretraining_fidelity_repair_v5/known_bad_fixtures/delete_semantic_auxiliary_loss__scar_center/known_bad_fixture_receipt.json,
results/20260803_care_ase_r2_pretraining_fidelity_repair_v5/known_bad_fixtures/delete_semantic_auxiliary_loss__scar_component/known_bad_fixture_receipt.json,
results/20260803_care_ase_r2_pretraining_fidelity_repair_v5/known_bad_fixtures/delete_semantic_auxiliary_loss__scar_context/known_bad_fixture_receipt.json,
results/20260803_care_ase_r2_pretraining_fidelity_repair_v5/known_bad_fixtures/delete_semantic_auxiliary_loss__scar_dense/known_bad_fixture_receipt.json,
results/20260803_care_ase_r2_pretraining_fidelity_repair_v5/known_bad_fixtures/delete_semantic_auxiliary_loss__scar_extent/known_bad_fixture_receipt.json,
results/20260803_care_ase_r2_pretraining_fidelity_repair_v5/known_bad_fixtures/delete_semantic_auxiliary_loss__wall/known_bad_fixture_receipt.json,
results/20260803_care_ase_r2_pretraining_fidelity_repair_v5/known_bad_fixtures/edema_metric_mixes_no_t2/known_bad_fixture_receipt.json,
results/20260803_care_ase_r2_pretraining_fidelity_repair_v5/known_bad_fixtures/extent_patch_local_bias_averaged_across_multiwindow_inference/known_bad_fixture_receipt.json,
results/20260803_care_ase_r2_pretraining_fidelity_repair_v5/known_bad_fixtures/hard_negative_manifest_not_consumed/known_bad_fixture_receipt.json,
results/20260803_care_ase_r2_pretraining_fidelity_repair_v5/known_bad_fixtures/missing_checkpoint_field/known_bad_fixture_receipt.json,
results/20260803_care_ase_r2_pretraining_fidelity_repair_v5/known_bad_fixtures/no_t2_class4_background/known_bad_fixture_receipt.json,
results/20260803_care_ase_r2_pretraining_fidelity_repair_v5/known_bad_fixtures/no_t2_edema_gradient_nonzero/known_bad_fixture_receipt.json,
results/20260803_care_ase_r2_pretraining_fidelity_repair_v5/known_bad_fixtures/outer_before_w45/known_bad_fixture_receipt.json,
results/20260803_care_ase_r2_pretraining_fidelity_repair_v5/known_bad_fixtures/pathology_deep_supervision_missing/known_bad_fixture_receipt.json,
results/20260803_care_ase_r2_pretraining_fidelity_repair_v5/known_bad_fixtures/proxy_loss_targets/known_bad_fixture_receipt.json,
results/20260803_care_ase_r2_pretraining_fidelity_repair_v5/known_bad_fixtures/remove_anatomy_half_ds/known_bad_fixture_receipt.json,
results/20260803_care_ase_r2_pretraining_fidelity_repair_v5/known_bad_fixtures/require_CommitA_equals_CommitB/known_bad_fixture_receipt.json,
results/20260803_care_ase_r2_pretraining_fidelity_repair_v5/known_bad_fixtures/resume_not_restore_sampler_or_next_hash/known_bad_fixture_receipt.json,
results/20260803_care_ase_r2_pretraining_fidelity_repair_v5/known_bad_fixtures/retain_AuxiliaryHalfFeatureTower/known_bad_fixture_receipt.json,
results/20260803_care_ase_r2_pretraining_fidelity_repair_v5/known_bad_fixtures/reverse_quarter_half_scar_proposal_wiring/known_bad_fixture_receipt.json,
results/20260803_care_ase_r2_pretraining_fidelity_repair_v5/known_bad_fixtures/reviewer_only_checks_aggregate_branch_gradient/known_bad_fixture_receipt.json,
results/20260803_care_ase_r2_pretraining_fidelity_repair_v5/known_bad_fixtures/same_shape_wrong_affine_or_orientation_oof/known_bad_fixture_receipt.json,
results/20260803_care_ase_r2_pretraining_fidelity_repair_v5/known_bad_fixtures/scheduler_none_or_static_lr/known_bad_fixture_receipt.json,
results/20260803_care_ase_r2_pretraining_fidelity_repair_v5/known_bad_fixtures/segmentation_padding_changed_to_0/known_bad_fixture_receipt.json,
results/20260803_care_ase_r2_pretraining_fidelity_repair_v5/known_bad_fixtures/send_boundary_into_edema_half_stage/known_bad_fixture_receipt.json,
results/20260803_care_ase_r2_pretraining_fidelity_repair_v5/known_bad_fixtures/send_injury_into_edema_half_stage/known_bad_fixture_receipt.json,
results/20260803_care_ase_r2_pretraining_fidelity_repair_v5/known_bad_fixtures/stage_2000_4000_8000/known_bad_fixture_receipt.json,
results/20260803_care_ase_r2_pretraining_fidelity_repair_v5/known_bad_fixtures/stage_A_B_complete_only/known_bad_fixture_receipt.json,
results/20260803_care_ase_r2_pretraining_fidelity_repair_v5/known_bad_fixtures/weak_lge_gate_reset_to_0/known_bad_fixture_receipt.json,
results/20260803_care_ase_r2_pretraining_fidelity_repair_v5/known_bad_fixtures/wrapper_points_old_entry/known_bad_fixture_receipt.json,
results/20260803_care_ase_r2_pretraining_fidelity_repair_v5/known_bad_validator_report.json,
results/20260803_care_ase_r2_pretraining_fidelity_repair_v5/loss_scale_audit.csv,
results/20260803_care_ase_r2_pretraining_fidelity_repair_v5/named_evidence_projection_gradient_fold1.json,
results/20260803_care_ase_r2_pretraining_fidelity_repair_v5/named_evidence_projection_gradient_fold4.json,
results/20260803_care_ase_r2_pretraining_fidelity_repair_v5/named_evidence_projection_intervention_fold1.json,
results/20260803_care_ase_r2_pretraining_fidelity_repair_v5/named_evidence_projection_intervention_fold4.json,
results/20260803_care_ase_r2_pretraining_fidelity_repair_v5/named_evidence_projection_registry.json,
results/20260803_care_ase_r2_pretraining_fidelity_repair_v5/no_uncontracted_auxiliary_decoder_oracle.json,
results/20260803_care_ase_r2_pretraining_fidelity_repair_v5/outer_access_audit_receipt_fold1.json,
results/20260803_care_ase_r2_pretraining_fidelity_repair_v5/outer_access_audit_receipt_fold4.json,
results/20260803_care_ase_r2_pretraining_fidelity_repair_v5/padding_ignore_semantics_oracle.json,
results/20260803_care_ase_r2_pretraining_fidelity_repair_v5/padding_target_gradient_zero_oracle.json,
results/20260803_care_ase_r2_pretraining_fidelity_repair_v5/parameter_group_coverage.json,
results/20260803_care_ase_r2_pretraining_fidelity_repair_v5/pathology_feature_ownership_oracle.json,
results/20260803_care_ase_r2_pretraining_fidelity_repair_v5/physical_target_contract_receipt.json,
results/20260803_care_ase_r2_pretraining_fidelity_repair_v5/review_packet_file_list.txt,
results/20260803_care_ase_r2_pretraining_fidelity_repair_v5/review_packet_file_manifest.json,
results/20260803_care_ase_r2_pretraining_fidelity_repair_v5/reviewer_semantic/RV5-D6/commands_and_exit_codes.json,
results/20260803_care_ase_r2_pretraining_fidelity_repair_v5/reviewer_semantic/RV5-D6/review.json,
results/20260803_care_ase_r2_pretraining_fidelity_repair_v5/reviewer_semantic/RV5-D6/review.md,
results/20260803_care_ase_r2_pretraining_fidelity_repair_v5/reviewer_semantic/RV5-D6/reviewed_sha_manifest.json,
results/20260803_care_ase_r2_pretraining_fidelity_repair_v5/sampler_400_step_full_composition_receipt.json,
results/20260803_care_ase_r2_pretraining_fidelity_repair_v5/sampler_400_step_full_composition_receipt_fold1.json,
results/20260803_care_ase_r2_pretraining_fidelity_repair_v5/sampler_400_step_full_composition_receipt_fold4.json,
results/20260803_care_ase_r2_pretraining_fidelity_repair_v5/sampler_static_contract.json,
results/20260803_care_ase_r2_pretraining_fidelity_repair_v5/scheduler_static_contract.json,
results/20260803_care_ase_r2_pretraining_fidelity_repair_v5/semantic_loss_coverage.json,
results/20260803_care_ase_r2_pretraining_fidelity_repair_v5/stock_augmentation_runtime_binding.json,
results/20260803_care_ase_r2_pretraining_fidelity_repair_v5/stock_initial_patch_binding.json,
results/20260803_care_ase_r2_pretraining_fidelity_repair_v5/stock_load_and_clone_byte_coverage.json,
results/20260803_care_ase_r2_pretraining_fidelity_repair_v5/stock_stagewise_parameter_parity.json,
results/20260803_care_ase_r2_pretraining_fidelity_repair_v5/three_high_resolution_path_registry.json,
results/20260803_care_ase_r2_pretraining_fidelity_repair_v5/two_commit_review_binding_oracle.json,
results/20260803_care_ase_r2_pretraining_fidelity_repair_v5/weak_lge_gate_v5_delta_oracle.json,
results/20260803_care_test_docker_myops_context_hotfix_and_workstation_handoff/MANIFEST.md,
results/20260803_care_test_docker_myops_context_hotfix_and_workstation_handoff/cine_sentinel_manifest.json,
results/20260803_care_test_docker_myops_context_hotfix_and_workstation_handoff/completion_check.md,
results/20260803_care_test_docker_myops_context_hotfix_and_workstation_handoff/controller_context.json,
results/20260803_care_test_docker_myops_context_hotfix_and_workstation_handoff/controller_ledger.csv,
results/20260803_care_test_docker_myops_context_hotfix_and_workstation_handoff/controller_report.md,
results/20260803_care_test_docker_myops_context_hotfix_and_workstation_handoff/docker_context_hotfix_receipt.json,
results/20260803_care_test_docker_myops_context_hotfix_and_workstation_handoff/myops_bundle_manifest.json,
results/20260803_care_test_docker_myops_context_hotfix_and_workstation_handoff/notification_brief.json,
results/20260803_care_test_docker_myops_context_hotfix_and_workstation_handoff/strict_validator_report.json,
results/20260803_care_test_docker_myops_context_hotfix_and_workstation_handoff/transfer_receipt.json,
results/20260803_care_test_docker_myops_context_hotfix_and_workstation_handoff/workstation_handoff_receipt.json,
results/20260803_care_test_docker_official_submission_rehearsal_and_staging/MANIFEST.md,
results/20260803_care_test_docker_official_submission_rehearsal_and_staging/cine_official_run_receipt.json,
results/20260803_care_test_docker_official_submission_rehearsal_and_staging/clean_archive_load_receipt.json,
results/20260803_care_test_docker_official_submission_rehearsal_and_staging/collaborator_reference_interface_casewise.csv,
results/20260803_care_test_docker_official_submission_rehearsal_and_staging/collaborator_reference_interface_comparison.md,
results/20260803_care_test_docker_official_submission_rehearsal_and_staging/collaborator_reference_interface_summary.json,
results/20260803_care_test_docker_official_submission_rehearsal_and_staging/collaborator_reference_run_receipt.json,
results/20260803_care_test_docker_official_submission_rehearsal_and_staging/completion_check.md,
results/20260803_care_test_docker_official_submission_rehearsal_and_staging/controller_report.md,
results/20260803_care_test_docker_official_submission_rehearsal_and_staging/failure_mode_rehearsal_receipt.json,
results/20260803_care_test_docker_official_submission_rehearsal_and_staging/final_image_inspect.json,
results/20260803_care_test_docker_official_submission_rehearsal_and_staging/google_drive_upload_pending.md,
results/20260803_care_test_docker_official_submission_rehearsal_and_staging/google_drive_upload_receipt.json,
results/20260803_care_test_docker_official_submission_rehearsal_and_staging/input_readonly_integrity_receipt.json,
results/20260803_care_test_docker_official_submission_rehearsal_and_staging/myops_official_run_receipt.json,
results/20260803_care_test_docker_official_submission_rehearsal_and_staging/notification_brief.json,
results/20260803_care_test_docker_official_submission_rehearsal_and_staging/official_command_rehearsal_casewise.csv,
results/20260803_care_test_docker_official_submission_rehearsal_and_staging/official_command_rehearsal_summary.json,
results/20260803_care_test_docker_official_submission_rehearsal_and_staging/official_command_rehearsal_validation.json,
results/20260803_care_test_docker_official_submission_rehearsal_and_staging/official_instruction_snapshot.html,
results/20260803_care_test_docker_official_submission_rehearsal_and_staging/official_submission_contract.json,
results/20260803_care_test_docker_official_submission_rehearsal_and_staging/official_submission_contract.md,
results/20260803_care_test_docker_official_submission_rehearsal_and_staging/output_tree_snapshot.txt,
results/20260803_care_test_docker_official_submission_rehearsal_and_staging/pre_submission_archive_manifest.json,
results/20260803_care_test_docker_official_submission_rehearsal_and_staging/pre_submission_checklist.md,
results/20260803_care_test_docker_official_submission_rehearsal_and_staging/public_rehearsal_input_casewise.csv,
results/20260803_care_test_docker_official_submission_rehearsal_and_staging/public_rehearsal_input_manifest.json,
results/20260803_care_test_docker_official_submission_rehearsal_and_staging/rehearsal_packet_receipt.json,
results/20260803_care_test_docker_official_submission_rehearsal_and_staging/remote_rehearsal_packet_receipt.json,
results/20260803_care_test_docker_official_submission_rehearsal_and_staging/strict_validator_report.json,
results/20260803_care_test_docker_official_submission_rehearsal_and_staging/submission_email_fields.json,
results/20260803_care_test_docker_official_submission_rehearsal_and_staging/submission_manual_send_checklist.md,
results/20260803_care_test_docker_official_submission_rehearsal_and_staging/submission_readiness.json,
results/20260803_care_test_docker_official_submission_resume_after_rclone/MANIFEST.md,
results/20260803_care_test_docker_official_submission_resume_after_rclone/cine_full_rehearsal_run_receipt.json,
results/20260803_care_test_docker_official_submission_resume_after_rclone/clean_archive_load_full_receipt.json,
results/20260803_care_test_docker_official_submission_resume_after_rclone/collaborator_reference_reuse_receipt.json,
results/20260803_care_test_docker_official_submission_resume_after_rclone/completion_check.md,
results/20260803_care_test_docker_official_submission_resume_after_rclone/controller_context.json,
results/20260803_care_test_docker_official_submission_resume_after_rclone/controller_report.md,
results/20260803_care_test_docker_official_submission_resume_after_rclone/final_image_inspect_full.json,
results/20260803_care_test_docker_official_submission_resume_after_rclone/full_input_file_tree.txt,
results/20260803_care_test_docker_official_submission_resume_after_rclone/full_rehearsal_packet_receipt.json,
results/20260803_care_test_docker_official_submission_resume_after_rclone/google_drive_local_file_digests.json,
results/20260803_care_test_docker_official_submission_resume_after_rclone/google_drive_lsjson.json,
results/20260803_care_test_docker_official_submission_resume_after_rclone/google_drive_upload_receipt.json,
results/20260803_care_test_docker_official_submission_resume_after_rclone/input_readonly_integrity_casewise.csv,
results/20260803_care_test_docker_official_submission_resume_after_rclone/input_readonly_integrity_full_receipt.json,
results/20260803_care_test_docker_official_submission_resume_after_rclone/myops_full_rehearsal_run_receipt.json,
results/20260803_care_test_docker_official_submission_resume_after_rclone/notification_brief.json,
results/20260803_care_test_docker_official_submission_resume_after_rclone/official_full_output_tree.txt,
results/20260803_care_test_docker_official_submission_resume_after_rclone/official_full_rehearsal_casewise.csv,
results/20260803_care_test_docker_official_submission_resume_after_rclone/official_full_rehearsal_summary.json,
results/20260803_care_test_docker_official_submission_resume_after_rclone/official_label_volume_casewise.csv,
results/20260803_care_test_docker_official_submission_resume_after_rclone/official_label_volume_summary.json,
results/20260803_care_test_docker_official_submission_resume_after_rclone/public_full_rehearsal_input_casewise.csv,
results/20260803_care_test_docker_official_submission_resume_after_rclone/public_full_rehearsal_input_manifest.json,
results/20260803_care_test_docker_official_submission_resume_after_rclone/remote_full_rehearsal_packet_receipt.json,
results/20260803_care_test_docker_official_submission_resume_after_rclone/server_probe.tsv,
results/20260803_care_test_docker_official_submission_resume_after_rclone/strict_validator_report.json,
results/20260803_care_test_docker_server_final_submission_readiness_confirm/MANIFEST.md,
results/20260803_care_test_docker_server_final_submission_readiness_confirm/completion_check.md,
results/20260803_care_test_docker_server_final_submission_readiness_confirm/controller_context.json,
results/20260803_care_test_docker_server_final_submission_readiness_confirm/controller_ledger.csv,
results/20260803_care_test_docker_server_final_submission_readiness_confirm/controller_report.md,
results/20260803_care_test_docker_server_final_submission_readiness_confirm/email_draft_audit.md,
results/20260803_care_test_docker_server_final_submission_readiness_confirm/final_submission_readiness.json,
results/20260803_care_test_docker_server_final_submission_readiness_confirm/label_volume_audit.json,
results/20260803_care_test_docker_server_final_submission_readiness_confirm/notification_brief.json,
results/20260803_care_test_docker_server_final_submission_readiness_confirm/official_rehearsal_packet_audit.json,
results/20260803_care_test_docker_server_final_submission_readiness_confirm/server_final_dist_receipt.json,
results/20260803_care_test_docker_server_final_submission_readiness_confirm/strict_validator_report.json,
results/20260803_care_test_docker_workstation_build_validate_return/MANIFEST.md,
results/20260803_care_test_docker_workstation_build_validate_return/build_receipt.json,
results/20260803_care_test_docker_workstation_build_validate_return/bundle_verification.json,
results/20260803_care_test_docker_workstation_build_validate_return/cine_cpu_determinism_casewise.csv,
results/20260803_care_test_docker_workstation_build_validate_return/cine_cpu_smoke_casewise.csv,
results/20260803_care_test_docker_workstation_build_validate_return/cine_validation_summary.json,
results/20260803_care_test_docker_workstation_build_validate_return/clean_save_load_run_receipt.json,
results/20260803_care_test_docker_workstation_build_validate_return/completion_check.md,
results/20260803_care_test_docker_workstation_build_validate_return/controller_context.json,
results/20260803_care_test_docker_workstation_build_validate_return/controller_report.md,
results/20260803_care_test_docker_workstation_build_validate_return/docker_export_manifest.json,
results/20260803_care_test_docker_workstation_build_validate_return/docker_installation_receipt.json,
results/20260803_care_test_docker_workstation_build_validate_return/image_asset_receipt.json,
results/20260803_care_test_docker_workstation_build_validate_return/myops_cpu_determinism_casewise.csv,
results/20260803_care_test_docker_workstation_build_validate_return/myops_cpu_smoke_casewise.csv,
results/20260803_care_test_docker_workstation_build_validate_return/myops_host_equivalence_casewise.csv,
results/20260803_care_test_docker_workstation_build_validate_return/myops_validation_summary.json,
results/20260803_care_test_docker_workstation_build_validate_return/notification_brief.json,
results/20260803_care_test_docker_workstation_build_validate_return/packet_manifest.json,
results/20260803_care_test_docker_workstation_build_validate_return/remote_return_receipt.json,
results/20260803_care_test_docker_workstation_build_validate_return/strict_validator_report.json,
results/20260804_care_ase_r2_deadline_recovery_training_docker/WORKSTATION_CODEX_PROMPT_SHORT.md,
results/20260804_care_ase_r2_deadline_recovery_training_docker/WORKSTATION_DOCKER_ATTEMPT3_REQUIREMENTS.md,
results/20260804_care_ase_r2_deadline_recovery_training_docker/attempt3_self_model_selection_current_best_step00500.json,
results/20260804_care_ase_r2_deadline_recovery_training_docker/attempt3_workstation_handoff.json,
results/20260804_care_ase_r2_deadline_recovery_training_docker/continuation_allocation_receipt.json,
results/20260804_care_ase_r2_deadline_recovery_training_docker/diagnostic_review_scope_through_step04000.json,
results/20260804_care_ase_r2_deadline_recovery_training_docker/diagnostic_review_scope_through_step04000.md,
results/20260804_care_ase_r2_deadline_recovery_training_docker/docker_attempt3_preselection_preparation_receipt.json,
results/20260804_care_ase_r2_deadline_recovery_training_docker/fair_comparison_step00500_full_inner_summary.json,
results/20260804_care_ase_r2_deadline_recovery_training_docker/fair_comparison_step00500_recomputed_oof_summary.json,
results/20260804_care_ase_r2_deadline_recovery_training_docker/fair_comparison_step00500_summary.json,
results/20260804_care_ase_r2_deadline_recovery_training_docker/goal_amendment_training_dynamics_20260804.json,
results/20260804_care_ase_r2_deadline_recovery_training_docker/notification_brief.json,
results/20260804_care_ase_r2_deadline_recovery_training_docker/outer_diagnostic_step00500_combined_summary.json,
results/20260804_care_ase_r2_deadline_recovery_training_docker/outer_diagnostic_step00750_combined_summary.json,
results/20260804_care_ase_r2_deadline_recovery_training_docker/outer_diagnostic_step01000_combined_summary.json,
results/20260804_care_ase_r2_deadline_recovery_training_docker/outer_diagnostic_step02000_combined_summary.json,
results/20260804_care_ase_r2_deadline_recovery_training_docker/outer_diagnostic_step03000_combined_summary.json,
results/20260804_care_ase_r2_deadline_recovery_training_docker/outer_diagnostic_step04000_combined_summary.json,
results/20260804_care_ase_r2_deadline_recovery_training_docker/outer_diagnostic_step05000_combined_summary.json,
results/20260804_care_ase_r2_deadline_recovery_training_docker/outer_diagnostic_step06000_combined_summary.json,
results/20260804_care_ase_r2_deadline_recovery_training_docker/published_diagnostic_steps_0500_4000_receipt.json,
results/20260804_care_ase_r2_deadline_recovery_training_docker/self_model_candidate_pool_status.json,
results/20260804_care_ase_r2_deadline_recovery_training_docker/self_model_candidate_pool_status.md,
results/20260804_care_ase_r2_deadline_recovery_training_docker/step4000_or_earlier_upload_receipt.json,
results/20260804_care_ase_r2_deadline_recovery_training_docker/step5000_publish_receipt.json,
results/20260804_care_ase_r2_deadline_recovery_training_docker/step6000_publish_receipt.json,
results/20260804_care_ase_r2_deadline_recovery_training_docker/step6000_stop_decision.json,
results/20260804_care_ase_r2_deadline_recovery_training_docker/step6000_stop_decision.md,
results/20260804_care_ase_r2_deadline_recovery_training_docker/step6000_terminal_manifest.json,
results/20260804_care_ase_r2_deadline_recovery_training_docker/training_progress_curve/care_ase_r2_training_progress_curve.csv,
results/20260804_care_ase_r2_deadline_recovery_training_docker/training_progress_curve/care_ase_r2_training_progress_curve.json,
results/20260804_care_ase_r2_deadline_recovery_training_docker/training_progress_curve/care_ase_r2_training_progress_curve.png,
results/20260804_care_ase_r2_deadline_recovery_training_docker/training_to_14000_supervisor_state.json,
results/20260804_care_ase_r2_deadline_recovery_training_docker/user_override_outer_diagnostic_step00500/fold_1/outer_casewise_metrics.csv,
results/20260804_care_ase_r2_deadline_recovery_training_docker/user_override_outer_diagnostic_step00500/fold_1/outer_diagnostic_summary.json,
results/20260804_care_ase_r2_deadline_recovery_training_docker/user_override_outer_diagnostic_step00500/fold_4/outer_casewise_metrics.csv,
results/20260804_care_ase_r2_deadline_recovery_training_docker/user_override_outer_diagnostic_step00500/fold_4/outer_diagnostic_summary.json,
results/20260804_care_ase_r2_deadline_recovery_training_docker/user_override_outer_diagnostic_step00750/fold_1/outer_casewise_metrics.csv,
results/20260804_care_ase_r2_deadline_recovery_training_docker/user_override_outer_diagnostic_step00750/fold_4/outer_casewise_metrics.csv,
results/20260804_care_ase_r2_deadline_recovery_training_docker/user_override_outer_diagnostic_step01000/fold_1/outer_casewise_metrics.csv,
results/20260804_care_ase_r2_deadline_recovery_training_docker/user_override_outer_diagnostic_step01000/fold_4/outer_casewise_metrics.csv,
results/20260804_care_ase_r2_deadline_recovery_training_docker/user_override_outer_diagnostic_step02000/fold_1/outer_casewise_metrics.csv,
results/20260804_care_ase_r2_deadline_recovery_training_docker/user_override_outer_diagnostic_step02000/fold_4/outer_casewise_metrics.csv,
results/20260804_care_ase_r2_deadline_recovery_training_docker/user_override_outer_diagnostic_step03000/fold_1/outer_casewise_metrics.csv,
results/20260804_care_ase_r2_deadline_recovery_training_docker/user_override_outer_diagnostic_step03000/fold_4/outer_casewise_metrics.csv,
results/20260804_care_ase_r2_deadline_recovery_training_docker/user_override_outer_diagnostic_step04000/fold_1/outer_casewise_metrics.csv,
results/20260804_care_ase_r2_deadline_recovery_training_docker/user_override_outer_diagnostic_step04000/fold_4/outer_casewise_metrics.csv,
results/20260804_care_ase_r2_deadline_recovery_training_docker/user_override_outer_diagnostic_step05000/fold_1/outer_casewise_metrics.csv,
results/20260804_care_ase_r2_deadline_recovery_training_docker/user_override_outer_diagnostic_step05000/fold_4/outer_casewise_metrics.csv,
results/20260804_care_ase_r2_deadline_recovery_training_docker/user_override_outer_diagnostic_step06000/fold_1/outer_casewise_metrics.csv,
results/20260804_care_ase_r2_deadline_recovery_training_docker/user_override_outer_diagnostic_step06000/fold_4/outer_casewise_metrics.csv,
results/20260804_care_ase_r2_deadline_recovery_training_docker/workstation_docker_attempt3_prompt.md,
results/20260804_care_ase_r2_emergency_9h_training_docker/MANIFEST.md,
results/20260804_care_ase_r2_emergency_9h_training_docker/area_reference_receipt.json,
results/20260804_care_ase_r2_emergency_9h_training_docker/canned_pass_oracle_audit.json,
results/20260804_care_ase_r2_emergency_9h_training_docker/canonical_stock_oof_provenance_receipt.json,
results/20260804_care_ase_r2_emergency_9h_training_docker/checkpoint_schema_contract.json,
results/20260804_care_ase_r2_emergency_9h_training_docker/completion_check.json,
results/20260804_care_ase_r2_emergency_9h_training_docker/contract_to_code_coverage.json,
results/20260804_care_ase_r2_emergency_9h_training_docker/controller_bootstrap_snapshot.md,
results/20260804_care_ase_r2_emergency_9h_training_docker/controller_context.json,
results/20260804_care_ase_r2_emergency_9h_training_docker/controller_ledger.csv,
results/20260804_care_ase_r2_emergency_9h_training_docker/controller_report.md,
results/20260804_care_ase_r2_emergency_9h_training_docker/critical_source_manifest.json,
results/20260804_care_ase_r2_emergency_9h_training_docker/direct_stock_oof_provenance_manifest.json,
results/20260804_care_ase_r2_emergency_9h_training_docker/docker_fallback_integrity_receipt.json,
results/20260804_care_ase_r2_emergency_9h_training_docker/early_runtime_invalidation_receipt.json,
results/20260804_care_ase_r2_emergency_9h_training_docker/emergency_final_source_closure_receipt.json,
results/20260804_care_ase_r2_emergency_9h_training_docker/formal_call_chain.json,
results/20260804_care_ase_r2_emergency_9h_training_docker/formal_runtime_input_bundle.json,
results/20260804_care_ase_r2_emergency_9h_training_docker/full_case_target_cache_manifest_fold1.json,
results/20260804_care_ase_r2_emergency_9h_training_docker/full_case_target_cache_manifest_fold4.json,
results/20260804_care_ase_r2_emergency_9h_training_docker/full_volume_extent_aggregation_oracle.json,
results/20260804_care_ase_r2_emergency_9h_training_docker/g1_source_sha_manifest.json,
results/20260804_care_ase_r2_emergency_9h_training_docker/g1_static_implementation_gate_receipt.json,
results/20260804_care_ase_r2_emergency_9h_training_docker/hard_negative_manifest_fold1.json,
results/20260804_care_ase_r2_emergency_9h_training_docker/hard_negative_manifest_fold4.json,
results/20260804_care_ase_r2_emergency_9h_training_docker/hardware_receipt_fold1.json,
results/20260804_care_ase_r2_emergency_9h_training_docker/hardware_receipt_fold4.json,
results/20260804_care_ase_r2_emergency_9h_training_docker/implementation_commit_receipt.json,
results/20260804_care_ase_r2_emergency_9h_training_docker/known_bad_validator_report.json,
results/20260804_care_ase_r2_emergency_9h_training_docker/notification_brief.json,
results/20260804_care_ase_r2_emergency_9h_training_docker/sampler_static_contract.json,
results/20260804_care_ase_r2_emergency_9h_training_docker/scheduler_static_contract.json,
results/20260804_care_ase_r2_emergency_9h_training_docker/semantic_loss_coverage.json,
results/20260804_care_ase_r2_emergency_9h_training_docker/source_audit_and_repairs.md,
results/20260804_care_ase_r2_emergency_9h_training_docker/split_authority_receipt.json,
results/20260804_care_ase_r2_emergency_9h_training_docker/split_case_lists.csv,
results/20260804_care_ase_r2_emergency_9h_training_docker/terminal_scientific_decision.json,
results/20260804_care_ase_r2_emergency_9h_training_docker/time_budget_contract.json,
results/20260805_care_myops_single_slice_hotfix_repackage/MANIFEST.md,
results/20260805_care_myops_single_slice_hotfix_repackage/base_artifact_provenance.json,
results/20260805_care_myops_single_slice_hotfix_repackage/base_docker_inspect.json,
results/20260805_care_myops_single_slice_hotfix_repackage/base_image_critical_manifest.json,
results/20260805_care_myops_single_slice_hotfix_repackage/clean_save_load_casewise.csv,
results/20260805_care_myops_single_slice_hotfix_repackage/clean_save_load_receipt.json,
results/20260805_care_myops_single_slice_hotfix_repackage/clean_save_load_subset_summary.json,
results/20260805_care_myops_single_slice_hotfix_repackage/clean_synthetic_full_casewise.csv,
results/20260805_care_myops_single_slice_hotfix_repackage/clean_synthetic_full_summary.json,
results/20260805_care_myops_single_slice_hotfix_repackage/completion_check.md,
results/20260805_care_myops_single_slice_hotfix_repackage/compute_new_shape_boundary_matrix.csv,
results/20260805_care_myops_single_slice_hotfix_repackage/controller_context.json,
results/20260805_care_myops_single_slice_hotfix_repackage/controller_ledger.csv,
results/20260805_care_myops_single_slice_hotfix_repackage/controller_report.md,
results/20260805_care_myops_single_slice_hotfix_repackage/corrected_archive_manifest.json,
results/20260805_care_myops_single_slice_hotfix_repackage/corrected_docker_inspect.json,
results/20260805_care_myops_single_slice_hotfix_repackage/corrected_image_critical_manifest.json,
results/20260805_care_myops_single_slice_hotfix_repackage/corrected_image_filesystem_delta.json,
results/20260805_care_myops_single_slice_hotfix_repackage/corrected_myops_runtime_only_hotfix_provenance.json,
results/20260805_care_myops_single_slice_hotfix_repackage/failure_mode_casewise.csv,
results/20260805_care_myops_single_slice_hotfix_repackage/failure_mode_input_manifest.json,
results/20260805_care_myops_single_slice_hotfix_repackage/failure_mode_summary.json,
results/20260805_care_myops_single_slice_hotfix_repackage/google_drive_corrected_links.json,
results/20260805_care_myops_single_slice_hotfix_repackage/google_drive_corrected_public_access_receipt.json,
results/20260805_care_myops_single_slice_hotfix_repackage/google_drive_corrected_upload_receipt.json,
results/20260805_care_myops_single_slice_hotfix_repackage/hotfix_source_receipt.json,
results/20260805_care_myops_single_slice_hotfix_repackage/image_asset_invariance_receipt.json,
results/20260805_care_myops_single_slice_hotfix_repackage/mixed_batch_casewise.csv,
results/20260805_care_myops_single_slice_hotfix_repackage/mixed_batch_summary.json,
results/20260805_care_myops_single_slice_hotfix_repackage/model_invariance_comparison.json,
results/20260805_care_myops_single_slice_hotfix_repackage/normal_15case_regression_casewise.csv,
results/20260805_care_myops_single_slice_hotfix_repackage/normal_15case_regression_summary.json,
results/20260805_care_myops_single_slice_hotfix_repackage/notification_brief.json,
results/20260805_care_myops_single_slice_hotfix_repackage/old_compute_new_shape_boundary_matrix.csv,
results/20260805_care_myops_single_slice_hotfix_repackage/organizer_failure_reproducer.json,
results/20260805_care_myops_single_slice_hotfix_repackage/organizer_failure_reproducer.md,
results/20260805_care_myops_single_slice_hotfix_repackage/organizer_reply_draft.md,
results/20260805_care_myops_single_slice_hotfix_repackage/patched_determinism_casewise.csv,
results/20260805_care_myops_single_slice_hotfix_repackage/patched_determinism_summary.json,
results/20260805_care_myops_single_slice_hotfix_repackage/single_slice_edge_casewise.csv,
results/20260805_care_myops_single_slice_hotfix_repackage/single_slice_edge_summary.json,
results/20260805_care_myops_single_slice_hotfix_repackage/strict_validator_report.json,
results/20260805_care_myops_single_slice_hotfix_repackage/synthetic_input_manifest.json,
results/20260805_care_myops_single_slice_hotfix_server_audit/boundary_regression_server_audit.json,
results/20260805_care_myops_single_slice_hotfix_server_audit/completion_check.md,
results/20260805_care_myops_single_slice_hotfix_server_audit/controller_report.md,
results/20260805_care_myops_single_slice_hotfix_server_audit/final_readiness.json,
results/20260805_care_myops_single_slice_hotfix_server_audit/model_invariance_server_audit.json,
results/20260805_care_myops_single_slice_hotfix_server_audit/notification_brief.json,
results/20260805_care_myops_single_slice_hotfix_server_audit/organizer_reply_draft_audit.md,
results/20260805_care_myops_single_slice_hotfix_server_audit/provenance_packet_audit.json,
results/20260805_care_myops_single_slice_hotfix_server_audit/server_corrected_archive_receipt.json,
results/20260805_care_myops_single_slice_hotfix_server_audit/strict_validator_report.json,
results/leaderboard/care2026_myocardium_20260726T151647Z.json,
results/leaderboard/care2026_myocardium_latest.json,
results/leaderboard/care2026_myocardium_myocardium_cinemyops_20260726T151647Z.csv,
results/leaderboard/care2026_myocardium_myocardium_cinemyops_latest.csv,
results/leaderboard/care2026_myocardium_myops_edema_20260726T151647Z.csv,
results/leaderboard/care2026_myocardium_myops_edema_latest.csv,
results/leaderboard/care2026_myocardium_myops_scar_20260726T151647Z.csv,
results/leaderboard/care2026_myocardium_myops_scar_latest.csv,
results/leaderboard/care2026_validation_submission_alignment_20260726.json,
results/metrics/unified/nnUNet_D501_fold0_pathology_hd/fold_0/hd95_per_class.json,
results/metrics/unified/nnUNet_D501_fold0_pathology_hd/fold_0/hd_per_class.json,
results/metrics/unified/nnUNet_D501_fold0_pathology_hd/fold_0/modality_group_metrics.json,
results/metrics/unified/nnUNet_D501_fold0_pathology_hd/fold_0/modality_group_metrics.md,
results/route_B/locks/bounded_train_eval_25000_adequacy_winner.lock/winner.txt,
results/route_B/locks/bounded_train_eval_winner.lock/winner.txt,
results/submissions/care_myocardium_validation/upload_ready/20260728_care_owned_pathology_probe/manifest.json,
src/care_myocardium/data/care_arc_dataset.py,
src/care_myocardium/data/care_ase_splits.py,
src/care_myocardium/data/care_dg_dataset.py,
src/care_myocardium/data/care_dpr_dataset.py,
src/care_myocardium/data/care_prism_dataset.py,
