stage,local_step,total_step,case_id,center,modality_group,t2_present,pathology,class_id,gt_positive,anchor_dice,srr_dice,dice_delta_vs_anchor,anchor_hd95,srr_hd95,hd95_delta_vs_anchor,anchor_component_count,srr_component_count,component_delta,anchor_remote_fp_volume_mm3,srr_remote_fp_volume_mm3,remote_fp_delta_mm3,changed_voxels_vs_anchor,prediction_path
formal_100,100,100,Case1002,CenterA,LGE-only,False,myops_edema,4,False,1.0,1.0,0.0,0.0,0.0,0.0,0,0,0.0,0.0,0.0,0.0,0,results/20260721_srr_batch7_upstream_candidate_quality/runtime/attempts/batch7_formal300_htzhulab_59789651/variants/batch7_formal300_htzhulab_59789651/predictions/fold_0/step_100/argmax/Case1002.nii.gz
formal_100,100,100,Case1002,CenterA,LGE-only,False,myops_scar,5,True,0.6167400881057269,0.609937518595656,-0.006802569510070855,4.323466070663145,4.323466070663145,0.0,3,3,0.0,0.0,0.0,0.0,44,results/20260721_srr_batch7_upstream_candidate_quality/runtime/attempts/batch7_formal300_htzhulab_59789651/variants/batch7_formal300_htzhulab_59789651/predictions/fold_0/step_100/argmax/Case1002.nii.gz
formal_100,100,100,Case1007,CenterA,LGE-only,False,myops_edema,4,False,1.0,1.0,0.0,0.0,0.0,0.0,0,0,0.0,0.0,0.0,0.0,0,results/20260721_srr_batch7_upstream_candidate_quality/runtime/attempts/batch7_formal300_htzhulab_59789651/variants/batch7_formal300_htzhulab_59789651/predictions/fold_0/step_100/argmax/Case1007.nii.gz
formal_100,100,100,Case1007,CenterA,LGE-only,False,myops_scar,5,True,0.5810928013876843,0.5853658536585366,0.0042730522708522845,6.836000084877014,6.775527594415115,-0.0604724904618994,8,7,-1.0,0.0,0.0,0.0,122,results/20260721_srr_batch7_upstream_candidate_quality/runtime/attempts/batch7_formal300_htzhulab_59789651/variants/batch7_formal300_htzhulab_59789651/predictions/fold_0/step_100/argmax/Case1007.nii.gz
formal_100,100,100,Case1009,CenterA,LGE-only,False,myops_edema,4,False,1.0,1.0,0.0,0.0,0.0,0.0,0,0,0.0,0.0,0.0,0.0,0,results/20260721_srr_batch7_upstream_candidate_quality/runtime/attempts/batch7_formal300_htzhulab_59789651/variants/batch7_formal300_htzhulab_59789651/predictions/fold_0/step_100/argmax/Case1009.nii.gz
formal_100,100,100,Case1009,CenterA,LGE-only,False,myops_scar,5,True,0.6048804535370964,0.6023735165521549,-0.0025069369849415324,8.496820117260281,8.89987869052768,0.40305857326739947,1,2,1.0,0.0,0.0,0.0,115,results/20260721_srr_batch7_upstream_candidate_quality/runtime/attempts/batch7_formal300_htzhulab_59789651/variants/batch7_formal300_htzhulab_59789651/predictions/fold_0/step_100/argmax/Case1009.nii.gz
formal_100,100,100,Case1010,CenterA,LGE-only,False,myops_edema,4,False,1.0,1.0,0.0,0.0,0.0,0.0,0,0,0.0,0.0,0.0,0.0,0,results/20260721_srr_batch7_upstream_candidate_quality/runtime/attempts/batch7_formal300_htzhulab_59789651/variants/batch7_formal300_htzhulab_59789651/predictions/fold_0/step_100/argmax/Case1010.nii.gz
formal_100,100,100,Case1010,CenterA,LGE-only,False,myops_scar,5,True,0.48279378027020137,0.47002904673884344,-0.01276473353135793,9.103254137198277,9.103254137198277,0.0,7,5,-2.0,285.9930906218839,252.34684466636816,-33.646245955515724,138,results/20260721_srr_batch7_upstream_candidate_quality/runtime/attempts/batch7_formal300_htzhulab_59789651/variants/batch7_formal300_htzhulab_59789651/predictions/fold_0/step_100/argmax/Case1010.nii.gz
formal_100,100,100,Case1021,CenterA,LGE-only,False,myops_edema,4,False,1.0,1.0,0.0,0.0,0.0,0.0,0,0,0.0,0.0,0.0,0.0,0,results/20260721_srr_batch7_upstream_candidate_quality/runtime/attempts/batch7_formal300_htzhulab_59789651/variants/batch7_formal300_htzhulab_59789651/predictions/fold_0/step_100/argmax/Case1021.nii.gz
formal_100,100,100,Case1021,CenterA,LGE-only,False,myops_scar,5,True,0.5699192044748291,0.568639798488665,-0.0012794059861641616,7.972077529615252,7.900669638510641,-0.07140789110461032,4,4,0.0,0.0,0.0,0.0,42,results/20260721_srr_batch7_upstream_candidate_quality/runtime/attempts/batch7_formal300_htzhulab_59789651/variants/batch7_formal300_htzhulab_59789651/predictions/fold_0/step_100/argmax/Case1021.nii.gz
formal_100,100,100,Case1023,CenterA,LGE-only,False,myops_edema,4,False,1.0,1.0,0.0,0.0,0.0,0.0,0,0,0.0,0.0,0.0,0.0,0,results/20260721_srr_batch7_upstream_candidate_quality/runtime/attempts/batch7_formal300_htzhulab_59789651/variants/batch7_formal300_htzhulab_59789651/predictions/fold_0/step_100/argmax/Case1023.nii.gz
formal_100,100,100,Case1023,CenterA,LGE-only,False,myops_scar,5,True,0.6466011466011466,0.6401499375260308,-0.006451209075115871,5.0,5.0,0.0,5,12,7.0,0.0,0.0,0.0,116,results/20260721_srr_batch7_upstream_candidate_quality/runtime/attempts/batch7_formal300_htzhulab_59789651/variants/batch7_formal300_htzhulab_59789651/predictions/fold_0/step_100/argmax/Case1023.nii.gz
formal_100,100,100,Case1029,CenterA,LGE-only,False,myops_edema,4,False,1.0,1.0,0.0,0.0,0.0,0.0,0,0,0.0,0.0,0.0,0.0,0,results/20260721_srr_batch7_upstream_candidate_quality/runtime/attempts/batch7_formal300_htzhulab_59789651/variants/batch7_formal300_htzhulab_59789651/predictions/fold_0/step_100/argmax/Case1029.nii.gz
formal_100,100,100,Case1029,CenterA,LGE-only,False,myops_scar,5,True,0.16436865021770683,0.1686561417019638,0.004287491484256972,51.395270620488255,51.31816276043224,-0.07710786005601733,12,9,-3.0,0.0,0.0,0.0,320,results/20260721_srr_batch7_upstream_candidate_quality/runtime/attempts/batch7_formal300_htzhulab_59789651/variants/batch7_formal300_htzhulab_59789651/predictions/fold_0/step_100/argmax/Case1029.nii.gz
formal_100,100,100,Case1033,CenterA,LGE-only,False,myops_edema,4,False,1.0,1.0,0.0,0.0,0.0,0.0,0,0,0.0,0.0,0.0,0.0,0,results/20260721_srr_batch7_upstream_candidate_quality/runtime/attempts/batch7_formal300_htzhulab_59789651/variants/batch7_formal300_htzhulab_59789651/predictions/fold_0/step_100/argmax/Case1033.nii.gz
formal_100,100,100,Case1033,CenterA,LGE-only,False,myops_scar,5,True,0.671361030077457,0.6758168595718529,0.004455829494395935,7.152037197524651,6.92315273250983,-0.22888446501482118,6,9,3.0,0.0,0.0,0.0,190,results/20260721_srr_batch7_upstream_candidate_quality/runtime/attempts/batch7_formal300_htzhulab_59789651/variants/batch7_formal300_htzhulab_59789651/predictions/fold_0/step_100/argmax/Case1033.nii.gz
formal_100,100,100,Case1040,CenterA,LGE-only,False,myops_edema,4,False,1.0,1.0,0.0,0.0,0.0,0.0,0,0,0.0,0.0,0.0,0.0,0,results/20260721_srr_batch7_upstream_candidate_quality/runtime/attempts/batch7_formal300_htzhulab_59789651/variants/batch7_formal300_htzhulab_59789651/predictions/fold_0/step_100/argmax/Case1040.nii.gz
formal_100,100,100,Case1040,CenterA,LGE-only,False,myops_scar,5,True,0.4280078895463511,0.42171359124974683,-0.006294298296604273,8.5,8.609252922665098,0.10925292266509778,6,8,2.0,0.0,0.0,0.0,137,results/20260721_srr_batch7_upstream_candidate_quality/runtime/attempts/batch7_formal300_htzhulab_59789651/variants/batch7_formal300_htzhulab_59789651/predictions/fold_0/step_100/argmax/Case1040.nii.gz
formal_100,100,100,Case1042,CenterA,LGE-only,False,myops_edema,4,False,1.0,1.0,0.0,0.0,0.0,0.0,0,0,0.0,0.0,0.0,0.0,0,results/20260721_srr_batch7_upstream_candidate_quality/runtime/attempts/batch7_formal300_htzhulab_59789651/variants/batch7_formal300_htzhulab_59789651/predictions/fold_0/step_100/argmax/Case1042.nii.gz
formal_100,100,100,Case1042,CenterA,LGE-only,False,myops_scar,5,True,0.7573770491803279,0.7560975609756098,-0.0012794882047181266,3.057152176795867,3.057152176795867,0.0,4,5,1.0,863.5869795249043,832.7445873990149,-30.842392125889432,28,results/20260721_srr_batch7_upstream_candidate_quality/runtime/attempts/batch7_formal300_htzhulab_59789651/variants/batch7_formal300_htzhulab_59789651/predictions/fold_0/step_100/argmax/Case1042.nii.gz
formal_100,100,100,Case1045,CenterA,LGE-only,False,myops_edema,4,False,1.0,1.0,0.0,0.0,0.0,0.0,0,0,0.0,0.0,0.0,0.0,0,results/20260721_srr_batch7_upstream_candidate_quality/runtime/attempts/batch7_formal300_htzhulab_59789651/variants/batch7_formal300_htzhulab_59789651/predictions/fold_0/step_100/argmax/Case1045.nii.gz
formal_100,100,100,Case1045,CenterA,LGE-only,False,myops_scar,5,True,0.09968847352024922,0.0897571277719113,-0.009931345748337914,58.23937490442107,58.14251084036574,-0.09686406405533177,7,6,-1.0,0.0,0.0,0.0,32,results/20260721_srr_batch7_upstream_candidate_quality/runtime/attempts/batch7_formal300_htzhulab_59789651/variants/batch7_formal300_htzhulab_59789651/predictions/fold_0/step_100/argmax/Case1045.nii.gz
formal_100,100,100,Case1047,CenterA,LGE-only,False,myops_edema,4,False,1.0,1.0,0.0,0.0,0.0,0.0,0,0,0.0,0.0,0.0,0.0,0,results/20260721_srr_batch7_upstream_candidate_quality/runtime/attempts/batch7_formal300_htzhulab_59789651/variants/batch7_formal300_htzhulab_59789651/predictions/fold_0/step_100/argmax/Case1047.nii.gz
formal_100,100,100,Case1047,CenterA,LGE-only,False,myops_scar,5,True,0.6283120251991847,0.614016835335288,-0.014295189863896773,5.781199932098389,5.953525023433975,0.17232509133558604,13,13,0.0,0.0,0.0,0.0,221,results/20260721_srr_batch7_upstream_candidate_quality/runtime/attempts/batch7_formal300_htzhulab_59789651/variants/batch7_formal300_htzhulab_59789651/predictions/fold_0/step_100/argmax/Case1047.nii.gz
formal_100,100,100,Case1053,CenterA,LGE-only,False,myops_edema,4,False,1.0,1.0,0.0,0.0,0.0,0.0,0,0,0.0,0.0,0.0,0.0,0,results/20260721_srr_batch7_upstream_candidate_quality/runtime/attempts/batch7_formal300_htzhulab_59789651/variants/batch7_formal300_htzhulab_59789651/predictions/fold_0/step_100/argmax/Case1053.nii.gz
formal_100,100,100,Case1053,CenterA,LGE-only,False,myops_scar,5,True,0.5196241017136539,0.5055072463768115,-0.014116855336842371,27.536782421660927,27.300766293044845,-0.23601612861608245,15,15,0.0,0.0,0.0,0.0,86,results/20260721_srr_batch7_upstream_candidate_quality/runtime/attempts/batch7_formal300_htzhulab_59789651/variants/batch7_formal300_htzhulab_59789651/predictions/fold_0/step_100/argmax/Case1053.nii.gz
formal_100,100,100,Case1062,CenterA,LGE-only,False,myops_edema,4,False,1.0,1.0,0.0,0.0,0.0,0.0,0,0,0.0,0.0,0.0,0.0,0,results/20260721_srr_batch7_upstream_candidate_quality/runtime/attempts/batch7_formal300_htzhulab_59789651/variants/batch7_formal300_htzhulab_59789651/predictions/fold_0/step_100/argmax/Case1062.nii.gz
formal_100,100,100,Case1062,CenterA,LGE-only,False,myops_scar,5,True,0.5070823546159869,0.5121736579642123,0.0050913033482253844,15.291149322372709,15.11713263286526,-0.17401668950744842,3,6,3.0,0.0,0.0,0.0,421,results/20260721_srr_batch7_upstream_candidate_quality/runtime/attempts/batch7_formal300_htzhulab_59789651/variants/batch7_formal300_htzhulab_59789651/predictions/fold_0/step_100/argmax/Case1062.nii.gz
formal_100,100,100,Case1070,CenterA,LGE-only,False,myops_edema,4,False,1.0,1.0,0.0,0.0,0.0,0.0,0,0,0.0,0.0,0.0,0.0,0,results/20260721_srr_batch7_upstream_candidate_quality/runtime/attempts/batch7_formal300_htzhulab_59789651/variants/batch7_formal300_htzhulab_59789651/predictions/fold_0/step_100/argmax/Case1070.nii.gz
formal_100,100,100,Case1070,CenterA,LGE-only,False,myops_scar,5,True,0.5004500450045004,0.5064468961850326,0.00599685118053217,34.297412438841505,34.129349097593234,-0.1680633412482706,24,24,0.0,0.0,0.0,0.0,264,results/20260721_srr_batch7_upstream_candidate_quality/runtime/attempts/batch7_formal300_htzhulab_59789651/variants/batch7_formal300_htzhulab_59789651/predictions/fold_0/step_100/argmax/Case1070.nii.gz
formal_100,100,100,Case1073,CenterA,LGE-only,False,myops_edema,4,False,1.0,1.0,0.0,0.0,0.0,0.0,0,0,0.0,0.0,0.0,0.0,0,results/20260721_srr_batch7_upstream_candidate_quality/runtime/attempts/batch7_formal300_htzhulab_59789651/variants/batch7_formal300_htzhulab_59789651/predictions/fold_0/step_100/argmax/Case1073.nii.gz
formal_100,100,100,Case1073,CenterA,LGE-only,False,myops_scar,5,True,0.4282765737874097,0.4243532793310687,-0.003923294456340987,10.678173489481713,10.517727422369704,-0.1604460671120087,9,11,2.0,0.0,0.0,0.0,53,results/20260721_srr_batch7_upstream_candidate_quality/runtime/attempts/batch7_formal300_htzhulab_59789651/variants/batch7_formal300_htzhulab_59789651/predictions/fold_0/step_100/argmax/Case1073.nii.gz
formal_100,100,100,Case1080,CenterA,LGE-only,False,myops_edema,4,False,1.0,1.0,0.0,0.0,0.0,0.0,0,0,0.0,0.0,0.0,0.0,0,results/20260721_srr_batch7_upstream_candidate_quality/runtime/attempts/batch7_formal300_htzhulab_59789651/variants/batch7_formal300_htzhulab_59789651/predictions/fold_0/step_100/argmax/Case1080.nii.gz
formal_100,100,100,Case1080,CenterA,LGE-only,False,myops_scar,5,True,0.6369426751592356,0.6351156069364162,-0.0018270682228194168,11.0,11.0,0.0,5,5,0.0,1478.5105621922057,1236.1317815049588,-242.37878068724694,58,results/20260721_srr_batch7_upstream_candidate_quality/runtime/attempts/batch7_formal300_htzhulab_59789651/variants/batch7_formal300_htzhulab_59789651/predictions/fold_0/step_100/argmax/Case1080.nii.gz
formal_100,100,100,Case2002,CenterB,C0+LGE+T2,True,myops_edema,4,True,0.5376005596362364,0.5423321312038468,0.004731571567610393,17.453201935819685,16.030861654653034,-1.422340281166651,5,10,5.0,3792.41943359375,3704.2236328125,-88.19580078125,229,results/20260721_srr_batch7_upstream_candidate_quality/runtime/attempts/batch7_formal300_htzhulab_59789651/variants/batch7_formal300_htzhulab_59789651/predictions/fold_0/step_100/argmax/Case2002.nii.gz
formal_100,100,100,Case2002,CenterB,C0+LGE+T2,True,myops_scar,5,True,0.5602700096432015,0.5490196078431373,-0.011250401800064203,21.415372143918024,23.496929860954708,2.0815577170366844,5,21,16.0,17.63916015625,211.669921875,194.03076171875,173,results/20260721_srr_batch7_upstream_candidate_quality/runtime/attempts/batch7_formal300_htzhulab_59789651/variants/batch7_formal300_htzhulab_59789651/predictions/fold_0/step_100/argmax/Case2002.nii.gz
formal_100,100,100,Case2007,CenterB,C0+LGE+T2,True,myops_edema,4,True,0.5701357466063348,0.5787358421629522,0.008600095556617338,7.5130097186944615,7.5130097186944615,0.0,14,24,10.0,0.0,0.0,0.0,131,results/20260721_srr_batch7_upstream_candidate_quality/runtime/attempts/batch7_formal300_htzhulab_59789651/variants/batch7_formal300_htzhulab_59789651/predictions/fold_0/step_100/argmax/Case2007.nii.gz
formal_100,100,100,Case2007,CenterB,C0+LGE+T2,True,myops_scar,5,True,0.4898728214790391,0.47047434656340753,-0.01939847491563157,11.682996338833703,12.254534400084001,0.5715380612502976,3,7,4.0,0.0,0.0,0.0,97,results/20260721_srr_batch7_upstream_candidate_quality/runtime/attempts/batch7_formal300_htzhulab_59789651/variants/batch7_formal300_htzhulab_59789651/predictions/fold_0/step_100/argmax/Case2007.nii.gz
formal_100,100,100,Case2008,CenterB,C0+LGE+T2,True,myops_edema,4,True,0.3485546711353163,0.3539197338323976,0.005365062697081313,33.237885822186755,33.160742002776196,-0.07714381941055848,5,14,9.0,0.0,0.0,0.0,87,results/20260721_srr_batch7_upstream_candidate_quality/runtime/attempts/batch7_formal300_htzhulab_59789651/variants/batch7_formal300_htzhulab_59789651/predictions/fold_0/step_100/argmax/Case2008.nii.gz
formal_100,100,100,Case2008,CenterB,C0+LGE+T2,True,myops_scar,5,True,0.7531584062196307,0.7540983606557377,0.000939954436106949,6.640625,6.640625,0.0,1,1,0.0,0.0,0.0,0.0,59,results/20260721_srr_batch7_upstream_candidate_quality/runtime/attempts/batch7_formal300_htzhulab_59789651/variants/batch7_formal300_htzhulab_59789651/predictions/fold_0/step_100/argmax/Case2008.nii.gz
formal_100,100,100,Case2017,CenterB,C0+LGE+T2,True,myops_edema,4,True,0.6796246648793566,0.6894907908992416,0.009866126019885013,10.0,10.0,0.0,6,7,1.0,0.0,0.0,0.0,249,results/20260721_srr_batch7_upstream_candidate_quality/runtime/attempts/batch7_formal300_htzhulab_59789651/variants/batch7_formal300_htzhulab_59789651/predictions/fold_0/step_100/argmax/Case2017.nii.gz
formal_100,100,100,Case2017,CenterB,C0+LGE+T2,True,myops_scar,5,True,0.5470588235294118,0.5577812018489985,0.010722378319586667,11.338866091557966,11.338866091557966,0.0,2,12,10.0,0.0,0.0,0.0,159,results/20260721_srr_batch7_upstream_candidate_quality/runtime/attempts/batch7_formal300_htzhulab_59789651/variants/batch7_formal300_htzhulab_59789651/predictions/fold_0/step_100/argmax/Case2017.nii.gz
formal_100,100,100,Case2020,CenterB,C0+LGE+T2,True,myops_edema,4,True,0.5630676084762866,0.5625625625625625,-0.0005050459137240226,7.5130097186944615,7.5130097186944615,0.0,4,4,0.0,0.0,0.0,0.0,22,results/20260721_srr_batch7_upstream_candidate_quality/runtime/attempts/batch7_formal300_htzhulab_59789651/variants/batch7_formal300_htzhulab_59789651/predictions/fold_0/step_100/argmax/Case2020.nii.gz
formal_100,100,100,Case2020,CenterB,C0+LGE+T2,True,myops_scar,5,True,0.4196185286103542,0.3988919667590028,-0.02072656185135141,20.994429281533453,21.21729514718693,0.22286586565347832,1,2,1.0,0.0,0.0,0.0,16,results/20260721_srr_batch7_upstream_candidate_quality/runtime/attempts/batch7_formal300_htzhulab_59789651/variants/batch7_formal300_htzhulab_59789651/predictions/fold_0/step_100/argmax/Case2020.nii.gz
formal_100,100,100,Case2031,CenterB,C0+LGE+T2,True,myops_edema,4,True,0.29880478087649404,0.3271375464684015,0.02833276559190745,25.052956799932126,24.18979295280042,-0.8631638471317054,16,33,17.0,0.0,0.0,0.0,64,results/20260721_srr_batch7_upstream_candidate_quality/runtime/attempts/batch7_formal300_htzhulab_59789651/variants/batch7_formal300_htzhulab_59789651/predictions/fold_0/step_100/argmax/Case2031.nii.gz
formal_100,100,100,Case2031,CenterB,C0+LGE+T2,True,myops_scar,5,True,0.8013937282229965,0.8042578356002366,0.002864107377240077,5.008673145796307,3.959703799009236,-1.0489693467870715,2,6,4.0,0.0,0.0,0.0,59,results/20260721_srr_batch7_upstream_candidate_quality/runtime/attempts/batch7_formal300_htzhulab_59789651/variants/batch7_formal300_htzhulab_59789651/predictions/fold_0/step_100/argmax/Case2031.nii.gz
formal_100,100,100,Case2033,CenterB,C0+LGE+T2,True,myops_edema,4,True,0.523033309709426,0.5250431778929189,0.0020098681834929133,10.76453641085509,10.750323826131071,-0.014212584724019095,4,8,4.0,0.0,0.0,0.0,133,results/20260721_srr_batch7_upstream_candidate_quality/runtime/attempts/batch7_formal300_htzhulab_59789651/variants/batch7_formal300_htzhulab_59789651/predictions/fold_0/step_100/argmax/Case2033.nii.gz
formal_100,100,100,Case2033,CenterB,C0+LGE+T2,True,myops_scar,5,True,0.7208988764044943,0.7025522041763341,-0.01834667222816022,10.0,10.0,0.0,2,4,2.0,0.0,0.0,0.0,100,results/20260721_srr_batch7_upstream_candidate_quality/runtime/attempts/batch7_formal300_htzhulab_59789651/variants/batch7_formal300_htzhulab_59789651/predictions/fold_0/step_100/argmax/Case2033.nii.gz
formal_100,100,100,Case3004,CenterC,C0+LGE+T2,True,myops_edema,4,True,0.4530451866404715,0.4577572964669739,0.004712109826502386,9.222044972510458,8.842419105027112,-0.37962586748334637,4,8,4.0,0.0,0.0,0.0,254,results/20260721_srr_batch7_upstream_candidate_quality/runtime/attempts/batch7_formal300_htzhulab_59789651/variants/batch7_formal300_htzhulab_59789651/predictions/fold_0/step_100/argmax/Case3004.nii.gz
formal_100,100,100,Case3004,CenterC,C0+LGE+T2,True,myops_scar,5,True,0.6247040252565115,0.6160406091370558,-0.008663416119455647,24.000003814697266,24.000003814697266,0.0,1,14,13.0,0.0,0.0,0.0,221,results/20260721_srr_batch7_upstream_candidate_quality/runtime/attempts/batch7_formal300_htzhulab_59789651/variants/batch7_formal300_htzhulab_59789651/predictions/fold_0/step_100/argmax/Case3004.nii.gz
formal_100,100,100,Case3011,CenterC,C0+LGE+T2,True,myops_edema,4,True,0.26666666666666666,0.27304347826086955,0.006376811594202891,34.26613348722458,32.5414148790302,-1.7247186081943795,7,24,17.0,0.0,0.0,0.0,189,results/20260721_srr_batch7_upstream_candidate_quality/runtime/attempts/batch7_formal300_htzhulab_59789651/variants/batch7_formal300_htzhulab_59789651/predictions/fold_0/step_100/argmax/Case3011.nii.gz
formal_100,100,100,Case3011,CenterC,C0+LGE+T2,True,myops_scar,5,True,0.6389535925461387,0.6322510032834732,-0.006702589262665537,10.960275328815657,11.128719726364602,0.1684443975489458,3,15,12.0,0.0,0.0,0.0,161,results/20260721_srr_batch7_upstream_candidate_quality/runtime/attempts/batch7_formal300_htzhulab_59789651/variants/batch7_formal300_htzhulab_59789651/predictions/fold_0/step_100/argmax/Case3011.nii.gz
formal_100,100,100,Case3012,CenterC,C0+LGE+T2,True,myops_edema,4,True,0.45068083693125205,0.44842173771558735,-0.002259099215664695,22.41202445117764,22.189375459825303,-0.22264899135233662,18,36,18.0,0.0,0.0,0.0,294,results/20260721_srr_batch7_upstream_candidate_quality/runtime/attempts/batch7_formal300_htzhulab_59789651/variants/batch7_formal300_htzhulab_59789651/predictions/fold_0/step_100/argmax/Case3012.nii.gz
formal_100,100,100,Case3012,CenterC,C0+LGE+T2,True,myops_scar,5,True,0.8267066766691673,0.8101460415065335,-0.01656063516263384,2.916266679763794,2.62868726170387,-0.28757941805992404,2,12,10.0,0.0,0.0,0.0,248,results/20260721_srr_batch7_upstream_candidate_quality/runtime/attempts/batch7_formal300_htzhulab_59789651/variants/batch7_formal300_htzhulab_59789651/predictions/fold_0/step_100/argmax/Case3012.nii.gz
formal_100,100,100,Case3023,CenterC,C0+LGE+T2,True,myops_edema,4,True,0.16291793313069908,0.18953488372093022,0.026616950590231142,41.324851944191856,41.20018366118075,-0.12466828301110411,13,34,21.0,0.0,0.0,0.0,155,results/20260721_srr_batch7_upstream_candidate_quality/runtime/attempts/batch7_formal300_htzhulab_59789651/variants/batch7_formal300_htzhulab_59789651/predictions/fold_0/step_100/argmax/Case3023.nii.gz
formal_100,100,100,Case3023,CenterC,C0+LGE+T2,True,myops_scar,5,True,0.6612691466083152,0.6595365418894831,-0.001732604718832076,4.124789669313123,4.124789669313123,0.0,2,8,6.0,0.0,0.0,0.0,126,results/20260721_srr_batch7_upstream_candidate_quality/runtime/attempts/batch7_formal300_htzhulab_59789651/variants/batch7_formal300_htzhulab_59789651/predictions/fold_0/step_100/argmax/Case3023.nii.gz
formal_100,100,100,Case3026,CenterC,C0+LGE+T2,True,myops_edema,4,True,0.21919504643962848,0.22419402543626146,0.004998978996632986,17.325748731744103,15.183875121584467,-2.141873610159635,4,33,29.0,0.0,193.47994769495574,193.47994769495574,235,results/20260721_srr_batch7_upstream_candidate_quality/runtime/attempts/batch7_formal300_htzhulab_59789651/variants/batch7_formal300_htzhulab_59789651/predictions/fold_0/step_100/argmax/Case3026.nii.gz
formal_100,100,100,Case3026,CenterC,C0+LGE+T2,True,myops_scar,5,True,0.8081740276862228,0.7933950865888039,-0.014778941097418952,2.916266679763794,3.0931679175140347,0.1769012377502408,1,4,3.0,0.0,0.0,0.0,188,results/20260721_srr_batch7_upstream_candidate_quality/runtime/attempts/batch7_formal300_htzhulab_59789651/variants/batch7_formal300_htzhulab_59789651/predictions/fold_0/step_100/argmax/Case3026.nii.gz
formal_100,100,100,Case3034,CenterC,C0+LGE+T2,True,myops_edema,4,True,0.6546035125066525,0.6541140056744906,-0.0004895068321618679,9.135179190762985,8.779125260339077,-0.35605393042390787,5,20,15.0,0.0,0.0,0.0,251,results/20260721_srr_batch7_upstream_candidate_quality/runtime/attempts/batch7_formal300_htzhulab_59789651/variants/batch7_formal300_htzhulab_59789651/predictions/fold_0/step_100/argmax/Case3034.nii.gz
formal_100,100,100,Case3034,CenterC,C0+LGE+T2,True,myops_scar,5,True,0.8293831423638361,0.8348521183053557,0.005468975941519516,1.6302426341173635,1.6302426341173635,0.0,1,12,11.0,0.0,0.0,0.0,206,results/20260721_srr_batch7_upstream_candidate_quality/runtime/attempts/batch7_formal300_htzhulab_59789651/variants/batch7_formal300_htzhulab_59789651/predictions/fold_0/step_100/argmax/Case3034.nii.gz
formal_100,100,100,Case3038,CenterC,C0+LGE+T2,True,myops_edema,4,True,0.16778761061946904,0.15963855421686746,-0.008149056402601579,28.21288893486063,28.156936078282104,-0.055952856578525,12,38,26.0,0.0,0.0,0.0,512,results/20260721_srr_batch7_upstream_candidate_quality/runtime/attempts/batch7_formal300_htzhulab_59789651/variants/batch7_formal300_htzhulab_59789651/predictions/fold_0/step_100/argmax/Case3038.nii.gz
formal_100,100,100,Case3038,CenterC,C0+LGE+T2,True,myops_scar,5,True,0.75830144426614,0.74935302657325,-0.00894841769289001,8.297908510253126,5.4032065584503846,-2.894701951802742,1,17,16.0,0.0,0.0,0.0,497,results/20260721_srr_batch7_upstream_candidate_quality/runtime/attempts/batch7_formal300_htzhulab_59789651/variants/batch7_formal300_htzhulab_59789651/predictions/fold_0/step_100/argmax/Case3038.nii.gz
formal_100,100,100,Case3040,CenterC,C0+LGE+T2,True,myops_edema,4,True,0.24913093858632676,0.23799126637554585,-0.01113967221078091,24.13887469193756,24.09479442859367,-0.044080263343889925,10,27,17.0,0.0,0.0,0.0,194,results/20260721_srr_batch7_upstream_candidate_quality/runtime/attempts/batch7_formal300_htzhulab_59789651/variants/batch7_formal300_htzhulab_59789651/predictions/fold_0/step_100/argmax/Case3040.nii.gz
formal_100,100,100,Case3040,CenterC,C0+LGE+T2,True,myops_scar,5,True,0.8691367757193535,0.8509178938874319,-0.018218881831921663,1.458133339881897,1.6302426341173635,0.1721092942354665,1,8,7.0,0.0,0.0,0.0,153,results/20260721_srr_batch7_upstream_candidate_quality/runtime/attempts/batch7_formal300_htzhulab_59789651/variants/batch7_formal300_htzhulab_59789651/predictions/fold_0/step_100/argmax/Case3040.nii.gz
formal_100,100,100,Case3044,CenterC,C0+LGE+T2,True,myops_edema,4,True,0.16612529002320187,0.1567476948868399,-0.009377595136361966,22.61223504639135,24.63545291060081,2.0232178642094603,19,50,31.0,0.0,0.0,0.0,375,results/20260721_srr_batch7_upstream_candidate_quality/runtime/attempts/batch7_formal300_htzhulab_59789651/variants/batch7_formal300_htzhulab_59789651/predictions/fold_0/step_100/argmax/Case3044.nii.gz
formal_100,100,100,Case3044,CenterC,C0+LGE+T2,True,myops_scar,5,True,0.7844537386514332,0.7612781954887218,-0.02317554316271142,4.89072790235209,3.7175251767390067,-1.1732027256130833,2,18,16.0,0.0,0.0,0.0,323,results/20260721_srr_batch7_upstream_candidate_quality/runtime/attempts/batch7_formal300_htzhulab_59789651/variants/batch7_formal300_htzhulab_59789651/predictions/fold_0/step_100/argmax/Case3044.nii.gz
formal_100,100,100,Case5005,CenterE,C0+LGE,False,myops_edema,4,False,1.0,1.0,0.0,0.0,0.0,0.0,0,0,0.0,0.0,0.0,0.0,0,results/20260721_srr_batch7_upstream_candidate_quality/runtime/attempts/batch7_formal300_htzhulab_59789651/variants/batch7_formal300_htzhulab_59789651/predictions/fold_0/step_100/argmax/Case5005.nii.gz
formal_100,100,100,Case5005,CenterE,C0+LGE,False,myops_scar,5,True,0.5725747629467542,0.562975693591947,-0.009599069354807255,11.148974014770653,10.721642284708533,-0.4273317300621198,1,4,3.0,0.0,0.0,0.0,88,results/20260721_srr_batch7_upstream_candidate_quality/runtime/attempts/batch7_formal300_htzhulab_59789651/variants/batch7_formal300_htzhulab_59789651/predictions/fold_0/step_100/argmax/Case5005.nii.gz
formal_100,100,100,Case6001,CenterF,C0+LGE,False,myops_edema,4,False,1.0,1.0,0.0,0.0,0.0,0.0,0,0,0.0,0.0,0.0,0.0,0,results/20260721_srr_batch7_upstream_candidate_quality/runtime/attempts/batch7_formal300_htzhulab_59789651/variants/batch7_formal300_htzhulab_59789651/predictions/fold_0/step_100/argmax/Case6001.nii.gz
formal_100,100,100,Case6001,CenterF,C0+LGE,False,myops_scar,5,True,0.44598337950138506,0.43730130695867186,-0.008682072542713193,10.606601717798213,11.25,0.6433982822017867,14,13,-1.0,0.0,0.0,0.0,57,results/20260721_srr_batch7_upstream_candidate_quality/runtime/attempts/batch7_formal300_htzhulab_59789651/variants/batch7_formal300_htzhulab_59789651/predictions/fold_0/step_100/argmax/Case6001.nii.gz
formal_100,100,100,Case6010,CenterF,C0+LGE,False,myops_edema,4,False,1.0,1.0,0.0,0.0,0.0,0.0,0,0,0.0,0.0,0.0,0.0,0,results/20260721_srr_batch7_upstream_candidate_quality/runtime/attempts/batch7_formal300_htzhulab_59789651/variants/batch7_formal300_htzhulab_59789651/predictions/fold_0/step_100/argmax/Case6010.nii.gz
formal_100,100,100,Case6010,CenterF,C0+LGE,False,myops_scar,5,True,0.49259110933119743,0.4802282918874847,-0.012362817443712704,13.050383136138187,13.975424859373685,0.9250417232354984,9,13,4.0,0.0,0.0,0.0,56,results/20260721_srr_batch7_upstream_candidate_quality/runtime/attempts/batch7_formal300_htzhulab_59789651/variants/batch7_formal300_htzhulab_59789651/predictions/fold_0/step_100/argmax/Case6010.nii.gz
formal_100,100,100,Case7005,CenterG,C0+LGE,False,myops_edema,4,False,1.0,1.0,0.0,0.0,0.0,0.0,0,0,0.0,0.0,0.0,0.0,0,results/20260721_srr_batch7_upstream_candidate_quality/runtime/attempts/batch7_formal300_htzhulab_59789651/variants/batch7_formal300_htzhulab_59789651/predictions/fold_0/step_100/argmax/Case7005.nii.gz
formal_100,100,100,Case7005,CenterG,C0+LGE,False,myops_scar,5,False,0.0,0.0,0.0,,,,7,10,3.0,0.0,0.0,0.0,4,results/20260721_srr_batch7_upstream_candidate_quality/runtime/attempts/batch7_formal300_htzhulab_59789651/variants/batch7_formal300_htzhulab_59789651/predictions/fold_0/step_100/argmax/Case7005.nii.gz
formal_100,100,100,Case8003,CenterH,LGE-only,False,myops_edema,4,False,1.0,1.0,0.0,0.0,0.0,0.0,0,0,0.0,0.0,0.0,0.0,0,results/20260721_srr_batch7_upstream_candidate_quality/runtime/attempts/batch7_formal300_htzhulab_59789651/variants/batch7_formal300_htzhulab_59789651/predictions/fold_0/step_100/argmax/Case8003.nii.gz
formal_100,100,100,Case8003,CenterH,LGE-only,False,myops_scar,5,True,0.7172976649285876,0.712743972445465,-0.004553692483122651,8.754271418365223,9.067097277564292,0.31282585919906936,3,3,0.0,357.4849690267001,315.42791384708835,-42.05705517961178,56,results/20260721_srr_batch7_upstream_candidate_quality/runtime/attempts/batch7_formal300_htzhulab_59789651/variants/batch7_formal300_htzhulab_59789651/predictions/fold_0/step_100/argmax/Case8003.nii.gz
formal_100,100,100,Case8011,CenterH,LGE-only,False,myops_edema,4,False,1.0,1.0,0.0,0.0,0.0,0.0,0,0,0.0,0.0,0.0,0.0,0,results/20260721_srr_batch7_upstream_candidate_quality/runtime/attempts/batch7_formal300_htzhulab_59789651/variants/batch7_formal300_htzhulab_59789651/predictions/fold_0/step_100/argmax/Case8011.nii.gz
formal_100,100,100,Case8011,CenterH,LGE-only,False,myops_scar,5,True,0.22406639004149378,0.208067940552017,-0.01599844948947679,31.32764229603699,46.55230205084739,15.224659754810396,3,1,-2.0,1809.5167533436324,1759.940951882163,-49.57580146146938,11,results/20260721_srr_batch7_upstream_candidate_quality/runtime/attempts/batch7_formal300_htzhulab_59789651/variants/batch7_formal300_htzhulab_59789651/predictions/fold_0/step_100/argmax/Case8011.nii.gz
formal_100,100,100,Case8015,CenterH,LGE-only,False,myops_edema,4,False,1.0,1.0,0.0,0.0,0.0,0.0,0,0,0.0,0.0,0.0,0.0,0,results/20260721_srr_batch7_upstream_candidate_quality/runtime/attempts/batch7_formal300_htzhulab_59789651/variants/batch7_formal300_htzhulab_59789651/predictions/fold_0/step_100/argmax/Case8015.nii.gz
formal_100,100,100,Case8015,CenterH,LGE-only,False,myops_scar,5,True,0.46925795053003533,0.4611510791366906,-0.008106871393344706,20.046675576268406,20.088586012692193,0.041910436423787445,3,3,0.0,2598.1903076171875,2486.0382080078125,-112.152099609375,50,results/20260721_srr_batch7_upstream_candidate_quality/runtime/attempts/batch7_formal300_htzhulab_59789651/variants/batch7_formal300_htzhulab_59789651/predictions/fold_0/step_100/argmax/Case8015.nii.gz
formal_100,100,100,Case8019,CenterH,LGE-only,False,myops_edema,4,False,1.0,1.0,0.0,0.0,0.0,0.0,0,0,0.0,0.0,0.0,0.0,0,results/20260721_srr_batch7_upstream_candidate_quality/runtime/attempts/batch7_formal300_htzhulab_59789651/variants/batch7_formal300_htzhulab_59789651/predictions/fold_0/step_100/argmax/Case8019.nii.gz
formal_100,100,100,Case8019,CenterH,LGE-only,False,myops_scar,5,True,0.6588021778584392,0.6617100371747212,0.0029078593162820132,11.25,11.25,0.0,1,1,0.0,4833.641052246094,4585.762023925781,-247.8790283203125,26,results/20260721_srr_batch7_upstream_candidate_quality/runtime/attempts/batch7_formal300_htzhulab_59789651/variants/batch7_formal300_htzhulab_59789651/predictions/fold_0/step_100/argmax/Case8019.nii.gz
formal_100,100,100,Case8021,CenterH,LGE-only,False,myops_edema,4,False,1.0,1.0,0.0,0.0,0.0,0.0,0,0,0.0,0.0,0.0,0.0,0,results/20260721_srr_batch7_upstream_candidate_quality/runtime/attempts/batch7_formal300_htzhulab_59789651/variants/batch7_formal300_htzhulab_59789651/predictions/fold_0/step_100/argmax/Case8021.nii.gz
formal_100,100,100,Case8021,CenterH,LGE-only,False,myops_scar,5,True,0.0,0.0,0.0,,,,0,0,0.0,0.0,0.0,0.0,0,results/20260721_srr_batch7_upstream_candidate_quality/runtime/attempts/batch7_formal300_htzhulab_59789651/variants/batch7_formal300_htzhulab_59789651/predictions/fold_0/step_100/argmax/Case8021.nii.gz
formal_100,100,100,Case8022,CenterH,LGE-only,False,myops_edema,4,False,1.0,1.0,0.0,0.0,0.0,0.0,0,0,0.0,0.0,0.0,0.0,0,results/20260721_srr_batch7_upstream_candidate_quality/runtime/attempts/batch7_formal300_htzhulab_59789651/variants/batch7_formal300_htzhulab_59789651/predictions/fold_0/step_100/argmax/Case8022.nii.gz
formal_100,100,100,Case8022,CenterH,LGE-only,False,myops_scar,5,True,0.6748560460652591,0.676001555814858,0.0011455097495989275,10.093025488583056,10.093025488583056,0.0,2,2,0.0,485.992338944925,355.1482476905221,-130.84409125440288,34,results/20260721_srr_batch7_upstream_candidate_quality/runtime/attempts/batch7_formal300_htzhulab_59789651/variants/batch7_formal300_htzhulab_59789651/predictions/fold_0/step_100/argmax/Case8022.nii.gz
formal_100,100,100,Case8023,CenterH,LGE-only,False,myops_edema,4,False,1.0,1.0,0.0,0.0,0.0,0.0,0,0,0.0,0.0,0.0,0.0,0,results/20260721_srr_batch7_upstream_candidate_quality/runtime/attempts/batch7_formal300_htzhulab_59789651/variants/batch7_formal300_htzhulab_59789651/predictions/fold_0/step_100/argmax/Case8023.nii.gz
formal_100,100,100,Case8023,CenterH,LGE-only,False,myops_scar,5,True,0.45514445007602633,0.45161290322580644,-0.003531546850219891,32.0090827611819,31.864293786183595,-0.14478897499830623,1,2,1.0,14565.371466655051,13482.635888602817,-1082.735578052234,82,results/20260721_srr_batch7_upstream_candidate_quality/runtime/attempts/batch7_formal300_htzhulab_59789651/variants/batch7_formal300_htzhulab_59789651/predictions/fold_0/step_100/argmax/Case8023.nii.gz
formal_200,200,200,Case1002,CenterA,LGE-only,False,myops_edema,4,False,1.0,1.0,0.0,0.0,0.0,0.0,0,0,0.0,0.0,0.0,0.0,0,results/20260721_srr_batch7_upstream_candidate_quality/runtime/attempts/batch7_formal300_htzhulab_59789651/variants/batch7_formal300_htzhulab_59789651/predictions/fold_0/step_200/argmax/Case1002.nii.gz
formal_200,200,200,Case1002,CenterA,LGE-only,False,myops_scar,5,True,0.6167400881057269,0.6087473966081524,-0.007992691497574533,4.323466070663145,4.929509765020051,0.6060436943569059,3,2,-1.0,0.0,0.0,0.0,44,results/20260721_srr_batch7_upstream_candidate_quality/runtime/attempts/batch7_formal300_htzhulab_59789651/variants/batch7_formal300_htzhulab_59789651/predictions/fold_0/step_200/argmax/Case1002.nii.gz
formal_200,200,200,Case1007,CenterA,LGE-only,False,myops_edema,4,False,1.0,1.0,0.0,0.0,0.0,0.0,0,0,0.0,0.0,0.0,0.0,0,results/20260721_srr_batch7_upstream_candidate_quality/runtime/attempts/batch7_formal300_htzhulab_59789651/variants/batch7_formal300_htzhulab_59789651/predictions/fold_0/step_200/argmax/Case1007.nii.gz
formal_200,200,200,Case1007,CenterA,LGE-only,False,myops_scar,5,True,0.5810928013876843,0.586328815556865,0.005236014169180736,6.836000084877014,6.348233338766624,-0.48776674611039006,8,5,-3.0,0.0,0.0,0.0,136,results/20260721_srr_batch7_upstream_candidate_quality/runtime/attempts/batch7_formal300_htzhulab_59789651/variants/batch7_formal300_htzhulab_59789651/predictions/fold_0/step_200/argmax/Case1007.nii.gz
formal_200,200,200,Case1009,CenterA,LGE-only,False,myops_edema,4,False,1.0,1.0,0.0,0.0,0.0,0.0,0,0,0.0,0.0,0.0,0.0,0,results/20260721_srr_batch7_upstream_candidate_quality/runtime/attempts/batch7_formal300_htzhulab_59789651/variants/batch7_formal300_htzhulab_59789651/predictions/fold_0/step_200/argmax/Case1009.nii.gz
formal_200,200,200,Case1009,CenterA,LGE-only,False,myops_scar,5,True,0.6048804535370964,0.6021047356552243,-0.0027757178818721417,8.496820117260281,9.10356207042262,0.6067419531623397,1,1,0.0,0.0,0.0,0.0,132,results/20260721_srr_batch7_upstream_candidate_quality/runtime/attempts/batch7_formal300_htzhulab_59789651/variants/batch7_formal300_htzhulab_59789651/predictions/fold_0/step_200/argmax/Case1009.nii.gz
formal_200,200,200,Case1010,CenterA,LGE-only,False,myops_edema,4,False,1.0,1.0,0.0,0.0,0.0,0.0,0,0,0.0,0.0,0.0,0.0,0,results/20260721_srr_batch7_upstream_candidate_quality/runtime/attempts/batch7_formal300_htzhulab_59789651/variants/batch7_formal300_htzhulab_59789651/predictions/fold_0/step_200/argmax/Case1010.nii.gz
formal_200,200,200,Case1010,CenterA,LGE-only,False,myops_scar,5,True,0.48279378027020137,0.46693227091633466,-0.01586150935386671,9.103254137198277,9.103254137198277,0.0,7,4,-3.0,285.9930906218839,252.34684466636816,-33.646245955515724,158,results/20260721_srr_batch7_upstream_candidate_quality/runtime/attempts/batch7_formal300_htzhulab_59789651/variants/batch7_formal300_htzhulab_59789651/predictions/fold_0/step_200/argmax/Case1010.nii.gz
formal_200,200,200,Case1021,CenterA,LGE-only,False,myops_edema,4,False,1.0,1.0,0.0,0.0,0.0,0.0,0,0,0.0,0.0,0.0,0.0,0,results/20260721_srr_batch7_upstream_candidate_quality/runtime/attempts/batch7_formal300_htzhulab_59789651/variants/batch7_formal300_htzhulab_59789651/predictions/fold_0/step_200/argmax/Case1021.nii.gz
formal_200,200,200,Case1021,CenterA,LGE-only,False,myops_scar,5,True,0.5699192044748291,0.569264752287788,-0.0006544521870411879,7.972077529615252,7.734051225933362,-0.23802630368188993,4,4,0.0,0.0,0.0,0.0,49,results/20260721_srr_batch7_upstream_candidate_quality/runtime/attempts/batch7_formal300_htzhulab_59789651/variants/batch7_formal300_htzhulab_59789651/predictions/fold_0/step_200/argmax/Case1021.nii.gz
formal_200,200,200,Case1023,CenterA,LGE-only,False,myops_edema,4,False,1.0,1.0,0.0,0.0,0.0,0.0,0,0,0.0,0.0,0.0,0.0,0,results/20260721_srr_batch7_upstream_candidate_quality/runtime/attempts/batch7_formal300_htzhulab_59789651/variants/batch7_formal300_htzhulab_59789651/predictions/fold_0/step_200/argmax/Case1023.nii.gz
formal_200,200,200,Case1023,CenterA,LGE-only,False,myops_scar,5,True,0.6466011466011466,0.6404682274247492,-0.006132919176397467,5.0,5.0,0.0,5,7,2.0,0.0,0.0,0.0,114,results/20260721_srr_batch7_upstream_candidate_quality/runtime/attempts/batch7_formal300_htzhulab_59789651/variants/batch7_formal300_htzhulab_59789651/predictions/fold_0/step_200/argmax/Case1023.nii.gz
formal_200,200,200,Case1029,CenterA,LGE-only,False,myops_edema,4,False,1.0,1.0,0.0,0.0,0.0,0.0,0,0,0.0,0.0,0.0,0.0,0,results/20260721_srr_batch7_upstream_candidate_quality/runtime/attempts/batch7_formal300_htzhulab_59789651/variants/batch7_formal300_htzhulab_59789651/predictions/fold_0/step_200/argmax/Case1029.nii.gz
formal_200,200,200,Case1029,CenterA,LGE-only,False,myops_scar,5,True,0.16436865021770683,0.17036172695449242,0.005993076736785591,51.395270620488255,50.89863975627862,-0.4966308642096351,12,7,-5.0,0.0,0.0,0.0,370,results/20260721_srr_batch7_upstream_candidate_quality/runtime/attempts/batch7_formal300_htzhulab_59789651/variants/batch7_formal300_htzhulab_59789651/predictions/fold_0/step_200/argmax/Case1029.nii.gz
formal_200,200,200,Case1033,CenterA,LGE-only,False,myops_edema,4,False,1.0,1.0,0.0,0.0,0.0,0.0,0,0,0.0,0.0,0.0,0.0,0,results/20260721_srr_batch7_upstream_candidate_quality/runtime/attempts/batch7_formal300_htzhulab_59789651/variants/batch7_formal300_htzhulab_59789651/predictions/fold_0/step_200/argmax/Case1033.nii.gz
formal_200,200,200,Case1033,CenterA,LGE-only,False,myops_scar,5,True,0.671361030077457,0.6763165999384047,0.004955569860947695,7.152037197524651,6.92315273250983,-0.22888446501482118,6,8,2.0,0.0,0.0,0.0,200,results/20260721_srr_batch7_upstream_candidate_quality/runtime/attempts/batch7_formal300_htzhulab_59789651/variants/batch7_formal300_htzhulab_59789651/predictions/fold_0/step_200/argmax/Case1033.nii.gz
formal_200,200,200,Case1040,CenterA,LGE-only,False,myops_edema,4,False,1.0,1.0,0.0,0.0,0.0,0.0,0,0,0.0,0.0,0.0,0.0,0,results/20260721_srr_batch7_upstream_candidate_quality/runtime/attempts/batch7_formal300_htzhulab_59789651/variants/batch7_formal300_htzhulab_59789651/predictions/fold_0/step_200/argmax/Case1040.nii.gz
formal_200,200,200,Case1040,CenterA,LGE-only,False,myops_scar,5,True,0.4280078895463511,0.42010991247710155,-0.007897977069249551,8.5,8.609252922665098,0.10925292266509778,6,9,3.0,0.0,0.0,0.0,157,results/20260721_srr_batch7_upstream_candidate_quality/runtime/attempts/batch7_formal300_htzhulab_59789651/variants/batch7_formal300_htzhulab_59789651/predictions/fold_0/step_200/argmax/Case1040.nii.gz
formal_200,200,200,Case1042,CenterA,LGE-only,False,myops_edema,4,False,1.0,1.0,0.0,0.0,0.0,0.0,0,0,0.0,0.0,0.0,0.0,0,results/20260721_srr_batch7_upstream_candidate_quality/runtime/attempts/batch7_formal300_htzhulab_59789651/variants/batch7_formal300_htzhulab_59789651/predictions/fold_0/step_200/argmax/Case1042.nii.gz
formal_200,200,200,Case1042,CenterA,LGE-only,False,myops_scar,5,True,0.7573770491803279,0.7573898494143892,1.2800234061360882e-05,3.057152176795867,3.057152176795867,0.0,4,4,0.0,863.5869795249043,832.7445873990149,-30.842392125889432,37,results/20260721_srr_batch7_upstream_candidate_quality/runtime/attempts/batch7_formal300_htzhulab_59789651/variants/batch7_formal300_htzhulab_59789651/predictions/fold_0/step_200/argmax/Case1042.nii.gz
formal_200,200,200,Case1045,CenterA,LGE-only,False,myops_edema,4,False,1.0,1.0,0.0,0.0,0.0,0.0,0,0,0.0,0.0,0.0,0.0,0,results/20260721_srr_batch7_upstream_candidate_quality/runtime/attempts/batch7_formal300_htzhulab_59789651/variants/batch7_formal300_htzhulab_59789651/predictions/fold_0/step_200/argmax/Case1045.nii.gz
formal_200,200,200,Case1045,CenterA,LGE-only,False,myops_scar,5,True,0.09968847352024922,0.0861244019138756,-0.013564071606373615,58.23937490442107,58.10716767249648,-0.13220723192458905,7,6,-1.0,0.0,0.0,0.0,45,results/20260721_srr_batch7_upstream_candidate_quality/runtime/attempts/batch7_formal300_htzhulab_59789651/variants/batch7_formal300_htzhulab_59789651/predictions/fold_0/step_200/argmax/Case1045.nii.gz
formal_200,200,200,Case1047,CenterA,LGE-only,False,myops_edema,4,False,1.0,1.0,0.0,0.0,0.0,0.0,0,0,0.0,0.0,0.0,0.0,0,results/20260721_srr_batch7_upstream_candidate_quality/runtime/attempts/batch7_formal300_htzhulab_59789651/variants/batch7_formal300_htzhulab_59789651/predictions/fold_0/step_200/argmax/Case1047.nii.gz
formal_200,200,200,Case1047,CenterA,LGE-only,False,myops_scar,5,True,0.6283120251991847,0.6090182648401826,-0.0192937603590021,5.781199932098389,5.959124490713826,0.17792455861543743,13,13,0.0,0.0,0.0,0.0,282,results/20260721_srr_batch7_upstream_candidate_quality/runtime/attempts/batch7_formal300_htzhulab_59789651/variants/batch7_formal300_htzhulab_59789651/predictions/fold_0/step_200/argmax/Case1047.nii.gz
formal_200,200,200,Case1053,CenterA,LGE-only,False,myops_edema,4,False,1.0,1.0,0.0,0.0,0.0,0.0,0,0,0.0,0.0,0.0,0.0,0,results/20260721_srr_batch7_upstream_candidate_quality/runtime/attempts/batch7_formal300_htzhulab_59789651/variants/batch7_formal300_htzhulab_59789651/predictions/fold_0/step_200/argmax/Case1053.nii.gz
formal_200,200,200,Case1053,CenterA,LGE-only,False,myops_scar,5,True,0.5196241017136539,0.5032182562902282,-0.016405845423425713,27.536782421660927,27.148391411831383,-0.3883910098295438,15,13,-2.0,0.0,0.0,0.0,100,results/20260721_srr_batch7_upstream_candidate_quality/runtime/attempts/batch7_formal300_htzhulab_59789651/variants/batch7_formal300_htzhulab_59789651/predictions/fold_0/step_200/argmax/Case1053.nii.gz
formal_200,200,200,Case1062,CenterA,LGE-only,False,myops_edema,4,False,1.0,1.0,0.0,0.0,0.0,0.0,0,0,0.0,0.0,0.0,0.0,0,results/20260721_srr_batch7_upstream_candidate_quality/runtime/attempts/batch7_formal300_htzhulab_59789651/variants/batch7_formal300_htzhulab_59789651/predictions/fold_0/step_200/argmax/Case1062.nii.gz
formal_200,200,200,Case1062,CenterA,LGE-only,False,myops_scar,5,True,0.5070823546159869,0.5143824027072758,0.007300048091288813,15.291149322372709,15.058680205111598,-0.23246911726111108,3,3,0.0,0.0,0.0,0.0,458,results/20260721_srr_batch7_upstream_candidate_quality/runtime/attempts/batch7_formal300_htzhulab_59789651/variants/batch7_formal300_htzhulab_59789651/predictions/fold_0/step_200/argmax/Case1062.nii.gz
formal_200,200,200,Case1070,CenterA,LGE-only,False,myops_edema,4,False,1.0,1.0,0.0,0.0,0.0,0.0,0,0,0.0,0.0,0.0,0.0,0,results/20260721_srr_batch7_upstream_candidate_quality/runtime/attempts/batch7_formal300_htzhulab_59789651/variants/batch7_formal300_htzhulab_59789651/predictions/fold_0/step_200/argmax/Case1070.nii.gz
formal_200,200,200,Case1070,CenterA,LGE-only,False,myops_scar,5,True,0.5004500450045004,0.508628762541806,0.008178717537305591,34.297412438841505,34.07161575270536,-0.22579668613614245,24,19,-5.0,0.0,0.0,0.0,302,results/20260721_srr_batch7_upstream_candidate_quality/runtime/attempts/batch7_formal300_htzhulab_59789651/variants/batch7_formal300_htzhulab_59789651/predictions/fold_0/step_200/argmax/Case1070.nii.gz
formal_200,200,200,Case1073,CenterA,LGE-only,False,myops_edema,4,False,1.0,1.0,0.0,0.0,0.0,0.0,0,0,0.0,0.0,0.0,0.0,0,results/20260721_srr_batch7_upstream_candidate_quality/runtime/attempts/batch7_formal300_htzhulab_59789651/variants/batch7_formal300_htzhulab_59789651/predictions/fold_0/step_200/argmax/Case1073.nii.gz
formal_200,200,200,Case1073,CenterA,LGE-only,False,myops_scar,5,True,0.4282765737874097,0.42452830188679247,-0.003748271900617217,10.678173489481713,10.937600135803223,0.2594266463215096,9,8,-1.0,0.0,0.0,0.0,60,results/20260721_srr_batch7_upstream_candidate_quality/runtime/attempts/batch7_formal300_htzhulab_59789651/variants/batch7_formal300_htzhulab_59789651/predictions/fold_0/step_200/argmax/Case1073.nii.gz
formal_200,200,200,Case1080,CenterA,LGE-only,False,myops_edema,4,False,1.0,1.0,0.0,0.0,0.0,0.0,0,0,0.0,0.0,0.0,0.0,0,results/20260721_srr_batch7_upstream_candidate_quality/runtime/attempts/batch7_formal300_htzhulab_59789651/variants/batch7_formal300_htzhulab_59789651/predictions/fold_0/step_200/argmax/Case1080.nii.gz
formal_200,200,200,Case1080,CenterA,LGE-only,False,myops_scar,5,True,0.6369426751592356,0.6355748373101953,-0.0013678378490403764,11.0,11.0,0.0,5,5,0.0,1478.5105621922057,1211.8939034362343,-266.61665875597146,60,results/20260721_srr_batch7_upstream_candidate_quality/runtime/attempts/batch7_formal300_htzhulab_59789651/variants/batch7_formal300_htzhulab_59789651/predictions/fold_0/step_200/argmax/Case1080.nii.gz
formal_200,200,200,Case2002,CenterB,C0+LGE+T2,True,myops_edema,4,True,0.5376005596362364,0.5425932261375299,0.004992666501293486,17.453201935819685,15.99846062816268,-1.4547413076570042,5,10,5.0,3792.41943359375,3739.501953125,-52.91748046875,234,results/20260721_srr_batch7_upstream_candidate_quality/runtime/attempts/batch7_formal300_htzhulab_59789651/variants/batch7_formal300_htzhulab_59789651/predictions/fold_0/step_200/argmax/Case2002.nii.gz
formal_200,200,200,Case2002,CenterB,C0+LGE+T2,True,myops_scar,5,True,0.5602700096432015,0.5480961923847696,-0.012173817258431918,21.415372143918024,23.49519554957199,2.079823405653965,5,20,15.0,17.63916015625,211.669921875,194.03076171875,172,results/20260721_srr_batch7_upstream_candidate_quality/runtime/attempts/batch7_formal300_htzhulab_59789651/variants/batch7_formal300_htzhulab_59789651/predictions/fold_0/step_200/argmax/Case2002.nii.gz
formal_200,200,200,Case2007,CenterB,C0+LGE+T2,True,myops_edema,4,True,0.5701357466063348,0.5832727272727273,0.013136980666392462,7.5130097186944615,7.301333042535438,-0.21167667615902364,14,23,9.0,0.0,0.0,0.0,174,results/20260721_srr_batch7_upstream_candidate_quality/runtime/attempts/batch7_formal300_htzhulab_59789651/variants/batch7_formal300_htzhulab_59789651/predictions/fold_0/step_200/argmax/Case2007.nii.gz
formal_200,200,200,Case2007,CenterB,C0+LGE+T2,True,myops_scar,5,True,0.4898728214790391,0.4748201438848921,-0.015052677594147024,11.682996338833703,11.338866091557966,-0.3441302472757375,3,5,2.0,0.0,0.0,0.0,110,results/20260721_srr_batch7_upstream_candidate_quality/runtime/attempts/batch7_formal300_htzhulab_59789651/variants/batch7_formal300_htzhulab_59789651/predictions/fold_0/step_200/argmax/Case2007.nii.gz
formal_200,200,200,Case2008,CenterB,C0+LGE+T2,True,myops_edema,4,True,0.3485546711353163,0.35646032405484007,0.007905652919523776,33.237885822186755,33.156032780862446,-0.08185304132430815,5,13,8.0,0.0,0.0,0.0,96,results/20260721_srr_batch7_upstream_candidate_quality/runtime/attempts/batch7_formal300_htzhulab_59789651/variants/batch7_formal300_htzhulab_59789651/predictions/fold_0/step_200/argmax/Case2008.nii.gz
formal_200,200,200,Case2008,CenterB,C0+LGE+T2,True,myops_scar,5,True,0.7531584062196307,0.751730959446093,-0.0014274467735376772,6.640625,6.640625,0.0,1,1,0.0,0.0,0.0,0.0,64,results/20260721_srr_batch7_upstream_candidate_quality/runtime/attempts/batch7_formal300_htzhulab_59789651/variants/batch7_formal300_htzhulab_59789651/predictions/fold_0/step_200/argmax/Case2008.nii.gz
formal_200,200,200,Case2017,CenterB,C0+LGE+T2,True,myops_edema,4,True,0.6796246648793566,0.6902197328737613,0.010595067994404683,10.0,10.0,0.0,6,8,2.0,0.0,0.0,0.0,268,results/20260721_srr_batch7_upstream_candidate_quality/runtime/attempts/batch7_formal300_htzhulab_59789651/variants/batch7_formal300_htzhulab_59789651/predictions/fold_0/step_200/argmax/Case2017.nii.gz
formal_200,200,200,Case2017,CenterB,C0+LGE+T2,True,myops_scar,5,True,0.5470588235294118,0.5544252288911495,0.007366405361737716,11.338866091557966,12.521682864490769,1.182816772932803,2,10,8.0,0.0,0.0,0.0,174,results/20260721_srr_batch7_upstream_candidate_quality/runtime/attempts/batch7_formal300_htzhulab_59789651/variants/batch7_formal300_htzhulab_59789651/predictions/fold_0/step_200/argmax/Case2017.nii.gz
formal_200,200,200,Case2020,CenterB,C0+LGE+T2,True,myops_edema,4,True,0.5630676084762866,0.564128256513026,0.0010606480367394422,7.5130097186944615,7.5130097186944615,0.0,4,4,0.0,0.0,0.0,0.0,26,results/20260721_srr_batch7_upstream_candidate_quality/runtime/attempts/batch7_formal300_htzhulab_59789651/variants/batch7_formal300_htzhulab_59789651/predictions/fold_0/step_200/argmax/Case2020.nii.gz
formal_200,200,200,Case2020,CenterB,C0+LGE+T2,True,myops_scar,5,True,0.4196185286103542,0.39944903581267216,-0.020169492797682043,20.994429281533453,21.21729514718693,0.22286586565347832,1,2,1.0,0.0,0.0,0.0,16,results/20260721_srr_batch7_upstream_candidate_quality/runtime/attempts/batch7_formal300_htzhulab_59789651/variants/batch7_formal300_htzhulab_59789651/predictions/fold_0/step_200/argmax/Case2020.nii.gz
formal_200,200,200,Case2031,CenterB,C0+LGE+T2,True,myops_edema,4,True,0.29880478087649404,0.30857142857142855,0.009766647694934516,25.052956799932126,24.57295880203575,-0.4799979978963762,16,31,15.0,0.0,0.0,0.0,49,results/20260721_srr_batch7_upstream_candidate_quality/runtime/attempts/batch7_formal300_htzhulab_59789651/variants/batch7_formal300_htzhulab_59789651/predictions/fold_0/step_200/argmax/Case2031.nii.gz
formal_200,200,200,Case2031,CenterB,C0+LGE+T2,True,myops_scar,5,True,0.8013937282229965,0.8007033997655334,-0.0006903284574630852,5.008673145796307,3.959703799009236,-1.0489693467870715,2,4,2.0,0.0,0.0,0.0,46,results/20260721_srr_batch7_upstream_candidate_quality/runtime/attempts/batch7_formal300_htzhulab_59789651/variants/batch7_formal300_htzhulab_59789651/predictions/fold_0/step_200/argmax/Case2031.nii.gz
formal_200,200,200,Case2033,CenterB,C0+LGE+T2,True,myops_edema,4,True,0.523033309709426,0.5260614428719365,0.0030281331625104935,10.76453641085509,10.76453641085509,0.0,4,5,1.0,0.0,0.0,0.0,137,results/20260721_srr_batch7_upstream_candidate_quality/runtime/attempts/batch7_formal300_htzhulab_59789651/variants/batch7_formal300_htzhulab_59789651/predictions/fold_0/step_200/argmax/Case2033.nii.gz
formal_200,200,200,Case2033,CenterB,C0+LGE+T2,True,myops_scar,5,True,0.7208988764044943,0.708814028610983,-0.012084847793511377,10.0,10.0,0.0,2,6,4.0,0.0,0.0,0.0,104,results/20260721_srr_batch7_upstream_candidate_quality/runtime/attempts/batch7_formal300_htzhulab_59789651/variants/batch7_formal300_htzhulab_59789651/predictions/fold_0/step_200/argmax/Case2033.nii.gz
formal_200,200,200,Case3004,CenterC,C0+LGE+T2,True,myops_edema,4,True,0.4530451866404715,0.45898475197838257,0.005939565337911068,9.222044972510458,8.80934609071198,-0.41269888179847847,4,11,7.0,0.0,0.0,0.0,241,results/20260721_srr_batch7_upstream_candidate_quality/runtime/attempts/batch7_formal300_htzhulab_59789651/variants/batch7_formal300_htzhulab_59789651/predictions/fold_0/step_200/argmax/Case3004.nii.gz
formal_200,200,200,Case3004,CenterC,C0+LGE+T2,True,myops_scar,5,True,0.6247040252565115,0.6201049656842955,-0.004599059572215958,24.000003814697266,24.000003814697266,0.0,1,11,10.0,0.0,0.0,0.0,206,results/20260721_srr_batch7_upstream_candidate_quality/runtime/attempts/batch7_formal300_htzhulab_59789651/variants/batch7_formal300_htzhulab_59789651/predictions/fold_0/step_200/argmax/Case3004.nii.gz
formal_200,200,200,Case3011,CenterC,C0+LGE+T2,True,myops_edema,4,True,0.26666666666666666,0.27690933452434124,0.010242667857674581,34.26613348722458,33.74028821072957,-0.5258452764950121,7,20,13.0,0.0,0.0,0.0,130,results/20260721_srr_batch7_upstream_candidate_quality/runtime/attempts/batch7_formal300_htzhulab_59789651/variants/batch7_formal300_htzhulab_59789651/predictions/fold_0/step_200/argmax/Case3011.nii.gz
formal_200,200,200,Case3011,CenterC,C0+LGE+T2,True,myops_scar,5,True,0.6389535925461387,0.6406080347448425,0.0016544421987038094,10.960275328815657,11.104812674636069,0.144537345820412,3,12,9.0,0.0,0.0,0.0,103,results/20260721_srr_batch7_upstream_candidate_quality/runtime/attempts/batch7_formal300_htzhulab_59789651/variants/batch7_formal300_htzhulab_59789651/predictions/fold_0/step_200/argmax/Case3011.nii.gz
formal_200,200,200,Case3012,CenterC,C0+LGE+T2,True,myops_edema,4,True,0.45068083693125205,0.45827900912646674,0.007598172195214692,22.41202445117764,21.920550657631313,-0.4914737935463265,18,39,21.0,0.0,0.0,0.0,288,results/20260721_srr_batch7_upstream_candidate_quality/runtime/attempts/batch7_formal300_htzhulab_59789651/variants/batch7_formal300_htzhulab_59789651/predictions/fold_0/step_200/argmax/Case3012.nii.gz
formal_200,200,200,Case3012,CenterC,C0+LGE+T2,True,myops_scar,5,True,0.8267066766691673,0.8206791301030141,-0.00602754656615323,2.916266679763794,2.62868726170387,-0.28757941805992404,2,6,4.0,0.0,0.0,0.0,232,results/20260721_srr_batch7_upstream_candidate_quality/runtime/attempts/batch7_formal300_htzhulab_59789651/variants/batch7_formal300_htzhulab_59789651/predictions/fold_0/step_200/argmax/Case3012.nii.gz
formal_200,200,200,Case3023,CenterC,C0+LGE+T2,True,myops_edema,4,True,0.16291793313069908,0.1786777843954735,0.015759851264774416,41.324851944191856,41.302331247343474,-0.02252069684838176,13,29,16.0,0.0,0.0,0.0,114,results/20260721_srr_batch7_upstream_candidate_quality/runtime/attempts/batch7_formal300_htzhulab_59789651/variants/batch7_formal300_htzhulab_59789651/predictions/fold_0/step_200/argmax/Case3023.nii.gz
formal_200,200,200,Case3023,CenterC,C0+LGE+T2,True,myops_scar,5,True,0.6612691466083152,0.6604568640496784,-0.0008122825586367455,4.124789669313123,4.124789669313123,0.0,2,3,1.0,0.0,0.0,0.0,79,results/20260721_srr_batch7_upstream_candidate_quality/runtime/attempts/batch7_formal300_htzhulab_59789651/variants/batch7_formal300_htzhulab_59789651/predictions/fold_0/step_200/argmax/Case3023.nii.gz
formal_200,200,200,Case3026,CenterC,C0+LGE+T2,True,myops_edema,4,True,0.21919504643962848,0.22248590922574904,0.003290862786120563,17.325748731744103,15.183875121584467,-2.141873610159635,4,35,31.0,0.0,193.47994769495574,193.47994769495574,229,results/20260721_srr_batch7_upstream_candidate_quality/runtime/attempts/batch7_formal300_htzhulab_59789651/variants/batch7_formal300_htzhulab_59789651/predictions/fold_0/step_200/argmax/Case3026.nii.gz
formal_200,200,200,Case3026,CenterC,C0+LGE+T2,True,myops_scar,5,True,0.8081740276862228,0.7938255033557047,-0.014348524330518142,2.916266679763794,3.0931679175140347,0.1769012377502408,1,3,2.0,0.0,0.0,0.0,181,results/20260721_srr_batch7_upstream_candidate_quality/runtime/attempts/batch7_formal300_htzhulab_59789651/variants/batch7_formal300_htzhulab_59789651/predictions/fold_0/step_200/argmax/Case3026.nii.gz
formal_200,200,200,Case3034,CenterC,C0+LGE+T2,True,myops_edema,4,True,0.6546035125066525,0.6562419892335298,0.001638476726877336,9.135179190762985,8.312639003255338,-0.8225401875076468,5,27,22.0,0.0,0.0,0.0,279,results/20260721_srr_batch7_upstream_candidate_quality/runtime/attempts/batch7_formal300_htzhulab_59789651/variants/batch7_formal300_htzhulab_59789651/predictions/fold_0/step_200/argmax/Case3034.nii.gz
formal_200,200,200,Case3034,CenterC,C0+LGE+T2,True,myops_scar,5,True,0.8293831423638361,0.8315822986310092,0.0021991562671730414,1.6302426341173635,1.6302426341173635,0.0,1,8,7.0,0.0,0.0,0.0,203,results/20260721_srr_batch7_upstream_candidate_quality/runtime/attempts/batch7_formal300_htzhulab_59789651/variants/batch7_formal300_htzhulab_59789651/predictions/fold_0/step_200/argmax/Case3034.nii.gz
formal_200,200,200,Case3038,CenterC,C0+LGE+T2,True,myops_edema,4,True,0.16778761061946904,0.16430790472903004,-0.003479705890439,28.21288893486063,28.156936078282104,-0.055952856578525,12,37,25.0,0.0,0.0,0.0,316,results/20260721_srr_batch7_upstream_candidate_quality/runtime/attempts/batch7_formal300_htzhulab_59789651/variants/batch7_formal300_htzhulab_59789651/predictions/fold_0/step_200/argmax/Case3038.nii.gz
formal_200,200,200,Case3038,CenterC,C0+LGE+T2,True,myops_scar,5,True,0.75830144426614,0.753006012024048,-0.005295432242091946,8.297908510253126,6.120234913026215,-2.177673597226912,1,7,6.0,0.0,0.0,0.0,284,results/20260721_srr_batch7_upstream_candidate_quality/runtime/attempts/batch7_formal300_htzhulab_59789651/variants/batch7_formal300_htzhulab_59789651/predictions/fold_0/step_200/argmax/Case3038.nii.gz
formal_200,200,200,Case3040,CenterC,C0+LGE+T2,True,myops_edema,4,True,0.24913093858632676,0.24092409240924093,-0.008206846177085836,24.13887469193756,24.186169101024642,0.04729440908708327,10,27,17.0,0.0,0.0,0.0,194,results/20260721_srr_batch7_upstream_candidate_quality/runtime/attempts/batch7_formal300_htzhulab_59789651/variants/batch7_formal300_htzhulab_59789651/predictions/fold_0/step_200/argmax/Case3040.nii.gz
formal_200,200,200,Case3040,CenterC,C0+LGE+T2,True,myops_scar,5,True,0.8691367757193535,0.8571428571428571,-0.011993918576496454,1.458133339881897,1.458133339881897,0.0,1,7,6.0,0.0,0.0,0.0,150,results/20260721_srr_batch7_upstream_candidate_quality/runtime/attempts/batch7_formal300_htzhulab_59789651/variants/batch7_formal300_htzhulab_59789651/predictions/fold_0/step_200/argmax/Case3040.nii.gz
formal_200,200,200,Case3044,CenterC,C0+LGE+T2,True,myops_edema,4,True,0.16612529002320187,0.1608900299529311,-0.005235260070270753,22.61223504639135,24.548966137992707,1.9367310916013558,19,45,26.0,0.0,0.0,0.0,334,results/20260721_srr_batch7_upstream_candidate_quality/runtime/attempts/batch7_formal300_htzhulab_59789651/variants/batch7_formal300_htzhulab_59789651/predictions/fold_0/step_200/argmax/Case3044.nii.gz
formal_200,200,200,Case3044,CenterC,C0+LGE+T2,True,myops_scar,5,True,0.7844537386514332,0.7684636958554066,-0.01599004279602656,4.89072790235209,4.124223890018713,-0.7665040123333773,2,5,3.0,0.0,0.0,0.0,274,results/20260721_srr_batch7_upstream_candidate_quality/runtime/attempts/batch7_formal300_htzhulab_59789651/variants/batch7_formal300_htzhulab_59789651/predictions/fold_0/step_200/argmax/Case3044.nii.gz
formal_200,200,200,Case5005,CenterE,C0+LGE,False,myops_edema,4,False,1.0,1.0,0.0,0.0,0.0,0.0,0,0,0.0,0.0,0.0,0.0,0,results/20260721_srr_batch7_upstream_candidate_quality/runtime/attempts/batch7_formal300_htzhulab_59789651/variants/batch7_formal300_htzhulab_59789651/predictions/fold_0/step_200/argmax/Case5005.nii.gz
formal_200,200,200,Case5005,CenterE,C0+LGE,False,myops_scar,5,True,0.5725747629467542,0.566217870257038,-0.006356892689716287,11.148974014770653,10.808460340927668,-0.3405136738429846,1,2,1.0,0.0,0.0,0.0,58,results/20260721_srr_batch7_upstream_candidate_quality/runtime/attempts/batch7_formal300_htzhulab_59789651/variants/batch7_formal300_htzhulab_59789651/predictions/fold_0/step_200/argmax/Case5005.nii.gz
formal_200,200,200,Case6001,CenterF,C0+LGE,False,myops_edema,4,False,1.0,1.0,0.0,0.0,0.0,0.0,0,0,0.0,0.0,0.0,0.0,0,results/20260721_srr_batch7_upstream_candidate_quality/runtime/attempts/batch7_formal300_htzhulab_59789651/variants/batch7_formal300_htzhulab_59789651/predictions/fold_0/step_200/argmax/Case6001.nii.gz
formal_200,200,200,Case6001,CenterF,C0+LGE,False,myops_scar,5,True,0.44598337950138506,0.4369274136715997,-0.00905596582978535,10.606601717798213,11.25,0.6433982822017867,14,13,-1.0,0.0,0.0,0.0,50,results/20260721_srr_batch7_upstream_candidate_quality/runtime/attempts/batch7_formal300_htzhulab_59789651/variants/batch7_formal300_htzhulab_59789651/predictions/fold_0/step_200/argmax/Case6001.nii.gz
formal_200,200,200,Case6010,CenterF,C0+LGE,False,myops_edema,4,False,1.0,1.0,0.0,0.0,0.0,0.0,0,0,0.0,0.0,0.0,0.0,0,results/20260721_srr_batch7_upstream_candidate_quality/runtime/attempts/batch7_formal300_htzhulab_59789651/variants/batch7_formal300_htzhulab_59789651/predictions/fold_0/step_200/argmax/Case6010.nii.gz
formal_200,200,200,Case6010,CenterF,C0+LGE,False,myops_scar,5,True,0.49259110933119743,0.4810126582278481,-0.011578451103349319,13.050383136138187,13.975424859373685,0.9250417232354984,9,8,-1.0,0.0,0.0,0.0,48,results/20260721_srr_batch7_upstream_candidate_quality/runtime/attempts/batch7_formal300_htzhulab_59789651/variants/batch7_formal300_htzhulab_59789651/predictions/fold_0/step_200/argmax/Case6010.nii.gz
formal_200,200,200,Case7005,CenterG,C0+LGE,False,myops_edema,4,False,1.0,1.0,0.0,0.0,0.0,0.0,0,0,0.0,0.0,0.0,0.0,0,results/20260721_srr_batch7_upstream_candidate_quality/runtime/attempts/batch7_formal300_htzhulab_59789651/variants/batch7_formal300_htzhulab_59789651/predictions/fold_0/step_200/argmax/Case7005.nii.gz
formal_200,200,200,Case7005,CenterG,C0+LGE,False,myops_scar,5,False,0.0,0.0,0.0,,,,7,6,-1.0,0.0,0.0,0.0,2,results/20260721_srr_batch7_upstream_candidate_quality/runtime/attempts/batch7_formal300_htzhulab_59789651/variants/batch7_formal300_htzhulab_59789651/predictions/fold_0/step_200/argmax/Case7005.nii.gz
formal_200,200,200,Case8003,CenterH,LGE-only,False,myops_edema,4,False,1.0,1.0,0.0,0.0,0.0,0.0,0,0,0.0,0.0,0.0,0.0,0,results/20260721_srr_batch7_upstream_candidate_quality/runtime/attempts/batch7_formal300_htzhulab_59789651/variants/batch7_formal300_htzhulab_59789651/predictions/fold_0/step_200/argmax/Case8003.nii.gz
formal_200,200,200,Case8003,CenterH,LGE-only,False,myops_scar,5,True,0.7172976649285876,0.7118175535590877,-0.005480111369499885,8.754271418365223,9.171372563963981,0.41710114559875855,3,3,0.0,357.4849690267001,315.42791384708835,-42.05705517961178,70,results/20260721_srr_batch7_upstream_candidate_quality/runtime/attempts/batch7_formal300_htzhulab_59789651/variants/batch7_formal300_htzhulab_59789651/predictions/fold_0/step_200/argmax/Case8003.nii.gz
formal_200,200,200,Case8011,CenterH,LGE-only,False,myops_edema,4,False,1.0,1.0,0.0,0.0,0.0,0.0,0,0,0.0,0.0,0.0,0.0,0,results/20260721_srr_batch7_upstream_candidate_quality/runtime/attempts/batch7_formal300_htzhulab_59789651/variants/batch7_formal300_htzhulab_59789651/predictions/fold_0/step_200/argmax/Case8011.nii.gz
formal_200,200,200,Case8011,CenterH,LGE-only,False,myops_scar,5,True,0.22406639004149378,0.20851063829787234,-0.015555751743621449,31.32764229603699,46.55348532699247,15.225843030955481,3,1,-2.0,1809.5167533436324,1735.1530511514284,-74.36370219220407,12,results/20260721_srr_batch7_upstream_candidate_quality/runtime/attempts/batch7_formal300_htzhulab_59789651/variants/batch7_formal300_htzhulab_59789651/predictions/fold_0/step_200/argmax/Case8011.nii.gz
formal_200,200,200,Case8015,CenterH,LGE-only,False,myops_edema,4,False,1.0,1.0,0.0,0.0,0.0,0.0,0,0,0.0,0.0,0.0,0.0,0,results/20260721_srr_batch7_upstream_candidate_quality/runtime/attempts/batch7_formal300_htzhulab_59789651/variants/batch7_formal300_htzhulab_59789651/predictions/fold_0/step_200/argmax/Case8015.nii.gz
formal_200,200,200,Case8015,CenterH,LGE-only,False,myops_scar,5,True,0.46925795053003533,0.4588744588744589,-0.010383491655576449,20.046675576268406,20.11418853218363,0.06751295591522322,3,4,1.0,2598.1903076171875,2467.34619140625,-130.8441162109375,58,results/20260721_srr_batch7_upstream_candidate_quality/runtime/attempts/batch7_formal300_htzhulab_59789651/variants/batch7_formal300_htzhulab_59789651/predictions/fold_0/step_200/argmax/Case8015.nii.gz
formal_200,200,200,Case8019,CenterH,LGE-only,False,myops_edema,4,False,1.0,1.0,0.0,0.0,0.0,0.0,0,0,0.0,0.0,0.0,0.0,0,results/20260721_srr_batch7_upstream_candidate_quality/runtime/attempts/batch7_formal300_htzhulab_59789651/variants/batch7_formal300_htzhulab_59789651/predictions/fold_0/step_200/argmax/Case8019.nii.gz
formal_200,200,200,Case8019,CenterH,LGE-only,False,myops_scar,5,True,0.6588021778584392,0.6629213483146067,0.004119170456167498,11.25,11.25,0.0,1,1,0.0,4833.641052246094,4486.610412597656,-347.0306396484375,34,results/20260721_srr_batch7_upstream_candidate_quality/runtime/attempts/batch7_formal300_htzhulab_59789651/variants/batch7_formal300_htzhulab_59789651/predictions/fold_0/step_200/argmax/Case8019.nii.gz
formal_200,200,200,Case8021,CenterH,LGE-only,False,myops_edema,4,False,1.0,1.0,0.0,0.0,0.0,0.0,0,0,0.0,0.0,0.0,0.0,0,results/20260721_srr_batch7_upstream_candidate_quality/runtime/attempts/batch7_formal300_htzhulab_59789651/variants/batch7_formal300_htzhulab_59789651/predictions/fold_0/step_200/argmax/Case8021.nii.gz
formal_200,200,200,Case8021,CenterH,LGE-only,False,myops_scar,5,True,0.0,0.0,0.0,,,,0,0,0.0,0.0,0.0,0.0,0,results/20260721_srr_batch7_upstream_candidate_quality/runtime/attempts/batch7_formal300_htzhulab_59789651/variants/batch7_formal300_htzhulab_59789651/predictions/fold_0/step_200/argmax/Case8021.nii.gz
formal_200,200,200,Case8022,CenterH,LGE-only,False,myops_edema,4,False,1.0,1.0,0.0,0.0,0.0,0.0,0,0,0.0,0.0,0.0,0.0,0,results/20260721_srr_batch7_upstream_candidate_quality/runtime/attempts/batch7_formal300_htzhulab_59789651/variants/batch7_formal300_htzhulab_59789651/predictions/fold_0/step_200/argmax/Case8022.nii.gz
formal_200,200,200,Case8022,CenterH,LGE-only,False,myops_scar,5,True,0.6748560460652591,0.67601246105919,0.001156414993930932,10.093025488583056,10.093025488583056,0.0,2,2,0.0,485.992338944925,336.45623465417884,-149.53610429074615,37,results/20260721_srr_batch7_upstream_candidate_quality/runtime/attempts/batch7_formal300_htzhulab_59789651/variants/batch7_formal300_htzhulab_59789651/predictions/fold_0/step_200/argmax/Case8022.nii.gz
formal_200,200,200,Case8023,CenterH,LGE-only,False,myops_edema,4,False,1.0,1.0,0.0,0.0,0.0,0.0,0,0,0.0,0.0,0.0,0.0,0,results/20260721_srr_batch7_upstream_candidate_quality/runtime/attempts/batch7_formal300_htzhulab_59789651/variants/batch7_formal300_htzhulab_59789651/predictions/fold_0/step_200/argmax/Case8023.nii.gz
formal_200,200,200,Case8023,CenterH,LGE-only,False,myops_scar,5,True,0.45514445007602633,0.45226666666666665,-0.00287778340935968,32.0090827611819,31.69443166587203,-0.3146510953098698,1,2,1.0,14565.371466655051,13173.28286630218,-1392.0886003528722,98,results/20260721_srr_batch7_upstream_candidate_quality/runtime/attempts/batch7_formal300_htzhulab_59789651/variants/batch7_formal300_htzhulab_59789651/predictions/fold_0/step_200/argmax/Case8023.nii.gz
formal_300,300,300,Case1002,CenterA,LGE-only,False,myops_edema,4,False,1.0,1.0,0.0,0.0,0.0,0.0,0,0,0.0,0.0,0.0,0.0,0,results/20260721_srr_batch7_upstream_candidate_quality/runtime/attempts/batch7_formal300_htzhulab_59789651/variants/batch7_formal300_htzhulab_59789651/predictions/fold_0/step_300/argmax/Case1002.nii.gz
formal_300,300,300,Case1002,CenterA,LGE-only,False,myops_scar,5,True,0.6167400881057269,0.6081000595592615,-0.008640028546465395,4.323466070663145,4.929509765020051,0.6060436943569059,3,2,-1.0,0.0,0.0,0.0,47,results/20260721_srr_batch7_upstream_candidate_quality/runtime/attempts/batch7_formal300_htzhulab_59789651/variants/batch7_formal300_htzhulab_59789651/predictions/fold_0/step_300/argmax/Case1002.nii.gz
formal_300,300,300,Case1007,CenterA,LGE-only,False,myops_edema,4,False,1.0,1.0,0.0,0.0,0.0,0.0,0,0,0.0,0.0,0.0,0.0,0,results/20260721_srr_batch7_upstream_candidate_quality/runtime/attempts/batch7_formal300_htzhulab_59789651/variants/batch7_formal300_htzhulab_59789651/predictions/fold_0/step_300/argmax/Case1007.nii.gz
formal_300,300,300,Case1007,CenterA,LGE-only,False,myops_scar,5,True,0.5810928013876843,0.5868475375995281,0.005754736211843858,6.836000084877014,6.348233338766624,-0.48776674611039006,8,5,-3.0,0.0,0.0,0.0,140,results/20260721_srr_batch7_upstream_candidate_quality/runtime/attempts/batch7_formal300_htzhulab_59789651/variants/batch7_formal300_htzhulab_59789651/predictions/fold_0/step_300/argmax/Case1007.nii.gz
formal_300,300,300,Case1009,CenterA,LGE-only,False,myops_edema,4,False,1.0,1.0,0.0,0.0,0.0,0.0,0,0,0.0,0.0,0.0,0.0,0,results/20260721_srr_batch7_upstream_candidate_quality/runtime/attempts/batch7_formal300_htzhulab_59789651/variants/batch7_formal300_htzhulab_59789651/predictions/fold_0/step_300/argmax/Case1009.nii.gz
formal_300,300,300,Case1009,CenterA,LGE-only,False,myops_scar,5,True,0.6048804535370964,0.6021100226073851,-0.0027704309297112983,8.496820117260281,9.309925145619884,0.8131050283596029,1,1,0.0,0.0,0.0,0.0,152,results/20260721_srr_batch7_upstream_candidate_quality/runtime/attempts/batch7_formal300_htzhulab_59789651/variants/batch7_formal300_htzhulab_59789651/predictions/fold_0/step_300/argmax/Case1009.nii.gz
formal_300,300,300,Case1010,CenterA,LGE-only,False,myops_edema,4,False,1.0,1.0,0.0,0.0,0.0,0.0,0,0,0.0,0.0,0.0,0.0,0,results/20260721_srr_batch7_upstream_candidate_quality/runtime/attempts/batch7_formal300_htzhulab_59789651/variants/batch7_formal300_htzhulab_59789651/predictions/fold_0/step_300/argmax/Case1010.nii.gz
formal_300,300,300,Case1010,CenterA,LGE-only,False,myops_scar,5,True,0.48279378027020137,0.46479250334672023,-0.018001276923481135,9.103254137198277,9.103254137198277,0.0,7,6,-1.0,285.9930906218839,252.34684466636816,-33.646245955515724,188,results/20260721_srr_batch7_upstream_candidate_quality/runtime/attempts/batch7_formal300_htzhulab_59789651/variants/batch7_formal300_htzhulab_59789651/predictions/fold_0/step_300/argmax/Case1010.nii.gz
formal_300,300,300,Case1021,CenterA,LGE-only,False,myops_edema,4,False,1.0,1.0,0.0,0.0,0.0,0.0,0,0,0.0,0.0,0.0,0.0,0,results/20260721_srr_batch7_upstream_candidate_quality/runtime/attempts/batch7_formal300_htzhulab_59789651/variants/batch7_formal300_htzhulab_59789651/predictions/fold_0/step_300/argmax/Case1021.nii.gz
formal_300,300,300,Case1021,CenterA,LGE-only,False,myops_scar,5,True,0.5699192044748291,0.5679949399114484,-0.0019242645633806843,7.972077529615252,7.734051225933362,-0.23802630368188993,4,6,2.0,0.0,0.0,0.0,56,results/20260721_srr_batch7_upstream_candidate_quality/runtime/attempts/batch7_formal300_htzhulab_59789651/variants/batch7_formal300_htzhulab_59789651/predictions/fold_0/step_300/argmax/Case1021.nii.gz
formal_300,300,300,Case1023,CenterA,LGE-only,False,myops_edema,4,False,1.0,1.0,0.0,0.0,0.0,0.0,0,0,0.0,0.0,0.0,0.0,0,results/20260721_srr_batch7_upstream_candidate_quality/runtime/attempts/batch7_formal300_htzhulab_59789651/variants/batch7_formal300_htzhulab_59789651/predictions/fold_0/step_300/argmax/Case1023.nii.gz
formal_300,300,300,Case1023,CenterA,LGE-only,False,myops_scar,5,True,0.6466011466011466,0.6422594142259415,-0.004341732375205187,5.0,5.0,0.0,5,6,1.0,0.0,0.0,0.0,112,results/20260721_srr_batch7_upstream_candidate_quality/runtime/attempts/batch7_formal300_htzhulab_59789651/variants/batch7_formal300_htzhulab_59789651/predictions/fold_0/step_300/argmax/Case1023.nii.gz
formal_300,300,300,Case1029,CenterA,LGE-only,False,myops_edema,4,False,1.0,1.0,0.0,0.0,0.0,0.0,0,0,0.0,0.0,0.0,0.0,0,results/20260721_srr_batch7_upstream_candidate_quality/runtime/attempts/batch7_formal300_htzhulab_59789651/variants/batch7_formal300_htzhulab_59789651/predictions/fold_0/step_300/argmax/Case1029.nii.gz
formal_300,300,300,Case1029,CenterA,LGE-only,False,myops_scar,5,True,0.16436865021770683,0.17245461720599842,0.008085966988291587,51.395270620488255,50.76012517180903,-0.635145448679225,12,6,-6.0,0.0,0.0,0.0,444,results/20260721_srr_batch7_upstream_candidate_quality/runtime/attempts/batch7_formal300_htzhulab_59789651/variants/batch7_formal300_htzhulab_59789651/predictions/fold_0/step_300/argmax/Case1029.nii.gz
formal_300,300,300,Case1033,CenterA,LGE-only,False,myops_edema,4,False,1.0,1.0,0.0,0.0,0.0,0.0,0,0,0.0,0.0,0.0,0.0,0,results/20260721_srr_batch7_upstream_candidate_quality/runtime/attempts/batch7_formal300_htzhulab_59789651/variants/batch7_formal300_htzhulab_59789651/predictions/fold_0/step_300/argmax/Case1033.nii.gz
formal_300,300,300,Case1033,CenterA,LGE-only,False,myops_scar,5,True,0.671361030077457,0.6770307834860496,0.005669753408592659,7.152037197524651,6.92315273250983,-0.22888446501482118,6,7,1.0,0.0,0.0,0.0,228,results/20260721_srr_batch7_upstream_candidate_quality/runtime/attempts/batch7_formal300_htzhulab_59789651/variants/batch7_formal300_htzhulab_59789651/predictions/fold_0/step_300/argmax/Case1033.nii.gz
formal_300,300,300,Case1040,CenterA,LGE-only,False,myops_edema,4,False,1.0,1.0,0.0,0.0,0.0,0.0,0,0,0.0,0.0,0.0,0.0,0,results/20260721_srr_batch7_upstream_candidate_quality/runtime/attempts/batch7_formal300_htzhulab_59789651/variants/batch7_formal300_htzhulab_59789651/predictions/fold_0/step_300/argmax/Case1040.nii.gz
formal_300,300,300,Case1040,CenterA,LGE-only,False,myops_scar,5,True,0.4280078895463511,0.41794714197910265,-0.010060747567248451,8.5,8.609252922665098,0.10925292266509778,6,12,6.0,0.0,0.0,0.0,189,results/20260721_srr_batch7_upstream_candidate_quality/runtime/attempts/batch7_formal300_htzhulab_59789651/variants/batch7_formal300_htzhulab_59789651/predictions/fold_0/step_300/argmax/Case1040.nii.gz
formal_300,300,300,Case1042,CenterA,LGE-only,False,myops_edema,4,False,1.0,1.0,0.0,0.0,0.0,0.0,0,0,0.0,0.0,0.0,0.0,0,results/20260721_srr_batch7_upstream_candidate_quality/runtime/attempts/batch7_formal300_htzhulab_59789651/variants/batch7_formal300_htzhulab_59789651/predictions/fold_0/step_300/argmax/Case1042.nii.gz
formal_300,300,300,Case1042,CenterA,LGE-only,False,myops_scar,5,True,0.7573770491803279,0.7604049493813273,0.0030279002009994116,3.057152176795867,2.7344000339508057,-0.3227521428450615,4,4,0.0,863.5869795249043,709.3750188954571,-154.21196062944728,52,results/20260721_srr_batch7_upstream_candidate_quality/runtime/attempts/batch7_formal300_htzhulab_59789651/variants/batch7_formal300_htzhulab_59789651/predictions/fold_0/step_300/argmax/Case1042.nii.gz
formal_300,300,300,Case1045,CenterA,LGE-only,False,myops_edema,4,False,1.0,1.0,0.0,0.0,0.0,0.0,0,0,0.0,0.0,0.0,0.0,0,results/20260721_srr_batch7_upstream_candidate_quality/runtime/attempts/batch7_formal300_htzhulab_59789651/variants/batch7_formal300_htzhulab_59789651/predictions/fold_0/step_300/argmax/Case1045.nii.gz
formal_300,300,300,Case1045,CenterA,LGE-only,False,myops_scar,5,True,0.09968847352024922,0.08537886872998933,-0.014309604790259889,58.23937490442107,58.000496362070145,-0.23887854235092476,7,6,-1.0,0.0,0.0,0.0,52,results/20260721_srr_batch7_upstream_candidate_quality/runtime/attempts/batch7_formal300_htzhulab_59789651/variants/batch7_formal300_htzhulab_59789651/predictions/fold_0/step_300/argmax/Case1045.nii.gz
formal_300,300,300,Case1047,CenterA,LGE-only,False,myops_edema,4,False,1.0,1.0,0.0,0.0,0.0,0.0,0,0,0.0,0.0,0.0,0.0,0,results/20260721_srr_batch7_upstream_candidate_quality/runtime/attempts/batch7_formal300_htzhulab_59789651/variants/batch7_formal300_htzhulab_59789651/predictions/fold_0/step_300/argmax/Case1047.nii.gz
formal_300,300,300,Case1047,CenterA,LGE-only,False,myops_scar,5,True,0.6283120251991847,0.6040409843914584,-0.024271040807726352,5.781199932098389,6.131888513072968,0.35068858097457944,13,12,-1.0,0.0,0.0,0.0,351,results/20260721_srr_batch7_upstream_candidate_quality/runtime/attempts/batch7_formal300_htzhulab_59789651/variants/batch7_formal300_htzhulab_59789651/predictions/fold_0/step_300/argmax/Case1047.nii.gz
formal_300,300,300,Case1053,CenterA,LGE-only,False,myops_edema,4,False,1.0,1.0,0.0,0.0,0.0,0.0,0,0,0.0,0.0,0.0,0.0,0,results/20260721_srr_batch7_upstream_candidate_quality/runtime/attempts/batch7_formal300_htzhulab_59789651/variants/batch7_formal300_htzhulab_59789651/predictions/fold_0/step_300/argmax/Case1053.nii.gz
formal_300,300,300,Case1053,CenterA,LGE-only,False,myops_scar,5,True,0.5196241017136539,0.4991108476585655,-0.020513254055088415,27.536782421660927,25.395561225999824,-2.141221195661103,15,12,-3.0,0.0,0.0,0.0,122,results/20260721_srr_batch7_upstream_candidate_quality/runtime/attempts/batch7_formal300_htzhulab_59789651/variants/batch7_formal300_htzhulab_59789651/predictions/fold_0/step_300/argmax/Case1053.nii.gz
formal_300,300,300,Case1062,CenterA,LGE-only,False,myops_edema,4,False,1.0,1.0,0.0,0.0,0.0,0.0,0,0,0.0,0.0,0.0,0.0,0,results/20260721_srr_batch7_upstream_candidate_quality/runtime/attempts/batch7_formal300_htzhulab_59789651/variants/batch7_formal300_htzhulab_59789651/predictions/fold_0/step_300/argmax/Case1062.nii.gz
formal_300,300,300,Case1062,CenterA,LGE-only,False,myops_scar,5,True,0.5070823546159869,0.5158618649707905,0.00877951035480351,15.291149322372709,15.058680205111598,-0.23246911726111108,3,3,0.0,0.0,0.0,0.0,526,results/20260721_srr_batch7_upstream_candidate_quality/runtime/attempts/batch7_formal300_htzhulab_59789651/variants/batch7_formal300_htzhulab_59789651/predictions/fold_0/step_300/argmax/Case1062.nii.gz
formal_300,300,300,Case1070,CenterA,LGE-only,False,myops_edema,4,False,1.0,1.0,0.0,0.0,0.0,0.0,0,0,0.0,0.0,0.0,0.0,0,results/20260721_srr_batch7_upstream_candidate_quality/runtime/attempts/batch7_formal300_htzhulab_59789651/variants/batch7_formal300_htzhulab_59789651/predictions/fold_0/step_300/argmax/Case1070.nii.gz
formal_300,300,300,Case1070,CenterA,LGE-only,False,myops_scar,5,True,0.5004500450045004,0.510856372218476,0.010406327213975608,34.297412438841505,34.01492680099108,-0.2824856378504279,24,18,-6.0,0.0,0.0,0.0,362,results/20260721_srr_batch7_upstream_candidate_quality/runtime/attempts/batch7_formal300_htzhulab_59789651/variants/batch7_formal300_htzhulab_59789651/predictions/fold_0/step_300/argmax/Case1070.nii.gz
formal_300,300,300,Case1073,CenterA,LGE-only,False,myops_edema,4,False,1.0,1.0,0.0,0.0,0.0,0.0,0,0,0.0,0.0,0.0,0.0,0,results/20260721_srr_batch7_upstream_candidate_quality/runtime/attempts/batch7_formal300_htzhulab_59789651/variants/batch7_formal300_htzhulab_59789651/predictions/fold_0/step_300/argmax/Case1073.nii.gz
formal_300,300,300,Case1073,CenterA,LGE-only,False,myops_scar,5,True,0.4282765737874097,0.4250065668505385,-0.0032700069368711837,10.678173489481713,12.930655735536613,2.2524822460548997,9,6,-3.0,0.0,0.0,0.0,69,results/20260721_srr_batch7_upstream_candidate_quality/runtime/attempts/batch7_formal300_htzhulab_59789651/variants/batch7_formal300_htzhulab_59789651/predictions/fold_0/step_300/argmax/Case1073.nii.gz
formal_300,300,300,Case1080,CenterA,LGE-only,False,myops_edema,4,False,1.0,1.0,0.0,0.0,0.0,0.0,0,0,0.0,0.0,0.0,0.0,0,results/20260721_srr_batch7_upstream_candidate_quality/runtime/attempts/batch7_formal300_htzhulab_59789651/variants/batch7_formal300_htzhulab_59789651/predictions/fold_0/step_300/argmax/Case1080.nii.gz
formal_300,300,300,Case1080,CenterA,LGE-only,False,myops_scar,5,True,0.6369426751592356,0.6355410785378212,-0.0014015966214144804,11.0,11.0,0.0,5,5,0.0,1478.5105621922057,1211.8939034362343,-266.61665875597146,63,results/20260721_srr_batch7_upstream_candidate_quality/runtime/attempts/batch7_formal300_htzhulab_59789651/variants/batch7_formal300_htzhulab_59789651/predictions/fold_0/step_300/argmax/Case1080.nii.gz
formal_300,300,300,Case2002,CenterB,C0+LGE+T2,True,myops_edema,4,True,0.5376005596362364,0.5434449923482401,0.005844432712003633,17.453201935819685,16.157337971104646,-1.2958639647150392,5,10,5.0,3792.41943359375,3880.615234375,88.19580078125,249,results/20260721_srr_batch7_upstream_candidate_quality/runtime/attempts/batch7_formal300_htzhulab_59789651/variants/batch7_formal300_htzhulab_59789651/predictions/fold_0/step_300/argmax/Case2002.nii.gz
formal_300,300,300,Case2002,CenterB,C0+LGE+T2,True,myops_scar,5,True,0.5602700096432015,0.5490196078431373,-0.011250401800064203,21.415372143918024,22.302689303196484,0.8873171592784601,5,16,11.0,17.63916015625,123.47412109375,105.8349609375,167,results/20260721_srr_batch7_upstream_candidate_quality/runtime/attempts/batch7_formal300_htzhulab_59789651/variants/batch7_formal300_htzhulab_59789651/predictions/fold_0/step_300/argmax/Case2002.nii.gz
formal_300,300,300,Case2007,CenterB,C0+LGE+T2,True,myops_edema,4,True,0.5701357466063348,0.5848375451263538,0.01470179852001896,7.5130097186944615,7.301333042535438,-0.21167667615902364,14,21,7.0,0.0,0.0,0.0,172,results/20260721_srr_batch7_upstream_candidate_quality/runtime/attempts/batch7_formal300_htzhulab_59789651/variants/batch7_formal300_htzhulab_59789651/predictions/fold_0/step_300/argmax/Case2007.nii.gz
formal_300,300,300,Case2007,CenterB,C0+LGE+T2,True,myops_scar,5,True,0.4898728214790391,0.47234247234247234,-0.01753034913656676,11.682996338833703,12.381819906541194,0.6988235677074908,3,3,0.0,0.0,0.0,0.0,100,results/20260721_srr_batch7_upstream_candidate_quality/runtime/attempts/batch7_formal300_htzhulab_59789651/variants/batch7_formal300_htzhulab_59789651/predictions/fold_0/step_300/argmax/Case2007.nii.gz
formal_300,300,300,Case2008,CenterB,C0+LGE+T2,True,myops_edema,4,True,0.3485546711353163,0.35809128630705395,0.00953661517173765,33.237885822186755,32.901386303666975,-0.3364995185197799,5,11,6.0,0.0,0.0,0.0,110,results/20260721_srr_batch7_upstream_candidate_quality/runtime/attempts/batch7_formal300_htzhulab_59789651/variants/batch7_formal300_htzhulab_59789651/predictions/fold_0/step_300/argmax/Case2008.nii.gz
formal_300,300,300,Case2008,CenterB,C0+LGE+T2,True,myops_scar,5,True,0.7531584062196307,0.7515986227250369,-0.0015597834945938471,6.640625,6.640625,0.0,1,1,0.0,0.0,0.0,0.0,71,results/20260721_srr_batch7_upstream_candidate_quality/runtime/attempts/batch7_formal300_htzhulab_59789651/variants/batch7_formal300_htzhulab_59789651/predictions/fold_0/step_300/argmax/Case2008.nii.gz
formal_300,300,300,Case2017,CenterB,C0+LGE+T2,True,myops_edema,4,True,0.6796246648793566,0.6922253159134718,0.012600651034115229,10.0,10.0,0.0,6,10,4.0,0.0,0.0,0.0,257,results/20260721_srr_batch7_upstream_candidate_quality/runtime/attempts/batch7_formal300_htzhulab_59789651/variants/batch7_formal300_htzhulab_59789651/predictions/fold_0/step_300/argmax/Case2017.nii.gz
formal_300,300,300,Case2017,CenterB,C0+LGE+T2,True,myops_scar,5,True,0.5470588235294118,0.5480140774258422,0.0009552538964303636,11.338866091557966,19.0490630021491,7.710196910591135,2,5,3.0,0.0,0.0,0.0,191,results/20260721_srr_batch7_upstream_candidate_quality/runtime/attempts/batch7_formal300_htzhulab_59789651/variants/batch7_formal300_htzhulab_59789651/predictions/fold_0/step_300/argmax/Case2017.nii.gz
formal_300,300,300,Case2020,CenterB,C0+LGE+T2,True,myops_edema,4,True,0.5630676084762866,0.5657171414292853,0.0026495329529987455,7.5130097186944615,7.301333042535438,-0.21167667615902364,4,4,0.0,0.0,0.0,0.0,33,results/20260721_srr_batch7_upstream_candidate_quality/runtime/attempts/batch7_formal300_htzhulab_59789651/variants/batch7_formal300_htzhulab_59789651/predictions/fold_0/step_300/argmax/Case2020.nii.gz
formal_300,300,300,Case2020,CenterB,C0+LGE+T2,True,myops_scar,5,True,0.4196185286103542,0.3988995873452545,-0.02071894126509971,20.994429281533453,21.21729514718693,0.22286586565347832,1,2,1.0,0.0,0.0,0.0,17,results/20260721_srr_batch7_upstream_candidate_quality/runtime/attempts/batch7_formal300_htzhulab_59789651/variants/batch7_formal300_htzhulab_59789651/predictions/fold_0/step_300/argmax/Case2020.nii.gz
formal_300,300,300,Case2031,CenterB,C0+LGE+T2,True,myops_edema,4,True,0.29880478087649404,0.2928709055876686,-0.005933875288825441,25.052956799932126,24.623484907077458,-0.4294718928546679,16,25,9.0,0.0,0.0,0.0,41,results/20260721_srr_batch7_upstream_candidate_quality/runtime/attempts/batch7_formal300_htzhulab_59789651/variants/batch7_formal300_htzhulab_59789651/predictions/fold_0/step_300/argmax/Case2031.nii.gz
formal_300,300,300,Case2031,CenterB,C0+LGE+T2,True,myops_scar,5,True,0.8013937282229965,0.8,-0.0013937282229964376,5.008673145796307,3.959703799009236,-1.0489693467870715,2,3,1.0,0.0,0.0,0.0,38,results/20260721_srr_batch7_upstream_candidate_quality/runtime/attempts/batch7_formal300_htzhulab_59789651/variants/batch7_formal300_htzhulab_59789651/predictions/fold_0/step_300/argmax/Case2031.nii.gz
formal_300,300,300,Case2033,CenterB,C0+LGE+T2,True,myops_edema,4,True,0.523033309709426,0.5263520496038581,0.003318739894432099,10.76453641085509,10.76453641085509,0.0,4,5,1.0,0.0,0.0,0.0,147,results/20260721_srr_batch7_upstream_candidate_quality/runtime/attempts/batch7_formal300_htzhulab_59789651/variants/batch7_formal300_htzhulab_59789651/predictions/fold_0/step_300/argmax/Case2033.nii.gz
formal_300,300,300,Case2033,CenterB,C0+LGE+T2,True,myops_scar,5,True,0.7208988764044943,0.7134986225895317,-0.007400253814962676,10.0,10.0,0.0,2,4,2.0,0.0,0.0,0.0,99,results/20260721_srr_batch7_upstream_candidate_quality/runtime/attempts/batch7_formal300_htzhulab_59789651/variants/batch7_formal300_htzhulab_59789651/predictions/fold_0/step_300/argmax/Case2033.nii.gz
formal_300,300,300,Case3004,CenterC,C0+LGE+T2,True,myops_edema,4,True,0.4530451866404715,0.4652416714808396,0.012196484840368116,9.222044972510458,8.80934609071198,-0.41269888179847847,4,11,7.0,0.0,0.0,0.0,243,results/20260721_srr_batch7_upstream_candidate_quality/runtime/attempts/batch7_formal300_htzhulab_59789651/variants/batch7_formal300_htzhulab_59789651/predictions/fold_0/step_300/argmax/Case3004.nii.gz
formal_300,300,300,Case3004,CenterC,C0+LGE+T2,True,myops_scar,5,True,0.6247040252565115,0.6232876712328768,-0.0014163540236347139,24.000003814697266,24.000003814697266,0.0,1,5,4.0,0.0,0.0,0.0,198,results/20260721_srr_batch7_upstream_candidate_quality/runtime/attempts/batch7_formal300_htzhulab_59789651/variants/batch7_formal300_htzhulab_59789651/predictions/fold_0/step_300/argmax/Case3004.nii.gz
formal_300,300,300,Case3011,CenterC,C0+LGE+T2,True,myops_edema,4,True,0.26666666666666666,0.2772457820337437,0.010579115367077063,34.26613348722458,33.848039403511144,-0.4180940837134344,7,14,7.0,0.0,0.0,0.0,132,results/20260721_srr_batch7_upstream_candidate_quality/runtime/attempts/batch7_formal300_htzhulab_59789651/variants/batch7_formal300_htzhulab_59789651/predictions/fold_0/step_300/argmax/Case3011.nii.gz
formal_300,300,300,Case3011,CenterC,C0+LGE+T2,True,myops_scar,5,True,0.6389535925461387,0.6447321107515283,0.005778518205389549,10.960275328815657,11.029155428720177,0.06888009990452026,3,5,2.0,0.0,0.0,0.0,97,results/20260721_srr_batch7_upstream_candidate_quality/runtime/attempts/batch7_formal300_htzhulab_59789651/variants/batch7_formal300_htzhulab_59789651/predictions/fold_0/step_300/argmax/Case3011.nii.gz
formal_300,300,300,Case3012,CenterC,C0+LGE+T2,True,myops_edema,4,True,0.45068083693125205,0.45932701731460307,0.008646180383351021,22.41202445117764,21.886847264846118,-0.525177186331522,18,38,20.0,0.0,0.0,0.0,300,results/20260721_srr_batch7_upstream_candidate_quality/runtime/attempts/batch7_formal300_htzhulab_59789651/variants/batch7_formal300_htzhulab_59789651/predictions/fold_0/step_300/argmax/Case3012.nii.gz
formal_300,300,300,Case3012,CenterC,C0+LGE+T2,True,myops_scar,5,True,0.8267066766691673,0.8238862559241706,-0.0028204207449966656,2.916266679763794,2.62868726170387,-0.28757941805992404,2,6,4.0,0.0,0.0,0.0,245,results/20260721_srr_batch7_upstream_candidate_quality/runtime/attempts/batch7_formal300_htzhulab_59789651/variants/batch7_formal300_htzhulab_59789651/predictions/fold_0/step_300/argmax/Case3012.nii.gz
formal_300,300,300,Case3023,CenterC,C0+LGE+T2,True,myops_edema,4,True,0.16291793313069908,0.17266187050359713,0.009743937372898054,41.324851944191856,41.320026080581485,-0.004825863610371073,13,23,10.0,0.0,0.0,0.0,101,results/20260721_srr_batch7_upstream_candidate_quality/runtime/attempts/batch7_formal300_htzhulab_59789651/variants/batch7_formal300_htzhulab_59789651/predictions/fold_0/step_300/argmax/Case3023.nii.gz
formal_300,300,300,Case3023,CenterC,C0+LGE+T2,True,myops_scar,5,True,0.6612691466083152,0.6606114311032344,-0.0006577155050807582,4.124789669313123,3.926682778862521,-0.1981068904506018,2,2,0.0,0.0,0.0,0.0,68,results/20260721_srr_batch7_upstream_candidate_quality/runtime/attempts/batch7_formal300_htzhulab_59789651/variants/batch7_formal300_htzhulab_59789651/predictions/fold_0/step_300/argmax/Case3023.nii.gz
formal_300,300,300,Case3026,CenterC,C0+LGE+T2,True,myops_edema,4,True,0.21919504643962848,0.22235469448584202,0.003159648046213548,17.325748731744103,15.183875121584467,-2.141873610159635,4,35,31.0,0.0,163.7138018957318,163.7138018957318,235,results/20260721_srr_batch7_upstream_candidate_quality/runtime/attempts/batch7_formal300_htzhulab_59789651/variants/batch7_formal300_htzhulab_59789651/predictions/fold_0/step_300/argmax/Case3026.nii.gz
formal_300,300,300,Case3026,CenterC,C0+LGE+T2,True,myops_scar,5,True,0.8081740276862228,0.7943737441393168,-0.01380028354690599,2.916266679763794,3.0931679175140347,0.1769012377502408,1,1,0.0,0.0,0.0,0.0,178,results/20260721_srr_batch7_upstream_candidate_quality/runtime/attempts/batch7_formal300_htzhulab_59789651/variants/batch7_formal300_htzhulab_59789651/predictions/fold_0/step_300/argmax/Case3026.nii.gz
formal_300,300,300,Case3034,CenterC,C0+LGE+T2,True,myops_edema,4,True,0.6546035125066525,0.6673392181588903,0.012735705652237805,9.135179190762985,8.151213170586816,-0.9839660201761689,5,23,18.0,0.0,0.0,0.0,291,results/20260721_srr_batch7_upstream_candidate_quality/runtime/attempts/batch7_formal300_htzhulab_59789651/variants/batch7_formal300_htzhulab_59789651/predictions/fold_0/step_300/argmax/Case3034.nii.gz
formal_300,300,300,Case3034,CenterC,C0+LGE+T2,True,myops_scar,5,True,0.8293831423638361,0.833997767501196,0.0046146251373598846,1.6302426341173635,1.458133339881897,-0.1721092942354665,1,3,2.0,0.0,0.0,0.0,182,results/20260721_srr_batch7_upstream_candidate_quality/runtime/attempts/batch7_formal300_htzhulab_59789651/variants/batch7_formal300_htzhulab_59789651/predictions/fold_0/step_300/argmax/Case3034.nii.gz
formal_300,300,300,Case3038,CenterC,C0+LGE+T2,True,myops_edema,4,True,0.16778761061946904,0.16731243395561818,-0.000475176663850857,28.21288893486063,28.176492576024735,-0.036396358835894205,12,32,20.0,0.0,0.0,0.0,228,results/20260721_srr_batch7_upstream_candidate_quality/runtime/attempts/batch7_formal300_htzhulab_59789651/variants/batch7_formal300_htzhulab_59789651/predictions/fold_0/step_300/argmax/Case3038.nii.gz
formal_300,300,300,Case3038,CenterC,C0+LGE+T2,True,myops_scar,5,True,0.75830144426614,0.7564773293472845,-0.0018241149188554795,8.297908510253126,6.842630651897065,-1.4552778583560615,1,2,1.0,0.0,0.0,0.0,208,results/20260721_srr_batch7_upstream_candidate_quality/runtime/attempts/batch7_formal300_htzhulab_59789651/variants/batch7_formal300_htzhulab_59789651/predictions/fold_0/step_300/argmax/Case3038.nii.gz
formal_300,300,300,Case3040,CenterC,C0+LGE+T2,True,myops_edema,4,True,0.24913093858632676,0.23898678414096916,-0.0101441544453576,24.13887469193756,24.218561477852344,0.07968678591478451,10,23,13.0,0.0,0.0,0.0,202,results/20260721_srr_batch7_upstream_candidate_quality/runtime/attempts/batch7_formal300_htzhulab_59789651/variants/batch7_formal300_htzhulab_59789651/predictions/fold_0/step_300/argmax/Case3040.nii.gz
formal_300,300,300,Case3040,CenterC,C0+LGE+T2,True,myops_scar,5,True,0.8691367757193535,0.8591436574629852,-0.009993118256368394,1.458133339881897,1.458133339881897,0.0,1,3,2.0,0.0,0.0,0.0,142,results/20260721_srr_batch7_upstream_candidate_quality/runtime/attempts/batch7_formal300_htzhulab_59789651/variants/batch7_formal300_htzhulab_59789651/predictions/fold_0/step_300/argmax/Case3040.nii.gz
formal_300,300,300,Case3044,CenterC,C0+LGE+T2,True,myops_edema,4,True,0.16612529002320187,0.16384915474642392,-0.0022761352767779464,22.61223504639135,23.504906517622075,0.8926714712307238,19,43,24.0,0.0,0.0,0.0,312,results/20260721_srr_batch7_upstream_candidate_quality/runtime/attempts/batch7_formal300_htzhulab_59789651/variants/batch7_formal300_htzhulab_59789651/predictions/fold_0/step_300/argmax/Case3044.nii.gz
formal_300,300,300,Case3044,CenterC,C0+LGE+T2,True,myops_scar,5,True,0.7844537386514332,0.7720641489912053,-0.012389589660227851,4.89072790235209,4.611022486255229,-0.27970541609686084,2,6,4.0,0.0,0.0,0.0,254,results/20260721_srr_batch7_upstream_candidate_quality/runtime/attempts/batch7_formal300_htzhulab_59789651/variants/batch7_formal300_htzhulab_59789651/predictions/fold_0/step_300/argmax/Case3044.nii.gz
formal_300,300,300,Case5005,CenterE,C0+LGE,False,myops_edema,4,False,1.0,1.0,0.0,0.0,0.0,0.0,0,0,0.0,0.0,0.0,0.0,0,results/20260721_srr_batch7_upstream_candidate_quality/runtime/attempts/batch7_formal300_htzhulab_59789651/variants/batch7_formal300_htzhulab_59789651/predictions/fold_0/step_300/argmax/Case5005.nii.gz
formal_300,300,300,Case5005,CenterE,C0+LGE,False,myops_scar,5,True,0.5725747629467542,0.5677293269818005,-0.004845435964953793,11.148974014770653,11.463050193691094,0.31407617892044115,1,1,0.0,0.0,0.0,0.0,39,results/20260721_srr_batch7_upstream_candidate_quality/runtime/attempts/batch7_formal300_htzhulab_59789651/variants/batch7_formal300_htzhulab_59789651/predictions/fold_0/step_300/argmax/Case5005.nii.gz
formal_300,300,300,Case6001,CenterF,C0+LGE,False,myops_edema,4,False,1.0,1.0,0.0,0.0,0.0,0.0,0,0,0.0,0.0,0.0,0.0,0,results/20260721_srr_batch7_upstream_candidate_quality/runtime/attempts/batch7_formal300_htzhulab_59789651/variants/batch7_formal300_htzhulab_59789651/predictions/fold_0/step_300/argmax/Case6001.nii.gz
formal_300,300,300,Case6001,CenterF,C0+LGE,False,myops_scar,5,True,0.44598337950138506,0.4417952314165498,-0.004188148084835253,10.606601717798213,11.25,0.6433982822017867,14,13,-1.0,0.0,0.0,0.0,36,results/20260721_srr_batch7_upstream_candidate_quality/runtime/attempts/batch7_formal300_htzhulab_59789651/variants/batch7_formal300_htzhulab_59789651/predictions/fold_0/step_300/argmax/Case6001.nii.gz
formal_300,300,300,Case6010,CenterF,C0+LGE,False,myops_edema,4,False,1.0,1.0,0.0,0.0,0.0,0.0,0,0,0.0,0.0,0.0,0.0,0,results/20260721_srr_batch7_upstream_candidate_quality/runtime/attempts/batch7_formal300_htzhulab_59789651/variants/batch7_formal300_htzhulab_59789651/predictions/fold_0/step_300/argmax/Case6010.nii.gz
formal_300,300,300,Case6010,CenterF,C0+LGE,False,myops_scar,5,True,0.49259110933119743,0.48098159509202454,-0.011609514239172891,13.050383136138187,13.975424859373685,0.9250417232354984,9,8,-1.0,0.0,0.0,0.0,52,results/20260721_srr_batch7_upstream_candidate_quality/runtime/attempts/batch7_formal300_htzhulab_59789651/variants/batch7_formal300_htzhulab_59789651/predictions/fold_0/step_300/argmax/Case6010.nii.gz
formal_300,300,300,Case7005,CenterG,C0+LGE,False,myops_edema,4,False,1.0,1.0,0.0,0.0,0.0,0.0,0,0,0.0,0.0,0.0,0.0,0,results/20260721_srr_batch7_upstream_candidate_quality/runtime/attempts/batch7_formal300_htzhulab_59789651/variants/batch7_formal300_htzhulab_59789651/predictions/fold_0/step_300/argmax/Case7005.nii.gz
formal_300,300,300,Case7005,CenterG,C0+LGE,False,myops_scar,5,False,0.0,0.0,0.0,,,,7,6,-1.0,0.0,0.0,0.0,2,results/20260721_srr_batch7_upstream_candidate_quality/runtime/attempts/batch7_formal300_htzhulab_59789651/variants/batch7_formal300_htzhulab_59789651/predictions/fold_0/step_300/argmax/Case7005.nii.gz
formal_300,300,300,Case8003,CenterH,LGE-only,False,myops_edema,4,False,1.0,1.0,0.0,0.0,0.0,0.0,0,0,0.0,0.0,0.0,0.0,0,results/20260721_srr_batch7_upstream_candidate_quality/runtime/attempts/batch7_formal300_htzhulab_59789651/variants/batch7_formal300_htzhulab_59789651/predictions/fold_0/step_300/argmax/Case8003.nii.gz
formal_300,300,300,Case8003,CenterH,LGE-only,False,myops_scar,5,True,0.7172976649285876,0.711449676823638,-0.005847988104949575,8.754271418365223,9.171372563963981,0.41710114559875855,3,3,0.0,357.4849690267001,315.42791384708835,-42.05705517961178,79,results/20260721_srr_batch7_upstream_candidate_quality/runtime/attempts/batch7_formal300_htzhulab_59789651/variants/batch7_formal300_htzhulab_59789651/predictions/fold_0/step_300/argmax/Case8003.nii.gz
formal_300,300,300,Case8011,CenterH,LGE-only,False,myops_edema,4,False,1.0,1.0,0.0,0.0,0.0,0.0,0,0,0.0,0.0,0.0,0.0,0,results/20260721_srr_batch7_upstream_candidate_quality/runtime/attempts/batch7_formal300_htzhulab_59789651/variants/batch7_formal300_htzhulab_59789651/predictions/fold_0/step_300/argmax/Case8011.nii.gz
formal_300,300,300,Case8011,CenterH,LGE-only,False,myops_scar,5,True,0.22406639004149378,0.208955223880597,-0.015111166160896777,31.32764229603699,46.55466860313756,15.227026307100566,3,1,-2.0,1809.5167533436324,1710.3651504206937,-99.15160292293876,13,results/20260721_srr_batch7_upstream_candidate_quality/runtime/attempts/batch7_formal300_htzhulab_59789651/variants/batch7_formal300_htzhulab_59789651/predictions/fold_0/step_300/argmax/Case8011.nii.gz
formal_300,300,300,Case8015,CenterH,LGE-only,False,myops_edema,4,False,1.0,1.0,0.0,0.0,0.0,0.0,0,0,0.0,0.0,0.0,0.0,0,results/20260721_srr_batch7_upstream_candidate_quality/runtime/attempts/batch7_formal300_htzhulab_59789651/variants/batch7_formal300_htzhulab_59789651/predictions/fold_0/step_300/argmax/Case8015.nii.gz
formal_300,300,300,Case8015,CenterH,LGE-only,False,myops_scar,5,True,0.46925795053003533,0.4569152787834902,-0.01234267174654513,20.046675576268406,20.079272582375786,0.032597006107380366,3,4,1.0,2598.1903076171875,2429.962158203125,-168.2281494140625,68,results/20260721_srr_batch7_upstream_candidate_quality/runtime/attempts/batch7_formal300_htzhulab_59789651/variants/batch7_formal300_htzhulab_59789651/predictions/fold_0/step_300/argmax/Case8015.nii.gz
formal_300,300,300,Case8019,CenterH,LGE-only,False,myops_edema,4,False,1.0,1.0,0.0,0.0,0.0,0.0,0,0,0.0,0.0,0.0,0.0,0,results/20260721_srr_batch7_upstream_candidate_quality/runtime/attempts/batch7_formal300_htzhulab_59789651/variants/batch7_formal300_htzhulab_59789651/predictions/fold_0/step_300/argmax/Case8019.nii.gz
formal_300,300,300,Case8019,CenterH,LGE-only,False,myops_scar,5,True,0.6588021778584392,0.6679245283018868,0.009122350443447558,11.25,11.25,0.0,1,1,0.0,4833.641052246094,4412.2467041015625,-421.39434814453125,42,results/20260721_srr_batch7_upstream_candidate_quality/runtime/attempts/batch7_formal300_htzhulab_59789651/variants/batch7_formal300_htzhulab_59789651/predictions/fold_0/step_300/argmax/Case8019.nii.gz
formal_300,300,300,Case8021,CenterH,LGE-only,False,myops_edema,4,False,1.0,1.0,0.0,0.0,0.0,0.0,0,0,0.0,0.0,0.0,0.0,0,results/20260721_srr_batch7_upstream_candidate_quality/runtime/attempts/batch7_formal300_htzhulab_59789651/variants/batch7_formal300_htzhulab_59789651/predictions/fold_0/step_300/argmax/Case8021.nii.gz
formal_300,300,300,Case8021,CenterH,LGE-only,False,myops_scar,5,True,0.0,0.0,0.0,,,,0,0,0.0,0.0,0.0,0.0,0,results/20260721_srr_batch7_upstream_candidate_quality/runtime/attempts/batch7_formal300_htzhulab_59789651/variants/batch7_formal300_htzhulab_59789651/predictions/fold_0/step_300/argmax/Case8021.nii.gz
formal_300,300,300,Case8022,CenterH,LGE-only,False,myops_edema,4,False,1.0,1.0,0.0,0.0,0.0,0.0,0,0,0.0,0.0,0.0,0.0,0,results/20260721_srr_batch7_upstream_candidate_quality/runtime/attempts/batch7_formal300_htzhulab_59789651/variants/batch7_formal300_htzhulab_59789651/predictions/fold_0/step_300/argmax/Case8022.nii.gz
formal_300,300,300,Case8022,CenterH,LGE-only,False,myops_scar,5,True,0.6748560460652591,0.6755070202808112,0.0006509742155521581,10.093025488583056,10.093025488583056,0.0,2,3,1.0,485.992338944925,317.7642216178356,-168.22811732708942,41,results/20260721_srr_batch7_upstream_candidate_quality/runtime/attempts/batch7_formal300_htzhulab_59789651/variants/batch7_formal300_htzhulab_59789651/predictions/fold_0/step_300/argmax/Case8022.nii.gz
formal_300,300,300,Case8023,CenterH,LGE-only,False,myops_edema,4,False,1.0,1.0,0.0,0.0,0.0,0.0,0,0,0.0,0.0,0.0,0.0,0,results/20260721_srr_batch7_upstream_candidate_quality/runtime/attempts/batch7_formal300_htzhulab_59789651/variants/batch7_formal300_htzhulab_59789651/predictions/fold_0/step_300/argmax/Case8023.nii.gz
formal_300,300,300,Case8023,CenterH,LGE-only,False,myops_scar,5,True,0.45514445007602633,0.450990894483128,-0.004153555592898317,32.0090827611819,31.736104582437516,-0.2729781787443848,1,2,1.0,14565.371466655051,13044.385773676913,-1520.985692978138,106,results/20260721_srr_batch7_upstream_candidate_quality/runtime/attempts/batch7_formal300_htzhulab_59789651/variants/batch7_formal300_htzhulab_59789651/predictions/fold_0/step_300/argmax/Case8023.nii.gz
