candidate_id,variant,metric_name,group,dice_mean,hd95_mean,component_count_mean,remote_fp_mean,class_id,n,hd_mean,empty_prediction_rate,runtime_root,source_path
m9_srr_main_lesion_proposal_memory,m9_srr_main_lesion_proposal_memory__checkpoint_best__argmax,myops_edema,all_cases,0.7444990996961818,22.17800325715783,7.2272727272727275,3.2954545454545454,4,44,33.90811051133541,0.6590909090909091,results/20260708_srr_v3_m9_dictionary_fidelity_repair_training/runtime_htzhulab_mirror,results/20260708_srr_v3_m9_dictionary_fidelity_repair_training/runtime_htzhulab_mirror/variants/m9_srr_main_lesion_proposal_memory/subgroup_metrics_checkpoint_best.csv
m9_srr_main_lesion_proposal_memory,m9_srr_main_lesion_proposal_memory__checkpoint_best__argmax,myops_edema,gt_positive_only,0.2973725241644999,63.57694267051911,19.875,9.0625,4,16,97.20325013249484,0.0625,results/20260708_srr_v3_m9_dictionary_fidelity_repair_training/runtime_htzhulab_mirror,results/20260708_srr_v3_m9_dictionary_fidelity_repair_training/runtime_htzhulab_mirror/variants/m9_srr_main_lesion_proposal_memory/subgroup_metrics_checkpoint_best.csv
m9_srr_main_lesion_proposal_memory,m9_srr_main_lesion_proposal_memory__checkpoint_best__argmax,myops_edema,t2_present,0.2973725241644999,63.57694267051911,19.875,9.0625,4,16,97.20325013249484,0.0625,results/20260708_srr_v3_m9_dictionary_fidelity_repair_training/runtime_htzhulab_mirror,results/20260708_srr_v3_m9_dictionary_fidelity_repair_training/runtime_htzhulab_mirror/variants/m9_srr_main_lesion_proposal_memory/subgroup_metrics_checkpoint_best.csv
m9_srr_main_lesion_proposal_memory,m9_srr_main_lesion_proposal_memory__checkpoint_best__argmax,myops_edema,complete_modality,0.2973725241644999,63.57694267051911,19.875,9.0625,4,16,97.20325013249484,0.0625,results/20260708_srr_v3_m9_dictionary_fidelity_repair_training/runtime_htzhulab_mirror,results/20260708_srr_v3_m9_dictionary_fidelity_repair_training/runtime_htzhulab_mirror/variants/m9_srr_main_lesion_proposal_memory/subgroup_metrics_checkpoint_best.csv
m9_srr_main_lesion_proposal_memory,m9_srr_main_lesion_proposal_memory__checkpoint_best__argmax,myops_edema,CenterB,0.3730068472687007,80.8682252907602,22.0,12.285714285714286,4,7,119.20707581698149,0.0,results/20260708_srr_v3_m9_dictionary_fidelity_repair_training/runtime_htzhulab_mirror,results/20260708_srr_v3_m9_dictionary_fidelity_repair_training/runtime_htzhulab_mirror/variants/m9_srr_main_lesion_proposal_memory/subgroup_metrics_checkpoint_best.csv
m9_srr_main_lesion_proposal_memory,m9_srr_main_lesion_proposal_memory__checkpoint_best__argmax,myops_edema,CenterC,0.23854582841678817,48.44707037780816,18.22222222222222,6.555555555555555,4,9,77.94990265856903,0.1111111111111111,results/20260708_srr_v3_m9_dictionary_fidelity_repair_training/runtime_htzhulab_mirror,results/20260708_srr_v3_m9_dictionary_fidelity_repair_training/runtime_htzhulab_mirror/variants/m9_srr_main_lesion_proposal_memory/subgroup_metrics_checkpoint_best.csv
m9_srr_main_lesion_proposal_memory,m9_srr_main_lesion_proposal_memory__checkpoint_best__argmax,myops_edema,C0+LGE,1.0,0.0,0.0,0.0,4,4,0.0,1.0,results/20260708_srr_v3_m9_dictionary_fidelity_repair_training/runtime_htzhulab_mirror,results/20260708_srr_v3_m9_dictionary_fidelity_repair_training/runtime_htzhulab_mirror/variants/m9_srr_main_lesion_proposal_memory/subgroup_metrics_checkpoint_best.csv
m9_srr_main_lesion_proposal_memory,m9_srr_main_lesion_proposal_memory__checkpoint_best__argmax,myops_edema,LGE-only,1.0,0.0,0.0,0.0,4,24,0.0,1.0,results/20260708_srr_v3_m9_dictionary_fidelity_repair_training/runtime_htzhulab_mirror,results/20260708_srr_v3_m9_dictionary_fidelity_repair_training/runtime_htzhulab_mirror/variants/m9_srr_main_lesion_proposal_memory/subgroup_metrics_checkpoint_best.csv
m9_srr_main_lesion_proposal_memory,m9_srr_main_lesion_proposal_memory__checkpoint_best__argmax,myops_edema,no_T2_empty_GT,1.0,0.0,0.0,0.0,4,28,0.0,1.0,results/20260708_srr_v3_m9_dictionary_fidelity_repair_training/runtime_htzhulab_mirror,results/20260708_srr_v3_m9_dictionary_fidelity_repair_training/runtime_htzhulab_mirror/variants/m9_srr_main_lesion_proposal_memory/subgroup_metrics_checkpoint_best.csv
m9_srr_main_lesion_proposal_memory,m9_srr_main_lesion_proposal_memory__checkpoint_best__argmax,myops_scar,all_cases,0.5008850706774097,22.74452289298514,6.931818181818182,1.1136363636363635,5,44,41.7805409311871,0.022727272727272728,results/20260708_srr_v3_m9_dictionary_fidelity_repair_training/runtime_htzhulab_mirror,results/20260708_srr_v3_m9_dictionary_fidelity_repair_training/runtime_htzhulab_mirror/variants/m9_srr_main_lesion_proposal_memory/subgroup_metrics_checkpoint_best.csv
m9_srr_main_lesion_proposal_memory,m9_srr_main_lesion_proposal_memory__checkpoint_best__argmax,myops_scar,gt_positive_only,0.5125335606931635,22.74452289298514,7.0,1.0465116279069768,5,43,41.7805409311871,0.023255813953488372,results/20260708_srr_v3_m9_dictionary_fidelity_repair_training/runtime_htzhulab_mirror,results/20260708_srr_v3_m9_dictionary_fidelity_repair_training/runtime_htzhulab_mirror/variants/m9_srr_main_lesion_proposal_memory/subgroup_metrics_checkpoint_best.csv
m9_srr_main_lesion_proposal_memory,m9_srr_main_lesion_proposal_memory__checkpoint_best__argmax,myops_scar,t2_present,0.6234777847237386,11.034521010315558,3.0625,0.3125,5,16,25.98045388993707,0.0,results/20260708_srr_v3_m9_dictionary_fidelity_repair_training/runtime_htzhulab_mirror,results/20260708_srr_v3_m9_dictionary_fidelity_repair_training/runtime_htzhulab_mirror/variants/m9_srr_main_lesion_proposal_memory/subgroup_metrics_checkpoint_best.csv
m9_srr_main_lesion_proposal_memory,m9_srr_main_lesion_proposal_memory__checkpoint_best__argmax,myops_scar,complete_modality,0.6234777847237386,11.034521010315558,3.0625,0.3125,5,16,25.98045388993707,0.0,results/20260708_srr_v3_m9_dictionary_fidelity_repair_training/runtime_htzhulab_mirror,results/20260708_srr_v3_m9_dictionary_fidelity_repair_training/runtime_htzhulab_mirror/variants/m9_srr_main_lesion_proposal_memory/subgroup_metrics_checkpoint_best.csv
m9_srr_main_lesion_proposal_memory,m9_srr_main_lesion_proposal_memory__checkpoint_best__argmax,myops_scar,CenterB,0.6122526859107691,12.402802578237107,2.0,0.0,5,7,21.482713940805365,0.0,results/20260708_srr_v3_m9_dictionary_fidelity_repair_training/runtime_htzhulab_mirror,results/20260708_srr_v3_m9_dictionary_fidelity_repair_training/runtime_htzhulab_mirror/variants/m9_srr_main_lesion_proposal_memory/subgroup_metrics_checkpoint_best.csv
m9_srr_main_lesion_proposal_memory,m9_srr_main_lesion_proposal_memory__checkpoint_best__argmax,myops_scar,CenterC,0.632208417133826,9.970302013043243,3.888888888888889,0.5555555555555556,5,9,29.47869607259506,0.0,results/20260708_srr_v3_m9_dictionary_fidelity_repair_training/runtime_htzhulab_mirror,results/20260708_srr_v3_m9_dictionary_fidelity_repair_training/runtime_htzhulab_mirror/variants/m9_srr_main_lesion_proposal_memory/subgroup_metrics_checkpoint_best.csv
m9_srr_main_lesion_proposal_memory,m9_srr_main_lesion_proposal_memory__checkpoint_best__argmax,myops_scar,C0+LGE,0.3836871390408934,11.767260750720201,5.5,1.0,5,4,23.021243628501473,0.0,results/20260708_srr_v3_m9_dictionary_fidelity_repair_training/runtime_htzhulab_mirror,results/20260708_srr_v3_m9_dictionary_fidelity_repair_training/runtime_htzhulab_mirror/variants/m9_srr_main_lesion_proposal_memory/subgroup_metrics_checkpoint_best.csv
m9_srr_main_lesion_proposal_memory,m9_srr_main_lesion_proposal_memory__checkpoint_best__argmax,myops_scar,LGE-only,0.4386895832526099,32.322427960355064,9.75,1.6666666666666667,5,24,55.21877069501568,0.041666666666666664,results/20260708_srr_v3_m9_dictionary_fidelity_repair_training/runtime_htzhulab_mirror,results/20260708_srr_v3_m9_dictionary_fidelity_repair_training/runtime_htzhulab_mirror/variants/m9_srr_main_lesion_proposal_memory/subgroup_metrics_checkpoint_best.csv
m9_srr_main_lesion_proposal_memory,m9_srr_main_lesion_proposal_memory__checkpoint_best__argmax,myops_scar,no_T2_empty_GT,0.0,,4.0,4.0,5,1,,0.0,results/20260708_srr_v3_m9_dictionary_fidelity_repair_training/runtime_htzhulab_mirror,results/20260708_srr_v3_m9_dictionary_fidelity_repair_training/runtime_htzhulab_mirror/variants/m9_srr_main_lesion_proposal_memory/subgroup_metrics_checkpoint_best.csv
m9_srr_main_lesion_proposal_memory,m9_srr_main_lesion_proposal_memory__checkpoint_best__pathology_aware,myops_edema,all_cases,0.7546468537127003,21.621787284682192,7.0227272727272725,3.3181818181818183,4,44,33.659324418487984,0.6590909090909091,results/20260708_srr_v3_m9_dictionary_fidelity_repair_training/runtime_htzhulab_mirror,results/20260708_srr_v3_m9_dictionary_fidelity_repair_training/runtime_htzhulab_mirror/variants/m9_srr_main_lesion_proposal_memory/subgroup_metrics_checkpoint_best.csv
m9_srr_main_lesion_proposal_memory,m9_srr_main_lesion_proposal_memory__checkpoint_best__pathology_aware,myops_edema,gt_positive_only,0.32527884770992604,61.98245688275561,19.3125,9.125,4,16,96.49006333299889,0.0625,results/20260708_srr_v3_m9_dictionary_fidelity_repair_training/runtime_htzhulab_mirror,results/20260708_srr_v3_m9_dictionary_fidelity_repair_training/runtime_htzhulab_mirror/variants/m9_srr_main_lesion_proposal_memory/subgroup_metrics_checkpoint_best.csv
m9_srr_main_lesion_proposal_memory,m9_srr_main_lesion_proposal_memory__checkpoint_best__pathology_aware,myops_edema,t2_present,0.32527884770992604,61.98245688275561,19.3125,9.125,4,16,96.49006333299889,0.0625,results/20260708_srr_v3_m9_dictionary_fidelity_repair_training/runtime_htzhulab_mirror,results/20260708_srr_v3_m9_dictionary_fidelity_repair_training/runtime_htzhulab_mirror/variants/m9_srr_main_lesion_proposal_memory/subgroup_metrics_checkpoint_best.csv
m9_srr_main_lesion_proposal_memory,m9_srr_main_lesion_proposal_memory__checkpoint_best__pathology_aware,myops_edema,complete_modality,0.32527884770992604,61.98245688275561,19.3125,9.125,4,16,96.49006333299889,0.0625,results/20260708_srr_v3_m9_dictionary_fidelity_repair_training/runtime_htzhulab_mirror,results/20260708_srr_v3_m9_dictionary_fidelity_repair_training/runtime_htzhulab_mirror/variants/m9_srr_main_lesion_proposal_memory/subgroup_metrics_checkpoint_best.csv
m9_srr_main_lesion_proposal_memory,m9_srr_main_lesion_proposal_memory__checkpoint_best__pathology_aware,myops_edema,CenterB,0.4107680310561422,80.17580531019243,21.714285714285715,12.285714285714286,4,7,119.20707581698149,0.0,results/20260708_srr_v3_m9_dictionary_fidelity_repair_training/runtime_htzhulab_mirror,results/20260708_srr_v3_m9_dictionary_fidelity_repair_training/runtime_htzhulab_mirror/variants/m9_srr_main_lesion_proposal_memory/subgroup_metrics_checkpoint_best.csv
m9_srr_main_lesion_proposal_memory,m9_srr_main_lesion_proposal_memory__checkpoint_best__pathology_aware,myops_edema,CenterC,0.258787260662869,46.06327700874839,17.444444444444443,6.666666666666667,4,9,76.6126774095141,0.1111111111111111,results/20260708_srr_v3_m9_dictionary_fidelity_repair_training/runtime_htzhulab_mirror,results/20260708_srr_v3_m9_dictionary_fidelity_repair_training/runtime_htzhulab_mirror/variants/m9_srr_main_lesion_proposal_memory/subgroup_metrics_checkpoint_best.csv
m9_srr_main_lesion_proposal_memory,m9_srr_main_lesion_proposal_memory__checkpoint_best__pathology_aware,myops_edema,C0+LGE,1.0,0.0,0.0,0.0,4,4,0.0,1.0,results/20260708_srr_v3_m9_dictionary_fidelity_repair_training/runtime_htzhulab_mirror,results/20260708_srr_v3_m9_dictionary_fidelity_repair_training/runtime_htzhulab_mirror/variants/m9_srr_main_lesion_proposal_memory/subgroup_metrics_checkpoint_best.csv
m9_srr_main_lesion_proposal_memory,m9_srr_main_lesion_proposal_memory__checkpoint_best__pathology_aware,myops_edema,LGE-only,1.0,0.0,0.0,0.0,4,24,0.0,1.0,results/20260708_srr_v3_m9_dictionary_fidelity_repair_training/runtime_htzhulab_mirror,results/20260708_srr_v3_m9_dictionary_fidelity_repair_training/runtime_htzhulab_mirror/variants/m9_srr_main_lesion_proposal_memory/subgroup_metrics_checkpoint_best.csv
m9_srr_main_lesion_proposal_memory,m9_srr_main_lesion_proposal_memory__checkpoint_best__pathology_aware,myops_edema,no_T2_empty_GT,1.0,0.0,0.0,0.0,4,28,0.0,1.0,results/20260708_srr_v3_m9_dictionary_fidelity_repair_training/runtime_htzhulab_mirror,results/20260708_srr_v3_m9_dictionary_fidelity_repair_training/runtime_htzhulab_mirror/variants/m9_srr_main_lesion_proposal_memory/subgroup_metrics_checkpoint_best.csv
m9_srr_main_lesion_proposal_memory,m9_srr_main_lesion_proposal_memory__checkpoint_best__pathology_aware,myops_scar,all_cases,0.5099495614629432,22.083151599910593,6.704545454545454,1.0681818181818181,5,44,41.70556599979936,0.022727272727272728,results/20260708_srr_v3_m9_dictionary_fidelity_repair_training/runtime_htzhulab_mirror,results/20260708_srr_v3_m9_dictionary_fidelity_repair_training/runtime_htzhulab_mirror/variants/m9_srr_main_lesion_proposal_memory/subgroup_metrics_checkpoint_best.csv
m9_srr_main_lesion_proposal_memory,m9_srr_main_lesion_proposal_memory__checkpoint_best__pathology_aware,myops_scar,gt_positive_only,0.5218088535899884,22.083151599910593,6.767441860465116,1.0,5,43,41.70556599979936,0.023255813953488372,results/20260708_srr_v3_m9_dictionary_fidelity_repair_training/runtime_htzhulab_mirror,results/20260708_srr_v3_m9_dictionary_fidelity_repair_training/runtime_htzhulab_mirror/variants/m9_srr_main_lesion_proposal_memory/subgroup_metrics_checkpoint_best.csv
m9_srr_main_lesion_proposal_memory,m9_srr_main_lesion_proposal_memory__checkpoint_best__pathology_aware,myops_scar,t2_present,0.6406513978060056,10.940960180439529,2.375,0.3125,5,16,25.7267469658292,0.0,results/20260708_srr_v3_m9_dictionary_fidelity_repair_training/runtime_htzhulab_mirror,results/20260708_srr_v3_m9_dictionary_fidelity_repair_training/runtime_htzhulab_mirror/variants/m9_srr_main_lesion_proposal_memory/subgroup_metrics_checkpoint_best.csv
m9_srr_main_lesion_proposal_memory,m9_srr_main_lesion_proposal_memory__checkpoint_best__pathology_aware,myops_scar,complete_modality,0.6406513978060056,10.940960180439529,2.375,0.3125,5,16,25.7267469658292,0.0,results/20260708_srr_v3_m9_dictionary_fidelity_repair_training/runtime_htzhulab_mirror,results/20260708_srr_v3_m9_dictionary_fidelity_repair_training/runtime_htzhulab_mirror/variants/m9_srr_main_lesion_proposal_memory/subgroup_metrics_checkpoint_best.csv
m9_srr_main_lesion_proposal_memory,m9_srr_main_lesion_proposal_memory__checkpoint_best__pathology_aware,myops_scar,CenterB,0.6112517249662909,12.660753112101071,2.142857142857143,0.0,5,7,21.493727678293258,0.0,results/20260708_srr_v3_m9_dictionary_fidelity_repair_training/runtime_htzhulab_mirror,results/20260708_srr_v3_m9_dictionary_fidelity_repair_training/runtime_htzhulab_mirror/variants/m9_srr_main_lesion_proposal_memory/subgroup_metrics_checkpoint_best.csv
m9_srr_main_lesion_proposal_memory,m9_srr_main_lesion_proposal_memory__checkpoint_best__pathology_aware,myops_scar,CenterC,0.6635178100146726,9.603343455813885,2.5555555555555554,0.5555555555555556,5,9,29.01909530057938,0.0,results/20260708_srr_v3_m9_dictionary_fidelity_repair_training/runtime_htzhulab_mirror,results/20260708_srr_v3_m9_dictionary_fidelity_repair_training/runtime_htzhulab_mirror/variants/m9_srr_main_lesion_proposal_memory/subgroup_metrics_checkpoint_best.csv
m9_srr_main_lesion_proposal_memory,m9_srr_main_lesion_proposal_memory__checkpoint_best__pathology_aware,myops_scar,C0+LGE,0.3881202928680513,11.622936620578592,6.25,1.0,5,4,22.699975927647774,0.0,results/20260708_srr_v3_m9_dictionary_fidelity_repair_training/runtime_htzhulab_mirror,results/20260708_srr_v3_m9_dictionary_fidelity_repair_training/runtime_htzhulab_mirror/variants/m9_srr_main_lesion_proposal_memory/subgroup_metrics_checkpoint_best.csv
m9_srr_main_lesion_proposal_memory,m9_srr_main_lesion_proposal_memory__checkpoint_best__pathology_aware,myops_scar,LGE-only,0.4431198820000503,31.198617149890293,9.666666666666666,1.5833333333333333,5,24,55.300256206754895,0.041666666666666664,results/20260708_srr_v3_m9_dictionary_fidelity_repair_training/runtime_htzhulab_mirror,results/20260708_srr_v3_m9_dictionary_fidelity_repair_training/runtime_htzhulab_mirror/variants/m9_srr_main_lesion_proposal_memory/subgroup_metrics_checkpoint_best.csv
m9_srr_main_lesion_proposal_memory,m9_srr_main_lesion_proposal_memory__checkpoint_best__pathology_aware,myops_scar,no_T2_empty_GT,0.0,,4.0,4.0,5,1,,0.0,results/20260708_srr_v3_m9_dictionary_fidelity_repair_training/runtime_htzhulab_mirror,results/20260708_srr_v3_m9_dictionary_fidelity_repair_training/runtime_htzhulab_mirror/variants/m9_srr_main_lesion_proposal_memory/subgroup_metrics_checkpoint_best.csv
m9_srr_main_lesion_proposal_memory,m9_srr_main_lesion_proposal_memory__checkpoint_final__argmax,myops_edema,all_cases,0.6959361962376887,13.267877060564107,6.454545454545454,0.9545454545454546,4,44,22.025977813073276,0.6590909090909091,results/20260708_srr_v3_m9_dictionary_fidelity_repair_training/runtime_htzhulab_mirror,results/20260708_srr_v3_m9_dictionary_fidelity_repair_training/runtime_htzhulab_mirror/variants/m9_srr_main_lesion_proposal_memory/subgroup_metrics_checkpoint_final.csv
m9_srr_main_lesion_proposal_memory,m9_srr_main_lesion_proposal_memory__checkpoint_final__argmax,myops_edema,gt_positive_only,0.1638245396536437,38.03458090695044,17.75,2.625,4,16,63.14113639747672,0.0625,results/20260708_srr_v3_m9_dictionary_fidelity_repair_training/runtime_htzhulab_mirror,results/20260708_srr_v3_m9_dictionary_fidelity_repair_training/runtime_htzhulab_mirror/variants/m9_srr_main_lesion_proposal_memory/subgroup_metrics_checkpoint_final.csv
m9_srr_main_lesion_proposal_memory,m9_srr_main_lesion_proposal_memory__checkpoint_final__argmax,myops_edema,t2_present,0.1638245396536437,38.03458090695044,17.75,2.625,4,16,63.14113639747672,0.0625,results/20260708_srr_v3_m9_dictionary_fidelity_repair_training/runtime_htzhulab_mirror,results/20260708_srr_v3_m9_dictionary_fidelity_repair_training/runtime_htzhulab_mirror/variants/m9_srr_main_lesion_proposal_memory/subgroup_metrics_checkpoint_final.csv
m9_srr_main_lesion_proposal_memory,m9_srr_main_lesion_proposal_memory__checkpoint_final__argmax,myops_edema,complete_modality,0.1638245396536437,38.03458090695044,17.75,2.625,4,16,63.14113639747672,0.0625,results/20260708_srr_v3_m9_dictionary_fidelity_repair_training/runtime_htzhulab_mirror,results/20260708_srr_v3_m9_dictionary_fidelity_repair_training/runtime_htzhulab_mirror/variants/m9_srr_main_lesion_proposal_memory/subgroup_metrics_checkpoint_final.csv
m9_srr_main_lesion_proposal_memory,m9_srr_main_lesion_proposal_memory__checkpoint_final__argmax,myops_edema,CenterB,0.24230045372533374,32.254203578226694,18.571428571428573,3.5714285714285716,4,7,76.58668194793472,0.0,results/20260708_srr_v3_m9_dictionary_fidelity_repair_training/runtime_htzhulab_mirror,results/20260708_srr_v3_m9_dictionary_fidelity_repair_training/runtime_htzhulab_mirror/variants/m9_srr_main_lesion_proposal_memory/subgroup_metrics_checkpoint_final.csv
m9_srr_main_lesion_proposal_memory,m9_srr_main_lesion_proposal_memory__checkpoint_final__argmax,myops_edema,CenterC,0.10278771759788481,43.09241106958372,17.11111111111111,1.8888888888888888,4,9,51.37628404082597,0.1111111111111111,results/20260708_srr_v3_m9_dictionary_fidelity_repair_training/runtime_htzhulab_mirror,results/20260708_srr_v3_m9_dictionary_fidelity_repair_training/runtime_htzhulab_mirror/variants/m9_srr_main_lesion_proposal_memory/subgroup_metrics_checkpoint_final.csv
m9_srr_main_lesion_proposal_memory,m9_srr_main_lesion_proposal_memory__checkpoint_final__argmax,myops_edema,C0+LGE,1.0,0.0,0.0,0.0,4,4,0.0,1.0,results/20260708_srr_v3_m9_dictionary_fidelity_repair_training/runtime_htzhulab_mirror,results/20260708_srr_v3_m9_dictionary_fidelity_repair_training/runtime_htzhulab_mirror/variants/m9_srr_main_lesion_proposal_memory/subgroup_metrics_checkpoint_final.csv
m9_srr_main_lesion_proposal_memory,m9_srr_main_lesion_proposal_memory__checkpoint_final__argmax,myops_edema,LGE-only,1.0,0.0,0.0,0.0,4,24,0.0,1.0,results/20260708_srr_v3_m9_dictionary_fidelity_repair_training/runtime_htzhulab_mirror,results/20260708_srr_v3_m9_dictionary_fidelity_repair_training/runtime_htzhulab_mirror/variants/m9_srr_main_lesion_proposal_memory/subgroup_metrics_checkpoint_final.csv
m9_srr_main_lesion_proposal_memory,m9_srr_main_lesion_proposal_memory__checkpoint_final__argmax,myops_edema,no_T2_empty_GT,1.0,0.0,0.0,0.0,4,28,0.0,1.0,results/20260708_srr_v3_m9_dictionary_fidelity_repair_training/runtime_htzhulab_mirror,results/20260708_srr_v3_m9_dictionary_fidelity_repair_training/runtime_htzhulab_mirror/variants/m9_srr_main_lesion_proposal_memory/subgroup_metrics_checkpoint_final.csv
m9_srr_main_lesion_proposal_memory,m9_srr_main_lesion_proposal_memory__checkpoint_final__argmax,myops_scar,all_cases,0.47738698277705216,18.515478947000457,3.3636363636363638,0.11363636363636363,5,44,29.74768854657579,0.045454545454545456,results/20260708_srr_v3_m9_dictionary_fidelity_repair_training/runtime_htzhulab_mirror,results/20260708_srr_v3_m9_dictionary_fidelity_repair_training/runtime_htzhulab_mirror/variants/m9_srr_main_lesion_proposal_memory/subgroup_metrics_checkpoint_final.csv
m9_srr_main_lesion_proposal_memory,m9_srr_main_lesion_proposal_memory__checkpoint_final__argmax,myops_scar,gt_positive_only,0.4884890056323325,18.515478947000457,3.4186046511627906,0.09302325581395349,5,43,29.74768854657579,0.046511627906976744,results/20260708_srr_v3_m9_dictionary_fidelity_repair_training/runtime_htzhulab_mirror,results/20260708_srr_v3_m9_dictionary_fidelity_repair_training/runtime_htzhulab_mirror/variants/m9_srr_main_lesion_proposal_memory/subgroup_metrics_checkpoint_final.csv
m9_srr_main_lesion_proposal_memory,m9_srr_main_lesion_proposal_memory__checkpoint_final__argmax,myops_scar,t2_present,0.5008299972978244,19.885070671566286,1.75,0.0625,5,16,32.12458188399715,0.0,results/20260708_srr_v3_m9_dictionary_fidelity_repair_training/runtime_htzhulab_mirror,results/20260708_srr_v3_m9_dictionary_fidelity_repair_training/runtime_htzhulab_mirror/variants/m9_srr_main_lesion_proposal_memory/subgroup_metrics_checkpoint_final.csv
m9_srr_main_lesion_proposal_memory,m9_srr_main_lesion_proposal_memory__checkpoint_final__argmax,myops_scar,complete_modality,0.5008299972978244,19.885070671566286,1.75,0.0625,5,16,32.12458188399715,0.0,results/20260708_srr_v3_m9_dictionary_fidelity_repair_training/runtime_htzhulab_mirror,results/20260708_srr_v3_m9_dictionary_fidelity_repair_training/runtime_htzhulab_mirror/variants/m9_srr_main_lesion_proposal_memory/subgroup_metrics_checkpoint_final.csv
m9_srr_main_lesion_proposal_memory,m9_srr_main_lesion_proposal_memory__checkpoint_final__argmax,myops_scar,CenterB,0.5741687291958993,13.333740004071299,1.7142857142857142,0.14285714285714285,5,7,31.31893760010406,0.0,results/20260708_srr_v3_m9_dictionary_fidelity_repair_training/runtime_htzhulab_mirror,results/20260708_srr_v3_m9_dictionary_fidelity_repair_training/runtime_htzhulab_mirror/variants/m9_srr_main_lesion_proposal_memory/subgroup_metrics_checkpoint_final.csv
m9_srr_main_lesion_proposal_memory,m9_srr_main_lesion_proposal_memory__checkpoint_final__argmax,myops_scar,CenterC,0.44378876137709944,24.98055007961794,1.7777777777777777,0.0,5,9,32.75119410480289,0.0,results/20260708_srr_v3_m9_dictionary_fidelity_repair_training/runtime_htzhulab_mirror,results/20260708_srr_v3_m9_dictionary_fidelity_repair_training/runtime_htzhulab_mirror/variants/m9_srr_main_lesion_proposal_memory/subgroup_metrics_checkpoint_final.csv
m9_srr_main_lesion_proposal_memory,m9_srr_main_lesion_proposal_memory__checkpoint_final__argmax,myops_scar,C0+LGE,0.37289980121516897,14.272995600275417,6.0,0.25,5,4,24.407151740253617,0.0,results/20260708_srr_v3_m9_dictionary_fidelity_repair_training/runtime_htzhulab_mirror,results/20260708_srr_v3_m9_dictionary_fidelity_repair_training/runtime_htzhulab_mirror/variants/m9_srr_main_lesion_proposal_memory/subgroup_metrics_checkpoint_final.csv
m9_srr_main_lesion_proposal_memory,m9_srr_main_lesion_proposal_memory__checkpoint_final__argmax,myops_scar,LGE-only,0.47917283669018457,18.097932694596903,4.0,0.125,5,24,28.747293865676916,0.08333333333333333,results/20260708_srr_v3_m9_dictionary_fidelity_repair_training/runtime_htzhulab_mirror,results/20260708_srr_v3_m9_dictionary_fidelity_repair_training/runtime_htzhulab_mirror/variants/m9_srr_main_lesion_proposal_memory/subgroup_metrics_checkpoint_final.csv
m9_srr_main_lesion_proposal_memory,m9_srr_main_lesion_proposal_memory__checkpoint_final__argmax,myops_scar,no_T2_empty_GT,0.0,,1.0,1.0,5,1,,0.0,results/20260708_srr_v3_m9_dictionary_fidelity_repair_training/runtime_htzhulab_mirror,results/20260708_srr_v3_m9_dictionary_fidelity_repair_training/runtime_htzhulab_mirror/variants/m9_srr_main_lesion_proposal_memory/subgroup_metrics_checkpoint_final.csv
m9_srr_main_lesion_proposal_memory,m9_srr_main_lesion_proposal_memory__checkpoint_final__pathology_aware,myops_edema,all_cases,0.7241495842942638,13.111732545220885,5.681818181818182,1.2727272727272727,4,44,26.99616609225318,0.6363636363636364,results/20260708_srr_v3_m9_dictionary_fidelity_repair_training/runtime_htzhulab_mirror,results/20260708_srr_v3_m9_dictionary_fidelity_repair_training/runtime_htzhulab_mirror/variants/m9_srr_main_lesion_proposal_memory/subgroup_metrics_checkpoint_final.csv
m9_srr_main_lesion_proposal_memory,m9_srr_main_lesion_proposal_memory__checkpoint_final__pathology_aware,myops_edema,gt_positive_only,0.2414113568092254,36.05726449935744,15.625,3.5,4,16,74.23945675369625,0.0,results/20260708_srr_v3_m9_dictionary_fidelity_repair_training/runtime_htzhulab_mirror,results/20260708_srr_v3_m9_dictionary_fidelity_repair_training/runtime_htzhulab_mirror/variants/m9_srr_main_lesion_proposal_memory/subgroup_metrics_checkpoint_final.csv
m9_srr_main_lesion_proposal_memory,m9_srr_main_lesion_proposal_memory__checkpoint_final__pathology_aware,myops_edema,t2_present,0.2414113568092254,36.05726449935744,15.625,3.5,4,16,74.23945675369625,0.0,results/20260708_srr_v3_m9_dictionary_fidelity_repair_training/runtime_htzhulab_mirror,results/20260708_srr_v3_m9_dictionary_fidelity_repair_training/runtime_htzhulab_mirror/variants/m9_srr_main_lesion_proposal_memory/subgroup_metrics_checkpoint_final.csv
m9_srr_main_lesion_proposal_memory,m9_srr_main_lesion_proposal_memory__checkpoint_final__pathology_aware,myops_edema,complete_modality,0.2414113568092254,36.05726449935744,15.625,3.5,4,16,74.23945675369625,0.0,results/20260708_srr_v3_m9_dictionary_fidelity_repair_training/runtime_htzhulab_mirror,results/20260708_srr_v3_m9_dictionary_fidelity_repair_training/runtime_htzhulab_mirror/variants/m9_srr_main_lesion_proposal_memory/subgroup_metrics_checkpoint_final.csv
m9_srr_main_lesion_proposal_memory,m9_srr_main_lesion_proposal_memory__checkpoint_final__pathology_aware,myops_edema,CenterB,0.30429852284955616,32.933713094581655,17.142857142857142,5.142857142857143,4,7,92.65056014864466,0.0,results/20260708_srr_v3_m9_dictionary_fidelity_repair_training/runtime_htzhulab_mirror,results/20260708_srr_v3_m9_dictionary_fidelity_repair_training/runtime_htzhulab_mirror/variants/m9_srr_main_lesion_proposal_memory/subgroup_metrics_checkpoint_final.csv
m9_srr_main_lesion_proposal_memory,m9_srr_main_lesion_proposal_memory__checkpoint_final__pathology_aware,myops_edema,CenterC,0.19249911655563484,38.4866933697386,14.444444444444445,2.2222222222222223,4,9,59.919709668736374,0.0,results/20260708_srr_v3_m9_dictionary_fidelity_repair_training/runtime_htzhulab_mirror,results/20260708_srr_v3_m9_dictionary_fidelity_repair_training/runtime_htzhulab_mirror/variants/m9_srr_main_lesion_proposal_memory/subgroup_metrics_checkpoint_final.csv
m9_srr_main_lesion_proposal_memory,m9_srr_main_lesion_proposal_memory__checkpoint_final__pathology_aware,myops_edema,C0+LGE,1.0,0.0,0.0,0.0,4,4,0.0,1.0,results/20260708_srr_v3_m9_dictionary_fidelity_repair_training/runtime_htzhulab_mirror,results/20260708_srr_v3_m9_dictionary_fidelity_repair_training/runtime_htzhulab_mirror/variants/m9_srr_main_lesion_proposal_memory/subgroup_metrics_checkpoint_final.csv
m9_srr_main_lesion_proposal_memory,m9_srr_main_lesion_proposal_memory__checkpoint_final__pathology_aware,myops_edema,LGE-only,1.0,0.0,0.0,0.0,4,24,0.0,1.0,results/20260708_srr_v3_m9_dictionary_fidelity_repair_training/runtime_htzhulab_mirror,results/20260708_srr_v3_m9_dictionary_fidelity_repair_training/runtime_htzhulab_mirror/variants/m9_srr_main_lesion_proposal_memory/subgroup_metrics_checkpoint_final.csv
m9_srr_main_lesion_proposal_memory,m9_srr_main_lesion_proposal_memory__checkpoint_final__pathology_aware,myops_edema,no_T2_empty_GT,1.0,0.0,0.0,0.0,4,28,0.0,1.0,results/20260708_srr_v3_m9_dictionary_fidelity_repair_training/runtime_htzhulab_mirror,results/20260708_srr_v3_m9_dictionary_fidelity_repair_training/runtime_htzhulab_mirror/variants/m9_srr_main_lesion_proposal_memory/subgroup_metrics_checkpoint_final.csv
m9_srr_main_lesion_proposal_memory,m9_srr_main_lesion_proposal_memory__checkpoint_final__pathology_aware,myops_scar,all_cases,0.4888320053119232,17.434629650919483,3.5,0.09090909090909091,5,44,29.766857974861836,0.045454545454545456,results/20260708_srr_v3_m9_dictionary_fidelity_repair_training/runtime_htzhulab_mirror,results/20260708_srr_v3_m9_dictionary_fidelity_repair_training/runtime_htzhulab_mirror/variants/m9_srr_main_lesion_proposal_memory/subgroup_metrics_checkpoint_final.csv
m9_srr_main_lesion_proposal_memory,m9_srr_main_lesion_proposal_memory__checkpoint_final__pathology_aware,myops_scar,gt_positive_only,0.5002001914819679,17.434629650919483,3.558139534883721,0.06976744186046512,5,43,29.766857974861836,0.046511627906976744,results/20260708_srr_v3_m9_dictionary_fidelity_repair_training/runtime_htzhulab_mirror,results/20260708_srr_v3_m9_dictionary_fidelity_repair_training/runtime_htzhulab_mirror/variants/m9_srr_main_lesion_proposal_memory/subgroup_metrics_checkpoint_final.csv
m9_srr_main_lesion_proposal_memory,m9_srr_main_lesion_proposal_memory__checkpoint_final__pathology_aware,myops_scar,t2_present,0.528439913873685,17.25939022825777,1.8125,0.0625,5,16,29.80663826617664,0.0,results/20260708_srr_v3_m9_dictionary_fidelity_repair_training/runtime_htzhulab_mirror,results/20260708_srr_v3_m9_dictionary_fidelity_repair_training/runtime_htzhulab_mirror/variants/m9_srr_main_lesion_proposal_memory/subgroup_metrics_checkpoint_final.csv
m9_srr_main_lesion_proposal_memory,m9_srr_main_lesion_proposal_memory__checkpoint_final__pathology_aware,myops_scar,complete_modality,0.528439913873685,17.25939022825777,1.8125,0.0625,5,16,29.80663826617664,0.0,results/20260708_srr_v3_m9_dictionary_fidelity_repair_training/runtime_htzhulab_mirror,results/20260708_srr_v3_m9_dictionary_fidelity_repair_training/runtime_htzhulab_mirror/variants/m9_srr_main_lesion_proposal_memory/subgroup_metrics_checkpoint_final.csv
m9_srr_main_lesion_proposal_memory,m9_srr_main_lesion_proposal_memory__checkpoint_final__pathology_aware,myops_scar,CenterB,0.5961695601484085,13.473521146826647,2.0,0.14285714285714285,5,7,31.601357266671215,0.0,results/20260708_srr_v3_m9_dictionary_fidelity_repair_training/runtime_htzhulab_mirror,results/20260708_srr_v3_m9_dictionary_fidelity_repair_training/runtime_htzhulab_mirror/variants/m9_srr_main_lesion_proposal_memory/subgroup_metrics_checkpoint_final.csv
m9_srr_main_lesion_proposal_memory,m9_srr_main_lesion_proposal_memory__checkpoint_final__pathology_aware,myops_scar,CenterC,0.47576130010445566,20.203955069370867,1.6666666666666667,0.0,5,9,28.410745710236416,0.0,results/20260708_srr_v3_m9_dictionary_fidelity_repair_training/runtime_htzhulab_mirror,results/20260708_srr_v3_m9_dictionary_fidelity_repair_training/runtime_htzhulab_mirror/variants/m9_srr_main_lesion_proposal_memory/subgroup_metrics_checkpoint_final.csv
m9_srr_main_lesion_proposal_memory,m9_srr_main_lesion_proposal_memory__checkpoint_final__pathology_aware,myops_scar,C0+LGE,0.3868866113149807,12.459839255688841,5.25,0.25,5,4,23.73851946980932,0.0,results/20260708_srr_v3_m9_dictionary_fidelity_repair_training/runtime_htzhulab_mirror,results/20260708_srr_v3_m9_dictionary_fidelity_repair_training/runtime_htzhulab_mirror/variants/m9_srr_main_lesion_proposal_memory/subgroup_metrics_checkpoint_final.csv
m9_srr_main_lesion_proposal_memory,m9_srr_main_lesion_proposal_memory__checkpoint_final__pathology_aware,myops_scar,LGE-only,0.4794176319369058,18.240457012204907,4.333333333333333,0.08333333333333333,5,24,30.559973013685504,0.08333333333333333,results/20260708_srr_v3_m9_dictionary_fidelity_repair_training/runtime_htzhulab_mirror,results/20260708_srr_v3_m9_dictionary_fidelity_repair_training/runtime_htzhulab_mirror/variants/m9_srr_main_lesion_proposal_memory/subgroup_metrics_checkpoint_final.csv
m9_srr_main_lesion_proposal_memory,m9_srr_main_lesion_proposal_memory__checkpoint_final__pathology_aware,myops_scar,no_T2_empty_GT,0.0,,1.0,1.0,5,1,,0.0,results/20260708_srr_v3_m9_dictionary_fidelity_repair_training/runtime_htzhulab_mirror,results/20260708_srr_v3_m9_dictionary_fidelity_repair_training/runtime_htzhulab_mirror/variants/m9_srr_main_lesion_proposal_memory/subgroup_metrics_checkpoint_final.csv
m9_srr_main_t2_edema_recall_focus,m9_srr_main_t2_edema_recall_focus__checkpoint_best__argmax,myops_edema,all_cases,0.717878933193122,32.48620631501827,16.545454545454547,11.522727272727273,4,44,52.419411791476115,0.6363636363636364,results/20260708_srr_v3_m9_dictionary_fidelity_repair_training/runtime_htzhulab_mirror,results/20260708_srr_v3_m9_dictionary_fidelity_repair_training/runtime_htzhulab_mirror/variants/m9_srr_main_t2_edema_recall_focus/subgroup_metrics_checkpoint_best.csv
m9_srr_main_t2_edema_recall_focus,m9_srr_main_t2_edema_recall_focus__checkpoint_best__argmax,myops_edema,gt_positive_only,0.22416706628108568,89.33706736630025,45.5,31.6875,4,16,144.15338242655932,0.0,results/20260708_srr_v3_m9_dictionary_fidelity_repair_training/runtime_htzhulab_mirror,results/20260708_srr_v3_m9_dictionary_fidelity_repair_training/runtime_htzhulab_mirror/variants/m9_srr_main_t2_edema_recall_focus/subgroup_metrics_checkpoint_best.csv
m9_srr_main_t2_edema_recall_focus,m9_srr_main_t2_edema_recall_focus__checkpoint_best__argmax,myops_edema,t2_present,0.22416706628108568,89.33706736630025,45.5,31.6875,4,16,144.15338242655932,0.0,results/20260708_srr_v3_m9_dictionary_fidelity_repair_training/runtime_htzhulab_mirror,results/20260708_srr_v3_m9_dictionary_fidelity_repair_training/runtime_htzhulab_mirror/variants/m9_srr_main_t2_edema_recall_focus/subgroup_metrics_checkpoint_best.csv
m9_srr_main_t2_edema_recall_focus,m9_srr_main_t2_edema_recall_focus__checkpoint_best__argmax,myops_edema,complete_modality,0.22416706628108568,89.33706736630025,45.5,31.6875,4,16,144.15338242655932,0.0,results/20260708_srr_v3_m9_dictionary_fidelity_repair_training/runtime_htzhulab_mirror,results/20260708_srr_v3_m9_dictionary_fidelity_repair_training/runtime_htzhulab_mirror/variants/m9_srr_main_t2_edema_recall_focus/subgroup_metrics_checkpoint_best.csv
m9_srr_main_t2_edema_recall_focus,m9_srr_main_t2_edema_recall_focus__checkpoint_best__argmax,myops_edema,CenterB,0.286125688478975,108.04067286094434,23.714285714285715,13.142857142857142,4,7,169.00147226558116,0.0,results/20260708_srr_v3_m9_dictionary_fidelity_repair_training/runtime_htzhulab_mirror,results/20260708_srr_v3_m9_dictionary_fidelity_repair_training/runtime_htzhulab_mirror/variants/m9_srr_main_t2_edema_recall_focus/subgroup_metrics_checkpoint_best.csv
m9_srr_main_t2_edema_recall_focus,m9_srr_main_t2_edema_recall_focus__checkpoint_best__argmax,myops_edema,CenterC,0.1759770267938384,74.78981864824374,62.44444444444444,46.111111111111114,4,9,124.82709032954232,0.0,results/20260708_srr_v3_m9_dictionary_fidelity_repair_training/runtime_htzhulab_mirror,results/20260708_srr_v3_m9_dictionary_fidelity_repair_training/runtime_htzhulab_mirror/variants/m9_srr_main_t2_edema_recall_focus/subgroup_metrics_checkpoint_best.csv
m9_srr_main_t2_edema_recall_focus,m9_srr_main_t2_edema_recall_focus__checkpoint_best__argmax,myops_edema,C0+LGE,1.0,0.0,0.0,0.0,4,4,0.0,1.0,results/20260708_srr_v3_m9_dictionary_fidelity_repair_training/runtime_htzhulab_mirror,results/20260708_srr_v3_m9_dictionary_fidelity_repair_training/runtime_htzhulab_mirror/variants/m9_srr_main_t2_edema_recall_focus/subgroup_metrics_checkpoint_best.csv
m9_srr_main_t2_edema_recall_focus,m9_srr_main_t2_edema_recall_focus__checkpoint_best__argmax,myops_edema,LGE-only,1.0,0.0,0.0,0.0,4,24,0.0,1.0,results/20260708_srr_v3_m9_dictionary_fidelity_repair_training/runtime_htzhulab_mirror,results/20260708_srr_v3_m9_dictionary_fidelity_repair_training/runtime_htzhulab_mirror/variants/m9_srr_main_t2_edema_recall_focus/subgroup_metrics_checkpoint_best.csv
m9_srr_main_t2_edema_recall_focus,m9_srr_main_t2_edema_recall_focus__checkpoint_best__argmax,myops_edema,no_T2_empty_GT,1.0,0.0,0.0,0.0,4,28,0.0,1.0,results/20260708_srr_v3_m9_dictionary_fidelity_repair_training/runtime_htzhulab_mirror,results/20260708_srr_v3_m9_dictionary_fidelity_repair_training/runtime_htzhulab_mirror/variants/m9_srr_main_t2_edema_recall_focus/subgroup_metrics_checkpoint_best.csv
m9_srr_main_t2_edema_recall_focus,m9_srr_main_t2_edema_recall_focus__checkpoint_best__argmax,myops_scar,all_cases,0.44002090239870234,17.32965098986518,4.7272727272727275,0.45454545454545453,5,44,37.50205513295712,0.11363636363636363,results/20260708_srr_v3_m9_dictionary_fidelity_repair_training/runtime_htzhulab_mirror,results/20260708_srr_v3_m9_dictionary_fidelity_repair_training/runtime_htzhulab_mirror/variants/m9_srr_main_t2_edema_recall_focus/subgroup_metrics_checkpoint_best.csv
m9_srr_main_t2_edema_recall_focus,m9_srr_main_t2_edema_recall_focus__checkpoint_best__argmax,myops_scar,gt_positive_only,0.4502539466405326,17.32965098986518,4.674418604651163,0.3023255813953488,5,43,37.50205513295712,0.11627906976744186,results/20260708_srr_v3_m9_dictionary_fidelity_repair_training/runtime_htzhulab_mirror,results/20260708_srr_v3_m9_dictionary_fidelity_repair_training/runtime_htzhulab_mirror/variants/m9_srr_main_t2_edema_recall_focus/subgroup_metrics_checkpoint_best.csv
m9_srr_main_t2_edema_recall_focus,m9_srr_main_t2_edema_recall_focus__checkpoint_best__argmax,myops_scar,t2_present,0.4930392022876219,16.329240860003136,2.625,0.3125,5,16,37.812045447902534,0.0625,results/20260708_srr_v3_m9_dictionary_fidelity_repair_training/runtime_htzhulab_mirror,results/20260708_srr_v3_m9_dictionary_fidelity_repair_training/runtime_htzhulab_mirror/variants/m9_srr_main_t2_edema_recall_focus/subgroup_metrics_checkpoint_best.csv
m9_srr_main_t2_edema_recall_focus,m9_srr_main_t2_edema_recall_focus__checkpoint_best__argmax,myops_scar,complete_modality,0.4930392022876219,16.329240860003136,2.625,0.3125,5,16,37.812045447902534,0.0625,results/20260708_srr_v3_m9_dictionary_fidelity_repair_training/runtime_htzhulab_mirror,results/20260708_srr_v3_m9_dictionary_fidelity_repair_training/runtime_htzhulab_mirror/variants/m9_srr_main_t2_edema_recall_focus/subgroup_metrics_checkpoint_best.csv
m9_srr_main_t2_edema_recall_focus,m9_srr_main_t2_edema_recall_focus__checkpoint_best__argmax,myops_scar,CenterB,0.6034656010378076,12.68771281844452,2.142857142857143,0.0,5,7,22.225768185592106,0.0,results/20260708_srr_v3_m9_dictionary_fidelity_repair_training/runtime_htzhulab_mirror,results/20260708_srr_v3_m9_dictionary_fidelity_repair_training/runtime_htzhulab_mirror/variants/m9_srr_main_t2_edema_recall_focus/subgroup_metrics_checkpoint_best.csv
m9_srr_main_t2_edema_recall_focus,m9_srr_main_t2_edema_recall_focus__checkpoint_best__argmax,myops_scar,CenterC,0.4071520032596997,19.51557789636692,3.0,0.5555555555555556,5,9,51.45003805242416,0.1111111111111111,results/20260708_srr_v3_m9_dictionary_fidelity_repair_training/runtime_htzhulab_mirror,results/20260708_srr_v3_m9_dictionary_fidelity_repair_training/runtime_htzhulab_mirror/variants/m9_srr_main_t2_edema_recall_focus/subgroup_metrics_checkpoint_best.csv
m9_srr_main_t2_edema_recall_focus,m9_srr_main_t2_edema_recall_focus__checkpoint_best__argmax,myops_scar,C0+LGE,0.1493234343192432,11.022618015251924,2.0,1.75,5,4,23.2421875,0.5,results/20260708_srr_v3_m9_dictionary_fidelity_repair_training/runtime_htzhulab_mirror,results/20260708_srr_v3_m9_dictionary_fidelity_repair_training/runtime_htzhulab_mirror/variants/m9_srr_main_t2_edema_recall_focus/subgroup_metrics_checkpoint_best.csv
m9_srr_main_t2_edema_recall_focus,m9_srr_main_t2_edema_recall_focus__checkpoint_best__argmax,myops_scar,LGE-only,0.4531249471526658,18.298432122708086,6.583333333333333,0.3333333333333333,5,24,37.93887390153784,0.08333333333333333,results/20260708_srr_v3_m9_dictionary_fidelity_repair_training/runtime_htzhulab_mirror,results/20260708_srr_v3_m9_dictionary_fidelity_repair_training/runtime_htzhulab_mirror/variants/m9_srr_main_t2_edema_recall_focus/subgroup_metrics_checkpoint_best.csv
m9_srr_main_t2_edema_recall_focus,m9_srr_main_t2_edema_recall_focus__checkpoint_best__argmax,myops_scar,no_T2_empty_GT,0.0,,7.0,7.0,5,1,,0.0,results/20260708_srr_v3_m9_dictionary_fidelity_repair_training/runtime_htzhulab_mirror,results/20260708_srr_v3_m9_dictionary_fidelity_repair_training/runtime_htzhulab_mirror/variants/m9_srr_main_t2_edema_recall_focus/subgroup_metrics_checkpoint_best.csv
m9_srr_main_t2_edema_recall_focus,m9_srr_main_t2_edema_recall_focus__checkpoint_best__pathology_aware,myops_edema,all_cases,0.7294765071350823,37.82452020576939,16.15909090909091,11.840909090909092,4,44,55.82855338031431,0.6363636363636364,results/20260708_srr_v3_m9_dictionary_fidelity_repair_training/runtime_htzhulab_mirror,results/20260708_srr_v3_m9_dictionary_fidelity_repair_training/runtime_htzhulab_mirror/variants/m9_srr_main_t2_edema_recall_focus/subgroup_metrics_checkpoint_best.csv
m9_srr_main_t2_edema_recall_focus,m9_srr_main_t2_edema_recall_focus__checkpoint_best__pathology_aware,myops_edema,gt_positive_only,0.25606039462147623,104.01743056586581,44.4375,32.5625,4,16,153.52852179586435,0.0,results/20260708_srr_v3_m9_dictionary_fidelity_repair_training/runtime_htzhulab_mirror,results/20260708_srr_v3_m9_dictionary_fidelity_repair_training/runtime_htzhulab_mirror/variants/m9_srr_main_t2_edema_recall_focus/subgroup_metrics_checkpoint_best.csv
m9_srr_main_t2_edema_recall_focus,m9_srr_main_t2_edema_recall_focus__checkpoint_best__pathology_aware,myops_edema,t2_present,0.25606039462147623,104.01743056586581,44.4375,32.5625,4,16,153.52852179586435,0.0,results/20260708_srr_v3_m9_dictionary_fidelity_repair_training/runtime_htzhulab_mirror,results/20260708_srr_v3_m9_dictionary_fidelity_repair_training/runtime_htzhulab_mirror/variants/m9_srr_main_t2_edema_recall_focus/subgroup_metrics_checkpoint_best.csv
m9_srr_main_t2_edema_recall_focus,m9_srr_main_t2_edema_recall_focus__checkpoint_best__pathology_aware,myops_edema,complete_modality,0.25606039462147623,104.01743056586581,44.4375,32.5625,4,16,153.52852179586435,0.0,results/20260708_srr_v3_m9_dictionary_fidelity_repair_training/runtime_htzhulab_mirror,results/20260708_srr_v3_m9_dictionary_fidelity_repair_training/runtime_htzhulab_mirror/variants/m9_srr_main_t2_edema_recall_focus/subgroup_metrics_checkpoint_best.csv
m9_srr_main_t2_edema_recall_focus,m9_srr_main_t2_edema_recall_focus__checkpoint_best__pathology_aware,myops_edema,CenterB,0.30346136780472016,107.99913740056046,22.857142857142858,13.285714285714286,4,7,169.00147226558116,0.0,results/20260708_srr_v3_m9_dictionary_fidelity_repair_training/runtime_htzhulab_mirror,results/20260708_srr_v3_m9_dictionary_fidelity_repair_training/runtime_htzhulab_mirror/variants/m9_srr_main_t2_edema_recall_focus/subgroup_metrics_checkpoint_best.csv
m9_srr_main_t2_edema_recall_focus,m9_srr_main_t2_edema_recall_focus__checkpoint_best__pathology_aware,myops_edema,CenterC,0.2191929710345087,100.92054747221442,61.22222222222222,47.55555555555556,4,9,141.4940047638624,0.0,results/20260708_srr_v3_m9_dictionary_fidelity_repair_training/runtime_htzhulab_mirror,results/20260708_srr_v3_m9_dictionary_fidelity_repair_training/runtime_htzhulab_mirror/variants/m9_srr_main_t2_edema_recall_focus/subgroup_metrics_checkpoint_best.csv
m9_srr_main_t2_edema_recall_focus,m9_srr_main_t2_edema_recall_focus__checkpoint_best__pathology_aware,myops_edema,C0+LGE,1.0,0.0,0.0,0.0,4,4,0.0,1.0,results/20260708_srr_v3_m9_dictionary_fidelity_repair_training/runtime_htzhulab_mirror,results/20260708_srr_v3_m9_dictionary_fidelity_repair_training/runtime_htzhulab_mirror/variants/m9_srr_main_t2_edema_recall_focus/subgroup_metrics_checkpoint_best.csv
m9_srr_main_t2_edema_recall_focus,m9_srr_main_t2_edema_recall_focus__checkpoint_best__pathology_aware,myops_edema,LGE-only,1.0,0.0,0.0,0.0,4,24,0.0,1.0,results/20260708_srr_v3_m9_dictionary_fidelity_repair_training/runtime_htzhulab_mirror,results/20260708_srr_v3_m9_dictionary_fidelity_repair_training/runtime_htzhulab_mirror/variants/m9_srr_main_t2_edema_recall_focus/subgroup_metrics_checkpoint_best.csv
m9_srr_main_t2_edema_recall_focus,m9_srr_main_t2_edema_recall_focus__checkpoint_best__pathology_aware,myops_edema,no_T2_empty_GT,1.0,0.0,0.0,0.0,4,28,0.0,1.0,results/20260708_srr_v3_m9_dictionary_fidelity_repair_training/runtime_htzhulab_mirror,results/20260708_srr_v3_m9_dictionary_fidelity_repair_training/runtime_htzhulab_mirror/variants/m9_srr_main_t2_edema_recall_focus/subgroup_metrics_checkpoint_best.csv
m9_srr_main_t2_edema_recall_focus,m9_srr_main_t2_edema_recall_focus__checkpoint_best__pathology_aware,myops_scar,all_cases,0.45047390962654843,20.34158804778151,3.8636363636363638,0.36363636363636365,5,44,41.11698960827654,0.045454545454545456,results/20260708_srr_v3_m9_dictionary_fidelity_repair_training/runtime_htzhulab_mirror,results/20260708_srr_v3_m9_dictionary_fidelity_repair_training/runtime_htzhulab_mirror/variants/m9_srr_main_t2_edema_recall_focus/subgroup_metrics_checkpoint_best.csv
m9_srr_main_t2_edema_recall_focus,m9_srr_main_t2_edema_recall_focus__checkpoint_best__pathology_aware,myops_scar,gt_positive_only,0.460950047059724,20.34158804778151,3.8372093023255816,0.2558139534883721,5,43,41.11698960827654,0.046511627906976744,results/20260708_srr_v3_m9_dictionary_fidelity_repair_training/runtime_htzhulab_mirror,results/20260708_srr_v3_m9_dictionary_fidelity_repair_training/runtime_htzhulab_mirror/variants/m9_srr_main_t2_edema_recall_focus/subgroup_metrics_checkpoint_best.csv
m9_srr_main_t2_edema_recall_focus,m9_srr_main_t2_edema_recall_focus__checkpoint_best__pathology_aware,myops_scar,t2_present,0.5234204731844115,16.993472831825184,2.25,0.375,5,16,42.76930330828726,0.0,results/20260708_srr_v3_m9_dictionary_fidelity_repair_training/runtime_htzhulab_mirror,results/20260708_srr_v3_m9_dictionary_fidelity_repair_training/runtime_htzhulab_mirror/variants/m9_srr_main_t2_edema_recall_focus/subgroup_metrics_checkpoint_best.csv
m9_srr_main_t2_edema_recall_focus,m9_srr_main_t2_edema_recall_focus__checkpoint_best__pathology_aware,myops_scar,complete_modality,0.5234204731844115,16.993472831825184,2.25,0.375,5,16,42.76930330828726,0.0,results/20260708_srr_v3_m9_dictionary_fidelity_repair_training/runtime_htzhulab_mirror,results/20260708_srr_v3_m9_dictionary_fidelity_repair_training/runtime_htzhulab_mirror/variants/m9_srr_main_t2_edema_recall_focus/subgroup_metrics_checkpoint_best.csv
m9_srr_main_t2_edema_recall_focus,m9_srr_main_t2_edema_recall_focus__checkpoint_best__pathology_aware,myops_scar,CenterB,0.609653158627319,12.783701468941487,2.2857142857142856,0.14285714285714285,5,7,33.73562456370883,0.0,results/20260708_srr_v3_m9_dictionary_fidelity_repair_training/runtime_htzhulab_mirror,results/20260708_srr_v3_m9_dictionary_fidelity_repair_training/runtime_htzhulab_mirror/variants/m9_srr_main_t2_edema_recall_focus/subgroup_metrics_checkpoint_best.csv
m9_srr_main_t2_edema_recall_focus,m9_srr_main_t2_edema_recall_focus__checkpoint_best__pathology_aware,myops_scar,CenterC,0.45635060672881683,20.267739447401393,2.2222222222222223,0.5555555555555556,5,9,49.79549788740381,0.0,results/20260708_srr_v3_m9_dictionary_fidelity_repair_training/runtime_htzhulab_mirror,results/20260708_srr_v3_m9_dictionary_fidelity_repair_training/runtime_htzhulab_mirror/variants/m9_srr_main_t2_edema_recall_focus/subgroup_metrics_checkpoint_best.csv
m9_srr_main_t2_edema_recall_focus,m9_srr_main_t2_edema_recall_focus__checkpoint_best__pathology_aware,myops_scar,C0+LGE,0.15735380281685893,47.39576710795821,2.25,1.25,5,4,52.61685032715023,0.0,results/20260708_srr_v3_m9_dictionary_fidelity_repair_training/runtime_htzhulab_mirror,results/20260708_srr_v3_m9_dictionary_fidelity_repair_training/runtime_htzhulab_mirror/variants/m9_srr_main_t2_edema_recall_focus/subgroup_metrics_checkpoint_best.csv
m9_srr_main_t2_edema_recall_focus,m9_srr_main_t2_edema_recall_focus__checkpoint_best__pathology_aware,myops_scar,LGE-only,0.450696218389588,19.087374696634743,5.208333333333333,0.20833333333333334,5,24,38.34714409205869,0.08333333333333333,results/20260708_srr_v3_m9_dictionary_fidelity_repair_training/runtime_htzhulab_mirror,results/20260708_srr_v3_m9_dictionary_fidelity_repair_training/runtime_htzhulab_mirror/variants/m9_srr_main_t2_edema_recall_focus/subgroup_metrics_checkpoint_best.csv
m9_srr_main_t2_edema_recall_focus,m9_srr_main_t2_edema_recall_focus__checkpoint_best__pathology_aware,myops_scar,no_T2_empty_GT,0.0,,5.0,5.0,5,1,,0.0,results/20260708_srr_v3_m9_dictionary_fidelity_repair_training/runtime_htzhulab_mirror,results/20260708_srr_v3_m9_dictionary_fidelity_repair_training/runtime_htzhulab_mirror/variants/m9_srr_main_t2_edema_recall_focus/subgroup_metrics_checkpoint_best.csv
m9_srr_main_t2_edema_recall_focus,m9_srr_main_t2_edema_recall_focus__checkpoint_final__argmax,myops_edema,all_cases,0.7162048265941928,14.73868670296358,3.977272727272727,0.7727272727272727,4,44,33.00861551268998,0.6363636363636364,results/20260708_srr_v3_m9_dictionary_fidelity_repair_training/runtime_htzhulab_mirror,results/20260708_srr_v3_m9_dictionary_fidelity_repair_training/runtime_htzhulab_mirror/variants/m9_srr_main_t2_edema_recall_focus/subgroup_metrics_checkpoint_final.csv
m9_srr_main_t2_edema_recall_focus,m9_srr_main_t2_edema_recall_focus__checkpoint_final__argmax,myops_edema,gt_positive_only,0.21956327313403012,40.53138843314985,10.9375,2.125,4,16,90.77369265989745,0.0,results/20260708_srr_v3_m9_dictionary_fidelity_repair_training/runtime_htzhulab_mirror,results/20260708_srr_v3_m9_dictionary_fidelity_repair_training/runtime_htzhulab_mirror/variants/m9_srr_main_t2_edema_recall_focus/subgroup_metrics_checkpoint_final.csv
m9_srr_main_t2_edema_recall_focus,m9_srr_main_t2_edema_recall_focus__checkpoint_final__argmax,myops_edema,t2_present,0.21956327313403012,40.53138843314985,10.9375,2.125,4,16,90.77369265989745,0.0,results/20260708_srr_v3_m9_dictionary_fidelity_repair_training/runtime_htzhulab_mirror,results/20260708_srr_v3_m9_dictionary_fidelity_repair_training/runtime_htzhulab_mirror/variants/m9_srr_main_t2_edema_recall_focus/subgroup_metrics_checkpoint_final.csv
m9_srr_main_t2_edema_recall_focus,m9_srr_main_t2_edema_recall_focus__checkpoint_final__argmax,myops_edema,complete_modality,0.21956327313403012,40.53138843314985,10.9375,2.125,4,16,90.77369265989745,0.0,results/20260708_srr_v3_m9_dictionary_fidelity_repair_training/runtime_htzhulab_mirror,results/20260708_srr_v3_m9_dictionary_fidelity_repair_training/runtime_htzhulab_mirror/variants/m9_srr_main_t2_edema_recall_focus/subgroup_metrics_checkpoint_final.csv
m9_srr_main_t2_edema_recall_focus,m9_srr_main_t2_edema_recall_focus__checkpoint_final__argmax,myops_edema,CenterB,0.3032367670361849,48.52630234899788,11.0,3.0,4,7,119.08292623637952,0.0,results/20260708_srr_v3_m9_dictionary_fidelity_repair_training/runtime_htzhulab_mirror,results/20260708_srr_v3_m9_dictionary_fidelity_repair_training/runtime_htzhulab_mirror/variants/m9_srr_main_t2_edema_recall_focus/subgroup_metrics_checkpoint_final.csv
m9_srr_main_t2_edema_recall_focus,m9_srr_main_t2_edema_recall_focus__checkpoint_final__argmax,myops_edema,CenterC,0.1544838889879097,34.313122054156935,10.88888888888889,1.4444444444444444,4,9,68.75539987818917,0.0,results/20260708_srr_v3_m9_dictionary_fidelity_repair_training/runtime_htzhulab_mirror,results/20260708_srr_v3_m9_dictionary_fidelity_repair_training/runtime_htzhulab_mirror/variants/m9_srr_main_t2_edema_recall_focus/subgroup_metrics_checkpoint_final.csv
m9_srr_main_t2_edema_recall_focus,m9_srr_main_t2_edema_recall_focus__checkpoint_final__argmax,myops_edema,C0+LGE,1.0,0.0,0.0,0.0,4,4,0.0,1.0,results/20260708_srr_v3_m9_dictionary_fidelity_repair_training/runtime_htzhulab_mirror,results/20260708_srr_v3_m9_dictionary_fidelity_repair_training/runtime_htzhulab_mirror/variants/m9_srr_main_t2_edema_recall_focus/subgroup_metrics_checkpoint_final.csv
m9_srr_main_t2_edema_recall_focus,m9_srr_main_t2_edema_recall_focus__checkpoint_final__argmax,myops_edema,LGE-only,1.0,0.0,0.0,0.0,4,24,0.0,1.0,results/20260708_srr_v3_m9_dictionary_fidelity_repair_training/runtime_htzhulab_mirror,results/20260708_srr_v3_m9_dictionary_fidelity_repair_training/runtime_htzhulab_mirror/variants/m9_srr_main_t2_edema_recall_focus/subgroup_metrics_checkpoint_final.csv
m9_srr_main_t2_edema_recall_focus,m9_srr_main_t2_edema_recall_focus__checkpoint_final__argmax,myops_edema,no_T2_empty_GT,1.0,0.0,0.0,0.0,4,28,0.0,1.0,results/20260708_srr_v3_m9_dictionary_fidelity_repair_training/runtime_htzhulab_mirror,results/20260708_srr_v3_m9_dictionary_fidelity_repair_training/runtime_htzhulab_mirror/variants/m9_srr_main_t2_edema_recall_focus/subgroup_metrics_checkpoint_final.csv
m9_srr_main_t2_edema_recall_focus,m9_srr_main_t2_edema_recall_focus__checkpoint_final__argmax,myops_scar,all_cases,0.4433699647235239,21.988607612142207,4.340909090909091,0.45454545454545453,5,44,36.82731874261188,0.045454545454545456,results/20260708_srr_v3_m9_dictionary_fidelity_repair_training/runtime_htzhulab_mirror,results/20260708_srr_v3_m9_dictionary_fidelity_repair_training/runtime_htzhulab_mirror/variants/m9_srr_main_t2_edema_recall_focus/subgroup_metrics_checkpoint_final.csv
m9_srr_main_t2_edema_recall_focus,m9_srr_main_t2_edema_recall_focus__checkpoint_final__argmax,myops_scar,gt_positive_only,0.4536808941356989,21.988607612142207,4.325581395348837,0.3488372093023256,5,43,36.82731874261188,0.046511627906976744,results/20260708_srr_v3_m9_dictionary_fidelity_repair_training/runtime_htzhulab_mirror,results/20260708_srr_v3_m9_dictionary_fidelity_repair_training/runtime_htzhulab_mirror/variants/m9_srr_main_t2_edema_recall_focus/subgroup_metrics_checkpoint_final.csv
m9_srr_main_t2_edema_recall_focus,m9_srr_main_t2_edema_recall_focus__checkpoint_final__argmax,myops_scar,t2_present,0.4344405002235607,26.06073537385228,3.5625,0.75,5,16,45.62051980079425,0.0,results/20260708_srr_v3_m9_dictionary_fidelity_repair_training/runtime_htzhulab_mirror,results/20260708_srr_v3_m9_dictionary_fidelity_repair_training/runtime_htzhulab_mirror/variants/m9_srr_main_t2_edema_recall_focus/subgroup_metrics_checkpoint_final.csv
m9_srr_main_t2_edema_recall_focus,m9_srr_main_t2_edema_recall_focus__checkpoint_final__argmax,myops_scar,complete_modality,0.4344405002235607,26.06073537385228,3.5625,0.75,5,16,45.62051980079425,0.0,results/20260708_srr_v3_m9_dictionary_fidelity_repair_training/runtime_htzhulab_mirror,results/20260708_srr_v3_m9_dictionary_fidelity_repair_training/runtime_htzhulab_mirror/variants/m9_srr_main_t2_edema_recall_focus/subgroup_metrics_checkpoint_final.csv
m9_srr_main_t2_edema_recall_focus,m9_srr_main_t2_edema_recall_focus__checkpoint_final__argmax,myops_scar,CenterB,0.5407827712551059,14.057011084208934,2.142857142857143,0.2857142857142857,5,7,46.451225399176316,0.0,results/20260708_srr_v3_m9_dictionary_fidelity_repair_training/runtime_htzhulab_mirror,results/20260708_srr_v3_m9_dictionary_fidelity_repair_training/runtime_htzhulab_mirror/variants/m9_srr_main_t2_edema_recall_focus/subgroup_metrics_checkpoint_final.csv
m9_srr_main_t2_edema_recall_focus,m9_srr_main_t2_edema_recall_focus__checkpoint_final__argmax,myops_scar,CenterC,0.3517298449768034,35.39696537690821,4.666666666666667,1.1111111111111112,5,9,44.97441544649708,0.0,results/20260708_srr_v3_m9_dictionary_fidelity_repair_training/runtime_htzhulab_mirror,results/20260708_srr_v3_m9_dictionary_fidelity_repair_training/runtime_htzhulab_mirror/variants/m9_srr_main_t2_edema_recall_focus/subgroup_metrics_checkpoint_final.csv
m9_srr_main_t2_edema_recall_focus,m9_srr_main_t2_edema_recall_focus__checkpoint_final__argmax,myops_scar,C0+LGE,0.2649404122386408,30.17470756497033,6.0,1.25,5,4,40.19089167220049,0.0,results/20260708_srr_v3_m9_dictionary_fidelity_repair_training/runtime_htzhulab_mirror,results/20260708_srr_v3_m9_dictionary_fidelity_repair_training/runtime_htzhulab_mirror/variants/m9_srr_main_t2_edema_recall_focus/subgroup_metrics_checkpoint_final.csv
m9_srr_main_t2_edema_recall_focus,m9_srr_main_t2_edema_recall_focus__checkpoint_final__argmax,myops_scar,LGE-only,0.4790611998043133,17.910773791876505,4.583333333333333,0.125,5,24,29.973594391717167,0.08333333333333333,results/20260708_srr_v3_m9_dictionary_fidelity_repair_training/runtime_htzhulab_mirror,results/20260708_srr_v3_m9_dictionary_fidelity_repair_training/runtime_htzhulab_mirror/variants/m9_srr_main_t2_edema_recall_focus/subgroup_metrics_checkpoint_final.csv
m9_srr_main_t2_edema_recall_focus,m9_srr_main_t2_edema_recall_focus__checkpoint_final__argmax,myops_scar,no_T2_empty_GT,0.0,,5.0,5.0,5,1,,0.0,results/20260708_srr_v3_m9_dictionary_fidelity_repair_training/runtime_htzhulab_mirror,results/20260708_srr_v3_m9_dictionary_fidelity_repair_training/runtime_htzhulab_mirror/variants/m9_srr_main_t2_edema_recall_focus/subgroup_metrics_checkpoint_final.csv
m9_srr_main_t2_edema_recall_focus,m9_srr_main_t2_edema_recall_focus__checkpoint_final__pathology_aware,myops_edema,all_cases,0.7296891021013007,31.084432809745206,6.863636363636363,3.1818181818181817,4,44,52.76230101357771,0.6363636363636364,results/20260708_srr_v3_m9_dictionary_fidelity_repair_training/runtime_htzhulab_mirror,results/20260708_srr_v3_m9_dictionary_fidelity_repair_training/runtime_htzhulab_mirror/variants/m9_srr_main_t2_edema_recall_focus/subgroup_metrics_checkpoint_final.csv
m9_srr_main_t2_edema_recall_focus,m9_srr_main_t2_edema_recall_focus__checkpoint_final__pathology_aware,myops_edema,gt_positive_only,0.25664503077857687,85.48219022679932,18.875,8.75,4,16,145.0963277873387,0.0,results/20260708_srr_v3_m9_dictionary_fidelity_repair_training/runtime_htzhulab_mirror,results/20260708_srr_v3_m9_dictionary_fidelity_repair_training/runtime_htzhulab_mirror/variants/m9_srr_main_t2_edema_recall_focus/subgroup_metrics_checkpoint_final.csv
m9_srr_main_t2_edema_recall_focus,m9_srr_main_t2_edema_recall_focus__checkpoint_final__pathology_aware,myops_edema,t2_present,0.25664503077857687,85.48219022679932,18.875,8.75,4,16,145.0963277873387,0.0,results/20260708_srr_v3_m9_dictionary_fidelity_repair_training/runtime_htzhulab_mirror,results/20260708_srr_v3_m9_dictionary_fidelity_repair_training/runtime_htzhulab_mirror/variants/m9_srr_main_t2_edema_recall_focus/subgroup_metrics_checkpoint_final.csv
m9_srr_main_t2_edema_recall_focus,m9_srr_main_t2_edema_recall_focus__checkpoint_final__pathology_aware,myops_edema,complete_modality,0.25664503077857687,85.48219022679932,18.875,8.75,4,16,145.0963277873387,0.0,results/20260708_srr_v3_m9_dictionary_fidelity_repair_training/runtime_htzhulab_mirror,results/20260708_srr_v3_m9_dictionary_fidelity_repair_training/runtime_htzhulab_mirror/variants/m9_srr_main_t2_edema_recall_focus/subgroup_metrics_checkpoint_final.csv
m9_srr_main_t2_edema_recall_focus,m9_srr_main_t2_edema_recall_focus__checkpoint_final__pathology_aware,myops_edema,CenterB,0.3272949831697923,69.53817127186046,13.428571428571429,6.0,4,7,140.44351794335222,0.0,results/20260708_srr_v3_m9_dictionary_fidelity_repair_training/runtime_htzhulab_mirror,results/20260708_srr_v3_m9_dictionary_fidelity_repair_training/runtime_htzhulab_mirror/variants/m9_srr_main_t2_edema_recall_focus/subgroup_metrics_checkpoint_final.csv
m9_srr_main_t2_edema_recall_focus,m9_srr_main_t2_edema_recall_focus__checkpoint_final__pathology_aware,myops_edema,CenterC,0.20169506780763147,97.88309385841842,23.11111111111111,10.88888888888889,4,9,148.71517988821708,0.0,results/20260708_srr_v3_m9_dictionary_fidelity_repair_training/runtime_htzhulab_mirror,results/20260708_srr_v3_m9_dictionary_fidelity_repair_training/runtime_htzhulab_mirror/variants/m9_srr_main_t2_edema_recall_focus/subgroup_metrics_checkpoint_final.csv
m9_srr_main_t2_edema_recall_focus,m9_srr_main_t2_edema_recall_focus__checkpoint_final__pathology_aware,myops_edema,C0+LGE,1.0,0.0,0.0,0.0,4,4,0.0,1.0,results/20260708_srr_v3_m9_dictionary_fidelity_repair_training/runtime_htzhulab_mirror,results/20260708_srr_v3_m9_dictionary_fidelity_repair_training/runtime_htzhulab_mirror/variants/m9_srr_main_t2_edema_recall_focus/subgroup_metrics_checkpoint_final.csv
m9_srr_main_t2_edema_recall_focus,m9_srr_main_t2_edema_recall_focus__checkpoint_final__pathology_aware,myops_edema,LGE-only,1.0,0.0,0.0,0.0,4,24,0.0,1.0,results/20260708_srr_v3_m9_dictionary_fidelity_repair_training/runtime_htzhulab_mirror,results/20260708_srr_v3_m9_dictionary_fidelity_repair_training/runtime_htzhulab_mirror/variants/m9_srr_main_t2_edema_recall_focus/subgroup_metrics_checkpoint_final.csv
m9_srr_main_t2_edema_recall_focus,m9_srr_main_t2_edema_recall_focus__checkpoint_final__pathology_aware,myops_edema,no_T2_empty_GT,1.0,0.0,0.0,0.0,4,28,0.0,1.0,results/20260708_srr_v3_m9_dictionary_fidelity_repair_training/runtime_htzhulab_mirror,results/20260708_srr_v3_m9_dictionary_fidelity_repair_training/runtime_htzhulab_mirror/variants/m9_srr_main_t2_edema_recall_focus/subgroup_metrics_checkpoint_final.csv
m9_srr_main_t2_edema_recall_focus,m9_srr_main_t2_edema_recall_focus__checkpoint_final__pathology_aware,myops_scar,all_cases,0.4485815228353296,21.532424420803373,4.090909090909091,0.4090909090909091,5,44,36.22536544293289,0.022727272727272728,results/20260708_srr_v3_m9_dictionary_fidelity_repair_training/runtime_htzhulab_mirror,results/20260708_srr_v3_m9_dictionary_fidelity_repair_training/runtime_htzhulab_mirror/variants/m9_srr_main_t2_edema_recall_focus/subgroup_metrics_checkpoint_final.csv
m9_srr_main_t2_edema_recall_focus,m9_srr_main_t2_edema_recall_focus__checkpoint_final__pathology_aware,myops_scar,gt_positive_only,0.4590136512733605,21.532424420803373,4.046511627906977,0.27906976744186046,5,43,36.22536544293289,0.023255813953488372,results/20260708_srr_v3_m9_dictionary_fidelity_repair_training/runtime_htzhulab_mirror,results/20260708_srr_v3_m9_dictionary_fidelity_repair_training/runtime_htzhulab_mirror/variants/m9_srr_main_t2_edema_recall_focus/subgroup_metrics_checkpoint_final.csv
m9_srr_main_t2_edema_recall_focus,m9_srr_main_t2_edema_recall_focus__checkpoint_final__pathology_aware,myops_scar,t2_present,0.45043359231647323,23.648915707134616,3.6875,0.625,5,16,43.39293433878141,0.0,results/20260708_srr_v3_m9_dictionary_fidelity_repair_training/runtime_htzhulab_mirror,results/20260708_srr_v3_m9_dictionary_fidelity_repair_training/runtime_htzhulab_mirror/variants/m9_srr_main_t2_edema_recall_focus/subgroup_metrics_checkpoint_final.csv
m9_srr_main_t2_edema_recall_focus,m9_srr_main_t2_edema_recall_focus__checkpoint_final__pathology_aware,myops_scar,complete_modality,0.45043359231647323,23.648915707134616,3.6875,0.625,5,16,43.39293433878141,0.0,results/20260708_srr_v3_m9_dictionary_fidelity_repair_training/runtime_htzhulab_mirror,results/20260708_srr_v3_m9_dictionary_fidelity_repair_training/runtime_htzhulab_mirror/variants/m9_srr_main_t2_edema_recall_focus/subgroup_metrics_checkpoint_final.csv
m9_srr_main_t2_edema_recall_focus,m9_srr_main_t2_edema_recall_focus__checkpoint_final__pathology_aware,myops_scar,CenterB,0.555010210062963,14.177425308511141,2.0,0.2857142857142857,5,7,46.73376047588001,0.0,results/20260708_srr_v3_m9_dictionary_fidelity_repair_training/runtime_htzhulab_mirror,results/20260708_srr_v3_m9_dictionary_fidelity_repair_training/runtime_htzhulab_mirror/variants/m9_srr_main_t2_edema_recall_focus/subgroup_metrics_checkpoint_final.csv
m9_srr_main_t2_edema_recall_focus,m9_srr_main_t2_edema_recall_focus__checkpoint_final__pathology_aware,myops_scar,CenterC,0.36909622295809225,31.01563046161954,5.0,0.8888888888888888,5,9,40.794514009926935,0.0,results/20260708_srr_v3_m9_dictionary_fidelity_repair_training/runtime_htzhulab_mirror,results/20260708_srr_v3_m9_dictionary_fidelity_repair_training/runtime_htzhulab_mirror/variants/m9_srr_main_t2_edema_recall_focus/subgroup_metrics_checkpoint_final.csv
m9_srr_main_t2_edema_recall_focus,m9_srr_main_t2_edema_recall_focus__checkpoint_final__pathology_aware,myops_scar,C0+LGE,0.2961637426103171,29.675321161545128,5.25,1.5,5,4,41.74614665900566,0.0,results/20260708_srr_v3_m9_dictionary_fidelity_repair_training/runtime_htzhulab_mirror,results/20260708_srr_v3_m9_dictionary_fidelity_repair_training/runtime_htzhulab_mirror/variants/m9_srr_main_t2_edema_recall_focus/subgroup_metrics_checkpoint_final.csv
m9_srr_main_t2_edema_recall_focus,m9_srr_main_t2_edema_recall_focus__checkpoint_final__pathology_aware,myops_scar,LGE-only,0.4727497732187359,18.997965690215324,4.166666666666667,0.08333333333333333,5,24,30.519128661115737,0.041666666666666664,results/20260708_srr_v3_m9_dictionary_fidelity_repair_training/runtime_htzhulab_mirror,results/20260708_srr_v3_m9_dictionary_fidelity_repair_training/runtime_htzhulab_mirror/variants/m9_srr_main_t2_edema_recall_focus/subgroup_metrics_checkpoint_final.csv
m9_srr_main_t2_edema_recall_focus,m9_srr_main_t2_edema_recall_focus__checkpoint_final__pathology_aware,myops_scar,no_T2_empty_GT,0.0,,6.0,6.0,5,1,,0.0,results/20260708_srr_v3_m9_dictionary_fidelity_repair_training/runtime_htzhulab_mirror,results/20260708_srr_v3_m9_dictionary_fidelity_repair_training/runtime_htzhulab_mirror/variants/m9_srr_main_t2_edema_recall_focus/subgroup_metrics_checkpoint_final.csv
m9_srr_main_true_br2_pattern_sip,m9_srr_main_true_br2_pattern_sip__checkpoint_best__argmax,myops_edema,all_cases,0.7263232622882623,21.623045193387327,6.75,2.840909090909091,4,44,39.635792967438654,0.6590909090909091,results/20260708_srr_v3_m9_dictionary_fidelity_repair_training/runtime_htzhulab_mirror,results/20260708_srr_v3_m9_dictionary_fidelity_repair_training/runtime_htzhulab_mirror/variants/m9_srr_main_true_br2_pattern_sip/subgroup_metrics_checkpoint_best.csv
m9_srr_main_true_br2_pattern_sip,m9_srr_main_true_br2_pattern_sip__checkpoint_best__argmax,myops_edema,gt_positive_only,0.24738897129272117,61.98606288771034,18.5625,7.8125,4,16,113.62260650665746,0.0625,results/20260708_srr_v3_m9_dictionary_fidelity_repair_training/runtime_htzhulab_mirror,results/20260708_srr_v3_m9_dictionary_fidelity_repair_training/runtime_htzhulab_mirror/variants/m9_srr_main_true_br2_pattern_sip/subgroup_metrics_checkpoint_best.csv
m9_srr_main_true_br2_pattern_sip,m9_srr_main_true_br2_pattern_sip__checkpoint_best__argmax,myops_edema,t2_present,0.24738897129272117,61.98606288771034,18.5625,7.8125,4,16,113.62260650665746,0.0625,results/20260708_srr_v3_m9_dictionary_fidelity_repair_training/runtime_htzhulab_mirror,results/20260708_srr_v3_m9_dictionary_fidelity_repair_training/runtime_htzhulab_mirror/variants/m9_srr_main_true_br2_pattern_sip/subgroup_metrics_checkpoint_best.csv
m9_srr_main_true_br2_pattern_sip,m9_srr_main_true_br2_pattern_sip__checkpoint_best__argmax,myops_edema,complete_modality,0.24738897129272117,61.98606288771034,18.5625,7.8125,4,16,113.62260650665746,0.0625,results/20260708_srr_v3_m9_dictionary_fidelity_repair_training/runtime_htzhulab_mirror,results/20260708_srr_v3_m9_dictionary_fidelity_repair_training/runtime_htzhulab_mirror/variants/m9_srr_main_true_br2_pattern_sip/subgroup_metrics_checkpoint_best.csv
m9_srr_main_true_br2_pattern_sip,m9_srr_main_true_br2_pattern_sip__checkpoint_best__argmax,myops_edema,CenterB,0.3625912844449386,51.82956581875207,17.285714285714285,5.857142857142857,4,7,103.86811665069507,0.0,results/20260708_srr_v3_m9_dictionary_fidelity_repair_training/runtime_htzhulab_mirror,results/20260708_srr_v3_m9_dictionary_fidelity_repair_training/runtime_htzhulab_mirror/variants/m9_srr_main_true_br2_pattern_sip/subgroup_metrics_checkpoint_best.csv
m9_srr_main_true_br2_pattern_sip,m9_srr_main_true_br2_pattern_sip__checkpoint_best__argmax,myops_edema,CenterC,0.15778717217432986,70.87299782304882,19.555555555555557,9.333333333333334,4,9,122.15778513062456,0.1111111111111111,results/20260708_srr_v3_m9_dictionary_fidelity_repair_training/runtime_htzhulab_mirror,results/20260708_srr_v3_m9_dictionary_fidelity_repair_training/runtime_htzhulab_mirror/variants/m9_srr_main_true_br2_pattern_sip/subgroup_metrics_checkpoint_best.csv
m9_srr_main_true_br2_pattern_sip,m9_srr_main_true_br2_pattern_sip__checkpoint_best__argmax,myops_edema,C0+LGE,1.0,0.0,0.0,0.0,4,4,0.0,1.0,results/20260708_srr_v3_m9_dictionary_fidelity_repair_training/runtime_htzhulab_mirror,results/20260708_srr_v3_m9_dictionary_fidelity_repair_training/runtime_htzhulab_mirror/variants/m9_srr_main_true_br2_pattern_sip/subgroup_metrics_checkpoint_best.csv
m9_srr_main_true_br2_pattern_sip,m9_srr_main_true_br2_pattern_sip__checkpoint_best__argmax,myops_edema,LGE-only,1.0,0.0,0.0,0.0,4,24,0.0,1.0,results/20260708_srr_v3_m9_dictionary_fidelity_repair_training/runtime_htzhulab_mirror,results/20260708_srr_v3_m9_dictionary_fidelity_repair_training/runtime_htzhulab_mirror/variants/m9_srr_main_true_br2_pattern_sip/subgroup_metrics_checkpoint_best.csv
m9_srr_main_true_br2_pattern_sip,m9_srr_main_true_br2_pattern_sip__checkpoint_best__argmax,myops_edema,no_T2_empty_GT,1.0,0.0,0.0,0.0,4,28,0.0,1.0,results/20260708_srr_v3_m9_dictionary_fidelity_repair_training/runtime_htzhulab_mirror,results/20260708_srr_v3_m9_dictionary_fidelity_repair_training/runtime_htzhulab_mirror/variants/m9_srr_main_true_br2_pattern_sip/subgroup_metrics_checkpoint_best.csv
m9_srr_main_true_br2_pattern_sip,m9_srr_main_true_br2_pattern_sip__checkpoint_best__argmax,myops_scar,all_cases,0.5299680507440883,14.668921181522988,4.9772727272727275,0.29545454545454547,5,44,33.21651967845362,0.045454545454545456,results/20260708_srr_v3_m9_dictionary_fidelity_repair_training/runtime_htzhulab_mirror,results/20260708_srr_v3_m9_dictionary_fidelity_repair_training/runtime_htzhulab_mirror/variants/m9_srr_main_true_br2_pattern_sip/subgroup_metrics_checkpoint_best.csv
m9_srr_main_true_br2_pattern_sip,m9_srr_main_true_br2_pattern_sip__checkpoint_best__argmax,myops_scar,gt_positive_only,0.5422928891334856,14.668921181522988,4.976744186046512,0.18604651162790697,5,43,33.21651967845362,0.046511627906976744,results/20260708_srr_v3_m9_dictionary_fidelity_repair_training/runtime_htzhulab_mirror,results/20260708_srr_v3_m9_dictionary_fidelity_repair_training/runtime_htzhulab_mirror/variants/m9_srr_main_true_br2_pattern_sip/subgroup_metrics_checkpoint_best.csv
m9_srr_main_true_br2_pattern_sip,m9_srr_main_true_br2_pattern_sip__checkpoint_best__argmax,myops_scar,t2_present,0.650395138623842,9.835732887317834,3.4375,0.3125,5,16,40.681522976410335,0.0,results/20260708_srr_v3_m9_dictionary_fidelity_repair_training/runtime_htzhulab_mirror,results/20260708_srr_v3_m9_dictionary_fidelity_repair_training/runtime_htzhulab_mirror/variants/m9_srr_main_true_br2_pattern_sip/subgroup_metrics_checkpoint_best.csv
m9_srr_main_true_br2_pattern_sip,m9_srr_main_true_br2_pattern_sip__checkpoint_best__argmax,myops_scar,complete_modality,0.650395138623842,9.835732887317834,3.4375,0.3125,5,16,40.681522976410335,0.0,results/20260708_srr_v3_m9_dictionary_fidelity_repair_training/runtime_htzhulab_mirror,results/20260708_srr_v3_m9_dictionary_fidelity_repair_training/runtime_htzhulab_mirror/variants/m9_srr_main_true_br2_pattern_sip/subgroup_metrics_checkpoint_best.csv
m9_srr_main_true_br2_pattern_sip,m9_srr_main_true_br2_pattern_sip__checkpoint_best__argmax,myops_scar,CenterB,0.575688457214542,12.729940495631022,2.142857142857143,0.14285714285714285,5,7,35.351501408912114,0.0,results/20260708_srr_v3_m9_dictionary_fidelity_repair_training/runtime_htzhulab_mirror,results/20260708_srr_v3_m9_dictionary_fidelity_repair_training/runtime_htzhulab_mirror/variants/m9_srr_main_true_br2_pattern_sip/subgroup_metrics_checkpoint_best.csv
m9_srr_main_true_br2_pattern_sip,m9_srr_main_true_br2_pattern_sip__checkpoint_best__argmax,myops_scar,CenterC,0.7085003352755198,7.584682525296466,4.444444444444445,0.4444444444444444,5,9,44.827095306686736,0.0,results/20260708_srr_v3_m9_dictionary_fidelity_repair_training/runtime_htzhulab_mirror,results/20260708_srr_v3_m9_dictionary_fidelity_repair_training/runtime_htzhulab_mirror/variants/m9_srr_main_true_br2_pattern_sip/subgroup_metrics_checkpoint_best.csv
m9_srr_main_true_br2_pattern_sip,m9_srr_main_true_br2_pattern_sip__checkpoint_best__argmax,myops_scar,C0+LGE,0.3743636854901299,12.05437624393926,7.25,1.25,5,4,23.854399248859526,0.0,results/20260708_srr_v3_m9_dictionary_fidelity_repair_training/runtime_htzhulab_mirror,results/20260708_srr_v3_m9_dictionary_fidelity_repair_training/runtime_htzhulab_mirror/variants/m9_srr_main_true_br2_pattern_sip/subgroup_metrics_checkpoint_best.csv
m9_srr_main_true_br2_pattern_sip,m9_srr_main_true_br2_pattern_sip__checkpoint_best__argmax,myops_scar,LGE-only,0.4756173863665788,18.540496068797243,5.625,0.125,5,24,29.064079156702483,0.08333333333333333,results/20260708_srr_v3_m9_dictionary_fidelity_repair_training/runtime_htzhulab_mirror,results/20260708_srr_v3_m9_dictionary_fidelity_repair_training/runtime_htzhulab_mirror/variants/m9_srr_main_true_br2_pattern_sip/subgroup_metrics_checkpoint_best.csv
m9_srr_main_true_br2_pattern_sip,m9_srr_main_true_br2_pattern_sip__checkpoint_best__argmax,myops_scar,no_T2_empty_GT,0.0,,5.0,5.0,5,1,,0.0,results/20260708_srr_v3_m9_dictionary_fidelity_repair_training/runtime_htzhulab_mirror,results/20260708_srr_v3_m9_dictionary_fidelity_repair_training/runtime_htzhulab_mirror/variants/m9_srr_main_true_br2_pattern_sip/subgroup_metrics_checkpoint_best.csv
m9_srr_main_true_br2_pattern_sip,m9_srr_main_true_br2_pattern_sip__checkpoint_best__pathology_aware,myops_edema,all_cases,0.7350615952444274,29.40763184359268,8.022727272727273,3.4318181818181817,4,44,49.535480476808104,0.6363636363636364,results/20260708_srr_v3_m9_dictionary_fidelity_repair_training/runtime_htzhulab_mirror,results/20260708_srr_v3_m9_dictionary_fidelity_repair_training/runtime_htzhulab_mirror/variants/m9_srr_main_true_br2_pattern_sip/subgroup_metrics_checkpoint_best.csv
m9_srr_main_true_br2_pattern_sip,m9_srr_main_true_br2_pattern_sip__checkpoint_best__pathology_aware,myops_edema,gt_positive_only,0.27141938692217527,80.87098756987986,22.0625,9.4375,4,16,136.22257131122228,0.0,results/20260708_srr_v3_m9_dictionary_fidelity_repair_training/runtime_htzhulab_mirror,results/20260708_srr_v3_m9_dictionary_fidelity_repair_training/runtime_htzhulab_mirror/variants/m9_srr_main_true_br2_pattern_sip/subgroup_metrics_checkpoint_best.csv
m9_srr_main_true_br2_pattern_sip,m9_srr_main_true_br2_pattern_sip__checkpoint_best__pathology_aware,myops_edema,t2_present,0.27141938692217527,80.87098756987986,22.0625,9.4375,4,16,136.22257131122228,0.0,results/20260708_srr_v3_m9_dictionary_fidelity_repair_training/runtime_htzhulab_mirror,results/20260708_srr_v3_m9_dictionary_fidelity_repair_training/runtime_htzhulab_mirror/variants/m9_srr_main_true_br2_pattern_sip/subgroup_metrics_checkpoint_best.csv
m9_srr_main_true_br2_pattern_sip,m9_srr_main_true_br2_pattern_sip__checkpoint_best__pathology_aware,myops_edema,complete_modality,0.27141938692217527,80.87098756987986,22.0625,9.4375,4,16,136.22257131122228,0.0,results/20260708_srr_v3_m9_dictionary_fidelity_repair_training/runtime_htzhulab_mirror,results/20260708_srr_v3_m9_dictionary_fidelity_repair_training/runtime_htzhulab_mirror/variants/m9_srr_main_true_br2_pattern_sip/subgroup_metrics_checkpoint_best.csv
m9_srr_main_true_br2_pattern_sip,m9_srr_main_true_br2_pattern_sip__checkpoint_best__pathology_aware,myops_edema,CenterB,0.37363891731751847,64.6229045751431,21.714285714285715,8.571428571428571,4,7,141.49028803379713,0.0,results/20260708_srr_v3_m9_dictionary_fidelity_repair_training/runtime_htzhulab_mirror,results/20260708_srr_v3_m9_dictionary_fidelity_repair_training/runtime_htzhulab_mirror/variants/m9_srr_main_true_br2_pattern_sip/subgroup_metrics_checkpoint_best.csv
m9_srr_main_true_br2_pattern_sip,m9_srr_main_true_br2_pattern_sip__checkpoint_best__pathology_aware,myops_edema,CenterC,0.19191530772579718,93.50838545467514,22.333333333333332,10.11111111111111,4,9,132.1254583047752,0.0,results/20260708_srr_v3_m9_dictionary_fidelity_repair_training/runtime_htzhulab_mirror,results/20260708_srr_v3_m9_dictionary_fidelity_repair_training/runtime_htzhulab_mirror/variants/m9_srr_main_true_br2_pattern_sip/subgroup_metrics_checkpoint_best.csv
m9_srr_main_true_br2_pattern_sip,m9_srr_main_true_br2_pattern_sip__checkpoint_best__pathology_aware,myops_edema,C0+LGE,1.0,0.0,0.0,0.0,4,4,0.0,1.0,results/20260708_srr_v3_m9_dictionary_fidelity_repair_training/runtime_htzhulab_mirror,results/20260708_srr_v3_m9_dictionary_fidelity_repair_training/runtime_htzhulab_mirror/variants/m9_srr_main_true_br2_pattern_sip/subgroup_metrics_checkpoint_best.csv
m9_srr_main_true_br2_pattern_sip,m9_srr_main_true_br2_pattern_sip__checkpoint_best__pathology_aware,myops_edema,LGE-only,1.0,0.0,0.0,0.0,4,24,0.0,1.0,results/20260708_srr_v3_m9_dictionary_fidelity_repair_training/runtime_htzhulab_mirror,results/20260708_srr_v3_m9_dictionary_fidelity_repair_training/runtime_htzhulab_mirror/variants/m9_srr_main_true_br2_pattern_sip/subgroup_metrics_checkpoint_best.csv
m9_srr_main_true_br2_pattern_sip,m9_srr_main_true_br2_pattern_sip__checkpoint_best__pathology_aware,myops_edema,no_T2_empty_GT,1.0,0.0,0.0,0.0,4,28,0.0,1.0,results/20260708_srr_v3_m9_dictionary_fidelity_repair_training/runtime_htzhulab_mirror,results/20260708_srr_v3_m9_dictionary_fidelity_repair_training/runtime_htzhulab_mirror/variants/m9_srr_main_true_br2_pattern_sip/subgroup_metrics_checkpoint_best.csv
m9_srr_main_true_br2_pattern_sip,m9_srr_main_true_br2_pattern_sip__checkpoint_best__pathology_aware,myops_scar,all_cases,0.5346687602632052,15.016008577534532,4.454545454545454,0.4318181818181818,5,44,37.82554091216205,0.045454545454545456,results/20260708_srr_v3_m9_dictionary_fidelity_repair_training/runtime_htzhulab_mirror,results/20260708_srr_v3_m9_dictionary_fidelity_repair_training/runtime_htzhulab_mirror/variants/m9_srr_main_true_br2_pattern_sip/subgroup_metrics_checkpoint_best.csv
m9_srr_main_true_br2_pattern_sip,m9_srr_main_true_br2_pattern_sip__checkpoint_best__pathology_aware,myops_scar,gt_positive_only,0.5471029174786286,15.016008577534532,4.4186046511627906,0.3023255813953488,5,43,37.82554091216205,0.046511627906976744,results/20260708_srr_v3_m9_dictionary_fidelity_repair_training/runtime_htzhulab_mirror,results/20260708_srr_v3_m9_dictionary_fidelity_repair_training/runtime_htzhulab_mirror/variants/m9_srr_main_true_br2_pattern_sip/subgroup_metrics_checkpoint_best.csv
m9_srr_main_true_br2_pattern_sip,m9_srr_main_true_br2_pattern_sip__checkpoint_best__pathology_aware,myops_scar,t2_present,0.659938809362005,10.742383062280503,3.875,0.75,5,16,50.66628087046332,0.0,results/20260708_srr_v3_m9_dictionary_fidelity_repair_training/runtime_htzhulab_mirror,results/20260708_srr_v3_m9_dictionary_fidelity_repair_training/runtime_htzhulab_mirror/variants/m9_srr_main_true_br2_pattern_sip/subgroup_metrics_checkpoint_best.csv
m9_srr_main_true_br2_pattern_sip,m9_srr_main_true_br2_pattern_sip__checkpoint_best__pathology_aware,myops_scar,complete_modality,0.659938809362005,10.742383062280503,3.875,0.75,5,16,50.66628087046332,0.0,results/20260708_srr_v3_m9_dictionary_fidelity_repair_training/runtime_htzhulab_mirror,results/20260708_srr_v3_m9_dictionary_fidelity_repair_training/runtime_htzhulab_mirror/variants/m9_srr_main_true_br2_pattern_sip/subgroup_metrics_checkpoint_best.csv
m9_srr_main_true_br2_pattern_sip,m9_srr_main_true_br2_pattern_sip__checkpoint_best__pathology_aware,myops_scar,CenterB,0.5814555974219037,12.929500200345094,2.0,0.14285714285714285,5,7,35.41040211698593,0.0,results/20260708_srr_v3_m9_dictionary_fidelity_repair_training/runtime_htzhulab_mirror,results/20260708_srr_v3_m9_dictionary_fidelity_repair_training/runtime_htzhulab_mirror/variants/m9_srr_main_true_br2_pattern_sip/subgroup_metrics_checkpoint_best.csv
m9_srr_main_true_br2_pattern_sip,m9_srr_main_true_br2_pattern_sip__checkpoint_best__pathology_aware,myops_scar,CenterC,0.7209813075376393,9.04129195489693,5.333333333333333,1.2222222222222223,5,9,62.53196434539018,0.0,results/20260708_srr_v3_m9_dictionary_fidelity_repair_training/runtime_htzhulab_mirror,results/20260708_srr_v3_m9_dictionary_fidelity_repair_training/runtime_htzhulab_mirror/variants/m9_srr_main_true_br2_pattern_sip/subgroup_metrics_checkpoint_best.csv
m9_srr_main_true_br2_pattern_sip,m9_srr_main_true_br2_pattern_sip__checkpoint_best__pathology_aware,myops_scar,C0+LGE,0.38577377267040025,11.722388342982983,6.5,1.5,5,4,23.350052273637186,0.0,results/20260708_srr_v3_m9_dictionary_fidelity_repair_training/runtime_htzhulab_mirror,results/20260708_srr_v3_m9_dictionary_fidelity_repair_training/runtime_htzhulab_mirror/variants/m9_srr_main_true_br2_pattern_sip/subgroup_metrics_checkpoint_best.csv
m9_srr_main_true_br2_pattern_sip,m9_srr_main_true_br2_pattern_sip__checkpoint_best__pathology_aware,myops_scar,LGE-only,0.4759712254628062,18.573229893339946,4.5,0.041666666666666664,5,24,30.46075121137815,0.08333333333333333,results/20260708_srr_v3_m9_dictionary_fidelity_repair_training/runtime_htzhulab_mirror,results/20260708_srr_v3_m9_dictionary_fidelity_repair_training/runtime_htzhulab_mirror/variants/m9_srr_main_true_br2_pattern_sip/subgroup_metrics_checkpoint_best.csv
m9_srr_main_true_br2_pattern_sip,m9_srr_main_true_br2_pattern_sip__checkpoint_best__pathology_aware,myops_scar,no_T2_empty_GT,0.0,,6.0,6.0,5,1,,0.0,results/20260708_srr_v3_m9_dictionary_fidelity_repair_training/runtime_htzhulab_mirror,results/20260708_srr_v3_m9_dictionary_fidelity_repair_training/runtime_htzhulab_mirror/variants/m9_srr_main_true_br2_pattern_sip/subgroup_metrics_checkpoint_best.csv
m9_srr_main_true_br2_pattern_sip,m9_srr_main_true_br2_pattern_sip__checkpoint_final__argmax,myops_edema,all_cases,0.7263232622882623,21.623045193387327,6.75,2.840909090909091,4,44,39.635792967438654,0.6590909090909091,results/20260708_srr_v3_m9_dictionary_fidelity_repair_training/runtime_htzhulab_mirror,results/20260708_srr_v3_m9_dictionary_fidelity_repair_training/runtime_htzhulab_mirror/variants/m9_srr_main_true_br2_pattern_sip/subgroup_metrics_checkpoint_final.csv
m9_srr_main_true_br2_pattern_sip,m9_srr_main_true_br2_pattern_sip__checkpoint_final__argmax,myops_edema,gt_positive_only,0.24738897129272117,61.98606288771034,18.5625,7.8125,4,16,113.62260650665746,0.0625,results/20260708_srr_v3_m9_dictionary_fidelity_repair_training/runtime_htzhulab_mirror,results/20260708_srr_v3_m9_dictionary_fidelity_repair_training/runtime_htzhulab_mirror/variants/m9_srr_main_true_br2_pattern_sip/subgroup_metrics_checkpoint_final.csv
m9_srr_main_true_br2_pattern_sip,m9_srr_main_true_br2_pattern_sip__checkpoint_final__argmax,myops_edema,t2_present,0.24738897129272117,61.98606288771034,18.5625,7.8125,4,16,113.62260650665746,0.0625,results/20260708_srr_v3_m9_dictionary_fidelity_repair_training/runtime_htzhulab_mirror,results/20260708_srr_v3_m9_dictionary_fidelity_repair_training/runtime_htzhulab_mirror/variants/m9_srr_main_true_br2_pattern_sip/subgroup_metrics_checkpoint_final.csv
m9_srr_main_true_br2_pattern_sip,m9_srr_main_true_br2_pattern_sip__checkpoint_final__argmax,myops_edema,complete_modality,0.24738897129272117,61.98606288771034,18.5625,7.8125,4,16,113.62260650665746,0.0625,results/20260708_srr_v3_m9_dictionary_fidelity_repair_training/runtime_htzhulab_mirror,results/20260708_srr_v3_m9_dictionary_fidelity_repair_training/runtime_htzhulab_mirror/variants/m9_srr_main_true_br2_pattern_sip/subgroup_metrics_checkpoint_final.csv
m9_srr_main_true_br2_pattern_sip,m9_srr_main_true_br2_pattern_sip__checkpoint_final__argmax,myops_edema,CenterB,0.3625912844449386,51.82956581875207,17.285714285714285,5.857142857142857,4,7,103.86811665069507,0.0,results/20260708_srr_v3_m9_dictionary_fidelity_repair_training/runtime_htzhulab_mirror,results/20260708_srr_v3_m9_dictionary_fidelity_repair_training/runtime_htzhulab_mirror/variants/m9_srr_main_true_br2_pattern_sip/subgroup_metrics_checkpoint_final.csv
m9_srr_main_true_br2_pattern_sip,m9_srr_main_true_br2_pattern_sip__checkpoint_final__argmax,myops_edema,CenterC,0.15778717217432986,70.87299782304882,19.555555555555557,9.333333333333334,4,9,122.15778513062456,0.1111111111111111,results/20260708_srr_v3_m9_dictionary_fidelity_repair_training/runtime_htzhulab_mirror,results/20260708_srr_v3_m9_dictionary_fidelity_repair_training/runtime_htzhulab_mirror/variants/m9_srr_main_true_br2_pattern_sip/subgroup_metrics_checkpoint_final.csv
m9_srr_main_true_br2_pattern_sip,m9_srr_main_true_br2_pattern_sip__checkpoint_final__argmax,myops_edema,C0+LGE,1.0,0.0,0.0,0.0,4,4,0.0,1.0,results/20260708_srr_v3_m9_dictionary_fidelity_repair_training/runtime_htzhulab_mirror,results/20260708_srr_v3_m9_dictionary_fidelity_repair_training/runtime_htzhulab_mirror/variants/m9_srr_main_true_br2_pattern_sip/subgroup_metrics_checkpoint_final.csv
m9_srr_main_true_br2_pattern_sip,m9_srr_main_true_br2_pattern_sip__checkpoint_final__argmax,myops_edema,LGE-only,1.0,0.0,0.0,0.0,4,24,0.0,1.0,results/20260708_srr_v3_m9_dictionary_fidelity_repair_training/runtime_htzhulab_mirror,results/20260708_srr_v3_m9_dictionary_fidelity_repair_training/runtime_htzhulab_mirror/variants/m9_srr_main_true_br2_pattern_sip/subgroup_metrics_checkpoint_final.csv
m9_srr_main_true_br2_pattern_sip,m9_srr_main_true_br2_pattern_sip__checkpoint_final__argmax,myops_edema,no_T2_empty_GT,1.0,0.0,0.0,0.0,4,28,0.0,1.0,results/20260708_srr_v3_m9_dictionary_fidelity_repair_training/runtime_htzhulab_mirror,results/20260708_srr_v3_m9_dictionary_fidelity_repair_training/runtime_htzhulab_mirror/variants/m9_srr_main_true_br2_pattern_sip/subgroup_metrics_checkpoint_final.csv
m9_srr_main_true_br2_pattern_sip,m9_srr_main_true_br2_pattern_sip__checkpoint_final__argmax,myops_scar,all_cases,0.5299680507440883,14.668921181522988,4.9772727272727275,0.29545454545454547,5,44,33.21651967845362,0.045454545454545456,results/20260708_srr_v3_m9_dictionary_fidelity_repair_training/runtime_htzhulab_mirror,results/20260708_srr_v3_m9_dictionary_fidelity_repair_training/runtime_htzhulab_mirror/variants/m9_srr_main_true_br2_pattern_sip/subgroup_metrics_checkpoint_final.csv
m9_srr_main_true_br2_pattern_sip,m9_srr_main_true_br2_pattern_sip__checkpoint_final__argmax,myops_scar,gt_positive_only,0.5422928891334856,14.668921181522988,4.976744186046512,0.18604651162790697,5,43,33.21651967845362,0.046511627906976744,results/20260708_srr_v3_m9_dictionary_fidelity_repair_training/runtime_htzhulab_mirror,results/20260708_srr_v3_m9_dictionary_fidelity_repair_training/runtime_htzhulab_mirror/variants/m9_srr_main_true_br2_pattern_sip/subgroup_metrics_checkpoint_final.csv
m9_srr_main_true_br2_pattern_sip,m9_srr_main_true_br2_pattern_sip__checkpoint_final__argmax,myops_scar,t2_present,0.650395138623842,9.835732887317834,3.4375,0.3125,5,16,40.681522976410335,0.0,results/20260708_srr_v3_m9_dictionary_fidelity_repair_training/runtime_htzhulab_mirror,results/20260708_srr_v3_m9_dictionary_fidelity_repair_training/runtime_htzhulab_mirror/variants/m9_srr_main_true_br2_pattern_sip/subgroup_metrics_checkpoint_final.csv
m9_srr_main_true_br2_pattern_sip,m9_srr_main_true_br2_pattern_sip__checkpoint_final__argmax,myops_scar,complete_modality,0.650395138623842,9.835732887317834,3.4375,0.3125,5,16,40.681522976410335,0.0,results/20260708_srr_v3_m9_dictionary_fidelity_repair_training/runtime_htzhulab_mirror,results/20260708_srr_v3_m9_dictionary_fidelity_repair_training/runtime_htzhulab_mirror/variants/m9_srr_main_true_br2_pattern_sip/subgroup_metrics_checkpoint_final.csv
m9_srr_main_true_br2_pattern_sip,m9_srr_main_true_br2_pattern_sip__checkpoint_final__argmax,myops_scar,CenterB,0.575688457214542,12.729940495631022,2.142857142857143,0.14285714285714285,5,7,35.351501408912114,0.0,results/20260708_srr_v3_m9_dictionary_fidelity_repair_training/runtime_htzhulab_mirror,results/20260708_srr_v3_m9_dictionary_fidelity_repair_training/runtime_htzhulab_mirror/variants/m9_srr_main_true_br2_pattern_sip/subgroup_metrics_checkpoint_final.csv
m9_srr_main_true_br2_pattern_sip,m9_srr_main_true_br2_pattern_sip__checkpoint_final__argmax,myops_scar,CenterC,0.7085003352755198,7.584682525296466,4.444444444444445,0.4444444444444444,5,9,44.827095306686736,0.0,results/20260708_srr_v3_m9_dictionary_fidelity_repair_training/runtime_htzhulab_mirror,results/20260708_srr_v3_m9_dictionary_fidelity_repair_training/runtime_htzhulab_mirror/variants/m9_srr_main_true_br2_pattern_sip/subgroup_metrics_checkpoint_final.csv
m9_srr_main_true_br2_pattern_sip,m9_srr_main_true_br2_pattern_sip__checkpoint_final__argmax,myops_scar,C0+LGE,0.3743636854901299,12.05437624393926,7.25,1.25,5,4,23.854399248859526,0.0,results/20260708_srr_v3_m9_dictionary_fidelity_repair_training/runtime_htzhulab_mirror,results/20260708_srr_v3_m9_dictionary_fidelity_repair_training/runtime_htzhulab_mirror/variants/m9_srr_main_true_br2_pattern_sip/subgroup_metrics_checkpoint_final.csv
m9_srr_main_true_br2_pattern_sip,m9_srr_main_true_br2_pattern_sip__checkpoint_final__argmax,myops_scar,LGE-only,0.4756173863665788,18.540496068797243,5.625,0.125,5,24,29.064079156702483,0.08333333333333333,results/20260708_srr_v3_m9_dictionary_fidelity_repair_training/runtime_htzhulab_mirror,results/20260708_srr_v3_m9_dictionary_fidelity_repair_training/runtime_htzhulab_mirror/variants/m9_srr_main_true_br2_pattern_sip/subgroup_metrics_checkpoint_final.csv
m9_srr_main_true_br2_pattern_sip,m9_srr_main_true_br2_pattern_sip__checkpoint_final__argmax,myops_scar,no_T2_empty_GT,0.0,,5.0,5.0,5,1,,0.0,results/20260708_srr_v3_m9_dictionary_fidelity_repair_training/runtime_htzhulab_mirror,results/20260708_srr_v3_m9_dictionary_fidelity_repair_training/runtime_htzhulab_mirror/variants/m9_srr_main_true_br2_pattern_sip/subgroup_metrics_checkpoint_final.csv
m9_srr_main_true_br2_pattern_sip,m9_srr_main_true_br2_pattern_sip__checkpoint_final__pathology_aware,myops_edema,all_cases,0.7350615952444274,29.40763184359268,8.022727272727273,3.4318181818181817,4,44,49.535480476808104,0.6363636363636364,results/20260708_srr_v3_m9_dictionary_fidelity_repair_training/runtime_htzhulab_mirror,results/20260708_srr_v3_m9_dictionary_fidelity_repair_training/runtime_htzhulab_mirror/variants/m9_srr_main_true_br2_pattern_sip/subgroup_metrics_checkpoint_final.csv
m9_srr_main_true_br2_pattern_sip,m9_srr_main_true_br2_pattern_sip__checkpoint_final__pathology_aware,myops_edema,gt_positive_only,0.27141938692217527,80.87098756987986,22.0625,9.4375,4,16,136.22257131122228,0.0,results/20260708_srr_v3_m9_dictionary_fidelity_repair_training/runtime_htzhulab_mirror,results/20260708_srr_v3_m9_dictionary_fidelity_repair_training/runtime_htzhulab_mirror/variants/m9_srr_main_true_br2_pattern_sip/subgroup_metrics_checkpoint_final.csv
m9_srr_main_true_br2_pattern_sip,m9_srr_main_true_br2_pattern_sip__checkpoint_final__pathology_aware,myops_edema,t2_present,0.27141938692217527,80.87098756987986,22.0625,9.4375,4,16,136.22257131122228,0.0,results/20260708_srr_v3_m9_dictionary_fidelity_repair_training/runtime_htzhulab_mirror,results/20260708_srr_v3_m9_dictionary_fidelity_repair_training/runtime_htzhulab_mirror/variants/m9_srr_main_true_br2_pattern_sip/subgroup_metrics_checkpoint_final.csv
m9_srr_main_true_br2_pattern_sip,m9_srr_main_true_br2_pattern_sip__checkpoint_final__pathology_aware,myops_edema,complete_modality,0.27141938692217527,80.87098756987986,22.0625,9.4375,4,16,136.22257131122228,0.0,results/20260708_srr_v3_m9_dictionary_fidelity_repair_training/runtime_htzhulab_mirror,results/20260708_srr_v3_m9_dictionary_fidelity_repair_training/runtime_htzhulab_mirror/variants/m9_srr_main_true_br2_pattern_sip/subgroup_metrics_checkpoint_final.csv
m9_srr_main_true_br2_pattern_sip,m9_srr_main_true_br2_pattern_sip__checkpoint_final__pathology_aware,myops_edema,CenterB,0.37363891731751847,64.6229045751431,21.714285714285715,8.571428571428571,4,7,141.49028803379713,0.0,results/20260708_srr_v3_m9_dictionary_fidelity_repair_training/runtime_htzhulab_mirror,results/20260708_srr_v3_m9_dictionary_fidelity_repair_training/runtime_htzhulab_mirror/variants/m9_srr_main_true_br2_pattern_sip/subgroup_metrics_checkpoint_final.csv
m9_srr_main_true_br2_pattern_sip,m9_srr_main_true_br2_pattern_sip__checkpoint_final__pathology_aware,myops_edema,CenterC,0.19191530772579718,93.50838545467514,22.333333333333332,10.11111111111111,4,9,132.1254583047752,0.0,results/20260708_srr_v3_m9_dictionary_fidelity_repair_training/runtime_htzhulab_mirror,results/20260708_srr_v3_m9_dictionary_fidelity_repair_training/runtime_htzhulab_mirror/variants/m9_srr_main_true_br2_pattern_sip/subgroup_metrics_checkpoint_final.csv
m9_srr_main_true_br2_pattern_sip,m9_srr_main_true_br2_pattern_sip__checkpoint_final__pathology_aware,myops_edema,C0+LGE,1.0,0.0,0.0,0.0,4,4,0.0,1.0,results/20260708_srr_v3_m9_dictionary_fidelity_repair_training/runtime_htzhulab_mirror,results/20260708_srr_v3_m9_dictionary_fidelity_repair_training/runtime_htzhulab_mirror/variants/m9_srr_main_true_br2_pattern_sip/subgroup_metrics_checkpoint_final.csv
m9_srr_main_true_br2_pattern_sip,m9_srr_main_true_br2_pattern_sip__checkpoint_final__pathology_aware,myops_edema,LGE-only,1.0,0.0,0.0,0.0,4,24,0.0,1.0,results/20260708_srr_v3_m9_dictionary_fidelity_repair_training/runtime_htzhulab_mirror,results/20260708_srr_v3_m9_dictionary_fidelity_repair_training/runtime_htzhulab_mirror/variants/m9_srr_main_true_br2_pattern_sip/subgroup_metrics_checkpoint_final.csv
m9_srr_main_true_br2_pattern_sip,m9_srr_main_true_br2_pattern_sip__checkpoint_final__pathology_aware,myops_edema,no_T2_empty_GT,1.0,0.0,0.0,0.0,4,28,0.0,1.0,results/20260708_srr_v3_m9_dictionary_fidelity_repair_training/runtime_htzhulab_mirror,results/20260708_srr_v3_m9_dictionary_fidelity_repair_training/runtime_htzhulab_mirror/variants/m9_srr_main_true_br2_pattern_sip/subgroup_metrics_checkpoint_final.csv
m9_srr_main_true_br2_pattern_sip,m9_srr_main_true_br2_pattern_sip__checkpoint_final__pathology_aware,myops_scar,all_cases,0.5346687602632052,15.016008577534532,4.454545454545454,0.4318181818181818,5,44,37.82554091216205,0.045454545454545456,results/20260708_srr_v3_m9_dictionary_fidelity_repair_training/runtime_htzhulab_mirror,results/20260708_srr_v3_m9_dictionary_fidelity_repair_training/runtime_htzhulab_mirror/variants/m9_srr_main_true_br2_pattern_sip/subgroup_metrics_checkpoint_final.csv
m9_srr_main_true_br2_pattern_sip,m9_srr_main_true_br2_pattern_sip__checkpoint_final__pathology_aware,myops_scar,gt_positive_only,0.5471029174786286,15.016008577534532,4.4186046511627906,0.3023255813953488,5,43,37.82554091216205,0.046511627906976744,results/20260708_srr_v3_m9_dictionary_fidelity_repair_training/runtime_htzhulab_mirror,results/20260708_srr_v3_m9_dictionary_fidelity_repair_training/runtime_htzhulab_mirror/variants/m9_srr_main_true_br2_pattern_sip/subgroup_metrics_checkpoint_final.csv
m9_srr_main_true_br2_pattern_sip,m9_srr_main_true_br2_pattern_sip__checkpoint_final__pathology_aware,myops_scar,t2_present,0.659938809362005,10.742383062280503,3.875,0.75,5,16,50.66628087046332,0.0,results/20260708_srr_v3_m9_dictionary_fidelity_repair_training/runtime_htzhulab_mirror,results/20260708_srr_v3_m9_dictionary_fidelity_repair_training/runtime_htzhulab_mirror/variants/m9_srr_main_true_br2_pattern_sip/subgroup_metrics_checkpoint_final.csv
m9_srr_main_true_br2_pattern_sip,m9_srr_main_true_br2_pattern_sip__checkpoint_final__pathology_aware,myops_scar,complete_modality,0.659938809362005,10.742383062280503,3.875,0.75,5,16,50.66628087046332,0.0,results/20260708_srr_v3_m9_dictionary_fidelity_repair_training/runtime_htzhulab_mirror,results/20260708_srr_v3_m9_dictionary_fidelity_repair_training/runtime_htzhulab_mirror/variants/m9_srr_main_true_br2_pattern_sip/subgroup_metrics_checkpoint_final.csv
m9_srr_main_true_br2_pattern_sip,m9_srr_main_true_br2_pattern_sip__checkpoint_final__pathology_aware,myops_scar,CenterB,0.5814555974219037,12.929500200345094,2.0,0.14285714285714285,5,7,35.41040211698593,0.0,results/20260708_srr_v3_m9_dictionary_fidelity_repair_training/runtime_htzhulab_mirror,results/20260708_srr_v3_m9_dictionary_fidelity_repair_training/runtime_htzhulab_mirror/variants/m9_srr_main_true_br2_pattern_sip/subgroup_metrics_checkpoint_final.csv
m9_srr_main_true_br2_pattern_sip,m9_srr_main_true_br2_pattern_sip__checkpoint_final__pathology_aware,myops_scar,CenterC,0.7209813075376393,9.04129195489693,5.333333333333333,1.2222222222222223,5,9,62.53196434539018,0.0,results/20260708_srr_v3_m9_dictionary_fidelity_repair_training/runtime_htzhulab_mirror,results/20260708_srr_v3_m9_dictionary_fidelity_repair_training/runtime_htzhulab_mirror/variants/m9_srr_main_true_br2_pattern_sip/subgroup_metrics_checkpoint_final.csv
m9_srr_main_true_br2_pattern_sip,m9_srr_main_true_br2_pattern_sip__checkpoint_final__pathology_aware,myops_scar,C0+LGE,0.38577377267040025,11.722388342982983,6.5,1.5,5,4,23.350052273637186,0.0,results/20260708_srr_v3_m9_dictionary_fidelity_repair_training/runtime_htzhulab_mirror,results/20260708_srr_v3_m9_dictionary_fidelity_repair_training/runtime_htzhulab_mirror/variants/m9_srr_main_true_br2_pattern_sip/subgroup_metrics_checkpoint_final.csv
m9_srr_main_true_br2_pattern_sip,m9_srr_main_true_br2_pattern_sip__checkpoint_final__pathology_aware,myops_scar,LGE-only,0.4759712254628062,18.573229893339946,4.5,0.041666666666666664,5,24,30.46075121137815,0.08333333333333333,results/20260708_srr_v3_m9_dictionary_fidelity_repair_training/runtime_htzhulab_mirror,results/20260708_srr_v3_m9_dictionary_fidelity_repair_training/runtime_htzhulab_mirror/variants/m9_srr_main_true_br2_pattern_sip/subgroup_metrics_checkpoint_final.csv
m9_srr_main_true_br2_pattern_sip,m9_srr_main_true_br2_pattern_sip__checkpoint_final__pathology_aware,myops_scar,no_T2_empty_GT,0.0,,6.0,6.0,5,1,,0.0,results/20260708_srr_v3_m9_dictionary_fidelity_repair_training/runtime_htzhulab_mirror,results/20260708_srr_v3_m9_dictionary_fidelity_repair_training/runtime_htzhulab_mirror/variants/m9_srr_main_true_br2_pattern_sip/subgroup_metrics_checkpoint_final.csv
m9_srr_main_lesion_proposal_memory,m9_srr_main_lesion_proposal_memory__checkpoint_best__argmax,myops_edema,all_cases,0.7348172296868855,15.32587648262673,3.8636363636363638,0.8863636363636364,4,44,27.252409091176826,0.6590909090909091,results/20260708_srr_v3_m9_dictionary_fidelity_repair_training/runtime_htzhulab_lesion_memory,results/20260708_srr_v3_m9_dictionary_fidelity_repair_training/runtime_htzhulab_lesion_memory/variants/m9_srr_main_lesion_proposal_memory/subgroup_metrics_checkpoint_best.csv
m9_srr_main_lesion_proposal_memory,m9_srr_main_lesion_proposal_memory__checkpoint_best__argmax,myops_edema,gt_positive_only,0.27074738163893514,43.93417925019663,10.625,2.4375,4,16,78.12357272804023,0.0625,results/20260708_srr_v3_m9_dictionary_fidelity_repair_training/runtime_htzhulab_lesion_memory,results/20260708_srr_v3_m9_dictionary_fidelity_repair_training/runtime_htzhulab_lesion_memory/variants/m9_srr_main_lesion_proposal_memory/subgroup_metrics_checkpoint_best.csv
m9_srr_main_lesion_proposal_memory,m9_srr_main_lesion_proposal_memory__checkpoint_best__argmax,myops_edema,t2_present,0.27074738163893514,43.93417925019663,10.625,2.4375,4,16,78.12357272804023,0.0625,results/20260708_srr_v3_m9_dictionary_fidelity_repair_training/runtime_htzhulab_lesion_memory,results/20260708_srr_v3_m9_dictionary_fidelity_repair_training/runtime_htzhulab_lesion_memory/variants/m9_srr_main_lesion_proposal_memory/subgroup_metrics_checkpoint_best.csv
m9_srr_main_lesion_proposal_memory,m9_srr_main_lesion_proposal_memory__checkpoint_best__argmax,myops_edema,complete_modality,0.27074738163893514,43.93417925019663,10.625,2.4375,4,16,78.12357272804023,0.0625,results/20260708_srr_v3_m9_dictionary_fidelity_repair_training/runtime_htzhulab_lesion_memory,results/20260708_srr_v3_m9_dictionary_fidelity_repair_training/runtime_htzhulab_lesion_memory/variants/m9_srr_main_lesion_proposal_memory/subgroup_metrics_checkpoint_best.csv
m9_srr_main_lesion_proposal_memory,m9_srr_main_lesion_proposal_memory__checkpoint_best__argmax,myops_edema,CenterB,0.37503505595044145,40.264176554797636,8.571428571428571,1.2857142857142858,4,7,84.94267276408856,0.0,results/20260708_srr_v3_m9_dictionary_fidelity_repair_training/runtime_htzhulab_lesion_memory,results/20260708_srr_v3_m9_dictionary_fidelity_repair_training/runtime_htzhulab_lesion_memory/variants/m9_srr_main_lesion_proposal_memory/subgroup_metrics_checkpoint_best.csv
m9_srr_main_lesion_proposal_memory,m9_srr_main_lesion_proposal_memory__checkpoint_best__argmax,myops_edema,CenterC,0.1896347460633191,47.14543160867074,12.222222222222221,3.3333333333333335,4,9,72.15686019649796,0.1111111111111111,results/20260708_srr_v3_m9_dictionary_fidelity_repair_training/runtime_htzhulab_lesion_memory,results/20260708_srr_v3_m9_dictionary_fidelity_repair_training/runtime_htzhulab_lesion_memory/variants/m9_srr_main_lesion_proposal_memory/subgroup_metrics_checkpoint_best.csv
m9_srr_main_lesion_proposal_memory,m9_srr_main_lesion_proposal_memory__checkpoint_best__argmax,myops_edema,C0+LGE,1.0,0.0,0.0,0.0,4,4,0.0,1.0,results/20260708_srr_v3_m9_dictionary_fidelity_repair_training/runtime_htzhulab_lesion_memory,results/20260708_srr_v3_m9_dictionary_fidelity_repair_training/runtime_htzhulab_lesion_memory/variants/m9_srr_main_lesion_proposal_memory/subgroup_metrics_checkpoint_best.csv
m9_srr_main_lesion_proposal_memory,m9_srr_main_lesion_proposal_memory__checkpoint_best__argmax,myops_edema,LGE-only,1.0,0.0,0.0,0.0,4,24,0.0,1.0,results/20260708_srr_v3_m9_dictionary_fidelity_repair_training/runtime_htzhulab_lesion_memory,results/20260708_srr_v3_m9_dictionary_fidelity_repair_training/runtime_htzhulab_lesion_memory/variants/m9_srr_main_lesion_proposal_memory/subgroup_metrics_checkpoint_best.csv
m9_srr_main_lesion_proposal_memory,m9_srr_main_lesion_proposal_memory__checkpoint_best__argmax,myops_edema,no_T2_empty_GT,1.0,0.0,0.0,0.0,4,28,0.0,1.0,results/20260708_srr_v3_m9_dictionary_fidelity_repair_training/runtime_htzhulab_lesion_memory,results/20260708_srr_v3_m9_dictionary_fidelity_repair_training/runtime_htzhulab_lesion_memory/variants/m9_srr_main_lesion_proposal_memory/subgroup_metrics_checkpoint_best.csv
m9_srr_main_lesion_proposal_memory,m9_srr_main_lesion_proposal_memory__checkpoint_best__argmax,myops_scar,all_cases,0.43360605306624006,19.28258968726332,6.340909090909091,0.2727272727272727,5,44,32.2030394468396,0.045454545454545456,results/20260708_srr_v3_m9_dictionary_fidelity_repair_training/runtime_htzhulab_lesion_memory,results/20260708_srr_v3_m9_dictionary_fidelity_repair_training/runtime_htzhulab_lesion_memory/variants/m9_srr_main_lesion_proposal_memory/subgroup_metrics_checkpoint_best.csv
m9_srr_main_lesion_proposal_memory,m9_srr_main_lesion_proposal_memory__checkpoint_best__argmax,myops_scar,gt_positive_only,0.44368991476545494,19.28258968726332,6.372093023255814,0.16279069767441862,5,43,32.2030394468396,0.046511627906976744,results/20260708_srr_v3_m9_dictionary_fidelity_repair_training/runtime_htzhulab_lesion_memory,results/20260708_srr_v3_m9_dictionary_fidelity_repair_training/runtime_htzhulab_lesion_memory/variants/m9_srr_main_lesion_proposal_memory/subgroup_metrics_checkpoint_best.csv
m9_srr_main_lesion_proposal_memory,m9_srr_main_lesion_proposal_memory__checkpoint_best__argmax,myops_scar,t2_present,0.44754978358363917,14.85543713320853,2.25,0.0,5,16,22.30749208036445,0.0625,results/20260708_srr_v3_m9_dictionary_fidelity_repair_training/runtime_htzhulab_lesion_memory,results/20260708_srr_v3_m9_dictionary_fidelity_repair_training/runtime_htzhulab_lesion_memory/variants/m9_srr_main_lesion_proposal_memory/subgroup_metrics_checkpoint_best.csv
m9_srr_main_lesion_proposal_memory,m9_srr_main_lesion_proposal_memory__checkpoint_best__argmax,myops_scar,complete_modality,0.44754978358363917,14.85543713320853,2.25,0.0,5,16,22.30749208036445,0.0625,results/20260708_srr_v3_m9_dictionary_fidelity_repair_training/runtime_htzhulab_lesion_memory,results/20260708_srr_v3_m9_dictionary_fidelity_repair_training/runtime_htzhulab_lesion_memory/variants/m9_srr_main_lesion_proposal_memory/subgroup_metrics_checkpoint_best.csv
m9_srr_main_lesion_proposal_memory,m9_srr_main_lesion_proposal_memory__checkpoint_best__argmax,myops_scar,CenterB,0.5387685482574909,13.43363230961751,1.7142857142857142,0.0,5,7,21.769054850522895,0.0,results/20260708_srr_v3_m9_dictionary_fidelity_repair_training/runtime_htzhulab_lesion_memory,results/20260708_srr_v3_m9_dictionary_fidelity_repair_training/runtime_htzhulab_lesion_memory/variants/m9_srr_main_lesion_proposal_memory/subgroup_metrics_checkpoint_best.csv
m9_srr_main_lesion_proposal_memory,m9_srr_main_lesion_proposal_memory__checkpoint_best__argmax,myops_scar,CenterC,0.37660185550397673,16.099516353850674,2.6666666666666665,0.0,5,9,22.778624656475813,0.1111111111111111,results/20260708_srr_v3_m9_dictionary_fidelity_repair_training/runtime_htzhulab_lesion_memory,results/20260708_srr_v3_m9_dictionary_fidelity_repair_training/runtime_htzhulab_lesion_memory/variants/m9_srr_main_lesion_proposal_memory/subgroup_metrics_checkpoint_best.csv
m9_srr_main_lesion_proposal_memory,m9_srr_main_lesion_proposal_memory__checkpoint_best__argmax,myops_scar,C0+LGE,0.24673680508415602,29.915471053008893,12.5,1.25,5,4,39.16260841742525,0.0,results/20260708_srr_v3_m9_dictionary_fidelity_repair_training/runtime_htzhulab_lesion_memory,results/20260708_srr_v3_m9_dictionary_fidelity_repair_training/runtime_htzhulab_lesion_memory/variants/m9_srr_main_lesion_proposal_memory/subgroup_metrics_checkpoint_best.csv
m9_srr_main_lesion_proposal_memory,m9_srr_main_lesion_proposal_memory__checkpoint_best__argmax,myops_scar,LGE-only,0.455455107384988,20.782965522636587,8.041666666666666,0.2916666666666667,5,24,37.74888742881221,0.041666666666666664,results/20260708_srr_v3_m9_dictionary_fidelity_repair_training/runtime_htzhulab_lesion_memory,results/20260708_srr_v3_m9_dictionary_fidelity_repair_training/runtime_htzhulab_lesion_memory/variants/m9_srr_main_lesion_proposal_memory/subgroup_metrics_checkpoint_best.csv
m9_srr_main_lesion_proposal_memory,m9_srr_main_lesion_proposal_memory__checkpoint_best__argmax,myops_scar,no_T2_empty_GT,0.0,,5.0,5.0,5,1,,0.0,results/20260708_srr_v3_m9_dictionary_fidelity_repair_training/runtime_htzhulab_lesion_memory,results/20260708_srr_v3_m9_dictionary_fidelity_repair_training/runtime_htzhulab_lesion_memory/variants/m9_srr_main_lesion_proposal_memory/subgroup_metrics_checkpoint_best.csv
m9_srr_main_lesion_proposal_memory,m9_srr_main_lesion_proposal_memory__checkpoint_best__pathology_aware,myops_edema,all_cases,0.7428893077556155,17.223348485099425,3.6136363636363638,0.9772727272727273,4,44,29.922740059712204,0.6363636363636364,results/20260708_srr_v3_m9_dictionary_fidelity_repair_training/runtime_htzhulab_lesion_memory,results/20260708_srr_v3_m9_dictionary_fidelity_repair_training/runtime_htzhulab_lesion_memory/variants/m9_srr_main_lesion_proposal_memory/subgroup_metrics_checkpoint_best.csv
m9_srr_main_lesion_proposal_memory,m9_srr_main_lesion_proposal_memory__checkpoint_best__pathology_aware,myops_edema,gt_positive_only,0.29294559632794254,47.36420833402342,9.9375,2.6875,4,16,82.28753516420856,0.0,results/20260708_srr_v3_m9_dictionary_fidelity_repair_training/runtime_htzhulab_lesion_memory,results/20260708_srr_v3_m9_dictionary_fidelity_repair_training/runtime_htzhulab_lesion_memory/variants/m9_srr_main_lesion_proposal_memory/subgroup_metrics_checkpoint_best.csv
m9_srr_main_lesion_proposal_memory,m9_srr_main_lesion_proposal_memory__checkpoint_best__pathology_aware,myops_edema,t2_present,0.29294559632794254,47.36420833402342,9.9375,2.6875,4,16,82.28753516420856,0.0,results/20260708_srr_v3_m9_dictionary_fidelity_repair_training/runtime_htzhulab_lesion_memory,results/20260708_srr_v3_m9_dictionary_fidelity_repair_training/runtime_htzhulab_lesion_memory/variants/m9_srr_main_lesion_proposal_memory/subgroup_metrics_checkpoint_best.csv
m9_srr_main_lesion_proposal_memory,m9_srr_main_lesion_proposal_memory__checkpoint_best__pathology_aware,myops_edema,complete_modality,0.29294559632794254,47.36420833402342,9.9375,2.6875,4,16,82.28753516420856,0.0,results/20260708_srr_v3_m9_dictionary_fidelity_repair_training/runtime_htzhulab_lesion_memory,results/20260708_srr_v3_m9_dictionary_fidelity_repair_training/runtime_htzhulab_lesion_memory/variants/m9_srr_main_lesion_proposal_memory/subgroup_metrics_checkpoint_best.csv
m9_srr_main_lesion_proposal_memory,m9_srr_main_lesion_proposal_memory__checkpoint_best__pathology_aware,myops_edema,CenterB,0.39186447174556205,45.90863863302543,9.0,3.0,4,7,97.37765132273663,0.0,results/20260708_srr_v3_m9_dictionary_fidelity_repair_training/runtime_htzhulab_lesion_memory,results/20260708_srr_v3_m9_dictionary_fidelity_repair_training/runtime_htzhulab_lesion_memory/variants/m9_srr_main_lesion_proposal_memory/subgroup_metrics_checkpoint_best.csv
m9_srr_main_lesion_proposal_memory,m9_srr_main_lesion_proposal_memory__checkpoint_best__pathology_aware,myops_edema,CenterC,0.2160086932253496,48.496318101466294,10.666666666666666,2.4444444444444446,4,9,70.55077815202007,0.0,results/20260708_srr_v3_m9_dictionary_fidelity_repair_training/runtime_htzhulab_lesion_memory,results/20260708_srr_v3_m9_dictionary_fidelity_repair_training/runtime_htzhulab_lesion_memory/variants/m9_srr_main_lesion_proposal_memory/subgroup_metrics_checkpoint_best.csv
m9_srr_main_lesion_proposal_memory,m9_srr_main_lesion_proposal_memory__checkpoint_best__pathology_aware,myops_edema,C0+LGE,1.0,0.0,0.0,0.0,4,4,0.0,1.0,results/20260708_srr_v3_m9_dictionary_fidelity_repair_training/runtime_htzhulab_lesion_memory,results/20260708_srr_v3_m9_dictionary_fidelity_repair_training/runtime_htzhulab_lesion_memory/variants/m9_srr_main_lesion_proposal_memory/subgroup_metrics_checkpoint_best.csv
m9_srr_main_lesion_proposal_memory,m9_srr_main_lesion_proposal_memory__checkpoint_best__pathology_aware,myops_edema,LGE-only,1.0,0.0,0.0,0.0,4,24,0.0,1.0,results/20260708_srr_v3_m9_dictionary_fidelity_repair_training/runtime_htzhulab_lesion_memory,results/20260708_srr_v3_m9_dictionary_fidelity_repair_training/runtime_htzhulab_lesion_memory/variants/m9_srr_main_lesion_proposal_memory/subgroup_metrics_checkpoint_best.csv
m9_srr_main_lesion_proposal_memory,m9_srr_main_lesion_proposal_memory__checkpoint_best__pathology_aware,myops_edema,no_T2_empty_GT,1.0,0.0,0.0,0.0,4,28,0.0,1.0,results/20260708_srr_v3_m9_dictionary_fidelity_repair_training/runtime_htzhulab_lesion_memory,results/20260708_srr_v3_m9_dictionary_fidelity_repair_training/runtime_htzhulab_lesion_memory/variants/m9_srr_main_lesion_proposal_memory/subgroup_metrics_checkpoint_best.csv
m9_srr_main_lesion_proposal_memory,m9_srr_main_lesion_proposal_memory__checkpoint_best__pathology_aware,myops_scar,all_cases,0.44869279076004004,19.850564855343006,6.295454545454546,0.5227272727272727,5,44,34.45452708763895,0.022727272727272728,results/20260708_srr_v3_m9_dictionary_fidelity_repair_training/runtime_htzhulab_lesion_memory,results/20260708_srr_v3_m9_dictionary_fidelity_repair_training/runtime_htzhulab_lesion_memory/variants/m9_srr_main_lesion_proposal_memory/subgroup_metrics_checkpoint_best.csv
m9_srr_main_lesion_proposal_memory,m9_srr_main_lesion_proposal_memory__checkpoint_best__pathology_aware,myops_scar,gt_positive_only,0.45912750682422704,19.850564855343006,6.3023255813953485,0.3953488372093023,5,43,34.45452708763895,0.023255813953488372,results/20260708_srr_v3_m9_dictionary_fidelity_repair_training/runtime_htzhulab_lesion_memory,results/20260708_srr_v3_m9_dictionary_fidelity_repair_training/runtime_htzhulab_lesion_memory/variants/m9_srr_main_lesion_proposal_memory/subgroup_metrics_checkpoint_best.csv
m9_srr_main_lesion_proposal_memory,m9_srr_main_lesion_proposal_memory__checkpoint_best__pathology_aware,myops_scar,t2_present,0.4936379583215899,15.786957118984148,2.0,0.0,5,16,24.63871462181246,0.0,results/20260708_srr_v3_m9_dictionary_fidelity_repair_training/runtime_htzhulab_lesion_memory,results/20260708_srr_v3_m9_dictionary_fidelity_repair_training/runtime_htzhulab_lesion_memory/variants/m9_srr_main_lesion_proposal_memory/subgroup_metrics_checkpoint_best.csv
m9_srr_main_lesion_proposal_memory,m9_srr_main_lesion_proposal_memory__checkpoint_best__pathology_aware,myops_scar,complete_modality,0.4936379583215899,15.786957118984148,2.0,0.0,5,16,24.63871462181246,0.0,results/20260708_srr_v3_m9_dictionary_fidelity_repair_training/runtime_htzhulab_lesion_memory,results/20260708_srr_v3_m9_dictionary_fidelity_repair_training/runtime_htzhulab_lesion_memory/variants/m9_srr_main_lesion_proposal_memory/subgroup_metrics_checkpoint_best.csv
m9_srr_main_lesion_proposal_memory,m9_srr_main_lesion_proposal_memory__checkpoint_best__pathology_aware,myops_scar,CenterB,0.5604682902715737,13.046075827243856,2.0,0.0,5,7,24.5679389417598,0.0,results/20260708_srr_v3_m9_dictionary_fidelity_repair_training/runtime_htzhulab_lesion_memory,results/20260708_srr_v3_m9_dictionary_fidelity_repair_training/runtime_htzhulab_lesion_memory/variants/m9_srr_main_lesion_proposal_memory/subgroup_metrics_checkpoint_best.csv
m9_srr_main_lesion_proposal_memory,m9_srr_main_lesion_proposal_memory__checkpoint_best__pathology_aware,myops_scar,CenterC,0.4416588112493802,17.918753679226597,2.0,0.0,5,9,24.693762372964535,0.0,results/20260708_srr_v3_m9_dictionary_fidelity_repair_training/runtime_htzhulab_lesion_memory,results/20260708_srr_v3_m9_dictionary_fidelity_repair_training/runtime_htzhulab_lesion_memory/variants/m9_srr_main_lesion_proposal_memory/subgroup_metrics_checkpoint_best.csv
m9_srr_main_lesion_proposal_memory,m9_srr_main_lesion_proposal_memory__checkpoint_best__pathology_aware,myops_scar,C0+LGE,0.2771795250648917,29.41160383728208,9.75,1.5,5,4,38.80385704589736,0.0,results/20260708_srr_v3_m9_dictionary_fidelity_repair_training/runtime_htzhulab_lesion_memory,results/20260708_srr_v3_m9_dictionary_fidelity_repair_training/runtime_htzhulab_lesion_memory/variants/m9_srr_main_lesion_proposal_memory/subgroup_metrics_checkpoint_best.csv
m9_srr_main_lesion_proposal_memory,m9_srr_main_lesion_proposal_memory__checkpoint_best__pathology_aware,myops_scar,LGE-only,0.4473148900015316,21.430330369948418,8.583333333333334,0.7083333333333334,5,24,40.71561446061498,0.041666666666666664,results/20260708_srr_v3_m9_dictionary_fidelity_repair_training/runtime_htzhulab_lesion_memory,results/20260708_srr_v3_m9_dictionary_fidelity_repair_training/runtime_htzhulab_lesion_memory/variants/m9_srr_main_lesion_proposal_memory/subgroup_metrics_checkpoint_best.csv
m9_srr_main_lesion_proposal_memory,m9_srr_main_lesion_proposal_memory__checkpoint_best__pathology_aware,myops_scar,no_T2_empty_GT,0.0,,6.0,6.0,5,1,,0.0,results/20260708_srr_v3_m9_dictionary_fidelity_repair_training/runtime_htzhulab_lesion_memory,results/20260708_srr_v3_m9_dictionary_fidelity_repair_training/runtime_htzhulab_lesion_memory/variants/m9_srr_main_lesion_proposal_memory/subgroup_metrics_checkpoint_best.csv
m9_srr_main_lesion_proposal_memory,m9_srr_main_lesion_proposal_memory__checkpoint_final__argmax,myops_edema,all_cases,0.7175727449077416,29.680561819282683,8.386363636363637,3.5681818181818183,4,44,46.606671215270616,0.6363636363636364,results/20260708_srr_v3_m9_dictionary_fidelity_repair_training/runtime_htzhulab_lesion_memory,results/20260708_srr_v3_m9_dictionary_fidelity_repair_training/runtime_htzhulab_lesion_memory/variants/m9_srr_main_lesion_proposal_memory/subgroup_metrics_checkpoint_final.csv
m9_srr_main_lesion_proposal_memory,m9_srr_main_lesion_proposal_memory__checkpoint_final__argmax,myops_edema,gt_positive_only,0.22332504849628934,81.62154500302738,23.0625,9.8125,4,16,128.16834584199418,0.0,results/20260708_srr_v3_m9_dictionary_fidelity_repair_training/runtime_htzhulab_lesion_memory,results/20260708_srr_v3_m9_dictionary_fidelity_repair_training/runtime_htzhulab_lesion_memory/variants/m9_srr_main_lesion_proposal_memory/subgroup_metrics_checkpoint_final.csv
m9_srr_main_lesion_proposal_memory,m9_srr_main_lesion_proposal_memory__checkpoint_final__argmax,myops_edema,t2_present,0.22332504849628934,81.62154500302738,23.0625,9.8125,4,16,128.16834584199418,0.0,results/20260708_srr_v3_m9_dictionary_fidelity_repair_training/runtime_htzhulab_lesion_memory,results/20260708_srr_v3_m9_dictionary_fidelity_repair_training/runtime_htzhulab_lesion_memory/variants/m9_srr_main_lesion_proposal_memory/subgroup_metrics_checkpoint_final.csv
m9_srr_main_lesion_proposal_memory,m9_srr_main_lesion_proposal_memory__checkpoint_final__argmax,myops_edema,complete_modality,0.22332504849628934,81.62154500302738,23.0625,9.8125,4,16,128.16834584199418,0.0,results/20260708_srr_v3_m9_dictionary_fidelity_repair_training/runtime_htzhulab_lesion_memory,results/20260708_srr_v3_m9_dictionary_fidelity_repair_training/runtime_htzhulab_lesion_memory/variants/m9_srr_main_lesion_proposal_memory/subgroup_metrics_checkpoint_final.csv
m9_srr_main_lesion_proposal_memory,m9_srr_main_lesion_proposal_memory__checkpoint_final__argmax,myops_edema,CenterB,0.3283618043627698,57.685152527074784,10.428571428571429,2.5714285714285716,4,7,105.74147734523169,0.0,results/20260708_srr_v3_m9_dictionary_fidelity_repair_training/runtime_htzhulab_lesion_memory,results/20260708_srr_v3_m9_dictionary_fidelity_repair_training/runtime_htzhulab_lesion_memory/variants/m9_srr_main_lesion_proposal_memory/subgroup_metrics_checkpoint_final.csv
m9_srr_main_lesion_proposal_memory,m9_srr_main_lesion_proposal_memory__checkpoint_final__argmax,myops_edema,CenterC,0.14162979393347122,100.2387391509905,32.888888888888886,15.444444444444445,4,9,145.61146578392058,0.0,results/20260708_srr_v3_m9_dictionary_fidelity_repair_training/runtime_htzhulab_lesion_memory,results/20260708_srr_v3_m9_dictionary_fidelity_repair_training/runtime_htzhulab_lesion_memory/variants/m9_srr_main_lesion_proposal_memory/subgroup_metrics_checkpoint_final.csv
m9_srr_main_lesion_proposal_memory,m9_srr_main_lesion_proposal_memory__checkpoint_final__argmax,myops_edema,C0+LGE,1.0,0.0,0.0,0.0,4,4,0.0,1.0,results/20260708_srr_v3_m9_dictionary_fidelity_repair_training/runtime_htzhulab_lesion_memory,results/20260708_srr_v3_m9_dictionary_fidelity_repair_training/runtime_htzhulab_lesion_memory/variants/m9_srr_main_lesion_proposal_memory/subgroup_metrics_checkpoint_final.csv
m9_srr_main_lesion_proposal_memory,m9_srr_main_lesion_proposal_memory__checkpoint_final__argmax,myops_edema,LGE-only,1.0,0.0,0.0,0.0,4,24,0.0,1.0,results/20260708_srr_v3_m9_dictionary_fidelity_repair_training/runtime_htzhulab_lesion_memory,results/20260708_srr_v3_m9_dictionary_fidelity_repair_training/runtime_htzhulab_lesion_memory/variants/m9_srr_main_lesion_proposal_memory/subgroup_metrics_checkpoint_final.csv
m9_srr_main_lesion_proposal_memory,m9_srr_main_lesion_proposal_memory__checkpoint_final__argmax,myops_edema,no_T2_empty_GT,1.0,0.0,0.0,0.0,4,28,0.0,1.0,results/20260708_srr_v3_m9_dictionary_fidelity_repair_training/runtime_htzhulab_lesion_memory,results/20260708_srr_v3_m9_dictionary_fidelity_repair_training/runtime_htzhulab_lesion_memory/variants/m9_srr_main_lesion_proposal_memory/subgroup_metrics_checkpoint_final.csv
m9_srr_main_lesion_proposal_memory,m9_srr_main_lesion_proposal_memory__checkpoint_final__argmax,myops_scar,all_cases,0.3970616129725999,28.61109665885154,9.136363636363637,1.5227272727272727,5,44,60.90173284093979,0.0,results/20260708_srr_v3_m9_dictionary_fidelity_repair_training/runtime_htzhulab_lesion_memory,results/20260708_srr_v3_m9_dictionary_fidelity_repair_training/runtime_htzhulab_lesion_memory/variants/m9_srr_main_lesion_proposal_memory/subgroup_metrics_checkpoint_final.csv
m9_srr_main_lesion_proposal_memory,m9_srr_main_lesion_proposal_memory__checkpoint_final__argmax,myops_scar,gt_positive_only,0.4062956039719627,28.61109665885154,9.209302325581396,1.4186046511627908,5,43,60.90173284093979,0.0,results/20260708_srr_v3_m9_dictionary_fidelity_repair_training/runtime_htzhulab_lesion_memory,results/20260708_srr_v3_m9_dictionary_fidelity_repair_training/runtime_htzhulab_lesion_memory/variants/m9_srr_main_lesion_proposal_memory/subgroup_metrics_checkpoint_final.csv
m9_srr_main_lesion_proposal_memory,m9_srr_main_lesion_proposal_memory__checkpoint_final__argmax,myops_scar,t2_present,0.4556028348538627,24.515138016150022,6.375,1.875,5,16,65.87786354139159,0.0,results/20260708_srr_v3_m9_dictionary_fidelity_repair_training/runtime_htzhulab_lesion_memory,results/20260708_srr_v3_m9_dictionary_fidelity_repair_training/runtime_htzhulab_lesion_memory/variants/m9_srr_main_lesion_proposal_memory/subgroup_metrics_checkpoint_final.csv
m9_srr_main_lesion_proposal_memory,m9_srr_main_lesion_proposal_memory__checkpoint_final__argmax,myops_scar,complete_modality,0.4556028348538627,24.515138016150022,6.375,1.875,5,16,65.87786354139159,0.0,results/20260708_srr_v3_m9_dictionary_fidelity_repair_training/runtime_htzhulab_lesion_memory,results/20260708_srr_v3_m9_dictionary_fidelity_repair_training/runtime_htzhulab_lesion_memory/variants/m9_srr_main_lesion_proposal_memory/subgroup_metrics_checkpoint_final.csv
m9_srr_main_lesion_proposal_memory,m9_srr_main_lesion_proposal_memory__checkpoint_final__argmax,myops_scar,CenterB,0.44052009180823887,23.814445455788622,5.0,0.2857142857142857,5,7,39.59693252117085,0.0,results/20260708_srr_v3_m9_dictionary_fidelity_repair_training/runtime_htzhulab_lesion_memory,results/20260708_srr_v3_m9_dictionary_fidelity_repair_training/runtime_htzhulab_lesion_memory/variants/m9_srr_main_lesion_proposal_memory/subgroup_metrics_checkpoint_final.csv
m9_srr_main_lesion_proposal_memory,m9_srr_main_lesion_proposal_memory__checkpoint_final__argmax,myops_scar,CenterC,0.4673338572226813,25.060121118653335,7.444444444444445,3.111111111111111,5,9,86.31858766822994,0.0,results/20260708_srr_v3_m9_dictionary_fidelity_repair_training/runtime_htzhulab_lesion_memory,results/20260708_srr_v3_m9_dictionary_fidelity_repair_training/runtime_htzhulab_lesion_memory/variants/m9_srr_main_lesion_proposal_memory/subgroup_metrics_checkpoint_final.csv
m9_srr_main_lesion_proposal_memory,m9_srr_main_lesion_proposal_memory__checkpoint_final__argmax,myops_scar,C0+LGE,0.36842241252091196,14.51298824247176,7.5,1.5,5,4,34.63592127873595,0.0,results/20260708_srr_v3_m9_dictionary_fidelity_repair_training/runtime_htzhulab_lesion_memory,results/20260708_srr_v3_m9_dictionary_fidelity_repair_training/runtime_htzhulab_lesion_memory/variants/m9_srr_main_lesion_proposal_memory/subgroup_metrics_checkpoint_final.csv
m9_srr_main_lesion_proposal_memory,m9_srr_main_lesion_proposal_memory__checkpoint_final__argmax,myops_scar,LGE-only,0.36280733179370606,33.10399930603336,11.25,1.2916666666666667,5,24,60.86753881924741,0.0,results/20260708_srr_v3_m9_dictionary_fidelity_repair_training/runtime_htzhulab_lesion_memory,results/20260708_srr_v3_m9_dictionary_fidelity_repair_training/runtime_htzhulab_lesion_memory/variants/m9_srr_main_lesion_proposal_memory/subgroup_metrics_checkpoint_final.csv
m9_srr_main_lesion_proposal_memory,m9_srr_main_lesion_proposal_memory__checkpoint_final__argmax,myops_scar,no_T2_empty_GT,0.0,,6.0,6.0,5,1,,0.0,results/20260708_srr_v3_m9_dictionary_fidelity_repair_training/runtime_htzhulab_lesion_memory,results/20260708_srr_v3_m9_dictionary_fidelity_repair_training/runtime_htzhulab_lesion_memory/variants/m9_srr_main_lesion_proposal_memory/subgroup_metrics_checkpoint_final.csv
m9_srr_main_lesion_proposal_memory,m9_srr_main_lesion_proposal_memory__checkpoint_final__pathology_aware,myops_edema,all_cases,0.6985571035282243,51.74860398981525,23.636363636363637,18.227272727272727,4,44,66.23998073239805,0.6363636363636364,results/20260708_srr_v3_m9_dictionary_fidelity_repair_training/runtime_htzhulab_lesion_memory,results/20260708_srr_v3_m9_dictionary_fidelity_repair_training/runtime_htzhulab_lesion_memory/variants/m9_srr_main_lesion_proposal_memory/subgroup_metrics_checkpoint_final.csv
m9_srr_main_lesion_proposal_memory,m9_srr_main_lesion_proposal_memory__checkpoint_final__pathology_aware,myops_edema,gt_positive_only,0.17103203470261671,142.30866097199194,65.0,50.125,4,16,182.15994701409466,0.0,results/20260708_srr_v3_m9_dictionary_fidelity_repair_training/runtime_htzhulab_lesion_memory,results/20260708_srr_v3_m9_dictionary_fidelity_repair_training/runtime_htzhulab_lesion_memory/variants/m9_srr_main_lesion_proposal_memory/subgroup_metrics_checkpoint_final.csv
m9_srr_main_lesion_proposal_memory,m9_srr_main_lesion_proposal_memory__checkpoint_final__pathology_aware,myops_edema,t2_present,0.17103203470261671,142.30866097199194,65.0,50.125,4,16,182.15994701409466,0.0,results/20260708_srr_v3_m9_dictionary_fidelity_repair_training/runtime_htzhulab_lesion_memory,results/20260708_srr_v3_m9_dictionary_fidelity_repair_training/runtime_htzhulab_lesion_memory/variants/m9_srr_main_lesion_proposal_memory/subgroup_metrics_checkpoint_final.csv
m9_srr_main_lesion_proposal_memory,m9_srr_main_lesion_proposal_memory__checkpoint_final__pathology_aware,myops_edema,complete_modality,0.17103203470261671,142.30866097199194,65.0,50.125,4,16,182.15994701409466,0.0,results/20260708_srr_v3_m9_dictionary_fidelity_repair_training/runtime_htzhulab_lesion_memory,results/20260708_srr_v3_m9_dictionary_fidelity_repair_training/runtime_htzhulab_lesion_memory/variants/m9_srr_main_lesion_proposal_memory/subgroup_metrics_checkpoint_final.csv
m9_srr_main_lesion_proposal_memory,m9_srr_main_lesion_proposal_memory__checkpoint_final__pathology_aware,myops_edema,CenterB,0.2858500320175753,124.67961084122746,29.285714285714285,20.285714285714285,4,7,176.60292520661116,0.0,results/20260708_srr_v3_m9_dictionary_fidelity_repair_training/runtime_htzhulab_lesion_memory,results/20260708_srr_v3_m9_dictionary_fidelity_repair_training/runtime_htzhulab_lesion_memory/variants/m9_srr_main_lesion_proposal_memory/subgroup_metrics_checkpoint_final.csv
m9_srr_main_lesion_proposal_memory,m9_srr_main_lesion_proposal_memory__checkpoint_final__pathology_aware,myops_edema,CenterC,0.08172914790209335,156.02014440703098,92.77777777777777,73.33333333333333,4,9,186.48207508658183,0.0,results/20260708_srr_v3_m9_dictionary_fidelity_repair_training/runtime_htzhulab_lesion_memory,results/20260708_srr_v3_m9_dictionary_fidelity_repair_training/runtime_htzhulab_lesion_memory/variants/m9_srr_main_lesion_proposal_memory/subgroup_metrics_checkpoint_final.csv
m9_srr_main_lesion_proposal_memory,m9_srr_main_lesion_proposal_memory__checkpoint_final__pathology_aware,myops_edema,C0+LGE,1.0,0.0,0.0,0.0,4,4,0.0,1.0,results/20260708_srr_v3_m9_dictionary_fidelity_repair_training/runtime_htzhulab_lesion_memory,results/20260708_srr_v3_m9_dictionary_fidelity_repair_training/runtime_htzhulab_lesion_memory/variants/m9_srr_main_lesion_proposal_memory/subgroup_metrics_checkpoint_final.csv
m9_srr_main_lesion_proposal_memory,m9_srr_main_lesion_proposal_memory__checkpoint_final__pathology_aware,myops_edema,LGE-only,1.0,0.0,0.0,0.0,4,24,0.0,1.0,results/20260708_srr_v3_m9_dictionary_fidelity_repair_training/runtime_htzhulab_lesion_memory,results/20260708_srr_v3_m9_dictionary_fidelity_repair_training/runtime_htzhulab_lesion_memory/variants/m9_srr_main_lesion_proposal_memory/subgroup_metrics_checkpoint_final.csv
m9_srr_main_lesion_proposal_memory,m9_srr_main_lesion_proposal_memory__checkpoint_final__pathology_aware,myops_edema,no_T2_empty_GT,1.0,0.0,0.0,0.0,4,28,0.0,1.0,results/20260708_srr_v3_m9_dictionary_fidelity_repair_training/runtime_htzhulab_lesion_memory,results/20260708_srr_v3_m9_dictionary_fidelity_repair_training/runtime_htzhulab_lesion_memory/variants/m9_srr_main_lesion_proposal_memory/subgroup_metrics_checkpoint_final.csv
m9_srr_main_lesion_proposal_memory,m9_srr_main_lesion_proposal_memory__checkpoint_final__pathology_aware,myops_scar,all_cases,0.3879008998315092,33.020657570347296,10.0,2.727272727272727,5,44,78.68812626384837,0.0,results/20260708_srr_v3_m9_dictionary_fidelity_repair_training/runtime_htzhulab_lesion_memory,results/20260708_srr_v3_m9_dictionary_fidelity_repair_training/runtime_htzhulab_lesion_memory/variants/m9_srr_main_lesion_proposal_memory/subgroup_metrics_checkpoint_final.csv
m9_srr_main_lesion_proposal_memory,m9_srr_main_lesion_proposal_memory__checkpoint_final__pathology_aware,myops_scar,gt_positive_only,0.3969218509903816,33.020657570347296,10.023255813953488,2.5813953488372094,5,43,78.68812626384837,0.0,results/20260708_srr_v3_m9_dictionary_fidelity_repair_training/runtime_htzhulab_lesion_memory,results/20260708_srr_v3_m9_dictionary_fidelity_repair_training/runtime_htzhulab_lesion_memory/variants/m9_srr_main_lesion_proposal_memory/subgroup_metrics_checkpoint_final.csv
m9_srr_main_lesion_proposal_memory,m9_srr_main_lesion_proposal_memory__checkpoint_final__pathology_aware,myops_scar,t2_present,0.4527306853681822,35.683205976972715,9.3125,4.6875,5,16,105.49880664695714,0.0,results/20260708_srr_v3_m9_dictionary_fidelity_repair_training/runtime_htzhulab_lesion_memory,results/20260708_srr_v3_m9_dictionary_fidelity_repair_training/runtime_htzhulab_lesion_memory/variants/m9_srr_main_lesion_proposal_memory/subgroup_metrics_checkpoint_final.csv
m9_srr_main_lesion_proposal_memory,m9_srr_main_lesion_proposal_memory__checkpoint_final__pathology_aware,myops_scar,complete_modality,0.4527306853681822,35.683205976972715,9.3125,4.6875,5,16,105.49880664695714,0.0,results/20260708_srr_v3_m9_dictionary_fidelity_repair_training/runtime_htzhulab_lesion_memory,results/20260708_srr_v3_m9_dictionary_fidelity_repair_training/runtime_htzhulab_lesion_memory/variants/m9_srr_main_lesion_proposal_memory/subgroup_metrics_checkpoint_final.csv
m9_srr_main_lesion_proposal_memory,m9_srr_main_lesion_proposal_memory__checkpoint_final__pathology_aware,myops_scar,CenterB,0.44642053204480303,27.201055616414546,7.0,2.142857142857143,5,7,90.24143205151049,0.0,results/20260708_srr_v3_m9_dictionary_fidelity_repair_training/runtime_htzhulab_lesion_memory,results/20260708_srr_v3_m9_dictionary_fidelity_repair_training/runtime_htzhulab_lesion_memory/variants/m9_srr_main_lesion_proposal_memory/subgroup_metrics_checkpoint_final.csv
m9_srr_main_lesion_proposal_memory,m9_srr_main_lesion_proposal_memory__checkpoint_final__pathology_aware,myops_scar,CenterC,0.457638582397477,42.280434035184626,11.11111111111111,6.666666666666667,5,9,117.36565355452676,0.0,results/20260708_srr_v3_m9_dictionary_fidelity_repair_training/runtime_htzhulab_lesion_memory,results/20260708_srr_v3_m9_dictionary_fidelity_repair_training/runtime_htzhulab_lesion_memory/variants/m9_srr_main_lesion_proposal_memory/subgroup_metrics_checkpoint_final.csv
m9_srr_main_lesion_proposal_memory,m9_srr_main_lesion_proposal_memory__checkpoint_final__pathology_aware,myops_scar,C0+LGE,0.37548446046683215,14.434282248827678,8.25,2.25,5,4,36.424119610875664,0.0,results/20260708_srr_v3_m9_dictionary_fidelity_repair_training/runtime_htzhulab_lesion_memory,results/20260708_srr_v3_m9_dictionary_fidelity_repair_training/runtime_htzhulab_lesion_memory/variants/m9_srr_main_lesion_proposal_memory/subgroup_metrics_checkpoint_final.csv
m9_srr_main_lesion_proposal_memory,m9_srr_main_lesion_proposal_memory__checkpoint_final__pathology_aware,myops_scar,LGE-only,0.34675044936784016,33.568922214453636,10.75,1.5,5,24,66.09734017339746,0.0,results/20260708_srr_v3_m9_dictionary_fidelity_repair_training/runtime_htzhulab_lesion_memory,results/20260708_srr_v3_m9_dictionary_fidelity_repair_training/runtime_htzhulab_lesion_memory/variants/m9_srr_main_lesion_proposal_memory/subgroup_metrics_checkpoint_final.csv
m9_srr_main_lesion_proposal_memory,m9_srr_main_lesion_proposal_memory__checkpoint_final__pathology_aware,myops_scar,no_T2_empty_GT,0.0,,9.0,9.0,5,1,,0.0,results/20260708_srr_v3_m9_dictionary_fidelity_repair_training/runtime_htzhulab_lesion_memory,results/20260708_srr_v3_m9_dictionary_fidelity_repair_training/runtime_htzhulab_lesion_memory/variants/m9_srr_main_lesion_proposal_memory/subgroup_metrics_checkpoint_final.csv
m9_srr_main_t2_edema_recall_focus,m9_srr_main_t2_edema_recall_focus__checkpoint_best__argmax,myops_edema,all_cases,0.7157113932996451,16.57486895818618,8.613636363636363,1.7272727272727273,4,44,36.004546537138154,0.6363636363636364,results/20260708_srr_v3_m9_dictionary_fidelity_repair_training/runtime_htzhulab_t2_edema_focus,results/20260708_srr_v3_m9_dictionary_fidelity_repair_training/runtime_htzhulab_t2_edema_focus/variants/m9_srr_main_t2_edema_recall_focus/subgroup_metrics_checkpoint_best.csv
m9_srr_main_t2_edema_recall_focus,m9_srr_main_t2_edema_recall_focus__checkpoint_best__argmax,myops_edema,gt_positive_only,0.21820633157402405,45.58088963501199,23.6875,4.75,4,16,99.01250297712993,0.0,results/20260708_srr_v3_m9_dictionary_fidelity_repair_training/runtime_htzhulab_t2_edema_focus,results/20260708_srr_v3_m9_dictionary_fidelity_repair_training/runtime_htzhulab_t2_edema_focus/variants/m9_srr_main_t2_edema_recall_focus/subgroup_metrics_checkpoint_best.csv
m9_srr_main_t2_edema_recall_focus,m9_srr_main_t2_edema_recall_focus__checkpoint_best__argmax,myops_edema,t2_present,0.21820633157402405,45.58088963501199,23.6875,4.75,4,16,99.01250297712993,0.0,results/20260708_srr_v3_m9_dictionary_fidelity_repair_training/runtime_htzhulab_t2_edema_focus,results/20260708_srr_v3_m9_dictionary_fidelity_repair_training/runtime_htzhulab_t2_edema_focus/variants/m9_srr_main_t2_edema_recall_focus/subgroup_metrics_checkpoint_best.csv
m9_srr_main_t2_edema_recall_focus,m9_srr_main_t2_edema_recall_focus__checkpoint_best__argmax,myops_edema,complete_modality,0.21820633157402405,45.58088963501199,23.6875,4.75,4,16,99.01250297712993,0.0,results/20260708_srr_v3_m9_dictionary_fidelity_repair_training/runtime_htzhulab_t2_edema_focus,results/20260708_srr_v3_m9_dictionary_fidelity_repair_training/runtime_htzhulab_t2_edema_focus/variants/m9_srr_main_t2_edema_recall_focus/subgroup_metrics_checkpoint_best.csv
m9_srr_main_t2_edema_recall_focus,m9_srr_main_t2_edema_recall_focus__checkpoint_best__argmax,myops_edema,CenterB,0.33982635291042,54.83078436803733,15.857142857142858,5.0,4,7,104.84914106217707,0.0,results/20260708_srr_v3_m9_dictionary_fidelity_repair_training/runtime_htzhulab_t2_edema_focus,results/20260708_srr_v3_m9_dictionary_fidelity_repair_training/runtime_htzhulab_t2_edema_focus/variants/m9_srr_main_t2_edema_recall_focus/subgroup_metrics_checkpoint_best.csv
m9_srr_main_t2_edema_recall_focus,m9_srr_main_t2_edema_recall_focus__checkpoint_best__argmax,myops_edema,CenterC,0.12361298164571612,38.38652706488117,29.77777777777778,4.555555555555555,4,9,94.47289557764881,0.0,results/20260708_srr_v3_m9_dictionary_fidelity_repair_training/runtime_htzhulab_t2_edema_focus,results/20260708_srr_v3_m9_dictionary_fidelity_repair_training/runtime_htzhulab_t2_edema_focus/variants/m9_srr_main_t2_edema_recall_focus/subgroup_metrics_checkpoint_best.csv
m9_srr_main_t2_edema_recall_focus,m9_srr_main_t2_edema_recall_focus__checkpoint_best__argmax,myops_edema,C0+LGE,1.0,0.0,0.0,0.0,4,4,0.0,1.0,results/20260708_srr_v3_m9_dictionary_fidelity_repair_training/runtime_htzhulab_t2_edema_focus,results/20260708_srr_v3_m9_dictionary_fidelity_repair_training/runtime_htzhulab_t2_edema_focus/variants/m9_srr_main_t2_edema_recall_focus/subgroup_metrics_checkpoint_best.csv
m9_srr_main_t2_edema_recall_focus,m9_srr_main_t2_edema_recall_focus__checkpoint_best__argmax,myops_edema,LGE-only,1.0,0.0,0.0,0.0,4,24,0.0,1.0,results/20260708_srr_v3_m9_dictionary_fidelity_repair_training/runtime_htzhulab_t2_edema_focus,results/20260708_srr_v3_m9_dictionary_fidelity_repair_training/runtime_htzhulab_t2_edema_focus/variants/m9_srr_main_t2_edema_recall_focus/subgroup_metrics_checkpoint_best.csv
m9_srr_main_t2_edema_recall_focus,m9_srr_main_t2_edema_recall_focus__checkpoint_best__argmax,myops_edema,no_T2_empty_GT,1.0,0.0,0.0,0.0,4,28,0.0,1.0,results/20260708_srr_v3_m9_dictionary_fidelity_repair_training/runtime_htzhulab_t2_edema_focus,results/20260708_srr_v3_m9_dictionary_fidelity_repair_training/runtime_htzhulab_t2_edema_focus/variants/m9_srr_main_t2_edema_recall_focus/subgroup_metrics_checkpoint_best.csv
m9_srr_main_t2_edema_recall_focus,m9_srr_main_t2_edema_recall_focus__checkpoint_best__argmax,myops_scar,all_cases,0.5083315186176471,17.050248785186717,5.318181818181818,0.5909090909090909,5,44,34.52002642753691,0.045454545454545456,results/20260708_srr_v3_m9_dictionary_fidelity_repair_training/runtime_htzhulab_t2_edema_focus,results/20260708_srr_v3_m9_dictionary_fidelity_repair_training/runtime_htzhulab_t2_edema_focus/variants/m9_srr_main_t2_edema_recall_focus/subgroup_metrics_checkpoint_best.csv
m9_srr_main_t2_edema_recall_focus,m9_srr_main_t2_edema_recall_focus__checkpoint_best__argmax,myops_scar,gt_positive_only,0.5201531818413134,17.050248785186717,5.3023255813953485,0.46511627906976744,5,43,34.52002642753691,0.046511627906976744,results/20260708_srr_v3_m9_dictionary_fidelity_repair_training/runtime_htzhulab_t2_edema_focus,results/20260708_srr_v3_m9_dictionary_fidelity_repair_training/runtime_htzhulab_t2_edema_focus/variants/m9_srr_main_t2_edema_recall_focus/subgroup_metrics_checkpoint_best.csv
m9_srr_main_t2_edema_recall_focus,m9_srr_main_t2_edema_recall_focus__checkpoint_best__argmax,myops_scar,t2_present,0.5835697111698595,15.683418039562778,5.4375,0.9375,5,16,43.71587604952865,0.0,results/20260708_srr_v3_m9_dictionary_fidelity_repair_training/runtime_htzhulab_t2_edema_focus,results/20260708_srr_v3_m9_dictionary_fidelity_repair_training/runtime_htzhulab_t2_edema_focus/variants/m9_srr_main_t2_edema_recall_focus/subgroup_metrics_checkpoint_best.csv
m9_srr_main_t2_edema_recall_focus,m9_srr_main_t2_edema_recall_focus__checkpoint_best__argmax,myops_scar,complete_modality,0.5835697111698595,15.683418039562778,5.4375,0.9375,5,16,43.71587604952865,0.0,results/20260708_srr_v3_m9_dictionary_fidelity_repair_training/runtime_htzhulab_t2_edema_focus,results/20260708_srr_v3_m9_dictionary_fidelity_repair_training/runtime_htzhulab_t2_edema_focus/variants/m9_srr_main_t2_edema_recall_focus/subgroup_metrics_checkpoint_best.csv
m9_srr_main_t2_edema_recall_focus,m9_srr_main_t2_edema_recall_focus__checkpoint_best__argmax,myops_scar,CenterB,0.5807550715126787,23.803979397808476,3.0,0.7142857142857143,5,7,46.55475702561933,0.0,results/20260708_srr_v3_m9_dictionary_fidelity_repair_training/runtime_htzhulab_t2_edema_focus,results/20260708_srr_v3_m9_dictionary_fidelity_repair_training/runtime_htzhulab_t2_edema_focus/variants/m9_srr_main_t2_edema_recall_focus/subgroup_metrics_checkpoint_best.csv
m9_srr_main_t2_edema_recall_focus,m9_srr_main_t2_edema_recall_focus__checkpoint_best__argmax,myops_scar,CenterC,0.5857588753476668,9.367425872038343,7.333333333333333,1.1111111111111112,5,9,41.50785751256924,0.0,results/20260708_srr_v3_m9_dictionary_fidelity_repair_training/runtime_htzhulab_t2_edema_focus,results/20260708_srr_v3_m9_dictionary_fidelity_repair_training/runtime_htzhulab_t2_edema_focus/variants/m9_srr_main_t2_edema_recall_focus/subgroup_metrics_checkpoint_best.csv
m9_srr_main_t2_edema_recall_focus,m9_srr_main_t2_edema_recall_focus__checkpoint_best__argmax,myops_scar,C0+LGE,0.3605425345610165,15.7320656402847,6.5,1.5,5,4,23.98596165430789,0.0,results/20260708_srr_v3_m9_dictionary_fidelity_repair_training/runtime_htzhulab_t2_edema_focus,results/20260708_srr_v3_m9_dictionary_fidelity_repair_training/runtime_htzhulab_t2_edema_focus/variants/m9_srr_main_t2_edema_recall_focus/subgroup_metrics_checkpoint_best.csv
m9_srr_main_t2_edema_recall_focus,m9_srr_main_t2_edema_recall_focus__checkpoint_best__argmax,myops_scar,LGE-only,0.48280422092561076,18.224059756308947,5.041666666666667,0.20833333333333334,5,24,29.268599171528688,0.08333333333333333,results/20260708_srr_v3_m9_dictionary_fidelity_repair_training/runtime_htzhulab_t2_edema_focus,results/20260708_srr_v3_m9_dictionary_fidelity_repair_training/runtime_htzhulab_t2_edema_focus/variants/m9_srr_main_t2_edema_recall_focus/subgroup_metrics_checkpoint_best.csv
m9_srr_main_t2_edema_recall_focus,m9_srr_main_t2_edema_recall_focus__checkpoint_best__argmax,myops_scar,no_T2_empty_GT,0.0,,6.0,6.0,5,1,,0.0,results/20260708_srr_v3_m9_dictionary_fidelity_repair_training/runtime_htzhulab_t2_edema_focus,results/20260708_srr_v3_m9_dictionary_fidelity_repair_training/runtime_htzhulab_t2_edema_focus/variants/m9_srr_main_t2_edema_recall_focus/subgroup_metrics_checkpoint_best.csv
m9_srr_main_t2_edema_recall_focus,m9_srr_main_t2_edema_recall_focus__checkpoint_best__pathology_aware,myops_edema,all_cases,0.7314827598973029,23.39502434626271,11.272727272727273,3.772727272727273,4,44,51.57088246140251,0.6363636363636364,results/20260708_srr_v3_m9_dictionary_fidelity_repair_training/runtime_htzhulab_t2_edema_focus,results/20260708_srr_v3_m9_dictionary_fidelity_repair_training/runtime_htzhulab_t2_edema_focus/variants/m9_srr_main_t2_edema_recall_focus/subgroup_metrics_checkpoint_best.csv
m9_srr_main_t2_edema_recall_focus,m9_srr_main_t2_edema_recall_focus__checkpoint_best__pathology_aware,myops_edema,gt_positive_only,0.26157758971758316,64.33631695222245,31.0,10.375,4,16,141.8199267688569,0.0,results/20260708_srr_v3_m9_dictionary_fidelity_repair_training/runtime_htzhulab_t2_edema_focus,results/20260708_srr_v3_m9_dictionary_fidelity_repair_training/runtime_htzhulab_t2_edema_focus/variants/m9_srr_main_t2_edema_recall_focus/subgroup_metrics_checkpoint_best.csv
m9_srr_main_t2_edema_recall_focus,m9_srr_main_t2_edema_recall_focus__checkpoint_best__pathology_aware,myops_edema,t2_present,0.26157758971758316,64.33631695222245,31.0,10.375,4,16,141.8199267688569,0.0,results/20260708_srr_v3_m9_dictionary_fidelity_repair_training/runtime_htzhulab_t2_edema_focus,results/20260708_srr_v3_m9_dictionary_fidelity_repair_training/runtime_htzhulab_t2_edema_focus/variants/m9_srr_main_t2_edema_recall_focus/subgroup_metrics_checkpoint_best.csv
m9_srr_main_t2_edema_recall_focus,m9_srr_main_t2_edema_recall_focus__checkpoint_best__pathology_aware,myops_edema,complete_modality,0.26157758971758316,64.33631695222245,31.0,10.375,4,16,141.8199267688569,0.0,results/20260708_srr_v3_m9_dictionary_fidelity_repair_training/runtime_htzhulab_t2_edema_focus,results/20260708_srr_v3_m9_dictionary_fidelity_repair_training/runtime_htzhulab_t2_edema_focus/variants/m9_srr_main_t2_edema_recall_focus/subgroup_metrics_checkpoint_best.csv
m9_srr_main_t2_edema_recall_focus,m9_srr_main_t2_edema_recall_focus__checkpoint_best__pathology_aware,myops_edema,CenterB,0.3628084504237978,64.63197921114629,22.142857142857142,9.285714285714286,4,7,142.88039654162208,0.0,results/20260708_srr_v3_m9_dictionary_fidelity_repair_training/runtime_htzhulab_t2_edema_focus,results/20260708_srr_v3_m9_dictionary_fidelity_repair_training/runtime_htzhulab_t2_edema_focus/variants/m9_srr_main_t2_edema_recall_focus/subgroup_metrics_checkpoint_best.csv
m9_srr_main_t2_edema_recall_focus,m9_srr_main_t2_edema_recall_focus__checkpoint_best__pathology_aware,myops_edema,CenterC,0.1828424758349718,64.1063574175039,37.888888888888886,11.222222222222221,4,9,140.99511694559513,0.0,results/20260708_srr_v3_m9_dictionary_fidelity_repair_training/runtime_htzhulab_t2_edema_focus,results/20260708_srr_v3_m9_dictionary_fidelity_repair_training/runtime_htzhulab_t2_edema_focus/variants/m9_srr_main_t2_edema_recall_focus/subgroup_metrics_checkpoint_best.csv
m9_srr_main_t2_edema_recall_focus,m9_srr_main_t2_edema_recall_focus__checkpoint_best__pathology_aware,myops_edema,C0+LGE,1.0,0.0,0.0,0.0,4,4,0.0,1.0,results/20260708_srr_v3_m9_dictionary_fidelity_repair_training/runtime_htzhulab_t2_edema_focus,results/20260708_srr_v3_m9_dictionary_fidelity_repair_training/runtime_htzhulab_t2_edema_focus/variants/m9_srr_main_t2_edema_recall_focus/subgroup_metrics_checkpoint_best.csv
m9_srr_main_t2_edema_recall_focus,m9_srr_main_t2_edema_recall_focus__checkpoint_best__pathology_aware,myops_edema,LGE-only,1.0,0.0,0.0,0.0,4,24,0.0,1.0,results/20260708_srr_v3_m9_dictionary_fidelity_repair_training/runtime_htzhulab_t2_edema_focus,results/20260708_srr_v3_m9_dictionary_fidelity_repair_training/runtime_htzhulab_t2_edema_focus/variants/m9_srr_main_t2_edema_recall_focus/subgroup_metrics_checkpoint_best.csv
m9_srr_main_t2_edema_recall_focus,m9_srr_main_t2_edema_recall_focus__checkpoint_best__pathology_aware,myops_edema,no_T2_empty_GT,1.0,0.0,0.0,0.0,4,28,0.0,1.0,results/20260708_srr_v3_m9_dictionary_fidelity_repair_training/runtime_htzhulab_t2_edema_focus,results/20260708_srr_v3_m9_dictionary_fidelity_repair_training/runtime_htzhulab_t2_edema_focus/variants/m9_srr_main_t2_edema_recall_focus/subgroup_metrics_checkpoint_best.csv
m9_srr_main_t2_edema_recall_focus,m9_srr_main_t2_edema_recall_focus__checkpoint_best__pathology_aware,myops_scar,all_cases,0.5209178311994505,18.44550376949497,4.795454545454546,1.0227272727272727,5,44,53.32008768856196,0.045454545454545456,results/20260708_srr_v3_m9_dictionary_fidelity_repair_training/runtime_htzhulab_t2_edema_focus,results/20260708_srr_v3_m9_dictionary_fidelity_repair_training/runtime_htzhulab_t2_edema_focus/variants/m9_srr_main_t2_edema_recall_focus/subgroup_metrics_checkpoint_best.csv
m9_srr_main_t2_edema_recall_focus,m9_srr_main_t2_edema_recall_focus__checkpoint_best__pathology_aware,myops_scar,gt_positive_only,0.5330321993668795,18.44550376949497,4.767441860465116,0.9069767441860465,5,43,53.32008768856196,0.046511627906976744,results/20260708_srr_v3_m9_dictionary_fidelity_repair_training/runtime_htzhulab_t2_edema_focus,results/20260708_srr_v3_m9_dictionary_fidelity_repair_training/runtime_htzhulab_t2_edema_focus/variants/m9_srr_main_t2_edema_recall_focus/subgroup_metrics_checkpoint_best.csv
m9_srr_main_t2_edema_recall_focus,m9_srr_main_t2_edema_recall_focus__checkpoint_best__pathology_aware,myops_scar,t2_present,0.6122906488203778,19.387058288103184,5.5,2.375,5,16,91.89408801521496,0.0,results/20260708_srr_v3_m9_dictionary_fidelity_repair_training/runtime_htzhulab_t2_edema_focus,results/20260708_srr_v3_m9_dictionary_fidelity_repair_training/runtime_htzhulab_t2_edema_focus/variants/m9_srr_main_t2_edema_recall_focus/subgroup_metrics_checkpoint_best.csv
m9_srr_main_t2_edema_recall_focus,m9_srr_main_t2_edema_recall_focus__checkpoint_best__pathology_aware,myops_scar,complete_modality,0.6122906488203778,19.387058288103184,5.5,2.375,5,16,91.89408801521496,0.0,results/20260708_srr_v3_m9_dictionary_fidelity_repair_training/runtime_htzhulab_t2_edema_focus,results/20260708_srr_v3_m9_dictionary_fidelity_repair_training/runtime_htzhulab_t2_edema_focus/variants/m9_srr_main_t2_edema_recall_focus/subgroup_metrics_checkpoint_best.csv
m9_srr_main_t2_edema_recall_focus,m9_srr_main_t2_edema_recall_focus__checkpoint_best__pathology_aware,myops_scar,CenterB,0.5900614545261262,23.79259859272615,2.857142857142857,0.7142857142857143,5,7,46.6615590446485,0.0,results/20260708_srr_v3_m9_dictionary_fidelity_repair_training/runtime_htzhulab_t2_edema_focus,results/20260708_srr_v3_m9_dictionary_fidelity_repair_training/runtime_htzhulab_t2_edema_focus/variants/m9_srr_main_t2_edema_recall_focus/subgroup_metrics_checkpoint_best.csv
m9_srr_main_t2_edema_recall_focus,m9_srr_main_t2_edema_recall_focus__checkpoint_best__pathology_aware,myops_scar,CenterC,0.6295800221603511,15.960526940063097,7.555555555555555,3.6666666666666665,5,9,127.07494388121111,0.0,results/20260708_srr_v3_m9_dictionary_fidelity_repair_training/runtime_htzhulab_t2_edema_focus,results/20260708_srr_v3_m9_dictionary_fidelity_repair_training/runtime_htzhulab_t2_edema_focus/variants/m9_srr_main_t2_edema_recall_focus/subgroup_metrics_checkpoint_best.csv
m9_srr_main_t2_edema_recall_focus,m9_srr_main_t2_edema_recall_focus__checkpoint_best__pathology_aware,myops_scar,C0+LGE,0.3744331062997432,15.309400127104677,4.75,1.5,5,4,23.803665824270407,0.0,results/20260708_srr_v3_m9_dictionary_fidelity_repair_training/runtime_htzhulab_t2_edema_focus,results/20260708_srr_v3_m9_dictionary_fidelity_repair_training/runtime_htzhulab_t2_edema_focus/variants/m9_srr_main_t2_edema_recall_focus/subgroup_metrics_checkpoint_best.csv
m9_srr_main_t2_edema_recall_focus,m9_srr_main_t2_edema_recall_focus__checkpoint_best__pathology_aware,myops_scar,LGE-only,0.4844167402687834,18.188387343560397,4.333333333333333,0.041666666666666664,5,24,29.2912358870359,0.08333333333333333,results/20260708_srr_v3_m9_dictionary_fidelity_repair_training/runtime_htzhulab_t2_edema_focus,results/20260708_srr_v3_m9_dictionary_fidelity_repair_training/runtime_htzhulab_t2_edema_focus/variants/m9_srr_main_t2_edema_recall_focus/subgroup_metrics_checkpoint_best.csv
m9_srr_main_t2_edema_recall_focus,m9_srr_main_t2_edema_recall_focus__checkpoint_best__pathology_aware,myops_scar,no_T2_empty_GT,0.0,,6.0,6.0,5,1,,0.0,results/20260708_srr_v3_m9_dictionary_fidelity_repair_training/runtime_htzhulab_t2_edema_focus,results/20260708_srr_v3_m9_dictionary_fidelity_repair_training/runtime_htzhulab_t2_edema_focus/variants/m9_srr_main_t2_edema_recall_focus/subgroup_metrics_checkpoint_best.csv
m9_srr_main_t2_edema_recall_focus,m9_srr_main_t2_edema_recall_focus__checkpoint_final__argmax,myops_edema,all_cases,0.6876163054915505,29.82238426382904,10.409090909090908,4.318181818181818,4,44,53.61177008366994,0.6363636363636364,results/20260708_srr_v3_m9_dictionary_fidelity_repair_training/runtime_htzhulab_t2_edema_focus,results/20260708_srr_v3_m9_dictionary_fidelity_repair_training/runtime_htzhulab_t2_edema_focus/variants/m9_srr_main_t2_edema_recall_focus/subgroup_metrics_checkpoint_final.csv
m9_srr_main_t2_edema_recall_focus,m9_srr_main_t2_edema_recall_focus__checkpoint_final__argmax,myops_edema,gt_positive_only,0.140944840101764,82.01155672552986,28.625,11.875,4,16,147.43236773009232,0.0,results/20260708_srr_v3_m9_dictionary_fidelity_repair_training/runtime_htzhulab_t2_edema_focus,results/20260708_srr_v3_m9_dictionary_fidelity_repair_training/runtime_htzhulab_t2_edema_focus/variants/m9_srr_main_t2_edema_recall_focus/subgroup_metrics_checkpoint_final.csv
m9_srr_main_t2_edema_recall_focus,m9_srr_main_t2_edema_recall_focus__checkpoint_final__argmax,myops_edema,t2_present,0.140944840101764,82.01155672552986,28.625,11.875,4,16,147.43236773009232,0.0,results/20260708_srr_v3_m9_dictionary_fidelity_repair_training/runtime_htzhulab_t2_edema_focus,results/20260708_srr_v3_m9_dictionary_fidelity_repair_training/runtime_htzhulab_t2_edema_focus/variants/m9_srr_main_t2_edema_recall_focus/subgroup_metrics_checkpoint_final.csv
m9_srr_main_t2_edema_recall_focus,m9_srr_main_t2_edema_recall_focus__checkpoint_final__argmax,myops_edema,complete_modality,0.140944840101764,82.01155672552986,28.625,11.875,4,16,147.43236773009232,0.0,results/20260708_srr_v3_m9_dictionary_fidelity_repair_training/runtime_htzhulab_t2_edema_focus,results/20260708_srr_v3_m9_dictionary_fidelity_repair_training/runtime_htzhulab_t2_edema_focus/variants/m9_srr_main_t2_edema_recall_focus/subgroup_metrics_checkpoint_final.csv
m9_srr_main_t2_edema_recall_focus,m9_srr_main_t2_edema_recall_focus__checkpoint_final__argmax,myops_edema,CenterB,0.2696764749696493,78.43148730248745,25.0,10.571428571428571,4,7,133.3260635085931,0.0,results/20260708_srr_v3_m9_dictionary_fidelity_repair_training/runtime_htzhulab_t2_edema_focus,results/20260708_srr_v3_m9_dictionary_fidelity_repair_training/runtime_htzhulab_t2_edema_focus/variants/m9_srr_main_t2_edema_recall_focus/subgroup_metrics_checkpoint_final.csv
m9_srr_main_t2_edema_recall_focus,m9_srr_main_t2_edema_recall_focus__checkpoint_final__argmax,myops_edema,CenterC,0.04082023520451987,84.79605516567396,31.444444444444443,12.88888888888889,4,9,158.4039376801473,0.0,results/20260708_srr_v3_m9_dictionary_fidelity_repair_training/runtime_htzhulab_t2_edema_focus,results/20260708_srr_v3_m9_dictionary_fidelity_repair_training/runtime_htzhulab_t2_edema_focus/variants/m9_srr_main_t2_edema_recall_focus/subgroup_metrics_checkpoint_final.csv
m9_srr_main_t2_edema_recall_focus,m9_srr_main_t2_edema_recall_focus__checkpoint_final__argmax,myops_edema,C0+LGE,1.0,0.0,0.0,0.0,4,4,0.0,1.0,results/20260708_srr_v3_m9_dictionary_fidelity_repair_training/runtime_htzhulab_t2_edema_focus,results/20260708_srr_v3_m9_dictionary_fidelity_repair_training/runtime_htzhulab_t2_edema_focus/variants/m9_srr_main_t2_edema_recall_focus/subgroup_metrics_checkpoint_final.csv
m9_srr_main_t2_edema_recall_focus,m9_srr_main_t2_edema_recall_focus__checkpoint_final__argmax,myops_edema,LGE-only,1.0,0.0,0.0,0.0,4,24,0.0,1.0,results/20260708_srr_v3_m9_dictionary_fidelity_repair_training/runtime_htzhulab_t2_edema_focus,results/20260708_srr_v3_m9_dictionary_fidelity_repair_training/runtime_htzhulab_t2_edema_focus/variants/m9_srr_main_t2_edema_recall_focus/subgroup_metrics_checkpoint_final.csv
m9_srr_main_t2_edema_recall_focus,m9_srr_main_t2_edema_recall_focus__checkpoint_final__argmax,myops_edema,no_T2_empty_GT,1.0,0.0,0.0,0.0,4,28,0.0,1.0,results/20260708_srr_v3_m9_dictionary_fidelity_repair_training/runtime_htzhulab_t2_edema_focus,results/20260708_srr_v3_m9_dictionary_fidelity_repair_training/runtime_htzhulab_t2_edema_focus/variants/m9_srr_main_t2_edema_recall_focus/subgroup_metrics_checkpoint_final.csv
m9_srr_main_t2_edema_recall_focus,m9_srr_main_t2_edema_recall_focus__checkpoint_final__argmax,myops_scar,all_cases,0.41462892361217557,27.157362138687102,8.022727272727273,2.272727272727273,5,44,72.8752372231171,0.022727272727272728,results/20260708_srr_v3_m9_dictionary_fidelity_repair_training/runtime_htzhulab_t2_edema_focus,results/20260708_srr_v3_m9_dictionary_fidelity_repair_training/runtime_htzhulab_t2_edema_focus/variants/m9_srr_main_t2_edema_recall_focus/subgroup_metrics_checkpoint_final.csv
m9_srr_main_t2_edema_recall_focus,m9_srr_main_t2_edema_recall_focus__checkpoint_final__argmax,myops_scar,gt_positive_only,0.42427145671943545,27.157362138687102,8.093023255813954,2.2093023255813953,5,43,72.8752372231171,0.023255813953488372,results/20260708_srr_v3_m9_dictionary_fidelity_repair_training/runtime_htzhulab_t2_edema_focus,results/20260708_srr_v3_m9_dictionary_fidelity_repair_training/runtime_htzhulab_t2_edema_focus/variants/m9_srr_main_t2_edema_recall_focus/subgroup_metrics_checkpoint_final.csv
m9_srr_main_t2_edema_recall_focus,m9_srr_main_t2_edema_recall_focus__checkpoint_final__argmax,myops_scar,t2_present,0.43989943091150485,32.386284588134245,10.9375,4.6875,5,16,110.79358659398234,0.0,results/20260708_srr_v3_m9_dictionary_fidelity_repair_training/runtime_htzhulab_t2_edema_focus,results/20260708_srr_v3_m9_dictionary_fidelity_repair_training/runtime_htzhulab_t2_edema_focus/variants/m9_srr_main_t2_edema_recall_focus/subgroup_metrics_checkpoint_final.csv
m9_srr_main_t2_edema_recall_focus,m9_srr_main_t2_edema_recall_focus__checkpoint_final__argmax,myops_scar,complete_modality,0.43989943091150485,32.386284588134245,10.9375,4.6875,5,16,110.79358659398234,0.0,results/20260708_srr_v3_m9_dictionary_fidelity_repair_training/runtime_htzhulab_t2_edema_focus,results/20260708_srr_v3_m9_dictionary_fidelity_repair_training/runtime_htzhulab_t2_edema_focus/variants/m9_srr_main_t2_edema_recall_focus/subgroup_metrics_checkpoint_final.csv
m9_srr_main_t2_edema_recall_focus,m9_srr_main_t2_edema_recall_focus__checkpoint_final__argmax,myops_scar,CenterB,0.45378317304266813,28.901242702771942,4.714285714285714,0.8571428571428571,5,7,93.54554542677596,0.0,results/20260708_srr_v3_m9_dictionary_fidelity_repair_training/runtime_htzhulab_t2_edema_focus,results/20260708_srr_v3_m9_dictionary_fidelity_repair_training/runtime_htzhulab_t2_edema_focus/variants/m9_srr_main_t2_edema_recall_focus/subgroup_metrics_checkpoint_final.csv
m9_srr_main_t2_edema_recall_focus,m9_srr_main_t2_edema_recall_focus__checkpoint_final__argmax,myops_scar,CenterC,0.429100964809489,35.09687272119381,15.777777777777779,7.666666666666667,5,9,124.20872972403176,0.0,results/20260708_srr_v3_m9_dictionary_fidelity_repair_training/runtime_htzhulab_t2_edema_focus,results/20260708_srr_v3_m9_dictionary_fidelity_repair_training/runtime_htzhulab_t2_edema_focus/variants/m9_srr_main_t2_edema_recall_focus/subgroup_metrics_checkpoint_final.csv
m9_srr_main_t2_edema_recall_focus,m9_srr_main_t2_edema_recall_focus__checkpoint_final__argmax,myops_scar,C0+LGE,0.2805487497141906,18.066071317403196,8.5,2.5,5,4,76.30023450526791,0.0,results/20260708_srr_v3_m9_dictionary_fidelity_repair_training/runtime_htzhulab_t2_edema_focus,results/20260708_srr_v3_m9_dictionary_fidelity_repair_training/runtime_htzhulab_t2_edema_focus/variants/m9_srr_main_t2_edema_recall_focus/subgroup_metrics_checkpoint_final.csv
m9_srr_main_t2_edema_recall_focus,m9_srr_main_t2_edema_recall_focus__checkpoint_final__argmax,myops_scar,LGE-only,0.4201286143956202,24.70567141141308,6.0,0.625,5,24,46.05051627614768,0.041666666666666664,results/20260708_srr_v3_m9_dictionary_fidelity_repair_training/runtime_htzhulab_t2_edema_focus,results/20260708_srr_v3_m9_dictionary_fidelity_repair_training/runtime_htzhulab_t2_edema_focus/variants/m9_srr_main_t2_edema_recall_focus/subgroup_metrics_checkpoint_final.csv
m9_srr_main_t2_edema_recall_focus,m9_srr_main_t2_edema_recall_focus__checkpoint_final__argmax,myops_scar,no_T2_empty_GT,0.0,,5.0,5.0,5,1,,0.0,results/20260708_srr_v3_m9_dictionary_fidelity_repair_training/runtime_htzhulab_t2_edema_focus,results/20260708_srr_v3_m9_dictionary_fidelity_repair_training/runtime_htzhulab_t2_edema_focus/variants/m9_srr_main_t2_edema_recall_focus/subgroup_metrics_checkpoint_final.csv
m9_srr_main_t2_edema_recall_focus,m9_srr_main_t2_edema_recall_focus__checkpoint_final__pathology_aware,myops_edema,all_cases,0.682186432310611,52.845116283563264,36.81818181818182,27.84090909090909,4,44,69.0763232717504,0.6363636363636364,results/20260708_srr_v3_m9_dictionary_fidelity_repair_training/runtime_htzhulab_t2_edema_focus,results/20260708_srr_v3_m9_dictionary_fidelity_repair_training/runtime_htzhulab_t2_edema_focus/variants/m9_srr_main_t2_edema_recall_focus/subgroup_metrics_checkpoint_final.csv
m9_srr_main_t2_edema_recall_focus,m9_srr_main_t2_edema_recall_focus__checkpoint_final__pathology_aware,myops_edema,gt_positive_only,0.12601268885418043,145.32406977979898,101.25,76.5625,4,16,189.95988899731358,0.0,results/20260708_srr_v3_m9_dictionary_fidelity_repair_training/runtime_htzhulab_t2_edema_focus,results/20260708_srr_v3_m9_dictionary_fidelity_repair_training/runtime_htzhulab_t2_edema_focus/variants/m9_srr_main_t2_edema_recall_focus/subgroup_metrics_checkpoint_final.csv
m9_srr_main_t2_edema_recall_focus,m9_srr_main_t2_edema_recall_focus__checkpoint_final__pathology_aware,myops_edema,t2_present,0.12601268885418043,145.32406977979898,101.25,76.5625,4,16,189.95988899731358,0.0,results/20260708_srr_v3_m9_dictionary_fidelity_repair_training/runtime_htzhulab_t2_edema_focus,results/20260708_srr_v3_m9_dictionary_fidelity_repair_training/runtime_htzhulab_t2_edema_focus/variants/m9_srr_main_t2_edema_recall_focus/subgroup_metrics_checkpoint_final.csv
m9_srr_main_t2_edema_recall_focus,m9_srr_main_t2_edema_recall_focus__checkpoint_final__pathology_aware,myops_edema,complete_modality,0.12601268885418043,145.32406977979898,101.25,76.5625,4,16,189.95988899731358,0.0,results/20260708_srr_v3_m9_dictionary_fidelity_repair_training/runtime_htzhulab_t2_edema_focus,results/20260708_srr_v3_m9_dictionary_fidelity_repair_training/runtime_htzhulab_t2_edema_focus/variants/m9_srr_main_t2_edema_recall_focus/subgroup_metrics_checkpoint_final.csv
m9_srr_main_t2_edema_recall_focus,m9_srr_main_t2_edema_recall_focus__checkpoint_final__pathology_aware,myops_edema,CenterB,0.21982344622460587,142.4427004441756,67.28571428571429,45.714285714285715,4,7,194.33959409837382,0.0,results/20260708_srr_v3_m9_dictionary_fidelity_repair_training/runtime_htzhulab_t2_edema_focus,results/20260708_srr_v3_m9_dictionary_fidelity_repair_training/runtime_htzhulab_t2_edema_focus/variants/m9_srr_main_t2_edema_recall_focus/subgroup_metrics_checkpoint_final.csv
m9_srr_main_t2_edema_recall_focus,m9_srr_main_t2_edema_recall_focus__checkpoint_final__pathology_aware,myops_edema,CenterC,0.053048766454960636,147.56513481861717,127.66666666666667,100.55555555555556,4,9,186.55345169648893,0.0,results/20260708_srr_v3_m9_dictionary_fidelity_repair_training/runtime_htzhulab_t2_edema_focus,results/20260708_srr_v3_m9_dictionary_fidelity_repair_training/runtime_htzhulab_t2_edema_focus/variants/m9_srr_main_t2_edema_recall_focus/subgroup_metrics_checkpoint_final.csv
m9_srr_main_t2_edema_recall_focus,m9_srr_main_t2_edema_recall_focus__checkpoint_final__pathology_aware,myops_edema,C0+LGE,1.0,0.0,0.0,0.0,4,4,0.0,1.0,results/20260708_srr_v3_m9_dictionary_fidelity_repair_training/runtime_htzhulab_t2_edema_focus,results/20260708_srr_v3_m9_dictionary_fidelity_repair_training/runtime_htzhulab_t2_edema_focus/variants/m9_srr_main_t2_edema_recall_focus/subgroup_metrics_checkpoint_final.csv
m9_srr_main_t2_edema_recall_focus,m9_srr_main_t2_edema_recall_focus__checkpoint_final__pathology_aware,myops_edema,LGE-only,1.0,0.0,0.0,0.0,4,24,0.0,1.0,results/20260708_srr_v3_m9_dictionary_fidelity_repair_training/runtime_htzhulab_t2_edema_focus,results/20260708_srr_v3_m9_dictionary_fidelity_repair_training/runtime_htzhulab_t2_edema_focus/variants/m9_srr_main_t2_edema_recall_focus/subgroup_metrics_checkpoint_final.csv
m9_srr_main_t2_edema_recall_focus,m9_srr_main_t2_edema_recall_focus__checkpoint_final__pathology_aware,myops_edema,no_T2_empty_GT,1.0,0.0,0.0,0.0,4,28,0.0,1.0,results/20260708_srr_v3_m9_dictionary_fidelity_repair_training/runtime_htzhulab_t2_edema_focus,results/20260708_srr_v3_m9_dictionary_fidelity_repair_training/runtime_htzhulab_t2_edema_focus/variants/m9_srr_main_t2_edema_recall_focus/subgroup_metrics_checkpoint_final.csv
m9_srr_main_t2_edema_recall_focus,m9_srr_main_t2_edema_recall_focus__checkpoint_final__pathology_aware,myops_scar,all_cases,0.42574600594867645,35.65107972686728,9.886363636363637,4.318181818181818,5,44,86.00683585333579,0.022727272727272728,results/20260708_srr_v3_m9_dictionary_fidelity_repair_training/runtime_htzhulab_t2_edema_focus,results/20260708_srr_v3_m9_dictionary_fidelity_repair_training/runtime_htzhulab_t2_edema_focus/variants/m9_srr_main_t2_edema_recall_focus/subgroup_metrics_checkpoint_final.csv
m9_srr_main_t2_edema_recall_focus,m9_srr_main_t2_edema_recall_focus__checkpoint_final__pathology_aware,myops_scar,gt_positive_only,0.43564707585445966,35.65107972686728,9.976744186046512,4.27906976744186,5,43,86.00683585333579,0.023255813953488372,results/20260708_srr_v3_m9_dictionary_fidelity_repair_training/runtime_htzhulab_t2_edema_focus,results/20260708_srr_v3_m9_dictionary_fidelity_repair_training/runtime_htzhulab_t2_edema_focus/variants/m9_srr_main_t2_edema_recall_focus/subgroup_metrics_checkpoint_final.csv
m9_srr_main_t2_edema_recall_focus,m9_srr_main_t2_edema_recall_focus__checkpoint_final__pathology_aware,myops_scar,t2_present,0.44706210821722253,55.903481437004864,16.875,10.0625,5,16,140.54752778681066,0.0,results/20260708_srr_v3_m9_dictionary_fidelity_repair_training/runtime_htzhulab_t2_edema_focus,results/20260708_srr_v3_m9_dictionary_fidelity_repair_training/runtime_htzhulab_t2_edema_focus/variants/m9_srr_main_t2_edema_recall_focus/subgroup_metrics_checkpoint_final.csv
m9_srr_main_t2_edema_recall_focus,m9_srr_main_t2_edema_recall_focus__checkpoint_final__pathology_aware,myops_scar,complete_modality,0.44706210821722253,55.903481437004864,16.875,10.0625,5,16,140.54752778681066,0.0,results/20260708_srr_v3_m9_dictionary_fidelity_repair_training/runtime_htzhulab_t2_edema_focus,results/20260708_srr_v3_m9_dictionary_fidelity_repair_training/runtime_htzhulab_t2_edema_focus/variants/m9_srr_main_t2_edema_recall_focus/subgroup_metrics_checkpoint_final.csv
m9_srr_main_t2_edema_recall_focus,m9_srr_main_t2_edema_recall_focus__checkpoint_final__pathology_aware,myops_scar,CenterB,0.4520078782639026,36.892634983315475,7.285714285714286,2.4285714285714284,5,7,125.2226639526065,0.0,results/20260708_srr_v3_m9_dictionary_fidelity_repair_training/runtime_htzhulab_t2_edema_focus,results/20260708_srr_v3_m9_dictionary_fidelity_repair_training/runtime_htzhulab_t2_edema_focus/variants/m9_srr_main_t2_edema_recall_focus/subgroup_metrics_checkpoint_final.csv
m9_srr_main_t2_edema_recall_focus,m9_srr_main_t2_edema_recall_focus__checkpoint_final__pathology_aware,myops_scar,CenterC,0.4432153981809158,70.68969534542994,24.333333333333332,16.0,5,9,152.466866324525,0.0,results/20260708_srr_v3_m9_dictionary_fidelity_repair_training/runtime_htzhulab_t2_edema_focus,results/20260708_srr_v3_m9_dictionary_fidelity_repair_training/runtime_htzhulab_t2_edema_focus/variants/m9_srr_main_t2_edema_recall_focus/subgroup_metrics_checkpoint_final.csv
m9_srr_main_t2_edema_recall_focus,m9_srr_main_t2_edema_recall_focus__checkpoint_final__pathology_aware,myops_scar,C0+LGE,0.2916023111438933,16.131893558455886,9.0,2.25,5,4,77.16554450482197,0.0,results/20260708_srr_v3_m9_dictionary_fidelity_repair_training/runtime_htzhulab_t2_edema_focus,results/20260708_srr_v3_m9_dictionary_fidelity_repair_training/runtime_htzhulab_t2_edema_focus/variants/m9_srr_main_t2_edema_recall_focus/subgroup_metrics_checkpoint_final.csv
m9_srr_main_t2_edema_recall_focus,m9_srr_main_t2_edema_recall_focus__checkpoint_final__pathology_aware,myops_scar,LGE-only,0.433892553570443,24.10843325482523,5.375,0.8333333333333334,5,24,49.21869685811595,0.041666666666666664,results/20260708_srr_v3_m9_dictionary_fidelity_repair_training/runtime_htzhulab_t2_edema_focus,results/20260708_srr_v3_m9_dictionary_fidelity_repair_training/runtime_htzhulab_t2_edema_focus/variants/m9_srr_main_t2_edema_recall_focus/subgroup_metrics_checkpoint_final.csv
m9_srr_main_t2_edema_recall_focus,m9_srr_main_t2_edema_recall_focus__checkpoint_final__pathology_aware,myops_scar,no_T2_empty_GT,0.0,,6.0,6.0,5,1,,0.0,results/20260708_srr_v3_m9_dictionary_fidelity_repair_training/runtime_htzhulab_t2_edema_focus,results/20260708_srr_v3_m9_dictionary_fidelity_repair_training/runtime_htzhulab_t2_edema_focus/variants/m9_srr_main_t2_edema_recall_focus/subgroup_metrics_checkpoint_final.csv
m9_srr_main_true_br2_pattern_sip,m9_srr_main_true_br2_pattern_sip__checkpoint_best__argmax,myops_edema,all_cases,0.7370315500332741,24.099296459003668,6.931818181818182,2.477272727272727,4,44,43.326100820317194,0.6363636363636364,results/20260708_srr_v3_m9_dictionary_fidelity_repair_training/runtime_htzhulab_true_br2_pattern_sip,results/20260708_srr_v3_m9_dictionary_fidelity_repair_training/runtime_htzhulab_true_br2_pattern_sip/variants/m9_srr_main_true_br2_pattern_sip/subgroup_metrics_checkpoint_best.csv
m9_srr_main_true_br2_pattern_sip,m9_srr_main_true_br2_pattern_sip__checkpoint_best__argmax,myops_edema,gt_positive_only,0.2768367625915039,66.27306526226009,19.0625,6.8125,4,16,119.14677725587228,0.0,results/20260708_srr_v3_m9_dictionary_fidelity_repair_training/runtime_htzhulab_true_br2_pattern_sip,results/20260708_srr_v3_m9_dictionary_fidelity_repair_training/runtime_htzhulab_true_br2_pattern_sip/variants/m9_srr_main_true_br2_pattern_sip/subgroup_metrics_checkpoint_best.csv
m9_srr_main_true_br2_pattern_sip,m9_srr_main_true_br2_pattern_sip__checkpoint_best__argmax,myops_edema,t2_present,0.2768367625915039,66.27306526226009,19.0625,6.8125,4,16,119.14677725587228,0.0,results/20260708_srr_v3_m9_dictionary_fidelity_repair_training/runtime_htzhulab_true_br2_pattern_sip,results/20260708_srr_v3_m9_dictionary_fidelity_repair_training/runtime_htzhulab_true_br2_pattern_sip/variants/m9_srr_main_true_br2_pattern_sip/subgroup_metrics_checkpoint_best.csv
m9_srr_main_true_br2_pattern_sip,m9_srr_main_true_br2_pattern_sip__checkpoint_best__argmax,myops_edema,complete_modality,0.2768367625915039,66.27306526226009,19.0625,6.8125,4,16,119.14677725587228,0.0,results/20260708_srr_v3_m9_dictionary_fidelity_repair_training/runtime_htzhulab_true_br2_pattern_sip,results/20260708_srr_v3_m9_dictionary_fidelity_repair_training/runtime_htzhulab_true_br2_pattern_sip/variants/m9_srr_main_true_br2_pattern_sip/subgroup_metrics_checkpoint_best.csv
m9_srr_main_true_br2_pattern_sip,m9_srr_main_true_br2_pattern_sip__checkpoint_best__argmax,myops_edema,CenterB,0.3707657047995381,63.41272861860888,13.0,4.714285714285714,4,7,120.95773186275423,0.0,results/20260708_srr_v3_m9_dictionary_fidelity_repair_training/runtime_htzhulab_true_br2_pattern_sip,results/20260708_srr_v3_m9_dictionary_fidelity_repair_training/runtime_htzhulab_true_br2_pattern_sip/variants/m9_srr_main_true_br2_pattern_sip/subgroup_metrics_checkpoint_best.csv
m9_srr_main_true_br2_pattern_sip,m9_srr_main_true_br2_pattern_sip__checkpoint_best__argmax,myops_edema,CenterC,0.20378091865192177,68.49777154065546,23.77777777777778,8.444444444444445,4,9,117.73825700607522,0.0,results/20260708_srr_v3_m9_dictionary_fidelity_repair_training/runtime_htzhulab_true_br2_pattern_sip,results/20260708_srr_v3_m9_dictionary_fidelity_repair_training/runtime_htzhulab_true_br2_pattern_sip/variants/m9_srr_main_true_br2_pattern_sip/subgroup_metrics_checkpoint_best.csv
m9_srr_main_true_br2_pattern_sip,m9_srr_main_true_br2_pattern_sip__checkpoint_best__argmax,myops_edema,C0+LGE,1.0,0.0,0.0,0.0,4,4,0.0,1.0,results/20260708_srr_v3_m9_dictionary_fidelity_repair_training/runtime_htzhulab_true_br2_pattern_sip,results/20260708_srr_v3_m9_dictionary_fidelity_repair_training/runtime_htzhulab_true_br2_pattern_sip/variants/m9_srr_main_true_br2_pattern_sip/subgroup_metrics_checkpoint_best.csv
m9_srr_main_true_br2_pattern_sip,m9_srr_main_true_br2_pattern_sip__checkpoint_best__argmax,myops_edema,LGE-only,1.0,0.0,0.0,0.0,4,24,0.0,1.0,results/20260708_srr_v3_m9_dictionary_fidelity_repair_training/runtime_htzhulab_true_br2_pattern_sip,results/20260708_srr_v3_m9_dictionary_fidelity_repair_training/runtime_htzhulab_true_br2_pattern_sip/variants/m9_srr_main_true_br2_pattern_sip/subgroup_metrics_checkpoint_best.csv
m9_srr_main_true_br2_pattern_sip,m9_srr_main_true_br2_pattern_sip__checkpoint_best__argmax,myops_edema,no_T2_empty_GT,1.0,0.0,0.0,0.0,4,28,0.0,1.0,results/20260708_srr_v3_m9_dictionary_fidelity_repair_training/runtime_htzhulab_true_br2_pattern_sip,results/20260708_srr_v3_m9_dictionary_fidelity_repair_training/runtime_htzhulab_true_br2_pattern_sip/variants/m9_srr_main_true_br2_pattern_sip/subgroup_metrics_checkpoint_best.csv
m9_srr_main_true_br2_pattern_sip,m9_srr_main_true_br2_pattern_sip__checkpoint_best__argmax,myops_scar,all_cases,0.5035198676412013,16.01043094248061,5.2727272727272725,0.45454545454545453,5,44,29.43802602658961,0.045454545454545456,results/20260708_srr_v3_m9_dictionary_fidelity_repair_training/runtime_htzhulab_true_br2_pattern_sip,results/20260708_srr_v3_m9_dictionary_fidelity_repair_training/runtime_htzhulab_true_br2_pattern_sip/variants/m9_srr_main_true_br2_pattern_sip/subgroup_metrics_checkpoint_best.csv
m9_srr_main_true_br2_pattern_sip,m9_srr_main_true_br2_pattern_sip__checkpoint_best__argmax,myops_scar,gt_positive_only,0.5152296320049501,16.01043094248061,5.232558139534884,0.3023255813953488,5,43,29.43802602658961,0.046511627906976744,results/20260708_srr_v3_m9_dictionary_fidelity_repair_training/runtime_htzhulab_true_br2_pattern_sip,results/20260708_srr_v3_m9_dictionary_fidelity_repair_training/runtime_htzhulab_true_br2_pattern_sip/variants/m9_srr_main_true_br2_pattern_sip/subgroup_metrics_checkpoint_best.csv
m9_srr_main_true_br2_pattern_sip,m9_srr_main_true_br2_pattern_sip__checkpoint_best__argmax,myops_scar,t2_present,0.6159407825031605,10.373981597337217,4.625,0.5,5,16,29.36002315850835,0.0,results/20260708_srr_v3_m9_dictionary_fidelity_repair_training/runtime_htzhulab_true_br2_pattern_sip,results/20260708_srr_v3_m9_dictionary_fidelity_repair_training/runtime_htzhulab_true_br2_pattern_sip/variants/m9_srr_main_true_br2_pattern_sip/subgroup_metrics_checkpoint_best.csv
m9_srr_main_true_br2_pattern_sip,m9_srr_main_true_br2_pattern_sip__checkpoint_best__argmax,myops_scar,complete_modality,0.6159407825031605,10.373981597337217,4.625,0.5,5,16,29.36002315850835,0.0,results/20260708_srr_v3_m9_dictionary_fidelity_repair_training/runtime_htzhulab_true_br2_pattern_sip,results/20260708_srr_v3_m9_dictionary_fidelity_repair_training/runtime_htzhulab_true_br2_pattern_sip/variants/m9_srr_main_true_br2_pattern_sip/subgroup_metrics_checkpoint_best.csv
m9_srr_main_true_br2_pattern_sip,m9_srr_main_true_br2_pattern_sip__checkpoint_best__argmax,myops_scar,CenterB,0.6014431169592521,13.078459352563831,2.4285714285714284,0.2857142857142857,5,7,37.06744972755802,0.0,results/20260708_srr_v3_m9_dictionary_fidelity_repair_training/runtime_htzhulab_true_br2_pattern_sip,results/20260708_srr_v3_m9_dictionary_fidelity_repair_training/runtime_htzhulab_true_br2_pattern_sip/variants/m9_srr_main_true_br2_pattern_sip/subgroup_metrics_checkpoint_best.csv
m9_srr_main_true_br2_pattern_sip,m9_srr_main_true_br2_pattern_sip__checkpoint_best__argmax,myops_scar,CenterC,0.6272167445928671,8.270498898827627,6.333333333333333,0.6666666666666666,5,9,23.365358049247497,0.0,results/20260708_srr_v3_m9_dictionary_fidelity_repair_training/runtime_htzhulab_true_br2_pattern_sip,results/20260708_srr_v3_m9_dictionary_fidelity_repair_training/runtime_htzhulab_true_br2_pattern_sip/variants/m9_srr_main_true_br2_pattern_sip/subgroup_metrics_checkpoint_best.csv
m9_srr_main_true_br2_pattern_sip,m9_srr_main_true_br2_pattern_sip__checkpoint_best__argmax,myops_scar,C0+LGE,0.35402350932853266,12.807480191115683,11.75,1.75,5,4,22.876405711928356,0.0,results/20260708_srr_v3_m9_dictionary_fidelity_repair_training/runtime_htzhulab_true_br2_pattern_sip,results/20260708_srr_v3_m9_dictionary_fidelity_repair_training/runtime_htzhulab_true_br2_pattern_sip/variants/m9_srr_main_true_br2_pattern_sip/subgroup_metrics_checkpoint_best.csv
m9_srr_main_true_br2_pattern_sip,m9_srr_main_true_br2_pattern_sip__checkpoint_best__argmax,myops_scar,LGE-only,0.4534886507853398,20.546432841407384,4.625,0.20833333333333334,5,24,30.38952179173888,0.08333333333333333,results/20260708_srr_v3_m9_dictionary_fidelity_repair_training/runtime_htzhulab_true_br2_pattern_sip,results/20260708_srr_v3_m9_dictionary_fidelity_repair_training/runtime_htzhulab_true_br2_pattern_sip/variants/m9_srr_main_true_br2_pattern_sip/subgroup_metrics_checkpoint_best.csv
m9_srr_main_true_br2_pattern_sip,m9_srr_main_true_br2_pattern_sip__checkpoint_best__argmax,myops_scar,no_T2_empty_GT,0.0,,7.0,7.0,5,1,,0.0,results/20260708_srr_v3_m9_dictionary_fidelity_repair_training/runtime_htzhulab_true_br2_pattern_sip,results/20260708_srr_v3_m9_dictionary_fidelity_repair_training/runtime_htzhulab_true_br2_pattern_sip/variants/m9_srr_main_true_br2_pattern_sip/subgroup_metrics_checkpoint_best.csv
m9_srr_main_true_br2_pattern_sip,m9_srr_main_true_br2_pattern_sip__checkpoint_best__pathology_aware,myops_edema,all_cases,0.7420758870881397,28.420460359651695,7.136363636363637,2.75,4,44,47.133256464738615,0.6363636363636364,results/20260708_srr_v3_m9_dictionary_fidelity_repair_training/runtime_htzhulab_true_br2_pattern_sip,results/20260708_srr_v3_m9_dictionary_fidelity_repair_training/runtime_htzhulab_true_br2_pattern_sip/variants/m9_srr_main_true_br2_pattern_sip/subgroup_metrics_checkpoint_best.csv
m9_srr_main_true_br2_pattern_sip,m9_srr_main_true_br2_pattern_sip__checkpoint_best__pathology_aware,myops_edema,gt_positive_only,0.2907086894923841,78.15626598904215,19.625,7.5625,4,16,129.6164552780312,0.0,results/20260708_srr_v3_m9_dictionary_fidelity_repair_training/runtime_htzhulab_true_br2_pattern_sip,results/20260708_srr_v3_m9_dictionary_fidelity_repair_training/runtime_htzhulab_true_br2_pattern_sip/variants/m9_srr_main_true_br2_pattern_sip/subgroup_metrics_checkpoint_best.csv
m9_srr_main_true_br2_pattern_sip,m9_srr_main_true_br2_pattern_sip__checkpoint_best__pathology_aware,myops_edema,t2_present,0.2907086894923841,78.15626598904215,19.625,7.5625,4,16,129.6164552780312,0.0,results/20260708_srr_v3_m9_dictionary_fidelity_repair_training/runtime_htzhulab_true_br2_pattern_sip,results/20260708_srr_v3_m9_dictionary_fidelity_repair_training/runtime_htzhulab_true_br2_pattern_sip/variants/m9_srr_main_true_br2_pattern_sip/subgroup_metrics_checkpoint_best.csv
m9_srr_main_true_br2_pattern_sip,m9_srr_main_true_br2_pattern_sip__checkpoint_best__pathology_aware,myops_edema,complete_modality,0.2907086894923841,78.15626598904215,19.625,7.5625,4,16,129.6164552780312,0.0,results/20260708_srr_v3_m9_dictionary_fidelity_repair_training/runtime_htzhulab_true_br2_pattern_sip,results/20260708_srr_v3_m9_dictionary_fidelity_repair_training/runtime_htzhulab_true_br2_pattern_sip/variants/m9_srr_main_true_br2_pattern_sip/subgroup_metrics_checkpoint_best.csv
m9_srr_main_true_br2_pattern_sip,m9_srr_main_true_br2_pattern_sip__checkpoint_best__pathology_aware,myops_edema,CenterB,0.3844741610251838,63.49575946845848,13.571428571428571,4.857142857142857,4,7,121.52646964446421,0.0,results/20260708_srr_v3_m9_dictionary_fidelity_repair_training/runtime_htzhulab_true_br2_pattern_sip,results/20260708_srr_v3_m9_dictionary_fidelity_repair_training/runtime_htzhulab_true_br2_pattern_sip/variants/m9_srr_main_true_br2_pattern_sip/subgroup_metrics_checkpoint_best.csv
m9_srr_main_true_br2_pattern_sip,m9_srr_main_true_br2_pattern_sip__checkpoint_best__pathology_aware,myops_edema,CenterC,0.21777998941131765,89.55888217171835,24.333333333333332,9.666666666666666,4,9,135.90866632636107,0.0,results/20260708_srr_v3_m9_dictionary_fidelity_repair_training/runtime_htzhulab_true_br2_pattern_sip,results/20260708_srr_v3_m9_dictionary_fidelity_repair_training/runtime_htzhulab_true_br2_pattern_sip/variants/m9_srr_main_true_br2_pattern_sip/subgroup_metrics_checkpoint_best.csv
m9_srr_main_true_br2_pattern_sip,m9_srr_main_true_br2_pattern_sip__checkpoint_best__pathology_aware,myops_edema,C0+LGE,1.0,0.0,0.0,0.0,4,4,0.0,1.0,results/20260708_srr_v3_m9_dictionary_fidelity_repair_training/runtime_htzhulab_true_br2_pattern_sip,results/20260708_srr_v3_m9_dictionary_fidelity_repair_training/runtime_htzhulab_true_br2_pattern_sip/variants/m9_srr_main_true_br2_pattern_sip/subgroup_metrics_checkpoint_best.csv
m9_srr_main_true_br2_pattern_sip,m9_srr_main_true_br2_pattern_sip__checkpoint_best__pathology_aware,myops_edema,LGE-only,1.0,0.0,0.0,0.0,4,24,0.0,1.0,results/20260708_srr_v3_m9_dictionary_fidelity_repair_training/runtime_htzhulab_true_br2_pattern_sip,results/20260708_srr_v3_m9_dictionary_fidelity_repair_training/runtime_htzhulab_true_br2_pattern_sip/variants/m9_srr_main_true_br2_pattern_sip/subgroup_metrics_checkpoint_best.csv
m9_srr_main_true_br2_pattern_sip,m9_srr_main_true_br2_pattern_sip__checkpoint_best__pathology_aware,myops_edema,no_T2_empty_GT,1.0,0.0,0.0,0.0,4,28,0.0,1.0,results/20260708_srr_v3_m9_dictionary_fidelity_repair_training/runtime_htzhulab_true_br2_pattern_sip,results/20260708_srr_v3_m9_dictionary_fidelity_repair_training/runtime_htzhulab_true_br2_pattern_sip/variants/m9_srr_main_true_br2_pattern_sip/subgroup_metrics_checkpoint_best.csv
m9_srr_main_true_br2_pattern_sip,m9_srr_main_true_br2_pattern_sip__checkpoint_best__pathology_aware,myops_scar,all_cases,0.5115244552980555,15.907259075757079,4.2272727272727275,0.5227272727272727,5,44,29.387092373530155,0.045454545454545456,results/20260708_srr_v3_m9_dictionary_fidelity_repair_training/runtime_htzhulab_true_br2_pattern_sip,results/20260708_srr_v3_m9_dictionary_fidelity_repair_training/runtime_htzhulab_true_br2_pattern_sip/variants/m9_srr_main_true_br2_pattern_sip/subgroup_metrics_checkpoint_best.csv
m9_srr_main_true_br2_pattern_sip,m9_srr_main_true_br2_pattern_sip__checkpoint_best__pathology_aware,myops_scar,gt_positive_only,0.5234203728631265,15.907259075757079,4.162790697674419,0.37209302325581395,5,43,29.387092373530155,0.046511627906976744,results/20260708_srr_v3_m9_dictionary_fidelity_repair_training/runtime_htzhulab_true_br2_pattern_sip,results/20260708_srr_v3_m9_dictionary_fidelity_repair_training/runtime_htzhulab_true_br2_pattern_sip/variants/m9_srr_main_true_br2_pattern_sip/subgroup_metrics_checkpoint_best.csv
m9_srr_main_true_br2_pattern_sip,m9_srr_main_true_br2_pattern_sip__checkpoint_best__pathology_aware,myops_scar,t2_present,0.6297596445234689,10.186718477864465,3.75,0.5,5,16,29.27048119022089,0.0,results/20260708_srr_v3_m9_dictionary_fidelity_repair_training/runtime_htzhulab_true_br2_pattern_sip,results/20260708_srr_v3_m9_dictionary_fidelity_repair_training/runtime_htzhulab_true_br2_pattern_sip/variants/m9_srr_main_true_br2_pattern_sip/subgroup_metrics_checkpoint_best.csv
m9_srr_main_true_br2_pattern_sip,m9_srr_main_true_br2_pattern_sip__checkpoint_best__pathology_aware,myops_scar,complete_modality,0.6297596445234689,10.186718477864465,3.75,0.5,5,16,29.27048119022089,0.0,results/20260708_srr_v3_m9_dictionary_fidelity_repair_training/runtime_htzhulab_true_br2_pattern_sip,results/20260708_srr_v3_m9_dictionary_fidelity_repair_training/runtime_htzhulab_true_br2_pattern_sip/variants/m9_srr_main_true_br2_pattern_sip/subgroup_metrics_checkpoint_best.csv
m9_srr_main_true_br2_pattern_sip,m9_srr_main_true_br2_pattern_sip__checkpoint_best__pathology_aware,myops_scar,CenterB,0.6050032607850686,13.08257958661562,2.2857142857142856,0.2857142857142857,5,7,37.106485244677174,0.0,results/20260708_srr_v3_m9_dictionary_fidelity_repair_training/runtime_htzhulab_true_br2_pattern_sip,results/20260708_srr_v3_m9_dictionary_fidelity_repair_training/runtime_htzhulab_true_br2_pattern_sip/variants/m9_srr_main_true_br2_pattern_sip/subgroup_metrics_checkpoint_best.csv
m9_srr_main_true_br2_pattern_sip,m9_srr_main_true_br2_pattern_sip__checkpoint_best__pathology_aware,myops_scar,CenterC,0.6490146096533358,7.934382059946901,4.888888888888889,0.6666666666666666,5,9,23.175811370088223,0.0,results/20260708_srr_v3_m9_dictionary_fidelity_repair_training/runtime_htzhulab_true_br2_pattern_sip,results/20260708_srr_v3_m9_dictionary_fidelity_repair_training/runtime_htzhulab_true_br2_pattern_sip/variants/m9_srr_main_true_br2_pattern_sip/subgroup_metrics_checkpoint_best.csv
m9_srr_main_true_br2_pattern_sip,m9_srr_main_true_br2_pattern_sip__checkpoint_best__pathology_aware,myops_scar,C0+LGE,0.37162807244676777,12.155690681400527,6.5,1.75,5,4,22.843841861272352,0.0,results/20260708_srr_v3_m9_dictionary_fidelity_repair_training/runtime_htzhulab_true_br2_pattern_sip,results/20260708_srr_v3_m9_dictionary_fidelity_repair_training/runtime_htzhulab_true_br2_pattern_sip/variants/m9_srr_main_true_br2_pattern_sip/subgroup_metrics_checkpoint_best.csv
m9_srr_main_true_br2_pattern_sip,m9_srr_main_true_br2_pattern_sip__checkpoint_best__pathology_aware,myops_scar,LGE-only,0.45601705962299444,20.579229746182143,4.166666666666667,0.3333333333333333,5,24,30.364161940335684,0.08333333333333333,results/20260708_srr_v3_m9_dictionary_fidelity_repair_training/runtime_htzhulab_true_br2_pattern_sip,results/20260708_srr_v3_m9_dictionary_fidelity_repair_training/runtime_htzhulab_true_br2_pattern_sip/variants/m9_srr_main_true_br2_pattern_sip/subgroup_metrics_checkpoint_best.csv
m9_srr_main_true_br2_pattern_sip,m9_srr_main_true_br2_pattern_sip__checkpoint_best__pathology_aware,myops_scar,no_T2_empty_GT,0.0,,7.0,7.0,5,1,,0.0,results/20260708_srr_v3_m9_dictionary_fidelity_repair_training/runtime_htzhulab_true_br2_pattern_sip,results/20260708_srr_v3_m9_dictionary_fidelity_repair_training/runtime_htzhulab_true_br2_pattern_sip/variants/m9_srr_main_true_br2_pattern_sip/subgroup_metrics_checkpoint_best.csv
m9_srr_main_true_br2_pattern_sip,m9_srr_main_true_br2_pattern_sip__checkpoint_final__argmax,myops_edema,all_cases,0.6901705010710694,22.519961066761866,4.636363636363637,1.6136363636363635,4,44,47.149390717287886,0.6363636363636364,results/20260708_srr_v3_m9_dictionary_fidelity_repair_training/runtime_htzhulab_true_br2_pattern_sip,results/20260708_srr_v3_m9_dictionary_fidelity_repair_training/runtime_htzhulab_true_br2_pattern_sip/variants/m9_srr_main_true_br2_pattern_sip/subgroup_metrics_checkpoint_final.csv
m9_srr_main_true_br2_pattern_sip,m9_srr_main_true_br2_pattern_sip__checkpoint_final__argmax,myops_edema,gt_positive_only,0.14796887794544064,61.92989293359513,12.75,4.4375,4,16,129.6608244725417,0.0,results/20260708_srr_v3_m9_dictionary_fidelity_repair_training/runtime_htzhulab_true_br2_pattern_sip,results/20260708_srr_v3_m9_dictionary_fidelity_repair_training/runtime_htzhulab_true_br2_pattern_sip/variants/m9_srr_main_true_br2_pattern_sip/subgroup_metrics_checkpoint_final.csv
m9_srr_main_true_br2_pattern_sip,m9_srr_main_true_br2_pattern_sip__checkpoint_final__argmax,myops_edema,t2_present,0.14796887794544064,61.92989293359513,12.75,4.4375,4,16,129.6608244725417,0.0,results/20260708_srr_v3_m9_dictionary_fidelity_repair_training/runtime_htzhulab_true_br2_pattern_sip,results/20260708_srr_v3_m9_dictionary_fidelity_repair_training/runtime_htzhulab_true_br2_pattern_sip/variants/m9_srr_main_true_br2_pattern_sip/subgroup_metrics_checkpoint_final.csv
m9_srr_main_true_br2_pattern_sip,m9_srr_main_true_br2_pattern_sip__checkpoint_final__argmax,myops_edema,complete_modality,0.14796887794544064,61.92989293359513,12.75,4.4375,4,16,129.6608244725417,0.0,results/20260708_srr_v3_m9_dictionary_fidelity_repair_training/runtime_htzhulab_true_br2_pattern_sip,results/20260708_srr_v3_m9_dictionary_fidelity_repair_training/runtime_htzhulab_true_br2_pattern_sip/variants/m9_srr_main_true_br2_pattern_sip/subgroup_metrics_checkpoint_final.csv
m9_srr_main_true_br2_pattern_sip,m9_srr_main_true_br2_pattern_sip__checkpoint_final__argmax,myops_edema,CenterB,0.30412946692236303,45.95284057822453,15.571428571428571,3.0,4,7,125.72190880819505,0.0,results/20260708_srr_v3_m9_dictionary_fidelity_repair_training/runtime_htzhulab_true_br2_pattern_sip,results/20260708_srr_v3_m9_dictionary_fidelity_repair_training/runtime_htzhulab_true_br2_pattern_sip/variants/m9_srr_main_true_br2_pattern_sip/subgroup_metrics_checkpoint_final.csv
m9_srr_main_true_br2_pattern_sip,m9_srr_main_true_br2_pattern_sip__checkpoint_final__argmax,myops_edema,CenterC,0.026510642074500983,74.35648920999448,10.555555555555555,5.555555555555555,4,9,132.72442554481128,0.0,results/20260708_srr_v3_m9_dictionary_fidelity_repair_training/runtime_htzhulab_true_br2_pattern_sip,results/20260708_srr_v3_m9_dictionary_fidelity_repair_training/runtime_htzhulab_true_br2_pattern_sip/variants/m9_srr_main_true_br2_pattern_sip/subgroup_metrics_checkpoint_final.csv
m9_srr_main_true_br2_pattern_sip,m9_srr_main_true_br2_pattern_sip__checkpoint_final__argmax,myops_edema,C0+LGE,1.0,0.0,0.0,0.0,4,4,0.0,1.0,results/20260708_srr_v3_m9_dictionary_fidelity_repair_training/runtime_htzhulab_true_br2_pattern_sip,results/20260708_srr_v3_m9_dictionary_fidelity_repair_training/runtime_htzhulab_true_br2_pattern_sip/variants/m9_srr_main_true_br2_pattern_sip/subgroup_metrics_checkpoint_final.csv
m9_srr_main_true_br2_pattern_sip,m9_srr_main_true_br2_pattern_sip__checkpoint_final__argmax,myops_edema,LGE-only,1.0,0.0,0.0,0.0,4,24,0.0,1.0,results/20260708_srr_v3_m9_dictionary_fidelity_repair_training/runtime_htzhulab_true_br2_pattern_sip,results/20260708_srr_v3_m9_dictionary_fidelity_repair_training/runtime_htzhulab_true_br2_pattern_sip/variants/m9_srr_main_true_br2_pattern_sip/subgroup_metrics_checkpoint_final.csv
m9_srr_main_true_br2_pattern_sip,m9_srr_main_true_br2_pattern_sip__checkpoint_final__argmax,myops_edema,no_T2_empty_GT,1.0,0.0,0.0,0.0,4,28,0.0,1.0,results/20260708_srr_v3_m9_dictionary_fidelity_repair_training/runtime_htzhulab_true_br2_pattern_sip,results/20260708_srr_v3_m9_dictionary_fidelity_repair_training/runtime_htzhulab_true_br2_pattern_sip/variants/m9_srr_main_true_br2_pattern_sip/subgroup_metrics_checkpoint_final.csv
m9_srr_main_true_br2_pattern_sip,m9_srr_main_true_br2_pattern_sip__checkpoint_final__argmax,myops_scar,all_cases,0.46725563012934473,24.312144075813443,6.7272727272727275,1.0909090909090908,5,44,53.26429479805372,0.022727272727272728,results/20260708_srr_v3_m9_dictionary_fidelity_repair_training/runtime_htzhulab_true_br2_pattern_sip,results/20260708_srr_v3_m9_dictionary_fidelity_repair_training/runtime_htzhulab_true_br2_pattern_sip/variants/m9_srr_main_true_br2_pattern_sip/subgroup_metrics_checkpoint_final.csv
m9_srr_main_true_br2_pattern_sip,m9_srr_main_true_br2_pattern_sip__checkpoint_final__argmax,myops_scar,gt_positive_only,0.47812204013235277,24.312144075813443,6.744186046511628,0.9767441860465116,5,43,53.26429479805372,0.023255813953488372,results/20260708_srr_v3_m9_dictionary_fidelity_repair_training/runtime_htzhulab_true_br2_pattern_sip,results/20260708_srr_v3_m9_dictionary_fidelity_repair_training/runtime_htzhulab_true_br2_pattern_sip/variants/m9_srr_main_true_br2_pattern_sip/subgroup_metrics_checkpoint_final.csv
m9_srr_main_true_br2_pattern_sip,m9_srr_main_true_br2_pattern_sip__checkpoint_final__argmax,myops_scar,t2_present,0.5244732267105331,27.538087081166957,7.6875,2.375,5,16,78.21610588965736,0.0,results/20260708_srr_v3_m9_dictionary_fidelity_repair_training/runtime_htzhulab_true_br2_pattern_sip,results/20260708_srr_v3_m9_dictionary_fidelity_repair_training/runtime_htzhulab_true_br2_pattern_sip/variants/m9_srr_main_true_br2_pattern_sip/subgroup_metrics_checkpoint_final.csv
m9_srr_main_true_br2_pattern_sip,m9_srr_main_true_br2_pattern_sip__checkpoint_final__argmax,myops_scar,complete_modality,0.5244732267105331,27.538087081166957,7.6875,2.375,5,16,78.21610588965736,0.0,results/20260708_srr_v3_m9_dictionary_fidelity_repair_training/runtime_htzhulab_true_br2_pattern_sip,results/20260708_srr_v3_m9_dictionary_fidelity_repair_training/runtime_htzhulab_true_br2_pattern_sip/variants/m9_srr_main_true_br2_pattern_sip/subgroup_metrics_checkpoint_final.csv
m9_srr_main_true_br2_pattern_sip,m9_srr_main_true_br2_pattern_sip__checkpoint_final__argmax,myops_scar,CenterB,0.4827836417041527,25.61970943118901,4.285714285714286,0.7142857142857143,5,7,64.44578637630498,0.0,results/20260708_srr_v3_m9_dictionary_fidelity_repair_training/runtime_htzhulab_true_br2_pattern_sip,results/20260708_srr_v3_m9_dictionary_fidelity_repair_training/runtime_htzhulab_true_br2_pattern_sip/variants/m9_srr_main_true_br2_pattern_sip/subgroup_metrics_checkpoint_final.csv
m9_srr_main_true_br2_pattern_sip,m9_srr_main_true_br2_pattern_sip__checkpoint_final__argmax,myops_scar,CenterC,0.5568984594932734,29.03015858670536,10.333333333333334,3.6666666666666665,5,9,88.92635440004256,0.0,results/20260708_srr_v3_m9_dictionary_fidelity_repair_training/runtime_htzhulab_true_br2_pattern_sip,results/20260708_srr_v3_m9_dictionary_fidelity_repair_training/runtime_htzhulab_true_br2_pattern_sip/variants/m9_srr_main_true_br2_pattern_sip/subgroup_metrics_checkpoint_final.csv
m9_srr_main_true_br2_pattern_sip,m9_srr_main_true_br2_pattern_sip__checkpoint_final__argmax,myops_scar,C0+LGE,0.2941476893168409,27.368679857071044,9.5,1.5,5,4,41.93440351484218,0.0,results/20260708_srr_v3_m9_dictionary_fidelity_repair_training/runtime_htzhulab_true_br2_pattern_sip,results/20260708_srr_v3_m9_dictionary_fidelity_repair_training/runtime_htzhulab_true_br2_pattern_sip/variants/m9_srr_main_true_br2_pattern_sip/subgroup_metrics_checkpoint_final.csv
m9_srr_main_true_br2_pattern_sip,m9_srr_main_true_br2_pattern_sip__checkpoint_final__argmax,myops_scar,LGE-only,0.45796188921063646,21.66933123105566,5.625,0.16666666666666666,5,24,37.38432507561791,0.041666666666666664,results/20260708_srr_v3_m9_dictionary_fidelity_repair_training/runtime_htzhulab_true_br2_pattern_sip,results/20260708_srr_v3_m9_dictionary_fidelity_repair_training/runtime_htzhulab_true_br2_pattern_sip/variants/m9_srr_main_true_br2_pattern_sip/subgroup_metrics_checkpoint_final.csv
m9_srr_main_true_br2_pattern_sip,m9_srr_main_true_br2_pattern_sip__checkpoint_final__argmax,myops_scar,no_T2_empty_GT,0.0,,6.0,6.0,5,1,,0.0,results/20260708_srr_v3_m9_dictionary_fidelity_repair_training/runtime_htzhulab_true_br2_pattern_sip,results/20260708_srr_v3_m9_dictionary_fidelity_repair_training/runtime_htzhulab_true_br2_pattern_sip/variants/m9_srr_main_true_br2_pattern_sip/subgroup_metrics_checkpoint_final.csv
m9_srr_main_true_br2_pattern_sip,m9_srr_main_true_br2_pattern_sip__checkpoint_final__pathology_aware,myops_edema,all_cases,0.6901711054056924,37.57567372475441,9.818181818181818,6.386363636363637,4,44,59.61898443639335,0.6363636363636364,results/20260708_srr_v3_m9_dictionary_fidelity_repair_training/runtime_htzhulab_true_br2_pattern_sip,results/20260708_srr_v3_m9_dictionary_fidelity_repair_training/runtime_htzhulab_true_br2_pattern_sip/variants/m9_srr_main_true_br2_pattern_sip/subgroup_metrics_checkpoint_final.csv
m9_srr_main_true_br2_pattern_sip,m9_srr_main_true_br2_pattern_sip__checkpoint_final__pathology_aware,myops_edema,gt_positive_only,0.1479705398656541,103.33310274307462,27.0,17.5625,4,16,163.95220720008172,0.0,results/20260708_srr_v3_m9_dictionary_fidelity_repair_training/runtime_htzhulab_true_br2_pattern_sip,results/20260708_srr_v3_m9_dictionary_fidelity_repair_training/runtime_htzhulab_true_br2_pattern_sip/variants/m9_srr_main_true_br2_pattern_sip/subgroup_metrics_checkpoint_final.csv
m9_srr_main_true_br2_pattern_sip,m9_srr_main_true_br2_pattern_sip__checkpoint_final__pathology_aware,myops_edema,t2_present,0.1479705398656541,103.33310274307462,27.0,17.5625,4,16,163.95220720008172,0.0,results/20260708_srr_v3_m9_dictionary_fidelity_repair_training/runtime_htzhulab_true_br2_pattern_sip,results/20260708_srr_v3_m9_dictionary_fidelity_repair_training/runtime_htzhulab_true_br2_pattern_sip/variants/m9_srr_main_true_br2_pattern_sip/subgroup_metrics_checkpoint_final.csv
m9_srr_main_true_br2_pattern_sip,m9_srr_main_true_br2_pattern_sip__checkpoint_final__pathology_aware,myops_edema,complete_modality,0.1479705398656541,103.33310274307462,27.0,17.5625,4,16,163.95220720008172,0.0,results/20260708_srr_v3_m9_dictionary_fidelity_repair_training/runtime_htzhulab_true_br2_pattern_sip,results/20260708_srr_v3_m9_dictionary_fidelity_repair_training/runtime_htzhulab_true_br2_pattern_sip/variants/m9_srr_main_true_br2_pattern_sip/subgroup_metrics_checkpoint_final.csv
m9_srr_main_true_br2_pattern_sip,m9_srr_main_true_br2_pattern_sip__checkpoint_final__pathology_aware,myops_edema,CenterB,0.30500793452882013,69.05151422304948,23.714285714285715,9.714285714285714,4,7,170.47138198435803,0.0,results/20260708_srr_v3_m9_dictionary_fidelity_repair_training/runtime_htzhulab_true_br2_pattern_sip,results/20260708_srr_v3_m9_dictionary_fidelity_repair_training/runtime_htzhulab_true_br2_pattern_sip/variants/m9_srr_main_true_br2_pattern_sip/subgroup_metrics_checkpoint_final.csv
m9_srr_main_true_br2_pattern_sip,m9_srr_main_true_br2_pattern_sip__checkpoint_final__pathology_aware,myops_edema,CenterC,0.025830344016524946,129.99656048087195,29.555555555555557,23.666666666666668,4,9,158.88173792342235,0.0,results/20260708_srr_v3_m9_dictionary_fidelity_repair_training/runtime_htzhulab_true_br2_pattern_sip,results/20260708_srr_v3_m9_dictionary_fidelity_repair_training/runtime_htzhulab_true_br2_pattern_sip/variants/m9_srr_main_true_br2_pattern_sip/subgroup_metrics_checkpoint_final.csv
m9_srr_main_true_br2_pattern_sip,m9_srr_main_true_br2_pattern_sip__checkpoint_final__pathology_aware,myops_edema,C0+LGE,1.0,0.0,0.0,0.0,4,4,0.0,1.0,results/20260708_srr_v3_m9_dictionary_fidelity_repair_training/runtime_htzhulab_true_br2_pattern_sip,results/20260708_srr_v3_m9_dictionary_fidelity_repair_training/runtime_htzhulab_true_br2_pattern_sip/variants/m9_srr_main_true_br2_pattern_sip/subgroup_metrics_checkpoint_final.csv
m9_srr_main_true_br2_pattern_sip,m9_srr_main_true_br2_pattern_sip__checkpoint_final__pathology_aware,myops_edema,LGE-only,1.0,0.0,0.0,0.0,4,24,0.0,1.0,results/20260708_srr_v3_m9_dictionary_fidelity_repair_training/runtime_htzhulab_true_br2_pattern_sip,results/20260708_srr_v3_m9_dictionary_fidelity_repair_training/runtime_htzhulab_true_br2_pattern_sip/variants/m9_srr_main_true_br2_pattern_sip/subgroup_metrics_checkpoint_final.csv
m9_srr_main_true_br2_pattern_sip,m9_srr_main_true_br2_pattern_sip__checkpoint_final__pathology_aware,myops_edema,no_T2_empty_GT,1.0,0.0,0.0,0.0,4,28,0.0,1.0,results/20260708_srr_v3_m9_dictionary_fidelity_repair_training/runtime_htzhulab_true_br2_pattern_sip,results/20260708_srr_v3_m9_dictionary_fidelity_repair_training/runtime_htzhulab_true_br2_pattern_sip/variants/m9_srr_main_true_br2_pattern_sip/subgroup_metrics_checkpoint_final.csv
m9_srr_main_true_br2_pattern_sip,m9_srr_main_true_br2_pattern_sip__checkpoint_final__pathology_aware,myops_scar,all_cases,0.4629833667468045,30.75481507800824,8.477272727272727,2.659090909090909,5,44,68.73439042040023,0.022727272727272728,results/20260708_srr_v3_m9_dictionary_fidelity_repair_training/runtime_htzhulab_true_br2_pattern_sip,results/20260708_srr_v3_m9_dictionary_fidelity_repair_training/runtime_htzhulab_true_br2_pattern_sip/variants/m9_srr_main_true_br2_pattern_sip/subgroup_metrics_checkpoint_final.csv
m9_srr_main_true_br2_pattern_sip,m9_srr_main_true_br2_pattern_sip__checkpoint_final__pathology_aware,myops_scar,gt_positive_only,0.4737504217874279,30.75481507800824,8.534883720930232,2.5813953488372094,5,43,68.73439042040023,0.023255813953488372,results/20260708_srr_v3_m9_dictionary_fidelity_repair_training/runtime_htzhulab_true_br2_pattern_sip,results/20260708_srr_v3_m9_dictionary_fidelity_repair_training/runtime_htzhulab_true_br2_pattern_sip/variants/m9_srr_main_true_br2_pattern_sip/subgroup_metrics_checkpoint_final.csv
m9_srr_main_true_br2_pattern_sip,m9_srr_main_true_br2_pattern_sip__checkpoint_final__pathology_aware,myops_scar,t2_present,0.5126069771902574,45.64228698828845,12.1875,6.6875,5,16,120.73203243336236,0.0,results/20260708_srr_v3_m9_dictionary_fidelity_repair_training/runtime_htzhulab_true_br2_pattern_sip,results/20260708_srr_v3_m9_dictionary_fidelity_repair_training/runtime_htzhulab_true_br2_pattern_sip/variants/m9_srr_main_true_br2_pattern_sip/subgroup_metrics_checkpoint_final.csv
m9_srr_main_true_br2_pattern_sip,m9_srr_main_true_br2_pattern_sip__checkpoint_final__pathology_aware,myops_scar,complete_modality,0.5126069771902574,45.64228698828845,12.1875,6.6875,5,16,120.73203243336236,0.0,results/20260708_srr_v3_m9_dictionary_fidelity_repair_training/runtime_htzhulab_true_br2_pattern_sip,results/20260708_srr_v3_m9_dictionary_fidelity_repair_training/runtime_htzhulab_true_br2_pattern_sip/variants/m9_srr_main_true_br2_pattern_sip/subgroup_metrics_checkpoint_final.csv
m9_srr_main_true_br2_pattern_sip,m9_srr_main_true_br2_pattern_sip__checkpoint_final__pathology_aware,myops_scar,CenterB,0.47103587301074284,43.452234649518,5.857142857142857,1.8571428571428572,5,7,102.92295311424958,0.0,results/20260708_srr_v3_m9_dictionary_fidelity_repair_training/runtime_htzhulab_true_br2_pattern_sip,results/20260708_srr_v3_m9_dictionary_fidelity_repair_training/runtime_htzhulab_true_br2_pattern_sip/variants/m9_srr_main_true_br2_pattern_sip/subgroup_metrics_checkpoint_final.csv
m9_srr_main_true_br2_pattern_sip,m9_srr_main_true_br2_pattern_sip__checkpoint_final__pathology_aware,myops_scar,CenterC,0.5449400582187687,47.34566102955435,17.11111111111111,10.444444444444445,5,9,134.5835385704501,0.0,results/20260708_srr_v3_m9_dictionary_fidelity_repair_training/runtime_htzhulab_true_br2_pattern_sip,results/20260708_srr_v3_m9_dictionary_fidelity_repair_training/runtime_htzhulab_true_br2_pattern_sip/variants/m9_srr_main_true_br2_pattern_sip/subgroup_metrics_checkpoint_final.csv
m9_srr_main_true_br2_pattern_sip,m9_srr_main_true_br2_pattern_sip__checkpoint_final__pathology_aware,myops_scar,C0+LGE,0.31225137067182884,16.512252583753444,11.0,1.5,5,4,30.504920407343615,0.0,results/20260708_srr_v3_m9_dictionary_fidelity_repair_training/runtime_htzhulab_true_br2_pattern_sip,results/20260708_srr_v3_m9_dictionary_fidelity_repair_training/runtime_htzhulab_true_br2_pattern_sip/variants/m9_srr_main_true_br2_pattern_sip/subgroup_metrics_checkpoint_final.csv
m9_srr_main_true_br2_pattern_sip,m9_srr_main_true_br2_pattern_sip__checkpoint_final__pathology_aware,myops_scar,LGE-only,0.45502295913033186,22.256038422281325,5.583333333333333,0.16666666666666666,5,24,37.54857032612962,0.041666666666666664,results/20260708_srr_v3_m9_dictionary_fidelity_repair_training/runtime_htzhulab_true_br2_pattern_sip,results/20260708_srr_v3_m9_dictionary_fidelity_repair_training/runtime_htzhulab_true_br2_pattern_sip/variants/m9_srr_main_true_br2_pattern_sip/subgroup_metrics_checkpoint_final.csv
m9_srr_main_true_br2_pattern_sip,m9_srr_main_true_br2_pattern_sip__checkpoint_final__pathology_aware,myops_scar,no_T2_empty_GT,0.0,,6.0,6.0,5,1,,0.0,results/20260708_srr_v3_m9_dictionary_fidelity_repair_training/runtime_htzhulab_true_br2_pattern_sip,results/20260708_srr_v3_m9_dictionary_fidelity_repair_training/runtime_htzhulab_true_br2_pattern_sip/variants/m9_srr_main_true_br2_pattern_sip/subgroup_metrics_checkpoint_final.csv
