candidate_id,variant,step,stage,loss,elapsed_seconds,model_variant,source_model_variant,evidence_loss,final_loss,scar_proposal_loss,edema_proposal_loss,proposal_margin_loss,scar_component_ranking_loss,edema_component_ranking_loss,component_proposal_ranking_loss,roi_cover_loss,roi_remote_loss,semantic_retrieval_loss,baseline_preservation_loss,correction_opportunity_loss,baseline_preserve_voxels,baseline_preserve_gate_mean,proposal_weight,refine_weight,edema_supervised_batch_fraction,anchor_present_batch_fraction,component_present_batch_fraction,baseline_gate_mean,baseline_residual_abs_mean,branch_correction_open_rate,proposal_weight_mean,refiner_weight_mean,final_logit_delta_roi_abs_mean,baseline_gate_status,local_refinement_status,anatomy_roi_prior_status,encoder_profile,encoder_scale_channels,p_union_mean,p_lv_mean,p_rv_mean,union_distance_mean,lv_distance_mean,rv_distance_mean,scar_anatomy_soft_gate_mean,edema_anatomy_soft_gate_mean,empty_union_fallback_fraction,prototype_source_scar,prototype_source_edema,batch_cases,loss_anatomy_union_lv_rv,loss_scar_proposal,loss_edema_proposal_t2_present_only,loss_scar_refiner_roi,loss_scar_refiner_small_roi,loss_edema_refiner_t2_present_roi,loss_edema_refiner_large_roi_t2_present,loss_anchor_preservation_outside_roi,loss_correction_opportunity,loss_branch_arbitration_consistency,loss_bounded_correction,loss_component_remote_fp,loss_no_t2_edema_safety,loss_dictionary_entropy_coverage_load_balance,loss_pattern_sip_integrativeness,loss_prototype_diversity_margin,loss_memory_bank_update_or_alignment,loss_refiner_final_label_effect,loss_cine_temporal_consistency,loss_cine_reference_warp_consistency,m6_expanded_total_loss,anatomy_scale0_semantic_family_mass,anatomy_scale0_semantic_interaction_mass,scar_scale0_semantic_family_mass,scar_scale0_semantic_interaction_mass,edema_scale0_semantic_family_mass,edema_scale0_semantic_interaction_mass,anatomy_scale1_semantic_family_mass,anatomy_scale1_semantic_interaction_mass,scar_scale1_semantic_family_mass,scar_scale1_semantic_interaction_mass,edema_scale1_semantic_family_mass,edema_scale1_semantic_interaction_mass,anatomy_scale2_semantic_family_mass,anatomy_scale2_semantic_interaction_mass,scar_scale2_semantic_family_mass,scar_scale2_semantic_interaction_mass,edema_scale2_semantic_family_mass,edema_scale2_semantic_interaction_mass,anatomy_scale3_semantic_family_mass,anatomy_scale3_semantic_interaction_mass,scar_scale3_semantic_family_mass,scar_scale3_semantic_interaction_mass,edema_scale3_semantic_family_mass,edema_scale3_semantic_interaction_mass,runtime_root,source_path
m9_srr_main_true_br2_pattern_sip,m9_srr_main_true_br2_pattern_sip,1,evidence_warmup,4.152246475219727,3.5838471008464694,m9_srr_main_true_br2_pattern_sip,m9_srr_main_true_br2_pattern_sip,1.2913076877593994,4.152246475219727,0.12867848575115204,0.1708807498216629,0.292141318321228,1.1147562265396118,0.0004558941873256117,1.1147562265396118,0.9109289646148682,1.1147562265396118,0.0015348008600994945,1.60220468044281,0.9057982563972473,-0.0,-0.0,1.0,1.0,0.5,1.0,1.0,0.01798621006309986,0.07178749144077301,1.0,0.108315609395504,0.108315609395504,0.7128018736839294,baseline_preserving_residual,enabled_crop_soft_roi,enabled_distance_soft_gates,balanced_4scale,16;32;64;128,0.6960033774375916,0.23914867639541626,0.23205283284187317,0.20011785626411438,0.6856062412261963,0.6993826627731323,0.48440781235694885,0.21646054089069366,0.0,train_oof_runtime_features_fold0,train_oof_runtime_features_fold0,"Case1068,Case3029",1.2913076877593994,0.12867848575115204,0.1708807498216629,0.9109289646148682,0.9109289646148682,0.8256548643112183,0.8256548643112183,1.60220468044281,0.9057982563972473,0.0,3.9912517070770264,1.1147562265396118,0.0004558941873256117,0.0015348008600994945,0.0015348008600994945,0.292141318321228,0.292141318321228,0.12189861387014389,-0.0,-0.0,4.152246475219727,0.9397022724151611,0.24247564375400543,0.8276921510696411,0.41032832860946655,0.4906249940395355,0.4106905460357666,0.9893750548362732,0.11040434241294861,0.8252383470535278,0.4000413715839386,0.4906249940395355,0.45455247163772583,0.9893750548362732,0.007499999832361937,0.8107556104660034,0.4147477149963379,0.49062496423721313,0.3602261245250702,0.9336875081062317,0.007499998901039362,0.835206925868988,0.39361727237701416,0.4906250238418579,0.3812844455242157,results/20260708_srr_v3_m9_dictionary_fidelity_repair_training/runtime_htzhulab_mirror,results/20260708_srr_v3_m9_dictionary_fidelity_repair_training/runtime_htzhulab_mirror/variants/m9_srr_main_true_br2_pattern_sip/training_log.csv
m9_srr_main_true_br2_pattern_sip,m9_srr_main_true_br2_pattern_sip,50,evidence_warmup,3.135359048843384,16.820315346121788,m9_srr_main_true_br2_pattern_sip,m9_srr_main_true_br2_pattern_sip,0.7123771905899048,3.135359048843384,0.13139383494853973,0.48060479760169983,0.18070605397224426,0.38568514585494995,-0.0,0.38568514585494995,0.5619786381721497,0.38568514585494995,0.0022817172575742006,0.8610538840293884,0.9028066992759705,-0.0,-0.0,1.0,1.0,1.0,1.0,1.0,0.01798621006309986,0.07185842096805573,1.0,0.16597144305706024,0.16597144305706024,1.147587776184082,baseline_preserving_residual,enabled_crop_soft_roi,enabled_distance_soft_gates,balanced_4scale,16;32;64;128,0.521030843257904,0.1870012879371643,0.18016508221626282,0.3584640622138977,0.7411089539527893,0.7725222706794739,0.3620826303958893,0.33890894055366516,0.0,train_oof_runtime_features_fold0,train_oof_runtime_features_fold0,"Case3027,Case2006",0.7123771905899048,0.13139383494853973,0.48060479760169983,0.5619786381721497,0.5619786381721497,0.5629780292510986,0.5629780292510986,0.8610538840293884,0.9028066992759705,0.0,3.9951956272125244,0.38568514585494995,-0.0,0.0022817172575742006,0.0022817172575742006,0.18070605397224426,0.18070605397224426,0.14031247794628143,-0.0,-0.0,3.135359048843384,0.9887499809265137,0.2302633672952652,0.9812500476837158,0.44383418560028076,0.9812500476837158,0.4188993275165558,0.9887499809265137,0.2287512719631195,0.9812500476837158,0.41008904576301575,0.9812500476837158,0.40998709201812744,0.8881483674049377,0.007499999366700649,0.9812500476837158,0.37939685583114624,0.8949705958366394,0.2730830907821655,0.7303060293197632,0.04478837177157402,0.9812500476837158,0.4424892067909241,0.9812500476837158,0.5158371925354004,results/20260708_srr_v3_m9_dictionary_fidelity_repair_training/runtime_htzhulab_mirror,results/20260708_srr_v3_m9_dictionary_fidelity_repair_training/runtime_htzhulab_mirror/variants/m9_srr_main_true_br2_pattern_sip/training_log.csv
m9_srr_main_true_br2_pattern_sip,m9_srr_main_true_br2_pattern_sip,100,evidence_warmup,2.72623872756958,30.15459820162505,m9_srr_main_true_br2_pattern_sip,m9_srr_main_true_br2_pattern_sip,0.642798662185669,2.72623872756958,0.08352939784526825,0.4224393665790558,0.17556560039520264,0.22435908019542694,0.0004558941873256117,0.22435908019542694,0.4799797534942627,0.22435908019542694,0.0015296535566449165,0.7120439410209656,0.826286256313324,-0.0,-0.0,1.0,1.0,0.5,1.0,1.0,0.01798621006309986,0.07189152389764786,1.0,0.1507054567337036,0.1507054567337036,1.0814844369888306,baseline_preserving_residual,enabled_crop_soft_roi,enabled_distance_soft_gates,balanced_4scale,16;32;64;128,0.3953668475151062,0.14353087544441223,0.13036534190177917,0.44255033135414124,0.7630978226661682,0.8124679327011108,0.30146604776382446,0.14509692788124084,0.0,train_oof_runtime_features_fold0,train_oof_runtime_features_fold0,"Case3021,Case8004",0.642798662185669,0.08352939784526825,0.4224393665790558,0.4799797534942627,0.4799797534942627,0.5070111751556396,0.5070111751556396,0.7120439410209656,0.826286256313324,0.0,3.997035264968872,0.22435908019542694,0.0004558941873256117,0.0015296535566449165,0.0015296535566449165,0.17556560039520264,0.17556560039520264,0.3952980041503906,-0.0,-0.0,2.72623872756958,0.9405099153518677,0.23991672694683075,0.8215322494506836,0.44304025173187256,0.49062496423721313,0.40732061862945557,0.9395126104354858,0.2296479046344757,0.8403970003128052,0.41990017890930176,0.4906250238418579,0.4128013849258423,0.9384332299232483,0.206190288066864,0.8170140981674194,0.4307050108909607,0.4447508454322815,0.2865132987499237,0.8754658102989197,0.007499999832361937,0.7357706427574158,0.8082297444343567,0.4906250238418579,0.6295014023780823,results/20260708_srr_v3_m9_dictionary_fidelity_repair_training/runtime_htzhulab_mirror,results/20260708_srr_v3_m9_dictionary_fidelity_repair_training/runtime_htzhulab_mirror/variants/m9_srr_main_true_br2_pattern_sip/training_log.csv
m9_srr_main_true_br2_pattern_sip,m9_srr_main_true_br2_pattern_sip,150,evidence_warmup,2.524829864501953,43.546970763243735,m9_srr_main_true_br2_pattern_sip,m9_srr_main_true_br2_pattern_sip,0.6824122667312622,2.524829864501953,0.07571712136268616,0.20344674587249756,0.16659021377563477,0.2193591594696045,0.0004558941873256117,0.2193591594696045,0.5621502995491028,0.2193591594696045,0.001681195106357336,0.7764580845832825,0.9236746430397034,-0.0,-0.0,1.0,1.0,0.5,1.0,1.0,0.01798621006309986,0.07183462381362915,1.0,0.1183965653181076,0.1183965653181076,0.8817599415779114,baseline_preserving_residual,enabled_crop_soft_roi,enabled_distance_soft_gates,balanced_4scale,16;32;64;128,0.31197115778923035,0.11572514474391937,0.09625883400440216,0.5138007998466492,0.7784000039100647,0.8543325662612915,0.26415982842445374,0.12754034996032715,0.0,train_oof_runtime_features_fold0,train_oof_runtime_features_fold0,"Case3032,Case1061",0.6824122667312622,0.07571712136268616,0.20344674587249756,0.5621502995491028,0.5621502995491028,0.47225725650787354,0.47225725650787354,0.7764580845832825,0.9236746430397034,0.0,3.9938724040985107,0.2193591594696045,0.0004558941873256117,0.001681195106357336,0.001681195106357336,0.16659021377563477,0.16659021377563477,0.15163014829158783,-0.0,-0.0,2.524829864501953,0.9381864666938782,0.3443782329559326,0.812831699848175,0.4662701487541199,0.4906250238418579,0.4120331406593323,0.941234827041626,0.34341368079185486,0.8373414278030396,0.4315679669380188,0.4906250238418579,0.4132894277572632,0.8855306506156921,0.2248229682445526,0.7584795951843262,0.31515708565711975,0.4482134282588959,0.2803194522857666,0.7654158473014832,0.007499999832361937,0.7078204154968262,0.575941264629364,0.4906250238418579,0.6072837114334106,results/20260708_srr_v3_m9_dictionary_fidelity_repair_training/runtime_htzhulab_mirror,results/20260708_srr_v3_m9_dictionary_fidelity_repair_training/runtime_htzhulab_mirror/variants/m9_srr_main_true_br2_pattern_sip/training_log.csv
m9_srr_main_true_br2_pattern_sip,m9_srr_main_true_br2_pattern_sip,200,evidence_warmup,1.609090805053711,57.1454162588343,m9_srr_main_true_br2_pattern_sip,m9_srr_main_true_br2_pattern_sip,0.6500568985939026,1.609090805053711,0.06860540062189102,-0.0,0.17186349630355835,0.07388165593147278,0.0004558941873256117,0.07388165593147278,0.5010432600975037,0.07388165593147278,0.002491199877113104,0.7483956217765808,0.7589405179023743,-0.0,-0.0,1.0,1.0,0.0,0.5,0.5,0.01798621006309986,0.07193712890148163,1.0,0.17034560441970825,0.17034560441970825,1.3110464811325073,baseline_preserving_residual,enabled_crop_soft_roi,enabled_distance_soft_gates,balanced_4scale,16;32;64;128,0.2731223702430725,0.09435392916202545,0.07354115694761276,0.5778680443763733,0.8259727954864502,0.8823999762535095,0.2126447558403015,0.0,0.0,train_oof_runtime_features_fold0,train_oof_runtime_features_fold0,"Case3009,Case8024",0.6500568985939026,0.06860540062189102,-0.0,0.5010432600975037,0.5010432600975037,-0.0,-0.0,0.7483956217765808,0.7589405179023743,0.0,3.999570846557617,0.07388165593147278,0.0004558941873256117,0.002491199877113104,0.002491199877113104,0.17186349630355835,0.17186349630355835,0.03172557055950165,-0.0,-0.0,1.609090805053711,0.9405084848403931,0.22981810569763184,0.729561448097229,0.2608225345611572,0.0,,0.9454935789108276,0.23940923810005188,0.786514163017273,0.32099825143814087,0.0,,0.9920000433921814,0.11045065522193909,0.7160171270370483,0.2220756560564041,0.0,,0.8694738149642944,0.08498658239841461,0.798922061920166,0.6569017171859741,0.0,,results/20260708_srr_v3_m9_dictionary_fidelity_repair_training/runtime_htzhulab_mirror,results/20260708_srr_v3_m9_dictionary_fidelity_repair_training/runtime_htzhulab_mirror/variants/m9_srr_main_true_br2_pattern_sip/training_log.csv
m9_srr_main_true_br2_pattern_sip,m9_srr_main_true_br2_pattern_sip,250,evidence_warmup,2.160612106323242,70.49564343504608,m9_srr_main_true_br2_pattern_sip,m9_srr_main_true_br2_pattern_sip,0.34619250893592834,2.160612106323242,0.25934547185897827,0.20248080790042877,0.15665200352668762,0.06897144019603729,-0.0,0.06897144019603729,0.4766583740711212,0.06897144019603729,0.0027472067158669233,0.2970007359981537,0.7048068046569824,-0.0,-0.0,1.0,1.0,1.0,1.0,1.0,0.01798621006309986,0.07183075696229935,1.0,0.16841211915016174,0.16841211915016174,1.365610957145691,baseline_preserving_residual,enabled_crop_soft_roi,enabled_distance_soft_gates,balanced_4scale,16;32;64;128,0.36947599053382874,0.14221879839897156,0.091424860060215,0.4375479817390442,0.730030357837677,0.8443266153335571,0.2967873811721802,0.2840370535850525,0.0,train_oof_runtime_features_fold0,train_oof_runtime_features_fold0,"Case2009,Case3010",0.34619250893592834,0.25934547185897827,0.20248080790042877,0.4766583740711212,0.4766583740711212,0.39896902441978455,0.39896902441978455,0.2970007359981537,0.7048068046569824,0.0,3.993656873703003,0.06897144019603729,-0.0,0.0027472067158669233,0.0027472067158669233,0.15665200352668762,0.15665200352668762,0.583523154258728,-0.0,-0.0,2.160612106323242,0.9887501001358032,0.35002490878105164,0.9812500476837158,0.4728962779045105,0.9812500476837158,0.40844446420669556,0.9111461043357849,0.26828646659851074,0.981249988079071,0.4596414566040039,0.9812500476837158,0.4160245656967163,0.8031831979751587,0.17708158493041992,0.8838751316070557,0.31238895654678345,0.887748122215271,0.27492427825927734,0.7711867094039917,0.11963821947574615,0.5400132536888123,0.42067283391952515,0.9812500476837158,0.5103140473365784,results/20260708_srr_v3_m9_dictionary_fidelity_repair_training/runtime_htzhulab_mirror,results/20260708_srr_v3_m9_dictionary_fidelity_repair_training/runtime_htzhulab_mirror/variants/m9_srr_main_true_br2_pattern_sip/training_log.csv
m9_srr_main_true_br2_pattern_sip,m9_srr_main_true_br2_pattern_sip,300,evidence_warmup,1.3095189332962036,83.95853093452752,m9_srr_main_true_br2_pattern_sip,m9_srr_main_true_br2_pattern_sip,0.3546607494354248,1.3095189332962036,0.1011461392045021,-0.0,0.16779093444347382,0.049370694905519485,0.0004558941873256117,0.049370694905519485,0.460002601146698,0.049370694905519485,0.001822660444304347,0.42540547251701355,0.8996736407279968,-0.0,-0.0,1.0,1.0,0.0,1.0,1.0,0.01798621006309986,0.07179871946573257,1.0,0.08845071494579315,0.08845071494579315,0.7413274645805359,baseline_preserving_residual,enabled_crop_soft_roi,enabled_distance_soft_gates,balanced_4scale,16;32;64;128,0.2644490599632263,0.1330445408821106,0.05470205843448639,0.615484893321991,0.7749205827713013,0.9092531800270081,0.23732668161392212,0.0,0.0,train_oof_runtime_features_fold0,train_oof_runtime_features_fold0,"Case1011,Case1066",0.3546607494354248,0.1011461392045021,-0.0,0.460002601146698,0.460002601146698,-0.0,-0.0,0.42540547251701355,0.8996736407279968,0.0,3.9918758869171143,0.049370694905519485,0.0004558941873256117,0.001822660444304347,0.001822660444304347,0.16779093444347382,0.16779093444347382,0.1918121725320816,-0.0,-0.0,1.3095189332962036,0.8875014781951904,,0.6040316820144653,,0.0,,0.9002423286437988,,0.6685982346534729,,0.0,,0.9900000095367432,,0.6282370090484619,,0.0,,0.9497789144515991,,0.7156920433044434,,0.0,,results/20260708_srr_v3_m9_dictionary_fidelity_repair_training/runtime_htzhulab_mirror,results/20260708_srr_v3_m9_dictionary_fidelity_repair_training/runtime_htzhulab_mirror/variants/m9_srr_main_true_br2_pattern_sip/training_log.csv
m9_srr_main_true_br2_pattern_sip,m9_srr_main_true_br2_pattern_sip,300,evidence_warmup,,84.83953377604485,m9_srr_main_true_br2_pattern_sip,m9_srr_main_true_br2_pattern_sip,,,,,,,,,,,,,,,,,,,,,,,,,,,,,,,,,,,,,,,,,,,,,,,,,,,,,,,,,,,,,,,,,,,,,,,,,,,,,,,,,,,,,,,,,results/20260708_srr_v3_m9_dictionary_fidelity_repair_training/runtime_htzhulab_mirror,results/20260708_srr_v3_m9_dictionary_fidelity_repair_training/runtime_htzhulab_mirror/variants/m9_srr_main_true_br2_pattern_sip/training_log.csv
m9_srr_main_true_br2_pattern_sip,m9_srr_main_true_br2_pattern_sip,350,evidence_warmup,1.5837682485580444,98.68571725860238,m9_srr_main_true_br2_pattern_sip,m9_srr_main_true_br2_pattern_sip,0.41406622529029846,1.5837682485580444,0.05259203538298607,0.12405302375555038,0.1449800729751587,0.05150294676423073,-0.0,0.05150294676423073,0.26933228969573975,0.05150294676423073,0.0027073705568909645,0.31121140718460083,0.6955387592315674,-0.0,-0.0,1.0,1.0,1.0,1.0,1.0,0.01798621006309986,0.07183025032281876,1.0,0.1521041989326477,0.1521041989326477,1.339701771736145,baseline_preserving_residual,enabled_crop_soft_roi,enabled_distance_soft_gates,balanced_4scale,16;32;64;128,0.3923233151435852,0.13376475870609283,0.11868581175804138,0.42309629917144775,0.7495230436325073,0.7853870987892151,0.3170624077320099,0.30775368213653564,0.0,train_oof_runtime_features_fold0,train_oof_runtime_features_fold0,"Case2029,Case2023",0.41406622529029846,0.05259203538298607,0.12405302375555038,0.26933228969573975,0.26933228969573975,0.35753849148750305,0.35753849148750305,0.31121140718460083,0.6955387592315674,0.0,3.993628978729248,0.05150294676423073,-0.0,0.0027073705568909645,0.0027073705568909645,0.1449800729751587,0.1449800729751587,0.3775492012500763,-0.0,-0.0,1.5837682485580444,0.9887500405311584,0.34806710481643677,0.9812500476837158,0.5762041807174683,0.9812500476837158,0.4270934462547302,0.9259825944900513,0.29468387365341187,0.8797879219055176,0.3848739266395569,0.9812500476837158,0.4246535301208496,0.9059411287307739,0.23646068572998047,0.784735918045044,0.2331175059080124,0.7027935981750488,0.13582396507263184,0.9887500405311584,0.23942969739437103,0.7073801159858704,0.5720076560974121,0.8634674549102783,0.42153358459472656,results/20260708_srr_v3_m9_dictionary_fidelity_repair_training/runtime_htzhulab_mirror,results/20260708_srr_v3_m9_dictionary_fidelity_repair_training/runtime_htzhulab_mirror/variants/m9_srr_main_true_br2_pattern_sip/training_log.csv
m9_srr_main_true_br2_pattern_sip,m9_srr_main_true_br2_pattern_sip,400,evidence_warmup,1.5945483446121216,112.02872830536216,m9_srr_main_true_br2_pattern_sip,m9_srr_main_true_br2_pattern_sip,0.3296319544315338,1.5945483446121216,0.09276655316352844,0.1940775364637375,0.13250936567783356,0.019977035000920296,-0.0,0.019977035000920296,0.19728699326515198,0.019977035000920296,0.002732065273448825,0.19320115447044373,0.7060682773590088,-0.0,-0.0,1.0,1.0,1.0,1.0,1.0,0.01798621006309986,0.0717223733663559,1.0,0.17503243684768677,0.17503243684768677,1.5951730012893677,baseline_preserving_residual,enabled_crop_soft_roi,enabled_distance_soft_gates,balanced_4scale,16;32;64;128,0.3748947083950043,0.11321940273046494,0.1143125668168068,0.422823965549469,0.7674567699432373,0.7766696810722351,0.2961481213569641,0.2855944037437439,0.0,train_oof_runtime_features_fold0,train_oof_runtime_features_fold0,"Case2021,Case3041",0.3296319544315338,0.09276655316352844,0.1940775364637375,0.19728699326515198,0.19728699326515198,0.3907441198825836,0.3907441198825836,0.19320115447044373,0.7060682773590088,0.0,3.987631320953369,0.019977035000920296,-0.0,0.002732065273448825,0.002732065273448825,0.13250936567783356,0.13250936567783356,0.6036405563354492,-0.0,-0.0,1.5945483446121216,0.9887500405311584,0.34774938225746155,0.981249988079071,0.5795936584472656,0.9114060401916504,0.3701593577861786,0.9887499809265137,0.2767694592475891,0.8679982423782349,0.39631426334381104,0.9812499284744263,0.4482177495956421,0.9887500405311584,0.21602509915828705,0.7712087631225586,0.23140504956245422,0.6694549322128296,0.1375868320465088,0.9136737585067749,0.27631622552871704,0.6437844038009644,0.5572952032089233,0.7384482622146606,0.4021068215370178,results/20260708_srr_v3_m9_dictionary_fidelity_repair_training/runtime_htzhulab_mirror,results/20260708_srr_v3_m9_dictionary_fidelity_repair_training/runtime_htzhulab_mirror/variants/m9_srr_main_true_br2_pattern_sip/training_log.csv
m9_srr_main_true_br2_pattern_sip,m9_srr_main_true_br2_pattern_sip,450,evidence_warmup,1.8129956722259521,125.46349805407226,m9_srr_main_true_br2_pattern_sip,m9_srr_main_true_br2_pattern_sip,0.4580923318862915,1.8129956722259521,0.1962095946073532,0.07624233514070511,0.12514400482177734,0.024377133697271347,0.0004558941873256117,0.024377133697271347,0.348605215549469,0.024377133697271347,0.002318316139280796,0.686150074005127,0.6018987894058228,-0.0,-0.0,1.0,1.0,0.5,0.5,0.5,0.01798621006309986,0.07189618796110153,1.0,0.18712663650512695,0.18712663650512695,1.7348154783248901,baseline_preserving_residual,enabled_crop_soft_roi,enabled_distance_soft_gates,balanced_4scale,16;32;64;128,0.30196020007133484,0.10490407794713974,0.08360271155834198,0.4641910195350647,0.7618898749351501,0.7934358716011047,0.2529470920562744,0.14216525852680206,0.0,train_oof_runtime_features_fold0,train_oof_runtime_features_fold0,"Case3024,Case2028",0.4580923318862915,0.1962095946073532,0.07624233514070511,0.348605215549469,0.348605215549469,0.3272378742694855,0.3272378742694855,0.686150074005127,0.6018987894058228,0.0,3.9972949028015137,0.024377133697271347,0.0004558941873256117,0.002318316139280796,0.002318316139280796,0.12514400482177734,0.12514400482177734,0.2890499234199524,-0.0,-0.0,1.8129956722259521,0.9913750290870667,0.2824825048446655,0.8513645529747009,0.43966060876846313,0.4559288024902344,0.37031638622283936,0.9511951208114624,0.2167561650276184,0.7740583419799805,0.26531627774238586,0.4906250238418579,0.42510107159614563,0.9481291770935059,0.16794368624687195,0.6421312093734741,0.20887491106987,0.3339524269104004,0.1438509076833725,0.9527385830879211,0.13187874853610992,0.8993932604789734,0.5833901166915894,0.31495314836502075,0.44475656747817993,results/20260708_srr_v3_m9_dictionary_fidelity_repair_training/runtime_htzhulab_mirror,results/20260708_srr_v3_m9_dictionary_fidelity_repair_training/runtime_htzhulab_mirror/variants/m9_srr_main_true_br2_pattern_sip/training_log.csv
m9_srr_main_true_br2_pattern_sip,m9_srr_main_true_br2_pattern_sip,500,evidence_warmup,1.2725186347961426,138.93553252518177,m9_srr_main_true_br2_pattern_sip,m9_srr_main_true_br2_pattern_sip,0.3553069233894348,1.2725186347961426,0.04459523782134056,-0.0,0.13161936402320862,0.03304753825068474,0.0004558941873256117,0.03304753825068474,0.49105915427207947,0.03304753825068474,0.002590351505205035,0.6761511564254761,0.8866908550262451,-0.0,-0.0,1.0,1.0,0.0,0.5,0.5,0.01798621006309986,0.0719258189201355,1.0,0.17787417769432068,0.17787417769432068,1.6842933893203735,baseline_preserving_residual,enabled_crop_soft_roi,enabled_distance_soft_gates,balanced_4scale,16;32;64;128,0.2500888407230377,0.08759331703186035,0.05135614424943924,0.5356596112251282,0.7794166207313538,0.8851478695869446,0.21283051371574402,0.0,0.0,train_oof_runtime_features_fold0,train_oof_runtime_features_fold0,"Case8016,Case3005",0.3553069233894348,0.04459523782134056,-0.0,0.49105915427207947,0.49105915427207947,-0.0,-0.0,0.6761511564254761,0.8866908550262451,0.0,3.9989423751831055,0.03304753825068474,0.0004558941873256117,0.002590351505205035,0.002590351505205035,0.13161936402320862,0.13161936402320862,0.05595448985695839,-0.0,-0.0,1.2725186347961426,0.9385643601417542,0.2349635362625122,0.6886447072029114,0.2721024751663208,0.0,,0.9076266884803772,0.1722482144832611,0.7244409322738647,0.23396983742713928,0.0,,0.9500919580459595,0.13701221346855164,0.5402176380157471,0.18820591270923615,0.0,,0.9198195338249207,0.006000000052154064,0.7749435901641846,0.5234061479568481,0.0,,results/20260708_srr_v3_m9_dictionary_fidelity_repair_training/runtime_htzhulab_mirror,results/20260708_srr_v3_m9_dictionary_fidelity_repair_training/runtime_htzhulab_mirror/variants/m9_srr_main_true_br2_pattern_sip/training_log.csv
m9_srr_main_true_br2_pattern_sip,m9_srr_main_true_br2_pattern_sip,550,evidence_warmup,1.9059251546859741,152.44669030979276,m9_srr_main_true_br2_pattern_sip,m9_srr_main_true_br2_pattern_sip,0.27243900299072266,1.9059251546859741,0.2530440390110016,0.2164582908153534,0.10978129506111145,0.028845377266407013,-0.0,0.028845377266407013,0.4129217863082886,0.028845377266407013,0.0030159950256347656,0.21833616495132446,0.513115644454956,-0.0,-0.0,1.0,1.0,1.0,1.0,1.0,0.01798621006309986,0.07172565907239914,1.0,0.15374599397182465,0.15374599397182465,1.5736221075057983,baseline_preserving_residual,enabled_crop_soft_roi,enabled_distance_soft_gates,balanced_4scale,16;32;64;128,0.34284093976020813,0.139426127076149,0.08532534539699554,0.4218447804450989,0.7123274803161621,0.7931394577026367,0.3016365170478821,0.2951958179473877,0.0,train_oof_runtime_features_fold0,train_oof_runtime_features_fold0,"Case2027,Case3010",0.27243900299072266,0.2530440390110016,0.2164582908153534,0.4129217863082886,0.4129217863082886,0.33707714080810547,0.33707714080810547,0.21833616495132446,0.513115644454956,0.0,3.98781418800354,0.028845377266407013,-0.0,0.0030159950256347656,0.0030159950256347656,0.10978129506111145,0.10978129506111145,0.6025328636169434,-0.0,-0.0,1.9059251546859741,0.9887499809265137,0.35376882553100586,0.8915989398956299,0.5907531976699829,0.9478830695152283,0.40800395607948303,0.9887500405311584,0.28118252754211426,0.7484034299850464,0.308803915977478,0.9812499284744263,0.41738080978393555,0.9132959842681885,0.22861015796661377,0.6393916010856628,0.25139814615249634,0.49060529470443726,0.10911720991134644,0.9526540637016296,0.2634638547897339,0.6679617166519165,0.4813646078109741,0.8766812086105347,0.43477800488471985,results/20260708_srr_v3_m9_dictionary_fidelity_repair_training/runtime_htzhulab_mirror,results/20260708_srr_v3_m9_dictionary_fidelity_repair_training/runtime_htzhulab_mirror/variants/m9_srr_main_true_br2_pattern_sip/training_log.csv
m9_srr_main_true_br2_pattern_sip,m9_srr_main_true_br2_pattern_sip,600,evidence_warmup,1.0877989530563354,165.92577793635428,m9_srr_main_true_br2_pattern_sip,m9_srr_main_true_br2_pattern_sip,0.21834704279899597,1.0877989530563354,0.06283640116453171,-0.0,0.1224111020565033,0.01798219420015812,0.0004558941873256117,0.01798219420015812,0.4146083891391754,0.01798219420015812,0.001987452618777752,0.8055495023727417,0.8591311573982239,-0.0,-0.0,1.0,1.0,0.0,0.5,0.5,0.01798621006309986,0.07187894731760025,1.0,0.1643548309803009,0.1643548309803009,1.6412255764007568,baseline_preserving_residual,enabled_crop_soft_roi,enabled_distance_soft_gates,balanced_4scale,16;32;64;128,0.1580922156572342,0.0842532217502594,0.022375084459781647,0.7480090260505676,0.8449209928512573,0.9592232704162598,0.13459178805351257,0.0,0.0,train_oof_runtime_features_fold0,train_oof_runtime_features_fold0,"Case6003,Case1025",0.21834704279899597,0.06283640116453171,-0.0,0.4146083891391754,0.4146083891391754,-0.0,-0.0,0.8055495023727417,0.8591311573982239,0.0,3.996335983276367,0.01798219420015812,0.0004558941873256117,0.001987452618777752,0.001987452618777752,0.1224111020565033,0.1224111020565033,0.15800437331199646,-0.0,-0.0,1.0877989530563354,0.8859632015228271,,0.5559878349304199,,0.0,,0.8916832804679871,,0.6486649513244629,,0.0,,0.9900000095367432,,0.5132657289505005,,0.0,,0.8999140858650208,,0.6585396528244019,,0.0,,results/20260708_srr_v3_m9_dictionary_fidelity_repair_training/runtime_htzhulab_mirror,results/20260708_srr_v3_m9_dictionary_fidelity_repair_training/runtime_htzhulab_mirror/variants/m9_srr_main_true_br2_pattern_sip/training_log.csv
m9_srr_main_true_br2_pattern_sip,m9_srr_main_true_br2_pattern_sip,600,evidence_warmup,,166.80474051088095,m9_srr_main_true_br2_pattern_sip,m9_srr_main_true_br2_pattern_sip,,,,,,,,,,,,,,,,,,,,,,,,,,,,,,,,,,,,,,,,,,,,,,,,,,,,,,,,,,,,,,,,,,,,,,,,,,,,,,,,,,,,,,,,,results/20260708_srr_v3_m9_dictionary_fidelity_repair_training/runtime_htzhulab_mirror,results/20260708_srr_v3_m9_dictionary_fidelity_repair_training/runtime_htzhulab_mirror/variants/m9_srr_main_true_br2_pattern_sip/training_log.csv
m9_srr_main_true_br2_pattern_sip,m9_srr_main_true_br2_pattern_sip,650,evidence_warmup,1.5802855491638184,180.6723858853802,m9_srr_main_true_br2_pattern_sip,m9_srr_main_true_br2_pattern_sip,0.3830679655075073,1.5802855491638184,0.08549259603023529,0.10342703014612198,0.1051025241613388,0.019816258922219276,-0.0,0.019816258922219276,0.28677839040756226,0.019816258922219276,0.0027861869893968105,0.8159070611000061,0.47208648920059204,-0.0,-0.0,1.0,1.0,1.0,0.5,0.5,0.01798621006309986,0.07180077582597733,1.0,0.18867196142673492,0.18867196142673492,1.9755501747131348,baseline_preserving_residual,enabled_crop_soft_roi,enabled_distance_soft_gates,balanced_4scale,16;32;64;128,0.23118650913238525,0.07835287600755692,0.042423393577337265,0.5853184461593628,0.8140965104103088,0.8891467452049255,0.19629807770252228,0.18934060633182526,0.0,train_oof_runtime_features_fold0,train_oof_runtime_features_fold0,"Case2035,Case2001",0.3830679655075073,0.08549259603023529,0.10342703014612198,0.28677839040756226,0.28677839040756226,0.36172354221343994,0.36172354221343994,0.8159070611000061,0.47208648920059204,0.0,3.991990089416504,0.019816258922219276,-0.0,0.0027861869893968105,0.0027861869893968105,0.1051025241613388,0.1051025241613388,0.3710211515426636,-0.0,-0.0,1.5802855491638184,0.9413695931434631,0.345246285200119,0.8337819576263428,0.47583699226379395,0.912598729133606,0.35200220346450806,0.8647369146347046,0.2928122282028198,0.8551233410835266,0.5004037618637085,0.9816250205039978,0.40018582344055176,0.7658208608627319,0.1978825032711029,0.5463709831237793,0.10969719290733337,0.4516051411628723,0.07266966998577118,0.8492441177368164,0.129801943898201,0.6038532257080078,0.44042515754699707,0.7487165331840515,0.4700085520744324,results/20260708_srr_v3_m9_dictionary_fidelity_repair_training/runtime_htzhulab_mirror,results/20260708_srr_v3_m9_dictionary_fidelity_repair_training/runtime_htzhulab_mirror/variants/m9_srr_main_true_br2_pattern_sip/training_log.csv
m9_srr_main_true_br2_pattern_sip,m9_srr_main_true_br2_pattern_sip,700,evidence_warmup,1.5558644533157349,194.3815890289843,m9_srr_main_true_br2_pattern_sip,m9_srr_main_true_br2_pattern_sip,0.354657918214798,1.5558644533157349,0.0657459944486618,0.15445032715797424,0.10338671505451202,0.010719765909016132,0.0004558941873256117,0.010719765909016132,0.35034918785095215,0.010719765909016132,0.0025850164238363504,0.7018600106239319,0.570345401763916,-0.0,-0.0,1.0,1.0,0.5,0.5,0.5,0.01798621006309986,0.07172995060682297,1.0,0.19572094082832336,0.19572094082832336,2.1384639739990234,baseline_preserving_residual,enabled_crop_soft_roi,enabled_distance_soft_gates,balanced_4scale,16;32;64;128,0.31746751070022583,0.09048620611429214,0.11187272518873215,0.43382492661476135,0.7861042618751526,0.7386994361877441,0.26459527015686035,0.15121951699256897,0.0,train_oof_runtime_features_fold0,train_oof_runtime_features_fold0,"Case2030,Case2005",0.354657918214798,0.0657459944486618,0.15445032715797424,0.35034918785095215,0.35034918785095215,0.2529764175415039,0.2529764175415039,0.7018600106239319,0.570345401763916,0.0,3.9880521297454834,0.010719765909016132,0.0004558941873256117,0.0025850164238363504,0.0025850164238363504,0.10338671505451202,0.10338671505451202,0.41130274534225464,-0.0,-0.0,1.5558644533157349,0.9913750290870667,0.28695181012153625,0.8000763058662415,0.4318435788154602,0.4586598575115204,0.41530659794807434,0.9913749694824219,0.22658100724220276,0.7483658790588379,0.38765496015548706,0.4906249940395355,0.41052761673927307,0.9562599658966064,0.18974655866622925,0.32735881209373474,0.04753861203789711,0.3450256586074829,0.12496262043714523,0.9125561118125916,0.07023749500513077,0.7610536813735962,0.514913022518158,0.4498688876628876,0.40416717529296875,results/20260708_srr_v3_m9_dictionary_fidelity_repair_training/runtime_htzhulab_mirror,results/20260708_srr_v3_m9_dictionary_fidelity_repair_training/runtime_htzhulab_mirror/variants/m9_srr_main_true_br2_pattern_sip/training_log.csv
m9_srr_main_true_br2_pattern_sip,m9_srr_main_true_br2_pattern_sip,750,evidence_warmup,1.6925880908966064,207.88735534157604,m9_srr_main_true_br2_pattern_sip,m9_srr_main_true_br2_pattern_sip,0.38592323660850525,1.6925880908966064,0.07245304435491562,0.19586703181266785,0.12621623277664185,0.017143622040748596,0.0004558941873256117,0.017143622040748596,0.3195655643939972,0.017143622040748596,0.001986521063372493,0.4042663276195526,0.6239498257637024,-0.0,-0.0,1.0,1.0,0.5,1.0,1.0,0.01798621006309986,0.0716523751616478,1.0,0.10544322431087494,0.10544322431087494,1.1900790929794312,baseline_preserving_residual,enabled_crop_soft_roi,enabled_distance_soft_gates,balanced_4scale,16;32;64;128,0.27525341510772705,0.1269979327917099,0.06316222250461578,0.5258788466453552,0.7533373832702637,0.8348602056503296,0.2632991671562195,0.1623035967350006,0.0,train_oof_runtime_features_fold0,train_oof_runtime_features_fold0,"Case3014,Case1078",0.38592323660850525,0.07245304435491562,0.19586703181266785,0.3195655643939972,0.3195655643939972,0.332737535238266,0.332737535238266,0.4042663276195526,0.6239498257637024,0.0,3.9837398529052734,0.017143622040748596,0.0004558941873256117,0.001986521063372493,0.001986521063372493,0.12621623277664185,0.12621623277664185,0.5954157114028931,-0.0,-0.0,1.6925880908966064,0.9366841316223145,0.3463841378688812,0.7277534008026123,0.5954177379608154,0.45783936977386475,0.40880391001701355,0.9462386965751648,0.2712179124355316,0.6882254481315613,0.44452670216560364,0.4906250238418579,0.42419785261154175,0.9508537650108337,0.20949411392211914,0.4564362168312073,0.16451658308506012,0.3492893576622009,0.1254277527332306,0.9032211303710938,0.12038855999708176,0.55440354347229,0.4346778392791748,0.45145222544670105,0.4829569458961487,results/20260708_srr_v3_m9_dictionary_fidelity_repair_training/runtime_htzhulab_mirror,results/20260708_srr_v3_m9_dictionary_fidelity_repair_training/runtime_htzhulab_mirror/variants/m9_srr_main_true_br2_pattern_sip/training_log.csv
m9_srr_main_true_br2_pattern_sip,m9_srr_main_true_br2_pattern_sip,800,evidence_warmup,1.6136904954910278,221.48210225999355,m9_srr_main_true_br2_pattern_sip,m9_srr_main_true_br2_pattern_sip,0.4118553102016449,1.6136904954910278,0.07966359704732895,0.1217370256781578,0.10626592487096786,0.01804789900779724,0.0004558941873256117,0.01804789900779724,0.3405413329601288,0.01804789900779724,0.0016321041621267796,0.7271487712860107,0.48047780990600586,-0.0,-0.0,1.0,1.0,0.5,0.5,0.5,0.01798621006309986,0.07169067114591599,1.0,0.16347210109233856,0.16347210109233856,1.846938133239746,baseline_preserving_residual,enabled_crop_soft_roi,enabled_distance_soft_gates,balanced_4scale,16;32;64;128,0.26107609272003174,0.10986149311065674,0.03858069330453873,0.5855776071548462,0.7725865244865417,0.9098711609840393,0.2139853686094284,0.09649966657161713,0.0,train_oof_runtime_features_fold0,train_oof_runtime_features_fold0,"Case1003,Case2014",0.4118553102016449,0.07966359704732895,0.1217370256781578,0.3405413329601288,0.3405413329601288,0.3035358488559723,0.3035358488559723,0.7271487712860107,0.48047780990600586,0.0,3.9858689308166504,0.01804789900779724,0.0004558941873256117,0.0016321041621267796,0.0016321041621267796,0.10626592487096786,0.10626592487096786,0.3418675661087036,-0.0,-0.0,1.6136904954910278,0.8898732662200928,,0.6719702482223511,0.3611050844192505,0.42185086011886597,0.2372572273015976,0.8223221898078918,,0.8257920742034912,0.46190518140792847,0.4910000264644623,0.4231071472167969,0.797822892665863,,0.42782747745513916,0.1003168523311615,0.2942720055580139,0.006000000052154064,0.8164709806442261,,0.642568826675415,0.4287049174308777,0.4142681658267975,0.40404337644577026,results/20260708_srr_v3_m9_dictionary_fidelity_repair_training/runtime_htzhulab_mirror,results/20260708_srr_v3_m9_dictionary_fidelity_repair_training/runtime_htzhulab_mirror/variants/m9_srr_main_true_br2_pattern_sip/training_log.csv
m9_srr_main_true_br2_pattern_sip,m9_srr_main_true_br2_pattern_sip,850,evidence_warmup,1.1160389184951782,235.00699212029576,m9_srr_main_true_br2_pattern_sip,m9_srr_main_true_br2_pattern_sip,0.18490128219127655,1.1160389184951782,0.052371226251125336,0.12390275299549103,0.11332305520772934,0.01966170035302639,-0.0,0.01966170035302639,0.18207505345344543,0.01966170035302639,0.003287040628492832,0.122320257127285,0.49418407678604126,-0.0,-0.0,1.0,1.0,1.0,1.0,1.0,0.01798621006309986,0.0715792328119278,1.0,0.15290392935276031,0.15290392935276031,1.8022050857543945,baseline_preserving_residual,enabled_crop_soft_roi,enabled_distance_soft_gates,balanced_4scale,16;32;64;128,0.272019624710083,0.0676797553896904,0.08178988844156265,0.5276987552642822,0.841964840888977,0.8034325242042542,0.23842753469944,0.23932157456874847,0.0,train_oof_runtime_features_fold0,train_oof_runtime_features_fold0,"Case2010,Case2003",0.18490128219127655,0.052371226251125336,0.12390275299549103,0.18207505345344543,0.18207505345344543,0.27876994013786316,0.27876994013786316,0.122320257127285,0.49418407678604126,0.0,3.97967267036438,0.01966170035302639,-0.0,0.003287040628492832,0.003287040628492832,0.11332305520772934,0.11332305520772934,0.4600040316581726,-0.0,-0.0,1.1160389184951782,0.9887501001358032,0.3402797281742096,0.8130210041999817,0.5170273780822754,0.9812500476837158,0.47113037109375,0.9887501001358032,0.29043832421302795,0.736542820930481,0.6404880881309509,0.981249988079071,0.4377586841583252,0.9887499809265137,0.24678482115268707,0.43139803409576416,0.17256039381027222,0.6649758219718933,0.11985631287097931,0.9036696553230286,0.13287264108657837,0.5663166046142578,0.5625665783882141,0.891007125377655,0.5071158409118652,results/20260708_srr_v3_m9_dictionary_fidelity_repair_training/runtime_htzhulab_mirror,results/20260708_srr_v3_m9_dictionary_fidelity_repair_training/runtime_htzhulab_mirror/variants/m9_srr_main_true_br2_pattern_sip/training_log.csv
m9_srr_main_true_br2_pattern_sip,m9_srr_main_true_br2_pattern_sip,900,evidence_warmup,1.596067190170288,248.52735839691013,m9_srr_main_true_br2_pattern_sip,m9_srr_main_true_br2_pattern_sip,0.5139855742454529,1.596067190170288,0.03865528106689453,0.1572561413049698,0.10282973200082779,0.019272945821285248,0.0004558941873256117,0.019272945821285248,0.2553282380104065,0.019272945821285248,0.0019918696489185095,0.38197267055511475,0.5973864197731018,-0.0,-0.0,1.0,1.0,0.5,1.0,1.0,0.01798621006309986,0.07150274515151978,1.0,0.127497598528862,0.127497598528862,1.5082417726516724,baseline_preserving_residual,enabled_crop_soft_roi,enabled_distance_soft_gates,balanced_4scale,16;32;64;128,0.20653177797794342,0.08059290796518326,0.054174937307834625,0.6338616609573364,0.82270348072052,0.8660147190093994,0.19185709953308105,0.11122889071702957,0.0,train_oof_runtime_features_fold0,train_oof_runtime_features_fold0,"Case1076,Case2034",0.5139855742454529,0.03865528106689453,0.1572561413049698,0.2553282380104065,0.2553282380104065,0.286058247089386,0.286058247089386,0.38197267055511475,0.5973864197731018,0.0,3.9754209518432617,0.019272945821285248,0.0004558941873256117,0.0019918696489185095,0.0019918696489185095,0.10282973200082779,0.10282973200082779,0.45611849427223206,-0.0,-0.0,1.596067190170288,0.9371010065078735,0.34087711572647095,0.7247052192687988,0.5966145992279053,0.4906250238418579,0.47893184423446655,0.9144409894943237,0.30793166160583496,0.7057110071182251,0.5484140515327454,0.4906250238418579,0.44569218158721924,0.9516492486000061,0.24952515959739685,0.4826735854148865,0.19310569763183594,0.32477447390556335,0.12365055084228516,0.9080979228019714,0.10739003121852875,0.6317543983459473,0.5593932867050171,0.44460099935531616,0.5289466381072998,results/20260708_srr_v3_m9_dictionary_fidelity_repair_training/runtime_htzhulab_mirror,results/20260708_srr_v3_m9_dictionary_fidelity_repair_training/runtime_htzhulab_mirror/variants/m9_srr_main_true_br2_pattern_sip/training_log.csv
m9_srr_main_true_br2_pattern_sip,m9_srr_main_true_br2_pattern_sip,900,evidence_warmup,,249.40776853822172,m9_srr_main_true_br2_pattern_sip,m9_srr_main_true_br2_pattern_sip,,,,,,,,,,,,,,,,,,,,,,,,,,,,,,,,,,,,,,,,,,,,,,,,,,,,,,,,,,,,,,,,,,,,,,,,,,,,,,,,,,,,,,,,,results/20260708_srr_v3_m9_dictionary_fidelity_repair_training/runtime_htzhulab_mirror,results/20260708_srr_v3_m9_dictionary_fidelity_repair_training/runtime_htzhulab_mirror/variants/m9_srr_main_true_br2_pattern_sip/training_log.csv
m9_srr_main_true_br2_pattern_sip,m9_srr_main_true_br2_pattern_sip,950,evidence_warmup,1.3200721740722656,263.33470096532255,m9_srr_main_true_br2_pattern_sip,m9_srr_main_true_br2_pattern_sip,0.3368596136569977,1.3200721740722656,0.044603146612644196,0.14438731968402863,0.11074894666671753,0.013831104151904583,0.0004558941873256117,0.013831104151904583,0.19334197044372559,0.013831104151904583,0.0021608532406389713,0.22435149550437927,0.6020135283470154,-0.0,-0.0,1.0,1.0,0.5,1.0,1.0,0.01798621006309986,0.07180347293615341,1.0,0.1359906643629074,0.1359906643629074,1.6466457843780518,baseline_preserving_residual,enabled_crop_soft_roi,enabled_distance_soft_gates,balanced_4scale,16;32;64;128,0.2351858913898468,0.09347652643918991,0.04180925711989403,0.5866571664810181,0.8015254139900208,0.8832798600196838,0.21593141555786133,0.12344355881214142,0.0,train_oof_runtime_features_fold0,train_oof_runtime_features_fold0,"Case8013,Case2005",0.3368596136569977,0.044603146612644196,0.14438731968402863,0.19334197044372559,0.19334197044372559,0.2697787880897522,0.2697787880897522,0.22435149550437927,0.6020135283470154,0.0,3.992140054702759,0.013831104151904583,0.0004558941873256117,0.0021608532406389713,0.0021608532406389713,0.11074894666671753,0.11074894666671753,0.5731451511383057,-0.0,-0.0,1.3200721740722656,0.9358218908309937,0.349776029586792,0.723790168762207,0.5893300771713257,0.4906250238418579,0.48550641536712646,0.9143362641334534,0.300971657037735,0.7240128517150879,0.5331951975822449,0.49062496423721313,0.4457430839538574,0.9517438411712646,0.22200337052345276,0.3640344738960266,0.20387002825737,0.3400813043117523,0.1292889565229416,0.8737479448318481,0.11332336813211441,0.6672700643539429,0.4771214723587036,0.43800613284111023,0.40748465061187744,results/20260708_srr_v3_m9_dictionary_fidelity_repair_training/runtime_htzhulab_mirror,results/20260708_srr_v3_m9_dictionary_fidelity_repair_training/runtime_htzhulab_mirror/variants/m9_srr_main_true_br2_pattern_sip/training_log.csv
m9_srr_main_true_br2_pattern_sip,m9_srr_main_true_br2_pattern_sip,1000,evidence_warmup,1.5319783687591553,276.86258613411337,m9_srr_main_true_br2_pattern_sip,m9_srr_main_true_br2_pattern_sip,0.3068426549434662,1.5319783687591553,0.036521635949611664,0.15776251256465912,0.1022886335849762,0.017937256023287773,-0.0,0.017937256023287773,0.3625103831291199,0.017937256023287773,0.003161757718771696,0.24162156879901886,0.7075250148773193,-0.0,-0.0,1.0,1.0,1.0,1.0,0.5,0.01798621006309986,0.07136108726263046,1.0,0.16516190767288208,0.16516190767288208,1.990246295928955,baseline_preserving_residual,enabled_crop_soft_roi,enabled_distance_soft_gates,balanced_4scale,16;32;64;128,0.2163344919681549,0.06627795100212097,0.0674082562327385,0.5491061806678772,0.8165024518966675,0.8128533363342285,0.20960715413093567,0.21058613061904907,0.0,train_oof_runtime_features_fold0,train_oof_runtime_features_fold0,"Case3005,Case2032",0.3068426549434662,0.036521635949611664,0.15776251256465912,0.3625103831291199,0.3625103831291199,0.31887689232826233,0.31887689232826233,0.24162156879901886,0.7075250148773193,0.0,3.9675443172454834,0.017937256023287773,-0.0,0.003161757718771696,0.003161757718771696,0.1022886335849762,0.1022886335849762,0.35487204790115356,-0.0,-0.0,1.5319783687591553,0.9887501001358032,0.349728524684906,0.9000882506370544,0.5019692778587341,0.9494026899337769,0.44591468572616577,0.9268811941146851,0.3043454885482788,0.6702837944030762,0.5365108251571655,0.9812500476837158,0.4665054678916931,0.9151384830474854,0.3074215054512024,0.48705795407295227,0.17044183611869812,0.6818667650222778,0.13101385533809662,0.9887501001358032,0.11342722177505493,0.6980803608894348,0.5949926376342773,0.894487738609314,0.5146763324737549,results/20260708_srr_v3_m9_dictionary_fidelity_repair_training/runtime_htzhulab_mirror,results/20260708_srr_v3_m9_dictionary_fidelity_repair_training/runtime_htzhulab_mirror/variants/m9_srr_main_true_br2_pattern_sip/training_log.csv
m9_srr_main_true_br2_pattern_sip,m9_srr_main_true_br2_pattern_sip,1050,evidence_warmup,2.217747926712036,290.493941957131,m9_srr_main_true_br2_pattern_sip,m9_srr_main_true_br2_pattern_sip,0.61754310131073,2.217747926712036,0.08732178062200546,0.3370334804058075,0.12418805062770844,0.007094538304954767,0.0004558941873256117,0.007094538304954767,0.3158717453479767,0.007094538304954767,0.003209663089364767,0.4199577569961548,0.6724973917007446,-0.0,-0.0,1.0,1.0,0.5,1.0,1.0,0.01798621006309986,0.07134104520082474,1.0,0.15340276062488556,0.15340276062488556,1.9310543537139893,baseline_preserving_residual,enabled_crop_soft_roi,enabled_distance_soft_gates,balanced_4scale,16;32;64;128,0.28960317373275757,0.10144024342298508,0.054551560431718826,0.4750463366508484,0.7395156621932983,0.854228138923645,0.2665257155895233,0.15345683693885803,0.0,train_oof_runtime_features_fold0,train_oof_runtime_features_fold0,"Case7001,Case3024",0.61754310131073,0.08732178062200546,0.3370334804058075,0.3158717453479767,0.3158717453479767,0.40581491589546204,0.40581491589546204,0.4199577569961548,0.6724973917007446,0.0,3.966430425643921,0.007094538304954767,0.0004558941873256117,0.003209663089364767,0.003209663089364767,0.12418805062770844,0.12418805062770844,0.8464314341545105,-0.0,-0.0,2.217747926712036,0.9428915977478027,0.29754793643951416,0.7909837961196899,0.38428550958633423,0.4906250238418579,0.49440768361091614,0.9913749694824219,0.26421260833740234,0.7716302275657654,0.37833160161972046,0.4906250238418579,0.4809648394584656,0.9105153679847717,0.19875364005565643,0.15573617815971375,0.05502473562955856,0.34672877192497253,0.13320393860340118,0.9501206278800964,0.06004239618778229,0.7093296051025391,0.49293747544288635,0.45417994260787964,0.5630055665969849,results/20260708_srr_v3_m9_dictionary_fidelity_repair_training/runtime_htzhulab_mirror,results/20260708_srr_v3_m9_dictionary_fidelity_repair_training/runtime_htzhulab_mirror/variants/m9_srr_main_true_br2_pattern_sip/training_log.csv
m9_srr_main_true_br2_pattern_sip,m9_srr_main_true_br2_pattern_sip,1100,evidence_warmup,1.6005752086639404,303.9327285028994,m9_srr_main_true_br2_pattern_sip,m9_srr_main_true_br2_pattern_sip,0.3068115711212158,1.6005752086639404,0.09521056711673737,0.09313535690307617,0.10636916756629944,0.03510962426662445,-0.0,0.03510962426662445,0.3209303617477417,0.03510962426662445,0.0037984198424965143,0.1615590900182724,0.5667948126792908,-0.0,-0.0,1.0,1.0,1.0,1.0,1.0,0.01798621006309986,0.0708477571606636,1.0,0.1678367257118225,0.1678367257118225,2.1254186630249023,baseline_preserving_residual,enabled_crop_soft_roi,enabled_distance_soft_gates,balanced_4scale,16;32;64;128,0.2734144628047943,0.09051722288131714,0.05702964588999748,0.4872141480445862,0.782470166683197,0.8477137684822083,0.24726305902004242,0.24415984749794006,0.0,train_oof_runtime_features_fold0,train_oof_runtime_features_fold0,"Case3022,Case3025",0.3068115711212158,0.09521056711673737,0.09313535690307617,0.3209303617477417,0.3209303617477417,0.4614470601081848,0.4614470601081848,0.1615590900182724,0.5667948126792908,0.0,3.9390039443969727,0.03510962426662445,-0.0,0.0037984198424965143,0.0037984198424965143,0.10636916756629944,0.10636916756629944,0.749107837677002,-0.0,-0.0,1.6005752086639404,0.9887499809265137,0.3588414490222931,0.8935327529907227,0.510968804359436,0.9812500476837158,0.4926339089870453,0.9887499809265137,0.2978396415710449,0.7369943261146545,0.5073732137680054,0.9812500476837158,0.4723930358886719,0.9204902052879333,0.25953954458236694,0.27761369943618774,0.11075454950332642,0.7568348050117493,0.17450976371765137,0.903750479221344,0.12196667492389679,0.4482969045639038,0.4445468783378601,0.82988440990448,0.5798436999320984,results/20260708_srr_v3_m9_dictionary_fidelity_repair_training/runtime_htzhulab_mirror,results/20260708_srr_v3_m9_dictionary_fidelity_repair_training/runtime_htzhulab_mirror/variants/m9_srr_main_true_br2_pattern_sip/training_log.csv
m9_srr_main_true_br2_pattern_sip,m9_srr_main_true_br2_pattern_sip,1150,evidence_warmup,1.591160535812378,317.5854892358184,m9_srr_main_true_br2_pattern_sip,m9_srr_main_true_br2_pattern_sip,0.3409738838672638,1.591160535812378,0.17814379930496216,0.1385681927204132,0.11813250184059143,0.01933484524488449,-0.0,0.01933484524488449,0.17994967103004456,0.01933484524488449,0.0035152907948940992,0.16305285692214966,0.47054368257522583,-0.0,-0.0,1.0,1.0,1.0,1.0,1.0,0.01798621006309986,0.071129210293293,1.0,0.16389957070350647,0.16389957070350647,2.1458566188812256,baseline_preserving_residual,enabled_crop_soft_roi,enabled_distance_soft_gates,balanced_4scale,16;32;64;128,0.36204972863197327,0.13063660264015198,0.06563965231180191,0.4085860252380371,0.7146561741828918,0.8159753084182739,0.31401708722114563,0.30641958117485046,0.0,train_oof_runtime_features_fold0,train_oof_runtime_features_fold0,"Case3029,Case3022",0.3409738838672638,0.17814379930496216,0.1385681927204132,0.17994967103004456,0.17994967103004456,0.4023376405239105,0.4023376405239105,0.16305285692214966,0.47054368257522583,0.0,3.9546523094177246,0.01933484524488449,-0.0,0.0035152907948940992,0.0035152907948940992,0.11813250184059143,0.11813250184059143,0.8610098958015442,-0.0,-0.0,1.591160535812378,0.9887500405311584,0.3706524968147278,0.8921834230422974,0.5668445229530334,0.9812499284744263,0.47671952843666077,0.9887500405311584,0.31469058990478516,0.6474590301513672,0.6437090635299683,0.981249988079071,0.49926382303237915,0.9178053140640259,0.2247748076915741,0.2982292175292969,0.14692291617393494,0.7885237336158752,0.21297909319400787,0.9887501001358032,0.21135136485099792,0.5885883569717407,0.5848383903503418,0.8928413391113281,0.6222245693206787,results/20260708_srr_v3_m9_dictionary_fidelity_repair_training/runtime_htzhulab_mirror,results/20260708_srr_v3_m9_dictionary_fidelity_repair_training/runtime_htzhulab_mirror/variants/m9_srr_main_true_br2_pattern_sip/training_log.csv
m9_srr_main_true_br2_pattern_sip,m9_srr_main_true_br2_pattern_sip,1200,evidence_warmup,2.544032335281372,331.214859848842,m9_srr_main_true_br2_pattern_sip,m9_srr_main_true_br2_pattern_sip,1.1839346885681152,2.544032335281372,0.07453934103250504,0.09617922455072403,0.11333950608968735,0.020388294011354446,0.0004558941873256117,0.020388294011354446,0.4704876244068146,0.020388294011354446,0.002310195006430149,0.9398464560508728,0.27556198835372925,-0.0,-0.0,1.0,1.0,0.5,0.5,0.5,0.01798621006309986,0.07125811278820038,1.0,0.17905758321285248,0.17905758321285248,2.2317678928375244,baseline_preserving_residual,enabled_crop_soft_roi,enabled_distance_soft_gates,balanced_4scale,16;32;64;128,0.14790526032447815,0.050685327500104904,0.027529271319508553,0.6748219132423401,0.8624922633171082,0.9245348572731018,0.1406804770231247,0.05073782429099083,0.0,train_oof_runtime_features_fold0,train_oof_runtime_features_fold0,"Case2012,Case7006",1.1839346885681152,0.07453934103250504,0.09617922455072403,0.4704876244068146,0.4704876244068146,0.38998764753341675,0.38998764753341675,0.9398464560508728,0.27556198835372925,0.0,3.9618191719055176,0.020388294011354446,0.0004558941873256117,0.002310195006430149,0.002310195006430149,0.11333950608968735,0.11333950608968735,0.401998370885849,-0.0,-0.0,2.544032335281372,0.9419910907745361,0.24987131357192993,0.7697397470474243,0.30355626344680786,0.4179880619049072,0.22586701810359955,0.9132726192474365,0.23003505170345306,0.8822885751724243,0.3915691673755646,0.4909999966621399,0.45835354924201965,0.8577202558517456,0.1338176429271698,0.29790616035461426,0.08034561574459076,0.28382357954978943,0.006000000052154064,0.9093074202537537,0.006000000052154064,0.8271816968917847,0.5102939009666443,0.358505517244339,0.45052438974380493,results/20260708_srr_v3_m9_dictionary_fidelity_repair_training/runtime_htzhulab_mirror,results/20260708_srr_v3_m9_dictionary_fidelity_repair_training/runtime_htzhulab_mirror/variants/m9_srr_main_true_br2_pattern_sip/training_log.csv
m9_srr_main_true_br2_pattern_sip,m9_srr_main_true_br2_pattern_sip,1200,evidence_warmup,,332.093537225388,m9_srr_main_true_br2_pattern_sip,m9_srr_main_true_br2_pattern_sip,,,,,,,,,,,,,,,,,,,,,,,,,,,,,,,,,,,,,,,,,,,,,,,,,,,,,,,,,,,,,,,,,,,,,,,,,,,,,,,,,,,,,,,,,results/20260708_srr_v3_m9_dictionary_fidelity_repair_training/runtime_htzhulab_mirror,results/20260708_srr_v3_m9_dictionary_fidelity_repair_training/runtime_htzhulab_mirror/variants/m9_srr_main_true_br2_pattern_sip/training_log.csv
m9_srr_main_true_br2_pattern_sip,m9_srr_main_true_br2_pattern_sip,1250,proposal_dictionary,1.5283242464065552,346.2994712498039,m9_srr_main_true_br2_pattern_sip,m9_srr_main_true_br2_pattern_sip,0.28595662117004395,1.5283242464065552,0.03226286172866821,0.004841594956815243,0.08665207028388977,0.017094338312745094,0.0004558941873256117,0.017094338312745094,0.3970690667629242,0.017094338312745094,0.0024517870042473078,0.2913438677787781,0.7463803291320801,-0.0,-0.0,1.0,1.0,0.5,1.0,0.5,0.01798621006309986,0.07121331989765167,1.0,0.14264681935310364,0.14264681935310364,1.835116982460022,baseline_preserving_residual,enabled_crop_soft_roi,enabled_distance_soft_gates,balanced_4scale,16;32;64;128,0.18643224239349365,0.0908355638384819,0.025831423699855804,0.6845988035202026,0.8191491365432739,0.948320209980011,0.16513463854789734,0.08137867599725723,0.0,train_oof_runtime_features_fold0,train_oof_runtime_features_fold0,"Case2022,Case1001",0.28595662117004395,0.03226286172866821,0.004841594956815243,0.3970690667629242,0.3970690667629242,0.5065790414810181,0.5065790414810181,0.2913438677787781,0.7463803291320801,0.0,3.9593286514282227,0.017094338312745094,0.0004558941873256117,0.0024517870042473078,0.0024517870042473078,0.08665207028388977,0.08665207028388977,0.2787249684333801,-0.0,-0.0,1.5283242464065552,0.9342801570892334,0.347589910030365,0.7033402323722839,0.5149666666984558,0.4906249940395355,0.47019898891448975,0.9508471488952637,0.30173400044441223,0.6416670083999634,0.5335476398468018,0.4906250238418579,0.49226999282836914,0.954055666923523,0.2109363079071045,0.25137144327163696,0.13659465312957764,0.31326019763946533,0.12287548929452896,0.9105833768844604,0.20386606454849243,0.628079891204834,0.5987312197685242,0.3919813334941864,0.5518749356269836,results/20260708_srr_v3_m9_dictionary_fidelity_repair_training/runtime_htzhulab_mirror,results/20260708_srr_v3_m9_dictionary_fidelity_repair_training/runtime_htzhulab_mirror/variants/m9_srr_main_true_br2_pattern_sip/training_log.csv
m9_srr_main_true_br2_pattern_sip,m9_srr_main_true_br2_pattern_sip,1300,proposal_dictionary,1.0054142475128174,359.96484900824726,m9_srr_main_true_br2_pattern_sip,m9_srr_main_true_br2_pattern_sip,0.2916090190410614,1.0054142475128174,0.04817812889814377,-0.0,0.11350323259830475,0.004329086281359196,0.0004558941873256117,0.004329086281359196,0.3421776592731476,0.004329086281359196,0.0032551302574574947,0.49999773502349854,0.7017796635627747,-0.0,-0.0,1.0,1.0,0.0,0.5,0.5,0.01798621006309986,0.07158079743385315,1.0,0.1422262340784073,0.1422262340784073,1.8416507244110107,baseline_preserving_residual,enabled_crop_soft_roi,enabled_distance_soft_gates,balanced_4scale,16;32;64;128,0.17100045084953308,0.0865858718752861,0.01355846505612135,0.7170719504356384,0.8417612910270691,0.9720426797866821,0.15291273593902588,0.0,0.0,train_oof_runtime_features_fold0,train_oof_runtime_features_fold0,"Case1036,Case3017",0.2916090190410614,0.04817812889814377,-0.0,0.3421776592731476,0.3421776592731476,-0.0,-0.0,0.49999773502349854,0.7017796635627747,0.0,3.979759693145752,0.004329086281359196,0.0004558941873256117,0.0032551302574574947,0.0032551302574574947,0.11350323259830475,0.11350323259830475,0.34856846928596497,-0.0,-0.0,1.0054142475128174,0.9349104762077332,0.22898134589195251,0.6455808877944946,0.2278367578983307,0.0,,0.9519479274749756,0.22835905849933624,0.7813838124275208,0.3401029109954834,0.0,,0.9919999837875366,0.12929660081863403,0.1693483293056488,0.04170529171824455,0.0,,0.9157906770706177,0.07772308588027954,0.7779991626739502,0.5173085927963257,0.0,,results/20260708_srr_v3_m9_dictionary_fidelity_repair_training/runtime_htzhulab_mirror,results/20260708_srr_v3_m9_dictionary_fidelity_repair_training/runtime_htzhulab_mirror/variants/m9_srr_main_true_br2_pattern_sip/training_log.csv
m9_srr_main_true_br2_pattern_sip,m9_srr_main_true_br2_pattern_sip,1350,proposal_dictionary,1.8238029479980469,373.3926862850785,m9_srr_main_true_br2_pattern_sip,m9_srr_main_true_br2_pattern_sip,0.2958875596523285,1.8238029479980469,0.092864491045475,0.24638302624225616,0.10846568644046783,0.009248366579413414,0.0004558941873256117,0.009248366579413414,0.267381489276886,0.009248366579413414,0.0025373396929353476,0.28701162338256836,0.7089109420776367,-0.0,-0.0,1.0,1.0,0.5,1.0,1.0,0.01798621006309986,0.07100316137075424,1.0,0.1354600042104721,0.1354600042104721,1.808367371559143,baseline_preserving_residual,enabled_crop_soft_roi,enabled_distance_soft_gates,balanced_4scale,16;32;64;128,0.2641793489456177,0.09020908176898956,0.05206567421555519,0.5515589118003845,0.8011942505836487,0.8584526777267456,0.24014031887054443,0.16138094663619995,0.0,train_oof_runtime_features_fold0,train_oof_runtime_features_fold0,"Case1039,Case3001",0.2958875596523285,0.092864491045475,0.24638302624225616,0.267381489276886,0.267381489276886,0.5155003070831299,0.5155003070831299,0.28701162338256836,0.7089109420776367,0.0,3.9476442337036133,0.009248366579413414,0.0004558941873256117,0.0025373396929353476,0.0025373396929353476,0.10846568644046783,0.10846568644046783,0.4133484959602356,-0.0,-0.0,1.8238029479980469,0.9325944781303406,0.34823447465896606,0.7569324970245361,0.5180017948150635,0.4589923620223999,0.4299495220184326,0.9490294456481934,0.3078118860721588,0.6524192094802856,0.4290083050727844,0.4906250536441803,0.47482937574386597,0.9893750548362732,0.2197589874267578,0.19948506355285645,0.11507943272590637,0.34917932748794556,0.13880795240402222,0.9166780710220337,0.1126282587647438,0.6516385674476624,0.5540581941604614,0.41144049167633057,0.5011412501335144,results/20260708_srr_v3_m9_dictionary_fidelity_repair_training/runtime_htzhulab_mirror,results/20260708_srr_v3_m9_dictionary_fidelity_repair_training/runtime_htzhulab_mirror/variants/m9_srr_main_true_br2_pattern_sip/training_log.csv
m9_srr_main_true_br2_pattern_sip,m9_srr_main_true_br2_pattern_sip,1400,proposal_dictionary,2.0216705799102783,386.83398754615337,m9_srr_main_true_br2_pattern_sip,m9_srr_main_true_br2_pattern_sip,0.14776001870632172,2.0216705799102783,0.3126004934310913,0.15416595339775085,0.13282229006290436,0.028914060443639755,-0.0,0.028914060443639755,0.5538583993911743,0.028914060443639755,0.0033491358626633883,0.13689890503883362,0.32105642557144165,-0.0,-0.0,1.0,1.0,1.0,1.0,0.5,0.01798621006309986,0.07075954973697662,1.0,0.17405100166797638,0.17405100166797638,2.2746355533599854,baseline_preserving_residual,enabled_crop_soft_roi,enabled_distance_soft_gates,balanced_4scale,16;32;64;128,0.15854603052139282,0.04927071928977966,0.01955915242433548,0.6985018253326416,0.8895940780639648,0.950829267501831,0.14310649037361145,0.14184261858463287,0.0,train_oof_runtime_features_fold0,train_oof_runtime_features_fold0,"Case3010,Case3035",0.14776001870632172,0.3126004934310913,0.15416595339775085,0.5538583993911743,0.5538583993911743,0.4823548495769501,0.4823548495769501,0.13689890503883362,0.32105642557144165,0.0,3.9341001510620117,0.028914060443639755,-0.0,0.0033491358626633883,0.0033491358626633883,0.13282229006290436,0.13282229006290436,0.5895021557807922,-0.0,-0.0,2.0216705799102783,0.9887499809265137,0.3449144959449768,0.8957386016845703,0.5103277564048767,0.9508883953094482,0.45561397075653076,0.9887499809265137,0.2942522168159485,0.6079490184783936,0.4800316393375397,0.9812500476837158,0.4661874771118164,0.9887500405311584,0.21313190460205078,0.2605421245098114,0.13654005527496338,0.6782098412513733,0.1361636221408844,0.9137647151947021,0.11143099516630173,0.685215175151825,0.523137092590332,0.8338998556137085,0.5524241328239441,results/20260708_srr_v3_m9_dictionary_fidelity_repair_training/runtime_htzhulab_mirror,results/20260708_srr_v3_m9_dictionary_fidelity_repair_training/runtime_htzhulab_mirror/variants/m9_srr_main_true_br2_pattern_sip/training_log.csv
m9_srr_main_true_br2_pattern_sip,m9_srr_main_true_br2_pattern_sip,1450,proposal_dictionary,1.6051006317138672,400.521469485946,m9_srr_main_true_br2_pattern_sip,m9_srr_main_true_br2_pattern_sip,0.281863272190094,1.6051006317138672,0.08824323862791061,0.23437882959842682,0.10269562155008316,0.03924911841750145,0.0004558941873256117,0.03924911841750145,0.4480063021183014,0.03924911841750145,0.0023091610055416822,0.26319506764411926,0.49130651354789734,-0.0,-0.0,1.0,1.0,0.5,1.0,1.0,0.01798621006309986,0.07080550491809845,1.0,0.1436668187379837,0.1436668187379837,1.9216461181640625,baseline_preserving_residual,enabled_crop_soft_roi,enabled_distance_soft_gates,balanced_4scale,16;32;64;128,0.21935901045799255,0.09725704789161682,0.034948114305734634,0.5645718574523926,0.7613640427589417,0.889836847782135,0.21766649186611176,0.1424475461244583,0.0,train_oof_runtime_features_fold0,train_oof_runtime_features_fold0,"Case1015,Case3032",0.281863272190094,0.08824323862791061,0.23437882959842682,0.4480063021183014,0.4480063021183014,0.18310903012752533,0.18310903012752533,0.26319506764411926,0.49130651354789734,0.0,3.936655282974243,0.03924911841750145,0.0004558941873256117,0.0023091610055416822,0.0023091610055416822,0.10269562155008316,0.10269562155008316,0.9689030647277832,-0.0,-0.0,1.6051006317138672,0.9293524026870728,0.36053064465522766,0.7119979858398438,0.5218901634216309,0.4594613313674927,0.44198212027549744,0.9473784565925598,0.3039746582508087,0.6582394242286682,0.6810098886489868,0.4906249940395355,0.47667360305786133,0.9893749952316284,0.20823714137077332,0.25826048851013184,0.12360790371894836,0.3479883670806885,0.13659487664699554,0.880315363407135,0.10453791916370392,0.7599251866340637,0.4586055278778076,0.40760982036590576,0.5535614490509033,results/20260708_srr_v3_m9_dictionary_fidelity_repair_training/runtime_htzhulab_mirror,results/20260708_srr_v3_m9_dictionary_fidelity_repair_training/runtime_htzhulab_mirror/variants/m9_srr_main_true_br2_pattern_sip/training_log.csv
m9_srr_main_true_br2_pattern_sip,m9_srr_main_true_br2_pattern_sip,1500,proposal_dictionary,1.7197425365447998,414.11911563109607,m9_srr_main_true_br2_pattern_sip,m9_srr_main_true_br2_pattern_sip,0.41103363037109375,1.7197425365447998,0.08749837428331375,0.12083353847265244,0.1104508638381958,0.014224208891391754,0.0004558941873256117,0.014224208891391754,0.4637795090675354,0.014224208891391754,0.002537455642595887,0.36573952436447144,0.7105027437210083,-0.0,-0.0,1.0,1.0,0.5,1.0,1.0,0.01798621006309986,0.07102145254611969,1.0,0.12636682391166687,0.12636682391166687,1.7185041904449463,baseline_preserving_residual,enabled_crop_soft_roi,enabled_distance_soft_gates,balanced_4scale,16;32;64;128,0.24695298075675964,0.15099363029003143,0.024042371660470963,0.5689845085144043,0.713038980960846,0.9377241730690002,0.23547451198101044,0.10034330189228058,0.0,train_oof_runtime_features_fold0,train_oof_runtime_features_fold0,"Case1034,Case3005",0.41103363037109375,0.08749837428331375,0.12083353847265244,0.4637795090675354,0.4637795090675354,0.2679100036621094,0.2679100036621094,0.36573952436447144,0.7105027437210083,0.0,3.9486610889434814,0.014224208891391754,0.0004558941873256117,0.002537455642595887,0.002537455642595887,0.1104508638381958,0.1104508638381958,0.364298939704895,-0.0,-0.0,1.7197425365447998,0.9294475317001343,0.3677321672439575,0.6983190774917603,0.514295756816864,0.4906250238418579,0.4905838370323181,0.9492830038070679,0.3096161186695099,0.5638705492019653,0.5319226980209351,0.4906249940395355,0.47919243574142456,0.9893750548362732,0.218744158744812,0.20628824830055237,0.17020508646965027,0.3958587646484375,0.21915820240974426,0.8844901323318481,0.10405711829662323,0.6691968441009521,0.475222110748291,0.4333364963531494,0.48434004187583923,results/20260708_srr_v3_m9_dictionary_fidelity_repair_training/runtime_htzhulab_mirror,results/20260708_srr_v3_m9_dictionary_fidelity_repair_training/runtime_htzhulab_mirror/variants/m9_srr_main_true_br2_pattern_sip/training_log.csv
m9_srr_main_true_br2_pattern_sip,m9_srr_main_true_br2_pattern_sip,1500,proposal_dictionary,,414.9895872324705,m9_srr_main_true_br2_pattern_sip,m9_srr_main_true_br2_pattern_sip,,,,,,,,,,,,,,,,,,,,,,,,,,,,,,,,,,,,,,,,,,,,,,,,,,,,,,,,,,,,,,,,,,,,,,,,,,,,,,,,,,,,,,,,,results/20260708_srr_v3_m9_dictionary_fidelity_repair_training/runtime_htzhulab_mirror,results/20260708_srr_v3_m9_dictionary_fidelity_repair_training/runtime_htzhulab_mirror/variants/m9_srr_main_true_br2_pattern_sip/training_log.csv
m9_srr_main_true_br2_pattern_sip,m9_srr_main_true_br2_pattern_sip,1550,proposal_dictionary,1.2629237174987793,429.29172354284674,m9_srr_main_true_br2_pattern_sip,m9_srr_main_true_br2_pattern_sip,0.27375540137290955,1.2629237174987793,0.02983853779733181,0.17870602011680603,0.10704857110977173,0.005806603003293276,0.0004558941873256117,0.005806603003293276,0.14772509038448334,0.005806603003293276,0.0031320666894316673,0.8763497471809387,0.23152326047420502,-0.0,-0.0,1.0,1.0,0.5,0.5,0.5,0.01798621006309986,0.07083312422037125,1.0,0.19558924436569214,0.19558924436569214,2.6425392627716064,baseline_preserving_residual,enabled_crop_soft_roi,enabled_distance_soft_gates,balanced_4scale,16;32;64;128,0.2511714994907379,0.07532238215208054,0.07700838893651962,0.5084570646286011,0.8219699859619141,0.7947473526000977,0.21910201013088226,0.11967973411083221,0.0,train_oof_runtime_features_fold0,train_oof_runtime_features_fold0,"Case2029,Case2021",0.27375540137290955,0.02983853779733181,0.17870602011680603,0.14772509038448334,0.14772509038448334,0.3070088028907776,0.3070088028907776,0.8763497471809387,0.23152326047420502,0.0,3.9381906986236572,0.005806603003293276,0.0004558941873256117,0.0031320666894316673,0.0031320666894316673,0.10704857110977173,0.10704857110977173,0.5928246974945068,-0.0,-0.0,1.2629237174987793,0.9913750886917114,0.30693572759628296,0.8080302476882935,0.3797205686569214,0.4602198600769043,0.4325408637523651,0.96140456199646,0.2568463683128357,0.6158544421195984,0.42352697253227234,0.4906249940395355,0.47198545932769775,0.9913749694824219,0.17626988887786865,0.18722644448280334,0.09691359102725983,0.4047795534133911,0.21981829404830933,0.9535896182060242,0.11932146549224854,0.7506173849105835,0.5267094373703003,0.4355773627758026,0.47720009088516235,results/20260708_srr_v3_m9_dictionary_fidelity_repair_training/runtime_htzhulab_mirror,results/20260708_srr_v3_m9_dictionary_fidelity_repair_training/runtime_htzhulab_mirror/variants/m9_srr_main_true_br2_pattern_sip/training_log.csv
m9_srr_main_true_br2_pattern_sip,m9_srr_main_true_br2_pattern_sip,1600,proposal_dictionary,1.473981499671936,442.8074556803331,m9_srr_main_true_br2_pattern_sip,m9_srr_main_true_br2_pattern_sip,0.23538565635681152,1.473981499671936,0.1416345238685608,0.20577587187290192,0.11241476982831955,0.007709347642958164,-0.0,0.007709347642958164,0.23040872812271118,0.007709347642958164,0.003679037094116211,0.12051451951265335,0.514861524105072,-0.0,-0.0,1.0,1.0,1.0,1.0,1.0,0.01798621006309986,0.07051564007997513,1.0,0.19797946512699127,0.19797946512699127,2.637063503265381,baseline_preserving_residual,enabled_crop_soft_roi,enabled_distance_soft_gates,balanced_4scale,16;32;64;128,0.16974912583827972,0.06110117956995964,0.02896007150411606,0.6081328392028809,0.8276122808456421,0.9051379561424255,0.16866925358772278,0.1666058450937271,0.0,train_oof_runtime_features_fold0,train_oof_runtime_features_fold0,"Case2012,Case3030",0.23538565635681152,0.1416345238685608,0.20577587187290192,0.23040872812271118,0.23040872812271118,0.2948925793170929,0.2948925793170929,0.12051451951265335,0.514861524105072,0.0,3.920539140701294,0.007709347642958164,-0.0,0.003679037094116211,0.003679037094116211,0.11241476982831955,0.11241476982831955,1.049487590789795,-0.0,-0.0,1.473981499671936,0.9887500405311584,0.3699086308479309,0.8938379287719727,0.5149087309837341,0.9515661001205444,0.4818364977836609,0.9887499809265137,0.2972037196159363,0.5385512113571167,0.471508264541626,0.9812500476837158,0.47689247131347656,0.9274768829345703,0.21525269746780396,0.22467119991779327,0.11426781117916107,0.7497128844261169,0.1694207489490509,0.9187279343605042,0.10249978303909302,0.6950817108154297,0.6057513952255249,0.8751770257949829,0.5131187438964844,results/20260708_srr_v3_m9_dictionary_fidelity_repair_training/runtime_htzhulab_mirror,results/20260708_srr_v3_m9_dictionary_fidelity_repair_training/runtime_htzhulab_mirror/variants/m9_srr_main_true_br2_pattern_sip/training_log.csv
m9_srr_main_true_br2_pattern_sip,m9_srr_main_true_br2_pattern_sip,1650,proposal_dictionary,1.45224130153656,456.382851138711,m9_srr_main_true_br2_pattern_sip,m9_srr_main_true_br2_pattern_sip,0.2650051712989807,1.45224130153656,0.1064271628856659,0.2120840698480606,0.11863215267658234,0.017581701278686523,0.0004558941873256117,0.017581701278686523,0.27219364047050476,0.017581701278686523,0.003070558188483119,0.4946092963218689,0.21727333962917328,-0.0,-0.0,1.0,1.0,0.5,0.5,0.5,0.01798621006309986,0.07087431102991104,1.0,0.1967434585094452,0.1967434585094452,2.717447280883789,baseline_preserving_residual,enabled_crop_soft_roi,enabled_distance_soft_gates,balanced_4scale,16;32;64;128,0.2502652704715729,0.09238458424806595,0.0349215604364872,0.5222235321998596,0.7648330926895142,0.8958494663238525,0.2166413962841034,0.11648011952638626,0.0,train_oof_runtime_features_fold0,train_oof_runtime_features_fold0,"Case2015,Case3005",0.2650051712989807,0.1064271628856659,0.2120840698480606,0.27219364047050476,0.27219364047050476,0.2629486620426178,0.2629486620426178,0.4946092963218689,0.21727333962917328,0.0,3.9404804706573486,0.017581701278686523,0.0004558941873256117,0.003070558188483119,0.003070558188483119,0.11863215267658234,0.11863215267658234,0.8396012783050537,-0.0,-0.0,1.45224130153656,0.9913749694824219,0.3070029020309448,0.8099952936172485,0.3793555796146393,0.4604901671409607,0.46857649087905884,0.9598377346992493,0.2569983899593353,0.6393881440162659,0.3953058421611786,0.4906250238418579,0.48846325278282166,0.9616725444793701,0.2130514234304428,0.22216257452964783,0.1067180186510086,0.33608031272888184,0.1169421598315239,0.9560514688491821,0.08619710803031921,0.81649249792099,0.5939885377883911,0.43089842796325684,0.5335637927055359,results/20260708_srr_v3_m9_dictionary_fidelity_repair_training/runtime_htzhulab_mirror,results/20260708_srr_v3_m9_dictionary_fidelity_repair_training/runtime_htzhulab_mirror/variants/m9_srr_main_true_br2_pattern_sip/training_log.csv
m9_srr_main_true_br2_pattern_sip,m9_srr_main_true_br2_pattern_sip,1700,proposal_dictionary,1.818556308746338,469.9191640559584,m9_srr_main_true_br2_pattern_sip,m9_srr_main_true_br2_pattern_sip,0.45127761363983154,1.818556308746338,0.15369199216365814,0.17332446575164795,0.10927250981330872,0.004395781084895134,0.0004558941873256117,0.004395781084895134,0.2962212860584259,0.004395781084895134,0.003032880136743188,0.37294697761535645,0.5905072093009949,-0.0,-0.0,1.0,1.0,0.5,1.0,1.0,0.01798621006309986,0.0702846571803093,1.0,0.14473363757133484,0.14473363757133484,2.0793333053588867,baseline_preserving_residual,enabled_crop_soft_roi,enabled_distance_soft_gates,balanced_4scale,16;32;64;128,0.34483635425567627,0.12236952036619186,0.0699983686208725,0.43960314989089966,0.7305311560630798,0.8117791414260864,0.2961130440235138,0.16712559759616852,0.0,train_oof_runtime_features_fold0,train_oof_runtime_features_fold0,"Case3025,Case7004",0.45127761363983154,0.15369199216365814,0.17332446575164795,0.2962212860584259,0.2962212860584259,0.3540897071361542,0.3540897071361542,0.37294697761535645,0.5905072093009949,0.0,3.9076967239379883,0.004395781084895134,0.0004558941873256117,0.003032880136743188,0.003032880136743188,0.10927250981330872,0.10927250981330872,0.6668988466262817,-0.0,-0.0,1.818556308746338,0.9322059154510498,0.31311842799186707,0.784028172492981,0.372213751077652,0.4906249940395355,0.5304140448570251,0.9913749694824219,0.24263089895248413,0.6208605766296387,0.41405588388442993,0.4906250536441803,0.4830894470214844,0.9649339914321899,0.1890525370836258,0.2361048460006714,0.14320878684520721,0.3497883677482605,0.1219848170876503,0.9562166929244995,0.05454174801707268,0.7992774248123169,0.5552076697349548,0.4332703948020935,0.5228577852249146,results/20260708_srr_v3_m9_dictionary_fidelity_repair_training/runtime_htzhulab_mirror,results/20260708_srr_v3_m9_dictionary_fidelity_repair_training/runtime_htzhulab_mirror/variants/m9_srr_main_true_br2_pattern_sip/training_log.csv
m9_srr_main_true_br2_pattern_sip,m9_srr_main_true_br2_pattern_sip,1750,proposal_dictionary,1.2587394714355469,483.4981515062973,m9_srr_main_true_br2_pattern_sip,m9_srr_main_true_br2_pattern_sip,0.10253628343343735,1.2587394714355469,0.004442219156771898,0.12792737782001495,0.06944462656974792,0.002400774508714676,0.0004558941873256117,0.002400774508714676,0.5007742643356323,0.002400774508714676,0.0025210699532181025,0.10970474779605865,0.5726107358932495,-0.0,-0.0,1.0,1.0,0.5,1.0,0.5,0.01798621006309986,0.07057900726795197,1.0,0.13807304203510284,0.13807304203510284,1.905619740486145,baseline_preserving_residual,enabled_crop_soft_roi,enabled_distance_soft_gates,balanced_4scale,16;32;64;128,0.12760041654109955,0.061460018157958984,0.016292670741677284,0.728424072265625,0.8416253328323364,0.9561496376991272,0.12772133946418762,0.0997137799859047,0.0,train_oof_runtime_features_fold0,train_oof_runtime_features_fold0,"Case1016,Case3005",0.10253628343343735,0.004442219156771898,0.12792737782001495,0.5007742643356323,0.5007742643356323,0.24956905841827393,0.24956905841827393,0.10970474779605865,0.5726107358932495,0.0,3.924062490463257,0.002400774508714676,0.0004558941873256117,0.0025210699532181025,0.0025210699532181025,0.06944462656974792,0.06944462656974792,0.24833066761493683,-0.0,-0.0,1.2587394714355469,0.9277443885803223,0.36093413829803467,0.7115492820739746,0.5065652132034302,0.49062496423721313,0.520648717880249,0.9467006921768188,0.32445263862609863,0.5576640963554382,0.5010309219360352,0.4906250238418579,0.5004853010177612,0.9615562558174133,0.258696049451828,0.2559097409248352,0.1797848641872406,0.34404200315475464,0.12403680384159088,0.8920543193817139,0.09820900112390518,0.6718809008598328,0.4966365694999695,0.4297042489051819,0.5471378564834595,results/20260708_srr_v3_m9_dictionary_fidelity_repair_training/runtime_htzhulab_mirror,results/20260708_srr_v3_m9_dictionary_fidelity_repair_training/runtime_htzhulab_mirror/variants/m9_srr_main_true_br2_pattern_sip/training_log.csv
m9_srr_main_true_br2_pattern_sip,m9_srr_main_true_br2_pattern_sip,1800,proposal_dictionary,1.2396185398101807,497.0356826148927,m9_srr_main_true_br2_pattern_sip,m9_srr_main_true_br2_pattern_sip,0.2810814678668976,1.2396185398101807,0.05811389163136482,0.14556777477264404,0.09626919776201248,0.008291786536574364,0.0004558941873256117,0.008291786536574364,0.19078883528709412,0.008291786536574364,0.0026800530031323433,0.21802286803722382,0.472324401140213,-0.0,-0.0,1.0,1.0,0.5,1.0,1.0,0.01798621006309986,0.0705799087882042,1.0,0.12088827043771744,0.12088827043771744,1.7396849393844604,baseline_preserving_residual,enabled_crop_soft_roi,enabled_distance_soft_gates,balanced_4scale,16;32;64;128,0.24319027364253998,0.09534449130296707,0.05878167599439621,0.6166415810585022,0.8140407204627991,0.8735691905021667,0.2175222635269165,0.14247100055217743,0.0,train_oof_runtime_features_fold0,train_oof_runtime_features_fold0,"Case2029,Case1017",0.2810814678668976,0.05811389163136482,0.14556777477264404,0.19078883528709412,0.19078883528709412,0.261715829372406,0.261715829372406,0.21802286803722382,0.472324401140213,0.0,3.924112319946289,0.008291786536574364,0.0004558941873256117,0.0026800530031323433,0.0026800530031323433,0.09626919776201248,0.09626919776201248,0.509919285774231,-0.0,-0.0,1.2396185398101807,0.927092432975769,0.3654260039329529,0.7209863066673279,0.5148620009422302,0.458364874124527,0.45990443229675293,0.9481897354125977,0.30915510654449463,0.5742966532707214,0.5199416875839233,0.4906250238418579,0.495676189661026,0.9611210823059082,0.25192710757255554,0.24179603159427643,0.20419520139694214,0.39584991335868835,0.21355095505714417,0.8891596794128418,0.09314058721065521,0.6745272278785706,0.5720994472503662,0.42740708589553833,0.5285228490829468,results/20260708_srr_v3_m9_dictionary_fidelity_repair_training/runtime_htzhulab_mirror,results/20260708_srr_v3_m9_dictionary_fidelity_repair_training/runtime_htzhulab_mirror/variants/m9_srr_main_true_br2_pattern_sip/training_log.csv
m9_srr_main_true_br2_pattern_sip,m9_srr_main_true_br2_pattern_sip,1800,proposal_dictionary,,497.9108027908951,m9_srr_main_true_br2_pattern_sip,m9_srr_main_true_br2_pattern_sip,,,,,,,,,,,,,,,,,,,,,,,,,,,,,,,,,,,,,,,,,,,,,,,,,,,,,,,,,,,,,,,,,,,,,,,,,,,,,,,,,,,,,,,,,results/20260708_srr_v3_m9_dictionary_fidelity_repair_training/runtime_htzhulab_mirror,results/20260708_srr_v3_m9_dictionary_fidelity_repair_training/runtime_htzhulab_mirror/variants/m9_srr_main_true_br2_pattern_sip/training_log.csv
m9_srr_main_true_br2_pattern_sip,m9_srr_main_true_br2_pattern_sip,1850,proposal_dictionary,1.1018071174621582,511.85429551173,m9_srr_main_true_br2_pattern_sip,m9_srr_main_true_br2_pattern_sip,0.27701449394226074,1.1018071174621582,0.09012708067893982,-0.0,0.11588489264249802,0.003352383617311716,0.0004558941873256117,0.003352383617311716,0.40748509764671326,0.003352383617311716,0.0035728400107473135,1.5537559986114502,0.11728303134441376,-0.0,-0.0,1.0,1.0,0.0,0.0,0.0,0.01798621006309986,0.07112891972064972,1.0,0.23151442408561707,0.23151442408561707,3.1972455978393555,baseline_preserving_residual,enabled_crop_soft_roi,enabled_distance_soft_gates,balanced_4scale,16;32;64;128,0.2184486985206604,0.07088001072406769,0.0599319227039814,0.5354437232017517,0.8097341656684875,0.8276721835136414,0.18500132858753204,0.0,0.0,train_oof_runtime_features_fold0,train_oof_runtime_features_fold0,"Case3006,Case2026",0.27701449394226074,0.09012708067893982,-0.0,0.40748509764671326,0.40748509764671326,-0.0,-0.0,1.5537559986114502,0.11728303134441376,0.0,3.9546358585357666,0.003352383617311716,0.0004558941873256117,0.0035728400107473135,0.0035728400107473135,0.11588489264249802,0.11588489264249802,0.38134872913360596,-0.0,-0.0,1.1018071174621582,0.9940000772476196,0.24420320987701416,0.8180834054946899,0.2424202561378479,0.0,,0.939216673374176,0.23666170239448547,0.7907905578613281,0.3509742021560669,0.0,,0.9939999580383301,0.17472729086875916,0.2539811134338379,0.14197464287281036,0.0,,0.9940000176429749,0.07759135961532593,0.8791329860687256,0.561084508895874,0.0,,results/20260708_srr_v3_m9_dictionary_fidelity_repair_training/runtime_htzhulab_mirror,results/20260708_srr_v3_m9_dictionary_fidelity_repair_training/runtime_htzhulab_mirror/variants/m9_srr_main_true_br2_pattern_sip/training_log.csv
m9_srr_main_true_br2_pattern_sip,m9_srr_main_true_br2_pattern_sip,1900,proposal_dictionary,1.850990891456604,525.3869836386293,m9_srr_main_true_br2_pattern_sip,m9_srr_main_true_br2_pattern_sip,0.3888467848300934,1.850990891456604,0.16467274725437164,0.21068106591701508,0.11123675107955933,0.005494685377925634,-0.0,0.005494685377925634,0.422376424074173,0.005494685377925634,0.003106107469648123,0.4967767000198364,0.17282073199748993,-0.0,-0.0,1.0,1.0,1.0,0.5,0.5,0.01798621006309986,0.0702979564666748,1.0,0.19674226641654968,0.19674226641654968,2.7642621994018555,baseline_preserving_residual,enabled_crop_soft_roi,enabled_distance_soft_gates,balanced_4scale,16;32;64;128,0.24293412268161774,0.06707983464002609,0.08033662289381027,0.46036776900291443,0.7952821850776672,0.7392640113830566,0.2300451397895813,0.22956295311450958,0.0,train_oof_runtime_features_fold0,train_oof_runtime_features_fold0,"Case2015,Case3002",0.3888467848300934,0.16467274725437164,0.21068106591701508,0.422376424074173,0.422376424074173,0.32927578687667847,0.32927578687667847,0.4967767000198364,0.17282073199748993,0.0,3.9084362983703613,0.005494685377925634,-0.0,0.003106107469648123,0.003106107469648123,0.11123675107955933,0.11123675107955933,0.612967848777771,-0.0,-0.0,1.850990891456604,0.9451985359191895,0.3679804503917694,0.8908671140670776,0.42077895998954773,0.8547190427780151,0.37460216879844666,0.8874959945678711,0.31313082575798035,0.7480401992797852,0.5218852162361145,0.9816250801086426,0.48322761058807373,0.8609595894813538,0.2490851879119873,0.3156816363334656,0.17840205132961273,0.7472042441368103,0.15661558508872986,0.844683825969696,0.08808158338069916,0.7397720217704773,0.5915549993515015,0.78010094165802,0.4411282241344452,results/20260708_srr_v3_m9_dictionary_fidelity_repair_training/runtime_htzhulab_mirror,results/20260708_srr_v3_m9_dictionary_fidelity_repair_training/runtime_htzhulab_mirror/variants/m9_srr_main_true_br2_pattern_sip/training_log.csv
m9_srr_main_true_br2_pattern_sip,m9_srr_main_true_br2_pattern_sip,1950,proposal_dictionary,1.6011693477630615,538.9711821973324,m9_srr_main_true_br2_pattern_sip,m9_srr_main_true_br2_pattern_sip,0.42209869623184204,1.6011693477630615,0.07229635119438171,0.06508313119411469,0.10188409686088562,0.030674461275339127,-0.0,0.030674461275339127,0.33841103315353394,0.030674461275339127,0.0025568350683897734,1.4928851127624512,0.11715540289878845,-0.0,-0.0,1.0,1.0,1.0,0.0,0.0,0.01798621006309986,0.07050532847642899,1.0,0.23151655495166779,0.23151655495166779,3.1982946395874023,baseline_preserving_residual,enabled_crop_soft_roi,enabled_distance_soft_gates,balanced_4scale,16;32;64;128,0.19563108682632446,0.0565069206058979,0.02480001002550125,0.5825842022895813,0.848763644695282,0.9162012934684753,0.16282936930656433,0.15495438873767853,0.0,train_oof_runtime_features_fold0,train_oof_runtime_features_fold0,"Case2022,Case3036",0.42209869623184204,0.07229635119438171,0.06508313119411469,0.33841103315353394,0.33841103315353394,0.36414507031440735,0.36414507031440735,1.4928851127624512,0.11715540289878845,0.0,3.9199655055999756,0.030674461275339127,-0.0,0.0025568350683897734,0.0025568350683897734,0.10188409686088562,0.10188409686088562,0.4087023138999939,-0.0,-0.0,1.6011693477630615,0.822733998298645,,0.8854396343231201,0.33333903551101685,0.806327760219574,0.24264435470104218,0.7828667163848877,,0.9819999933242798,0.5528587698936462,0.9820001125335693,0.48143553733825684,0.740041971206665,,0.3058151602745056,0.11628580093383789,0.6887723207473755,0.10645587742328644,0.7675597071647644,,0.822124719619751,0.5075226426124573,0.7470159530639648,0.4057677984237671,results/20260708_srr_v3_m9_dictionary_fidelity_repair_training/runtime_htzhulab_mirror,results/20260708_srr_v3_m9_dictionary_fidelity_repair_training/runtime_htzhulab_mirror/variants/m9_srr_main_true_br2_pattern_sip/training_log.csv
m9_srr_main_true_br2_pattern_sip,m9_srr_main_true_br2_pattern_sip,2000,proposal_dictionary,1.6363368034362793,552.5065856743604,m9_srr_main_true_br2_pattern_sip,m9_srr_main_true_br2_pattern_sip,0.2874317169189453,1.6363368034362793,0.06138763949275017,0.0893690213561058,0.12031396478414536,0.022472836077213287,-0.0,0.022472836077213287,0.3504524827003479,0.022472836077213287,0.0029980100225657225,1.1602574586868286,0.4729848802089691,-0.0,-0.0,1.0,1.0,1.0,0.5,0.5,0.01798621006309986,0.07026320695877075,1.0,0.21111518144607544,0.21111518144607544,2.9851670265197754,baseline_preserving_residual,enabled_crop_soft_roi,enabled_distance_soft_gates,balanced_4scale,16;32;64;128,0.2638019919395447,0.10655540972948074,0.04933924227952957,0.5502722263336182,0.7987419366836548,0.8662252426147461,0.21322663128376007,0.20327506959438324,0.0,train_oof_runtime_features_fold0,train_oof_runtime_features_fold0,"Case3041,Case3001",0.2874317169189453,0.06138763949275017,0.0893690213561058,0.3504524827003479,0.3504524827003479,0.46204283833503723,0.46204283833503723,1.1602574586868286,0.4729848802089691,0.0,3.906503915786743,0.022472836077213287,-0.0,0.0029980100225657225,0.0029980100225657225,0.12031396478414536,0.12031396478414536,0.46912717819213867,-0.0,-0.0,1.6363368034362793,0.9454015493392944,0.3754052519798279,0.8881433010101318,0.4192357659339905,0.8571500778198242,0.326116681098938,0.8810047507286072,0.2934969961643219,0.7532598972320557,0.536773681640625,0.9816250801086426,0.5027506351470947,0.8602948188781738,0.2581171989440918,0.33123865723609924,0.18471629917621613,0.743615984916687,0.1572800576686859,0.872689962387085,0.08703549951314926,0.7180941104888916,0.5246343612670898,0.7239968776702881,0.4288496971130371,results/20260708_srr_v3_m9_dictionary_fidelity_repair_training/runtime_htzhulab_mirror,results/20260708_srr_v3_m9_dictionary_fidelity_repair_training/runtime_htzhulab_mirror/variants/m9_srr_main_true_br2_pattern_sip/training_log.csv
m9_srr_main_true_br2_pattern_sip,m9_srr_main_true_br2_pattern_sip,2050,proposal_dictionary,1.4242329597473145,566.1298209261149,m9_srr_main_true_br2_pattern_sip,m9_srr_main_true_br2_pattern_sip,0.28554150462150574,1.4242329597473145,0.07265669107437134,0.13198117911815643,0.12245118618011475,0.02706054225564003,-0.0,0.02706054225564003,0.20321446657180786,0.02706054225564003,0.0028573970776051283,1.254646897315979,0.2589299976825714,-0.0,-0.0,1.0,1.0,1.0,0.5,0.5,0.01798621006309986,0.07020605355501175,1.0,0.21318264305591583,0.21318264305591583,3.0372798442840576,baseline_preserving_residual,enabled_crop_soft_roi,enabled_distance_soft_gates,balanced_4scale,16;32;64;128,0.2974246144294739,0.11420836299657822,0.05566069111227989,0.48335742950439453,0.7483084797859192,0.8429272174835205,0.2493935525417328,0.23823733627796173,0.0,train_oof_runtime_features_fold0,train_oof_runtime_features_fold0,"Case3042,Case2025",0.28554150462150574,0.07265669107437134,0.13198117911815643,0.20321446657180786,0.20321446657180786,0.351666659116745,0.351666659116745,1.254646897315979,0.2589299976825714,0.0,3.9033262729644775,0.02706054225564003,-0.0,0.0028573970776051283,0.0028573970776051283,0.12245118618011475,0.12245118618011475,0.8017889261245728,-0.0,-0.0,1.4242329597473145,0.9461602568626404,0.3831562399864197,0.8869229555130005,0.4170980155467987,0.8588747978210449,0.3255116939544678,0.8805009722709656,0.28683337569236755,0.7683519721031189,0.5392405986785889,0.9816250801086426,0.4955442547798157,0.8727788925170898,0.2413341999053955,0.4017859101295471,0.19599555432796478,0.7980509996414185,0.1977325677871704,0.8381200432777405,0.0816417783498764,0.7073909044265747,0.47174593806266785,0.7895705699920654,0.4606425166130066,results/20260708_srr_v3_m9_dictionary_fidelity_repair_training/runtime_htzhulab_mirror,results/20260708_srr_v3_m9_dictionary_fidelity_repair_training/runtime_htzhulab_mirror/variants/m9_srr_main_true_br2_pattern_sip/training_log.csv
m9_srr_main_true_br2_pattern_sip,m9_srr_main_true_br2_pattern_sip,2100,proposal_dictionary,1.2435495853424072,580.1309814797714,m9_srr_main_true_br2_pattern_sip,m9_srr_main_true_br2_pattern_sip,0.2643803656101227,1.2435495853424072,0.05484374240040779,0.11076679825782776,0.10947241634130478,0.016843341290950775,0.0004558941873256117,0.016843341290950775,0.28897804021835327,0.016843341290950775,0.002859181258827448,0.8130329251289368,0.16314932703971863,-0.0,-0.0,1.0,1.0,0.5,0.5,0.5,0.01798621006309986,0.07056891173124313,1.0,0.1883440613746643,0.1883440613746643,2.7105326652526855,baseline_preserving_residual,enabled_crop_soft_roi,enabled_distance_soft_gates,balanced_4scale,16;32;64;128,0.27669405937194824,0.0652116909623146,0.07828645408153534,0.4664660692214966,0.8266035318374634,0.777949869632721,0.24265719950199127,0.13440123200416565,0.0,train_oof_runtime_features_fold0,train_oof_runtime_features_fold0,"Case2010,Case2005",0.2643803656101227,0.05484374240040779,0.11076679825782776,0.28897804021835327,0.28897804021835327,0.2309994399547577,0.2309994399547577,0.8130329251289368,0.16314932703971863,0.0,3.9235002994537354,0.016843341290950775,0.0004558941873256117,0.002859181258827448,0.002859181258827448,0.10947241634130478,0.10947241634130478,0.6039124727249146,-0.0,-0.0,1.2435495853424072,0.9913750290870667,0.31359371542930603,0.8162857294082642,0.37315964698791504,0.45412513613700867,0.44962722063064575,0.9913750886917114,0.2024131417274475,0.7096287608146667,0.44617214798927307,0.4906249940395355,0.5162041187286377,0.967391312122345,0.1913968026638031,0.3140257000923157,0.20980942249298096,0.34615325927734375,0.12063807249069214,0.9310736060142517,0.06658563017845154,0.7276129126548767,0.44998612999916077,0.4353701174259186,0.47618192434310913,results/20260708_srr_v3_m9_dictionary_fidelity_repair_training/runtime_htzhulab_mirror,results/20260708_srr_v3_m9_dictionary_fidelity_repair_training/runtime_htzhulab_mirror/variants/m9_srr_main_true_br2_pattern_sip/training_log.csv
m9_srr_main_true_br2_pattern_sip,m9_srr_main_true_br2_pattern_sip,2100,proposal_dictionary,,581.0070548672229,m9_srr_main_true_br2_pattern_sip,m9_srr_main_true_br2_pattern_sip,,,,,,,,,,,,,,,,,,,,,,,,,,,,,,,,,,,,,,,,,,,,,,,,,,,,,,,,,,,,,,,,,,,,,,,,,,,,,,,,,,,,,,,,,results/20260708_srr_v3_m9_dictionary_fidelity_repair_training/runtime_htzhulab_mirror,results/20260708_srr_v3_m9_dictionary_fidelity_repair_training/runtime_htzhulab_mirror/variants/m9_srr_main_true_br2_pattern_sip/training_log.csv
m9_srr_main_true_br2_pattern_sip,m9_srr_main_true_br2_pattern_sip,2150,proposal_dictionary,1.3792847394943237,594.977136737667,m9_srr_main_true_br2_pattern_sip,m9_srr_main_true_br2_pattern_sip,0.376594603061676,1.3792847394943237,0.03474072739481926,0.14685408771038055,0.1016613095998764,0.01971810683608055,0.0004558941873256117,0.01971810683608055,0.32899513840675354,0.01971810683608055,0.002715528244152665,0.2580430805683136,0.3283785879611969,-0.0,-0.0,1.0,1.0,0.5,1.0,1.0,0.01798621006309986,0.07014854997396469,1.0,0.12071718275547028,0.12071718275547028,1.782309889793396,baseline_preserving_residual,enabled_crop_soft_roi,enabled_distance_soft_gates,balanced_4scale,16;32;64;128,0.2639113962650299,0.09622564911842346,0.05841543897986412,0.558673083782196,0.7934973239898682,0.8385093212127686,0.2464056760072708,0.12115059047937393,0.0,train_oof_runtime_features_fold0,train_oof_runtime_features_fold0,"Case6008,Case2025",0.376594603061676,0.03474072739481926,0.14685408771038055,0.32899513840675354,0.32899513840675354,0.218656525015831,0.218656525015831,0.2580430805683136,0.3283785879611969,0.0,3.900129556655884,0.01971810683608055,0.0004558941873256117,0.002715528244152665,0.002715528244152665,0.1016613095998764,0.1016613095998764,0.5326542854309082,-0.0,-0.0,1.3792847394943237,0.9349900484085083,0.31076306104660034,0.7230693101882935,0.3208434581756592,0.4547162353992462,0.46202975511550903,0.9913749694824219,0.22301849722862244,0.6460685729980469,0.4224608242511749,0.4906249940395355,0.49410480260849,0.9649527072906494,0.18499338626861572,0.38212698698043823,0.23329642415046692,0.33724337816238403,0.1126343309879303,0.9292629957199097,0.04844145104289055,0.8124982118606567,0.518335223197937,0.42883843183517456,0.4924602210521698,results/20260708_srr_v3_m9_dictionary_fidelity_repair_training/runtime_htzhulab_mirror,results/20260708_srr_v3_m9_dictionary_fidelity_repair_training/runtime_htzhulab_mirror/variants/m9_srr_main_true_br2_pattern_sip/training_log.csv
m9_srr_main_true_br2_pattern_sip,m9_srr_main_true_br2_pattern_sip,2200,proposal_dictionary,1.1110472679138184,608.6042154841125,m9_srr_main_true_br2_pattern_sip,m9_srr_main_true_br2_pattern_sip,0.15560130774974823,1.1110472679138184,0.06835955381393433,0.1763361543416977,0.10155428200960159,0.010195585899055004,-0.0,0.010195585899055004,0.16423827409744263,0.010195585899055004,0.003291597357019782,0.08554880321025848,0.24150922894477844,-0.0,-0.0,1.0,1.0,1.0,1.0,1.0,0.01798621006309986,0.06961019337177277,1.0,0.15376673638820648,0.15376673638820648,2.227743148803711,baseline_preserving_residual,enabled_crop_soft_roi,enabled_distance_soft_gates,balanced_4scale,16;32;64;128,0.19599872827529907,0.060822438448667526,0.05177608132362366,0.6229292154312134,0.8572366833686829,0.8587870001792908,0.19050781428813934,0.19362004101276398,0.0,train_oof_runtime_features_fold0,train_oof_runtime_features_fold0,"Case2015,Case2029",0.15560130774974823,0.06835955381393433,0.1763361543416977,0.16423827409744263,0.16423827409744263,0.28757479786872864,0.28757479786872864,0.08554880321025848,0.24150922894477844,0.0,3.8701975345611572,0.010195585899055004,-0.0,0.003291597357019782,0.003291597357019782,0.10155428200960159,0.10155428200960159,0.5703956484794617,-0.0,-0.0,1.1110472679138184,0.9887500405311584,0.3716033697128296,0.8944037556648254,0.5069971084594727,0.9000682830810547,0.4458085596561432,0.9887501001358032,0.27582991123199463,0.5337060689926147,0.4638100862503052,0.981249988079071,0.48601269721984863,0.9887499809265137,0.23790782690048218,0.42928850650787354,0.3156464099884033,0.6881207823753357,0.113309845328331,0.9217041730880737,0.0895237922668457,0.6999553442001343,0.49951159954071045,0.7738196849822998,0.4863733947277069,results/20260708_srr_v3_m9_dictionary_fidelity_repair_training/runtime_htzhulab_mirror,results/20260708_srr_v3_m9_dictionary_fidelity_repair_training/runtime_htzhulab_mirror/variants/m9_srr_main_true_br2_pattern_sip/training_log.csv
m9_srr_main_true_br2_pattern_sip,m9_srr_main_true_br2_pattern_sip,2250,proposal_dictionary,0.7951023578643799,622.1442850325257,m9_srr_main_true_br2_pattern_sip,m9_srr_main_true_br2_pattern_sip,0.22926177084445953,0.7951023578643799,0.038743384182453156,-0.0,0.09498812258243561,0.0021549805533140898,0.0004558941873256117,0.0021549805533140898,0.3056592345237732,0.0021549805533140898,0.003017272101715207,0.6477009654045105,0.19358955323696136,-0.0,-0.0,1.0,1.0,0.0,0.5,0.5,0.01798621006309986,0.06997174024581909,1.0,0.17062632739543915,0.17062632739543915,2.4388794898986816,baseline_preserving_residual,enabled_crop_soft_roi,enabled_distance_soft_gates,balanced_4scale,16;32;64;128,0.16179250180721283,0.05997462198138237,0.03941027447581291,0.6980097889900208,0.8579204082489014,0.9018710255622864,0.13736361265182495,0.0,0.0,train_oof_runtime_features_fold0,train_oof_runtime_features_fold0,"Case2035,Case8033",0.22926177084445953,0.038743384182453156,-0.0,0.3056592345237732,0.3056592345237732,-0.0,-0.0,0.6477009654045105,0.19358955323696136,0.0,3.8902995586395264,0.0021549805533140898,0.0004558941873256117,0.003017272101715207,0.003017272101715207,0.09498812258243561,0.09498812258243561,0.09983678162097931,-0.0,-0.0,0.7951023578643799,0.9313831329345703,0.23990583419799805,0.6675921678543091,0.25181299448013306,0.0,,0.9205021858215332,0.21231365203857422,0.7251210808753967,0.3409447968006134,0.0,,0.9919999837875366,0.1456693708896637,0.31620097160339355,0.1741461604833603,0.0,,0.9332168102264404,0.006000000052154064,0.7291897535324097,0.4464986026287079,0.0,,results/20260708_srr_v3_m9_dictionary_fidelity_repair_training/runtime_htzhulab_mirror,results/20260708_srr_v3_m9_dictionary_fidelity_repair_training/runtime_htzhulab_mirror/variants/m9_srr_main_true_br2_pattern_sip/training_log.csv
m9_srr_main_true_br2_pattern_sip,m9_srr_main_true_br2_pattern_sip,2300,proposal_dictionary,1.2843365669250488,635.9447157187387,m9_srr_main_true_br2_pattern_sip,m9_srr_main_true_br2_pattern_sip,0.1812179982662201,1.2843365669250488,0.08077241480350494,0.17716214060783386,0.09661620110273361,0.01832607202231884,0.0004558941873256117,0.01832607202231884,0.2589229941368103,0.01832607202231884,0.0023520600516349077,0.1393275260925293,0.5800012946128845,-0.0,-0.0,1.0,1.0,0.5,1.0,1.0,0.01798621006309986,0.06955946236848831,1.0,0.09855766594409943,0.09855766594409943,1.48966383934021,baseline_preserving_residual,enabled_crop_soft_roi,enabled_distance_soft_gates,balanced_4scale,16;32;64;128,0.25804853439331055,0.13477832078933716,0.029734183102846146,0.6088057160377502,0.7723898887634277,0.9114954471588135,0.24181139469146729,0.11768088489770889,0.0,train_oof_runtime_features_fold0,train_oof_runtime_features_fold0,"Case2027,Case1061",0.1812179982662201,0.08077241480350494,0.17716214060783386,0.2589229941368103,0.2589229941368103,0.24733154475688934,0.24733154475688934,0.1393275260925293,0.5800012946128845,0.0,3.8673770427703857,0.01832607202231884,0.0004558941873256117,0.0023520600516349077,0.0023520600516349077,0.09661620110273361,0.09661620110273361,0.6591747999191284,-0.0,-0.0,1.2843365669250488,0.9243276119232178,0.371654748916626,0.6519965529441833,0.40699008107185364,0.4531845152378082,0.44886288046836853,0.9539854526519775,0.26630347967147827,0.6028941869735718,0.4766722321510315,0.4906250238418579,0.49350935220718384,0.9643948674201965,0.2300512194633484,0.42903417348861694,0.21756044030189514,0.4016802906990051,0.20459209382534027,0.8866767883300781,0.10336495190858841,0.6675039529800415,0.48592573404312134,0.39740073680877686,0.4951713979244232,results/20260708_srr_v3_m9_dictionary_fidelity_repair_training/runtime_htzhulab_mirror,results/20260708_srr_v3_m9_dictionary_fidelity_repair_training/runtime_htzhulab_mirror/variants/m9_srr_main_true_br2_pattern_sip/training_log.csv
m9_srr_main_true_br2_pattern_sip,m9_srr_main_true_br2_pattern_sip,2350,proposal_dictionary,1.185236930847168,652.3805438708514,m9_srr_main_true_br2_pattern_sip,m9_srr_main_true_br2_pattern_sip,0.2027459442615509,1.185236930847168,0.07792919874191284,0.12840034067630768,0.10014060139656067,0.002706915372982621,-0.0,0.002706915372982621,0.22285574674606323,0.002706915372982621,0.0029151986818760633,0.5897918343544006,0.16942696273326874,-0.0,-0.0,1.0,1.0,1.0,0.5,0.5,0.01798621006309986,0.0692361369729042,1.0,0.1882321536540985,0.1882321536540985,2.7022392749786377,baseline_preserving_residual,enabled_crop_soft_roi,enabled_distance_soft_gates,balanced_4scale,16;32;64;128,0.24403811991214752,0.08978180587291718,0.045028723776340485,0.5528931021690369,0.8046847581863403,0.8674667477607727,0.21310196816921234,0.20813965797424316,0.0,train_oof_runtime_features_fold0,train_oof_runtime_features_fold0,"Case2022,Case3016",0.2027459442615509,0.07792919874191284,0.12840034067630768,0.22285574674606323,0.22285574674606323,0.27557364106178284,0.27557364106178284,0.5897918343544006,0.16942696273326874,0.0,3.8494009971618652,0.002706915372982621,-0.0,0.0029151986818760633,0.0029151986818760633,0.10014060139656067,0.10014060139656067,0.4956423044204712,-0.0,-0.0,1.185236930847168,0.911570131778717,0.381550133228302,0.8023665547370911,0.3254508078098297,0.8549919128417969,0.34064680337905884,0.8481874465942383,0.27728620171546936,0.7757731080055237,0.49287644028663635,0.9816250801086426,0.45745307207107544,0.8828597068786621,0.24094313383102417,0.3750983476638794,0.1561334729194641,0.7593965530395508,0.15041911602020264,0.8726006150245667,0.10503870993852615,0.710923433303833,0.4282718002796173,0.7837047576904297,0.44471582770347595,results/20260708_srr_v3_m9_dictionary_fidelity_repair_training/runtime_htzhulab_mirror,results/20260708_srr_v3_m9_dictionary_fidelity_repair_training/runtime_htzhulab_mirror/variants/m9_srr_main_true_br2_pattern_sip/training_log.csv
m9_srr_main_true_br2_pattern_sip,m9_srr_main_true_br2_pattern_sip,2400,proposal_dictionary,1.0675759315490723,666.0407183244824,m9_srr_main_true_br2_pattern_sip,m9_srr_main_true_br2_pattern_sip,0.21967481076717377,1.0675759315490723,0.04807062819600105,0.13142670691013336,0.09891965985298157,0.004474571906030178,-0.0,0.004474571906030178,0.15920023620128632,0.004474571906030178,0.003533730749040842,0.1528601348400116,0.4033346474170685,-0.0,-0.0,1.0,1.0,1.0,1.0,1.0,0.01798621006309986,0.06943626701831818,1.0,0.1526641547679901,0.1526641547679901,2.253077745437622,baseline_preserving_residual,enabled_crop_soft_roi,enabled_distance_soft_gates,balanced_4scale,16;32;64;128,0.2580024302005768,0.05710548907518387,0.09953217953443527,0.4893324077129364,0.8495287299156189,0.7245195508003235,0.2533203959465027,0.2625623047351837,0.0,train_oof_runtime_features_fold0,train_oof_runtime_features_fold0,"Case2010,Case2023",0.21967481076717377,0.04807062819600105,0.13142670691013336,0.15920023620128632,0.15920023620128632,0.23938345909118652,0.23938345909118652,0.1528601348400116,0.4033346474170685,0.0,3.860527992248535,0.004474571906030178,-0.0,0.003533730749040842,0.003533730749040842,0.09891965985298157,0.09891965985298157,0.39978307485580444,-0.0,-0.0,1.0675759315490723,0.9887499809265137,0.38021308183670044,0.8959504961967468,0.49241936206817627,0.9016011953353882,0.4537578821182251,0.9016090631484985,0.2650097906589508,0.5755223631858826,0.49292314052581787,0.9812499284744263,0.4694533348083496,0.9373983144760132,0.23363249003887177,0.34500205516815186,0.24172326922416687,0.7974499464035034,0.2026192545890808,0.9887501001358032,0.17940333485603333,0.6187512874603271,0.4259951710700989,0.8738765716552734,0.5027972459793091,results/20260708_srr_v3_m9_dictionary_fidelity_repair_training/runtime_htzhulab_mirror,results/20260708_srr_v3_m9_dictionary_fidelity_repair_training/runtime_htzhulab_mirror/variants/m9_srr_main_true_br2_pattern_sip/training_log.csv
m9_srr_main_true_br2_pattern_sip,m9_srr_main_true_br2_pattern_sip,2400,proposal_dictionary,,666.914726019837,m9_srr_main_true_br2_pattern_sip,m9_srr_main_true_br2_pattern_sip,,,,,,,,,,,,,,,,,,,,,,,,,,,,,,,,,,,,,,,,,,,,,,,,,,,,,,,,,,,,,,,,,,,,,,,,,,,,,,,,,,,,,,,,,results/20260708_srr_v3_m9_dictionary_fidelity_repair_training/runtime_htzhulab_mirror,results/20260708_srr_v3_m9_dictionary_fidelity_repair_training/runtime_htzhulab_mirror/variants/m9_srr_main_true_br2_pattern_sip/training_log.csv
m9_srr_main_true_br2_pattern_sip,m9_srr_main_true_br2_pattern_sip,2450,proposal_dictionary,1.4283584356307983,681.584571682848,m9_srr_main_true_br2_pattern_sip,m9_srr_main_true_br2_pattern_sip,0.146071657538414,1.4283584356307983,0.09808585047721863,0.2337438315153122,0.10628844797611237,0.016909781843423843,0.0004558941873256117,0.016909781843423843,0.19224326312541962,0.016909781843423843,0.0025657149963080883,0.14786216616630554,0.4592181146144867,-0.0,-0.0,1.0,1.0,0.5,1.0,1.0,0.01798621006309986,0.06931691616773605,1.0,0.15895584225654602,0.15895584225654602,2.305429458618164,baseline_preserving_residual,enabled_crop_soft_roi,enabled_distance_soft_gates,balanced_4scale,16;32;64;128,0.17863793671131134,0.0771993100643158,0.015229535289108753,0.6296231150627136,0.7848831415176392,0.9512802362442017,0.1769360601902008,0.13108021020889282,0.0,train_oof_runtime_features_fold0,train_oof_runtime_features_fold0,"Case3039,Case8026",0.146071657538414,0.09808585047721863,0.2337438315153122,0.19224326312541962,0.19224326312541962,0.4126538932323456,0.4126538932323456,0.14786216616630554,0.4592181146144867,0.0,3.8538923263549805,0.016909781843423843,0.0004558941873256117,0.0025657149963080883,0.0025657149963080883,0.10628844797611237,0.10628844797611237,0.7688000798225403,-0.0,-0.0,1.4283584356307983,0.9323967695236206,0.3749004900455475,0.7198826670646667,0.4849592447280884,0.45359688997268677,0.4612394869327545,0.9238865375518799,0.2968682050704956,0.6329739093780518,0.4963230490684509,0.4906249940395355,0.4835124611854553,0.959854781627655,0.2372673898935318,0.2795012593269348,0.21826308965682983,0.4015467166900635,0.20472201704978943,0.9318538308143616,0.1755279004573822,0.6374072432518005,0.4194751977920532,0.3947734534740448,0.4947131872177124,results/20260708_srr_v3_m9_dictionary_fidelity_repair_training/runtime_htzhulab_mirror,results/20260708_srr_v3_m9_dictionary_fidelity_repair_training/runtime_htzhulab_mirror/variants/m9_srr_main_true_br2_pattern_sip/training_log.csv
m9_srr_main_true_br2_pattern_sip,m9_srr_main_true_br2_pattern_sip,2500,proposal_dictionary,1.44377601146698,695.0394044453278,m9_srr_main_true_br2_pattern_sip,m9_srr_main_true_br2_pattern_sip,0.16652290523052216,1.44377601146698,0.0862579494714737,0.009859281592071056,0.07794858515262604,0.029479870572686195,0.0004558941873256117,0.029479870572686195,0.37699177861213684,0.029479870572686195,0.00240779179148376,0.1619039624929428,0.6481501460075378,-0.0,-0.0,1.0,1.0,0.5,1.0,0.5,0.01798621006309986,0.06907728314399719,1.0,0.11682076007127762,0.11682076007127762,1.7157864570617676,baseline_preserving_residual,enabled_crop_soft_roi,enabled_distance_soft_gates,balanced_4scale,16;32;64;128,0.1595086008310318,0.08255243301391602,0.014965599402785301,0.7563625574111938,0.8647444248199463,0.9613509178161621,0.1492985486984253,0.02275026962161064,0.0,train_oof_runtime_features_fold0,train_oof_runtime_features_fold0,"Case2001,Case1061",0.16652290523052216,0.0862579494714737,0.009859281592071056,0.37699177861213684,0.37699177861213684,0.5153897404670715,0.5153897404670715,0.1619039624929428,0.6481501460075378,0.0,3.840569496154785,0.029479870572686195,0.0004558941873256117,0.00240779179148376,0.00240779179148376,0.07794858515262604,0.07794858515262604,0.3362944722175598,-0.0,-0.0,1.44377601146698,0.9267383217811584,0.3647257387638092,0.7048863768577576,0.47772324085235596,0.4514539837837219,0.46407994627952576,0.9252893924713135,0.27957823872566223,0.636317253112793,0.5089988708496094,0.4906250238418579,0.48175695538520813,0.9577503204345703,0.23576229810714722,0.31189197301864624,0.2248583436012268,0.4053645730018616,0.20274442434310913,0.9233721494674683,0.17838814854621887,0.7074909210205078,0.49605244398117065,0.44083571434020996,0.4955737292766571,results/20260708_srr_v3_m9_dictionary_fidelity_repair_training/runtime_htzhulab_mirror,results/20260708_srr_v3_m9_dictionary_fidelity_repair_training/runtime_htzhulab_mirror/variants/m9_srr_main_true_br2_pattern_sip/training_log.csv
m9_srr_main_true_br2_pattern_sip,m9_srr_main_true_br2_pattern_sip,2550,proposal_dictionary,1.3077305555343628,708.7650726502761,m9_srr_main_true_br2_pattern_sip,m9_srr_main_true_br2_pattern_sip,0.2263108789920807,1.3077305555343628,0.07925719767808914,0.09922510385513306,0.12655839323997498,0.01109249610453844,-0.0,0.01109249610453844,0.24687007069587708,0.01109249610453844,0.0028801539447158575,0.43228811025619507,0.13189521431922913,-0.0,-0.0,1.0,1.0,1.0,0.5,0.5,0.01798621006309986,0.07019665837287903,1.0,0.18699748814105988,0.18699748814105988,2.7585554122924805,baseline_preserving_residual,enabled_crop_soft_roi,enabled_distance_soft_gates,balanced_4scale,16;32;64;128,0.20762097835540771,0.08096253126859665,0.029260212555527687,0.6087246537208557,0.8065557479858398,0.8840227127075195,0.17477546632289886,0.16658666729927063,0.0,train_oof_runtime_features_fold0,train_oof_runtime_features_fold0,"Case3031,Case2004",0.2263108789920807,0.07925719767808914,0.09922510385513306,0.24687007069587708,0.24687007069587708,0.4033406674861908,0.4033406674861908,0.43228811025619507,0.13189521431922913,0.0,3.902804136276245,0.01109249610453844,-0.0,0.0028801539447158575,0.0028801539447158575,0.12655839323997498,0.12655839323997498,0.42814987897872925,-0.0,-0.0,1.3077305555343628,0.9490150213241577,0.3650612235069275,0.8451344966888428,0.36395302414894104,0.8527302742004395,0.35064756870269775,0.8907572031021118,0.2705825865268707,0.7814981937408447,0.5336208343505859,0.9816250205039978,0.4567400813102722,0.877159833908081,0.231665700674057,0.38357746601104736,0.20238816738128662,0.7645831108093262,0.15097704529762268,0.8776469826698303,0.17682206630706787,0.7398844361305237,0.47737640142440796,0.8481334447860718,0.4382515549659729,results/20260708_srr_v3_m9_dictionary_fidelity_repair_training/runtime_htzhulab_mirror,results/20260708_srr_v3_m9_dictionary_fidelity_repair_training/runtime_htzhulab_mirror/variants/m9_srr_main_true_br2_pattern_sip/training_log.csv
m9_srr_main_true_br2_pattern_sip,m9_srr_main_true_br2_pattern_sip,2600,proposal_dictionary,1.0168215036392212,722.2650373149663,m9_srr_main_true_br2_pattern_sip,m9_srr_main_true_br2_pattern_sip,0.09902319312095642,1.0168215036392212,0.026434186846017838,0.06185580790042877,0.09889847040176392,0.003301962511613965,0.0004558941873256117,0.003301962511613965,0.32218948006629944,0.003301962511613965,0.0030402515549212694,0.6301907896995544,0.41209399700164795,-0.0,-0.0,1.0,1.0,0.5,0.5,0.5,0.01798621006309986,0.06966391950845718,1.0,0.19453658163547516,0.19453658163547516,2.794872999191284,baseline_preserving_residual,enabled_crop_soft_roi,enabled_distance_soft_gates,balanced_4scale,16;32;64;128,0.10028818249702454,0.025573167949914932,0.02598506025969982,0.7799415588378906,0.9234433174133301,0.9315240979194641,0.09395048767328262,0.06821110844612122,0.0,train_oof_runtime_features_fold0,train_oof_runtime_features_fold0,"Case2026,Case3016",0.09902319312095642,0.026434186846017838,0.06185580790042877,0.32218948006629944,0.32218948006629944,0.22214224934577942,0.22214224934577942,0.6301907896995544,0.41209399700164795,0.0,3.8731846809387207,0.003301962511613965,0.0004558941873256117,0.0030402515549212694,0.0030402515549212694,0.09889847040176392,0.09889847040176392,0.2789095342159271,-0.0,-0.0,1.0168215036392212,0.9913750290870667,0.30705609917640686,0.8062611222267151,0.3128095269203186,0.4525027871131897,0.4775475859642029,0.960250198841095,0.22329863905906677,0.668972373008728,0.4416188597679138,0.49062496423721313,0.4804336726665497,0.9621027708053589,0.17436277866363525,0.29378607869148254,0.20631912350654602,0.4046024680137634,0.20232827961444855,0.9530474543571472,0.08078819513320923,0.7737136483192444,0.47848737239837646,0.39850977063179016,0.5101159811019897,results/20260708_srr_v3_m9_dictionary_fidelity_repair_training/runtime_htzhulab_mirror,results/20260708_srr_v3_m9_dictionary_fidelity_repair_training/runtime_htzhulab_mirror/variants/m9_srr_main_true_br2_pattern_sip/training_log.csv
m9_srr_main_true_br2_pattern_sip,m9_srr_main_true_br2_pattern_sip,2650,proposal_dictionary,2.4056923389434814,735.7898084428161,m9_srr_main_true_br2_pattern_sip,m9_srr_main_true_br2_pattern_sip,0.4311852753162384,2.4056923389434814,0.3954910337924957,0.23575244843959808,0.12117697298526764,0.0026006479747593403,-0.0,0.0026006479747593403,0.45804518461227417,0.0026006479747593403,0.0038089784793555737,0.21693402528762817,0.6359276175498962,-0.0,-0.0,1.0,1.0,1.0,1.0,1.0,0.01798621006309986,0.06888136267662048,1.0,0.17672386765480042,0.17672386765480042,2.6339917182922363,baseline_preserving_residual,enabled_crop_soft_roi,enabled_distance_soft_gates,balanced_4scale,16;32;64;128,0.3559556305408478,0.13542307913303375,0.0850728377699852,0.3483191728591919,0.6727180480957031,0.7639605402946472,0.33927401900291443,0.3360254466533661,0.0,train_oof_runtime_features_fold0,train_oof_runtime_features_fold0,"Case3025,Case3025",0.4311852753162384,0.3954910337924957,0.23575244843959808,0.45804518461227417,0.45804518461227417,0.3915068507194519,0.3915068507194519,0.21693402528762817,0.6359276175498962,0.0,3.829676628112793,0.0026006479747593403,-0.0,0.0038089784793555737,0.0038089784793555737,0.12117697298526764,0.12117697298526764,0.8130143880844116,-0.0,-0.0,2.4056923389434814,0.9887501001358032,0.3714559078216553,0.8960546851158142,0.4796481430530548,0.9042134284973145,0.46829861402511597,0.931379497051239,0.2592287063598633,0.5269285440444946,0.46502581238746643,0.9812500476837158,0.4851648211479187,0.9412600994110107,0.21434079110622406,0.25660061836242676,0.1514638364315033,0.7159655094146729,0.11495395749807358,0.9179312586784363,0.0938291922211647,0.7370238900184631,0.49801886081695557,0.8725224733352661,0.570356011390686,results/20260708_srr_v3_m9_dictionary_fidelity_repair_training/runtime_htzhulab_mirror,results/20260708_srr_v3_m9_dictionary_fidelity_repair_training/runtime_htzhulab_mirror/variants/m9_srr_main_true_br2_pattern_sip/training_log.csv
m9_srr_main_true_br2_pattern_sip,m9_srr_main_true_br2_pattern_sip,2700,proposal_dictionary,0.8155043125152588,749.5597305968404,m9_srr_main_true_br2_pattern_sip,m9_srr_main_true_br2_pattern_sip,0.17156818509101868,0.8155043125152588,0.09065422415733337,-0.0,0.1037406176328659,0.0025651799514889717,0.0004558941873256117,0.0025651799514889717,0.25772106647491455,0.0025651799514889717,0.0026858090423047543,0.14446274936199188,0.6909204721450806,-0.0,-0.0,1.0,1.0,0.0,1.0,1.0,0.01798621006309986,0.06884948164224625,1.0,0.08218628168106079,0.08218628168106079,1.25196373462677,baseline_preserving_residual,enabled_crop_soft_roi,enabled_distance_soft_gates,balanced_4scale,16;32;64;128,0.15100648999214172,0.10639719665050507,0.004221069160848856,0.771422266960144,0.8261252641677856,0.9885050654411316,0.14565056562423706,0.0,0.0,train_oof_runtime_features_fold0,train_oof_runtime_features_fold0,"Case8013,Case1004",0.17156818509101868,0.09065422415733337,-0.0,0.25772106647491455,0.25772106647491455,-0.0,-0.0,0.14446274936199188,0.6909204721450806,0.0,3.8279035091400146,0.0025651799514889717,0.0004558941873256117,0.0026858090423047543,0.0026858090423047543,0.1037406176328659,0.1037406176328659,0.3903113901615143,-0.0,-0.0,0.8155043125152588,0.8667742013931274,,0.5205037593841553,,0.0,,0.9190239906311035,,0.652517557144165,,0.0,,0.9900000095367432,,0.3203015625476837,,0.0,,0.8589407205581665,,0.6584759950637817,,0.0,,results/20260708_srr_v3_m9_dictionary_fidelity_repair_training/runtime_htzhulab_mirror,results/20260708_srr_v3_m9_dictionary_fidelity_repair_training/runtime_htzhulab_mirror/variants/m9_srr_main_true_br2_pattern_sip/training_log.csv
m9_srr_main_true_br2_pattern_sip,m9_srr_main_true_br2_pattern_sip,2700,proposal_dictionary,,750.4382430342957,m9_srr_main_true_br2_pattern_sip,m9_srr_main_true_br2_pattern_sip,,,,,,,,,,,,,,,,,,,,,,,,,,,,,,,,,,,,,,,,,,,,,,,,,,,,,,,,,,,,,,,,,,,,,,,,,,,,,,,,,,,,,,,,,results/20260708_srr_v3_m9_dictionary_fidelity_repair_training/runtime_htzhulab_mirror,results/20260708_srr_v3_m9_dictionary_fidelity_repair_training/runtime_htzhulab_mirror/variants/m9_srr_main_true_br2_pattern_sip/training_log.csv
m9_srr_main_true_br2_pattern_sip,m9_srr_main_true_br2_pattern_sip,2750,proposal_dictionary,1.5377751588821411,764.3672716356814,m9_srr_main_true_br2_pattern_sip,m9_srr_main_true_br2_pattern_sip,0.4417722225189209,1.5377751588821411,0.06299141049385071,0.08047647029161453,0.10425323247909546,0.0032510492019355297,0.0004558941873256117,0.0032510492019355297,0.3292897343635559,0.0032510492019355297,0.0024776128120720387,0.23084986209869385,0.5058896541595459,-0.0,-0.0,1.0,1.0,0.5,1.0,1.0,0.01798621006309986,0.06904876977205276,1.0,0.11410084366798401,0.11410084366798401,1.7647006511688232,baseline_preserving_residual,enabled_crop_soft_roi,enabled_distance_soft_gates,balanced_4scale,16;32;64;128,0.2640039920806885,0.09668057411909103,0.03943265229463577,0.5998009443283081,0.7952936887741089,0.907435417175293,0.23471634089946747,0.1835559904575348,0.0,train_oof_runtime_features_fold0,train_oof_runtime_features_fold0,"Case1059,Case3017",0.4417722225189209,0.06299141049385071,0.08047647029161453,0.3292897343635559,0.3292897343635559,0.32446470856666565,0.32446470856666565,0.23084986209869385,0.5058896541595459,0.0,3.8389832973480225,0.0032510492019355297,0.0004558941873256117,0.0024776128120720387,0.0024776128120720387,0.10425323247909546,0.10425323247909546,1.0217111110687256,-0.0,-0.0,1.5377751588821411,0.8884519338607788,0.3698691427707672,0.6653980016708374,0.39633288979530334,0.45268407464027405,0.478744775056839,0.9248021245002747,0.26239144802093506,0.6020423173904419,0.4980924129486084,0.4906250238418579,0.526934802532196,0.9598863124847412,0.19962149858474731,0.3477735221385956,0.12824340164661407,0.40295302867889404,0.20474925637245178,0.8934946060180664,0.08924336731433868,0.6714242696762085,0.5498191118240356,0.39300572872161865,0.4868771433830261,results/20260708_srr_v3_m9_dictionary_fidelity_repair_training/runtime_htzhulab_mirror,results/20260708_srr_v3_m9_dictionary_fidelity_repair_training/runtime_htzhulab_mirror/variants/m9_srr_main_true_br2_pattern_sip/training_log.csv
m9_srr_main_true_br2_pattern_sip,m9_srr_main_true_br2_pattern_sip,2800,proposal_dictionary,1.5195837020874023,777.8921317085624,m9_srr_main_true_br2_pattern_sip,m9_srr_main_true_br2_pattern_sip,0.21314218640327454,1.5195837020874023,0.049760863184928894,0.05487220734357834,0.23793374001979828,0.038616277277469635,0.0004558941873256117,0.038616277277469635,0.36207595467567444,0.038616277277469635,0.0023551725316792727,0.15790890157222748,0.44598910212516785,-0.0,-0.0,1.0,1.0,0.5,1.0,1.0,0.01798621006309986,0.068051278591156,1.0,0.11138688027858734,0.11138688027858734,1.6520295143127441,baseline_preserving_residual,enabled_crop_soft_roi,enabled_distance_soft_gates,balanced_4scale,16;32;64;128,0.0754929929971695,0.03466114401817322,0.012209002859890461,0.8156839609146118,0.9165054559707642,0.9568453431129456,0.085443876683712,0.037963178008794785,0.0,train_oof_runtime_features_fold0,train_oof_runtime_features_fold0,"Case2013,Case1039",0.21314218640327454,0.049760863184928894,0.05487220734357834,0.36207595467567444,0.36207595467567444,0.5475605726242065,0.5475605726242065,0.15790890157222748,0.44598910212516785,0.0,3.783525228500366,0.038616277277469635,0.0004558941873256117,0.0023551725316792727,0.0023551725316792727,0.23793374001979828,0.23793374001979828,0.3657553791999817,-0.0,-0.0,1.5195837020874023,0.928134024143219,0.37838828563690186,0.60345858335495,0.3004954159259796,0.45015448331832886,0.5341984033584595,0.9285026788711548,0.2667955160140991,0.6197460889816284,0.5093633532524109,0.4906250238418579,0.5178123116493225,0.9570707082748413,0.19386710226535797,0.3897441625595093,0.13021968305110931,0.40346336364746094,0.20374514162540436,0.8909046649932861,0.08703791350126266,0.6918726563453674,0.5872069001197815,0.4375472366809845,0.575613796710968,results/20260708_srr_v3_m9_dictionary_fidelity_repair_training/runtime_htzhulab_mirror,results/20260708_srr_v3_m9_dictionary_fidelity_repair_training/runtime_htzhulab_mirror/variants/m9_srr_main_true_br2_pattern_sip/training_log.csv
m9_srr_main_true_br2_pattern_sip,m9_srr_main_true_br2_pattern_sip,2850,proposal_dictionary,1.0319328308105469,791.4007538855076,m9_srr_main_true_br2_pattern_sip,m9_srr_main_true_br2_pattern_sip,0.17780178785324097,1.0319328308105469,0.05239122733473778,0.16780433058738708,0.08985313773155212,0.009761879220604897,-0.0,0.009761879220604897,0.14348599314689636,0.009761879220604897,0.0033506453037261963,0.08545780926942825,0.3326951265335083,-0.0,-0.0,1.0,1.0,1.0,1.0,1.0,0.01798621006309986,0.06801513582468033,1.0,0.152824267745018,0.152824267745018,2.342651844024658,baseline_preserving_residual,enabled_crop_soft_roi,enabled_distance_soft_gates,balanced_4scale,16;32;64;128,0.3179737329483032,0.1004982590675354,0.08848477154970169,0.47947078943252563,0.7999786138534546,0.7679142355918884,0.2745862305164337,0.27332615852355957,0.0,train_oof_runtime_features_fold0,train_oof_runtime_features_fold0,"Case2034,Case2025",0.17780178785324097,0.05239122733473778,0.16780433058738708,0.14348599314689636,0.14348599314689636,0.22858887910842896,0.22858887910842896,0.08545780926942825,0.3326951265335083,0.0,3.781515598297119,0.009761879220604897,-0.0,0.0033506453037261963,0.0033506453037261963,0.08985313773155212,0.08985313773155212,0.4730185270309448,-0.0,-0.0,1.0319328308105469,0.9887499809265137,0.38159507513046265,0.8018013834953308,0.38836419582366943,0.8998064994812012,0.5239654779434204,0.9887500405311584,0.26808446645736694,0.6445097923278809,0.5201984643936157,0.9812500476837158,0.5246835350990295,0.9218941330909729,0.20356512069702148,0.3902955949306488,0.13745993375778198,0.8107352256774902,0.2051192969083786,0.921412467956543,0.08941183984279633,0.701932430267334,0.5825217962265015,0.87782222032547,0.5810327529907227,results/20260708_srr_v3_m9_dictionary_fidelity_repair_training/runtime_htzhulab_mirror,results/20260708_srr_v3_m9_dictionary_fidelity_repair_training/runtime_htzhulab_mirror/variants/m9_srr_main_true_br2_pattern_sip/training_log.csv
m9_srr_main_true_br2_pattern_sip,m9_srr_main_true_br2_pattern_sip,2900,proposal_dictionary,1.4416708946228027,804.9538607271388,m9_srr_main_true_br2_pattern_sip,m9_srr_main_true_br2_pattern_sip,0.3055962324142456,1.4416708946228027,0.1126665323972702,0.1651863157749176,0.09898550063371658,0.004141315817832947,0.0004558941873256117,0.004141315817832947,0.2434510737657547,0.004141315817832947,0.002494470914825797,0.20741963386535645,0.6161119937896729,-0.0,-0.0,1.0,1.0,0.5,1.0,1.0,0.01798621006309986,0.06831962615251541,1.0,0.10757776349782944,0.10757776349782944,1.6574314832687378,baseline_preserving_residual,enabled_crop_soft_roi,enabled_distance_soft_gates,balanced_4scale,16;32;64;128,0.303056001663208,0.15077883005142212,0.045164480805397034,0.5031672120094299,0.7310695052146912,0.8778349161148071,0.29009509086608887,0.1655837893486023,0.0,train_oof_runtime_features_fold0,train_oof_runtime_features_fold0,"Case3009,Case1004",0.3055962324142456,0.1126665323972702,0.1651863157749176,0.2434510737657547,0.2434510737657547,0.25873956084251404,0.25873956084251404,0.20741963386535645,0.6161119937896729,0.0,3.798444986343384,0.004141315817832947,0.0004558941873256117,0.002494470914825797,0.002494470914825797,0.09898550063371658,0.09898550063371658,0.6448602080345154,-0.0,-0.0,1.4416708946228027,0.9270856380462646,0.3750958740711212,0.6516765356063843,0.39820119738578796,0.4507584571838379,0.5215129256248474,0.9275951981544495,0.2634117603302002,0.608676552772522,0.49993592500686646,0.4906250238418579,0.5351049900054932,0.9587600231170654,0.21736276149749756,0.37714314460754395,0.2009204626083374,0.40082496404647827,0.20825594663619995,0.890162467956543,0.08825886249542236,0.6125448942184448,0.4862734079360962,0.44092512130737305,0.5714865326881409,results/20260708_srr_v3_m9_dictionary_fidelity_repair_training/runtime_htzhulab_mirror,results/20260708_srr_v3_m9_dictionary_fidelity_repair_training/runtime_htzhulab_mirror/variants/m9_srr_main_true_br2_pattern_sip/training_log.csv
m9_srr_main_true_br2_pattern_sip,m9_srr_main_true_br2_pattern_sip,2950,proposal_dictionary,1.0432937145233154,818.5221569798887,m9_srr_main_true_br2_pattern_sip,m9_srr_main_true_br2_pattern_sip,0.36464300751686096,1.0432937145233154,0.10064498335123062,-0.0,0.10662350803613663,0.01083969697356224,0.0004558941873256117,0.01083969697356224,0.32977280020713806,0.01083969697356224,0.0034564309753477573,0.6196039915084839,0.1880694180727005,-0.0,-0.0,1.0,1.0,0.0,0.5,0.5,0.01798621006309986,0.06963668018579483,1.0,0.17921611666679382,0.17921611666679382,2.714949369430542,baseline_preserving_residual,enabled_crop_soft_roi,enabled_distance_soft_gates,balanced_4scale,16;32;64;128,0.26410195231437683,0.11722975969314575,0.05739082396030426,0.512471616268158,0.7619889378547668,0.8336299061775208,0.22926130890846252,0.0,0.0,train_oof_runtime_features_fold0,train_oof_runtime_features_fold0,"Case3008,Case5003",0.36464300751686096,0.10064498335123062,-0.0,0.32977280020713806,0.32977280020713806,-0.0,-0.0,0.6196039915084839,0.1880694180727005,0.0,3.8716704845428467,0.01083969697356224,0.0004558941873256117,0.0034564309753477573,0.0034564309753477573,0.10662350803613663,0.10662350803613663,0.33701789379119873,-0.0,-0.0,1.0432937145233154,0.9435886740684509,0.2621210813522339,0.7003543376922607,0.22578145563602448,0.0,,0.9664961099624634,0.2117660641670227,0.737675666809082,0.2263231873512268,0.0,,0.9939999580383301,0.13827252388000488,0.29295557737350464,0.10194544494152069,0.0,,0.9940000772476196,0.09504809975624084,0.8065528869628906,0.43488964438438416,0.0,,results/20260708_srr_v3_m9_dictionary_fidelity_repair_training/runtime_htzhulab_mirror,results/20260708_srr_v3_m9_dictionary_fidelity_repair_training/runtime_htzhulab_mirror/variants/m9_srr_main_true_br2_pattern_sip/training_log.csv
m9_srr_main_true_br2_pattern_sip,m9_srr_main_true_br2_pattern_sip,3000,proposal_dictionary,0.6919016242027283,832.1924866773188,m9_srr_main_true_br2_pattern_sip,m9_srr_main_true_br2_pattern_sip,0.15953445434570312,0.6919016242027283,0.04150767624378204,-0.0,0.09820394217967987,0.003136606886982918,0.0004558941873256117,0.003136606886982918,0.2725895643234253,0.003136606886982918,0.003068137913942337,0.623495876789093,0.17895275354385376,-0.0,-0.0,1.0,1.0,0.0,0.5,0.5,0.01798621006309986,0.06886646896600723,1.0,0.17064037919044495,0.17064037919044495,2.5474302768707275,baseline_preserving_residual,enabled_crop_soft_roi,enabled_distance_soft_gates,balanced_4scale,16;32;64;128,0.19841310381889343,0.06049061194062233,0.054157186299562454,0.6444008350372314,0.8505669832229614,0.8588504195213318,0.1609860509634018,0.0,0.0,train_oof_runtime_features_fold0,train_oof_runtime_features_fold0,"Case2024,Case8024",0.15953445434570312,0.04150767624378204,-0.0,0.2725895643234253,0.2725895643234253,-0.0,-0.0,0.623495876789093,0.17895275354385376,0.0,3.828848123550415,0.003136606886982918,0.0004558941873256117,0.003068137913942337,0.003068137913942337,0.09820394217967987,0.09820394217967987,0.1717432737350464,-0.0,-0.0,0.6919016242027283,0.9388049840927124,0.2611975073814392,0.6282630562782288,0.24268734455108643,0.0,,0.9274142980575562,0.19171181321144104,0.7194535732269287,0.21410158276557922,0.0,,0.9919999837875366,0.13398003578186035,0.28101950883865356,0.14293144643306732,0.0,,0.9578686952590942,0.0722653865814209,0.7146098613739014,0.43221646547317505,0.0,,results/20260708_srr_v3_m9_dictionary_fidelity_repair_training/runtime_htzhulab_mirror,results/20260708_srr_v3_m9_dictionary_fidelity_repair_training/runtime_htzhulab_mirror/variants/m9_srr_main_true_br2_pattern_sip/training_log.csv
m9_srr_main_true_br2_pattern_sip,m9_srr_main_true_br2_pattern_sip,3000,proposal_dictionary,,833.0668117841706,m9_srr_main_true_br2_pattern_sip,m9_srr_main_true_br2_pattern_sip,,,,,,,,,,,,,,,,,,,,,,,,,,,,,,,,,,,,,,,,,,,,,,,,,,,,,,,,,,,,,,,,,,,,,,,,,,,,,,,,,,,,,,,,,results/20260708_srr_v3_m9_dictionary_fidelity_repair_training/runtime_htzhulab_mirror,results/20260708_srr_v3_m9_dictionary_fidelity_repair_training/runtime_htzhulab_mirror/variants/m9_srr_main_true_br2_pattern_sip/training_log.csv
m9_srr_main_true_br2_pattern_sip,m9_srr_main_true_br2_pattern_sip,3050,proposal_dictionary,1.378923773765564,847.0699255010113,m9_srr_main_true_br2_pattern_sip,m9_srr_main_true_br2_pattern_sip,0.3136955499649048,1.378923773765564,0.1313602179288864,0.0742260068655014,0.09806294739246368,0.004322813358157873,-0.0,0.004322813358157873,0.27422043681144714,0.004322813358157873,0.0031220822129398584,0.4567827582359314,0.0756828710436821,-0.0,-0.0,1.0,1.0,1.0,0.5,0.5,0.01798621006309986,0.0685553029179573,1.0,0.19473369419574738,0.19473369419574738,2.881924867630005,baseline_preserving_residual,enabled_crop_soft_roi,enabled_distance_soft_gates,balanced_4scale,16;32;64;128,0.18025906383991241,0.051224738359451294,0.03220636025071144,0.6014836430549622,0.8454982042312622,0.876687228679657,0.16558830440044403,0.16309374570846558,0.0,train_oof_runtime_features_fold0,train_oof_runtime_features_fold0,"Case3007,Case2026",0.3136955499649048,0.1313602179288864,0.0742260068655014,0.27422043681144714,0.27422043681144714,0.3386973440647125,0.3386973440647125,0.4567827582359314,0.0756828710436821,0.0,3.8115475177764893,0.004322813358157873,-0.0,0.0031220822129398584,0.0031220822129398584,0.09806294739246368,0.09806294739246368,0.6077758073806763,-0.0,-0.0,1.378923773765564,0.9469254016876221,0.3865175247192383,0.8101069927215576,0.3640824854373932,0.8226747512817383,0.3518558740615845,0.8903536796569824,0.26147720217704773,0.7907577753067017,0.5194963216781616,0.9816250801086426,0.49865269660949707,0.8735154867172241,0.2163713574409485,0.31834524869918823,0.18254098296165466,0.7518865466117859,0.15184584259986877,0.8525683283805847,0.0832202136516571,0.648568868637085,0.4280264675617218,0.8361879587173462,0.4372132420539856,results/20260708_srr_v3_m9_dictionary_fidelity_repair_training/runtime_htzhulab_mirror,results/20260708_srr_v3_m9_dictionary_fidelity_repair_training/runtime_htzhulab_mirror/variants/m9_srr_main_true_br2_pattern_sip/training_log.csv
m9_srr_main_true_br2_pattern_sip,m9_srr_main_true_br2_pattern_sip,3100,proposal_dictionary,1.6039702892303467,860.6800955496728,m9_srr_main_true_br2_pattern_sip,m9_srr_main_true_br2_pattern_sip,0.250247061252594,1.6039702892303467,0.19472482800483704,0.2505432665348053,0.13399100303649902,0.002467951038852334,-0.0,0.002467951038852334,0.1487955003976822,0.002467951038852334,0.0033856083173304796,0.13874942064285278,0.2795354723930359,-0.0,-0.0,1.0,1.0,1.0,1.0,1.0,0.01798621006309986,0.06900277733802795,1.0,0.17415840923786163,0.17415840923786163,2.6506919860839844,baseline_preserving_residual,enabled_crop_soft_roi,enabled_distance_soft_gates,balanced_4scale,16;32;64;128,0.2742600739002228,0.09711527079343796,0.048232272267341614,0.4338405132293701,0.7553510665893555,0.8276481628417969,0.2734454274177551,0.2749203145503998,0.0,train_oof_runtime_features_fold0,train_oof_runtime_features_fold0,"Case3036,Case3031",0.250247061252594,0.19472482800483704,0.2505432665348053,0.1487955003976822,0.1487955003976822,0.4037023186683655,0.4037023186683655,0.13874942064285278,0.2795354723930359,0.0,3.8364264965057373,0.002467951038852334,-0.0,0.0033856083173304796,0.0033856083173304796,0.13399100303649902,0.13399100303649902,0.9704198837280273,-0.0,-0.0,1.6039702892303467,0.9887500405311584,0.38685011863708496,0.8073081374168396,0.418098121881485,0.8485070466995239,0.48100289702415466,0.9887499809265137,0.25174057483673096,0.5756145715713501,0.4986256957054138,0.981249988079071,0.5175613164901733,0.9103469252586365,0.24276170134544373,0.32414665818214417,0.11186181008815765,0.8040803670883179,0.20734095573425293,0.9169192910194397,0.08182398229837418,0.6758317351341248,0.45879024267196655,0.8949827551841736,0.47976982593536377,results/20260708_srr_v3_m9_dictionary_fidelity_repair_training/runtime_htzhulab_mirror,results/20260708_srr_v3_m9_dictionary_fidelity_repair_training/runtime_htzhulab_mirror/variants/m9_srr_main_true_br2_pattern_sip/training_log.csv
m9_srr_main_true_br2_pattern_sip,m9_srr_main_true_br2_pattern_sip,3150,proposal_dictionary,1.4613673686981201,874.2244288511574,m9_srr_main_true_br2_pattern_sip,m9_srr_main_true_br2_pattern_sip,0.20694074034690857,1.4613673686981201,0.050078876316547394,0.13784562051296234,0.10929378867149353,0.03747143596410751,-0.0,0.03747143596410751,0.33112242817878723,0.03747143596410751,0.002906490582972765,0.4986489713191986,0.49527254700660706,-0.0,-0.0,1.0,1.0,1.0,0.5,0.5,0.01798621006309986,0.06786785274744034,1.0,0.19584470987319946,0.19584470987319946,2.8765783309936523,baseline_preserving_residual,enabled_crop_soft_roi,enabled_distance_soft_gates,balanced_4scale,16;32;64;128,0.15357886254787445,0.042592182755470276,0.0335785448551178,0.6866510510444641,0.8870155811309814,0.899987518787384,0.1446850746870041,0.14517028629779816,0.0,train_oof_runtime_features_fold0,train_oof_runtime_features_fold0,"Case2005,Case2023",0.20694074034690857,0.050078876316547394,0.13784562051296234,0.33112242817878723,0.33112242817878723,0.3996698558330536,0.3996698558330536,0.4986489713191986,0.49527254700660706,0.0,3.773327112197876,0.03747143596410751,-0.0,0.002906490582972765,0.002906490582972765,0.10929378867149353,0.10929378867149353,0.527905285358429,-0.0,-0.0,1.4613673686981201,0.9485249519348145,0.3935505449771881,0.7666475772857666,0.2871149182319641,0.8652685284614563,0.3748103082180023,0.8873707056045532,0.24733567237854004,0.7796552777290344,0.5060588121414185,0.9816250205039978,0.5003632307052612,0.8475174307823181,0.24037706851959229,0.32211247086524963,0.13954132795333862,0.7596397995948792,0.16119758784770966,0.8574982285499573,0.08109015226364136,0.674241304397583,0.4454675018787384,0.8471150398254395,0.4486856162548065,results/20260708_srr_v3_m9_dictionary_fidelity_repair_training/runtime_htzhulab_mirror,results/20260708_srr_v3_m9_dictionary_fidelity_repair_training/runtime_htzhulab_mirror/variants/m9_srr_main_true_br2_pattern_sip/training_log.csv
m9_srr_main_true_br2_pattern_sip,m9_srr_main_true_br2_pattern_sip,3200,proposal_dictionary,1.6045399904251099,887.7648389143869,m9_srr_main_true_br2_pattern_sip,m9_srr_main_true_br2_pattern_sip,0.28489047288894653,1.6045399904251099,0.15924574434757233,0.1585531085729599,0.10727579146623611,0.02255070209503174,-0.0,0.02255070209503174,0.28119152784347534,0.02255070209503174,0.002971586538478732,0.9385716915130615,0.24393336474895477,-0.0,-0.0,1.0,1.0,1.0,0.5,0.5,0.01798621006309986,0.06821327656507492,1.0,0.19805993139743805,0.19805993139743805,2.9659132957458496,baseline_preserving_residual,enabled_crop_soft_roi,enabled_distance_soft_gates,balanced_4scale,16;32;64;128,0.24698057770729065,0.0874859020113945,0.03776197135448456,0.5306602120399475,0.7837124466896057,0.8611790537834167,0.22448670864105225,0.21949489414691925,0.0,train_oof_runtime_features_fold0,train_oof_runtime_features_fold0,"Case3019,Case2023",0.28489047288894653,0.15924574434757233,0.1585531085729599,0.28119152784347534,0.28119152784347534,0.34550321102142334,0.34550321102142334,0.9385716915130615,0.24393336474895477,0.0,3.792531728744507,0.02255070209503174,-0.0,0.002971586538478732,0.002971586538478732,0.10727579146623611,0.10727579146623611,0.6962252855300903,-0.0,-0.0,1.6045399904251099,0.9106395840644836,0.3909154236316681,0.7724422216415405,0.3231198787689209,0.8638039827346802,0.3906928300857544,0.8571026921272278,0.18573378026485443,0.7922729253768921,0.506408154964447,0.9816250205039978,0.49636730551719666,0.8691354990005493,0.23353686928749084,0.3777008056640625,0.18249589204788208,0.7468909025192261,0.1565723717212677,0.8572951555252075,0.08715251088142395,0.6796352863311768,0.4458722472190857,0.840926468372345,0.4669370949268341,results/20260708_srr_v3_m9_dictionary_fidelity_repair_training/runtime_htzhulab_mirror,results/20260708_srr_v3_m9_dictionary_fidelity_repair_training/runtime_htzhulab_mirror/variants/m9_srr_main_true_br2_pattern_sip/training_log.csv
m9_srr_main_true_br2_pattern_sip,m9_srr_main_true_br2_pattern_sip,3250,proposal_dictionary,1.4253698587417603,901.3161672158167,m9_srr_main_true_br2_pattern_sip,m9_srr_main_true_br2_pattern_sip,0.21127577126026154,1.4253698587417603,0.060794901102781296,0.16105543076992035,0.10419778525829315,0.00970863364636898,0.0004558941873256117,0.00970863364636898,0.3571110665798187,0.00970863364636898,0.00204976974055171,0.32680442929267883,0.1064528152346611,-0.0,-0.0,1.0,1.0,0.5,0.5,0.5,0.01798621006309986,0.06815033406019211,1.0,0.17117369174957275,0.17117369174957275,2.566790819168091,baseline_preserving_residual,enabled_crop_soft_roi,enabled_distance_soft_gates,balanced_4scale,16;32;64;128,0.1733674257993698,0.04480414092540741,0.05323421210050583,0.6577523350715637,0.8780015110969543,0.8557151556015015,0.14218498766422272,0.12590138614177704,0.0,train_oof_runtime_features_fold0,train_oof_runtime_features_fold0,"Case3029,Case8012",0.21127577126026154,0.060794901102781296,0.16105543076992035,0.3571110665798187,0.3571110665798187,0.3897443115711212,0.3897443115711212,0.32680442929267883,0.1064528152346611,0.0,3.789032459259033,0.00970863364636898,0.0004558941873256117,0.00204976974055171,0.00204976974055171,0.10419778525829315,0.10419778525829315,0.4823589622974396,-0.0,-0.0,1.4253698587417603,0.8623403310775757,,0.6678894758224487,0.25648507475852966,0.40913379192352295,0.27332809567451477,0.8554204702377319,,0.8240131139755249,0.5086926221847534,0.4910000264644623,0.47293993830680847,0.9034839868545532,,0.33624908328056335,0.1035277396440506,0.34407562017440796,0.09398765116930008,0.8302885293960571,,0.6504231691360474,0.417025089263916,0.39416730403900146,0.5105020999908447,results/20260708_srr_v3_m9_dictionary_fidelity_repair_training/runtime_htzhulab_mirror,results/20260708_srr_v3_m9_dictionary_fidelity_repair_training/runtime_htzhulab_mirror/variants/m9_srr_main_true_br2_pattern_sip/training_log.csv
m9_srr_main_true_br2_pattern_sip,m9_srr_main_true_br2_pattern_sip,3300,proposal_dictionary,1.4767045974731445,914.9145049890503,m9_srr_main_true_br2_pattern_sip,m9_srr_main_true_br2_pattern_sip,0.09621220082044601,1.4767045974731445,0.1416289359331131,0.1344897449016571,0.10560727119445801,0.008590088225901127,-0.0,0.008590088225901127,0.359923779964447,0.008590088225901127,0.0032397957984358072,0.034582048654556274,0.46202072501182556,-0.0,-0.0,1.0,1.0,1.0,1.0,0.5,0.01798621006309986,0.06822963804006577,1.0,0.19365501403808594,0.19365501403808594,2.861783027648926,baseline_preserving_residual,enabled_crop_soft_roi,enabled_distance_soft_gates,balanced_4scale,16;32;64;128,0.14596021175384521,0.0631101205945015,0.015450398437678814,0.7230488061904907,0.8625967502593994,0.9500656127929688,0.13847137987613678,0.13625063002109528,0.0,train_oof_runtime_features_fold0,train_oof_runtime_features_fold0,"Case3022,Case2012",0.09621220082044601,0.1416289359331131,0.1344897449016571,0.359923779964447,0.359923779964447,0.4333939850330353,0.4333939850330353,0.034582048654556274,0.46202072501182556,0.0,3.7934420108795166,0.008590088225901127,-0.0,0.0032397957984358072,0.0032397957984358072,0.10560727119445801,0.10560727119445801,0.718440055847168,-0.0,-0.0,1.4767045974731445,0.9887499809265137,0.37575432658195496,0.8604472875595093,0.4455547332763672,0.9039541482925415,0.46937182545661926,0.9298285245895386,0.22069603204727173,0.6041221022605896,0.5101673603057861,0.9812500476837158,0.514664888381958,0.9249178171157837,0.2175801396369934,0.46916356682777405,0.29345542192459106,0.7028113603591919,0.11074170470237732,0.9190446734428406,0.08998563885688782,0.6880733370780945,0.48038190603256226,0.9812500476837158,0.4693312346935272,results/20260708_srr_v3_m9_dictionary_fidelity_repair_training/runtime_htzhulab_mirror,results/20260708_srr_v3_m9_dictionary_fidelity_repair_training/runtime_htzhulab_mirror/variants/m9_srr_main_true_br2_pattern_sip/training_log.csv
m9_srr_main_true_br2_pattern_sip,m9_srr_main_true_br2_pattern_sip,3300,proposal_dictionary,,915.7910269042477,m9_srr_main_true_br2_pattern_sip,m9_srr_main_true_br2_pattern_sip,,,,,,,,,,,,,,,,,,,,,,,,,,,,,,,,,,,,,,,,,,,,,,,,,,,,,,,,,,,,,,,,,,,,,,,,,,,,,,,,,,,,,,,,,results/20260708_srr_v3_m9_dictionary_fidelity_repair_training/runtime_htzhulab_mirror,results/20260708_srr_v3_m9_dictionary_fidelity_repair_training/runtime_htzhulab_mirror/variants/m9_srr_main_true_br2_pattern_sip/training_log.csv
m9_srr_main_true_br2_pattern_sip,m9_srr_main_true_br2_pattern_sip,3350,proposal_dictionary,1.4174768924713135,929.883258103393,m9_srr_main_true_br2_pattern_sip,m9_srr_main_true_br2_pattern_sip,0.1641533225774765,1.4174768924713135,0.04300854355096817,0.02993205189704895,0.0950159877538681,0.04306642711162567,0.0004558941873256117,0.04306642711162567,0.38128283619880676,0.04306642711162567,0.002554453443735838,0.15095913410186768,0.613376796245575,-0.0,-0.0,1.0,1.0,0.5,1.0,0.5,0.01798621006309986,0.06839174032211304,1.0,0.1194150373339653,0.1194150373339653,1.7981449365615845,baseline_preserving_residual,enabled_crop_soft_roi,enabled_distance_soft_gates,balanced_4scale,16;32;64;128,0.08617507666349411,0.04969800263643265,0.006269311532378197,0.8220131993293762,0.896403968334198,0.9799242615699768,0.09295433759689331,0.019846037030220032,0.0,train_oof_runtime_features_fold0,train_oof_runtime_features_fold0,"Case1049,Case3029",0.1641533225774765,0.04300854355096817,0.02993205189704895,0.38128283619880676,0.38128283619880676,0.523442804813385,0.523442804813385,0.15095913410186768,0.613376796245575,0.0,3.8024539947509766,0.04306642711162567,0.0004558941873256117,0.002554453443735838,0.002554453443735838,0.0950159877538681,0.0950159877538681,0.17795473337173462,-0.0,-0.0,1.4174768924713135,0.9347649216651917,0.37626978754997253,0.708504319190979,0.3940306305885315,0.44985657930374146,0.46964725852012634,0.9549252986907959,0.2525762915611267,0.632605791091919,0.5172667503356934,0.4906250238418579,0.5158664584159851,0.9638336896896362,0.18669015169143677,0.35172566771507263,0.2684563100337982,0.3232667148113251,0.12575052678585052,0.8993666172027588,0.07768610864877701,0.659209132194519,0.4627542495727539,0.4906250238418579,0.4812111258506775,results/20260708_srr_v3_m9_dictionary_fidelity_repair_training/runtime_htzhulab_mirror,results/20260708_srr_v3_m9_dictionary_fidelity_repair_training/runtime_htzhulab_mirror/variants/m9_srr_main_true_br2_pattern_sip/training_log.csv
m9_srr_main_true_br2_pattern_sip,m9_srr_main_true_br2_pattern_sip,3400,proposal_dictionary,1.1696728467941284,943.5419597476721,m9_srr_main_true_br2_pattern_sip,m9_srr_main_true_br2_pattern_sip,0.16406936943531036,1.1696728467941284,0.08285492658615112,0.19119299948215485,0.0985083356499672,0.007539565674960613,-0.0,0.007539565674960613,0.1987122893333435,0.007539565674960613,0.0033672628924250603,0.08993753790855408,0.3609561622142792,-0.0,-0.0,1.0,1.0,1.0,1.0,1.0,0.01798621006309986,0.06688807904720306,1.0,0.1676090806722641,0.1676090806722641,2.5027015209198,baseline_preserving_residual,enabled_crop_soft_roi,enabled_distance_soft_gates,balanced_4scale,16;32;64;128,0.2159333974123001,0.06422606110572815,0.06155827268958092,0.5410815477371216,0.8361256718635559,0.8065202832221985,0.2142544537782669,0.2185092717409134,0.0,train_oof_runtime_features_fold0,train_oof_runtime_features_fold0,"Case2027,Case2030",0.16406936943531036,0.08285492658615112,0.19119299948215485,0.1987122893333435,0.1987122893333435,0.2439756840467453,0.2439756840467453,0.08993753790855408,0.3609561622142792,0.0,3.718853235244751,0.007539565674960613,-0.0,0.0033672628924250603,0.0033672628924250603,0.0985083356499672,0.0985083356499672,0.5525906085968018,-0.0,-0.0,1.1696728467941284,0.9887499809265137,0.38092243671417236,0.8136653900146484,0.3977721929550171,0.9077191352844238,0.5098828077316284,0.9887501001358032,0.2540310323238373,0.6490703821182251,0.5258655548095703,0.9812500476837158,0.5202117562294006,0.9278202652931213,0.20260964334011078,0.4749401807785034,0.2908647060394287,0.6421501636505127,0.12083141505718231,0.9209446907043457,0.07950730621814728,0.6369574069976807,0.44711828231811523,0.981249988079071,0.505650520324707,results/20260708_srr_v3_m9_dictionary_fidelity_repair_training/runtime_htzhulab_mirror,results/20260708_srr_v3_m9_dictionary_fidelity_repair_training/runtime_htzhulab_mirror/variants/m9_srr_main_true_br2_pattern_sip/training_log.csv
m9_srr_main_true_br2_pattern_sip,m9_srr_main_true_br2_pattern_sip,3450,proposal_dictionary,1.79973566532135,957.0789420148358,m9_srr_main_true_br2_pattern_sip,m9_srr_main_true_br2_pattern_sip,0.3366902768611908,1.79973566532135,0.22186920046806335,0.1378251016139984,0.11165650188922882,0.010237776674330235,-0.0,0.010237776674330235,0.35552743077278137,0.010237776674330235,0.003090907819569111,1.2096021175384521,0.3317137062549591,-0.0,-0.0,1.0,1.0,1.0,0.5,0.5,0.01798621006309986,0.06825394928455353,1.0,0.20598356425762177,0.20598356425762177,3.1167638301849365,baseline_preserving_residual,enabled_crop_soft_roi,enabled_distance_soft_gates,balanced_4scale,16;32;64;128,0.27770787477493286,0.09202919900417328,0.06716761738061905,0.4735167622566223,0.7600528597831726,0.7794246673583984,0.24976828694343567,0.24408291280269623,0.0,train_oof_runtime_features_fold0,train_oof_runtime_features_fold0,"Case3025,Case2011",0.3366902768611908,0.22186920046806335,0.1378251016139984,0.35552743077278137,0.35552743077278137,0.3141801953315735,0.3141801953315735,1.2096021175384521,0.3317137062549591,0.0,3.794793128967285,0.010237776674330235,-0.0,0.003090907819569111,0.003090907819569111,0.11165650188922882,0.11165650188922882,0.7202251553535461,-0.0,-0.0,1.79973566532135,0.9141436219215393,0.3784518837928772,0.8653931617736816,0.3311077356338501,0.8666976690292358,0.3856648802757263,0.9227175712585449,0.16913577914237976,0.8037953972816467,0.5175348520278931,0.9816250801086426,0.5050783753395081,0.8237628936767578,0.18940232694149017,0.45174068212509155,0.20132432878017426,0.583197832107544,0.06699085980653763,0.8506518006324768,0.07618662714958191,0.6043832302093506,0.4062461256980896,0.9050477743148804,0.4835621416568756,results/20260708_srr_v3_m9_dictionary_fidelity_repair_training/runtime_htzhulab_mirror,results/20260708_srr_v3_m9_dictionary_fidelity_repair_training/runtime_htzhulab_mirror/variants/m9_srr_main_true_br2_pattern_sip/training_log.csv
m9_srr_main_true_br2_pattern_sip,m9_srr_main_true_br2_pattern_sip,3500,proposal_dictionary,1.2465596199035645,970.6419203057885,m9_srr_main_true_br2_pattern_sip,m9_srr_main_true_br2_pattern_sip,0.258012056350708,1.2465596199035645,0.08853059262037277,0.17318561673164368,0.09528528153896332,0.003717889543622732,0.0004558941873256117,0.003717889543622732,0.18665042519569397,0.003717889543622732,0.002578416606411338,0.17479673027992249,0.3701533377170563,-0.0,-0.0,1.0,1.0,0.5,1.0,1.0,0.01798621006309986,0.06710156053304672,1.0,0.10756546258926392,0.10756546258926392,1.6467334032058716,baseline_preserving_residual,enabled_crop_soft_roi,enabled_distance_soft_gates,balanced_4scale,16;32;64;128,0.24930855631828308,0.11799319833517075,0.037860747426748276,0.5798466205596924,0.7705849409103394,0.9044022560119629,0.24212339520454407,0.15649105608463287,0.0,train_oof_runtime_features_fold0,train_oof_runtime_features_fold0,"Case3009,Case1071",0.258012056350708,0.08853059262037277,0.17318561673164368,0.18665042519569397,0.18665042519569397,0.24558453261852264,0.24558453261852264,0.17479673027992249,0.3701533377170563,0.0,3.730722665786743,0.003717889543622732,0.0004558941873256117,0.002578416606411338,0.002578416606411338,0.09528528153896332,0.09528528153896332,0.5961703658103943,-0.0,-0.0,1.2465596199035645,0.9318834543228149,0.3749852776527405,0.663390040397644,0.408072292804718,0.45636722445487976,0.5052400827407837,0.9621886610984802,0.1589876115322113,0.6311458945274353,0.5185247659683228,0.4906250238418579,0.5282600522041321,0.9584400653839111,0.18891969323158264,0.38296011090278625,0.2697925865650177,0.3283918797969818,0.1348065733909607,0.8916622400283813,0.07868688553571701,0.6211374402046204,0.43890345096588135,0.4906249940395355,0.505293607711792,results/20260708_srr_v3_m9_dictionary_fidelity_repair_training/runtime_htzhulab_mirror,results/20260708_srr_v3_m9_dictionary_fidelity_repair_training/runtime_htzhulab_mirror/variants/m9_srr_main_true_br2_pattern_sip/training_log.csv
m9_srr_main_true_br2_pattern_sip,m9_srr_main_true_br2_pattern_sip,3550,proposal_dictionary,1.5279459953308105,984.2330264691263,m9_srr_main_true_br2_pattern_sip,m9_srr_main_true_br2_pattern_sip,0.21775628626346588,1.5279459953308105,0.02377007156610489,0.18695557117462158,0.1052350252866745,0.020062055438756943,0.0004558941873256117,0.020062055438756943,0.3632892668247223,0.020062055438756943,0.002231209073215723,0.7310271859169006,0.02955341339111328,-0.0,-0.0,1.0,1.0,0.5,0.5,0.0,0.01798621006309986,0.06757671386003494,1.0,0.19303353130817413,0.19303353130817413,2.856173038482666,baseline_preserving_residual,enabled_crop_soft_roi,enabled_distance_soft_gates,balanced_4scale,16;32;64;128,0.10055197775363922,0.01655975915491581,0.031173059716820717,0.7409420609474182,0.934844970703125,0.8882254362106323,0.0938621535897255,0.08145652711391449,0.0,train_oof_runtime_features_fold0,train_oof_runtime_features_fold0,"Case8028,Case2006",0.21775628626346588,0.02377007156610489,0.18695557117462158,0.3632892668247223,0.3632892668247223,0.4716506004333496,0.4716506004333496,0.7310271859169006,0.02955341339111328,0.0,3.7571399211883545,0.020062055438756943,0.0004558941873256117,0.002231209073215723,0.002231209073215723,0.1052350252866745,0.1052350252866745,0.29655689001083374,-0.0,-0.0,1.5279459953308105,0.8654091954231262,,0.6867614984512329,0.2555156946182251,0.41151943802833557,0.28389978408813477,0.8644642233848572,,0.8233682513237,0.4919843375682831,0.4909999966621399,0.47762659192085266,0.8924967646598816,,0.31399938464164734,0.11320585012435913,0.2733004689216614,0.006000000052154064,0.8213781118392944,,0.6735002994537354,0.43220746517181396,0.40384286642074585,0.5077083706855774,results/20260708_srr_v3_m9_dictionary_fidelity_repair_training/runtime_htzhulab_mirror,results/20260708_srr_v3_m9_dictionary_fidelity_repair_training/runtime_htzhulab_mirror/variants/m9_srr_main_true_br2_pattern_sip/training_log.csv
m9_srr_main_true_br2_pattern_sip,m9_srr_main_true_br2_pattern_sip,3600,proposal_dictionary,1.144942283630371,997.8215659679845,m9_srr_main_true_br2_pattern_sip,m9_srr_main_true_br2_pattern_sip,0.1998327523469925,1.144942283630371,0.04151225835084915,0.11284397542476654,0.0902744010090828,0.00484609417617321,0.0004558941873256117,0.00484609417617321,0.26437363028526306,0.00484609417617321,0.0028216922655701637,0.8666291236877441,0.1521175652742386,-0.0,-0.0,1.0,1.0,0.5,0.5,0.5,0.01798621006309986,0.06797970086336136,1.0,0.1875920444726944,0.1875920444726944,2.843989372253418,baseline_preserving_residual,enabled_crop_soft_roi,enabled_distance_soft_gates,balanced_4scale,16;32;64;128,0.20311860740184784,0.06650399416685104,0.06919745355844498,0.5952144861221313,0.8345012068748474,0.8103802800178528,0.1871631145477295,0.10289221256971359,0.0,train_oof_runtime_features_fold0,train_oof_runtime_features_fold0,"Case2024,Case2032",0.1998327523469925,0.04151225835084915,0.11284397542476654,0.26437363028526306,0.26437363028526306,0.2477480173110962,0.2477480173110962,0.8666291236877441,0.1521175652742386,0.0,3.779545545578003,0.00484609417617321,0.0004558941873256117,0.0028216922655701637,0.0028216922655701637,0.0902744010090828,0.0902744010090828,0.3997404873371124,-0.0,-0.0,1.144942283630371,0.9913750290870667,0.322208046913147,0.7978674173355103,0.3364696800708771,0.456575870513916,0.4882047176361084,0.9635665416717529,0.20421822369098663,0.7449299097061157,0.39930641651153564,0.4906249940395355,0.547398030757904,0.9612889289855957,0.14756295084953308,0.4348611533641815,0.2455018162727356,0.31249862909317017,0.11070454120635986,0.9577720165252686,0.07185898721218109,0.8003290891647339,0.45942363142967224,0.44587746262550354,0.593065619468689,results/20260708_srr_v3_m9_dictionary_fidelity_repair_training/runtime_htzhulab_mirror,results/20260708_srr_v3_m9_dictionary_fidelity_repair_training/runtime_htzhulab_mirror/variants/m9_srr_main_true_br2_pattern_sip/training_log.csv
m9_srr_main_true_br2_pattern_sip,m9_srr_main_true_br2_pattern_sip,3600,proposal_dictionary,,998.7032824903727,m9_srr_main_true_br2_pattern_sip,m9_srr_main_true_br2_pattern_sip,,,,,,,,,,,,,,,,,,,,,,,,,,,,,,,,,,,,,,,,,,,,,,,,,,,,,,,,,,,,,,,,,,,,,,,,,,,,,,,,,,,,,,,,,results/20260708_srr_v3_m9_dictionary_fidelity_repair_training/runtime_htzhulab_mirror,results/20260708_srr_v3_m9_dictionary_fidelity_repair_training/runtime_htzhulab_mirror/variants/m9_srr_main_true_br2_pattern_sip/training_log.csv
m9_srr_main_true_br2_pattern_sip,m9_srr_main_true_br2_pattern_sip,3650,soft_roi_refinement,2.115903377532959,1012.6711665596813,m9_srr_main_true_br2_pattern_sip,m9_srr_main_true_br2_pattern_sip,0.2955426573753357,2.115903377532959,0.23355238139629364,0.354493111371994,0.10955203324556351,0.002432003617286682,-0.0,0.002432003617286682,0.2532869875431061,0.002432003617286682,0.0034624116960912943,0.1268383115530014,0.5226699113845825,-0.0,-0.0,1.0,1.0,1.0,1.0,1.0,0.01798621006309986,0.06794046610593796,1.0,0.19257354736328125,0.19257354736328125,2.8816442489624023,baseline_preserving_residual,enabled_crop_soft_roi,enabled_distance_soft_gates,balanced_4scale,16;32;64;128,0.22324109077453613,0.09196110814809799,0.023732800036668777,0.5583770871162415,0.7648239135742188,0.9087225794792175,0.20952966809272766,0.20330549776554108,0.0,train_oof_runtime_features_fold0,train_oof_runtime_features_fold0,"Case3021,Case3008",0.2955426573753357,0.23355238139629364,0.354493111371994,0.2532869875431061,0.2532869875431061,0.5251671671867371,0.5251671671867371,0.1268383115530014,0.5226699113845825,0.0,3.7773640155792236,0.002432003617286682,-0.0,0.0034624116960912943,0.0034624116960912943,0.10955203324556351,0.10955203324556351,1.3598873615264893,-0.0,-0.0,2.115903377532959,0.9887500405311584,0.3817574083805084,0.819544792175293,0.405126690864563,0.9116593599319458,0.49509936571121216,0.9317389130592346,0.19074732065200806,0.6816199421882629,0.527880847454071,0.9812499284744263,0.5623716115951538,0.9284517168998718,0.18949544429779053,0.47470057010650635,0.3033452033996582,0.641059398651123,0.12289975583553314,0.9196363091468811,0.08470629900693893,0.6938179731369019,0.4917897880077362,0.8189241886138916,0.5211879014968872,results/20260708_srr_v3_m9_dictionary_fidelity_repair_training/runtime_htzhulab_mirror,results/20260708_srr_v3_m9_dictionary_fidelity_repair_training/runtime_htzhulab_mirror/variants/m9_srr_main_true_br2_pattern_sip/training_log.csv
m9_srr_main_true_br2_pattern_sip,m9_srr_main_true_br2_pattern_sip,3700,soft_roi_refinement,1.3351585865020752,1026.0577933136374,m9_srr_main_true_br2_pattern_sip,m9_srr_main_true_br2_pattern_sip,0.208085834980011,1.3351585865020752,0.035302214324474335,0.03861920163035393,0.0919131487607956,0.008921700529754162,-0.0,0.008921700529754162,0.3926692605018616,0.008921700529754162,0.0030770364683121443,1.2413878440856934,0.02378423698246479,-0.0,-0.0,1.0,1.0,1.0,0.5,0.0,0.01798621006309986,0.06655122339725494,1.0,0.22386886179447174,0.22386886179447174,3.220743417739868,baseline_preserving_residual,enabled_crop_soft_roi,enabled_distance_soft_gates,balanced_4scale,16;32;64;128,0.06983394920825958,0.022894050925970078,0.020287301391363144,0.8064193725585938,0.9258707165718079,0.9195563793182373,0.06912393122911453,0.06800974160432816,0.0,train_oof_runtime_features_fold0,train_oof_runtime_features_fold0,"Case2012,Case2035",0.208085834980011,0.035302214324474335,0.03861920163035393,0.3926692605018616,0.3926692605018616,0.40026071667671204,0.40026071667671204,1.2413878440856934,0.02378423698246479,0.0,3.700124502182007,0.008921700529754162,-0.0,0.0030770364683121443,0.0030770364683121443,0.0919131487607956,0.0919131487607956,0.3251793682575226,-0.0,-0.0,1.3351585865020752,0.9144052267074585,0.27501821517944336,0.8665094971656799,0.36551040410995483,0.8747721910476685,0.40122631192207336,0.8700077533721924,0.22719109058380127,0.8389744162559509,0.5273742079734802,0.9816250205039978,0.5089558362960815,0.8894368410110474,0.17492446303367615,0.47716736793518066,0.2324775606393814,0.5947877168655396,0.06752687692642212,0.8511700630187988,0.0816187709569931,0.6902594566345215,0.45074039697647095,0.8582757711410522,0.5202800035476685,results/20260708_srr_v3_m9_dictionary_fidelity_repair_training/runtime_htzhulab_mirror,results/20260708_srr_v3_m9_dictionary_fidelity_repair_training/runtime_htzhulab_mirror/variants/m9_srr_main_true_br2_pattern_sip/training_log.csv
m9_srr_main_true_br2_pattern_sip,m9_srr_main_true_br2_pattern_sip,3750,soft_roi_refinement,1.500664234161377,1039.6227223798633,m9_srr_main_true_br2_pattern_sip,m9_srr_main_true_br2_pattern_sip,0.25791728496551514,1.500664234161377,0.041118323802948,0.27641797065734863,0.10282289981842041,0.0052741942927241325,0.0004558941873256117,0.0052741942927241325,0.22627009451389313,0.0052741942927241325,0.002971701556816697,1.1894316673278809,0.34336209297180176,-0.0,-0.0,1.0,1.0,0.5,0.5,0.5,0.01798621006309986,0.0685870498418808,1.0,0.21085985004901886,0.21085985004901886,3.2103490829467773,baseline_preserving_residual,enabled_crop_soft_roi,enabled_distance_soft_gates,balanced_4scale,16;32;64;128,0.276532381772995,0.08931644260883331,0.06318836659193039,0.47613391280174255,0.7825518250465393,0.8145949840545654,0.23920288681983948,0.13746145367622375,0.0,train_oof_runtime_features_fold0,train_oof_runtime_features_fold0,"Case3003,Case2029",0.25791728496551514,0.041118323802948,0.27641797065734863,0.22627009451389313,0.22627009451389313,0.2785528302192688,0.2785528302192688,1.1894316673278809,0.34336209297180176,0.0,3.8133130073547363,0.0052741942927241325,0.0004558941873256117,0.002971701556816697,0.002971701556816697,0.10282289981842041,0.10282289981842041,0.9100652933120728,-0.0,-0.0,1.500664234161377,0.9913750886917114,0.3232857584953308,0.8337007164955139,0.32095959782600403,0.45481932163238525,0.4699169397354126,0.9625877141952515,0.1971920281648636,0.8104373216629028,0.39118438959121704,0.4906250238418579,0.5311533808708191,0.961037278175354,0.14972573518753052,0.3912685513496399,0.23146745562553406,0.32313066720962524,0.14255182445049286,0.959917426109314,0.07185174524784088,0.7686689496040344,0.4567430913448334,0.4484959840774536,0.5627261400222778,results/20260708_srr_v3_m9_dictionary_fidelity_repair_training/runtime_htzhulab_mirror,results/20260708_srr_v3_m9_dictionary_fidelity_repair_training/runtime_htzhulab_mirror/variants/m9_srr_main_true_br2_pattern_sip/training_log.csv
m9_srr_main_true_br2_pattern_sip,m9_srr_main_true_br2_pattern_sip,3800,soft_roi_refinement,1.4559482336044312,1053.123831228353,m9_srr_main_true_br2_pattern_sip,m9_srr_main_true_br2_pattern_sip,0.10171343386173248,1.4559482336044312,0.0572819747030735,0.24222174286842346,0.12917083501815796,0.0018712980672717094,0.0004558941873256117,0.0018712980672717094,0.3266995847225189,0.0018712980672717094,0.00274840509518981,0.06443499773740768,0.42728230357170105,-0.0,-0.0,1.0,1.0,0.5,1.0,1.0,0.01798621006309986,0.06749565154314041,1.0,0.15102125704288483,0.15102125704288483,2.2993788719177246,baseline_preserving_residual,enabled_crop_soft_roi,enabled_distance_soft_gates,balanced_4scale,16;32;64;128,0.17311669886112213,0.06697113811969757,0.019638950005173683,0.6538733839988708,0.8066727519035339,0.943720281124115,0.16792841255664825,0.14371949434280396,0.0,train_oof_runtime_features_fold0,train_oof_runtime_features_fold0,"Case3039,Case8001",0.10171343386173248,0.0572819747030735,0.24222174286842346,0.3266995847225189,0.3266995847225189,0.4026690721511841,0.4026690721511841,0.06443499773740768,0.42728230357170105,0.0,3.7526330947875977,0.0018712980672717094,0.0004558941873256117,0.00274840509518981,0.00274840509518981,0.12917083501815796,0.12917083501815796,1.026184320449829,-0.0,-0.0,1.4559482336044312,0.9382532238960266,0.3871913552284241,0.6713900566101074,0.40469181537628174,0.4557705521583557,0.4758782386779785,0.9344404935836792,0.21163594722747803,0.6905696988105774,0.4360595941543579,0.4906250238418579,0.536612868309021,0.9572757482528687,0.16895544528961182,0.3408253788948059,0.3055986762046814,0.3256712555885315,0.12202388048171997,0.9083840250968933,0.0751386433839798,0.6329973936080933,0.45226073265075684,0.4196390211582184,0.5063430666923523,results/20260708_srr_v3_m9_dictionary_fidelity_repair_training/runtime_htzhulab_mirror,results/20260708_srr_v3_m9_dictionary_fidelity_repair_training/runtime_htzhulab_mirror/variants/m9_srr_main_true_br2_pattern_sip/training_log.csv
m9_srr_main_true_br2_pattern_sip,m9_srr_main_true_br2_pattern_sip,3850,soft_roi_refinement,1.5257209539413452,1066.573685824871,m9_srr_main_true_br2_pattern_sip,m9_srr_main_true_br2_pattern_sip,0.3002922534942627,1.5257209539413452,0.15471388399600983,0.19404496252536774,0.1096348688006401,0.005455650854855776,-0.0,0.005455650854855776,0.18272671103477478,0.005455650854855776,0.0035452651791274548,0.1823919415473938,0.4399435520172119,-0.0,-0.0,1.0,1.0,1.0,1.0,1.0,0.01798621006309986,0.06721857190132141,1.0,0.14937162399291992,0.14937162399291992,2.2998175621032715,baseline_preserving_residual,enabled_crop_soft_roi,enabled_distance_soft_gates,balanced_4scale,16;32;64;128,0.32842037081718445,0.10436391830444336,0.08340247720479965,0.44800639152526855,0.7800549268722534,0.7979786992073059,0.3085387945175171,0.31161436438560486,0.0,train_oof_runtime_features_fold0,train_oof_runtime_features_fold0,"Case2029,Case3033",0.3002922534942627,0.15471388399600983,0.19404496252536774,0.18272671103477478,0.18272671103477478,0.3462052643299103,0.3462052643299103,0.1823919415473938,0.4399435520172119,0.0,3.7372281551361084,0.005455650854855776,-0.0,0.0035452651791274548,0.0035452651791274548,0.1096348688006401,0.1096348688006401,0.7993600368499756,-0.0,-0.0,1.5257209539413452,0.9887499809265137,0.3803994655609131,0.740023672580719,0.3332435190677643,0.915879487991333,0.5015437602996826,0.9346742630004883,0.19742107391357422,0.6935346126556396,0.4470495581626892,0.9812500476837158,0.5295926332473755,0.9170498251914978,0.17446455359458923,0.503595232963562,0.32112324237823486,0.6786796450614929,0.12610378861427307,0.9887499809265137,0.1441141813993454,0.6799694895744324,0.4673648476600647,0.9038702249526978,0.5592048764228821,results/20260708_srr_v3_m9_dictionary_fidelity_repair_training/runtime_htzhulab_mirror,results/20260708_srr_v3_m9_dictionary_fidelity_repair_training/runtime_htzhulab_mirror/variants/m9_srr_main_true_br2_pattern_sip/training_log.csv
m9_srr_main_true_br2_pattern_sip,m9_srr_main_true_br2_pattern_sip,3900,soft_roi_refinement,1.9127132892608643,1080.1892440877855,m9_srr_main_true_br2_pattern_sip,m9_srr_main_true_br2_pattern_sip,0.6596509218215942,1.9127132892608643,0.13590122759342194,0.07085851579904556,0.09710730612277985,0.009071103297173977,-0.0,0.009071103297173977,0.38203752040863037,0.009071103297173977,0.003055666573345661,0.8443425297737122,0.022633029147982597,-0.0,-0.0,1.0,1.0,1.0,0.5,0.5,0.01798621006309986,0.06724745035171509,1.0,0.20891551673412323,0.20891551673412323,3.115495204925537,baseline_preserving_residual,enabled_crop_soft_roi,enabled_distance_soft_gates,balanced_4scale,16;32;64;128,0.1793001890182495,0.062176935374736786,0.026753854006528854,0.5757873058319092,0.8225798010826111,0.8950589299201965,0.16572320461273193,0.16065283119678497,0.0,train_oof_runtime_features_fold0,train_oof_runtime_features_fold0,"Case3015,Case3042",0.6596509218215942,0.13590122759342194,0.07085851579904556,0.38203752040863037,0.38203752040863037,0.3952033221721649,0.3952033221721649,0.8443425297737122,0.022633029147982597,0.0,3.7388339042663574,0.009071103297173977,-0.0,0.003055666573345661,0.003055666573345661,0.09710730612277985,0.09710730612277985,0.33418962359428406,-0.0,-0.0,1.9127132892608643,0.9488751888275146,0.3839876651763916,0.8195313215255737,0.3286707401275635,0.8722819089889526,0.38516461849212646,0.8938965797424316,0.20319250226020813,0.8512858152389526,0.4618881344795227,0.9816250205039978,0.48145145177841187,0.8736616373062134,0.18862035870552063,0.4467564821243286,0.23450316488742828,0.638270378112793,0.06786125898361206,0.8564313650131226,0.07704053074121475,0.6505329608917236,0.4360879361629486,0.8392539024353027,0.4812445044517517,results/20260708_srr_v3_m9_dictionary_fidelity_repair_training/runtime_htzhulab_mirror,results/20260708_srr_v3_m9_dictionary_fidelity_repair_training/runtime_htzhulab_mirror/variants/m9_srr_main_true_br2_pattern_sip/training_log.csv
m9_srr_main_true_br2_pattern_sip,m9_srr_main_true_br2_pattern_sip,3900,soft_roi_refinement,,1081.0645545786247,m9_srr_main_true_br2_pattern_sip,m9_srr_main_true_br2_pattern_sip,,,,,,,,,,,,,,,,,,,,,,,,,,,,,,,,,,,,,,,,,,,,,,,,,,,,,,,,,,,,,,,,,,,,,,,,,,,,,,,,,,,,,,,,,results/20260708_srr_v3_m9_dictionary_fidelity_repair_training/runtime_htzhulab_mirror,results/20260708_srr_v3_m9_dictionary_fidelity_repair_training/runtime_htzhulab_mirror/variants/m9_srr_main_true_br2_pattern_sip/training_log.csv
m9_srr_main_true_br2_pattern_sip,m9_srr_main_true_br2_pattern_sip,3950,soft_roi_refinement,1.4491523504257202,1095.3826001361012,m9_srr_main_true_br2_pattern_sip,m9_srr_main_true_br2_pattern_sip,0.29759058356285095,1.4491523504257202,0.06263399124145508,0.11038459092378616,0.10295964777469635,0.02572803758084774,0.0004558941873256117,0.02572803758084774,0.4510219991207123,0.02572803758084774,0.00278101465664804,1.1047139167785645,0.26053568720817566,-0.0,-0.0,1.0,1.0,0.5,0.5,0.0,0.01798621006309986,0.06824823468923569,1.0,0.21074648201465607,0.21074648201465607,3.2329907417297363,baseline_preserving_residual,enabled_crop_soft_roi,enabled_distance_soft_gates,balanced_4scale,16;32;64;128,0.2556270658969879,0.08106717467308044,0.06321467459201813,0.4829601049423218,0.7974278330802917,0.7894089221954346,0.22564241290092468,0.1343882828950882,0.0,train_oof_runtime_features_fold0,train_oof_runtime_features_fold0,"Case3005,Case2026",0.29759058356285095,0.06263399124145508,0.11038459092378616,0.4510219991207123,0.4510219991207123,0.18853259086608887,0.18853259086608887,1.1047139167785645,0.26053568720817566,0.0,3.794475793838501,0.02572803758084774,0.0004558941873256117,0.00278101465664804,0.00278101465664804,0.10295964777469635,0.10295964777469635,0.43419551849365234,-0.0,-0.0,1.4491523504257202,0.9913749694824219,0.32068076729774475,0.8369653224945068,0.32320141792297363,0.4581332802772522,0.5016863942146301,0.9656578898429871,0.21877765655517578,0.7041629552841187,0.3514905869960785,0.4906249940395355,0.5392948985099792,0.9359204769134521,0.15764650702476501,0.5196288228034973,0.27950307726860046,0.34539198875427246,0.1425061672925949,0.9591478109359741,0.07145337760448456,0.7589831352233887,0.4621736407279968,0.41555696725845337,0.5080111622810364,results/20260708_srr_v3_m9_dictionary_fidelity_repair_training/runtime_htzhulab_mirror,results/20260708_srr_v3_m9_dictionary_fidelity_repair_training/runtime_htzhulab_mirror/variants/m9_srr_main_true_br2_pattern_sip/training_log.csv
m9_srr_main_true_br2_pattern_sip,m9_srr_main_true_br2_pattern_sip,4000,soft_roi_refinement,1.7412959337234497,1109.1084758965299,m9_srr_main_true_br2_pattern_sip,m9_srr_main_true_br2_pattern_sip,0.31575727462768555,1.7412959337234497,0.19635674357414246,0.27035775780677795,0.10255610197782516,0.00825333222746849,-0.0,0.00825333222746849,0.24217835068702698,0.00825333222746849,0.003477388294413686,0.22628192603588104,0.41743433475494385,-0.0,-0.0,1.0,1.0,1.0,1.0,1.0,0.01798621006309986,0.06754443794488907,1.0,0.17334499955177307,0.17334499955177307,2.679234743118286,baseline_preserving_residual,enabled_crop_soft_roi,enabled_distance_soft_gates,balanced_4scale,16;32;64;128,0.3695880174636841,0.11300886422395706,0.06420335918664932,0.36001962423324585,0.73884117603302,0.8058340549468994,0.33693885803222656,0.3350004255771637,0.0,train_oof_runtime_features_fold0,train_oof_runtime_features_fold0,"Case3033,Case3035",0.31575727462768555,0.19635674357414246,0.27035775780677795,0.24217835068702698,0.24217835068702698,0.3291305899620056,0.3291305899620056,0.22628192603588104,0.41743433475494385,0.0,3.755345582962036,0.00825333222746849,-0.0,0.003477388294413686,0.003477388294413686,0.10255610197782516,0.10255610197782516,0.7722353935241699,-0.0,-0.0,1.7412959337234497,0.9887499809265137,0.3862141966819763,0.7876659035682678,0.375741571187973,0.9170107841491699,0.5580827593803406,0.9350717067718506,0.20331650972366333,0.6856739521026611,0.5233092904090881,0.9812499284744263,0.5411180853843689,0.9079903960227966,0.192511647939682,0.5651200413703918,0.35240253806114197,0.6596317291259766,0.12870101630687714,0.9274812936782837,0.07210023701190948,0.6419010162353516,0.46271514892578125,0.8315001726150513,0.5244083404541016,results/20260708_srr_v3_m9_dictionary_fidelity_repair_training/runtime_htzhulab_mirror,results/20260708_srr_v3_m9_dictionary_fidelity_repair_training/runtime_htzhulab_mirror/variants/m9_srr_main_true_br2_pattern_sip/training_log.csv
m9_srr_main_true_br2_pattern_sip,m9_srr_main_true_br2_pattern_sip,4050,soft_roi_refinement,1.04243004322052,1122.6383557040244,m9_srr_main_true_br2_pattern_sip,m9_srr_main_true_br2_pattern_sip,0.14795427024364471,1.04243004322052,0.07408875226974487,0.07311820238828659,0.09240275621414185,0.008722801692783833,-0.0,0.008722801692783833,0.21483314037322998,0.008722801692783833,0.0029730733949691057,0.44681286811828613,0.07228820025920868,-0.0,-0.0,1.0,1.0,1.0,0.5,0.5,0.01798621006309986,0.06642749160528183,1.0,0.194179967045784,0.194179967045784,2.9176406860351562,baseline_preserving_residual,enabled_crop_soft_roi,enabled_distance_soft_gates,balanced_4scale,16;32;64;128,0.1772136390209198,0.062477171421051025,0.03425282984972,0.5950427651405334,0.8189148902893066,0.8675325512886047,0.16664940118789673,0.1632559448480606,0.0,train_oof_runtime_features_fold0,train_oof_runtime_features_fold0,"Case2019,Case3013",0.14795427024364471,0.07408875226974487,0.07311820238828659,0.21483314037322998,0.21483314037322998,0.3151671886444092,0.3151671886444092,0.44681286811828613,0.07228820025920868,0.0,3.6932456493377686,0.008722801692783833,-0.0,0.0029730733949691057,0.0029730733949691057,0.09240275621414185,0.09240275621414185,0.38591986894607544,-0.0,-0.0,1.04243004322052,0.9485107660293579,0.3853244185447693,0.829763650894165,0.33645808696746826,0.8763868808746338,0.4086161255836487,0.8929891586303711,0.18881864845752716,0.832497775554657,0.538636326789856,0.9816250205039978,0.5114656686782837,0.8558765053749084,0.19264748692512512,0.5452878475189209,0.25804123282432556,0.6185969710350037,0.06930610537528992,0.8641828894615173,0.07194004952907562,0.6711351871490479,0.4469833970069885,0.8014394044876099,0.48115259408950806,results/20260708_srr_v3_m9_dictionary_fidelity_repair_training/runtime_htzhulab_mirror,results/20260708_srr_v3_m9_dictionary_fidelity_repair_training/runtime_htzhulab_mirror/variants/m9_srr_main_true_br2_pattern_sip/training_log.csv
m9_srr_main_true_br2_pattern_sip,m9_srr_main_true_br2_pattern_sip,4100,soft_roi_refinement,1.112159252166748,1136.0510716075078,m9_srr_main_true_br2_pattern_sip,m9_srr_main_true_br2_pattern_sip,0.23353438079357147,1.112159252166748,0.03904302790760994,0.04551054164767265,0.09425082802772522,0.021846653893589973,0.0004558941873256117,0.021846653893589973,0.29276230931282043,0.021846653893589973,0.0019408643711358309,0.4949839413166046,0.08218149840831757,-0.0,-0.0,1.0,1.0,0.5,0.5,0.5,0.01798621006309986,0.06525549292564392,1.0,0.17075292766094208,0.17075292766094208,2.4914512634277344,baseline_preserving_residual,enabled_crop_soft_roi,enabled_distance_soft_gates,balanced_4scale,16;32;64;128,0.10954640805721283,0.04552175849676132,0.015941545367240906,0.7339731454849243,0.8353408575057983,0.9238887429237366,0.10860288143157959,0.07998090237379074,0.0,train_oof_runtime_features_fold0,train_oof_runtime_features_fold0,"Case8035,Case2019",0.23353438079357147,0.03904302790760994,0.04551054164767265,0.29276230931282043,0.29276230931282043,0.29942768812179565,0.29942768812179565,0.4949839413166046,0.08218149840831757,0.0,3.628084897994995,0.021846653893589973,0.0004558941873256117,0.0019408643711358309,0.0019408643711358309,0.09425082802772522,0.09425082802772522,0.27572354674339294,-0.0,-0.0,1.112159252166748,0.8992664813995361,,0.6756716966629028,0.25492674112319946,0.40976837277412415,0.28636401891708374,0.8693008422851562,,0.8273141384124756,0.5412877798080444,0.4910000264644623,0.4715420603752136,0.8951548337936401,,0.4699481129646301,0.13954763114452362,0.2757641673088074,0.006000000052154064,0.8346613645553589,,0.6897193193435669,0.4252864718437195,0.3842693269252777,0.4684731066226959,results/20260708_srr_v3_m9_dictionary_fidelity_repair_training/runtime_htzhulab_mirror,results/20260708_srr_v3_m9_dictionary_fidelity_repair_training/runtime_htzhulab_mirror/variants/m9_srr_main_true_br2_pattern_sip/training_log.csv
m9_srr_main_true_br2_pattern_sip,m9_srr_main_true_br2_pattern_sip,4150,soft_roi_refinement,1.8999019861221313,1149.630344728008,m9_srr_main_true_br2_pattern_sip,m9_srr_main_true_br2_pattern_sip,0.339377760887146,1.8999019861221313,0.13989026844501495,0.20085129141807556,0.10374090820550919,0.04331545531749725,0.0004558941873256117,0.04331545531749725,0.4899945557117462,0.04331545531749725,0.0023726793006062508,1.5150389671325684,0.02199631556868553,-0.0,-0.0,1.0,1.0,0.5,0.0,0.0,0.01798621006309986,0.06790988892316818,1.0,0.23156321048736572,0.23156321048736572,3.525926113128662,baseline_preserving_residual,enabled_crop_soft_roi,enabled_distance_soft_gates,balanced_4scale,16;32;64;128,0.26822134852409363,0.12339752912521362,0.021307650953531265,0.49874329566955566,0.7166123390197754,0.921637773513794,0.2164352983236313,0.08140052855014801,0.0,train_oof_runtime_features_fold0,train_oof_runtime_features_fold0,"Case3013,Case3010",0.339377760887146,0.13989026844501495,0.20085129141807556,0.4899945557117462,0.4899945557117462,0.33143335580825806,0.33143335580825806,1.5150389671325684,0.02199631556868553,0.0,3.7756640911102295,0.04331545531749725,0.0004558941873256117,0.0023726793006062508,0.0023726793006062508,0.10374090820550919,0.10374090820550919,0.6355150938034058,-0.0,-0.0,1.8999019861221313,0.9508662223815918,0.2651755213737488,0.8335602283477783,0.2538447678089142,0.4098082184791565,0.2779427170753479,0.9265886545181274,0.2315782755613327,0.8419702053070068,0.3936188817024231,0.4909999966621399,0.47602415084838867,0.8987725973129272,0.11998327076435089,0.44430118799209595,0.17474859952926636,0.26005709171295166,0.006000000052154064,0.875023603439331,0.05673987418413162,0.8212018013000488,0.4126278758049011,0.3844791352748871,0.45116525888442993,results/20260708_srr_v3_m9_dictionary_fidelity_repair_training/runtime_htzhulab_mirror,results/20260708_srr_v3_m9_dictionary_fidelity_repair_training/runtime_htzhulab_mirror/variants/m9_srr_main_true_br2_pattern_sip/training_log.csv
m9_srr_main_true_br2_pattern_sip,m9_srr_main_true_br2_pattern_sip,4200,soft_roi_refinement,1.2290552854537964,1163.2993513979018,m9_srr_main_true_br2_pattern_sip,m9_srr_main_true_br2_pattern_sip,0.0878492221236229,1.2290552854537964,0.0669591873884201,0.14570914208889008,0.1064961776137352,0.008000749163329601,0.0004558941873256117,0.008000749163329601,0.32403650879859924,0.008000749163329601,0.002437913091853261,0.058043621480464935,0.4582788944244385,-0.0,-0.0,1.0,1.0,0.5,1.0,0.5,0.01798621006309986,0.06711746752262115,1.0,0.15404434502124786,0.15404434502124786,2.330610990524292,baseline_preserving_residual,enabled_crop_soft_roi,enabled_distance_soft_gates,balanced_4scale,16;32;64;128,0.2002256214618683,0.07866638898849487,0.01911122351884842,0.6642016768455505,0.8274780511856079,0.9249629378318787,0.1805223971605301,0.1632186621427536,0.0,train_oof_runtime_features_fold0,train_oof_runtime_features_fold0,"Case1038,Case3022",0.0878492221236229,0.0669591873884201,0.14570914208889008,0.32403650879859924,0.32403650879859924,0.3192141652107239,0.3192141652107239,0.058043621480464935,0.4582788944244385,0.0,3.731606960296631,0.008000749163329601,0.0004558941873256117,0.002437913091853261,0.002437913091853261,0.1064961776137352,0.1064961776137352,0.5081208944320679,-0.0,-0.0,1.2290552854537964,0.9463647603988647,0.3946201205253601,0.6617307662963867,0.33872973918914795,0.4294390082359314,0.49526092410087585,0.927880048751831,0.1868775486946106,0.6391010284423828,0.535313069820404,0.4906250536441803,0.5245404243469238,0.9248808026313782,0.20461225509643555,0.4665645360946655,0.35957732796669006,0.31830406188964844,0.10634049028158188,0.8967869281768799,0.07536926865577698,0.7030417919158936,0.50586998462677,0.41485586762428284,0.5257079005241394,results/20260708_srr_v3_m9_dictionary_fidelity_repair_training/runtime_htzhulab_mirror,results/20260708_srr_v3_m9_dictionary_fidelity_repair_training/runtime_htzhulab_mirror/variants/m9_srr_main_true_br2_pattern_sip/training_log.csv
m9_srr_main_true_br2_pattern_sip,m9_srr_main_true_br2_pattern_sip,4200,soft_roi_refinement,,1164.1698022186756,m9_srr_main_true_br2_pattern_sip,m9_srr_main_true_br2_pattern_sip,,,,,,,,,,,,,,,,,,,,,,,,,,,,,,,,,,,,,,,,,,,,,,,,,,,,,,,,,,,,,,,,,,,,,,,,,,,,,,,,,,,,,,,,,results/20260708_srr_v3_m9_dictionary_fidelity_repair_training/runtime_htzhulab_mirror,results/20260708_srr_v3_m9_dictionary_fidelity_repair_training/runtime_htzhulab_mirror/variants/m9_srr_main_true_br2_pattern_sip/training_log.csv
m9_srr_main_true_br2_pattern_sip,m9_srr_main_true_br2_pattern_sip,4250,soft_roi_refinement,1.135933756828308,1178.16729234159,m9_srr_main_true_br2_pattern_sip,m9_srr_main_true_br2_pattern_sip,0.12654025852680206,1.135933756828308,0.017162134870886803,0.06587279587984085,0.09986000508069992,0.011620252393186092,-0.0,0.011620252393186092,0.321701318025589,0.011620252393186092,0.0034330259077250957,0.11130305379629135,0.3856048882007599,-0.0,-0.0,1.0,1.0,1.0,1.0,0.5,0.01798621006309986,0.06564392149448395,1.0,0.16419477760791779,0.16419477760791779,2.4526522159576416,baseline_preserving_residual,enabled_crop_soft_roi,enabled_distance_soft_gates,balanced_4scale,16;32;64;128,0.12904441356658936,0.03820972889661789,0.02642805129289627,0.6947338581085205,0.8872035145759583,0.9063842296600342,0.13177721202373505,0.13432319462299347,0.0,train_oof_runtime_features_fold0,train_oof_runtime_features_fold0,"Case2029,Case2030",0.12654025852680206,0.017162134870886803,0.06587279587984085,0.321701318025589,0.321701318025589,0.3833944499492645,0.3833944499492645,0.11130305379629135,0.3856048882007599,0.0,3.6496801376342773,0.011620252393186092,-0.0,0.0034330259077250957,0.0034330259077250957,0.09986000508069992,0.09986000508069992,0.17302459478378296,-0.0,-0.0,1.135933756828308,0.9887501001358032,0.3820907473564148,0.8186535239219666,0.39429622888565063,0.8873380422592163,0.5274670124053955,0.9887499809265137,0.25800323486328125,0.6702624559402466,0.5393017530441284,0.9812500476837158,0.5357065796852112,0.8654823303222656,0.20262983441352844,0.5611687898635864,0.34520062804222107,0.5644748210906982,0.10174302756786346,0.9211496114730835,0.0773182213306427,0.701204776763916,0.4866633117198944,0.830950915813446,0.5178162455558777,results/20260708_srr_v3_m9_dictionary_fidelity_repair_training/runtime_htzhulab_mirror,results/20260708_srr_v3_m9_dictionary_fidelity_repair_training/runtime_htzhulab_mirror/variants/m9_srr_main_true_br2_pattern_sip/training_log.csv
m9_srr_main_true_br2_pattern_sip,m9_srr_main_true_br2_pattern_sip,4300,soft_roi_refinement,1.5167790651321411,1191.7484730891883,m9_srr_main_true_br2_pattern_sip,m9_srr_main_true_br2_pattern_sip,0.21241450309753418,1.5167790651321411,0.029702672734856606,0.2529386878013611,0.10797939449548721,0.008343162946403027,0.0004558941873256117,0.008343162946403027,0.35271477699279785,0.008343162946403027,0.0024573495611548424,0.03449640050530434,0.560717761516571,-0.0,-0.0,1.0,1.0,0.5,1.0,0.5,0.01798621006309986,0.0665847659111023,1.0,0.14312885701656342,0.14312885701656342,2.172464609146118,baseline_preserving_residual,enabled_crop_soft_roi,enabled_distance_soft_gates,balanced_4scale,16;32;64;128,0.1484106183052063,0.05496357008814812,0.016504904255270958,0.7018298506736755,0.8381999135017395,0.9395348429679871,0.14348237216472626,0.1253715604543686,0.0,train_oof_runtime_features_fold0,train_oof_runtime_features_fold0,"Case1037,Case3003",0.21241450309753418,0.029702672734856606,0.2529386878013611,0.35271477699279785,0.35271477699279785,0.3412606418132782,0.3412606418132782,0.03449640050530434,0.560717761516571,0.0,3.7019901275634766,0.008343162946403027,0.0004558941873256117,0.0024573495611548424,0.0024573495611548424,0.10797939449548721,0.10797939449548721,0.5075711011886597,-0.0,-0.0,1.5167790651321411,0.9402190446853638,0.39018338918685913,0.678585410118103,0.4014175534248352,0.45370835065841675,0.4681524932384491,0.9388197064399719,0.19124267995357513,0.6615713834762573,0.5272685885429382,0.4906250238418579,0.562966525554657,0.9282090663909912,0.19848492741584778,0.4667333960533142,0.32800233364105225,0.3275437653064728,0.11591139435768127,0.9216802716255188,0.07663820683956146,0.6646932363510132,0.46275025606155396,0.4145169258117676,0.525958240032196,results/20260708_srr_v3_m9_dictionary_fidelity_repair_training/runtime_htzhulab_mirror,results/20260708_srr_v3_m9_dictionary_fidelity_repair_training/runtime_htzhulab_mirror/variants/m9_srr_main_true_br2_pattern_sip/training_log.csv
m9_srr_main_true_br2_pattern_sip,m9_srr_main_true_br2_pattern_sip,4350,soft_roi_refinement,1.998846173286438,1205.1694634687155,m9_srr_main_true_br2_pattern_sip,m9_srr_main_true_br2_pattern_sip,0.35438159108161926,1.998846173286438,0.1671411544084549,0.32842084765434265,0.11385123431682587,0.011524613946676254,0.0004558941873256117,0.011524613946676254,0.31605100631713867,0.011524613946676254,0.002689229790121317,0.9987034797668457,0.24160610139369965,-0.0,-0.0,1.0,1.0,0.5,0.5,0.5,0.01798621006309986,0.06647458672523499,1.0,0.20737774670124054,0.20737774670124054,3.107523202896118,baseline_preserving_residual,enabled_crop_soft_roi,enabled_distance_soft_gates,balanced_4scale,16;32;64;128,0.2570219039916992,0.10577952861785889,0.02768215537071228,0.5007450580596924,0.7219744324684143,0.9053571820259094,0.23854824900627136,0.16337840259075165,0.0,train_oof_runtime_features_fold0,train_oof_runtime_features_fold0,"Case3021,Case3036",0.35438159108161926,0.1671411544084549,0.32842084765434265,0.31605100631713867,0.31605100631713867,0.3826066851615906,0.3826066851615906,0.9987034797668457,0.24160610139369965,0.0,3.695864200592041,0.011524613946676254,0.0004558941873256117,0.002689229790121317,0.002689229790121317,0.11385123431682587,0.11385123431682587,1.1766120195388794,-0.0,-0.0,1.998846173286438,0.9893749952316284,0.388908326625824,0.7310784459114075,0.4054296612739563,0.4277005195617676,0.47662198543548584,0.9392036199569702,0.20213614404201508,0.6364363431930542,0.5403279066085815,0.4906250238418579,0.5825574398040771,0.9486884474754333,0.2226240336894989,0.4171048402786255,0.3534427285194397,0.35412004590034485,0.11022257804870605,0.8826119303703308,0.07891476154327393,0.6307519674301147,0.45361536741256714,0.4201644957065582,0.5206992626190186,results/20260708_srr_v3_m9_dictionary_fidelity_repair_training/runtime_htzhulab_mirror,results/20260708_srr_v3_m9_dictionary_fidelity_repair_training/runtime_htzhulab_mirror/variants/m9_srr_main_true_br2_pattern_sip/training_log.csv
m9_srr_main_true_br2_pattern_sip,m9_srr_main_true_br2_pattern_sip,4400,soft_roi_refinement,1.4178929328918457,1218.945030413568,m9_srr_main_true_br2_pattern_sip,m9_srr_main_true_br2_pattern_sip,0.18744824826717377,1.4178929328918457,0.14389772713184357,0.18068793416023254,0.11496095359325409,0.00680129136890173,0.0004558941873256117,0.00680129136890173,0.23416544497013092,0.00680129136890173,0.002663634717464447,0.13761773705482483,0.630263090133667,-0.0,-0.0,1.0,1.0,0.5,1.0,1.0,0.01798621006309986,0.0656975731253624,1.0,0.12922947108745575,0.12922947108745575,1.9647680521011353,baseline_preserving_residual,enabled_crop_soft_roi,enabled_distance_soft_gates,balanced_4scale,16;32;64;128,0.2197437584400177,0.10226266831159592,0.02809583954513073,0.6030876040458679,0.8073742389678955,0.9018107056617737,0.2098395824432373,0.09779659658670425,0.0,train_oof_runtime_features_fold0,train_oof_runtime_features_fold0,"Case2030,Case1020",0.18744824826717377,0.14389772713184357,0.18068793416023254,0.23416544497013092,0.23416544497013092,0.29702115058898926,0.29702115058898926,0.13761773705482483,0.630263090133667,0.0,3.652663230895996,0.00680129136890173,0.0004558941873256117,0.002663634717464447,0.002663634717464447,0.11496095359325409,0.11496095359325409,0.8855780363082886,-0.0,-0.0,1.4178929328918457,0.9331976175308228,0.3852558434009552,0.6705770492553711,0.39880383014678955,0.4537543058395386,0.4809269309043884,0.9394935965538025,0.20009766519069672,0.6698229312896729,0.5225313901901245,0.4906249940395355,0.5627595782279968,0.9216929078102112,0.18803474307060242,0.4672640264034271,0.34369903802871704,0.3978228271007538,0.19792214035987854,0.8944960832595825,0.0777515098452568,0.6680654287338257,0.4850286543369293,0.41567450761795044,0.5084864497184753,results/20260708_srr_v3_m9_dictionary_fidelity_repair_training/runtime_htzhulab_mirror,results/20260708_srr_v3_m9_dictionary_fidelity_repair_training/runtime_htzhulab_mirror/variants/m9_srr_main_true_br2_pattern_sip/training_log.csv
m9_srr_main_true_br2_pattern_sip,m9_srr_main_true_br2_pattern_sip,4450,soft_roi_refinement,0.8801249265670776,1232.4870655778795,m9_srr_main_true_br2_pattern_sip,m9_srr_main_true_br2_pattern_sip,0.21897752583026886,0.8801249265670776,0.05797233060002327,-0.0,0.13363735377788544,0.001632530358619988,0.0004558941873256117,0.001632530358619988,0.3186170160770416,0.001632530358619988,0.0030059111304581165,0.21849405765533447,0.6427443623542786,-0.0,-0.0,1.0,1.0,0.0,1.0,1.0,0.01798621006309986,0.06589019298553467,1.0,0.08126552402973175,0.08126552402973175,1.2766352891921997,baseline_preserving_residual,enabled_crop_soft_roi,enabled_distance_soft_gates,balanced_4scale,16;32;64;128,0.2609063982963562,0.14675098657608032,0.01019043754786253,0.6293938159942627,0.7565554976463318,0.9594606757164001,0.24271050095558167,0.0,0.0,train_oof_runtime_features_fold0,train_oof_runtime_features_fold0,"Case1030,Case1012",0.21897752583026886,0.05797233060002327,-0.0,0.3186170160770416,0.3186170160770416,-0.0,-0.0,0.21849405765533447,0.6427443623542786,0.0,3.6633729934692383,0.001632530358619988,0.0004558941873256117,0.0030059111304581165,0.0030059111304581165,0.13363735377788544,0.13363735377788544,0.32289236783981323,-0.0,-0.0,0.8801249265670776,0.886599063873291,,0.5203449130058289,,0.0,,0.9425705075263977,,0.6871141195297241,,0.0,,0.9900000095367432,,0.45232129096984863,,0.0,,0.8673087358474731,,0.6668198108673096,,0.0,,results/20260708_srr_v3_m9_dictionary_fidelity_repair_training/runtime_htzhulab_mirror,results/20260708_srr_v3_m9_dictionary_fidelity_repair_training/runtime_htzhulab_mirror/variants/m9_srr_main_true_br2_pattern_sip/training_log.csv
m9_srr_main_true_br2_pattern_sip,m9_srr_main_true_br2_pattern_sip,4500,soft_roi_refinement,1.9433631896972656,1245.9896023953333,m9_srr_main_true_br2_pattern_sip,m9_srr_main_true_br2_pattern_sip,0.618309497833252,1.9433631896972656,0.11969947814941406,0.1758238971233368,0.10279610753059387,0.004058203659951687,0.0004558941873256117,0.004058203659951687,0.29311248660087585,0.004058203659951687,0.0026145009323954582,1.4159834384918213,0.015404224395751953,-0.0,-0.0,1.0,1.0,0.5,0.0,0.0,0.01798621006309986,0.06661082804203033,1.0,0.23157064616680145,0.23157064616680145,3.497267723083496,baseline_preserving_residual,enabled_crop_soft_roi,enabled_distance_soft_gates,balanced_4scale,16;32;64;128,0.2689775228500366,0.08779916167259216,0.05890559405088425,0.4229143559932709,0.7559390664100647,0.7870302796363831,0.2295198142528534,0.10285990685224533,0.0,train_oof_runtime_features_fold0,train_oof_runtime_features_fold0,"Case3021,Case3024",0.618309497833252,0.11969947814941406,0.1758238971233368,0.29311248660087585,0.29311248660087585,0.3762144148349762,0.3762144148349762,1.4159834384918213,0.015404224395751953,0.0,3.7034385204315186,0.004058203659951687,0.0004558941873256117,0.0026145009323954582,0.0026145009323954582,0.10279610753059387,0.10279610753059387,0.5563371181488037,-0.0,-0.0,1.9433631896972656,0.9150760769844055,0.2665497362613678,0.8391390442848206,0.2561761140823364,0.40889179706573486,0.2958378791809082,0.9123958349227905,0.22344449162483215,0.8294796943664551,0.41522344946861267,0.49100005626678467,0.477791965007782,0.8945654034614563,0.10645496100187302,0.499830424785614,0.18546231091022491,0.2888948619365692,0.006000000052154064,0.8500226140022278,0.0060000005178153515,0.7825676202774048,0.4469033479690552,0.3942105174064636,0.4726419448852539,results/20260708_srr_v3_m9_dictionary_fidelity_repair_training/runtime_htzhulab_mirror,results/20260708_srr_v3_m9_dictionary_fidelity_repair_training/runtime_htzhulab_mirror/variants/m9_srr_main_true_br2_pattern_sip/training_log.csv
m9_srr_main_true_br2_pattern_sip,m9_srr_main_true_br2_pattern_sip,4500,soft_roi_refinement,,1246.8657500017434,m9_srr_main_true_br2_pattern_sip,m9_srr_main_true_br2_pattern_sip,,,,,,,,,,,,,,,,,,,,,,,,,,,,,,,,,,,,,,,,,,,,,,,,,,,,,,,,,,,,,,,,,,,,,,,,,,,,,,,,,,,,,,,,,results/20260708_srr_v3_m9_dictionary_fidelity_repair_training/runtime_htzhulab_mirror,results/20260708_srr_v3_m9_dictionary_fidelity_repair_training/runtime_htzhulab_mirror/variants/m9_srr_main_true_br2_pattern_sip/training_log.csv
m9_srr_main_true_br2_pattern_sip,m9_srr_main_true_br2_pattern_sip,4550,soft_roi_refinement,1.471933126449585,1260.8170670354739,m9_srr_main_true_br2_pattern_sip,m9_srr_main_true_br2_pattern_sip,0.6730462312698364,1.471933126449585,0.09848909080028534,-0.0,0.10143426060676575,0.011512180790305138,0.0004558941873256117,0.011512180790305138,0.3925786018371582,0.011512180790305138,0.003239195328205824,0.34768369793891907,0.6421230435371399,-0.0,-0.0,1.0,1.0,0.0,1.0,1.0,0.01798621006309986,0.06683404743671417,1.0,0.097634457051754,0.097634457051754,1.535719871520996,baseline_preserving_residual,enabled_crop_soft_roi,enabled_distance_soft_gates,balanced_4scale,16;32;64;128,0.2117515206336975,0.10793858766555786,0.010793125256896019,0.6727620363235474,0.8090910911560059,0.9639301896095276,0.2004430890083313,0.0,0.0,train_oof_runtime_features_fold0,train_oof_runtime_features_fold0,"Case1013,Case7006",0.6730462312698364,0.09848909080028534,-0.0,0.3925786018371582,0.3925786018371582,-0.0,-0.0,0.34768369793891907,0.6421230435371399,0.0,3.715848922729492,0.011512180790305138,0.0004558941873256117,0.003239195328205824,0.003239195328205824,0.10143426060676575,0.10143426060676575,0.38774317502975464,-0.0,-0.0,1.471933126449585,0.9153112173080444,0.2879686951637268,0.5854563117027283,0.21421277523040771,0.0,,0.9672001600265503,0.16352231800556183,0.6200721263885498,0.1362195461988449,0.0,,0.9919999837875366,0.10829906910657883,0.5265823006629944,0.222434401512146,0.0,,0.907024085521698,0.05629128962755203,0.7443277835845947,0.4553425908088684,0.0,,results/20260708_srr_v3_m9_dictionary_fidelity_repair_training/runtime_htzhulab_mirror,results/20260708_srr_v3_m9_dictionary_fidelity_repair_training/runtime_htzhulab_mirror/variants/m9_srr_main_true_br2_pattern_sip/training_log.csv
m9_srr_main_true_br2_pattern_sip,m9_srr_main_true_br2_pattern_sip,4600,soft_roi_refinement,1.3244863748550415,1274.3819062439725,m9_srr_main_true_br2_pattern_sip,m9_srr_main_true_br2_pattern_sip,0.16065523028373718,1.3244863748550415,0.136347696185112,0.20087189972400665,0.09766127169132233,0.0099552096799016,-0.0,0.0099552096799016,0.1458471268415451,0.0099552096799016,0.0034191678278148174,0.05735532566905022,0.36000221967697144,-0.0,-0.0,1.0,1.0,1.0,1.0,1.0,0.01798621006309986,0.06699944287538528,1.0,0.17140880227088928,0.17140880227088928,2.677384376525879,baseline_preserving_residual,enabled_crop_soft_roi,enabled_distance_soft_gates,balanced_4scale,16;32;64;128,0.3082801103591919,0.12165898084640503,0.05666377767920494,0.44041362404823303,0.7318268418312073,0.8167977333068848,0.287359356880188,0.2843334376811981,0.0,train_oof_runtime_features_fold0,train_oof_runtime_features_fold0,"Case3033,Case3039",0.16065523028373718,0.136347696185112,0.20087189972400665,0.1458471268415451,0.1458471268415451,0.37113454937934875,0.37113454937934875,0.05735532566905022,0.36000221967697144,0.0,3.7250449657440186,0.0099552096799016,-0.0,0.0034191678278148174,0.0034191678278148174,0.09766127169132233,0.09766127169132233,0.6377289295196533,-0.0,-0.0,1.3244863748550415,0.9887499809265137,0.39157772064208984,0.8226951360702515,0.40192705392837524,0.8799734711647034,0.5091780424118042,0.9887501001358032,0.22978824377059937,0.6673498153686523,0.54118412733078,0.9812500476837158,0.5418962836265564,0.9011048078536987,0.17590701580047607,0.6559491157531738,0.3859604597091675,0.768772304058075,0.163356214761734,0.9227093458175659,0.07344946265220642,0.7089732885360718,0.48658984899520874,0.8931439518928528,0.5678173899650574,results/20260708_srr_v3_m9_dictionary_fidelity_repair_training/runtime_htzhulab_mirror,results/20260708_srr_v3_m9_dictionary_fidelity_repair_training/runtime_htzhulab_mirror/variants/m9_srr_main_true_br2_pattern_sip/training_log.csv
m9_srr_main_true_br2_pattern_sip,m9_srr_main_true_br2_pattern_sip,4650,soft_roi_refinement,0.9372113943099976,1287.9905504612252,m9_srr_main_true_br2_pattern_sip,m9_srr_main_true_br2_pattern_sip,0.10608547925949097,0.9372113943099976,0.03788192570209503,0.13883179426193237,0.0909813717007637,0.005146280396729708,-0.0,0.005146280396729708,0.13361778855323792,0.005146280396729708,0.0035283826291561127,0.05671510845422745,0.495713472366333,-0.0,-0.0,1.0,1.0,1.0,1.0,1.0,0.01798621006309986,0.06478284299373627,1.0,0.15200276672840118,0.15200276672840118,2.302318811416626,baseline_preserving_residual,enabled_crop_soft_roi,enabled_distance_soft_gates,balanced_4scale,16;32;64;128,0.22253388166427612,0.06942865997552872,0.056124377995729446,0.6150078773498535,0.8474750518798828,0.8341261744499207,0.20255449414253235,0.2034321129322052,0.0,train_oof_runtime_features_fold0,train_oof_runtime_features_fold0,"Case2006,Case2034",0.10608547925949097,0.03788192570209503,0.13883179426193237,0.13361778855323792,0.13361778855323792,0.24884533882141113,0.24884533882141113,0.05671510845422745,0.495713472366333,0.0,3.6018059253692627,0.005146280396729708,-0.0,0.0035283826291561127,0.0035283826291561127,0.0909813717007637,0.0909813717007637,0.46312862634658813,-0.0,-0.0,0.9372113943099976,0.9887499809265137,0.384931355714798,0.8064441680908203,0.389713317155838,0.8573700189590454,0.5016400814056396,0.9440008401870728,0.19942542910575867,0.6533844470977783,0.5379713773727417,0.9812500476837158,0.5661078691482544,0.8585671186447144,0.1755535900592804,0.5796390771865845,0.36885637044906616,0.7288023829460144,0.1212187185883522,0.921309769153595,0.07998026907444,0.7280526161193848,0.49123409390449524,0.8705049753189087,0.5503977537155151,results/20260708_srr_v3_m9_dictionary_fidelity_repair_training/runtime_htzhulab_mirror,results/20260708_srr_v3_m9_dictionary_fidelity_repair_training/runtime_htzhulab_mirror/variants/m9_srr_main_true_br2_pattern_sip/training_log.csv
m9_srr_main_true_br2_pattern_sip,m9_srr_main_true_br2_pattern_sip,4700,soft_roi_refinement,1.1012694835662842,1301.578819946386,m9_srr_main_true_br2_pattern_sip,m9_srr_main_true_br2_pattern_sip,0.15771076083183289,1.1012694835662842,0.07826226204633713,0.17758668959140778,0.09369707107543945,0.0022487379610538483,-0.0,0.0022487379610538483,0.22336095571517944,0.0022487379610538483,0.003489766037091613,0.06357590854167938,0.3168671727180481,-0.0,-0.0,1.0,1.0,1.0,1.0,1.0,0.01798621006309986,0.06453488022089005,1.0,0.16097155213356018,0.16097155213356018,2.4296715259552,baseline_preserving_residual,enabled_crop_soft_roi,enabled_distance_soft_gates,balanced_4scale,16;32;64;128,0.2329098880290985,0.060832563787698746,0.07228541374206543,0.5587335824966431,0.8450348377227783,0.7992183566093445,0.2226172387599945,0.22691452503204346,0.0,train_oof_runtime_features_fold0,train_oof_runtime_features_fold0,"Case2024,Case2009",0.15771076083183289,0.07826226204633713,0.17758668959140778,0.22336095571517944,0.22336095571517944,0.19669203460216522,0.19669203460216522,0.06357590854167938,0.3168671727180481,0.0,3.588019609451294,0.0022487379610538483,-0.0,0.003489766037091613,0.003489766037091613,0.09369707107543945,0.09369707107543945,0.6267443299293518,-0.0,-0.0,1.1012694835662842,0.9887501001358032,0.3912361264228821,0.7762866020202637,0.35440176725387573,0.8625033497810364,0.5171179175376892,0.9657870531082153,0.17955279350280762,0.6629172563552856,0.5428876876831055,0.9812500476837158,0.5476198792457581,0.877967894077301,0.18224647641181946,0.5571843981742859,0.35401028394699097,0.8141961097717285,0.1971481293439865,0.9281585216522217,0.07411744445562363,0.7257249355316162,0.4885435700416565,0.8786245584487915,0.5471394062042236,results/20260708_srr_v3_m9_dictionary_fidelity_repair_training/runtime_htzhulab_mirror,results/20260708_srr_v3_m9_dictionary_fidelity_repair_training/runtime_htzhulab_mirror/variants/m9_srr_main_true_br2_pattern_sip/training_log.csv
m9_srr_main_true_br2_pattern_sip,m9_srr_main_true_br2_pattern_sip,4750,soft_roi_refinement,1.6878279447555542,1315.088364791125,m9_srr_main_true_br2_pattern_sip,m9_srr_main_true_br2_pattern_sip,0.4708392322063446,1.6878279447555542,0.08572150021791458,0.21373291313648224,0.11155331134796143,0.0013439732138067484,0.0004558941873256117,0.0013439732138067484,0.3808203935623169,0.0013439732138067484,0.0028748330660164356,0.3825460970401764,0.5208578705787659,-0.0,-0.0,1.0,1.0,0.5,1.0,1.0,0.01798621006309986,0.06559538096189499,1.0,0.16629429161548615,0.16629429161548615,2.496311902999878,baseline_preserving_residual,enabled_crop_soft_roi,enabled_distance_soft_gates,balanced_4scale,16;32;64;128,0.16699716448783875,0.06124425679445267,0.047018229961395264,0.6197686195373535,0.8143324851989746,0.8619968295097351,0.1751691699028015,0.13803528249263763,0.0,train_oof_runtime_features_fold0,train_oof_runtime_features_fold0,"Case6002,Case3035",0.4708392322063446,0.08572150021791458,0.21373291313648224,0.3808203935623169,0.3808203935623169,0.17454439401626587,0.17454439401626587,0.3825460970401764,0.5208578705787659,0.0,3.646982192993164,0.0013439732138067484,0.0004558941873256117,0.0028748330660164356,0.0028748330660164356,0.11155331134796143,0.11155331134796143,0.6718602180480957,-0.0,-0.0,1.6878279447555542,0.9913750290870667,0.34172868728637695,0.747279703617096,0.31191104650497437,0.4230419397354126,0.4710673689842224,0.9695541262626648,0.20521295070648193,0.6695342659950256,0.3722675144672394,0.4906250238418579,0.5697460174560547,0.9275718927383423,0.14101335406303406,0.4883579611778259,0.26315611600875854,0.4060032367706299,0.19477280974388123,0.9387483596801758,0.06210015341639519,0.821984052658081,0.4454612135887146,0.4251731336116791,0.5305876731872559,results/20260708_srr_v3_m9_dictionary_fidelity_repair_training/runtime_htzhulab_mirror,results/20260708_srr_v3_m9_dictionary_fidelity_repair_training/runtime_htzhulab_mirror/variants/m9_srr_main_true_br2_pattern_sip/training_log.csv
m9_srr_main_true_br2_pattern_sip,m9_srr_main_true_br2_pattern_sip,4800,soft_roi_refinement,1.024957299232483,1328.6160993240774,m9_srr_main_true_br2_pattern_sip,m9_srr_main_true_br2_pattern_sip,0.14162559807300568,1.024957299232483,0.053497314453125,0.15442530810832977,0.088213711977005,0.0009370936895720661,-0.0,0.0009370936895720661,0.18127603828907013,0.0009370936895720661,0.0034895273856818676,0.08416255563497543,0.4677976667881012,-0.0,-0.0,1.0,1.0,1.0,1.0,1.0,0.01798621006309986,0.06477279961109161,1.0,0.1680031567811966,0.1680031567811966,2.5584092140197754,baseline_preserving_residual,enabled_crop_soft_roi,enabled_distance_soft_gates,balanced_4scale,16;32;64;128,0.2752551734447479,0.08285711705684662,0.06913579255342484,0.4935457110404968,0.8084510564804077,0.7930691242218018,0.2514648139476776,0.2520275413990021,0.0,train_oof_runtime_features_fold0,train_oof_runtime_features_fold0,"Case2006,Case3035",0.14162559807300568,0.053497314453125,0.15442530810832977,0.18127603828907013,0.18127603828907013,0.21536053717136383,0.21536053717136383,0.08416255563497543,0.4677976667881012,0.0,3.601248264312744,0.0009370936895720661,-0.0,0.0034895273856818676,0.0034895273856818676,0.088213711977005,0.088213711977005,0.47742635011672974,-0.0,-0.0,1.024957299232483,0.9887499809265137,0.39019858837127686,0.8136639595031738,0.3953155279159546,0.9017516374588013,0.5333820581436157,0.9673491716384888,0.2203262746334076,0.678400993347168,0.5538655519485474,0.9812500476837158,0.5785626173019409,0.8610727787017822,0.15973198413848877,0.5904102325439453,0.3434677720069885,0.7705866694450378,0.1550351083278656,0.9264346361160278,0.07305577397346497,0.7493674755096436,0.4841349124908447,0.852202296257019,0.5199790596961975,results/20260708_srr_v3_m9_dictionary_fidelity_repair_training/runtime_htzhulab_mirror,results/20260708_srr_v3_m9_dictionary_fidelity_repair_training/runtime_htzhulab_mirror/variants/m9_srr_main_true_br2_pattern_sip/training_log.csv
m9_srr_main_true_br2_pattern_sip,m9_srr_main_true_br2_pattern_sip,4800,soft_roi_refinement,,1329.4847062164918,m9_srr_main_true_br2_pattern_sip,m9_srr_main_true_br2_pattern_sip,,,,,,,,,,,,,,,,,,,,,,,,,,,,,,,,,,,,,,,,,,,,,,,,,,,,,,,,,,,,,,,,,,,,,,,,,,,,,,,,,,,,,,,,,results/20260708_srr_v3_m9_dictionary_fidelity_repair_training/runtime_htzhulab_mirror,results/20260708_srr_v3_m9_dictionary_fidelity_repair_training/runtime_htzhulab_mirror/variants/m9_srr_main_true_br2_pattern_sip/training_log.csv
m9_srr_main_true_br2_pattern_sip,m9_srr_main_true_br2_pattern_sip,4850,soft_roi_refinement,1.9582395553588867,1343.5547235701233,m9_srr_main_true_br2_pattern_sip,m9_srr_main_true_br2_pattern_sip,0.27632254362106323,1.9582395553588867,0.20716767013072968,0.18916268646717072,0.12649011611938477,0.017763445153832436,-0.0,0.017763445153832436,0.41808322072029114,0.017763445153832436,0.003356209024786949,0.1571623682975769,0.44118860363960266,-0.0,-0.0,1.0,1.0,1.0,1.0,0.5,0.01798621006309986,0.06599543988704681,1.0,0.18059119582176208,0.18059119582176208,2.7211484909057617,baseline_preserving_residual,enabled_crop_soft_roi,enabled_distance_soft_gates,balanced_4scale,16;32;64;128,0.2165582925081253,0.06448643654584885,0.0517316497862339,0.6484481692314148,0.864356279373169,0.8870232105255127,0.20130330324172974,0.20284157991409302,0.0,train_oof_runtime_features_fold0,train_oof_runtime_features_fold0,"Case3045,Case3033",0.27632254362106323,0.20716767013072968,0.18916268646717072,0.41808322072029114,0.41808322072029114,0.4994544982910156,0.4994544982910156,0.1571623682975769,0.44118860363960266,0.0,3.6692240238189697,0.017763445153832436,-0.0,0.003356209024786949,0.003356209024786949,0.12649011611938477,0.12649011611938477,0.8309101462364197,-0.0,-0.0,1.9582395553588867,0.9887500405311584,0.3109031319618225,0.7650285959243774,0.34383922815322876,0.8776323795318604,0.4688863456249237,0.9655652046203613,0.2064940631389618,0.6759883761405945,0.5675908923149109,0.9812499284744263,0.560659646987915,0.8662122488021851,0.1857878714799881,0.5539572238922119,0.34232085943222046,0.8079391717910767,0.19078630208969116,0.9247919321060181,0.07240397483110428,0.7473637461662292,0.48249587416648865,0.8548020720481873,0.5291818976402283,results/20260708_srr_v3_m9_dictionary_fidelity_repair_training/runtime_htzhulab_mirror,results/20260708_srr_v3_m9_dictionary_fidelity_repair_training/runtime_htzhulab_mirror/variants/m9_srr_main_true_br2_pattern_sip/training_log.csv
m9_srr_main_true_br2_pattern_sip,m9_srr_main_true_br2_pattern_sip,4900,soft_roi_refinement,1.204140305519104,1357.1378815611824,m9_srr_main_true_br2_pattern_sip,m9_srr_main_true_br2_pattern_sip,0.21308256685733795,1.204140305519104,0.09179943799972534,0.06544537097215652,0.09977036714553833,0.010685809887945652,0.0004558941873256117,0.010685809887945652,0.25774168968200684,0.010685809887945652,0.0025356898549944162,0.5580101609230042,0.16013972461223602,-0.0,-0.0,1.0,1.0,0.5,0.5,0.5,0.01798621006309986,0.06504962593317032,1.0,0.1421993523836136,0.1421993523836136,2.1455647945404053,baseline_preserving_residual,enabled_crop_soft_roi,enabled_distance_soft_gates,balanced_4scale,16;32;64;128,0.20447483658790588,0.11055508255958557,0.024705905467271805,0.656431257724762,0.800723135471344,0.9270505905151367,0.18274150788784027,0.07401637732982635,0.0,train_oof_runtime_features_fold0,train_oof_runtime_features_fold0,"Case1006,Case2010",0.21308256685733795,0.09179943799972534,0.06544537097215652,0.25774168968200684,0.25774168968200684,0.32469773292541504,0.32469773292541504,0.5580101609230042,0.16013972461223602,0.0,3.616638660430908,0.010685809887945652,0.0004558941873256117,0.0025356898549944162,0.0025356898549944162,0.09977036714553833,0.09977036714553833,0.4358130097389221,-0.0,-0.0,1.204140305519104,0.889674186706543,,0.6722599267959595,0.25097689032554626,0.40471726655960083,0.3150809407234192,0.9102978706359863,,0.8224674463272095,0.6113520860671997,0.4910000264644623,0.48418956995010376,0.8737621307373047,,0.39982694387435913,0.143450528383255,0.3086584806442261,0.006000000052154064,0.8365901708602905,,0.7014385461807251,0.4503147602081299,0.4067041873931885,0.4808235764503479,results/20260708_srr_v3_m9_dictionary_fidelity_repair_training/runtime_htzhulab_mirror,results/20260708_srr_v3_m9_dictionary_fidelity_repair_training/runtime_htzhulab_mirror/variants/m9_srr_main_true_br2_pattern_sip/training_log.csv
m9_srr_main_true_br2_pattern_sip,m9_srr_main_true_br2_pattern_sip,4950,soft_roi_refinement,0.9849084615707397,1370.6463145203888,m9_srr_main_true_br2_pattern_sip,m9_srr_main_true_br2_pattern_sip,0.1921044886112213,0.9849084615707397,0.13101370632648468,-0.0,0.0995059460401535,0.004241002723574638,0.0004558941873256117,0.004241002723574638,0.3857196569442749,0.004241002723574638,0.00335275218822062,0.12832215428352356,0.5525325536727905,-0.0,-0.0,1.0,1.0,0.0,1.0,1.0,0.01798621006309986,0.06524737179279327,1.0,0.12845449149608612,0.12845449149608612,1.9371145963668823,baseline_preserving_residual,enabled_crop_soft_roi,enabled_distance_soft_gates,balanced_4scale,16;32;64;128,0.1780572533607483,0.10559960454702377,0.015338760800659657,0.713154137134552,0.803045928478241,0.9530965089797974,0.17296452820301056,0.0,0.0,train_oof_runtime_features_fold0,train_oof_runtime_features_fold0,"Case6006,Case8009",0.1921044886112213,0.13101370632648468,-0.0,0.3857196569442749,0.3857196569442749,-0.0,-0.0,0.12832215428352356,0.5525325536727905,0.0,3.6276328563690186,0.004241002723574638,0.0004558941873256117,0.00335275218822062,0.00335275218822062,0.0995059460401535,0.0995059460401535,0.40852805972099304,-0.0,-0.0,0.9849084615707397,0.904868483543396,0.2931826114654541,0.6081475019454956,0.22255146503448486,0.0,,0.9665080308914185,0.19216188788414001,0.6118787527084351,0.1384493112564087,0.0,,0.9920000433921814,0.0992371141910553,0.4348773956298828,0.19617943465709686,0.0,,0.9099893569946289,0.0627509281039238,0.7718696594238281,0.4249540865421295,0.0,,results/20260708_srr_v3_m9_dictionary_fidelity_repair_training/runtime_htzhulab_mirror,results/20260708_srr_v3_m9_dictionary_fidelity_repair_training/runtime_htzhulab_mirror/variants/m9_srr_main_true_br2_pattern_sip/training_log.csv
m9_srr_main_true_br2_pattern_sip,m9_srr_main_true_br2_pattern_sip,5000,soft_roi_refinement,1.8249808549880981,1384.1305214837193,m9_srr_main_true_br2_pattern_sip,m9_srr_main_true_br2_pattern_sip,0.2240491807460785,1.8249808549880981,0.2698286175727844,0.23813630640506744,0.1171593889594078,0.004027153830975294,-0.0,0.004027153830975294,0.3466196656227112,0.004027153830975294,0.0035784882493317127,0.14025531709194183,0.5933330059051514,-0.0,-0.0,1.0,1.0,1.0,1.0,1.0,0.01798621006309986,0.06559375673532486,1.0,0.14840690791606903,0.14840690791606903,2.2985949516296387,baseline_preserving_residual,enabled_crop_soft_roi,enabled_distance_soft_gates,balanced_4scale,16;32;64;128,0.35215628147125244,0.13674747943878174,0.048960138112306595,0.44593462347984314,0.7290516495704651,0.856881320476532,0.32321661710739136,0.3204532265663147,0.0,train_oof_runtime_features_fold0,train_oof_runtime_features_fold0,"Case2004,Case3020",0.2240491807460785,0.2698286175727844,0.23813630640506744,0.3466196656227112,0.3466196656227112,0.31581416726112366,0.31581416726112366,0.14025531709194183,0.5933330059051514,0.0,3.6468913555145264,0.004027153830975294,-0.0,0.0035784882493317127,0.0035784882493317127,0.1171593889594078,0.1171593889594078,0.8402566313743591,-0.0,-0.0,1.8249808549880981,0.9594624042510986,0.3955886960029602,0.821574330329895,0.4030646085739136,0.8959782123565674,0.5355627536773682,0.9887500405311584,0.17504733800888062,0.582203209400177,0.531844973564148,0.9812500476837158,0.5448272228240967,0.8550007343292236,0.19303222000598907,0.5780353546142578,0.3610403537750244,0.7723779678344727,0.15340806543827057,0.9257552623748779,0.07298403233289719,0.7381612062454224,0.4990111291408539,0.8627790212631226,0.5422513484954834,results/20260708_srr_v3_m9_dictionary_fidelity_repair_training/runtime_htzhulab_mirror,results/20260708_srr_v3_m9_dictionary_fidelity_repair_training/runtime_htzhulab_mirror/variants/m9_srr_main_true_br2_pattern_sip/training_log.csv
m9_srr_main_true_br2_pattern_sip,m9_srr_main_true_br2_pattern_sip,5050,soft_roi_refinement,1.2983055114746094,1397.6298493091017,m9_srr_main_true_br2_pattern_sip,m9_srr_main_true_br2_pattern_sip,0.12442886084318161,1.2983055114746094,0.07447358220815659,0.10716074705123901,0.09109801054000854,0.003924430813640356,-0.0,0.003924430813640356,0.3403938114643097,0.003924430813640356,0.0034842868335545063,0.04337184876203537,0.383729487657547,-0.0,-0.0,1.0,1.0,1.0,1.0,0.5,0.01798621006309986,0.06466847658157349,1.0,0.1749882996082306,0.1749882996082306,2.615466594696045,baseline_preserving_residual,enabled_crop_soft_roi,enabled_distance_soft_gates,balanced_4scale,16;32;64;128,0.18712955713272095,0.0703229308128357,0.01944112777709961,0.6711441278457642,0.8403909802436829,0.9220889210700989,0.17198877036571503,0.1693328619003296,0.0,train_oof_runtime_features_fold0,train_oof_runtime_features_fold0,"Case3019,Case3029",0.12442886084318161,0.07447358220815659,0.10716074705123901,0.3403938114643097,0.3403938114643097,0.4003540277481079,0.4003540277481079,0.04337184876203537,0.383729487657547,0.0,3.5954477787017822,0.003924430813640356,-0.0,0.0034842868335545063,0.0034842868335545063,0.09109801054000854,0.09109801054000854,0.558099627494812,-0.0,-0.0,1.2983055114746094,0.9570439457893372,0.3895776867866516,0.8278510570526123,0.4019900858402252,0.8985974788665771,0.5145652890205383,0.9887500405311584,0.2125122845172882,0.6238649487495422,0.5940124988555908,0.981249988079071,0.5497252941131592,0.8777847290039062,0.198801189661026,0.5913480520248413,0.3573700189590454,0.7213854789733887,0.11658355593681335,0.9221321940422058,0.07376615703105927,0.7412934303283691,0.4878154397010803,0.8643595576286316,0.5395963191986084,results/20260708_srr_v3_m9_dictionary_fidelity_repair_training/runtime_htzhulab_mirror,results/20260708_srr_v3_m9_dictionary_fidelity_repair_training/runtime_htzhulab_mirror/variants/m9_srr_main_true_br2_pattern_sip/training_log.csv
m9_srr_main_true_br2_pattern_sip,m9_srr_main_true_br2_pattern_sip,5100,soft_roi_refinement,1.207970142364502,1411.133094040677,m9_srr_main_true_br2_pattern_sip,m9_srr_main_true_br2_pattern_sip,0.18514873087406158,1.207970142364502,0.11860454082489014,0.14390486478805542,0.09250275045633316,0.009914955124258995,-0.0,0.009914955124258995,0.188376322388649,0.009914955124258995,0.0033766254782676697,0.06500693410634995,0.42374542355537415,-0.0,-0.0,1.0,1.0,1.0,1.0,1.0,0.01798621006309986,0.0649828314781189,1.0,0.1689281463623047,0.1689281463623047,2.5553646087646484,baseline_preserving_residual,enabled_crop_soft_roi,enabled_distance_soft_gates,balanced_4scale,16;32;64;128,0.2302224189043045,0.06600890308618546,0.06148562207818031,0.5355323553085327,0.8216356635093689,0.817216694355011,0.22796927392482758,0.2314058542251587,0.0,train_oof_runtime_features_fold0,train_oof_runtime_features_fold0,"Case3043,Case2025",0.18514873087406158,0.11860454082489014,0.14390486478805542,0.188376322388649,0.188376322388649,0.2785762548446655,0.2785762548446655,0.06500693410634995,0.42374542355537415,0.0,3.6129252910614014,0.009914955124258995,-0.0,0.0033766254782676697,0.0033766254782676697,0.09250275045633316,0.09250275045633316,0.6330702304840088,-0.0,-0.0,1.207970142364502,0.9887499809265137,0.41206422448158264,0.8624937534332275,0.4017961025238037,0.8955814838409424,0.5305211544036865,0.9887500405311584,0.2144915908575058,0.592229962348938,0.5338444709777832,0.981249988079071,0.5348523259162903,0.8879909515380859,0.19354332983493805,0.5992199182510376,0.3638269901275635,0.7151600122451782,0.11804583668708801,0.9195852279663086,0.08309859037399292,0.7558867335319519,0.4848935008049011,0.9095625281333923,0.5328617095947266,results/20260708_srr_v3_m9_dictionary_fidelity_repair_training/runtime_htzhulab_mirror,results/20260708_srr_v3_m9_dictionary_fidelity_repair_training/runtime_htzhulab_mirror/variants/m9_srr_main_true_br2_pattern_sip/training_log.csv
m9_srr_main_true_br2_pattern_sip,m9_srr_main_true_br2_pattern_sip,5100,soft_roi_refinement,,1412.0069608027115,m9_srr_main_true_br2_pattern_sip,m9_srr_main_true_br2_pattern_sip,,,,,,,,,,,,,,,,,,,,,,,,,,,,,,,,,,,,,,,,,,,,,,,,,,,,,,,,,,,,,,,,,,,,,,,,,,,,,,,,,,,,,,,,,results/20260708_srr_v3_m9_dictionary_fidelity_repair_training/runtime_htzhulab_mirror,results/20260708_srr_v3_m9_dictionary_fidelity_repair_training/runtime_htzhulab_mirror/variants/m9_srr_main_true_br2_pattern_sip/training_log.csv
m9_srr_main_true_br2_pattern_sip,m9_srr_main_true_br2_pattern_sip,5150,soft_roi_refinement,1.2973384857177734,1426.0511868642643,m9_srr_main_true_br2_pattern_sip,m9_srr_main_true_br2_pattern_sip,0.16235007345676422,1.2973384857177734,0.070009246468544,0.2553024888038635,0.09644297510385513,0.008379362523555756,0.0004558941873256117,0.008379362523555756,0.17497475445270538,0.008379362523555756,0.002530650934204459,0.13250286877155304,0.5083668231964111,-0.0,-0.0,1.0,1.0,0.5,1.0,1.0,0.01798621006309986,0.06521034985780716,1.0,0.12160545587539673,0.12160545587539673,1.8843799829483032,baseline_preserving_residual,enabled_crop_soft_roi,enabled_distance_soft_gates,balanced_4scale,16;32;64;128,0.2694145441055298,0.1202610433101654,0.04300329089164734,0.5421359539031982,0.7759204506874084,0.8868902325630188,0.2544635534286499,0.13404537737369537,0.0,train_oof_runtime_features_fold0,train_oof_runtime_features_fold0,"Case3003,Case1056",0.16235007345676422,0.070009246468544,0.2553024888038635,0.17497475445270538,0.17497475445270538,0.2909545302391052,0.2909545302391052,0.13250286877155304,0.5083668231964111,0.0,3.625575065612793,0.008379362523555756,0.0004558941873256117,0.002530650934204459,0.002530650934204459,0.09644297510385513,0.09644297510385513,0.8143404722213745,-0.0,-0.0,1.2973384857177734,0.9070402383804321,0.3993529677391052,0.7149221897125244,0.4692534804344177,0.4229618310928345,0.48253148794174194,0.9442153573036194,0.17904257774353027,0.6418424844741821,0.5465251207351685,0.4906250238418579,0.5442765355110168,0.9299733638763428,0.18320149183273315,0.5424033403396606,0.35155045986175537,0.3550533652305603,0.11548341065645218,0.9562304615974426,0.07947095483541489,0.7040736675262451,0.48944520950317383,0.4546368718147278,0.5308236479759216,results/20260708_srr_v3_m9_dictionary_fidelity_repair_training/runtime_htzhulab_mirror,results/20260708_srr_v3_m9_dictionary_fidelity_repair_training/runtime_htzhulab_mirror/variants/m9_srr_main_true_br2_pattern_sip/training_log.csv
m9_srr_main_true_br2_pattern_sip,m9_srr_main_true_br2_pattern_sip,5200,soft_roi_refinement,1.1545289754867554,1439.7611150583252,m9_srr_main_true_br2_pattern_sip,m9_srr_main_true_br2_pattern_sip,0.1735783815383911,1.1545289754867554,0.010126977227628231,0.0348702035844326,0.08153116703033447,0.003273232374340296,-0.0,0.003273232374340296,0.3239588141441345,0.003273232374340296,0.0030190092511475086,0.9259276986122131,0.006908287759870291,-0.0,-0.0,1.0,1.0,1.0,0.5,0.0,0.01798621006309986,0.06386043131351471,1.0,0.20868372917175293,0.20868372917175293,3.053264617919922,baseline_preserving_residual,enabled_crop_soft_roi,enabled_distance_soft_gates,balanced_4scale,16;32;64;128,0.12014368921518326,0.03505371883511543,0.03466571122407913,0.7573131918907166,0.9170841574668884,0.9007163047790527,0.09882070124149323,0.095375657081604,0.0,train_oof_runtime_features_fold0,train_oof_runtime_features_fold0,"Case3035,Case2029",0.1735783815383911,0.010126977227628231,0.0348702035844326,0.3239588141441345,0.3239588141441345,0.40728476643562317,0.40728476643562317,0.9259276986122131,0.006908287759870291,0.0,3.5505220890045166,0.003273232374340296,-0.0,0.0030190092511475086,0.0030190092511475086,0.08153116703033447,0.08153116703033447,0.13786062598228455,-0.0,-0.0,1.1545289754867554,0.9153542518615723,0.3755868077278137,0.8284329771995544,0.33007675409317017,0.8503797650337219,0.43884944915771484,0.8978734612464905,0.1970497965812683,0.7961784601211548,0.5662321448326111,0.9816250205039978,0.5215049982070923,0.825355052947998,0.18848755955696106,0.5795786380767822,0.26344430446624756,0.660590648651123,0.058922380208969116,0.8551209568977356,0.07622254639863968,0.7354140281677246,0.47592368721961975,0.8858752846717834,0.5069781541824341,results/20260708_srr_v3_m9_dictionary_fidelity_repair_training/runtime_htzhulab_mirror,results/20260708_srr_v3_m9_dictionary_fidelity_repair_training/runtime_htzhulab_mirror/variants/m9_srr_main_true_br2_pattern_sip/training_log.csv
m9_srr_main_true_br2_pattern_sip,m9_srr_main_true_br2_pattern_sip,5250,soft_roi_refinement,1.701890468597412,1453.2812959365547,m9_srr_main_true_br2_pattern_sip,m9_srr_main_true_br2_pattern_sip,0.24672996997833252,1.701890468597412,0.17629261314868927,0.2615163326263428,0.10849045217037201,0.010764723643660545,-0.0,0.010764723643660545,0.20146122574806213,0.010764723643660545,0.003500262973830104,0.17614130675792694,0.4924600124359131,-0.0,-0.0,1.0,1.0,1.0,1.0,1.0,0.01798621006309986,0.06569337844848633,1.0,0.15783298015594482,0.15783298015594482,2.444816827774048,baseline_preserving_residual,enabled_crop_soft_roi,enabled_distance_soft_gates,balanced_4scale,16;32;64;128,0.40142822265625,0.1185021921992302,0.07667485624551773,0.3509537875652313,0.7330617308616638,0.7928562760353088,0.36643528938293457,0.3666326701641083,0.0,train_oof_runtime_features_fold0,train_oof_runtime_features_fold0,"Case3033,Case3001",0.24672996997833252,0.17629261314868927,0.2615163326263428,0.20146122574806213,0.20146122574806213,0.426697313785553,0.426697313785553,0.17614130675792694,0.4924600124359131,0.0,3.652430534362793,0.010764723643660545,-0.0,0.003500262973830104,0.003500262973830104,0.10849045217037201,0.10849045217037201,0.8659903407096863,-0.0,-0.0,1.701890468597412,0.9887500405311584,0.3853490650653839,0.8215430378913879,0.3991658091545105,0.8486250042915344,0.4996790885925293,0.9887499809265137,0.16036421060562134,0.6592116355895996,0.6013329029083252,0.9812500476837158,0.520042359828949,0.837875485420227,0.2003975808620453,0.5785796642303467,0.34489402174949646,0.721343457698822,0.10774300247430801,0.9245303869247437,0.0837598666548729,0.7228283882141113,0.49660465121269226,0.9103498458862305,0.5352077484130859,results/20260708_srr_v3_m9_dictionary_fidelity_repair_training/runtime_htzhulab_mirror,results/20260708_srr_v3_m9_dictionary_fidelity_repair_training/runtime_htzhulab_mirror/variants/m9_srr_main_true_br2_pattern_sip/training_log.csv
m9_srr_main_true_br2_pattern_sip,m9_srr_main_true_br2_pattern_sip,5300,soft_roi_refinement,1.4750133752822876,1466.7246153000742,m9_srr_main_true_br2_pattern_sip,m9_srr_main_true_br2_pattern_sip,0.2570246160030365,1.4750133752822876,0.05657218024134636,0.1316838413476944,0.10735217481851578,0.015798795968294144,-0.0,0.015798795968294144,0.3705421984195709,0.015798795968294144,0.0031717983074486256,1.1087846755981445,0.28068023920059204,-0.0,-0.0,1.0,1.0,1.0,0.5,0.5,0.01798621006309986,0.0654950961470604,1.0,0.2104761004447937,0.2104761004447937,3.1659164428710938,baseline_preserving_residual,enabled_crop_soft_roi,enabled_distance_soft_gates,balanced_4scale,16;32;64;128,0.2961224615573883,0.11195655912160873,0.049734823405742645,0.42388492822647095,0.7065200209617615,0.8357136845588684,0.26628953218460083,0.2568398118019104,0.0,train_oof_runtime_features_fold0,train_oof_runtime_features_fold0,"Case3032,Case3006",0.2570246160030365,0.05657218024134636,0.1316838413476944,0.3705421984195709,0.3705421984195709,0.31343597173690796,0.31343597173690796,1.1087846755981445,0.28068023920059204,0.0,3.6414055824279785,0.015798795968294144,-0.0,0.0031717983074486256,0.0031717983074486256,0.10735217481851578,0.10735217481851578,0.4917164146900177,-0.0,-0.0,1.4750133752822876,0.9511585235595703,0.39920783042907715,0.7935123443603516,0.29768192768096924,0.8810804486274719,0.42174214124679565,0.8925231695175171,0.1746833473443985,0.7997068166732788,0.61397784948349,0.981624960899353,0.4802013337612152,0.8134071826934814,0.18793389201164246,0.5034784078598022,0.23322032392024994,0.6615889072418213,0.058101117610931396,0.8694486618041992,0.07578833401203156,0.7327485680580139,0.47279396653175354,0.8488187193870544,0.5218093991279602,results/20260708_srr_v3_m9_dictionary_fidelity_repair_training/runtime_htzhulab_mirror,results/20260708_srr_v3_m9_dictionary_fidelity_repair_training/runtime_htzhulab_mirror/variants/m9_srr_main_true_br2_pattern_sip/training_log.csv
m9_srr_main_true_br2_pattern_sip,m9_srr_main_true_br2_pattern_sip,5350,soft_roi_refinement,1.1396312713623047,1480.1923105018213,m9_srr_main_true_br2_pattern_sip,m9_srr_main_true_br2_pattern_sip,0.1224246695637703,1.1396312713623047,0.01299477368593216,0.004281023982912302,0.06582070142030716,0.004741428419947624,0.0004558941873256117,0.004741428419947624,0.3205071687698364,0.004741428419947624,0.0028134931344538927,0.7727426290512085,0.0039026117883622646,-0.0,-0.0,1.0,1.0,0.5,0.5,0.0,0.01798621006309986,0.06542722135782242,1.0,0.19832833111286163,0.19832833111286163,2.9917657375335693,baseline_preserving_residual,enabled_crop_soft_roi,enabled_distance_soft_gates,balanced_4scale,16;32;64;128,0.13187403976917267,0.03314070776104927,0.046423304826021194,0.7404977083206177,0.9172637462615967,0.8771488666534424,0.10678061097860336,0.012191609479486942,0.0,train_oof_runtime_features_fold0,train_oof_runtime_features_fold0,"Case2029,Case2027",0.1224246695637703,0.01299477368593216,0.004281023982912302,0.3205071687698364,0.3205071687698364,0.5019417405128479,0.5019417405128479,0.7727426290512085,0.0039026117883622646,0.0,3.637632131576538,0.004741428419947624,0.0004558941873256117,0.0028134931344538927,0.0028134931344538927,0.06582070142030716,0.06582070142030716,0.1413884162902832,-0.0,-0.0,1.1396312713623047,0.9913749694824219,0.32385966181755066,0.8044369220733643,0.32879817485809326,0.4463697075843811,0.48289191722869873,0.9697986841201782,0.19404762983322144,0.6313676238059998,0.39044976234436035,0.4906250238418579,0.5027402639389038,0.9124757051467896,0.161638081073761,0.5475943088531494,0.23169344663619995,0.40683919191360474,0.19671621918678284,0.9600547552108765,0.06556619703769684,0.7839752435684204,0.475898414850235,0.43387436866760254,0.5494217872619629,results/20260708_srr_v3_m9_dictionary_fidelity_repair_training/runtime_htzhulab_mirror,results/20260708_srr_v3_m9_dictionary_fidelity_repair_training/runtime_htzhulab_mirror/variants/m9_srr_main_true_br2_pattern_sip/training_log.csv
m9_srr_main_true_br2_pattern_sip,m9_srr_main_true_br2_pattern_sip,5400,soft_roi_refinement,0.7427375316619873,1493.6952748857439,m9_srr_main_true_br2_pattern_sip,m9_srr_main_true_br2_pattern_sip,0.24319972097873688,0.7427375316619873,0.07729656994342804,-0.0,0.09670466184616089,0.0022500271443277597,0.0004558941873256117,0.0022500271443277597,0.21103383600711823,0.0022500271443277597,0.003201865591108799,0.2748601734638214,0.2589331269264221,-0.0,-0.0,1.0,1.0,0.0,0.5,0.5,0.01798621006309986,0.06590121984481812,1.0,0.14310382306575775,0.14310382306575775,2.240006923675537,baseline_preserving_residual,enabled_crop_soft_roi,enabled_distance_soft_gates,balanced_4scale,16;32;64;128,0.27278557419776917,0.11527781933546066,0.05211171507835388,0.48704320192337036,0.7634212374687195,0.8225142955780029,0.2483067810535431,0.0,0.0,train_oof_runtime_features_fold0,train_oof_runtime_features_fold0,"Case3035,Case1071",0.24319972097873688,0.07729656994342804,-0.0,0.21103383600711823,0.21103383600711823,-0.0,-0.0,0.2748601734638214,0.2589331269264221,0.0,3.6639859676361084,0.0022500271443277597,0.0004558941873256117,0.003201865591108799,0.003201865591108799,0.09670466184616089,0.09670466184616089,0.3277503550052643,-0.0,-0.0,0.7427375316619873,0.9134963154792786,0.2774665355682373,0.6405873894691467,0.25462812185287476,0.0,,0.9703962802886963,0.2181566208600998,0.6532009840011597,0.2188427448272705,0.0,,0.9920000433921814,0.11935031414031982,0.4955022633075714,0.18774990737438202,0.0,,0.9366013407707214,0.057061415165662766,0.747414767742157,0.40673691034317017,0.0,,results/20260708_srr_v3_m9_dictionary_fidelity_repair_training/runtime_htzhulab_mirror,results/20260708_srr_v3_m9_dictionary_fidelity_repair_training/runtime_htzhulab_mirror/variants/m9_srr_main_true_br2_pattern_sip/training_log.csv
m9_srr_main_true_br2_pattern_sip,m9_srr_main_true_br2_pattern_sip,5400,soft_roi_refinement,,1494.5725251296535,m9_srr_main_true_br2_pattern_sip,m9_srr_main_true_br2_pattern_sip,,,,,,,,,,,,,,,,,,,,,,,,,,,,,,,,,,,,,,,,,,,,,,,,,,,,,,,,,,,,,,,,,,,,,,,,,,,,,,,,,,,,,,,,,results/20260708_srr_v3_m9_dictionary_fidelity_repair_training/runtime_htzhulab_mirror,results/20260708_srr_v3_m9_dictionary_fidelity_repair_training/runtime_htzhulab_mirror/variants/m9_srr_main_true_br2_pattern_sip/training_log.csv
m9_srr_main_true_br2_pattern_sip,m9_srr_main_true_br2_pattern_sip,5450,low_lr_calibration,0.7914881706237793,1508.5005005598068,m9_srr_main_true_br2_pattern_sip,m9_srr_main_true_br2_pattern_sip,0.13653382658958435,0.7914881706237793,0.03859631344676018,-0.0,0.09549599885940552,0.00045779746142216027,0.0004558941873256117,0.00045779746142216027,0.3660424053668976,0.00045779746142216027,0.0030912819784134626,0.08240542560815811,0.6428439021110535,-0.0,-0.0,1.0,1.0,0.0,1.0,1.0,0.01798621006309986,0.06484617292881012,1.0,0.0953405499458313,0.0953405499458313,1.4611272811889648,baseline_preserving_residual,enabled_crop_soft_roi,enabled_distance_soft_gates,balanced_4scale,16;32;64;128,0.07671370357275009,0.05052316561341286,0.0009258162463083863,0.8682238459587097,0.9044724702835083,0.9962748885154724,0.07917720079421997,0.0,0.0,train_oof_runtime_features_fold0,train_oof_runtime_features_fold0,"Case1058,Case1037",0.13653382658958435,0.03859631344676018,-0.0,0.3660424053668976,0.3660424053668976,-0.0,-0.0,0.08240542560815811,0.6428439021110535,0.0,3.6053266525268555,0.00045779746142216027,0.0004558941873256117,0.0030912819784134626,0.0030912819784134626,0.09549599885940552,0.09549599885940552,0.17560625076293945,-0.0,-0.0,0.7914881706237793,0.888251781463623,,0.5198187232017517,,0.0,,0.9483115673065186,,0.6477001905441284,,0.0,,0.9900000095367432,,0.41738566756248474,,0.0,,0.8901532888412476,,0.6532472372055054,,0.0,,results/20260708_srr_v3_m9_dictionary_fidelity_repair_training/runtime_htzhulab_mirror,results/20260708_srr_v3_m9_dictionary_fidelity_repair_training/runtime_htzhulab_mirror/variants/m9_srr_main_true_br2_pattern_sip/training_log.csv
m9_srr_main_true_br2_pattern_sip,m9_srr_main_true_br2_pattern_sip,5500,low_lr_calibration,1.2418513298034668,1521.978528062813,m9_srr_main_true_br2_pattern_sip,m9_srr_main_true_br2_pattern_sip,0.14587602019309998,1.2418513298034668,0.12126774340867996,0.20346035063266754,0.094790980219841,0.005949702113866806,0.0004558941873256117,0.005949702113866806,0.2583165764808655,0.005949702113866806,0.0024460875429213047,0.10197792202234268,0.3354635238647461,-0.0,-0.0,1.0,1.0,0.5,1.0,1.0,0.01798621006309986,0.06421277672052383,1.0,0.1520310342311859,0.1520310342311859,2.2651445865631104,baseline_preserving_residual,enabled_crop_soft_roi,enabled_distance_soft_gates,balanced_4scale,16;32;64;128,0.18722569942474365,0.08598864823579788,0.01760193333029747,0.6266448497772217,0.8035300970077515,0.9375426769256592,0.18779467046260834,0.11278581619262695,0.0,train_oof_runtime_features_fold0,train_oof_runtime_features_fold0,"Case1014,Case3003",0.14587602019309998,0.12126774340867996,0.20346035063266754,0.2583165764808655,0.2583165764808655,0.21201293170452118,0.21201293170452118,0.10197792202234268,0.3354635238647461,0.0,3.5701117515563965,0.005949702113866806,0.0004558941873256117,0.0024460875429213047,0.0024460875429213047,0.094790980219841,0.094790980219841,0.6653960347175598,-0.0,-0.0,1.2418513298034668,0.9403063654899597,0.39957666397094727,0.6766082644462585,0.409023255109787,0.44881391525268555,0.48093241453170776,0.9457730650901794,0.18077309429645538,0.6372534036636353,0.5692826509475708,0.4906250238418579,0.49915677309036255,0.9151315093040466,0.20716038346290588,0.5595736503601074,0.26631250977516174,0.4056175947189331,0.20128749310970306,0.9045316576957703,0.07559337466955185,0.7097047567367554,0.4920487403869629,0.4346051812171936,0.5572766661643982,results/20260708_srr_v3_m9_dictionary_fidelity_repair_training/runtime_htzhulab_mirror,results/20260708_srr_v3_m9_dictionary_fidelity_repair_training/runtime_htzhulab_mirror/variants/m9_srr_main_true_br2_pattern_sip/training_log.csv
m9_srr_main_true_br2_pattern_sip,m9_srr_main_true_br2_pattern_sip,5550,low_lr_calibration,1.0636926889419556,1535.3769220607355,m9_srr_main_true_br2_pattern_sip,m9_srr_main_true_br2_pattern_sip,0.12157995998859406,1.0636926889419556,0.043826811015605927,0.08997546136379242,0.09586884081363678,0.0030963753815740347,0.0004558941873256117,0.0030963753815740347,0.23015666007995605,0.0030963753815740347,0.002473322208970785,0.10338923335075378,0.3319743871688843,-0.0,-0.0,1.0,1.0,0.5,1.0,1.0,0.01798621006309986,0.06375807523727417,1.0,0.09660731256008148,0.09660731256008148,1.4616755247116089,baseline_preserving_residual,enabled_crop_soft_roi,enabled_distance_soft_gates,balanced_4scale,16;32;64;128,0.14201143383979797,0.08242427557706833,0.0069295065477490425,0.754462480545044,0.8479674458503723,0.964177668094635,0.14050371944904327,0.07101354002952576,0.0,train_oof_runtime_features_fold0,train_oof_runtime_features_fold0,"Case2013,Case1077",0.12157995998859406,0.043826811015605927,0.08997546136379242,0.23015666007995605,0.23015666007995605,0.35228341817855835,0.35228341817855835,0.10338923335075378,0.3319743871688843,0.0,3.544830799102783,0.0030963753815740347,0.0004558941873256117,0.002473322208970785,0.002473322208970785,0.09586884081363678,0.09586884081363678,0.32232481241226196,-0.0,-0.0,1.0636926889419556,0.9321732521057129,0.40328270196914673,0.6641676425933838,0.41096800565719604,0.4487937092781067,0.4936670660972595,0.9475404620170593,0.1725446581840515,0.632912278175354,0.5679898858070374,0.4906250238418579,0.49801307916641235,0.9359257221221924,0.2134755402803421,0.5662716627120972,0.2676123082637787,0.4486616849899292,0.28399327397346497,0.9019059538841248,0.07649170607328415,0.7071945667266846,0.49469417333602905,0.4352896809577942,0.5551963448524475,results/20260708_srr_v3_m9_dictionary_fidelity_repair_training/runtime_htzhulab_mirror,results/20260708_srr_v3_m9_dictionary_fidelity_repair_training/runtime_htzhulab_mirror/variants/m9_srr_main_true_br2_pattern_sip/training_log.csv
m9_srr_main_true_br2_pattern_sip,m9_srr_main_true_br2_pattern_sip,5600,low_lr_calibration,0.9698786735534668,1548.752725112252,m9_srr_main_true_br2_pattern_sip,m9_srr_main_true_br2_pattern_sip,0.2274782359600067,0.9698786735534668,0.11407693475484848,-0.0,0.10162269324064255,0.00803878903388977,0.0004558941873256117,0.00803878903388977,0.3747021555900574,0.00803878903388977,0.0033526753541082144,0.6144680380821228,0.23063458502292633,-0.0,-0.0,1.0,1.0,0.0,0.5,0.5,0.01798621006309986,0.06468723714351654,1.0,0.1432468295097351,0.1432468295097351,2.1854639053344727,baseline_preserving_residual,enabled_crop_soft_roi,enabled_distance_soft_gates,balanced_4scale,16;32;64;128,0.2350824475288391,0.13510796427726746,0.021953852847218513,0.6381245255470276,0.779329776763916,0.9302845597267151,0.20833612978458405,0.0,0.0,train_oof_runtime_features_fold0,train_oof_runtime_features_fold0,"Case2004,Case1079",0.2274782359600067,0.11407693475484848,-0.0,0.3747021555900574,0.3747021555900574,-0.0,-0.0,0.6144680380821228,0.23063458502292633,0.0,3.5964906215667725,0.00803878903388977,0.0004558941873256117,0.0033526753541082144,0.0033526753541082144,0.10162269324064255,0.10162269324064255,0.33742064237594604,-0.0,-0.0,0.9698786735534668,0.9173362255096436,0.2734676003456116,0.643477201461792,0.2576855719089508,0.0,,0.9529541730880737,0.20996201038360596,0.6552658081054688,0.2084818184375763,0.0,,0.9919999837875366,0.11858494579792023,0.4803130030632019,0.19034013152122498,0.0,,0.9148738384246826,0.0562695674598217,0.7458246350288391,0.4190799593925476,0.0,,results/20260708_srr_v3_m9_dictionary_fidelity_repair_training/runtime_htzhulab_mirror,results/20260708_srr_v3_m9_dictionary_fidelity_repair_training/runtime_htzhulab_mirror/variants/m9_srr_main_true_br2_pattern_sip/training_log.csv
m9_srr_main_true_br2_pattern_sip,m9_srr_main_true_br2_pattern_sip,5650,low_lr_calibration,0.7855185866355896,1562.2445832900703,m9_srr_main_true_br2_pattern_sip,m9_srr_main_true_br2_pattern_sip,0.19764801859855652,0.7855185866355896,0.06365714967250824,-0.0,0.09552981704473495,0.00095367367612198,0.0004558941873256117,0.00095367367612198,0.2742350399494171,0.00095367367612198,0.0033565883059054613,0.4645356833934784,0.4001121520996094,-0.0,-0.0,1.0,1.0,0.0,0.5,0.5,0.01798621006309986,0.06517301499843597,1.0,0.14184358716011047,0.14184358716011047,2.171598434448242,baseline_preserving_residual,enabled_crop_soft_roi,enabled_distance_soft_gates,balanced_4scale,16;32;64;128,0.1906142383813858,0.09080742299556732,0.02917935699224472,0.6376639604568481,0.8216707706451416,0.8909047245979309,0.17806527018547058,0.0,0.0,train_oof_runtime_features_fold0,train_oof_runtime_features_fold0,"Case2009,Case1030",0.19764801859855652,0.06365714967250824,-0.0,0.2742350399494171,0.2742350399494171,-0.0,-0.0,0.4645356833934784,0.4001121520996094,0.0,3.6234989166259766,0.00095367367612198,0.0004558941873256117,0.0033565883059054613,0.0033565883059054613,0.09552981704473495,0.09552981704473495,0.21249490976333618,-0.0,-0.0,0.7855185866355896,0.9356433153152466,0.28318995237350464,0.6413110494613647,0.25844448804855347,0.0,,0.9550470113754272,0.21662330627441406,0.6542508602142334,0.20601823925971985,0.0,,0.9920000433921814,0.11855524033308029,0.46146702766418457,0.18998020887374878,0.0,,0.939271092414856,0.05045150965452194,0.7443561553955078,0.4212745428085327,0.0,,results/20260708_srr_v3_m9_dictionary_fidelity_repair_training/runtime_htzhulab_mirror,results/20260708_srr_v3_m9_dictionary_fidelity_repair_training/runtime_htzhulab_mirror/variants/m9_srr_main_true_br2_pattern_sip/training_log.csv
m9_srr_main_true_br2_pattern_sip,m9_srr_main_true_br2_pattern_sip,5700,low_lr_calibration,1.362350344657898,1575.7267788983881,m9_srr_main_true_br2_pattern_sip,m9_srr_main_true_br2_pattern_sip,0.04968104511499405,1.362350344657898,0.08217673003673553,0.24904067814350128,0.09398452192544937,0.003289834363386035,0.0004558941873256117,0.003289834363386035,0.43207108974456787,0.003289834363386035,0.002704185899347067,0.026322124525904655,0.3115505278110504,-0.0,-0.0,1.0,1.0,0.5,1.0,0.5,0.01798621006309986,0.06399250775575638,1.0,0.179709330201149,0.179709330201149,2.6381022930145264,baseline_preserving_residual,enabled_crop_soft_roi,enabled_distance_soft_gates,balanced_4scale,16;32;64;128,0.096915602684021,0.04167075827717781,0.005881284363567829,0.7805181741714478,0.8866898417472839,0.9741048812866211,0.09742987900972366,0.09311562776565552,0.0,train_oof_runtime_features_fold0,train_oof_runtime_features_fold0,"Case3002,Case8031",0.04968104511499405,0.08217673003673553,0.24904067814350128,0.43207108974456787,0.43207108974456787,0.2636457085609436,0.2636457085609436,0.026322124525904655,0.3115505278110504,0.0,3.5578646659851074,0.003289834363386035,0.0004558941873256117,0.002704185899347067,0.002704185899347067,0.09398452192544937,0.09398452192544937,0.4582553505897522,-0.0,-0.0,1.362350344657898,0.9473180174827576,0.4007713794708252,0.7248288989067078,0.47162848711013794,0.4487636089324951,0.4891832768917084,0.948029637336731,0.1914484053850174,0.6376374959945679,0.5686786770820618,0.49062496423721313,0.5210406184196472,0.9150283336639404,0.2019406110048294,0.4873587489128113,0.3409242033958435,0.3596290349960327,0.11914181709289551,0.9115607142448425,0.0758628398180008,0.6981193423271179,0.49529701471328735,0.4360707700252533,0.5692148208618164,results/20260708_srr_v3_m9_dictionary_fidelity_repair_training/runtime_htzhulab_mirror,results/20260708_srr_v3_m9_dictionary_fidelity_repair_training/runtime_htzhulab_mirror/variants/m9_srr_main_true_br2_pattern_sip/training_log.csv
m9_srr_main_true_br2_pattern_sip,m9_srr_main_true_br2_pattern_sip,5700,low_lr_calibration,,1576.6043317923322,m9_srr_main_true_br2_pattern_sip,m9_srr_main_true_br2_pattern_sip,,,,,,,,,,,,,,,,,,,,,,,,,,,,,,,,,,,,,,,,,,,,,,,,,,,,,,,,,,,,,,,,,,,,,,,,,,,,,,,,,,,,,,,,,results/20260708_srr_v3_m9_dictionary_fidelity_repair_training/runtime_htzhulab_mirror,results/20260708_srr_v3_m9_dictionary_fidelity_repair_training/runtime_htzhulab_mirror/variants/m9_srr_main_true_br2_pattern_sip/training_log.csv
m9_srr_main_true_br2_pattern_sip,m9_srr_main_true_br2_pattern_sip,5750,low_lr_calibration,1.2349319458007812,1590.5757893491536,m9_srr_main_true_br2_pattern_sip,m9_srr_main_true_br2_pattern_sip,0.17962495982646942,1.2349319458007812,0.029483649879693985,0.06875228881835938,0.09338843822479248,0.009308870881795883,-0.0,0.009308870881795883,0.31898874044418335,0.009308870881795883,0.0031792502850294113,1.2180851697921753,0.2006690502166748,-0.0,-0.0,1.0,1.0,1.0,0.5,0.5,0.01798621006309986,0.06399934738874435,1.0,0.19574829936027527,0.19574829936027527,2.8492891788482666,baseline_preserving_residual,enabled_crop_soft_roi,enabled_distance_soft_gates,balanced_4scale,16;32;64;128,0.1898089498281479,0.05540439113974571,0.057116296142339706,0.6350917220115662,0.8570148944854736,0.8503842353820801,0.1885051727294922,0.19175268709659576,0.0,train_oof_runtime_features_fold0,train_oof_runtime_features_fold0,"Case3007,Case3009",0.17962495982646942,0.029483649879693985,0.06875228881835938,0.31898874044418335,0.31898874044418335,0.33975839614868164,0.33975839614868164,1.2180851697921753,0.2006690502166748,0.0,3.5582451820373535,0.009308870881795883,-0.0,0.0031792502850294113,0.0031792502850294113,0.09338843822479248,0.09338843822479248,0.27172306180000305,-0.0,-0.0,1.2349319458007812,0.9520243406295776,0.38041216135025024,0.8366378545761108,0.34155386686325073,0.887387752532959,0.42205172777175903,0.8972333073616028,0.1719430834054947,0.7740563750267029,0.578251838684082,0.981624960899353,0.48412397503852844,0.7836201190948486,0.2026093602180481,0.5479809641838074,0.24372196197509766,0.6664878129959106,0.06248192489147186,0.8735972046852112,0.07260876148939133,0.7514140605926514,0.46682214736938477,0.8557317852973938,0.5556261539459229,results/20260708_srr_v3_m9_dictionary_fidelity_repair_training/runtime_htzhulab_mirror,results/20260708_srr_v3_m9_dictionary_fidelity_repair_training/runtime_htzhulab_mirror/variants/m9_srr_main_true_br2_pattern_sip/training_log.csv
m9_srr_main_true_br2_pattern_sip,m9_srr_main_true_br2_pattern_sip,5800,low_lr_calibration,1.1278139352798462,1604.10395000875,m9_srr_main_true_br2_pattern_sip,m9_srr_main_true_br2_pattern_sip,0.14277063310146332,1.1278139352798462,0.08028138428926468,0.1036040186882019,0.09474250674247742,0.004812805447727442,-0.0,0.004812805447727442,0.2554749846458435,0.004812805447727442,0.003214671742171049,0.42825379967689514,0.06267640739679337,-0.0,-0.0,1.0,1.0,1.0,0.5,0.5,0.01798621006309986,0.06378111243247986,1.0,0.18775050342082977,0.18775050342082977,2.8051929473876953,baseline_preserving_residual,enabled_crop_soft_roi,enabled_distance_soft_gates,balanced_4scale,16;32;64;128,0.22253768146038055,0.06870265305042267,0.06357476860284805,0.5512000322341919,0.8184119462966919,0.8048743009567261,0.20451761782169342,0.2024737000465393,0.0,train_oof_runtime_features_fold0,train_oof_runtime_features_fold0,"Case2032,Case3013",0.14277063310146332,0.08028138428926468,0.1036040186882019,0.2554749846458435,0.2554749846458435,0.3209480047225952,0.3209480047225952,0.42825379967689514,0.06267640739679337,0.0,3.546111822128296,0.004812805447727442,-0.0,0.003214671742171049,0.003214671742171049,0.09474250674247742,0.09474250674247742,0.4625425934791565,-0.0,-0.0,1.1278139352798462,0.9183699488639832,0.40165162086486816,0.8379495143890381,0.3393498361110687,0.8856954574584961,0.43234485387802124,0.8980227708816528,0.17720530927181244,0.7762376070022583,0.5852878093719482,0.9816250801086426,0.48840415477752686,0.7842559814453125,0.20542481541633606,0.5335947871208191,0.2375643402338028,0.7068648338317871,0.10335173457860947,0.8751481771469116,0.07580002397298813,0.7559385299682617,0.4646613895893097,0.8538888692855835,0.5430562496185303,results/20260708_srr_v3_m9_dictionary_fidelity_repair_training/runtime_htzhulab_mirror,results/20260708_srr_v3_m9_dictionary_fidelity_repair_training/runtime_htzhulab_mirror/variants/m9_srr_main_true_br2_pattern_sip/training_log.csv
m9_srr_main_true_br2_pattern_sip,m9_srr_main_true_br2_pattern_sip,5850,low_lr_calibration,2.6025078296661377,1617.737295809202,m9_srr_main_true_br2_pattern_sip,m9_srr_main_true_br2_pattern_sip,0.9902061820030212,2.6025078296661377,0.10811200737953186,0.2767902612686157,0.10736292600631714,0.02954298071563244,0.0004558941873256117,0.02954298071563244,0.401017963886261,0.02954298071563244,0.0026989509351551533,1.0626078844070435,0.35518747568130493,-0.0,-0.0,1.0,1.0,0.5,0.5,0.5,0.01798621006309986,0.0648367702960968,1.0,0.2115117907524109,0.2115117907524109,3.1460773944854736,baseline_preserving_residual,enabled_crop_soft_roi,enabled_distance_soft_gates,balanced_4scale,16;32;64;128,0.20977981388568878,0.0906226634979248,0.01751921884715557,0.5745030641555786,0.7850086092948914,0.9133681654930115,0.19008052349090576,0.1147594302892685,0.0,train_oof_runtime_features_fold0,train_oof_runtime_features_fold0,"Case2019,Case3013",0.9902061820030212,0.10811200737953186,0.2767902612686157,0.401017963886261,0.401017963886261,0.39717260003089905,0.39717260003089905,1.0626078844070435,0.35518747568130493,0.0,3.604804277420044,0.02954298071563244,0.0004558941873256117,0.0026989509351551533,0.0026989509351551533,0.10736292600631714,0.10736292600631714,0.5979635119438171,-0.0,-0.0,2.6025078296661377,0.9893750548362732,0.40597695112228394,0.7369810938835144,0.4111156761646271,0.448662132024765,0.4853011667728424,0.9463636875152588,0.18540675938129425,0.6398336291313171,0.5705570578575134,0.4906250238418579,0.5072500109672546,0.916051983833313,0.20328845083713531,0.42852646112442017,0.32403403520584106,0.3644903302192688,0.1180870532989502,0.9098266363143921,0.07349386066198349,0.7010884284973145,0.493807315826416,0.4368894100189209,0.5571765899658203,results/20260708_srr_v3_m9_dictionary_fidelity_repair_training/runtime_htzhulab_mirror,results/20260708_srr_v3_m9_dictionary_fidelity_repair_training/runtime_htzhulab_mirror/variants/m9_srr_main_true_br2_pattern_sip/training_log.csv
m9_srr_main_true_br2_pattern_sip,m9_srr_main_true_br2_pattern_sip,5900,low_lr_calibration,1.1603248119354248,1631.2064558407292,m9_srr_main_true_br2_pattern_sip,m9_srr_main_true_br2_pattern_sip,0.19479507207870483,1.1603248119354248,0.0774257630109787,0.11753755062818527,0.09652093052864075,0.0016199800884351134,-0.0,0.0016199800884351134,0.21608006954193115,0.0016199800884351134,0.003541559213772416,0.09921154379844666,0.4378567636013031,-0.0,-0.0,1.0,1.0,1.0,1.0,1.0,0.01798621006309986,0.06413794308900833,1.0,0.17487724125385284,0.17487724125385284,2.6177139282226562,baseline_preserving_residual,enabled_crop_soft_roi,enabled_distance_soft_gates,balanced_4scale,16;32;64;128,0.26756390929222107,0.0866166204214096,0.05885976925492287,0.4856848120689392,0.7786164283752441,0.8082491159439087,0.252498984336853,0.2518129050731659,0.0,train_oof_runtime_features_fold0,train_oof_runtime_features_fold0,"Case2021,Case3013",0.19479507207870483,0.0774257630109787,0.11753755062818527,0.21608006954193115,0.21608006954193115,0.283979594707489,0.283979594707489,0.09921154379844666,0.4378567636013031,0.0,3.565951108932495,0.0016199800884351134,-0.0,0.003541559213772416,0.003541559213772416,0.09652093052864075,0.09652093052864075,0.43957388401031494,-0.0,-0.0,1.1603248119354248,0.9887500405311584,0.4041774570941925,0.8645893335342407,0.439160019159317,0.8970703482627869,0.4894000291824341,0.9464223384857178,0.17926348745822906,0.6239747405052185,0.5730074644088745,0.9812500476837158,0.5155303478240967,0.8420909643173218,0.20209497213363647,0.5497983694076538,0.3173713982105255,0.7711427211761475,0.1584712266921997,0.9282882213592529,0.0737609714269638,0.7570796012878418,0.492290198802948,0.8755440711975098,0.561426043510437,results/20260708_srr_v3_m9_dictionary_fidelity_repair_training/runtime_htzhulab_mirror,results/20260708_srr_v3_m9_dictionary_fidelity_repair_training/runtime_htzhulab_mirror/variants/m9_srr_main_true_br2_pattern_sip/training_log.csv
m9_srr_main_true_br2_pattern_sip,m9_srr_main_true_br2_pattern_sip,5950,low_lr_calibration,1.1055500507354736,1644.7469655862078,m9_srr_main_true_br2_pattern_sip,m9_srr_main_true_br2_pattern_sip,0.18547318875789642,1.1055500507354736,0.08066324144601822,0.17325890064239502,0.09279698878526688,0.0025566183030605316,-0.0,0.0025566183030605316,0.144076406955719,0.0025566183030605316,0.003572006244212389,0.08390243351459503,0.38743576407432556,-0.0,-0.0,1.0,1.0,1.0,1.0,1.0,0.01798621006309986,0.06398597359657288,1.0,0.1627226024866104,0.1627226024866104,2.4631803035736084,baseline_preserving_residual,enabled_crop_soft_roi,enabled_distance_soft_gates,balanced_4scale,16;32;64;128,0.31326767802238464,0.1055760532617569,0.04732246696949005,0.4630373418331146,0.7622474431991577,0.8393330574035645,0.28765833377838135,0.2860473692417145,0.0,train_oof_runtime_features_fold0,train_oof_runtime_features_fold0,"Case3019,Case2005",0.18547318875789642,0.08066324144601822,0.17325890064239502,0.144076406955719,0.144076406955719,0.2382354736328125,0.2382354736328125,0.08390243351459503,0.38743576407432556,0.0,3.557502031326294,0.0025566183030605316,-0.0,0.003572006244212389,0.003572006244212389,0.09279698878526688,0.09279698878526688,0.7008876800537109,-0.0,-0.0,1.1055500507354736,0.9887499809265137,0.40077078342437744,0.8293311595916748,0.4069899916648865,0.8980114459991455,0.495085209608078,0.9454318284988403,0.1724158227443695,0.5965334177017212,0.5685606002807617,0.9812500476837158,0.5155918598175049,0.8437608480453491,0.2016160786151886,0.5779423713684082,0.3280588984489441,0.7741135954856873,0.15898828208446503,0.9271767735481262,0.07451964914798737,0.7587372064590454,0.4914208650588989,0.8753249645233154,0.5598433017730713,results/20260708_srr_v3_m9_dictionary_fidelity_repair_training/runtime_htzhulab_mirror,results/20260708_srr_v3_m9_dictionary_fidelity_repair_training/runtime_htzhulab_mirror/variants/m9_srr_main_true_br2_pattern_sip/training_log.csv
m9_srr_main_true_br2_pattern_sip,m9_srr_main_true_br2_pattern_sip,6000,low_lr_calibration,1.3888497352600098,1658.3605535356328,m9_srr_main_true_br2_pattern_sip,m9_srr_main_true_br2_pattern_sip,0.18452221155166626,1.3888497352600098,0.059089139103889465,0.1382705420255661,0.09411869943141937,0.001248556887730956,-0.0,0.001248556887730956,0.35158440470695496,0.001248556887730956,0.0032107869628816843,0.43630754947662354,0.006020563654601574,-0.0,-0.0,1.0,1.0,1.0,0.5,0.0,0.01798621006309986,0.06423243880271912,1.0,0.20219972729682922,0.20219972729682922,2.992985486984253,baseline_preserving_residual,enabled_crop_soft_roi,enabled_distance_soft_gates,balanced_4scale,16;32;64;128,0.13731051981449127,0.039754725992679596,0.028370371088385582,0.6937313675880432,0.8834472298622131,0.8996694684028625,0.11859732121229172,0.11385591328144073,0.0,train_oof_runtime_features_fold0,train_oof_runtime_features_fold0,"Case3024,Case3017",0.18452221155166626,0.059089139103889465,0.1382705420255661,0.35158440470695496,0.35158440470695496,0.4342042803764343,0.4342042803764343,0.43630754947662354,0.006020563654601574,0.0,3.571204662322998,0.001248556887730956,-0.0,0.0032107869628816843,0.0032107869628816843,0.09411869943141937,0.09411869943141937,0.5936105251312256,-0.0,-0.0,1.3888497352600098,0.9183202385902405,0.3566336929798126,0.826264500617981,0.3286118507385254,0.8819998502731323,0.41313424706459045,0.9011038541793823,0.19561727344989777,0.8023048639297485,0.5841251611709595,0.9816250205039978,0.4944940507411957,0.7905694246292114,0.1940331757068634,0.47153323888778687,0.22207948565483093,0.6677714586257935,0.06272970885038376,0.8758916854858398,0.07029716670513153,0.7536221146583557,0.4660540521144867,0.8614166975021362,0.5521107316017151,results/20260708_srr_v3_m9_dictionary_fidelity_repair_training/runtime_htzhulab_mirror,results/20260708_srr_v3_m9_dictionary_fidelity_repair_training/runtime_htzhulab_mirror/variants/m9_srr_main_true_br2_pattern_sip/training_log.csv
m9_srr_main_true_br2_pattern_sip,m9_srr_main_true_br2_pattern_sip,6000,low_lr_calibration,,1659.2367150075734,m9_srr_main_true_br2_pattern_sip,m9_srr_main_true_br2_pattern_sip,,,,,,,,,,,,,,,,,,,,,,,,,,,,,,,,,,,,,,,,,,,,,,,,,,,,,,,,,,,,,,,,,,,,,,,,,,,,,,,,,,,,,,,,,results/20260708_srr_v3_m9_dictionary_fidelity_repair_training/runtime_htzhulab_mirror,results/20260708_srr_v3_m9_dictionary_fidelity_repair_training/runtime_htzhulab_mirror/variants/m9_srr_main_true_br2_pattern_sip/training_log.csv
