stage,local_step,total_step,case_id,center,modality_group,t2_present,pathology,class_id,gt_positive,anchor_dice,srr_dice,dice_delta_vs_anchor,anchor_hd95,srr_hd95,hd95_delta_vs_anchor,anchor_component_count,srr_component_count,component_delta,anchor_remote_fp_volume_mm3,srr_remote_fp_volume_mm3,remote_fp_delta_mm3,changed_voxels_vs_anchor,prediction_path
formal_200,200,200,Case1002,CenterA,LGE-only,False,myops_edema,4,False,1.0,1.0,0.0,0.0,0.0,0.0,0,0,0.0,0.0,0.0,0.0,0,results/20260721_srr_batch7_mechanism_closure_repair/runtime/stages/proposal/attempts/batch7_repair_proposal_htzhulab_59828884/variants/batch7_repair_proposal_htzhulab_59828884/predictions/fold_0/step_200/argmax/Case1002.nii.gz
formal_200,200,200,Case1002,CenterA,LGE-only,False,myops_scar,5,True,0.6167400881057269,0.6124852767962309,-0.004254811309496009,4.323466070663145,4.323466070663145,0.0,3,8,5.0,0.0,0.0,0.0,17,results/20260721_srr_batch7_mechanism_closure_repair/runtime/stages/proposal/attempts/batch7_repair_proposal_htzhulab_59828884/variants/batch7_repair_proposal_htzhulab_59828884/predictions/fold_0/step_200/argmax/Case1002.nii.gz
formal_200,200,200,Case1007,CenterA,LGE-only,False,myops_edema,4,False,1.0,1.0,0.0,0.0,0.0,0.0,0,0,0.0,0.0,0.0,0.0,0,results/20260721_srr_batch7_mechanism_closure_repair/runtime/stages/proposal/attempts/batch7_repair_proposal_htzhulab_59828884/variants/batch7_repair_proposal_htzhulab_59828884/predictions/fold_0/step_200/argmax/Case1007.nii.gz
formal_200,200,200,Case1007,CenterA,LGE-only,False,myops_scar,5,True,0.5810928013876843,0.5818129163046626,0.0007201149169783205,6.836000084877014,6.836000084877014,0.0,8,16,8.0,0.0,0.0,0.0,56,results/20260721_srr_batch7_mechanism_closure_repair/runtime/stages/proposal/attempts/batch7_repair_proposal_htzhulab_59828884/variants/batch7_repair_proposal_htzhulab_59828884/predictions/fold_0/step_200/argmax/Case1007.nii.gz
formal_200,200,200,Case1009,CenterA,LGE-only,False,myops_edema,4,False,1.0,1.0,0.0,0.0,0.0,0.0,0,0,0.0,0.0,0.0,0.0,0,results/20260721_srr_batch7_mechanism_closure_repair/runtime/stages/proposal/attempts/batch7_repair_proposal_htzhulab_59828884/variants/batch7_repair_proposal_htzhulab_59828884/predictions/fold_0/step_200/argmax/Case1009.nii.gz
formal_200,200,200,Case1009,CenterA,LGE-only,False,myops_scar,5,True,0.6048804535370964,0.6046971569839308,-0.00018329655316562388,8.496820117260281,8.579051989984446,0.0822318727241651,1,2,1.0,0.0,0.0,0.0,36,results/20260721_srr_batch7_mechanism_closure_repair/runtime/stages/proposal/attempts/batch7_repair_proposal_htzhulab_59828884/variants/batch7_repair_proposal_htzhulab_59828884/predictions/fold_0/step_200/argmax/Case1009.nii.gz
formal_200,200,200,Case1010,CenterA,LGE-only,False,myops_edema,4,False,1.0,1.0,0.0,0.0,0.0,0.0,0,0,0.0,0.0,0.0,0.0,0,results/20260721_srr_batch7_mechanism_closure_repair/runtime/stages/proposal/attempts/batch7_repair_proposal_htzhulab_59828884/variants/batch7_repair_proposal_htzhulab_59828884/predictions/fold_0/step_200/argmax/Case1010.nii.gz
formal_200,200,200,Case1010,CenterA,LGE-only,False,myops_scar,5,True,0.48279378027020137,0.47531337938091583,-0.007480400889285532,9.103254137198277,9.0,-0.10325413719827736,7,20,13.0,285.9930906218839,285.9930906218839,0.0,66,results/20260721_srr_batch7_mechanism_closure_repair/runtime/stages/proposal/attempts/batch7_repair_proposal_htzhulab_59828884/variants/batch7_repair_proposal_htzhulab_59828884/predictions/fold_0/step_200/argmax/Case1010.nii.gz
formal_200,200,200,Case1021,CenterA,LGE-only,False,myops_edema,4,False,1.0,1.0,0.0,0.0,0.0,0.0,0,0,0.0,0.0,0.0,0.0,0,results/20260721_srr_batch7_mechanism_closure_repair/runtime/stages/proposal/attempts/batch7_repair_proposal_htzhulab_59828884/variants/batch7_repair_proposal_htzhulab_59828884/predictions/fold_0/step_200/argmax/Case1021.nii.gz
formal_200,200,200,Case1021,CenterA,LGE-only,False,myops_scar,5,True,0.5699192044748291,0.5690298507462687,-0.0008893537285604713,7.972077529615252,6.836000084877014,-1.1360774447382376,4,10,6.0,0.0,0.0,0.0,22,results/20260721_srr_batch7_mechanism_closure_repair/runtime/stages/proposal/attempts/batch7_repair_proposal_htzhulab_59828884/variants/batch7_repair_proposal_htzhulab_59828884/predictions/fold_0/step_200/argmax/Case1021.nii.gz
formal_200,200,200,Case1023,CenterA,LGE-only,False,myops_edema,4,False,1.0,1.0,0.0,0.0,0.0,0.0,0,0,0.0,0.0,0.0,0.0,0,results/20260721_srr_batch7_mechanism_closure_repair/runtime/stages/proposal/attempts/batch7_repair_proposal_htzhulab_59828884/variants/batch7_repair_proposal_htzhulab_59828884/predictions/fold_0/step_200/argmax/Case1023.nii.gz
formal_200,200,200,Case1023,CenterA,LGE-only,False,myops_scar,5,True,0.6466011466011466,0.6417636252296387,-0.004837521371507947,5.0,5.188032621910369,0.18803262191036918,5,20,15.0,0.0,0.0,0.0,61,results/20260721_srr_batch7_mechanism_closure_repair/runtime/stages/proposal/attempts/batch7_repair_proposal_htzhulab_59828884/variants/batch7_repair_proposal_htzhulab_59828884/predictions/fold_0/step_200/argmax/Case1023.nii.gz
formal_200,200,200,Case1029,CenterA,LGE-only,False,myops_edema,4,False,1.0,1.0,0.0,0.0,0.0,0.0,0,0,0.0,0.0,0.0,0.0,0,results/20260721_srr_batch7_mechanism_closure_repair/runtime/stages/proposal/attempts/batch7_repair_proposal_htzhulab_59828884/variants/batch7_repair_proposal_htzhulab_59828884/predictions/fold_0/step_200/argmax/Case1029.nii.gz
formal_200,200,200,Case1029,CenterA,LGE-only,False,myops_scar,5,True,0.16436865021770683,0.16523172742260486,0.0008630772048980329,51.395270620488255,51.395270620488255,0.0,12,19,7.0,0.0,0.0,0.0,89,results/20260721_srr_batch7_mechanism_closure_repair/runtime/stages/proposal/attempts/batch7_repair_proposal_htzhulab_59828884/variants/batch7_repair_proposal_htzhulab_59828884/predictions/fold_0/step_200/argmax/Case1029.nii.gz
formal_200,200,200,Case1033,CenterA,LGE-only,False,myops_edema,4,False,1.0,1.0,0.0,0.0,0.0,0.0,0,0,0.0,0.0,0.0,0.0,0,results/20260721_srr_batch7_mechanism_closure_repair/runtime/stages/proposal/attempts/batch7_repair_proposal_htzhulab_59828884/variants/batch7_repair_proposal_htzhulab_59828884/predictions/fold_0/step_200/argmax/Case1033.nii.gz
formal_200,200,200,Case1033,CenterA,LGE-only,False,myops_scar,5,True,0.671361030077457,0.6731509625126646,0.0017899324352076418,7.152037197524651,6.92315273250983,-0.22888446501482118,6,9,3.0,0.0,0.0,0.0,89,results/20260721_srr_batch7_mechanism_closure_repair/runtime/stages/proposal/attempts/batch7_repair_proposal_htzhulab_59828884/variants/batch7_repair_proposal_htzhulab_59828884/predictions/fold_0/step_200/argmax/Case1033.nii.gz
formal_200,200,200,Case1040,CenterA,LGE-only,False,myops_edema,4,False,1.0,1.0,0.0,0.0,0.0,0.0,0,0,0.0,0.0,0.0,0.0,0,results/20260721_srr_batch7_mechanism_closure_repair/runtime/stages/proposal/attempts/batch7_repair_proposal_htzhulab_59828884/variants/batch7_repair_proposal_htzhulab_59828884/predictions/fold_0/step_200/argmax/Case1040.nii.gz
formal_200,200,200,Case1040,CenterA,LGE-only,False,myops_scar,5,True,0.4280078895463511,0.4246520874751491,-0.0033558020712020076,8.5,8.5,0.0,6,9,3.0,0.0,0.0,0.0,52,results/20260721_srr_batch7_mechanism_closure_repair/runtime/stages/proposal/attempts/batch7_repair_proposal_htzhulab_59828884/variants/batch7_repair_proposal_htzhulab_59828884/predictions/fold_0/step_200/argmax/Case1040.nii.gz
formal_200,200,200,Case1042,CenterA,LGE-only,False,myops_edema,4,False,1.0,1.0,0.0,0.0,0.0,0.0,0,0,0.0,0.0,0.0,0.0,0,results/20260721_srr_batch7_mechanism_closure_repair/runtime/stages/proposal/attempts/batch7_repair_proposal_htzhulab_59828884/variants/batch7_repair_proposal_htzhulab_59828884/predictions/fold_0/step_200/argmax/Case1042.nii.gz
formal_200,200,200,Case1042,CenterA,LGE-only,False,myops_scar,5,True,0.7573770491803279,0.7506849315068493,-0.006692117673478548,3.057152176795867,5.4521269576779545,2.3949747808820874,4,9,5.0,863.5869795249043,956.1141559025726,92.5271763776683,23,results/20260721_srr_batch7_mechanism_closure_repair/runtime/stages/proposal/attempts/batch7_repair_proposal_htzhulab_59828884/variants/batch7_repair_proposal_htzhulab_59828884/predictions/fold_0/step_200/argmax/Case1042.nii.gz
formal_200,200,200,Case1045,CenterA,LGE-only,False,myops_edema,4,False,1.0,1.0,0.0,0.0,0.0,0.0,0,0,0.0,0.0,0.0,0.0,0,results/20260721_srr_batch7_mechanism_closure_repair/runtime/stages/proposal/attempts/batch7_repair_proposal_htzhulab_59828884/variants/batch7_repair_proposal_htzhulab_59828884/predictions/fold_0/step_200/argmax/Case1045.nii.gz
formal_200,200,200,Case1045,CenterA,LGE-only,False,myops_scar,5,True,0.09968847352024922,0.09503916449086162,-0.004649309029387594,58.23937490442107,58.2090713824679,-0.030303521953172208,7,9,2.0,0.0,0.0,0.0,15,results/20260721_srr_batch7_mechanism_closure_repair/runtime/stages/proposal/attempts/batch7_repair_proposal_htzhulab_59828884/variants/batch7_repair_proposal_htzhulab_59828884/predictions/fold_0/step_200/argmax/Case1045.nii.gz
formal_200,200,200,Case1047,CenterA,LGE-only,False,myops_edema,4,False,1.0,1.0,0.0,0.0,0.0,0.0,0,0,0.0,0.0,0.0,0.0,0,results/20260721_srr_batch7_mechanism_closure_repair/runtime/stages/proposal/attempts/batch7_repair_proposal_htzhulab_59828884/variants/batch7_repair_proposal_htzhulab_59828884/predictions/fold_0/step_200/argmax/Case1047.nii.gz
formal_200,200,200,Case1047,CenterA,LGE-only,False,myops_scar,5,True,0.6283120251991847,0.6238703065312587,-0.004441718667925976,5.781199932098389,5.781199932098389,0.0,13,17,4.0,0.0,0.0,0.0,71,results/20260721_srr_batch7_mechanism_closure_repair/runtime/stages/proposal/attempts/batch7_repair_proposal_htzhulab_59828884/variants/batch7_repair_proposal_htzhulab_59828884/predictions/fold_0/step_200/argmax/Case1047.nii.gz
formal_200,200,200,Case1053,CenterA,LGE-only,False,myops_edema,4,False,1.0,1.0,0.0,0.0,0.0,0.0,0,0,0.0,0.0,0.0,0.0,0,results/20260721_srr_batch7_mechanism_closure_repair/runtime/stages/proposal/attempts/batch7_repair_proposal_htzhulab_59828884/variants/batch7_repair_proposal_htzhulab_59828884/predictions/fold_0/step_200/argmax/Case1053.nii.gz
formal_200,200,200,Case1053,CenterA,LGE-only,False,myops_scar,5,True,0.5196241017136539,0.5141588006662965,-0.005465301047357429,27.536782421660927,27.483526446547586,-0.053255975113341236,15,22,7.0,0.0,0.0,0.0,30,results/20260721_srr_batch7_mechanism_closure_repair/runtime/stages/proposal/attempts/batch7_repair_proposal_htzhulab_59828884/variants/batch7_repair_proposal_htzhulab_59828884/predictions/fold_0/step_200/argmax/Case1053.nii.gz
formal_200,200,200,Case1062,CenterA,LGE-only,False,myops_edema,4,False,1.0,1.0,0.0,0.0,0.0,0.0,0,0,0.0,0.0,0.0,0.0,0,results/20260721_srr_batch7_mechanism_closure_repair/runtime/stages/proposal/attempts/batch7_repair_proposal_htzhulab_59828884/variants/batch7_repair_proposal_htzhulab_59828884/predictions/fold_0/step_200/argmax/Case1062.nii.gz
formal_200,200,200,Case1062,CenterA,LGE-only,False,myops_scar,5,True,0.5070823546159869,0.5080910783330946,0.0010087237171076957,15.291149322372709,15.291149322372709,0.0,3,19,16.0,0.0,0.0,0.0,149,results/20260721_srr_batch7_mechanism_closure_repair/runtime/stages/proposal/attempts/batch7_repair_proposal_htzhulab_59828884/variants/batch7_repair_proposal_htzhulab_59828884/predictions/fold_0/step_200/argmax/Case1062.nii.gz
formal_200,200,200,Case1070,CenterA,LGE-only,False,myops_edema,4,False,1.0,1.0,0.0,0.0,0.0,0.0,0,0,0.0,0.0,0.0,0.0,0,results/20260721_srr_batch7_mechanism_closure_repair/runtime/stages/proposal/attempts/batch7_repair_proposal_htzhulab_59828884/variants/batch7_repair_proposal_htzhulab_59828884/predictions/fold_0/step_200/argmax/Case1070.nii.gz
formal_200,200,200,Case1070,CenterA,LGE-only,False,myops_scar,5,True,0.5004500450045004,0.5023328149300156,0.0018827699255151709,34.297412438841505,34.25164210973889,-0.04577032910261636,24,33,9.0,0.0,0.0,0.0,89,results/20260721_srr_batch7_mechanism_closure_repair/runtime/stages/proposal/attempts/batch7_repair_proposal_htzhulab_59828884/variants/batch7_repair_proposal_htzhulab_59828884/predictions/fold_0/step_200/argmax/Case1070.nii.gz
formal_200,200,200,Case1073,CenterA,LGE-only,False,myops_edema,4,False,1.0,1.0,0.0,0.0,0.0,0.0,0,0,0.0,0.0,0.0,0.0,0,results/20260721_srr_batch7_mechanism_closure_repair/runtime/stages/proposal/attempts/batch7_repair_proposal_htzhulab_59828884/variants/batch7_repair_proposal_htzhulab_59828884/predictions/fold_0/step_200/argmax/Case1073.nii.gz
formal_200,200,200,Case1073,CenterA,LGE-only,False,myops_scar,5,True,0.4282765737874097,0.43048403707518024,0.0022074632877705502,10.678173489481713,10.412285119617952,-0.2658883698637613,9,19,10.0,0.0,0.0,0.0,26,results/20260721_srr_batch7_mechanism_closure_repair/runtime/stages/proposal/attempts/batch7_repair_proposal_htzhulab_59828884/variants/batch7_repair_proposal_htzhulab_59828884/predictions/fold_0/step_200/argmax/Case1073.nii.gz
formal_200,200,200,Case1080,CenterA,LGE-only,False,myops_edema,4,False,1.0,1.0,0.0,0.0,0.0,0.0,0,0,0.0,0.0,0.0,0.0,0,results/20260721_srr_batch7_mechanism_closure_repair/runtime/stages/proposal/attempts/batch7_repair_proposal_htzhulab_59828884/variants/batch7_repair_proposal_htzhulab_59828884/predictions/fold_0/step_200/argmax/Case1080.nii.gz
formal_200,200,200,Case1080,CenterA,LGE-only,False,myops_scar,5,True,0.6369426751592356,0.6345323741007194,-0.002410301058516251,11.0,11.0,0.0,5,5,0.0,1478.5105621922057,1284.6075376424083,-193.90302454979746,48,results/20260721_srr_batch7_mechanism_closure_repair/runtime/stages/proposal/attempts/batch7_repair_proposal_htzhulab_59828884/variants/batch7_repair_proposal_htzhulab_59828884/predictions/fold_0/step_200/argmax/Case1080.nii.gz
formal_200,200,200,Case2002,CenterB,C0+LGE+T2,True,myops_edema,4,True,0.5376005596362364,0.5393374741200828,0.0017369144838463857,17.453201935819685,16.676163187794256,-0.7770387480254293,5,13,8.0,3792.41943359375,3633.6669921875,-158.75244140625,184,results/20260721_srr_batch7_mechanism_closure_repair/runtime/stages/proposal/attempts/batch7_repair_proposal_htzhulab_59828884/variants/batch7_repair_proposal_htzhulab_59828884/predictions/fold_0/step_200/argmax/Case2002.nii.gz
formal_200,200,200,Case2002,CenterB,C0+LGE+T2,True,myops_scar,5,True,0.5602700096432015,0.5489424495818986,-0.011327560061302866,21.415372143918024,23.311742542690062,1.8963703987720386,5,22,17.0,17.63916015625,299.86572265625,282.2265625,161,results/20260721_srr_batch7_mechanism_closure_repair/runtime/stages/proposal/attempts/batch7_repair_proposal_htzhulab_59828884/variants/batch7_repair_proposal_htzhulab_59828884/predictions/fold_0/step_200/argmax/Case2002.nii.gz
formal_200,200,200,Case2007,CenterB,C0+LGE+T2,True,myops_edema,4,True,0.5701357466063348,0.5731123388581952,0.0029765922518604215,7.5130097186944615,7.5130097186944615,0.0,14,31,17.0,0.0,0.0,0.0,111,results/20260721_srr_batch7_mechanism_closure_repair/runtime/stages/proposal/attempts/batch7_repair_proposal_htzhulab_59828884/variants/batch7_repair_proposal_htzhulab_59828884/predictions/fold_0/step_200/argmax/Case2007.nii.gz
formal_200,200,200,Case2007,CenterB,C0+LGE+T2,True,myops_scar,5,True,0.4898728214790391,0.4729535662996649,-0.016919255179374204,11.682996338833703,12.254534400084001,0.5715380612502976,3,10,7.0,0.0,0.0,0.0,94,results/20260721_srr_batch7_mechanism_closure_repair/runtime/stages/proposal/attempts/batch7_repair_proposal_htzhulab_59828884/variants/batch7_repair_proposal_htzhulab_59828884/predictions/fold_0/step_200/argmax/Case2007.nii.gz
formal_200,200,200,Case2008,CenterB,C0+LGE+T2,True,myops_edema,4,True,0.3485546711353163,0.3553615960099751,0.006806924874658782,33.237885822186755,33.156032780862446,-0.08185304132430815,5,18,13.0,0.0,0.0,0.0,64,results/20260721_srr_batch7_mechanism_closure_repair/runtime/stages/proposal/attempts/batch7_repair_proposal_htzhulab_59828884/variants/batch7_repair_proposal_htzhulab_59828884/predictions/fold_0/step_200/argmax/Case2008.nii.gz
formal_200,200,200,Case2008,CenterB,C0+LGE+T2,True,myops_scar,5,True,0.7531584062196307,0.7538233843117909,0.0006649780921601511,6.640625,6.640625,0.0,1,3,2.0,0.0,0.0,0.0,51,results/20260721_srr_batch7_mechanism_closure_repair/runtime/stages/proposal/attempts/batch7_repair_proposal_htzhulab_59828884/variants/batch7_repair_proposal_htzhulab_59828884/predictions/fold_0/step_200/argmax/Case2008.nii.gz
formal_200,200,200,Case2017,CenterB,C0+LGE+T2,True,myops_edema,4,True,0.6796246648793566,0.6834454328487741,0.003820767969417549,10.0,10.0,0.0,6,11,5.0,0.0,0.0,0.0,203,results/20260721_srr_batch7_mechanism_closure_repair/runtime/stages/proposal/attempts/batch7_repair_proposal_htzhulab_59828884/variants/batch7_repair_proposal_htzhulab_59828884/predictions/fold_0/step_200/argmax/Case2017.nii.gz
formal_200,200,200,Case2017,CenterB,C0+LGE+T2,True,myops_scar,5,True,0.5470588235294118,0.5531486146095718,0.006089791080159945,11.338866091557966,11.662830667278687,0.323964575720721,2,16,14.0,0.0,0.0,0.0,137,results/20260721_srr_batch7_mechanism_closure_repair/runtime/stages/proposal/attempts/batch7_repair_proposal_htzhulab_59828884/variants/batch7_repair_proposal_htzhulab_59828884/predictions/fold_0/step_200/argmax/Case2017.nii.gz
formal_200,200,200,Case2020,CenterB,C0+LGE+T2,True,myops_edema,4,True,0.5630676084762866,0.564977420973407,0.0019098124971204111,7.5130097186944615,7.5130097186944615,0.0,4,4,0.0,0.0,0.0,0.0,13,results/20260721_srr_batch7_mechanism_closure_repair/runtime/stages/proposal/attempts/batch7_repair_proposal_htzhulab_59828884/variants/batch7_repair_proposal_htzhulab_59828884/predictions/fold_0/step_200/argmax/Case2020.nii.gz
formal_200,200,200,Case2020,CenterB,C0+LGE+T2,True,myops_scar,5,True,0.4196185286103542,0.4065934065934066,-0.01302512201694761,20.994429281533453,20.994429281533453,0.0,1,3,2.0,0.0,0.0,0.0,12,results/20260721_srr_batch7_mechanism_closure_repair/runtime/stages/proposal/attempts/batch7_repair_proposal_htzhulab_59828884/variants/batch7_repair_proposal_htzhulab_59828884/predictions/fold_0/step_200/argmax/Case2020.nii.gz
formal_200,200,200,Case2031,CenterB,C0+LGE+T2,True,myops_edema,4,True,0.29880478087649404,0.3179297597042514,0.019124978827757377,25.052956799932126,24.57295880203575,-0.4799979978963762,16,34,18.0,0.0,0.0,0.0,59,results/20260721_srr_batch7_mechanism_closure_repair/runtime/stages/proposal/attempts/batch7_repair_proposal_htzhulab_59828884/variants/batch7_repair_proposal_htzhulab_59828884/predictions/fold_0/step_200/argmax/Case2031.nii.gz
formal_200,200,200,Case2031,CenterB,C0+LGE+T2,True,myops_scar,5,True,0.8013937282229965,0.8061284619917501,0.004734733768753663,5.008673145796307,3.959703799009236,-1.0489693467870715,2,7,5.0,0.0,0.0,0.0,49,results/20260721_srr_batch7_mechanism_closure_repair/runtime/stages/proposal/attempts/batch7_repair_proposal_htzhulab_59828884/variants/batch7_repair_proposal_htzhulab_59828884/predictions/fold_0/step_200/argmax/Case2031.nii.gz
formal_200,200,200,Case2033,CenterB,C0+LGE+T2,True,myops_edema,4,True,0.523033309709426,0.5237929836748871,0.0007596739654611717,10.76453641085509,10.76453641085509,0.0,4,12,8.0,0.0,0.0,0.0,91,results/20260721_srr_batch7_mechanism_closure_repair/runtime/stages/proposal/attempts/batch7_repair_proposal_htzhulab_59828884/variants/batch7_repair_proposal_htzhulab_59828884/predictions/fold_0/step_200/argmax/Case2033.nii.gz
formal_200,200,200,Case2033,CenterB,C0+LGE+T2,True,myops_scar,5,True,0.7208988764044943,0.7062068965517241,-0.014691979852770265,10.0,10.0,0.0,2,7,5.0,0.0,0.0,0.0,80,results/20260721_srr_batch7_mechanism_closure_repair/runtime/stages/proposal/attempts/batch7_repair_proposal_htzhulab_59828884/variants/batch7_repair_proposal_htzhulab_59828884/predictions/fold_0/step_200/argmax/Case2033.nii.gz
formal_200,200,200,Case3004,CenterC,C0+LGE+T2,True,myops_edema,4,True,0.4530451866404715,0.4604427333974976,0.0073975467570260856,9.222044972510458,8.782147343376352,-0.4398976291341068,4,12,8.0,0.0,0.0,0.0,201,results/20260721_srr_batch7_mechanism_closure_repair/runtime/stages/proposal/attempts/batch7_repair_proposal_htzhulab_59828884/variants/batch7_repair_proposal_htzhulab_59828884/predictions/fold_0/step_200/argmax/Case3004.nii.gz
formal_200,200,200,Case3004,CenterC,C0+LGE+T2,True,myops_scar,5,True,0.6247040252565115,0.6173038229376258,-0.007400202318885718,24.000003814697266,24.000003814697266,0.0,1,16,15.0,0.0,0.0,0.0,184,results/20260721_srr_batch7_mechanism_closure_repair/runtime/stages/proposal/attempts/batch7_repair_proposal_htzhulab_59828884/variants/batch7_repair_proposal_htzhulab_59828884/predictions/fold_0/step_200/argmax/Case3004.nii.gz
formal_200,200,200,Case3011,CenterC,C0+LGE+T2,True,myops_edema,4,True,0.26666666666666666,0.2773913043478261,0.010724637681159443,34.26613348722458,32.542639483715426,-1.7234940035091526,7,30,23.0,0.0,0.0,0.0,137,results/20260721_srr_batch7_mechanism_closure_repair/runtime/stages/proposal/attempts/batch7_repair_proposal_htzhulab_59828884/variants/batch7_repair_proposal_htzhulab_59828884/predictions/fold_0/step_200/argmax/Case3011.nii.gz
formal_200,200,200,Case3011,CenterC,C0+LGE+T2,True,myops_scar,5,True,0.6389535925461387,0.635932944606414,-0.0030206479397246744,10.960275328815657,11.128719726364602,0.1684443975489458,3,14,11.0,0.0,0.0,0.0,117,results/20260721_srr_batch7_mechanism_closure_repair/runtime/stages/proposal/attempts/batch7_repair_proposal_htzhulab_59828884/variants/batch7_repair_proposal_htzhulab_59828884/predictions/fold_0/step_200/argmax/Case3011.nii.gz
formal_200,200,200,Case3012,CenterC,C0+LGE+T2,True,myops_edema,4,True,0.45068083693125205,0.4485950950138054,-0.0020857419174466485,22.41202445117764,22.420917019969508,0.008892568791868172,18,48,30.0,0.0,0.0,0.0,225,results/20260721_srr_batch7_mechanism_closure_repair/runtime/stages/proposal/attempts/batch7_repair_proposal_htzhulab_59828884/variants/batch7_repair_proposal_htzhulab_59828884/predictions/fold_0/step_200/argmax/Case3012.nii.gz
formal_200,200,200,Case3012,CenterC,C0+LGE+T2,True,myops_scar,5,True,0.8267066766691673,0.8112773302646721,-0.015429346404495226,2.916266679763794,2.62868726170387,-0.28757941805992404,2,9,7.0,0.0,0.0,0.0,182,results/20260721_srr_batch7_mechanism_closure_repair/runtime/stages/proposal/attempts/batch7_repair_proposal_htzhulab_59828884/variants/batch7_repair_proposal_htzhulab_59828884/predictions/fold_0/step_200/argmax/Case3012.nii.gz
formal_200,200,200,Case3023,CenterC,C0+LGE+T2,True,myops_edema,4,True,0.16291793313069908,0.178965717606043,0.016047784475343913,41.324851944191856,41.19599340572711,-0.1288585384647476,13,45,32.0,0.0,0.0,0.0,118,results/20260721_srr_batch7_mechanism_closure_repair/runtime/stages/proposal/attempts/batch7_repair_proposal_htzhulab_59828884/variants/batch7_repair_proposal_htzhulab_59828884/predictions/fold_0/step_200/argmax/Case3023.nii.gz
formal_200,200,200,Case3023,CenterC,C0+LGE+T2,True,myops_scar,5,True,0.6612691466083152,0.6601683650863979,-0.0011007815219172823,4.124789669313123,4.124789669313123,0.0,2,5,3.0,0.0,0.0,0.0,74,results/20260721_srr_batch7_mechanism_closure_repair/runtime/stages/proposal/attempts/batch7_repair_proposal_htzhulab_59828884/variants/batch7_repair_proposal_htzhulab_59828884/predictions/fold_0/step_200/argmax/Case3023.nii.gz
formal_200,200,200,Case3026,CenterC,C0+LGE+T2,True,myops_edema,4,True,0.21919504643962848,0.2252278741546604,0.006032827715031913,17.325748731744103,15.171615686861294,-2.1541330448828084,4,32,28.0,0.0,364.6352860404935,364.6352860404935,219,results/20260721_srr_batch7_mechanism_closure_repair/runtime/stages/proposal/attempts/batch7_repair_proposal_htzhulab_59828884/variants/batch7_repair_proposal_htzhulab_59828884/predictions/fold_0/step_200/argmax/Case3026.nii.gz
formal_200,200,200,Case3026,CenterC,C0+LGE+T2,True,myops_scar,5,True,0.8081740276862228,0.7958773925846607,-0.012296635101562092,2.916266679763794,2.916266679763794,0.0,1,3,2.0,0.0,0.0,0.0,142,results/20260721_srr_batch7_mechanism_closure_repair/runtime/stages/proposal/attempts/batch7_repair_proposal_htzhulab_59828884/variants/batch7_repair_proposal_htzhulab_59828884/predictions/fold_0/step_200/argmax/Case3026.nii.gz
formal_200,200,200,Case3034,CenterC,C0+LGE+T2,True,myops_edema,4,True,0.6546035125066525,0.656701030927835,0.0020975184211825537,9.135179190762985,8.312639003255338,-0.8225401875076468,5,27,22.0,0.0,0.0,0.0,194,results/20260721_srr_batch7_mechanism_closure_repair/runtime/stages/proposal/attempts/batch7_repair_proposal_htzhulab_59828884/variants/batch7_repair_proposal_htzhulab_59828884/predictions/fold_0/step_200/argmax/Case3034.nii.gz
formal_200,200,200,Case3034,CenterC,C0+LGE+T2,True,myops_scar,5,True,0.8293831423638361,0.8324582338902148,0.003075091526378637,1.6302426341173635,1.6302426341173635,0.0,1,9,8.0,0.0,0.0,0.0,154,results/20260721_srr_batch7_mechanism_closure_repair/runtime/stages/proposal/attempts/batch7_repair_proposal_htzhulab_59828884/variants/batch7_repair_proposal_htzhulab_59828884/predictions/fold_0/step_200/argmax/Case3034.nii.gz
formal_200,200,200,Case3038,CenterC,C0+LGE+T2,True,myops_edema,4,True,0.16778761061946904,0.1636088200639623,-0.0041787905555067395,28.21288893486063,28.156936078282104,-0.055952856578525,12,63,51.0,0.0,0.0,0.0,423,results/20260721_srr_batch7_mechanism_closure_repair/runtime/stages/proposal/attempts/batch7_repair_proposal_htzhulab_59828884/variants/batch7_repair_proposal_htzhulab_59828884/predictions/fold_0/step_200/argmax/Case3038.nii.gz
formal_200,200,200,Case3038,CenterC,C0+LGE+T2,True,myops_scar,5,True,0.75830144426614,0.750800125509884,-0.007501318756256037,8.297908510253126,5.4032065584503846,-2.894701951802742,1,17,16.0,0.0,0.0,0.0,317,results/20260721_srr_batch7_mechanism_closure_repair/runtime/stages/proposal/attempts/batch7_repair_proposal_htzhulab_59828884/variants/batch7_repair_proposal_htzhulab_59828884/predictions/fold_0/step_200/argmax/Case3038.nii.gz
formal_200,200,200,Case3040,CenterC,C0+LGE+T2,True,myops_edema,4,True,0.24913093858632676,0.23986856516976998,-0.00926237341655678,24.13887469193756,24.129514053386995,-0.00936063855056446,10,30,20.0,0.0,0.0,0.0,144,results/20260721_srr_batch7_mechanism_closure_repair/runtime/stages/proposal/attempts/batch7_repair_proposal_htzhulab_59828884/variants/batch7_repair_proposal_htzhulab_59828884/predictions/fold_0/step_200/argmax/Case3040.nii.gz
formal_200,200,200,Case3040,CenterC,C0+LGE+T2,True,myops_scar,5,True,0.8691367757193535,0.8536438466171451,-0.015492929102208453,1.458133339881897,1.6302426341173635,0.1721092942354665,1,15,14.0,0.0,0.0,0.0,129,results/20260721_srr_batch7_mechanism_closure_repair/runtime/stages/proposal/attempts/batch7_repair_proposal_htzhulab_59828884/variants/batch7_repair_proposal_htzhulab_59828884/predictions/fold_0/step_200/argmax/Case3040.nii.gz
formal_200,200,200,Case3044,CenterC,C0+LGE+T2,True,myops_edema,4,True,0.16612529002320187,0.15756035578144853,-0.008564934241753336,22.61223504639135,25.51785410360571,2.905619057214359,19,58,39.0,0.0,0.0,0.0,328,results/20260721_srr_batch7_mechanism_closure_repair/runtime/stages/proposal/attempts/batch7_repair_proposal_htzhulab_59828884/variants/batch7_repair_proposal_htzhulab_59828884/predictions/fold_0/step_200/argmax/Case3044.nii.gz
formal_200,200,200,Case3044,CenterC,C0+LGE+T2,True,myops_scar,5,True,0.7844537386514332,0.7662580511115729,-0.01819568753986034,4.89072790235209,3.6453333497047424,-1.2453945526473476,2,17,15.0,0.0,0.0,0.0,285,results/20260721_srr_batch7_mechanism_closure_repair/runtime/stages/proposal/attempts/batch7_repair_proposal_htzhulab_59828884/variants/batch7_repair_proposal_htzhulab_59828884/predictions/fold_0/step_200/argmax/Case3044.nii.gz
formal_200,200,200,Case5005,CenterE,C0+LGE,False,myops_edema,4,False,1.0,1.0,0.0,0.0,0.0,0.0,0,0,0.0,0.0,0.0,0.0,0,results/20260721_srr_batch7_mechanism_closure_repair/runtime/stages/proposal/attempts/batch7_repair_proposal_htzhulab_59828884/variants/batch7_repair_proposal_htzhulab_59828884/predictions/fold_0/step_200/argmax/Case5005.nii.gz
formal_200,200,200,Case5005,CenterE,C0+LGE,False,myops_scar,5,True,0.5725747629467542,0.5728850588663673,0.00031029591961306835,11.148974014770653,10.0,-1.148974014770653,1,17,16.0,0.0,0.0,0.0,55,results/20260721_srr_batch7_mechanism_closure_repair/runtime/stages/proposal/attempts/batch7_repair_proposal_htzhulab_59828884/variants/batch7_repair_proposal_htzhulab_59828884/predictions/fold_0/step_200/argmax/Case5005.nii.gz
formal_200,200,200,Case6001,CenterF,C0+LGE,False,myops_edema,4,False,1.0,1.0,0.0,0.0,0.0,0.0,0,0,0.0,0.0,0.0,0.0,0,results/20260721_srr_batch7_mechanism_closure_repair/runtime/stages/proposal/attempts/batch7_repair_proposal_htzhulab_59828884/variants/batch7_repair_proposal_htzhulab_59828884/predictions/fold_0/step_200/argmax/Case6001.nii.gz
formal_200,200,200,Case6001,CenterF,C0+LGE,False,myops_scar,5,True,0.44598337950138506,0.44228769497400344,-0.0036956845273816152,10.606601717798213,10.155048005794951,-0.4515537120032622,14,18,4.0,0.0,0.0,0.0,27,results/20260721_srr_batch7_mechanism_closure_repair/runtime/stages/proposal/attempts/batch7_repair_proposal_htzhulab_59828884/variants/batch7_repair_proposal_htzhulab_59828884/predictions/fold_0/step_200/argmax/Case6001.nii.gz
formal_200,200,200,Case6010,CenterF,C0+LGE,False,myops_edema,4,False,1.0,1.0,0.0,0.0,0.0,0.0,0,0,0.0,0.0,0.0,0.0,0,results/20260721_srr_batch7_mechanism_closure_repair/runtime/stages/proposal/attempts/batch7_repair_proposal_htzhulab_59828884/variants/batch7_repair_proposal_htzhulab_59828884/predictions/fold_0/step_200/argmax/Case6010.nii.gz
formal_200,200,200,Case6010,CenterF,C0+LGE,False,myops_scar,5,True,0.49259110933119743,0.4904153354632588,-0.0021757738679386573,13.050383136138187,11.812295858238937,-1.2380872778992504,9,21,12.0,0.0,0.0,0.0,21,results/20260721_srr_batch7_mechanism_closure_repair/runtime/stages/proposal/attempts/batch7_repair_proposal_htzhulab_59828884/variants/batch7_repair_proposal_htzhulab_59828884/predictions/fold_0/step_200/argmax/Case6010.nii.gz
formal_200,200,200,Case7005,CenterG,C0+LGE,False,myops_edema,4,False,1.0,1.0,0.0,0.0,0.0,0.0,0,0,0.0,0.0,0.0,0.0,0,results/20260721_srr_batch7_mechanism_closure_repair/runtime/stages/proposal/attempts/batch7_repair_proposal_htzhulab_59828884/variants/batch7_repair_proposal_htzhulab_59828884/predictions/fold_0/step_200/argmax/Case7005.nii.gz
formal_200,200,200,Case7005,CenterG,C0+LGE,False,myops_scar,5,False,0.0,0.0,0.0,,,,7,18,11.0,0.0,0.0,0.0,12,results/20260721_srr_batch7_mechanism_closure_repair/runtime/stages/proposal/attempts/batch7_repair_proposal_htzhulab_59828884/variants/batch7_repair_proposal_htzhulab_59828884/predictions/fold_0/step_200/argmax/Case7005.nii.gz
formal_200,200,200,Case8003,CenterH,LGE-only,False,myops_edema,4,False,1.0,1.0,0.0,0.0,0.0,0.0,0,0,0.0,0.0,0.0,0.0,0,results/20260721_srr_batch7_mechanism_closure_repair/runtime/stages/proposal/attempts/batch7_repair_proposal_htzhulab_59828884/variants/batch7_repair_proposal_htzhulab_59828884/predictions/fold_0/step_200/argmax/Case8003.nii.gz
formal_200,200,200,Case8003,CenterH,LGE-only,False,myops_scar,5,True,0.7172976649285876,0.7155211652253073,-0.0017764997032803098,8.754271418365223,8.754271418365223,0.0,3,3,0.0,357.4849690267001,357.4849690267001,0.0,17,results/20260721_srr_batch7_mechanism_closure_repair/runtime/stages/proposal/attempts/batch7_repair_proposal_htzhulab_59828884/variants/batch7_repair_proposal_htzhulab_59828884/predictions/fold_0/step_200/argmax/Case8003.nii.gz
formal_200,200,200,Case8011,CenterH,LGE-only,False,myops_edema,4,False,1.0,1.0,0.0,0.0,0.0,0.0,0,0,0.0,0.0,0.0,0.0,0,results/20260721_srr_batch7_mechanism_closure_repair/runtime/stages/proposal/attempts/batch7_repair_proposal_htzhulab_59828884/variants/batch7_repair_proposal_htzhulab_59828884/predictions/fold_0/step_200/argmax/Case8011.nii.gz
formal_200,200,200,Case8011,CenterH,LGE-only,False,myops_scar,5,True,0.22406639004149378,0.21428571428571427,-0.009780675755779511,31.32764229603699,31.36839988317451,0.04075758713752009,3,3,0.0,1809.5167533436324,1784.7288526128978,-24.78790073073469,6,results/20260721_srr_batch7_mechanism_closure_repair/runtime/stages/proposal/attempts/batch7_repair_proposal_htzhulab_59828884/variants/batch7_repair_proposal_htzhulab_59828884/predictions/fold_0/step_200/argmax/Case8011.nii.gz
formal_200,200,200,Case8015,CenterH,LGE-only,False,myops_edema,4,False,1.0,1.0,0.0,0.0,0.0,0.0,0,0,0.0,0.0,0.0,0.0,0,results/20260721_srr_batch7_mechanism_closure_repair/runtime/stages/proposal/attempts/batch7_repair_proposal_htzhulab_59828884/variants/batch7_repair_proposal_htzhulab_59828884/predictions/fold_0/step_200/argmax/Case8015.nii.gz
formal_200,200,200,Case8015,CenterH,LGE-only,False,myops_scar,5,True,0.46925795053003533,0.4666193181818182,-0.0026386323482171514,20.046675576268406,20.046675576268406,0.0,3,3,0.0,2598.1903076171875,2560.8062744140625,-37.384033203125,14,results/20260721_srr_batch7_mechanism_closure_repair/runtime/stages/proposal/attempts/batch7_repair_proposal_htzhulab_59828884/variants/batch7_repair_proposal_htzhulab_59828884/predictions/fold_0/step_200/argmax/Case8015.nii.gz
formal_200,200,200,Case8019,CenterH,LGE-only,False,myops_edema,4,False,1.0,1.0,0.0,0.0,0.0,0.0,0,0,0.0,0.0,0.0,0.0,0,results/20260721_srr_batch7_mechanism_closure_repair/runtime/stages/proposal/attempts/batch7_repair_proposal_htzhulab_59828884/variants/batch7_repair_proposal_htzhulab_59828884/predictions/fold_0/step_200/argmax/Case8019.nii.gz
formal_200,200,200,Case8019,CenterH,LGE-only,False,myops_scar,5,True,0.6588021778584392,0.6587374199451053,-6.475791333393488e-05,11.25,11.25,0.0,1,1,0.0,4833.641052246094,4734.489440917969,-99.151611328125,9,results/20260721_srr_batch7_mechanism_closure_repair/runtime/stages/proposal/attempts/batch7_repair_proposal_htzhulab_59828884/variants/batch7_repair_proposal_htzhulab_59828884/predictions/fold_0/step_200/argmax/Case8019.nii.gz
formal_200,200,200,Case8021,CenterH,LGE-only,False,myops_edema,4,False,1.0,1.0,0.0,0.0,0.0,0.0,0,0,0.0,0.0,0.0,0.0,0,results/20260721_srr_batch7_mechanism_closure_repair/runtime/stages/proposal/attempts/batch7_repair_proposal_htzhulab_59828884/variants/batch7_repair_proposal_htzhulab_59828884/predictions/fold_0/step_200/argmax/Case8021.nii.gz
formal_200,200,200,Case8021,CenterH,LGE-only,False,myops_scar,5,True,0.0,0.0,0.0,,,,0,0,0.0,0.0,0.0,0.0,0,results/20260721_srr_batch7_mechanism_closure_repair/runtime/stages/proposal/attempts/batch7_repair_proposal_htzhulab_59828884/variants/batch7_repair_proposal_htzhulab_59828884/predictions/fold_0/step_200/argmax/Case8021.nii.gz
formal_200,200,200,Case8022,CenterH,LGE-only,False,myops_edema,4,False,1.0,1.0,0.0,0.0,0.0,0.0,0,0,0.0,0.0,0.0,0.0,0,results/20260721_srr_batch7_mechanism_closure_repair/runtime/stages/proposal/attempts/batch7_repair_proposal_htzhulab_59828884/variants/batch7_repair_proposal_htzhulab_59828884/predictions/fold_0/step_200/argmax/Case8022.nii.gz
formal_200,200,200,Case8022,CenterH,LGE-only,False,myops_scar,5,True,0.6748560460652591,0.6754148977228869,0.0005588516576278124,10.093025488583056,10.093025488583056,0.0,2,2,0.0,485.992338944925,392.53227376320865,-93.46006518171635,14,results/20260721_srr_batch7_mechanism_closure_repair/runtime/stages/proposal/attempts/batch7_repair_proposal_htzhulab_59828884/variants/batch7_repair_proposal_htzhulab_59828884/predictions/fold_0/step_200/argmax/Case8022.nii.gz
formal_200,200,200,Case8023,CenterH,LGE-only,False,myops_edema,4,False,1.0,1.0,0.0,0.0,0.0,0.0,0,0,0.0,0.0,0.0,0.0,0,results/20260721_srr_batch7_mechanism_closure_repair/runtime/stages/proposal/attempts/batch7_repair_proposal_htzhulab_59828884/variants/batch7_repair_proposal_htzhulab_59828884/predictions/fold_0/step_200/argmax/Case8023.nii.gz
formal_200,200,200,Case8023,CenterH,LGE-only,False,myops_scar,5,True,0.45514445007602633,0.4552929085303186,0.00014845845429228843,32.0090827611819,32.24052380288438,0.2314410417024817,1,1,0.0,14565.371466655051,14152.9007702542,-412.470696400851,27,results/20260721_srr_batch7_mechanism_closure_repair/runtime/stages/proposal/attempts/batch7_repair_proposal_htzhulab_59828884/variants/batch7_repair_proposal_htzhulab_59828884/predictions/fold_0/step_200/argmax/Case8023.nii.gz
formal_400,400,400,Case1002,CenterA,LGE-only,False,myops_edema,4,False,1.0,1.0,0.0,0.0,0.0,0.0,0,0,0.0,0.0,0.0,0.0,0,results/20260721_srr_batch7_mechanism_closure_repair/runtime/stages/proposal/attempts/batch7_repair_proposal_htzhulab_59828884/variants/batch7_repair_proposal_htzhulab_59828884/predictions/fold_0/step_400/argmax/Case1002.nii.gz
formal_400,400,400,Case1002,CenterA,LGE-only,False,myops_scar,5,True,0.6167400881057269,0.6159718144450969,-0.0007682736606300367,4.323466070663145,4.323466070663145,0.0,3,7,4.0,0.0,0.0,0.0,5,results/20260721_srr_batch7_mechanism_closure_repair/runtime/stages/proposal/attempts/batch7_repair_proposal_htzhulab_59828884/variants/batch7_repair_proposal_htzhulab_59828884/predictions/fold_0/step_400/argmax/Case1002.nii.gz
formal_400,400,400,Case1007,CenterA,LGE-only,False,myops_edema,4,False,1.0,1.0,0.0,0.0,0.0,0.0,0,0,0.0,0.0,0.0,0.0,0,results/20260721_srr_batch7_mechanism_closure_repair/runtime/stages/proposal/attempts/batch7_repair_proposal_htzhulab_59828884/variants/batch7_repair_proposal_htzhulab_59828884/predictions/fold_0/step_400/argmax/Case1007.nii.gz
formal_400,400,400,Case1007,CenterA,LGE-only,False,myops_scar,5,True,0.5810928013876843,0.5816606498194946,0.0005678484318103472,6.836000084877014,6.836000084877014,0.0,8,10,2.0,0.0,0.0,0.0,9,results/20260721_srr_batch7_mechanism_closure_repair/runtime/stages/proposal/attempts/batch7_repair_proposal_htzhulab_59828884/variants/batch7_repair_proposal_htzhulab_59828884/predictions/fold_0/step_400/argmax/Case1007.nii.gz
formal_400,400,400,Case1009,CenterA,LGE-only,False,myops_edema,4,False,1.0,1.0,0.0,0.0,0.0,0.0,0,0,0.0,0.0,0.0,0.0,0,results/20260721_srr_batch7_mechanism_closure_repair/runtime/stages/proposal/attempts/batch7_repair_proposal_htzhulab_59828884/variants/batch7_repair_proposal_htzhulab_59828884/predictions/fold_0/step_400/argmax/Case1009.nii.gz
formal_400,400,400,Case1009,CenterA,LGE-only,False,myops_scar,5,True,0.6048804535370964,0.6051496858445239,0.0002692323074274805,8.496820117260281,8.48037374271539,-0.016446374544891285,1,2,1.0,0.0,0.0,0.0,5,results/20260721_srr_batch7_mechanism_closure_repair/runtime/stages/proposal/attempts/batch7_repair_proposal_htzhulab_59828884/variants/batch7_repair_proposal_htzhulab_59828884/predictions/fold_0/step_400/argmax/Case1009.nii.gz
formal_400,400,400,Case1010,CenterA,LGE-only,False,myops_edema,4,False,1.0,1.0,0.0,0.0,0.0,0.0,0,0,0.0,0.0,0.0,0.0,0,results/20260721_srr_batch7_mechanism_closure_repair/runtime/stages/proposal/attempts/batch7_repair_proposal_htzhulab_59828884/variants/batch7_repair_proposal_htzhulab_59828884/predictions/fold_0/step_400/argmax/Case1010.nii.gz
formal_400,400,400,Case1010,CenterA,LGE-only,False,myops_scar,5,True,0.48279378027020137,0.4802231237322515,-0.002570656537949856,9.103254137198277,9.103254137198277,0.0,7,20,13.0,285.9930906218839,285.9930906218839,0.0,25,results/20260721_srr_batch7_mechanism_closure_repair/runtime/stages/proposal/attempts/batch7_repair_proposal_htzhulab_59828884/variants/batch7_repair_proposal_htzhulab_59828884/predictions/fold_0/step_400/argmax/Case1010.nii.gz
formal_400,400,400,Case1021,CenterA,LGE-only,False,myops_edema,4,False,1.0,1.0,0.0,0.0,0.0,0.0,0,0,0.0,0.0,0.0,0.0,0,results/20260721_srr_batch7_mechanism_closure_repair/runtime/stages/proposal/attempts/batch7_repair_proposal_htzhulab_59828884/variants/batch7_repair_proposal_htzhulab_59828884/predictions/fold_0/step_400/argmax/Case1021.nii.gz
formal_400,400,400,Case1021,CenterA,LGE-only,False,myops_scar,5,True,0.5699192044748291,0.5696556003723239,-0.0002636041025052549,7.972077529615252,6.917227773275973,-1.0548497563392791,4,9,5.0,0.0,0.0,0.0,5,results/20260721_srr_batch7_mechanism_closure_repair/runtime/stages/proposal/attempts/batch7_repair_proposal_htzhulab_59828884/variants/batch7_repair_proposal_htzhulab_59828884/predictions/fold_0/step_400/argmax/Case1021.nii.gz
formal_400,400,400,Case1023,CenterA,LGE-only,False,myops_edema,4,False,1.0,1.0,0.0,0.0,0.0,0.0,0,0,0.0,0.0,0.0,0.0,0,results/20260721_srr_batch7_mechanism_closure_repair/runtime/stages/proposal/attempts/batch7_repair_proposal_htzhulab_59828884/variants/batch7_repair_proposal_htzhulab_59828884/predictions/fold_0/step_400/argmax/Case1023.nii.gz
formal_400,400,400,Case1023,CenterA,LGE-only,False,myops_scar,5,True,0.6466011466011466,0.6438328236493374,-0.0027683229518092878,5.0,5.0,0.0,5,11,6.0,0.0,0.0,0.0,21,results/20260721_srr_batch7_mechanism_closure_repair/runtime/stages/proposal/attempts/batch7_repair_proposal_htzhulab_59828884/variants/batch7_repair_proposal_htzhulab_59828884/predictions/fold_0/step_400/argmax/Case1023.nii.gz
formal_400,400,400,Case1029,CenterA,LGE-only,False,myops_edema,4,False,1.0,1.0,0.0,0.0,0.0,0.0,0,0,0.0,0.0,0.0,0.0,0,results/20260721_srr_batch7_mechanism_closure_repair/runtime/stages/proposal/attempts/batch7_repair_proposal_htzhulab_59828884/variants/batch7_repair_proposal_htzhulab_59828884/predictions/fold_0/step_400/argmax/Case1029.nii.gz
formal_400,400,400,Case1029,CenterA,LGE-only,False,myops_scar,5,True,0.16436865021770683,0.16401158580738595,-0.00035706441032087866,51.395270620488255,51.395270620488255,0.0,12,14,2.0,0.0,0.0,0.0,14,results/20260721_srr_batch7_mechanism_closure_repair/runtime/stages/proposal/attempts/batch7_repair_proposal_htzhulab_59828884/variants/batch7_repair_proposal_htzhulab_59828884/predictions/fold_0/step_400/argmax/Case1029.nii.gz
formal_400,400,400,Case1033,CenterA,LGE-only,False,myops_edema,4,False,1.0,1.0,0.0,0.0,0.0,0.0,0,0,0.0,0.0,0.0,0.0,0,results/20260721_srr_batch7_mechanism_closure_repair/runtime/stages/proposal/attempts/batch7_repair_proposal_htzhulab_59828884/variants/batch7_repair_proposal_htzhulab_59828884/predictions/fold_0/step_400/argmax/Case1033.nii.gz
formal_400,400,400,Case1033,CenterA,LGE-only,False,myops_scar,5,True,0.671361030077457,0.6714328869197462,7.185684228927514e-05,7.152037197524651,7.152037197524651,0.0,6,8,2.0,0.0,0.0,0.0,20,results/20260721_srr_batch7_mechanism_closure_repair/runtime/stages/proposal/attempts/batch7_repair_proposal_htzhulab_59828884/variants/batch7_repair_proposal_htzhulab_59828884/predictions/fold_0/step_400/argmax/Case1033.nii.gz
formal_400,400,400,Case1040,CenterA,LGE-only,False,myops_edema,4,False,1.0,1.0,0.0,0.0,0.0,0.0,0,0,0.0,0.0,0.0,0.0,0,results/20260721_srr_batch7_mechanism_closure_repair/runtime/stages/proposal/attempts/batch7_repair_proposal_htzhulab_59828884/variants/batch7_repair_proposal_htzhulab_59828884/predictions/fold_0/step_400/argmax/Case1040.nii.gz
formal_400,400,400,Case1040,CenterA,LGE-only,False,myops_scar,5,True,0.4280078895463511,0.4283458349782866,0.00033794543193549353,8.5,8.5,0.0,6,7,1.0,0.0,0.0,0.0,6,results/20260721_srr_batch7_mechanism_closure_repair/runtime/stages/proposal/attempts/batch7_repair_proposal_htzhulab_59828884/variants/batch7_repair_proposal_htzhulab_59828884/predictions/fold_0/step_400/argmax/Case1040.nii.gz
formal_400,400,400,Case1042,CenterA,LGE-only,False,myops_edema,4,False,1.0,1.0,0.0,0.0,0.0,0.0,0,0,0.0,0.0,0.0,0.0,0,results/20260721_srr_batch7_mechanism_closure_repair/runtime/stages/proposal/attempts/batch7_repair_proposal_htzhulab_59828884/variants/batch7_repair_proposal_htzhulab_59828884/predictions/fold_0/step_400/argmax/Case1042.nii.gz
formal_400,400,400,Case1042,CenterA,LGE-only,False,myops_scar,5,True,0.7573770491803279,0.7525829255029908,-0.004794123677337114,3.057152176795867,6.114304353591734,3.057152176795867,4,10,6.0,863.5869795249043,1017.7989401543515,154.21196062944716,13,results/20260721_srr_batch7_mechanism_closure_repair/runtime/stages/proposal/attempts/batch7_repair_proposal_htzhulab_59828884/variants/batch7_repair_proposal_htzhulab_59828884/predictions/fold_0/step_400/argmax/Case1042.nii.gz
formal_400,400,400,Case1045,CenterA,LGE-only,False,myops_edema,4,False,1.0,1.0,0.0,0.0,0.0,0.0,0,0,0.0,0.0,0.0,0.0,0,results/20260721_srr_batch7_mechanism_closure_repair/runtime/stages/proposal/attempts/batch7_repair_proposal_htzhulab_59828884/variants/batch7_repair_proposal_htzhulab_59828884/predictions/fold_0/step_400/argmax/Case1045.nii.gz
formal_400,400,400,Case1045,CenterA,LGE-only,False,myops_scar,5,True,0.09968847352024922,0.0987012987012987,-0.000987174818950512,58.23937490442107,58.242129770053175,0.0027548656321059184,7,9,2.0,0.0,0.0,0.0,5,results/20260721_srr_batch7_mechanism_closure_repair/runtime/stages/proposal/attempts/batch7_repair_proposal_htzhulab_59828884/variants/batch7_repair_proposal_htzhulab_59828884/predictions/fold_0/step_400/argmax/Case1045.nii.gz
formal_400,400,400,Case1047,CenterA,LGE-only,False,myops_edema,4,False,1.0,1.0,0.0,0.0,0.0,0.0,0,0,0.0,0.0,0.0,0.0,0,results/20260721_srr_batch7_mechanism_closure_repair/runtime/stages/proposal/attempts/batch7_repair_proposal_htzhulab_59828884/variants/batch7_repair_proposal_htzhulab_59828884/predictions/fold_0/step_400/argmax/Case1047.nii.gz
formal_400,400,400,Case1047,CenterA,LGE-only,False,myops_scar,5,True,0.6283120251991847,0.627973711006202,-0.0003383141929826916,5.781199932098389,5.781199932098389,0.0,13,22,9.0,0.0,0.0,0.0,13,results/20260721_srr_batch7_mechanism_closure_repair/runtime/stages/proposal/attempts/batch7_repair_proposal_htzhulab_59828884/variants/batch7_repair_proposal_htzhulab_59828884/predictions/fold_0/step_400/argmax/Case1047.nii.gz
formal_400,400,400,Case1053,CenterA,LGE-only,False,myops_edema,4,False,1.0,1.0,0.0,0.0,0.0,0.0,0,0,0.0,0.0,0.0,0.0,0,results/20260721_srr_batch7_mechanism_closure_repair/runtime/stages/proposal/attempts/batch7_repair_proposal_htzhulab_59828884/variants/batch7_repair_proposal_htzhulab_59828884/predictions/fold_0/step_400/argmax/Case1053.nii.gz
formal_400,400,400,Case1053,CenterA,LGE-only,False,myops_scar,5,True,0.5196241017136539,0.5173362685745735,-0.0022878331390804307,27.536782421660927,27.501278438252022,-0.035503983408904816,15,21,6.0,0.0,0.0,0.0,10,results/20260721_srr_batch7_mechanism_closure_repair/runtime/stages/proposal/attempts/batch7_repair_proposal_htzhulab_59828884/variants/batch7_repair_proposal_htzhulab_59828884/predictions/fold_0/step_400/argmax/Case1053.nii.gz
formal_400,400,400,Case1062,CenterA,LGE-only,False,myops_edema,4,False,1.0,1.0,0.0,0.0,0.0,0.0,0,0,0.0,0.0,0.0,0.0,0,results/20260721_srr_batch7_mechanism_closure_repair/runtime/stages/proposal/attempts/batch7_repair_proposal_htzhulab_59828884/variants/batch7_repair_proposal_htzhulab_59828884/predictions/fold_0/step_400/argmax/Case1062.nii.gz
formal_400,400,400,Case1062,CenterA,LGE-only,False,myops_scar,5,True,0.5070823546159869,0.5069380203515264,-0.00014433426446058828,15.291149322372709,15.334163947378128,0.043014625005419305,3,14,11.0,0.0,0.0,0.0,44,results/20260721_srr_batch7_mechanism_closure_repair/runtime/stages/proposal/attempts/batch7_repair_proposal_htzhulab_59828884/variants/batch7_repair_proposal_htzhulab_59828884/predictions/fold_0/step_400/argmax/Case1062.nii.gz
formal_400,400,400,Case1070,CenterA,LGE-only,False,myops_edema,4,False,1.0,1.0,0.0,0.0,0.0,0.0,0,0,0.0,0.0,0.0,0.0,0,results/20260721_srr_batch7_mechanism_closure_repair/runtime/stages/proposal/attempts/batch7_repair_proposal_htzhulab_59828884/variants/batch7_repair_proposal_htzhulab_59828884/predictions/fold_0/step_400/argmax/Case1070.nii.gz
formal_400,400,400,Case1070,CenterA,LGE-only,False,myops_scar,5,True,0.5004500450045004,0.5003215434083601,-0.00012850159614030687,34.297412438841505,34.27812962436631,-0.019282814475197085,24,30,6.0,0.0,0.0,0.0,26,results/20260721_srr_batch7_mechanism_closure_repair/runtime/stages/proposal/attempts/batch7_repair_proposal_htzhulab_59828884/variants/batch7_repair_proposal_htzhulab_59828884/predictions/fold_0/step_400/argmax/Case1070.nii.gz
formal_400,400,400,Case1073,CenterA,LGE-only,False,myops_edema,4,False,1.0,1.0,0.0,0.0,0.0,0.0,0,0,0.0,0.0,0.0,0.0,0,results/20260721_srr_batch7_mechanism_closure_repair/runtime/stages/proposal/attempts/batch7_repair_proposal_htzhulab_59828884/variants/batch7_repair_proposal_htzhulab_59828884/predictions/fold_0/step_400/argmax/Case1073.nii.gz
formal_400,400,400,Case1073,CenterA,LGE-only,False,myops_scar,5,True,0.4282765737874097,0.42996910401647787,0.0016925302290681787,10.678173489481713,10.5,-0.17817348948171308,9,16,7.0,0.0,0.0,0.0,8,results/20260721_srr_batch7_mechanism_closure_repair/runtime/stages/proposal/attempts/batch7_repair_proposal_htzhulab_59828884/variants/batch7_repair_proposal_htzhulab_59828884/predictions/fold_0/step_400/argmax/Case1073.nii.gz
formal_400,400,400,Case1080,CenterA,LGE-only,False,myops_edema,4,False,1.0,1.0,0.0,0.0,0.0,0.0,0,0,0.0,0.0,0.0,0.0,0,results/20260721_srr_batch7_mechanism_closure_repair/runtime/stages/proposal/attempts/batch7_repair_proposal_htzhulab_59828884/variants/batch7_repair_proposal_htzhulab_59828884/predictions/fold_0/step_400/argmax/Case1080.nii.gz
formal_400,400,400,Case1080,CenterA,LGE-only,False,myops_scar,5,True,0.6369426751592356,0.6348074179743224,-0.002135257184913253,11.0,11.0,0.0,5,6,1.0,1478.5105621922057,1405.7969279860317,-72.71363420617399,22,results/20260721_srr_batch7_mechanism_closure_repair/runtime/stages/proposal/attempts/batch7_repair_proposal_htzhulab_59828884/variants/batch7_repair_proposal_htzhulab_59828884/predictions/fold_0/step_400/argmax/Case1080.nii.gz
formal_400,400,400,Case2002,CenterB,C0+LGE+T2,True,myops_edema,4,True,0.5376005596362364,0.5387402933563417,0.0011397337201052293,17.453201935819685,16.799600069644516,-0.653601866175169,5,13,8.0,3792.41943359375,3651.30615234375,-141.11328125,163,results/20260721_srr_batch7_mechanism_closure_repair/runtime/stages/proposal/attempts/batch7_repair_proposal_htzhulab_59828884/variants/batch7_repair_proposal_htzhulab_59828884/predictions/fold_0/step_400/argmax/Case2002.nii.gz
formal_400,400,400,Case2002,CenterB,C0+LGE+T2,True,myops_scar,5,True,0.5602700096432015,0.5511811023622047,-0.00908890728099676,21.415372143918024,23.241888693411322,1.8265165494932987,5,19,14.0,17.63916015625,282.2265625,264.58740234375,144,results/20260721_srr_batch7_mechanism_closure_repair/runtime/stages/proposal/attempts/batch7_repair_proposal_htzhulab_59828884/variants/batch7_repair_proposal_htzhulab_59828884/predictions/fold_0/step_400/argmax/Case2002.nii.gz
formal_400,400,400,Case2007,CenterB,C0+LGE+T2,True,myops_edema,4,True,0.5701357466063348,0.5727976409878364,0.0026618943815015506,7.5130097186944615,7.5130097186944615,0.0,14,31,17.0,0.0,0.0,0.0,99,results/20260721_srr_batch7_mechanism_closure_repair/runtime/stages/proposal/attempts/batch7_repair_proposal_htzhulab_59828884/variants/batch7_repair_proposal_htzhulab_59828884/predictions/fold_0/step_400/argmax/Case2007.nii.gz
formal_400,400,400,Case2007,CenterB,C0+LGE+T2,True,myops_scar,5,True,0.4898728214790391,0.4729535662996649,-0.016919255179374204,11.682996338833703,12.39373155574627,0.7107352169125658,3,9,6.0,0.0,0.0,0.0,84,results/20260721_srr_batch7_mechanism_closure_repair/runtime/stages/proposal/attempts/batch7_repair_proposal_htzhulab_59828884/variants/batch7_repair_proposal_htzhulab_59828884/predictions/fold_0/step_400/argmax/Case2007.nii.gz
formal_400,400,400,Case2008,CenterB,C0+LGE+T2,True,myops_edema,4,True,0.3485546711353163,0.3551673944687045,0.006612723333388193,33.237885822186755,33.156032780862446,-0.08185304132430815,5,17,12.0,0.0,0.0,0.0,55,results/20260721_srr_batch7_mechanism_closure_repair/runtime/stages/proposal/attempts/batch7_repair_proposal_htzhulab_59828884/variants/batch7_repair_proposal_htzhulab_59828884/predictions/fold_0/step_400/argmax/Case2008.nii.gz
formal_400,400,400,Case2008,CenterB,C0+LGE+T2,True,myops_scar,5,True,0.7531584062196307,0.7540660423854115,0.000907636165780823,6.640625,6.640625,0.0,1,3,2.0,0.0,0.0,0.0,43,results/20260721_srr_batch7_mechanism_closure_repair/runtime/stages/proposal/attempts/batch7_repair_proposal_htzhulab_59828884/variants/batch7_repair_proposal_htzhulab_59828884/predictions/fold_0/step_400/argmax/Case2008.nii.gz
formal_400,400,400,Case2017,CenterB,C0+LGE+T2,True,myops_edema,4,True,0.6796246648793566,0.6823018458197612,0.0026771809404045888,10.0,10.0,0.0,6,11,5.0,0.0,0.0,0.0,185,results/20260721_srr_batch7_mechanism_closure_repair/runtime/stages/proposal/attempts/batch7_repair_proposal_htzhulab_59828884/variants/batch7_repair_proposal_htzhulab_59828884/predictions/fold_0/step_400/argmax/Case2017.nii.gz
formal_400,400,400,Case2017,CenterB,C0+LGE+T2,True,myops_scar,5,True,0.5470588235294118,0.553877139979859,0.0068183164504471705,11.338866091557966,11.338866091557966,0.0,2,16,14.0,0.0,0.0,0.0,116,results/20260721_srr_batch7_mechanism_closure_repair/runtime/stages/proposal/attempts/batch7_repair_proposal_htzhulab_59828884/variants/batch7_repair_proposal_htzhulab_59828884/predictions/fold_0/step_400/argmax/Case2017.nii.gz
formal_400,400,400,Case2020,CenterB,C0+LGE+T2,True,myops_edema,4,True,0.5630676084762866,0.5651080945198592,0.0020404860435726535,7.5130097186944615,7.5130097186944615,0.0,4,4,0.0,0.0,0.0,0.0,9,results/20260721_srr_batch7_mechanism_closure_repair/runtime/stages/proposal/attempts/batch7_repair_proposal_htzhulab_59828884/variants/batch7_repair_proposal_htzhulab_59828884/predictions/fold_0/step_400/argmax/Case2020.nii.gz
formal_400,400,400,Case2020,CenterB,C0+LGE+T2,True,myops_scar,5,True,0.4196185286103542,0.410958904109589,-0.008659624500765184,20.994429281533453,20.994429281533453,0.0,1,3,2.0,0.0,0.0,0.0,8,results/20260721_srr_batch7_mechanism_closure_repair/runtime/stages/proposal/attempts/batch7_repair_proposal_htzhulab_59828884/variants/batch7_repair_proposal_htzhulab_59828884/predictions/fold_0/step_400/argmax/Case2020.nii.gz
formal_400,400,400,Case2031,CenterB,C0+LGE+T2,True,myops_edema,4,True,0.29880478087649404,0.3157894736842105,0.016984692807716473,25.052956799932126,24.57295880203575,-0.4799979978963762,16,31,15.0,0.0,0.0,0.0,48,results/20260721_srr_batch7_mechanism_closure_repair/runtime/stages/proposal/attempts/batch7_repair_proposal_htzhulab_59828884/variants/batch7_repair_proposal_htzhulab_59828884/predictions/fold_0/step_400/argmax/Case2031.nii.gz
formal_400,400,400,Case2031,CenterB,C0+LGE+T2,True,myops_scar,5,True,0.8013937282229965,0.804692082111437,0.003298353888440464,5.008673145796307,3.959703799009236,-1.0489693467870715,2,6,4.0,0.0,0.0,0.0,37,results/20260721_srr_batch7_mechanism_closure_repair/runtime/stages/proposal/attempts/batch7_repair_proposal_htzhulab_59828884/variants/batch7_repair_proposal_htzhulab_59828884/predictions/fold_0/step_400/argmax/Case2031.nii.gz
formal_400,400,400,Case2033,CenterB,C0+LGE+T2,True,myops_edema,4,True,0.523033309709426,0.5238592824799722,0.0008259727705461906,10.76453641085509,10.76453641085509,0.0,4,12,8.0,0.0,0.0,0.0,79,results/20260721_srr_batch7_mechanism_closure_repair/runtime/stages/proposal/attempts/batch7_repair_proposal_htzhulab_59828884/variants/batch7_repair_proposal_htzhulab_59828884/predictions/fold_0/step_400/argmax/Case2033.nii.gz
formal_400,400,400,Case2033,CenterB,C0+LGE+T2,True,myops_scar,5,True,0.7208988764044943,0.7094408799266728,-0.01145799647782153,10.0,10.0,0.0,2,7,5.0,0.0,0.0,0.0,69,results/20260721_srr_batch7_mechanism_closure_repair/runtime/stages/proposal/attempts/batch7_repair_proposal_htzhulab_59828884/variants/batch7_repair_proposal_htzhulab_59828884/predictions/fold_0/step_400/argmax/Case2033.nii.gz
formal_400,400,400,Case3004,CenterC,C0+LGE+T2,True,myops_edema,4,True,0.4530451866404715,0.4634712021646695,0.010426015524198029,9.222044972510458,8.779125260339077,-0.44291971217138126,4,14,10.0,0.0,0.0,0.0,160,results/20260721_srr_batch7_mechanism_closure_repair/runtime/stages/proposal/attempts/batch7_repair_proposal_htzhulab_59828884/variants/batch7_repair_proposal_htzhulab_59828884/predictions/fold_0/step_400/argmax/Case3004.nii.gz
formal_400,400,400,Case3004,CenterC,C0+LGE+T2,True,myops_scar,5,True,0.6247040252565115,0.6225165562913907,-0.002187468965120787,24.000003814697266,24.000003814697266,0.0,1,12,11.0,0.0,0.0,0.0,145,results/20260721_srr_batch7_mechanism_closure_repair/runtime/stages/proposal/attempts/batch7_repair_proposal_htzhulab_59828884/variants/batch7_repair_proposal_htzhulab_59828884/predictions/fold_0/step_400/argmax/Case3004.nii.gz
formal_400,400,400,Case3011,CenterC,C0+LGE+T2,True,myops_edema,4,True,0.26666666666666666,0.2795604395604396,0.012893772893772915,34.26613348722458,32.565906972734915,-1.700226514489664,7,29,22.0,0.0,0.0,0.0,114,results/20260721_srr_batch7_mechanism_closure_repair/runtime/stages/proposal/attempts/batch7_repair_proposal_htzhulab_59828884/variants/batch7_repair_proposal_htzhulab_59828884/predictions/fold_0/step_400/argmax/Case3011.nii.gz
formal_400,400,400,Case3011,CenterC,C0+LGE+T2,True,myops_scar,5,True,0.6389535925461387,0.638591395897622,-0.0003621966485166661,10.960275328815657,11.119156905673176,0.15888157685751914,3,9,6.0,0.0,0.0,0.0,90,results/20260721_srr_batch7_mechanism_closure_repair/runtime/stages/proposal/attempts/batch7_repair_proposal_htzhulab_59828884/variants/batch7_repair_proposal_htzhulab_59828884/predictions/fold_0/step_400/argmax/Case3011.nii.gz
formal_400,400,400,Case3012,CenterC,C0+LGE+T2,True,myops_edema,4,True,0.45068083693125205,0.4512552983371373,0.0005744614058852404,22.41202445117764,22.40906026158035,-0.0029641895972893906,18,40,22.0,0.0,0.0,0.0,192,results/20260721_srr_batch7_mechanism_closure_repair/runtime/stages/proposal/attempts/batch7_repair_proposal_htzhulab_59828884/variants/batch7_repair_proposal_htzhulab_59828884/predictions/fold_0/step_400/argmax/Case3012.nii.gz
formal_400,400,400,Case3012,CenterC,C0+LGE+T2,True,myops_scar,5,True,0.8267066766691673,0.8158899923605806,-0.010816684308586733,2.916266679763794,2.62868726170387,-0.28757941805992404,2,7,5.0,0.0,0.0,0.0,148,results/20260721_srr_batch7_mechanism_closure_repair/runtime/stages/proposal/attempts/batch7_repair_proposal_htzhulab_59828884/variants/batch7_repair_proposal_htzhulab_59828884/predictions/fold_0/step_400/argmax/Case3012.nii.gz
formal_400,400,400,Case3023,CenterC,C0+LGE+T2,True,myops_edema,4,True,0.16291793313069908,0.17657445556209536,0.013656522431396284,41.324851944191856,41.204373916634395,-0.12047802755746062,13,36,23.0,0.0,0.0,0.0,94,results/20260721_srr_batch7_mechanism_closure_repair/runtime/stages/proposal/attempts/batch7_repair_proposal_htzhulab_59828884/variants/batch7_repair_proposal_htzhulab_59828884/predictions/fold_0/step_400/argmax/Case3023.nii.gz
formal_400,400,400,Case3023,CenterC,C0+LGE+T2,True,myops_scar,5,True,0.6612691466083152,0.6594618438464932,-0.0018073027618219495,4.124789669313123,4.124789669313123,0.0,2,5,3.0,0.0,0.0,0.0,54,results/20260721_srr_batch7_mechanism_closure_repair/runtime/stages/proposal/attempts/batch7_repair_proposal_htzhulab_59828884/variants/batch7_repair_proposal_htzhulab_59828884/predictions/fold_0/step_400/argmax/Case3023.nii.gz
formal_400,400,400,Case3026,CenterC,C0+LGE+T2,True,myops_edema,4,True,0.21919504643962848,0.22713864306784662,0.007943596628218141,17.325748731744103,15.236294770564399,-2.0894539611797036,4,30,26.0,0.0,312.5445308918516,312.5445308918516,200,results/20260721_srr_batch7_mechanism_closure_repair/runtime/stages/proposal/attempts/batch7_repair_proposal_htzhulab_59828884/variants/batch7_repair_proposal_htzhulab_59828884/predictions/fold_0/step_400/argmax/Case3026.nii.gz
formal_400,400,400,Case3026,CenterC,C0+LGE+T2,True,myops_scar,5,True,0.8081740276862228,0.7971092077087795,-0.011064819977443352,2.916266679763794,2.916266679763794,0.0,1,3,2.0,0.0,0.0,0.0,129,results/20260721_srr_batch7_mechanism_closure_repair/runtime/stages/proposal/attempts/batch7_repair_proposal_htzhulab_59828884/variants/batch7_repair_proposal_htzhulab_59828884/predictions/fold_0/step_400/argmax/Case3026.nii.gz
formal_400,400,400,Case3034,CenterC,C0+LGE+T2,True,myops_edema,4,True,0.6546035125066525,0.6611612903225806,0.006557777815928145,9.135179190762985,7.750085008677168,-1.3850941820858171,5,28,23.0,0.0,0.0,0.0,173,results/20260721_srr_batch7_mechanism_closure_repair/runtime/stages/proposal/attempts/batch7_repair_proposal_htzhulab_59828884/variants/batch7_repair_proposal_htzhulab_59828884/predictions/fold_0/step_400/argmax/Case3034.nii.gz
formal_400,400,400,Case3034,CenterC,C0+LGE+T2,True,myops_scar,5,True,0.8293831423638361,0.831532104259377,0.002148961895540813,1.6302426341173635,1.6302426341173635,0.0,1,7,6.0,0.0,0.0,0.0,133,results/20260721_srr_batch7_mechanism_closure_repair/runtime/stages/proposal/attempts/batch7_repair_proposal_htzhulab_59828884/variants/batch7_repair_proposal_htzhulab_59828884/predictions/fold_0/step_400/argmax/Case3034.nii.gz
formal_400,400,400,Case3038,CenterC,C0+LGE+T2,True,myops_edema,4,True,0.16778761061946904,0.16727272727272727,-0.0005148833467417679,28.21288893486063,28.176492576024735,-0.036396358835894205,12,52,40.0,0.0,0.0,0.0,269,results/20260721_srr_batch7_mechanism_closure_repair/runtime/stages/proposal/attempts/batch7_repair_proposal_htzhulab_59828884/variants/batch7_repair_proposal_htzhulab_59828884/predictions/fold_0/step_400/argmax/Case3038.nii.gz
formal_400,400,400,Case3038,CenterC,C0+LGE+T2,True,myops_scar,5,True,0.75830144426614,0.7553840408315697,-0.0029174034345702538,8.297908510253126,5.98370692256533,-2.314201587687797,1,6,5.0,0.0,0.0,0.0,172,results/20260721_srr_batch7_mechanism_closure_repair/runtime/stages/proposal/attempts/batch7_repair_proposal_htzhulab_59828884/variants/batch7_repair_proposal_htzhulab_59828884/predictions/fold_0/step_400/argmax/Case3038.nii.gz
formal_400,400,400,Case3040,CenterC,C0+LGE+T2,True,myops_edema,4,True,0.24913093858632676,0.24118942731277532,-0.007941511273551444,24.13887469193756,24.135020311357913,-0.003854380579646488,10,30,20.0,0.0,0.0,0.0,130,results/20260721_srr_batch7_mechanism_closure_repair/runtime/stages/proposal/attempts/batch7_repair_proposal_htzhulab_59828884/variants/batch7_repair_proposal_htzhulab_59828884/predictions/fold_0/step_400/argmax/Case3040.nii.gz
formal_400,400,400,Case3040,CenterC,C0+LGE+T2,True,myops_scar,5,True,0.8691367757193535,0.8549098196392786,-0.01422695608007496,1.458133339881897,1.458133339881897,0.0,1,14,13.0,0.0,0.0,0.0,116,results/20260721_srr_batch7_mechanism_closure_repair/runtime/stages/proposal/attempts/batch7_repair_proposal_htzhulab_59828884/variants/batch7_repair_proposal_htzhulab_59828884/predictions/fold_0/step_400/argmax/Case3040.nii.gz
formal_400,400,400,Case3044,CenterC,C0+LGE+T2,True,myops_edema,4,True,0.16612529002320187,0.16041397153945666,-0.005711318483745204,22.61223504639135,25.13694319546694,2.5247081490755896,19,66,47.0,0.0,0.0,0.0,270,results/20260721_srr_batch7_mechanism_closure_repair/runtime/stages/proposal/attempts/batch7_repair_proposal_htzhulab_59828884/variants/batch7_repair_proposal_htzhulab_59828884/predictions/fold_0/step_400/argmax/Case3044.nii.gz
formal_400,400,400,Case3044,CenterC,C0+LGE+T2,True,myops_scar,5,True,0.7844537386514332,0.7702184943564254,-0.014235244295007776,4.89072790235209,3.926144173020743,-0.9645837293313471,2,10,8.0,0.0,0.0,0.0,218,results/20260721_srr_batch7_mechanism_closure_repair/runtime/stages/proposal/attempts/batch7_repair_proposal_htzhulab_59828884/variants/batch7_repair_proposal_htzhulab_59828884/predictions/fold_0/step_400/argmax/Case3044.nii.gz
formal_400,400,400,Case5005,CenterE,C0+LGE,False,myops_edema,4,False,1.0,1.0,0.0,0.0,0.0,0.0,0,0,0.0,0.0,0.0,0.0,0,results/20260721_srr_batch7_mechanism_closure_repair/runtime/stages/proposal/attempts/batch7_repair_proposal_htzhulab_59828884/variants/batch7_repair_proposal_htzhulab_59828884/predictions/fold_0/step_400/argmax/Case5005.nii.gz
formal_400,400,400,Case5005,CenterE,C0+LGE,False,myops_scar,5,True,0.5725747629467542,0.5746710129180249,0.0020962499712706695,11.148974014770653,10.0,-1.148974014770653,1,20,19.0,0.0,0.0,0.0,59,results/20260721_srr_batch7_mechanism_closure_repair/runtime/stages/proposal/attempts/batch7_repair_proposal_htzhulab_59828884/variants/batch7_repair_proposal_htzhulab_59828884/predictions/fold_0/step_400/argmax/Case5005.nii.gz
formal_400,400,400,Case6001,CenterF,C0+LGE,False,myops_edema,4,False,1.0,1.0,0.0,0.0,0.0,0.0,0,0,0.0,0.0,0.0,0.0,0,results/20260721_srr_batch7_mechanism_closure_repair/runtime/stages/proposal/attempts/batch7_repair_proposal_htzhulab_59828884/variants/batch7_repair_proposal_htzhulab_59828884/predictions/fold_0/step_400/argmax/Case6001.nii.gz
formal_400,400,400,Case6001,CenterF,C0+LGE,False,myops_scar,5,True,0.44598337950138506,0.446961894953656,0.000978515452270956,10.606601717798213,10.077822185373186,-0.5287795324250268,14,27,13.0,0.0,0.0,0.0,27,results/20260721_srr_batch7_mechanism_closure_repair/runtime/stages/proposal/attempts/batch7_repair_proposal_htzhulab_59828884/variants/batch7_repair_proposal_htzhulab_59828884/predictions/fold_0/step_400/argmax/Case6001.nii.gz
formal_400,400,400,Case6010,CenterF,C0+LGE,False,myops_edema,4,False,1.0,1.0,0.0,0.0,0.0,0.0,0,0,0.0,0.0,0.0,0.0,0,results/20260721_srr_batch7_mechanism_closure_repair/runtime/stages/proposal/attempts/batch7_repair_proposal_htzhulab_59828884/variants/batch7_repair_proposal_htzhulab_59828884/predictions/fold_0/step_400/argmax/Case6010.nii.gz
formal_400,400,400,Case6010,CenterF,C0+LGE,False,myops_scar,5,True,0.49259110933119743,0.49184241941902107,-0.000748689912176359,13.050383136138187,11.792476415070755,-1.2579067210674317,9,21,12.0,0.0,0.0,0.0,18,results/20260721_srr_batch7_mechanism_closure_repair/runtime/stages/proposal/attempts/batch7_repair_proposal_htzhulab_59828884/variants/batch7_repair_proposal_htzhulab_59828884/predictions/fold_0/step_400/argmax/Case6010.nii.gz
formal_400,400,400,Case7005,CenterG,C0+LGE,False,myops_edema,4,False,1.0,1.0,0.0,0.0,0.0,0.0,0,0,0.0,0.0,0.0,0.0,0,results/20260721_srr_batch7_mechanism_closure_repair/runtime/stages/proposal/attempts/batch7_repair_proposal_htzhulab_59828884/variants/batch7_repair_proposal_htzhulab_59828884/predictions/fold_0/step_400/argmax/Case7005.nii.gz
formal_400,400,400,Case7005,CenterG,C0+LGE,False,myops_scar,5,False,0.0,0.0,0.0,,,,7,17,10.0,0.0,0.0,0.0,11,results/20260721_srr_batch7_mechanism_closure_repair/runtime/stages/proposal/attempts/batch7_repair_proposal_htzhulab_59828884/variants/batch7_repair_proposal_htzhulab_59828884/predictions/fold_0/step_400/argmax/Case7005.nii.gz
formal_400,400,400,Case8003,CenterH,LGE-only,False,myops_edema,4,False,1.0,1.0,0.0,0.0,0.0,0.0,0,0,0.0,0.0,0.0,0.0,0,results/20260721_srr_batch7_mechanism_closure_repair/runtime/stages/proposal/attempts/batch7_repair_proposal_htzhulab_59828884/variants/batch7_repair_proposal_htzhulab_59828884/predictions/fold_0/step_400/argmax/Case8003.nii.gz
formal_400,400,400,Case8003,CenterH,LGE-only,False,myops_scar,5,True,0.7172976649285876,0.717494894486045,0.00019722955745737902,8.754271418365223,8.754271418365223,0.0,3,3,0.0,357.4849690267001,357.4849690267001,0.0,4,results/20260721_srr_batch7_mechanism_closure_repair/runtime/stages/proposal/attempts/batch7_repair_proposal_htzhulab_59828884/variants/batch7_repair_proposal_htzhulab_59828884/predictions/fold_0/step_400/argmax/Case8003.nii.gz
formal_400,400,400,Case8011,CenterH,LGE-only,False,myops_edema,4,False,1.0,1.0,0.0,0.0,0.0,0.0,0,0,0.0,0.0,0.0,0.0,0,results/20260721_srr_batch7_mechanism_closure_repair/runtime/stages/proposal/attempts/batch7_repair_proposal_htzhulab_59828884/variants/batch7_repair_proposal_htzhulab_59828884/predictions/fold_0/step_400/argmax/Case8011.nii.gz
formal_400,400,400,Case8011,CenterH,LGE-only,False,myops_scar,5,True,0.22406639004149378,0.225,0.0009336099585062207,31.32764229603699,31.336413492097456,0.008771196060465059,3,3,0.0,1809.5167533436324,1809.5167533436324,0.0,2,results/20260721_srr_batch7_mechanism_closure_repair/runtime/stages/proposal/attempts/batch7_repair_proposal_htzhulab_59828884/variants/batch7_repair_proposal_htzhulab_59828884/predictions/fold_0/step_400/argmax/Case8011.nii.gz
formal_400,400,400,Case8015,CenterH,LGE-only,False,myops_edema,4,False,1.0,1.0,0.0,0.0,0.0,0.0,0,0,0.0,0.0,0.0,0.0,0,results/20260721_srr_batch7_mechanism_closure_repair/runtime/stages/proposal/attempts/batch7_repair_proposal_htzhulab_59828884/variants/batch7_repair_proposal_htzhulab_59828884/predictions/fold_0/step_400/argmax/Case8015.nii.gz
formal_400,400,400,Case8015,CenterH,LGE-only,False,myops_scar,5,True,0.46925795053003533,0.4692144373673036,-4.351316273171202e-05,20.046675576268406,20.046675576268406,0.0,3,3,0.0,2598.1903076171875,2560.8062744140625,-37.384033203125,4,results/20260721_srr_batch7_mechanism_closure_repair/runtime/stages/proposal/attempts/batch7_repair_proposal_htzhulab_59828884/variants/batch7_repair_proposal_htzhulab_59828884/predictions/fold_0/step_400/argmax/Case8015.nii.gz
formal_400,400,400,Case8019,CenterH,LGE-only,False,myops_edema,4,False,1.0,1.0,0.0,0.0,0.0,0.0,0,0,0.0,0.0,0.0,0.0,0,results/20260721_srr_batch7_mechanism_closure_repair/runtime/stages/proposal/attempts/batch7_repair_proposal_htzhulab_59828884/variants/batch7_repair_proposal_htzhulab_59828884/predictions/fold_0/step_400/argmax/Case8019.nii.gz
formal_400,400,400,Case8019,CenterH,LGE-only,False,myops_scar,5,True,0.6588021778584392,0.659400544959128,0.0005983671006888347,11.25,11.25,0.0,1,1,0.0,4833.641052246094,4808.8531494140625,-24.78790283203125,1,results/20260721_srr_batch7_mechanism_closure_repair/runtime/stages/proposal/attempts/batch7_repair_proposal_htzhulab_59828884/variants/batch7_repair_proposal_htzhulab_59828884/predictions/fold_0/step_400/argmax/Case8019.nii.gz
formal_400,400,400,Case8021,CenterH,LGE-only,False,myops_edema,4,False,1.0,1.0,0.0,0.0,0.0,0.0,0,0,0.0,0.0,0.0,0.0,0,results/20260721_srr_batch7_mechanism_closure_repair/runtime/stages/proposal/attempts/batch7_repair_proposal_htzhulab_59828884/variants/batch7_repair_proposal_htzhulab_59828884/predictions/fold_0/step_400/argmax/Case8021.nii.gz
formal_400,400,400,Case8021,CenterH,LGE-only,False,myops_scar,5,True,0.0,0.0,0.0,,,,0,0,0.0,0.0,0.0,0.0,0,results/20260721_srr_batch7_mechanism_closure_repair/runtime/stages/proposal/attempts/batch7_repair_proposal_htzhulab_59828884/variants/batch7_repair_proposal_htzhulab_59828884/predictions/fold_0/step_400/argmax/Case8021.nii.gz
formal_400,400,400,Case8022,CenterH,LGE-only,False,myops_edema,4,False,1.0,1.0,0.0,0.0,0.0,0.0,0,0,0.0,0.0,0.0,0.0,0,results/20260721_srr_batch7_mechanism_closure_repair/runtime/stages/proposal/attempts/batch7_repair_proposal_htzhulab_59828884/variants/batch7_repair_proposal_htzhulab_59828884/predictions/fold_0/step_400/argmax/Case8022.nii.gz
formal_400,400,400,Case8022,CenterH,LGE-only,False,myops_scar,5,True,0.6748560460652591,0.675124951941561,0.0002689058763019059,10.093025488583056,10.093025488583056,0.0,2,2,0.0,485.992338944925,467.3003259085817,-18.69201303634327,4,results/20260721_srr_batch7_mechanism_closure_repair/runtime/stages/proposal/attempts/batch7_repair_proposal_htzhulab_59828884/variants/batch7_repair_proposal_htzhulab_59828884/predictions/fold_0/step_400/argmax/Case8022.nii.gz
formal_400,400,400,Case8023,CenterH,LGE-only,False,myops_edema,4,False,1.0,1.0,0.0,0.0,0.0,0.0,0,0,0.0,0.0,0.0,0.0,0,results/20260721_srr_batch7_mechanism_closure_repair/runtime/stages/proposal/attempts/batch7_repair_proposal_htzhulab_59828884/variants/batch7_repair_proposal_htzhulab_59828884/predictions/fold_0/step_400/argmax/Case8023.nii.gz
formal_400,400,400,Case8023,CenterH,LGE-only,False,myops_scar,5,True,0.45514445007602633,0.4549618320610687,-0.00018261801495761398,32.0090827611819,32.314048311949804,0.30496555076790344,1,1,0.0,14565.371466655051,14436.474374029785,-128.89709262526594,8,results/20260721_srr_batch7_mechanism_closure_repair/runtime/stages/proposal/attempts/batch7_repair_proposal_htzhulab_59828884/variants/batch7_repair_proposal_htzhulab_59828884/predictions/fold_0/step_400/argmax/Case8023.nii.gz
formal_600,600,600,Case1002,CenterA,LGE-only,False,myops_edema,4,False,1.0,1.0,0.0,0.0,0.0,0.0,0,0,0.0,0.0,0.0,0.0,0,results/20260721_srr_batch7_mechanism_closure_repair/runtime/stages/proposal/attempts/batch7_repair_proposal_htzhulab_59828884/variants/batch7_repair_proposal_htzhulab_59828884/predictions/fold_0/step_600/argmax/Case1002.nii.gz
formal_600,600,600,Case1002,CenterA,LGE-only,False,myops_scar,5,True,0.6167400881057269,0.6161971830985915,-0.0005429050071353858,4.323466070663145,4.323466070663145,0.0,3,6,3.0,0.0,0.0,0.0,3,results/20260721_srr_batch7_mechanism_closure_repair/runtime/stages/proposal/attempts/batch7_repair_proposal_htzhulab_59828884/variants/batch7_repair_proposal_htzhulab_59828884/predictions/fold_0/step_600/argmax/Case1002.nii.gz
formal_600,600,600,Case1007,CenterA,LGE-only,False,myops_edema,4,False,1.0,1.0,0.0,0.0,0.0,0.0,0,0,0.0,0.0,0.0,0.0,0,results/20260721_srr_batch7_mechanism_closure_repair/runtime/stages/proposal/attempts/batch7_repair_proposal_htzhulab_59828884/variants/batch7_repair_proposal_htzhulab_59828884/predictions/fold_0/step_600/argmax/Case1007.nii.gz
formal_600,600,600,Case1007,CenterA,LGE-only,False,myops_scar,5,True,0.5810928013876843,0.5814927096867331,0.0003999082990487901,6.836000084877014,6.836000084877014,0.0,8,10,2.0,0.0,0.0,0.0,9,results/20260721_srr_batch7_mechanism_closure_repair/runtime/stages/proposal/attempts/batch7_repair_proposal_htzhulab_59828884/variants/batch7_repair_proposal_htzhulab_59828884/predictions/fold_0/step_600/argmax/Case1007.nii.gz
formal_600,600,600,Case1009,CenterA,LGE-only,False,myops_edema,4,False,1.0,1.0,0.0,0.0,0.0,0.0,0,0,0.0,0.0,0.0,0.0,0,results/20260721_srr_batch7_mechanism_closure_repair/runtime/stages/proposal/attempts/batch7_repair_proposal_htzhulab_59828884/variants/batch7_repair_proposal_htzhulab_59828884/predictions/fold_0/step_600/argmax/Case1009.nii.gz
formal_600,600,600,Case1009,CenterA,LGE-only,False,myops_scar,5,True,0.6048804535370964,0.6049261083743842,4.565483728780073e-05,8.496820117260281,8.469409493018894,-0.027410624241387183,1,4,3.0,0.0,0.0,0.0,6,results/20260721_srr_batch7_mechanism_closure_repair/runtime/stages/proposal/attempts/batch7_repair_proposal_htzhulab_59828884/variants/batch7_repair_proposal_htzhulab_59828884/predictions/fold_0/step_600/argmax/Case1009.nii.gz
formal_600,600,600,Case1010,CenterA,LGE-only,False,myops_edema,4,False,1.0,1.0,0.0,0.0,0.0,0.0,0,0,0.0,0.0,0.0,0.0,0,results/20260721_srr_batch7_mechanism_closure_repair/runtime/stages/proposal/attempts/batch7_repair_proposal_htzhulab_59828884/variants/batch7_repair_proposal_htzhulab_59828884/predictions/fold_0/step_600/argmax/Case1010.nii.gz
formal_600,600,600,Case1010,CenterA,LGE-only,False,myops_scar,5,True,0.48279378027020137,0.4809934110491637,-0.0018003692210376565,9.103254137198277,9.103254137198277,0.0,7,20,13.0,285.9930906218839,285.9930906218839,0.0,23,results/20260721_srr_batch7_mechanism_closure_repair/runtime/stages/proposal/attempts/batch7_repair_proposal_htzhulab_59828884/variants/batch7_repair_proposal_htzhulab_59828884/predictions/fold_0/step_600/argmax/Case1010.nii.gz
formal_600,600,600,Case1021,CenterA,LGE-only,False,myops_edema,4,False,1.0,1.0,0.0,0.0,0.0,0.0,0,0,0.0,0.0,0.0,0.0,0,results/20260721_srr_batch7_mechanism_closure_repair/runtime/stages/proposal/attempts/batch7_repair_proposal_htzhulab_59828884/variants/batch7_repair_proposal_htzhulab_59828884/predictions/fold_0/step_600/argmax/Case1021.nii.gz
formal_600,600,600,Case1021,CenterA,LGE-only,False,myops_scar,5,True,0.5699192044748291,0.569922480620155,3.27614532591447e-06,7.972077529615252,6.90368982520949,-1.0683877044057617,4,9,5.0,0.0,0.0,0.0,7,results/20260721_srr_batch7_mechanism_closure_repair/runtime/stages/proposal/attempts/batch7_repair_proposal_htzhulab_59828884/variants/batch7_repair_proposal_htzhulab_59828884/predictions/fold_0/step_600/argmax/Case1021.nii.gz
formal_600,600,600,Case1023,CenterA,LGE-only,False,myops_edema,4,False,1.0,1.0,0.0,0.0,0.0,0.0,0,0,0.0,0.0,0.0,0.0,0,results/20260721_srr_batch7_mechanism_closure_repair/runtime/stages/proposal/attempts/batch7_repair_proposal_htzhulab_59828884/variants/batch7_repair_proposal_htzhulab_59828884/predictions/fold_0/step_600/argmax/Case1023.nii.gz
formal_600,600,600,Case1023,CenterA,LGE-only,False,myops_scar,5,True,0.6466011466011466,0.6434676434676435,-0.003133503133503135,5.0,5.0,0.0,5,15,10.0,0.0,0.0,0.0,30,results/20260721_srr_batch7_mechanism_closure_repair/runtime/stages/proposal/attempts/batch7_repair_proposal_htzhulab_59828884/variants/batch7_repair_proposal_htzhulab_59828884/predictions/fold_0/step_600/argmax/Case1023.nii.gz
formal_600,600,600,Case1029,CenterA,LGE-only,False,myops_edema,4,False,1.0,1.0,0.0,0.0,0.0,0.0,0,0,0.0,0.0,0.0,0.0,0,results/20260721_srr_batch7_mechanism_closure_repair/runtime/stages/proposal/attempts/batch7_repair_proposal_htzhulab_59828884/variants/batch7_repair_proposal_htzhulab_59828884/predictions/fold_0/step_600/argmax/Case1029.nii.gz
formal_600,600,600,Case1029,CenterA,LGE-only,False,myops_scar,5,True,0.16436865021770683,0.1635969664138678,-0.0007716838038390184,51.395270620488255,51.431287852672035,0.036017232183780834,12,24,12.0,0.0,0.0,0.0,26,results/20260721_srr_batch7_mechanism_closure_repair/runtime/stages/proposal/attempts/batch7_repair_proposal_htzhulab_59828884/variants/batch7_repair_proposal_htzhulab_59828884/predictions/fold_0/step_600/argmax/Case1029.nii.gz
formal_600,600,600,Case1033,CenterA,LGE-only,False,myops_edema,4,False,1.0,1.0,0.0,0.0,0.0,0.0,0,0,0.0,0.0,0.0,0.0,0,results/20260721_srr_batch7_mechanism_closure_repair/runtime/stages/proposal/attempts/batch7_repair_proposal_htzhulab_59828884/variants/batch7_repair_proposal_htzhulab_59828884/predictions/fold_0/step_600/argmax/Case1033.nii.gz
formal_600,600,600,Case1033,CenterA,LGE-only,False,myops_scar,5,True,0.671361030077457,0.6710936713955127,-0.00026735868194427415,7.152037197524651,7.152037197524651,0.0,6,9,3.0,0.0,0.0,0.0,14,results/20260721_srr_batch7_mechanism_closure_repair/runtime/stages/proposal/attempts/batch7_repair_proposal_htzhulab_59828884/variants/batch7_repair_proposal_htzhulab_59828884/predictions/fold_0/step_600/argmax/Case1033.nii.gz
formal_600,600,600,Case1040,CenterA,LGE-only,False,myops_edema,4,False,1.0,1.0,0.0,0.0,0.0,0.0,0,0,0.0,0.0,0.0,0.0,0,results/20260721_srr_batch7_mechanism_closure_repair/runtime/stages/proposal/attempts/batch7_repair_proposal_htzhulab_59828884/variants/batch7_repair_proposal_htzhulab_59828884/predictions/fold_0/step_600/argmax/Case1040.nii.gz
formal_600,600,600,Case1040,CenterA,LGE-only,False,myops_scar,5,True,0.4280078895463511,0.4279234864918162,-8.440305453488728e-05,8.5,8.5,0.0,6,6,0.0,0.0,0.0,0.0,1,results/20260721_srr_batch7_mechanism_closure_repair/runtime/stages/proposal/attempts/batch7_repair_proposal_htzhulab_59828884/variants/batch7_repair_proposal_htzhulab_59828884/predictions/fold_0/step_600/argmax/Case1040.nii.gz
formal_600,600,600,Case1042,CenterA,LGE-only,False,myops_edema,4,False,1.0,1.0,0.0,0.0,0.0,0.0,0,0,0.0,0.0,0.0,0.0,0,results/20260721_srr_batch7_mechanism_closure_repair/runtime/stages/proposal/attempts/batch7_repair_proposal_htzhulab_59828884/variants/batch7_repair_proposal_htzhulab_59828884/predictions/fold_0/step_600/argmax/Case1042.nii.gz
formal_600,600,600,Case1042,CenterA,LGE-only,False,myops_scar,5,True,0.7573770491803279,0.752851711026616,-0.004525338153711922,3.057152176795867,6.7999152983126185,3.7427631215167514,4,10,6.0,863.5869795249043,1017.7989401543515,154.21196062944716,11,results/20260721_srr_batch7_mechanism_closure_repair/runtime/stages/proposal/attempts/batch7_repair_proposal_htzhulab_59828884/variants/batch7_repair_proposal_htzhulab_59828884/predictions/fold_0/step_600/argmax/Case1042.nii.gz
formal_600,600,600,Case1045,CenterA,LGE-only,False,myops_edema,4,False,1.0,1.0,0.0,0.0,0.0,0.0,0,0,0.0,0.0,0.0,0.0,0,results/20260721_srr_batch7_mechanism_closure_repair/runtime/stages/proposal/attempts/batch7_repair_proposal_htzhulab_59828884/variants/batch7_repair_proposal_htzhulab_59828884/predictions/fold_0/step_600/argmax/Case1045.nii.gz
formal_600,600,600,Case1045,CenterA,LGE-only,False,myops_scar,5,True,0.09968847352024922,0.09937888198757763,-0.00030959153267158535,58.23937490442107,45.517520041160836,-12.721854863260234,7,13,6.0,0.0,0.0,0.0,6,results/20260721_srr_batch7_mechanism_closure_repair/runtime/stages/proposal/attempts/batch7_repair_proposal_htzhulab_59828884/variants/batch7_repair_proposal_htzhulab_59828884/predictions/fold_0/step_600/argmax/Case1045.nii.gz
formal_600,600,600,Case1047,CenterA,LGE-only,False,myops_edema,4,False,1.0,1.0,0.0,0.0,0.0,0.0,0,0,0.0,0.0,0.0,0.0,0,results/20260721_srr_batch7_mechanism_closure_repair/runtime/stages/proposal/attempts/batch7_repair_proposal_htzhulab_59828884/variants/batch7_repair_proposal_htzhulab_59828884/predictions/fold_0/step_600/argmax/Case1047.nii.gz
formal_600,600,600,Case1047,CenterA,LGE-only,False,myops_scar,5,True,0.6283120251991847,0.6283177656524553,5.740453270619561e-06,5.781199932098389,5.7754279636857735,-0.0057719684126151805,13,27,14.0,0.0,0.0,0.0,21,results/20260721_srr_batch7_mechanism_closure_repair/runtime/stages/proposal/attempts/batch7_repair_proposal_htzhulab_59828884/variants/batch7_repair_proposal_htzhulab_59828884/predictions/fold_0/step_600/argmax/Case1047.nii.gz
formal_600,600,600,Case1053,CenterA,LGE-only,False,myops_edema,4,False,1.0,1.0,0.0,0.0,0.0,0.0,0,0,0.0,0.0,0.0,0.0,0,results/20260721_srr_batch7_mechanism_closure_repair/runtime/stages/proposal/attempts/batch7_repair_proposal_htzhulab_59828884/variants/batch7_repair_proposal_htzhulab_59828884/predictions/fold_0/step_600/argmax/Case1053.nii.gz
formal_600,600,600,Case1053,CenterA,LGE-only,False,myops_scar,5,True,0.5196241017136539,0.5161998901702362,-0.0034242115434177656,27.536782421660927,27.61624153185446,0.07945911019353247,15,24,9.0,0.0,0.0,0.0,12,results/20260721_srr_batch7_mechanism_closure_repair/runtime/stages/proposal/attempts/batch7_repair_proposal_htzhulab_59828884/variants/batch7_repair_proposal_htzhulab_59828884/predictions/fold_0/step_600/argmax/Case1053.nii.gz
formal_600,600,600,Case1062,CenterA,LGE-only,False,myops_edema,4,False,1.0,1.0,0.0,0.0,0.0,0.0,0,0,0.0,0.0,0.0,0.0,0,results/20260721_srr_batch7_mechanism_closure_repair/runtime/stages/proposal/attempts/batch7_repair_proposal_htzhulab_59828884/variants/batch7_repair_proposal_htzhulab_59828884/predictions/fold_0/step_600/argmax/Case1062.nii.gz
formal_600,600,600,Case1062,CenterA,LGE-only,False,myops_scar,5,True,0.5070823546159869,0.5063201249822469,-0.0007622296337400636,15.291149322372709,15.463207822394388,0.172058500021679,3,23,20.0,0.0,0.0,0.0,43,results/20260721_srr_batch7_mechanism_closure_repair/runtime/stages/proposal/attempts/batch7_repair_proposal_htzhulab_59828884/variants/batch7_repair_proposal_htzhulab_59828884/predictions/fold_0/step_600/argmax/Case1062.nii.gz
formal_600,600,600,Case1070,CenterA,LGE-only,False,myops_edema,4,False,1.0,1.0,0.0,0.0,0.0,0.0,0,0,0.0,0.0,0.0,0.0,0,results/20260721_srr_batch7_mechanism_closure_repair/runtime/stages/proposal/attempts/batch7_repair_proposal_htzhulab_59828884/variants/batch7_repair_proposal_htzhulab_59828884/predictions/fold_0/step_600/argmax/Case1070.nii.gz
formal_600,600,600,Case1070,CenterA,LGE-only,False,myops_scar,5,True,0.5004500450045004,0.4996791992814064,-0.0007708457230939936,34.297412438841505,34.256704274949406,-0.040708163892098526,24,37,13.0,0.0,0.0,0.0,22,results/20260721_srr_batch7_mechanism_closure_repair/runtime/stages/proposal/attempts/batch7_repair_proposal_htzhulab_59828884/variants/batch7_repair_proposal_htzhulab_59828884/predictions/fold_0/step_600/argmax/Case1070.nii.gz
formal_600,600,600,Case1073,CenterA,LGE-only,False,myops_edema,4,False,1.0,1.0,0.0,0.0,0.0,0.0,0,0,0.0,0.0,0.0,0.0,0,results/20260721_srr_batch7_mechanism_closure_repair/runtime/stages/proposal/attempts/batch7_repair_proposal_htzhulab_59828884/variants/batch7_repair_proposal_htzhulab_59828884/predictions/fold_0/step_600/argmax/Case1073.nii.gz
formal_600,600,600,Case1073,CenterA,LGE-only,False,myops_scar,5,True,0.4282765737874097,0.42985842985842987,0.0015818560710201823,10.678173489481713,10.5,-0.17817348948171308,9,16,7.0,0.0,0.0,0.0,9,results/20260721_srr_batch7_mechanism_closure_repair/runtime/stages/proposal/attempts/batch7_repair_proposal_htzhulab_59828884/variants/batch7_repair_proposal_htzhulab_59828884/predictions/fold_0/step_600/argmax/Case1073.nii.gz
formal_600,600,600,Case1080,CenterA,LGE-only,False,myops_edema,4,False,1.0,1.0,0.0,0.0,0.0,0.0,0,0,0.0,0.0,0.0,0.0,0,results/20260721_srr_batch7_mechanism_closure_repair/runtime/stages/proposal/attempts/batch7_repair_proposal_htzhulab_59828884/variants/batch7_repair_proposal_htzhulab_59828884/predictions/fold_0/step_600/argmax/Case1080.nii.gz
formal_600,600,600,Case1080,CenterA,LGE-only,False,myops_scar,5,True,0.6369426751592356,0.6348414677591735,-0.002101207400062144,11.0,11.0,0.0,5,6,1.0,1478.5105621922057,1405.7969279860317,-72.71363420617399,19,results/20260721_srr_batch7_mechanism_closure_repair/runtime/stages/proposal/attempts/batch7_repair_proposal_htzhulab_59828884/variants/batch7_repair_proposal_htzhulab_59828884/predictions/fold_0/step_600/argmax/Case1080.nii.gz
formal_600,600,600,Case2002,CenterB,C0+LGE+T2,True,myops_edema,4,True,0.5376005596362364,0.5386077042667128,0.0010071446304763532,17.453201935819685,16.799600069644516,-0.653601866175169,5,12,7.0,3792.41943359375,3651.30615234375,-141.11328125,153,results/20260721_srr_batch7_mechanism_closure_repair/runtime/stages/proposal/attempts/batch7_repair_proposal_htzhulab_59828884/variants/batch7_repair_proposal_htzhulab_59828884/predictions/fold_0/step_600/argmax/Case2002.nii.gz
formal_600,600,600,Case2002,CenterB,C0+LGE+T2,True,myops_scar,5,True,0.5602700096432015,0.5532123589995096,-0.007057650643691904,21.415372143918024,23.23663741490442,1.8212652709863946,5,21,16.0,17.63916015625,282.2265625,264.58740234375,135,results/20260721_srr_batch7_mechanism_closure_repair/runtime/stages/proposal/attempts/batch7_repair_proposal_htzhulab_59828884/variants/batch7_repair_proposal_htzhulab_59828884/predictions/fold_0/step_600/argmax/Case2002.nii.gz
formal_600,600,600,Case2007,CenterB,C0+LGE+T2,True,myops_edema,4,True,0.5701357466063348,0.5723781388478582,0.002242392241523339,7.5130097186944615,7.5130097186944615,0.0,14,31,17.0,0.0,0.0,0.0,96,results/20260721_srr_batch7_mechanism_closure_repair/runtime/stages/proposal/attempts/batch7_repair_proposal_htzhulab_59828884/variants/batch7_repair_proposal_htzhulab_59828884/predictions/fold_0/step_600/argmax/Case2007.nii.gz
formal_600,600,600,Case2007,CenterB,C0+LGE+T2,True,myops_scar,5,True,0.4898728214790391,0.47468958930276983,-0.015183232176269268,11.682996338833703,11.86448738282903,0.1814910439953259,3,10,7.0,0.0,0.0,0.0,81,results/20260721_srr_batch7_mechanism_closure_repair/runtime/stages/proposal/attempts/batch7_repair_proposal_htzhulab_59828884/variants/batch7_repair_proposal_htzhulab_59828884/predictions/fold_0/step_600/argmax/Case2007.nii.gz
formal_600,600,600,Case2008,CenterB,C0+LGE+T2,True,myops_edema,4,True,0.3485546711353163,0.3548252911813644,0.006270620046048114,33.237885822186755,33.15838739181931,-0.07949843036744397,5,17,12.0,0.0,0.0,0.0,54,results/20260721_srr_batch7_mechanism_closure_repair/runtime/stages/proposal/attempts/batch7_repair_proposal_htzhulab_59828884/variants/batch7_repair_proposal_htzhulab_59828884/predictions/fold_0/step_600/argmax/Case2008.nii.gz
formal_600,600,600,Case2008,CenterB,C0+LGE+T2,True,myops_scar,5,True,0.7531584062196307,0.7536945812807881,0.0005361750611574401,6.640625,6.640625,0.0,1,3,2.0,0.0,0.0,0.0,42,results/20260721_srr_batch7_mechanism_closure_repair/runtime/stages/proposal/attempts/batch7_repair_proposal_htzhulab_59828884/variants/batch7_repair_proposal_htzhulab_59828884/predictions/fold_0/step_600/argmax/Case2008.nii.gz
formal_600,600,600,Case2017,CenterB,C0+LGE+T2,True,myops_edema,4,True,0.6796246648793566,0.6816104461371055,0.001985781257748953,10.0,10.0,0.0,6,12,6.0,0.0,0.0,0.0,171,results/20260721_srr_batch7_mechanism_closure_repair/runtime/stages/proposal/attempts/batch7_repair_proposal_htzhulab_59828884/variants/batch7_repair_proposal_htzhulab_59828884/predictions/fold_0/step_600/argmax/Case2017.nii.gz
formal_600,600,600,Case2017,CenterB,C0+LGE+T2,True,myops_scar,5,True,0.5470588235294118,0.5539387857501255,0.006879962220713631,11.338866091557966,11.338866091557966,0.0,2,15,13.0,0.0,0.0,0.0,109,results/20260721_srr_batch7_mechanism_closure_repair/runtime/stages/proposal/attempts/batch7_repair_proposal_htzhulab_59828884/variants/batch7_repair_proposal_htzhulab_59828884/predictions/fold_0/step_600/argmax/Case2017.nii.gz
formal_600,600,600,Case2020,CenterB,C0+LGE+T2,True,myops_edema,4,True,0.5630676084762866,0.5656768998490186,0.0026092913727320255,7.5130097186944615,7.5130097186944615,0.0,4,4,0.0,0.0,0.0,0.0,9,results/20260721_srr_batch7_mechanism_closure_repair/runtime/stages/proposal/attempts/batch7_repair_proposal_htzhulab_59828884/variants/batch7_repair_proposal_htzhulab_59828884/predictions/fold_0/step_600/argmax/Case2020.nii.gz
formal_600,600,600,Case2020,CenterB,C0+LGE+T2,True,myops_scar,5,True,0.4196185286103542,0.4131326949384405,-0.006485833671913688,20.994429281533453,20.994429281533453,0.0,1,3,2.0,0.0,0.0,0.0,7,results/20260721_srr_batch7_mechanism_closure_repair/runtime/stages/proposal/attempts/batch7_repair_proposal_htzhulab_59828884/variants/batch7_repair_proposal_htzhulab_59828884/predictions/fold_0/step_600/argmax/Case2020.nii.gz
formal_600,600,600,Case2031,CenterB,C0+LGE+T2,True,myops_edema,4,True,0.29880478087649404,0.3111954459203036,0.01239066504380959,25.052956799932126,24.57295880203575,-0.4799979978963762,16,30,14.0,0.0,0.0,0.0,43,results/20260721_srr_batch7_mechanism_closure_repair/runtime/stages/proposal/attempts/batch7_repair_proposal_htzhulab_59828884/variants/batch7_repair_proposal_htzhulab_59828884/predictions/fold_0/step_600/argmax/Case2031.nii.gz
formal_600,600,600,Case2031,CenterB,C0+LGE+T2,True,myops_scar,5,True,0.8013937282229965,0.8037383177570093,0.002344589534012842,5.008673145796307,3.959703799009236,-1.0489693467870715,2,3,1.0,0.0,0.0,0.0,34,results/20260721_srr_batch7_mechanism_closure_repair/runtime/stages/proposal/attempts/batch7_repair_proposal_htzhulab_59828884/variants/batch7_repair_proposal_htzhulab_59828884/predictions/fold_0/step_600/argmax/Case2031.nii.gz
formal_600,600,600,Case2033,CenterB,C0+LGE+T2,True,myops_edema,4,True,0.523033309709426,0.5242582897033159,0.0012249799938899297,10.76453641085509,10.76453641085509,0.0,4,10,6.0,0.0,0.0,0.0,77,results/20260721_srr_batch7_mechanism_closure_repair/runtime/stages/proposal/attempts/batch7_repair_proposal_htzhulab_59828884/variants/batch7_repair_proposal_htzhulab_59828884/predictions/fold_0/step_600/argmax/Case2033.nii.gz
formal_600,600,600,Case2033,CenterB,C0+LGE+T2,True,myops_scar,5,True,0.7208988764044943,0.7126541799908634,-0.008244696413630903,10.0,10.0,0.0,2,6,4.0,0.0,0.0,0.0,66,results/20260721_srr_batch7_mechanism_closure_repair/runtime/stages/proposal/attempts/batch7_repair_proposal_htzhulab_59828884/variants/batch7_repair_proposal_htzhulab_59828884/predictions/fold_0/step_600/argmax/Case2033.nii.gz
formal_600,600,600,Case3004,CenterC,C0+LGE+T2,True,myops_edema,4,True,0.4530451866404715,0.46281951975213015,0.00977433311165865,9.222044972510458,8.748800039291382,-0.47324493321907646,4,10,6.0,0.0,0.0,0.0,144,results/20260721_srr_batch7_mechanism_closure_repair/runtime/stages/proposal/attempts/batch7_repair_proposal_htzhulab_59828884/variants/batch7_repair_proposal_htzhulab_59828884/predictions/fold_0/step_600/argmax/Case3004.nii.gz
formal_600,600,600,Case3004,CenterC,C0+LGE+T2,True,myops_scar,5,True,0.6247040252565115,0.6238238238238238,-0.0008802014326876328,24.000003814697266,24.000003814697266,0.0,1,11,10.0,0.0,0.0,0.0,131,results/20260721_srr_batch7_mechanism_closure_repair/runtime/stages/proposal/attempts/batch7_repair_proposal_htzhulab_59828884/variants/batch7_repair_proposal_htzhulab_59828884/predictions/fold_0/step_600/argmax/Case3004.nii.gz
formal_600,600,600,Case3011,CenterC,C0+LGE+T2,True,myops_edema,4,True,0.26666666666666666,0.28180212014134276,0.015135453474676097,34.26613348722458,32.565906972734915,-1.700226514489664,7,28,21.0,0.0,0.0,0.0,101,results/20260721_srr_batch7_mechanism_closure_repair/runtime/stages/proposal/attempts/batch7_repair_proposal_htzhulab_59828884/variants/batch7_repair_proposal_htzhulab_59828884/predictions/fold_0/step_600/argmax/Case3011.nii.gz
formal_600,600,600,Case3011,CenterC,C0+LGE+T2,True,myops_scar,5,True,0.6389535925461387,0.6414068165337201,0.00245322398758141,10.960275328815657,11.110789437568203,0.1505141087525459,3,5,2.0,0.0,0.0,0.0,75,results/20260721_srr_batch7_mechanism_closure_repair/runtime/stages/proposal/attempts/batch7_repair_proposal_htzhulab_59828884/variants/batch7_repair_proposal_htzhulab_59828884/predictions/fold_0/step_600/argmax/Case3011.nii.gz
formal_600,600,600,Case3012,CenterC,C0+LGE+T2,True,myops_edema,4,True,0.45068083693125205,0.4512334585851985,0.0005526216539464279,22.41202445117764,22.40906026158035,-0.0029641895972893906,18,39,21.0,0.0,0.0,0.0,181,results/20260721_srr_batch7_mechanism_closure_repair/runtime/stages/proposal/attempts/batch7_repair_proposal_htzhulab_59828884/variants/batch7_repair_proposal_htzhulab_59828884/predictions/fold_0/step_600/argmax/Case3012.nii.gz
formal_600,600,600,Case3012,CenterC,C0+LGE+T2,True,myops_scar,5,True,0.8267066766691673,0.81774900019044,-0.008957676478727361,2.916266679763794,2.62868726170387,-0.28757941805992404,2,5,3.0,0.0,0.0,0.0,141,results/20260721_srr_batch7_mechanism_closure_repair/runtime/stages/proposal/attempts/batch7_repair_proposal_htzhulab_59828884/variants/batch7_repair_proposal_htzhulab_59828884/predictions/fold_0/step_600/argmax/Case3012.nii.gz
formal_600,600,600,Case3023,CenterC,C0+LGE+T2,True,myops_edema,4,True,0.16291793313069908,0.178698224852071,0.015780291721371936,41.324851944191856,41.24208621571724,-0.0827657284746195,13,31,18.0,0.0,0.0,0.0,85,results/20260721_srr_batch7_mechanism_closure_repair/runtime/stages/proposal/attempts/batch7_repair_proposal_htzhulab_59828884/variants/batch7_repair_proposal_htzhulab_59828884/predictions/fold_0/step_600/argmax/Case3023.nii.gz
formal_600,600,600,Case3023,CenterC,C0+LGE+T2,True,myops_scar,5,True,0.6612691466083152,0.6593261396168245,-0.0019430069914906367,4.124789669313123,4.124789669313123,0.0,2,5,3.0,0.0,0.0,0.0,49,results/20260721_srr_batch7_mechanism_closure_repair/runtime/stages/proposal/attempts/batch7_repair_proposal_htzhulab_59828884/variants/batch7_repair_proposal_htzhulab_59828884/predictions/fold_0/step_600/argmax/Case3023.nii.gz
formal_600,600,600,Case3026,CenterC,C0+LGE+T2,True,myops_edema,4,True,0.21919504643962848,0.2262256349675133,0.0070305885278848235,17.325748731744103,15.183875121584467,-2.141873610159635,4,32,28.0,0.0,342.3106766910755,342.3106766910755,196,results/20260721_srr_batch7_mechanism_closure_repair/runtime/stages/proposal/attempts/batch7_repair_proposal_htzhulab_59828884/variants/batch7_repair_proposal_htzhulab_59828884/predictions/fold_0/step_600/argmax/Case3026.nii.gz
formal_600,600,600,Case3026,CenterC,C0+LGE+T2,True,myops_scar,5,True,0.8081740276862228,0.798021654858976,-0.010152372827246792,2.916266679763794,2.916266679763794,0.0,1,3,2.0,0.0,0.0,0.0,120,results/20260721_srr_batch7_mechanism_closure_repair/runtime/stages/proposal/attempts/batch7_repair_proposal_htzhulab_59828884/variants/batch7_repair_proposal_htzhulab_59828884/predictions/fold_0/step_600/argmax/Case3026.nii.gz
formal_600,600,600,Case3034,CenterC,C0+LGE+T2,True,myops_edema,4,True,0.6546035125066525,0.6618444846292948,0.007240972122642297,9.135179190762985,7.381039852944671,-1.754139337818314,5,27,22.0,0.0,0.0,0.0,167,results/20260721_srr_batch7_mechanism_closure_repair/runtime/stages/proposal/attempts/batch7_repair_proposal_htzhulab_59828884/variants/batch7_repair_proposal_htzhulab_59828884/predictions/fold_0/step_600/argmax/Case3034.nii.gz
formal_600,600,600,Case3034,CenterC,C0+LGE+T2,True,myops_scar,5,True,0.8293831423638361,0.8308718437351119,0.001488701371275769,1.6302426341173635,1.6302426341173635,0.0,1,8,7.0,0.0,0.0,0.0,130,results/20260721_srr_batch7_mechanism_closure_repair/runtime/stages/proposal/attempts/batch7_repair_proposal_htzhulab_59828884/variants/batch7_repair_proposal_htzhulab_59828884/predictions/fold_0/step_600/argmax/Case3034.nii.gz
formal_600,600,600,Case3038,CenterC,C0+LGE+T2,True,myops_edema,4,True,0.16778761061946904,0.16684009712105446,-0.0009475134984145706,28.21288893486063,28.176492576024735,-0.036396358835894205,12,47,35.0,0.0,0.0,0.0,258,results/20260721_srr_batch7_mechanism_closure_repair/runtime/stages/proposal/attempts/batch7_repair_proposal_htzhulab_59828884/variants/batch7_repair_proposal_htzhulab_59828884/predictions/fold_0/step_600/argmax/Case3038.nii.gz
formal_600,600,600,Case3038,CenterC,C0+LGE+T2,True,myops_scar,5,True,0.75830144426614,0.755536203035581,-0.00276524123055899,8.297908510253126,5.98370692256533,-2.314201587687797,1,7,6.0,0.0,0.0,0.0,164,results/20260721_srr_batch7_mechanism_closure_repair/runtime/stages/proposal/attempts/batch7_repair_proposal_htzhulab_59828884/variants/batch7_repair_proposal_htzhulab_59828884/predictions/fold_0/step_600/argmax/Case3038.nii.gz
formal_600,600,600,Case3040,CenterC,C0+LGE+T2,True,myops_edema,4,True,0.24913093858632676,0.24222222222222223,-0.0069087163641045335,24.13887469193756,24.13887469193756,0.0,10,29,19.0,0.0,0.0,0.0,122,results/20260721_srr_batch7_mechanism_closure_repair/runtime/stages/proposal/attempts/batch7_repair_proposal_htzhulab_59828884/variants/batch7_repair_proposal_htzhulab_59828884/predictions/fold_0/step_600/argmax/Case3040.nii.gz
formal_600,600,600,Case3040,CenterC,C0+LGE+T2,True,myops_scar,5,True,0.8691367757193535,0.8573711546144627,-0.011765621104890878,1.458133339881897,1.458133339881897,0.0,1,13,12.0,0.0,0.0,0.0,108,results/20260721_srr_batch7_mechanism_closure_repair/runtime/stages/proposal/attempts/batch7_repair_proposal_htzhulab_59828884/variants/batch7_repair_proposal_htzhulab_59828884/predictions/fold_0/step_600/argmax/Case3040.nii.gz
formal_600,600,600,Case3044,CenterC,C0+LGE+T2,True,myops_edema,4,True,0.16612529002320187,0.16180948238364506,-0.004315807639556801,22.61223504639135,24.937917009766014,2.325681963374663,19,64,45.0,0.0,0.0,0.0,256,results/20260721_srr_batch7_mechanism_closure_repair/runtime/stages/proposal/attempts/batch7_repair_proposal_htzhulab_59828884/variants/batch7_repair_proposal_htzhulab_59828884/predictions/fold_0/step_600/argmax/Case3044.nii.gz
formal_600,600,600,Case3044,CenterC,C0+LGE+T2,True,myops_scar,5,True,0.7844537386514332,0.7717739435892138,-0.01267979506221939,4.89072790235209,4.251152680560727,-0.6395752217913628,2,5,3.0,0.0,0.0,0.0,204,results/20260721_srr_batch7_mechanism_closure_repair/runtime/stages/proposal/attempts/batch7_repair_proposal_htzhulab_59828884/variants/batch7_repair_proposal_htzhulab_59828884/predictions/fold_0/step_600/argmax/Case3044.nii.gz
formal_600,600,600,Case5005,CenterE,C0+LGE,False,myops_edema,4,False,1.0,1.0,0.0,0.0,0.0,0.0,0,0,0.0,0.0,0.0,0.0,0,results/20260721_srr_batch7_mechanism_closure_repair/runtime/stages/proposal/attempts/batch7_repair_proposal_htzhulab_59828884/variants/batch7_repair_proposal_htzhulab_59828884/predictions/fold_0/step_600/argmax/Case5005.nii.gz
formal_600,600,600,Case5005,CenterE,C0+LGE,False,myops_scar,5,True,0.5725747629467542,0.5755758157389635,0.003001052792209302,11.148974014770653,10.0,-1.148974014770653,1,24,23.0,0.0,0.0,0.0,112,results/20260721_srr_batch7_mechanism_closure_repair/runtime/stages/proposal/attempts/batch7_repair_proposal_htzhulab_59828884/variants/batch7_repair_proposal_htzhulab_59828884/predictions/fold_0/step_600/argmax/Case5005.nii.gz
formal_600,600,600,Case6001,CenterF,C0+LGE,False,myops_edema,4,False,1.0,1.0,0.0,0.0,0.0,0.0,0,0,0.0,0.0,0.0,0.0,0,results/20260721_srr_batch7_mechanism_closure_repair/runtime/stages/proposal/attempts/batch7_repair_proposal_htzhulab_59828884/variants/batch7_repair_proposal_htzhulab_59828884/predictions/fold_0/step_600/argmax/Case6001.nii.gz
formal_600,600,600,Case6001,CenterF,C0+LGE,False,myops_scar,5,True,0.44598337950138506,0.4479237576582709,0.001940378156885858,10.606601717798213,10.077822185373186,-0.5287795324250268,14,35,21.0,0.0,0.0,0.0,52,results/20260721_srr_batch7_mechanism_closure_repair/runtime/stages/proposal/attempts/batch7_repair_proposal_htzhulab_59828884/variants/batch7_repair_proposal_htzhulab_59828884/predictions/fold_0/step_600/argmax/Case6001.nii.gz
formal_600,600,600,Case6010,CenterF,C0+LGE,False,myops_edema,4,False,1.0,1.0,0.0,0.0,0.0,0.0,0,0,0.0,0.0,0.0,0.0,0,results/20260721_srr_batch7_mechanism_closure_repair/runtime/stages/proposal/attempts/batch7_repair_proposal_htzhulab_59828884/variants/batch7_repair_proposal_htzhulab_59828884/predictions/fold_0/step_600/argmax/Case6010.nii.gz
formal_600,600,600,Case6010,CenterF,C0+LGE,False,myops_scar,5,True,0.49259110933119743,0.49068569163694015,-0.0019054176942572831,13.050383136138187,11.792476415070755,-1.2579067210674317,9,24,15.0,0.0,0.0,0.0,26,results/20260721_srr_batch7_mechanism_closure_repair/runtime/stages/proposal/attempts/batch7_repair_proposal_htzhulab_59828884/variants/batch7_repair_proposal_htzhulab_59828884/predictions/fold_0/step_600/argmax/Case6010.nii.gz
formal_600,600,600,Case7005,CenterG,C0+LGE,False,myops_edema,4,False,1.0,1.0,0.0,0.0,0.0,0.0,0,0,0.0,0.0,0.0,0.0,0,results/20260721_srr_batch7_mechanism_closure_repair/runtime/stages/proposal/attempts/batch7_repair_proposal_htzhulab_59828884/variants/batch7_repair_proposal_htzhulab_59828884/predictions/fold_0/step_600/argmax/Case7005.nii.gz
formal_600,600,600,Case7005,CenterG,C0+LGE,False,myops_scar,5,False,0.0,0.0,0.0,,,,7,18,11.0,0.0,0.0,0.0,12,results/20260721_srr_batch7_mechanism_closure_repair/runtime/stages/proposal/attempts/batch7_repair_proposal_htzhulab_59828884/variants/batch7_repair_proposal_htzhulab_59828884/predictions/fold_0/step_600/argmax/Case7005.nii.gz
formal_600,600,600,Case8003,CenterH,LGE-only,False,myops_edema,4,False,1.0,1.0,0.0,0.0,0.0,0.0,0,0,0.0,0.0,0.0,0.0,0,results/20260721_srr_batch7_mechanism_closure_repair/runtime/stages/proposal/attempts/batch7_repair_proposal_htzhulab_59828884/variants/batch7_repair_proposal_htzhulab_59828884/predictions/fold_0/step_600/argmax/Case8003.nii.gz
formal_600,600,600,Case8003,CenterH,LGE-only,False,myops_scar,5,True,0.7172976649285876,0.7172976649285876,0.0,8.754271418365223,8.754271418365223,0.0,3,3,0.0,357.4849690267001,357.4849690267001,0.0,0,results/20260721_srr_batch7_mechanism_closure_repair/runtime/stages/proposal/attempts/batch7_repair_proposal_htzhulab_59828884/variants/batch7_repair_proposal_htzhulab_59828884/predictions/fold_0/step_600/argmax/Case8003.nii.gz
formal_600,600,600,Case8011,CenterH,LGE-only,False,myops_edema,4,False,1.0,1.0,0.0,0.0,0.0,0.0,0,0,0.0,0.0,0.0,0.0,0,results/20260721_srr_batch7_mechanism_closure_repair/runtime/stages/proposal/attempts/batch7_repair_proposal_htzhulab_59828884/variants/batch7_repair_proposal_htzhulab_59828884/predictions/fold_0/step_600/argmax/Case8011.nii.gz
formal_600,600,600,Case8011,CenterH,LGE-only,False,myops_scar,5,True,0.22406639004149378,0.22406639004149378,0.0,31.32764229603699,31.32764229603699,0.0,3,3,0.0,1809.5167533436324,1809.5167533436324,0.0,0,results/20260721_srr_batch7_mechanism_closure_repair/runtime/stages/proposal/attempts/batch7_repair_proposal_htzhulab_59828884/variants/batch7_repair_proposal_htzhulab_59828884/predictions/fold_0/step_600/argmax/Case8011.nii.gz
formal_600,600,600,Case8015,CenterH,LGE-only,False,myops_edema,4,False,1.0,1.0,0.0,0.0,0.0,0.0,0,0,0.0,0.0,0.0,0.0,0,results/20260721_srr_batch7_mechanism_closure_repair/runtime/stages/proposal/attempts/batch7_repair_proposal_htzhulab_59828884/variants/batch7_repair_proposal_htzhulab_59828884/predictions/fold_0/step_600/argmax/Case8015.nii.gz
formal_600,600,600,Case8015,CenterH,LGE-only,False,myops_scar,5,True,0.46925795053003533,0.46925795053003533,0.0,20.046675576268406,20.046675576268406,0.0,3,3,0.0,2598.1903076171875,2598.1903076171875,0.0,0,results/20260721_srr_batch7_mechanism_closure_repair/runtime/stages/proposal/attempts/batch7_repair_proposal_htzhulab_59828884/variants/batch7_repair_proposal_htzhulab_59828884/predictions/fold_0/step_600/argmax/Case8015.nii.gz
formal_600,600,600,Case8019,CenterH,LGE-only,False,myops_edema,4,False,1.0,1.0,0.0,0.0,0.0,0.0,0,0,0.0,0.0,0.0,0.0,0,results/20260721_srr_batch7_mechanism_closure_repair/runtime/stages/proposal/attempts/batch7_repair_proposal_htzhulab_59828884/variants/batch7_repair_proposal_htzhulab_59828884/predictions/fold_0/step_600/argmax/Case8019.nii.gz
formal_600,600,600,Case8019,CenterH,LGE-only,False,myops_scar,5,True,0.6588021778584392,0.6588021778584392,0.0,11.25,11.25,0.0,1,1,0.0,4833.641052246094,4833.641052246094,0.0,0,results/20260721_srr_batch7_mechanism_closure_repair/runtime/stages/proposal/attempts/batch7_repair_proposal_htzhulab_59828884/variants/batch7_repair_proposal_htzhulab_59828884/predictions/fold_0/step_600/argmax/Case8019.nii.gz
formal_600,600,600,Case8021,CenterH,LGE-only,False,myops_edema,4,False,1.0,1.0,0.0,0.0,0.0,0.0,0,0,0.0,0.0,0.0,0.0,0,results/20260721_srr_batch7_mechanism_closure_repair/runtime/stages/proposal/attempts/batch7_repair_proposal_htzhulab_59828884/variants/batch7_repair_proposal_htzhulab_59828884/predictions/fold_0/step_600/argmax/Case8021.nii.gz
formal_600,600,600,Case8021,CenterH,LGE-only,False,myops_scar,5,True,0.0,0.0,0.0,,,,0,0,0.0,0.0,0.0,0.0,0,results/20260721_srr_batch7_mechanism_closure_repair/runtime/stages/proposal/attempts/batch7_repair_proposal_htzhulab_59828884/variants/batch7_repair_proposal_htzhulab_59828884/predictions/fold_0/step_600/argmax/Case8021.nii.gz
formal_600,600,600,Case8022,CenterH,LGE-only,False,myops_edema,4,False,1.0,1.0,0.0,0.0,0.0,0.0,0,0,0.0,0.0,0.0,0.0,0,results/20260721_srr_batch7_mechanism_closure_repair/runtime/stages/proposal/attempts/batch7_repair_proposal_htzhulab_59828884/variants/batch7_repair_proposal_htzhulab_59828884/predictions/fold_0/step_600/argmax/Case8022.nii.gz
formal_600,600,600,Case8022,CenterH,LGE-only,False,myops_scar,5,True,0.6748560460652591,0.6748560460652591,0.0,10.093025488583056,10.093025488583056,0.0,2,2,0.0,485.992338944925,485.992338944925,0.0,0,results/20260721_srr_batch7_mechanism_closure_repair/runtime/stages/proposal/attempts/batch7_repair_proposal_htzhulab_59828884/variants/batch7_repair_proposal_htzhulab_59828884/predictions/fold_0/step_600/argmax/Case8022.nii.gz
formal_600,600,600,Case8023,CenterH,LGE-only,False,myops_edema,4,False,1.0,1.0,0.0,0.0,0.0,0.0,0,0,0.0,0.0,0.0,0.0,0,results/20260721_srr_batch7_mechanism_closure_repair/runtime/stages/proposal/attempts/batch7_repair_proposal_htzhulab_59828884/variants/batch7_repair_proposal_htzhulab_59828884/predictions/fold_0/step_600/argmax/Case8023.nii.gz
formal_600,600,600,Case8023,CenterH,LGE-only,False,myops_scar,5,True,0.45514445007602633,0.45514445007602633,0.0,32.0090827611819,32.0090827611819,0.0,1,1,0.0,14565.371466655051,14565.371466655051,0.0,0,results/20260721_srr_batch7_mechanism_closure_repair/runtime/stages/proposal/attempts/batch7_repair_proposal_htzhulab_59828884/variants/batch7_repair_proposal_htzhulab_59828884/predictions/fold_0/step_600/argmax/Case8023.nii.gz
