variant,case_id,availability_pattern,scale,task,group,slot_count,active_slot_count,mean_usage,entropy,max_weight,collapse_warning,masked_invalid_slot_usage,t2_private_usage_when_no_t2,gradient_norm_or_one_step_update_status
m6_full_srr_context_arbitration,synthetic_anchor_derived_t2_present,LGE+T2+C0,0,anatomy,shared,1,1,0.13073182106018066,2.2096292972564697,0.13336390256881714,False,0.0,0.0,covered_by_loss_backward_sanity
m6_full_srr_context_arbitration,synthetic_anchor_derived_t2_present,LGE+T2+C0,0,anatomy,shared,1,1,0.12700285017490387,2.2096292972564697,0.13336390256881714,False,0.0,0.0,covered_by_loss_backward_sanity
m6_full_srr_context_arbitration,synthetic_anchor_derived_t2_present,LGE+T2+C0,0,anatomy,shared,1,1,0.0009374997462145984,2.2096292972564697,0.13336390256881714,False,0.0,0.0,covered_by_loss_backward_sanity
m6_full_srr_context_arbitration,synthetic_anchor_derived_t2_present,LGE+T2+C0,0,anatomy,shared,1,1,0.0009374997462145984,2.2096292972564697,0.13336390256881714,False,0.0,0.0,covered_by_loss_backward_sanity
m6_full_srr_context_arbitration,synthetic_anchor_derived_t2_present,LGE+T2+C0,0,anatomy,shared,1,1,0.0009374997462145984,2.2096292972564697,0.13336390256881714,False,0.0,0.0,covered_by_loss_backward_sanity
m6_full_srr_context_arbitration,synthetic_anchor_derived_t2_present,LGE+T2+C0,0,anatomy,shared,1,1,0.13336390256881714,2.2096292972564697,0.13336390256881714,False,0.0,0.0,covered_by_loss_backward_sanity
m6_full_srr_context_arbitration,synthetic_anchor_derived_t2_present,LGE+T2+C0,0,anatomy,shared,1,1,0.0009374997462145984,2.2096292972564697,0.13336390256881714,False,0.0,0.0,covered_by_loss_backward_sanity
m6_full_srr_context_arbitration,synthetic_anchor_derived_t2_present,LGE+T2+C0,0,anatomy,shared,1,1,0.0009374997462145984,2.2096292972564697,0.13336390256881714,False,0.0,0.0,covered_by_loss_backward_sanity
m6_full_srr_context_arbitration,synthetic_anchor_derived_t2_present,LGE+T2+C0,0,anatomy,lge_private,1,1,0.0009374997462145984,2.2096292972564697,0.13336390256881714,False,0.0,0.0,covered_by_loss_backward_sanity
m6_full_srr_context_arbitration,synthetic_anchor_derived_t2_present,LGE+T2+C0,0,anatomy,lge_private,1,1,0.11088991910219193,2.2096292972564697,0.13336390256881714,False,0.0,0.0,covered_by_loss_backward_sanity
m6_full_srr_context_arbitration,synthetic_anchor_derived_t2_present,LGE+T2+C0,0,anatomy,lge_private,1,1,0.0009374997462145984,2.2096292972564697,0.13336390256881714,False,0.0,0.0,covered_by_loss_backward_sanity
m6_full_srr_context_arbitration,synthetic_anchor_derived_t2_present,LGE+T2+C0,0,anatomy,lge_private,1,1,0.0009374997462145984,2.2096292972564697,0.13336390256881714,False,0.0,0.0,covered_by_loss_backward_sanity
m6_full_srr_context_arbitration,synthetic_anchor_derived_t2_present,LGE+T2+C0,0,anatomy,t2_private,1,1,0.0009374997462145984,2.2096292972564697,0.13336390256881714,False,0.0,0.0,covered_by_loss_backward_sanity
m6_full_srr_context_arbitration,synthetic_anchor_derived_t2_present,LGE+T2+C0,0,anatomy,t2_private,1,1,0.0009374997462145984,2.2096292972564697,0.13336390256881714,False,0.0,0.0,covered_by_loss_backward_sanity
m6_full_srr_context_arbitration,synthetic_anchor_derived_t2_present,LGE+T2+C0,0,anatomy,t2_private,1,1,0.0009374997462145984,2.2096292972564697,0.13336390256881714,False,0.0,0.0,covered_by_loss_backward_sanity
m6_full_srr_context_arbitration,synthetic_anchor_derived_t2_present,LGE+T2+C0,0,anatomy,t2_private,1,1,0.0009374997462145984,2.2096292972564697,0.13336390256881714,False,0.0,0.0,covered_by_loss_backward_sanity
m6_full_srr_context_arbitration,synthetic_anchor_derived_t2_present,LGE+T2+C0,0,anatomy,c0_private,1,1,0.0009374997462145984,2.2096292972564697,0.13336390256881714,False,0.0,0.0,covered_by_loss_backward_sanity
m6_full_srr_context_arbitration,synthetic_anchor_derived_t2_present,LGE+T2+C0,0,anatomy,c0_private,1,1,0.0009374997462145984,2.2096292972564697,0.13336390256881714,False,0.0,0.0,covered_by_loss_backward_sanity
m6_full_srr_context_arbitration,synthetic_anchor_derived_t2_present,LGE+T2+C0,0,anatomy,c0_private,1,1,0.0009374997462145984,2.2096292972564697,0.13336390256881714,False,0.0,0.0,covered_by_loss_backward_sanity
m6_full_srr_context_arbitration,synthetic_anchor_derived_t2_present,LGE+T2+C0,0,anatomy,c0_private,1,1,0.12796927988529205,2.2096292972564697,0.13336390256881714,False,0.0,0.0,covered_by_loss_backward_sanity
m6_full_srr_context_arbitration,synthetic_anchor_derived_t2_present,LGE+T2+C0,0,anatomy,interaction_lge_t2,1,1,0.11232731491327286,2.2096292972564697,0.13336390256881714,False,0.0,0.0,covered_by_loss_backward_sanity
m6_full_srr_context_arbitration,synthetic_anchor_derived_t2_present,LGE+T2+C0,0,anatomy,interaction_lge_t2,1,1,0.0009374997462145984,2.2096292972564697,0.13336390256881714,False,0.0,0.0,covered_by_loss_backward_sanity
m6_full_srr_context_arbitration,synthetic_anchor_derived_t2_present,LGE+T2+C0,0,anatomy,interaction_lge_t2,1,1,0.0009374997462145984,2.2096292972564697,0.13336390256881714,False,0.0,0.0,covered_by_loss_backward_sanity
m6_full_srr_context_arbitration,synthetic_anchor_derived_t2_present,LGE+T2+C0,0,anatomy,interaction_lge_t2,1,1,0.0009374997462145984,2.2096292972564697,0.13336390256881714,False,0.0,0.0,covered_by_loss_backward_sanity
m6_full_srr_context_arbitration,synthetic_anchor_derived_t2_present,LGE+T2+C0,0,anatomy,interaction_lge_c0,1,1,0.11855268478393555,2.2096292972564697,0.13336390256881714,False,0.0,0.0,covered_by_loss_backward_sanity
m6_full_srr_context_arbitration,synthetic_anchor_derived_t2_present,LGE+T2+C0,0,anatomy,interaction_lge_c0,1,1,0.0009374997462145984,2.2096292972564697,0.13336390256881714,False,0.0,0.0,covered_by_loss_backward_sanity
m6_full_srr_context_arbitration,synthetic_anchor_derived_t2_present,LGE+T2+C0,0,anatomy,interaction_lge_c0,1,1,0.0009374997462145984,2.2096292972564697,0.13336390256881714,False,0.0,0.0,covered_by_loss_backward_sanity
m6_full_srr_context_arbitration,synthetic_anchor_derived_t2_present,LGE+T2+C0,0,anatomy,interaction_lge_c0,1,1,0.0009374997462145984,2.2096292972564697,0.13336390256881714,False,0.0,0.0,covered_by_loss_backward_sanity
m6_full_srr_context_arbitration,synthetic_anchor_derived_t2_present,LGE+T2+C0,0,anatomy,interaction_t2_c0,1,1,0.0009374997462145984,2.2096292972564697,0.13336390256881714,False,0.0,0.0,covered_by_loss_backward_sanity
m6_full_srr_context_arbitration,synthetic_anchor_derived_t2_present,LGE+T2+C0,0,anatomy,interaction_t2_c0,1,1,0.0009374997462145984,2.2096292972564697,0.13336390256881714,False,0.0,0.0,covered_by_loss_backward_sanity
m6_full_srr_context_arbitration,synthetic_anchor_derived_t2_present,LGE+T2+C0,0,anatomy,interaction_t2_c0,1,1,0.0009374997462145984,2.2096292972564697,0.13336390256881714,False,0.0,0.0,covered_by_loss_backward_sanity
m6_full_srr_context_arbitration,synthetic_anchor_derived_t2_present,LGE+T2+C0,0,anatomy,interaction_t2_c0,1,1,0.11666206270456314,2.2096292972564697,0.13336390256881714,False,0.0,0.0,covered_by_loss_backward_sanity
m6_full_srr_context_arbitration,synthetic_anchor_derived_t2_present,LGE+T2+C0,0,scar,shared,1,1,0.0009374998626299202,2.1860263347625732,0.17114834487438202,False,0.0,0.0,covered_by_loss_backward_sanity
m6_full_srr_context_arbitration,synthetic_anchor_derived_t2_present,LGE+T2+C0,0,scar,shared,1,1,0.0009374998626299202,2.1860263347625732,0.17114834487438202,False,0.0,0.0,covered_by_loss_backward_sanity
m6_full_srr_context_arbitration,synthetic_anchor_derived_t2_present,LGE+T2+C0,0,scar,shared,1,1,0.0009374998626299202,2.1860263347625732,0.17114834487438202,False,0.0,0.0,covered_by_loss_backward_sanity
m6_full_srr_context_arbitration,synthetic_anchor_derived_t2_present,LGE+T2+C0,0,scar,shared,1,1,0.0009374998626299202,2.1860263347625732,0.17114834487438202,False,0.0,0.0,covered_by_loss_backward_sanity
m6_full_srr_context_arbitration,synthetic_anchor_derived_t2_present,LGE+T2+C0,0,scar,shared,1,1,0.0009374998626299202,2.1860263347625732,0.17114834487438202,False,0.0,0.0,covered_by_loss_backward_sanity
m6_full_srr_context_arbitration,synthetic_anchor_derived_t2_present,LGE+T2+C0,0,scar,shared,1,1,0.0009374998626299202,2.1860263347625732,0.17114834487438202,False,0.0,0.0,covered_by_loss_backward_sanity
m6_full_srr_context_arbitration,synthetic_anchor_derived_t2_present,LGE+T2+C0,0,scar,shared,1,1,0.0009374998626299202,2.1860263347625732,0.17114834487438202,False,0.0,0.0,covered_by_loss_backward_sanity
m6_full_srr_context_arbitration,synthetic_anchor_derived_t2_present,LGE+T2+C0,0,scar,shared,1,1,0.0009374998626299202,2.1860263347625732,0.17114834487438202,False,0.0,0.0,covered_by_loss_backward_sanity
m6_full_srr_context_arbitration,synthetic_anchor_derived_t2_present,LGE+T2+C0,0,scar,lge_private,1,1,0.1123199388384819,2.1860263347625732,0.17114834487438202,False,0.0,0.0,covered_by_loss_backward_sanity
m6_full_srr_context_arbitration,synthetic_anchor_derived_t2_present,LGE+T2+C0,0,scar,lge_private,1,1,0.15603263676166534,2.1860263347625732,0.17114834487438202,False,0.0,0.0,covered_by_loss_backward_sanity
m6_full_srr_context_arbitration,synthetic_anchor_derived_t2_present,LGE+T2+C0,0,scar,lge_private,1,1,0.13415031135082245,2.1860263347625732,0.17114834487438202,False,0.0,0.0,covered_by_loss_backward_sanity
m6_full_srr_context_arbitration,synthetic_anchor_derived_t2_present,LGE+T2+C0,0,scar,lge_private,1,1,0.17114834487438202,2.1860263347625732,0.17114834487438202,False,0.0,0.0,covered_by_loss_backward_sanity
m6_full_srr_context_arbitration,synthetic_anchor_derived_t2_present,LGE+T2+C0,0,scar,t2_private,1,1,0.0009374998626299202,2.1860263347625732,0.17114834487438202,False,0.0,0.0,covered_by_loss_backward_sanity
m6_full_srr_context_arbitration,synthetic_anchor_derived_t2_present,LGE+T2+C0,0,scar,t2_private,1,1,0.0009374998626299202,2.1860263347625732,0.17114834487438202,False,0.0,0.0,covered_by_loss_backward_sanity
m6_full_srr_context_arbitration,synthetic_anchor_derived_t2_present,LGE+T2+C0,0,scar,t2_private,1,1,0.0009374998626299202,2.1860263347625732,0.17114834487438202,False,0.0,0.0,covered_by_loss_backward_sanity
m6_full_srr_context_arbitration,synthetic_anchor_derived_t2_present,LGE+T2+C0,0,scar,t2_private,1,1,0.0009374998626299202,2.1860263347625732,0.17114834487438202,False,0.0,0.0,covered_by_loss_backward_sanity
m6_full_srr_context_arbitration,synthetic_anchor_derived_t2_present,LGE+T2+C0,0,scar,c0_private,1,1,0.0009374998626299202,2.1860263347625732,0.17114834487438202,False,0.0,0.0,covered_by_loss_backward_sanity
m6_full_srr_context_arbitration,synthetic_anchor_derived_t2_present,LGE+T2+C0,0,scar,c0_private,1,1,0.0009374998626299202,2.1860263347625732,0.17114834487438202,False,0.0,0.0,covered_by_loss_backward_sanity
m6_full_srr_context_arbitration,synthetic_anchor_derived_t2_present,LGE+T2+C0,0,scar,c0_private,1,1,0.0009374998626299202,2.1860263347625732,0.17114834487438202,False,0.0,0.0,covered_by_loss_backward_sanity
m6_full_srr_context_arbitration,synthetic_anchor_derived_t2_present,LGE+T2+C0,0,scar,c0_private,1,1,0.0009374998626299202,2.1860263347625732,0.17114834487438202,False,0.0,0.0,covered_by_loss_backward_sanity
m6_full_srr_context_arbitration,synthetic_anchor_derived_t2_present,LGE+T2+C0,0,scar,interaction_lge_t2,1,1,0.12581226229667664,2.1860263347625732,0.17114834487438202,False,0.0,0.0,covered_by_loss_backward_sanity
m6_full_srr_context_arbitration,synthetic_anchor_derived_t2_present,LGE+T2+C0,0,scar,interaction_lge_t2,1,1,0.0009374998626299202,2.1860263347625732,0.17114834487438202,False,0.0,0.0,covered_by_loss_backward_sanity
m6_full_srr_context_arbitration,synthetic_anchor_derived_t2_present,LGE+T2+C0,0,scar,interaction_lge_t2,1,1,0.09100442379713058,2.1860263347625732,0.17114834487438202,False,0.0,0.0,covered_by_loss_backward_sanity
m6_full_srr_context_arbitration,synthetic_anchor_derived_t2_present,LGE+T2+C0,0,scar,interaction_lge_t2,1,1,0.0009374998626299202,2.1860263347625732,0.17114834487438202,False,0.0,0.0,covered_by_loss_backward_sanity
m6_full_srr_context_arbitration,synthetic_anchor_derived_t2_present,LGE+T2+C0,0,scar,interaction_lge_c0,1,1,0.0009374998626299202,2.1860263347625732,0.17114834487438202,False,0.0,0.0,covered_by_loss_backward_sanity
m6_full_srr_context_arbitration,synthetic_anchor_derived_t2_present,LGE+T2+C0,0,scar,interaction_lge_c0,1,1,0.09426936507225037,2.1860263347625732,0.17114834487438202,False,0.0,0.0,covered_by_loss_backward_sanity
m6_full_srr_context_arbitration,synthetic_anchor_derived_t2_present,LGE+T2+C0,0,scar,interaction_lge_c0,1,1,0.0009374998626299202,2.1860263347625732,0.17114834487438202,False,0.0,0.0,covered_by_loss_backward_sanity
m6_full_srr_context_arbitration,synthetic_anchor_derived_t2_present,LGE+T2+C0,0,scar,interaction_lge_c0,1,1,0.09276261925697327,2.1860263347625732,0.17114834487438202,False,0.0,0.0,covered_by_loss_backward_sanity
m6_full_srr_context_arbitration,synthetic_anchor_derived_t2_present,LGE+T2+C0,0,scar,interaction_t2_c0,1,1,0.0009374998626299202,2.1860263347625732,0.17114834487438202,False,0.0,0.0,covered_by_loss_backward_sanity
m6_full_srr_context_arbitration,synthetic_anchor_derived_t2_present,LGE+T2+C0,0,scar,interaction_t2_c0,1,1,0.0009374998626299202,2.1860263347625732,0.17114834487438202,False,0.0,0.0,covered_by_loss_backward_sanity
m6_full_srr_context_arbitration,synthetic_anchor_derived_t2_present,LGE+T2+C0,0,scar,interaction_t2_c0,1,1,0.0009374998626299202,2.1860263347625732,0.17114834487438202,False,0.0,0.0,covered_by_loss_backward_sanity
m6_full_srr_context_arbitration,synthetic_anchor_derived_t2_present,LGE+T2+C0,0,scar,interaction_t2_c0,1,1,0.0009374998626299202,2.1860263347625732,0.17114834487438202,False,0.0,0.0,covered_by_loss_backward_sanity
m6_full_srr_context_arbitration,synthetic_anchor_derived_t2_present,LGE+T2+C0,0,edema,shared,1,1,0.0009374999790452421,2.1985743045806885,0.1643456667661667,False,0.0,0.0,covered_by_loss_backward_sanity
m6_full_srr_context_arbitration,synthetic_anchor_derived_t2_present,LGE+T2+C0,0,edema,shared,1,1,0.0009374999790452421,2.1985743045806885,0.1643456667661667,False,0.0,0.0,covered_by_loss_backward_sanity
m6_full_srr_context_arbitration,synthetic_anchor_derived_t2_present,LGE+T2+C0,0,edema,shared,1,1,0.0009374999790452421,2.1985743045806885,0.1643456667661667,False,0.0,0.0,covered_by_loss_backward_sanity
m6_full_srr_context_arbitration,synthetic_anchor_derived_t2_present,LGE+T2+C0,0,edema,shared,1,1,0.0009374999790452421,2.1985743045806885,0.1643456667661667,False,0.0,0.0,covered_by_loss_backward_sanity
m6_full_srr_context_arbitration,synthetic_anchor_derived_t2_present,LGE+T2+C0,0,edema,shared,1,1,0.0009374999790452421,2.1985743045806885,0.1643456667661667,False,0.0,0.0,covered_by_loss_backward_sanity
m6_full_srr_context_arbitration,synthetic_anchor_derived_t2_present,LGE+T2+C0,0,edema,shared,1,1,0.0009374999790452421,2.1985743045806885,0.1643456667661667,False,0.0,0.0,covered_by_loss_backward_sanity
m6_full_srr_context_arbitration,synthetic_anchor_derived_t2_present,LGE+T2+C0,0,edema,shared,1,1,0.0009374999790452421,2.1985743045806885,0.1643456667661667,False,0.0,0.0,covered_by_loss_backward_sanity
m6_full_srr_context_arbitration,synthetic_anchor_derived_t2_present,LGE+T2+C0,0,edema,shared,1,1,0.0009374999790452421,2.1985743045806885,0.1643456667661667,False,0.0,0.0,covered_by_loss_backward_sanity
m6_full_srr_context_arbitration,synthetic_anchor_derived_t2_present,LGE+T2+C0,0,edema,lge_private,1,1,0.0009374999790452421,2.1985743045806885,0.1643456667661667,False,0.0,0.0,covered_by_loss_backward_sanity
m6_full_srr_context_arbitration,synthetic_anchor_derived_t2_present,LGE+T2+C0,0,edema,lge_private,1,1,0.0009374999790452421,2.1985743045806885,0.1643456667661667,False,0.0,0.0,covered_by_loss_backward_sanity
m6_full_srr_context_arbitration,synthetic_anchor_derived_t2_present,LGE+T2+C0,0,edema,lge_private,1,1,0.0009374999790452421,2.1985743045806885,0.1643456667661667,False,0.0,0.0,covered_by_loss_backward_sanity
m6_full_srr_context_arbitration,synthetic_anchor_derived_t2_present,LGE+T2+C0,0,edema,lge_private,1,1,0.0009374999790452421,2.1985743045806885,0.1643456667661667,False,0.0,0.0,covered_by_loss_backward_sanity
m6_full_srr_context_arbitration,synthetic_anchor_derived_t2_present,LGE+T2+C0,0,edema,t2_private,1,1,0.1643456667661667,2.1985743045806885,0.1643456667661667,False,0.0,0.0,covered_by_loss_backward_sanity
m6_full_srr_context_arbitration,synthetic_anchor_derived_t2_present,LGE+T2+C0,0,edema,t2_private,1,1,0.12172839045524597,2.1985743045806885,0.1643456667661667,False,0.0,0.0,covered_by_loss_backward_sanity
m6_full_srr_context_arbitration,synthetic_anchor_derived_t2_present,LGE+T2+C0,0,edema,t2_private,1,1,0.14349067211151123,2.1985743045806885,0.1643456667661667,False,0.0,0.0,covered_by_loss_backward_sanity
m6_full_srr_context_arbitration,synthetic_anchor_derived_t2_present,LGE+T2+C0,0,edema,t2_private,1,1,0.11420051008462906,2.1985743045806885,0.1643456667661667,False,0.0,0.0,covered_by_loss_backward_sanity
m6_full_srr_context_arbitration,synthetic_anchor_derived_t2_present,LGE+T2+C0,0,edema,c0_private,1,1,0.0009374999790452421,2.1985743045806885,0.1643456667661667,False,0.0,0.0,covered_by_loss_backward_sanity
m6_full_srr_context_arbitration,synthetic_anchor_derived_t2_present,LGE+T2+C0,0,edema,c0_private,1,1,0.0009374999790452421,2.1985743045806885,0.1643456667661667,False,0.0,0.0,covered_by_loss_backward_sanity
m6_full_srr_context_arbitration,synthetic_anchor_derived_t2_present,LGE+T2+C0,0,edema,c0_private,1,1,0.0009374999790452421,2.1985743045806885,0.1643456667661667,False,0.0,0.0,covered_by_loss_backward_sanity
m6_full_srr_context_arbitration,synthetic_anchor_derived_t2_present,LGE+T2+C0,0,edema,c0_private,1,1,0.0009374999790452421,2.1985743045806885,0.1643456667661667,False,0.0,0.0,covered_by_loss_backward_sanity
m6_full_srr_context_arbitration,synthetic_anchor_derived_t2_present,LGE+T2+C0,0,edema,interaction_lge_t2,1,1,0.101580910384655,2.1985743045806885,0.1643456667661667,False,0.0,0.0,covered_by_loss_backward_sanity
m6_full_srr_context_arbitration,synthetic_anchor_derived_t2_present,LGE+T2+C0,0,edema,interaction_lge_t2,1,1,0.12347842752933502,2.1985743045806885,0.1643456667661667,False,0.0,0.0,covered_by_loss_backward_sanity
m6_full_srr_context_arbitration,synthetic_anchor_derived_t2_present,LGE+T2+C0,0,edema,interaction_lge_t2,1,1,0.0009374999790452421,2.1985743045806885,0.1643456667661667,False,0.0,0.0,covered_by_loss_backward_sanity
m6_full_srr_context_arbitration,synthetic_anchor_derived_t2_present,LGE+T2+C0,0,edema,interaction_lge_t2,1,1,0.10590729862451553,2.1985743045806885,0.1643456667661667,False,0.0,0.0,covered_by_loss_backward_sanity
m6_full_srr_context_arbitration,synthetic_anchor_derived_t2_present,LGE+T2+C0,0,edema,interaction_lge_c0,1,1,0.0009374999790452421,2.1985743045806885,0.1643456667661667,False,0.0,0.0,covered_by_loss_backward_sanity
m6_full_srr_context_arbitration,synthetic_anchor_derived_t2_present,LGE+T2+C0,0,edema,interaction_lge_c0,1,1,0.0009374999790452421,2.1985743045806885,0.1643456667661667,False,0.0,0.0,covered_by_loss_backward_sanity
m6_full_srr_context_arbitration,synthetic_anchor_derived_t2_present,LGE+T2+C0,0,edema,interaction_lge_c0,1,1,0.0009374999790452421,2.1985743045806885,0.1643456667661667,False,0.0,0.0,covered_by_loss_backward_sanity
m6_full_srr_context_arbitration,synthetic_anchor_derived_t2_present,LGE+T2+C0,0,edema,interaction_lge_c0,1,1,0.0009374999790452421,2.1985743045806885,0.1643456667661667,False,0.0,0.0,covered_by_loss_backward_sanity
m6_full_srr_context_arbitration,synthetic_anchor_derived_t2_present,LGE+T2+C0,0,edema,interaction_t2_c0,1,1,0.0009374999790452421,2.1985743045806885,0.1643456667661667,False,0.0,0.0,covered_by_loss_backward_sanity
m6_full_srr_context_arbitration,synthetic_anchor_derived_t2_present,LGE+T2+C0,0,edema,interaction_t2_c0,1,1,0.0009374999790452421,2.1985743045806885,0.1643456667661667,False,0.0,0.0,covered_by_loss_backward_sanity
m6_full_srr_context_arbitration,synthetic_anchor_derived_t2_present,LGE+T2+C0,0,edema,interaction_t2_c0,1,1,0.10276809334754944,2.1985743045806885,0.1643456667661667,False,0.0,0.0,covered_by_loss_backward_sanity
m6_full_srr_context_arbitration,synthetic_anchor_derived_t2_present,LGE+T2+C0,0,edema,interaction_t2_c0,1,1,0.0009374999790452421,2.1985743045806885,0.1643456667661667,False,0.0,0.0,covered_by_loss_backward_sanity
m6_full_srr_context_arbitration,synthetic_anchor_derived_t2_present,LGE+T2+C0,1,anatomy,shared,1,1,0.13637325167655945,2.2102019786834717,0.13637325167655945,False,0.0,0.0,covered_by_loss_backward_sanity
m6_full_srr_context_arbitration,synthetic_anchor_derived_t2_present,LGE+T2+C0,1,anatomy,shared,1,1,0.0009374998626299202,2.2102019786834717,0.13637325167655945,False,0.0,0.0,covered_by_loss_backward_sanity
m6_full_srr_context_arbitration,synthetic_anchor_derived_t2_present,LGE+T2+C0,1,anatomy,shared,1,1,0.12568522989749908,2.2102019786834717,0.13637325167655945,False,0.0,0.0,covered_by_loss_backward_sanity
m6_full_srr_context_arbitration,synthetic_anchor_derived_t2_present,LGE+T2+C0,1,anatomy,shared,1,1,0.11990159749984741,2.2102019786834717,0.13637325167655945,False,0.0,0.0,covered_by_loss_backward_sanity
m6_full_srr_context_arbitration,synthetic_anchor_derived_t2_present,LGE+T2+C0,1,anatomy,shared,1,1,0.11044933646917343,2.2102019786834717,0.13637325167655945,False,0.0,0.0,covered_by_loss_backward_sanity
m6_full_srr_context_arbitration,synthetic_anchor_derived_t2_present,LGE+T2+C0,1,anatomy,shared,1,1,0.0009374998626299202,2.2102019786834717,0.13637325167655945,False,0.0,0.0,covered_by_loss_backward_sanity
m6_full_srr_context_arbitration,synthetic_anchor_derived_t2_present,LGE+T2+C0,1,anatomy,shared,1,1,0.12524032592773438,2.2102019786834717,0.13637325167655945,False,0.0,0.0,covered_by_loss_backward_sanity
m6_full_srr_context_arbitration,synthetic_anchor_derived_t2_present,LGE+T2+C0,1,anatomy,shared,1,1,0.0009374998626299202,2.2102019786834717,0.13637325167655945,False,0.0,0.0,covered_by_loss_backward_sanity
m6_full_srr_context_arbitration,synthetic_anchor_derived_t2_present,LGE+T2+C0,1,anatomy,lge_private,1,1,0.0009374998626299202,2.2102019786834717,0.13637325167655945,False,0.0,0.0,covered_by_loss_backward_sanity
m6_full_srr_context_arbitration,synthetic_anchor_derived_t2_present,LGE+T2+C0,1,anatomy,lge_private,1,1,0.0009374998626299202,2.2102019786834717,0.13637325167655945,False,0.0,0.0,covered_by_loss_backward_sanity
m6_full_srr_context_arbitration,synthetic_anchor_derived_t2_present,LGE+T2+C0,1,anatomy,lge_private,1,1,0.0009374998626299202,2.2102019786834717,0.13637325167655945,False,0.0,0.0,covered_by_loss_backward_sanity
m6_full_srr_context_arbitration,synthetic_anchor_derived_t2_present,LGE+T2+C0,1,anatomy,lge_private,1,1,0.0009374998626299202,2.2102019786834717,0.13637325167655945,False,0.0,0.0,covered_by_loss_backward_sanity
m6_full_srr_context_arbitration,synthetic_anchor_derived_t2_present,LGE+T2+C0,1,anatomy,t2_private,1,1,0.0009374998626299202,2.2102019786834717,0.13637325167655945,False,0.0,0.0,covered_by_loss_backward_sanity
m6_full_srr_context_arbitration,synthetic_anchor_derived_t2_present,LGE+T2+C0,1,anatomy,t2_private,1,1,0.0009374998626299202,2.2102019786834717,0.13637325167655945,False,0.0,0.0,covered_by_loss_backward_sanity
m6_full_srr_context_arbitration,synthetic_anchor_derived_t2_present,LGE+T2+C0,1,anatomy,t2_private,1,1,0.0009374998626299202,2.2102019786834717,0.13637325167655945,False,0.0,0.0,covered_by_loss_backward_sanity
m6_full_srr_context_arbitration,synthetic_anchor_derived_t2_present,LGE+T2+C0,1,anatomy,t2_private,1,1,0.0009374998626299202,2.2102019786834717,0.13637325167655945,False,0.0,0.0,covered_by_loss_backward_sanity
m6_full_srr_context_arbitration,synthetic_anchor_derived_t2_present,LGE+T2+C0,1,anatomy,c0_private,1,1,0.0009374998626299202,2.2102019786834717,0.13637325167655945,False,0.0,0.0,covered_by_loss_backward_sanity
m6_full_srr_context_arbitration,synthetic_anchor_derived_t2_present,LGE+T2+C0,1,anatomy,c0_private,1,1,0.11833594739437103,2.2102019786834717,0.13637325167655945,False,0.0,0.0,covered_by_loss_backward_sanity
m6_full_srr_context_arbitration,synthetic_anchor_derived_t2_present,LGE+T2+C0,1,anatomy,c0_private,1,1,0.1196388453245163,2.2102019786834717,0.13637325167655945,False,0.0,0.0,covered_by_loss_backward_sanity
m6_full_srr_context_arbitration,synthetic_anchor_derived_t2_present,LGE+T2+C0,1,anatomy,c0_private,1,1,0.0009374998626299202,2.2102019786834717,0.13637325167655945,False,0.0,0.0,covered_by_loss_backward_sanity
m6_full_srr_context_arbitration,synthetic_anchor_derived_t2_present,LGE+T2+C0,1,anatomy,interaction_lge_t2,1,1,0.0009374998626299202,2.2102019786834717,0.13637325167655945,False,0.0,0.0,covered_by_loss_backward_sanity
m6_full_srr_context_arbitration,synthetic_anchor_derived_t2_present,LGE+T2+C0,1,anatomy,interaction_lge_t2,1,1,0.0009374998626299202,2.2102019786834717,0.13637325167655945,False,0.0,0.0,covered_by_loss_backward_sanity
m6_full_srr_context_arbitration,synthetic_anchor_derived_t2_present,LGE+T2+C0,1,anatomy,interaction_lge_t2,1,1,0.0009374998626299202,2.2102019786834717,0.13637325167655945,False,0.0,0.0,covered_by_loss_backward_sanity
m6_full_srr_context_arbitration,synthetic_anchor_derived_t2_present,LGE+T2+C0,1,anatomy,interaction_lge_t2,1,1,0.0009374998626299202,2.2102019786834717,0.13637325167655945,False,0.0,0.0,covered_by_loss_backward_sanity
m6_full_srr_context_arbitration,synthetic_anchor_derived_t2_present,LGE+T2+C0,1,anatomy,interaction_lge_c0,1,1,0.0009374998626299202,2.2102019786834717,0.13637325167655945,False,0.0,0.0,covered_by_loss_backward_sanity
m6_full_srr_context_arbitration,synthetic_anchor_derived_t2_present,LGE+T2+C0,1,anatomy,interaction_lge_c0,1,1,0.0009374998626299202,2.2102019786834717,0.13637325167655945,False,0.0,0.0,covered_by_loss_backward_sanity
m6_full_srr_context_arbitration,synthetic_anchor_derived_t2_present,LGE+T2+C0,1,anatomy,interaction_lge_c0,1,1,0.0009374998626299202,2.2102019786834717,0.13637325167655945,False,0.0,0.0,covered_by_loss_backward_sanity
m6_full_srr_context_arbitration,synthetic_anchor_derived_t2_present,LGE+T2+C0,1,anatomy,interaction_lge_c0,1,1,0.12187536060810089,2.2102019786834717,0.13637325167655945,False,0.0,0.0,covered_by_loss_backward_sanity
m6_full_srr_context_arbitration,synthetic_anchor_derived_t2_present,LGE+T2+C0,1,anatomy,interaction_t2_c0,1,1,0.0009374998626299202,2.2102019786834717,0.13637325167655945,False,0.0,0.0,covered_by_loss_backward_sanity
m6_full_srr_context_arbitration,synthetic_anchor_derived_t2_present,LGE+T2+C0,1,anatomy,interaction_t2_c0,1,1,0.0009374998626299202,2.2102019786834717,0.13637325167655945,False,0.0,0.0,covered_by_loss_backward_sanity
m6_full_srr_context_arbitration,synthetic_anchor_derived_t2_present,LGE+T2+C0,1,anatomy,interaction_t2_c0,1,1,0.0009374998626299202,2.2102019786834717,0.13637325167655945,False,0.0,0.0,covered_by_loss_backward_sanity
m6_full_srr_context_arbitration,synthetic_anchor_derived_t2_present,LGE+T2+C0,1,anatomy,interaction_t2_c0,1,1,0.0009374998626299202,2.2102019786834717,0.13637325167655945,False,0.0,0.0,covered_by_loss_backward_sanity
m6_full_srr_context_arbitration,synthetic_anchor_derived_t2_present,LGE+T2+C0,1,scar,shared,1,1,0.0009374998626299202,2.16851806640625,0.1945703774690628,False,0.0,0.0,covered_by_loss_backward_sanity
m6_full_srr_context_arbitration,synthetic_anchor_derived_t2_present,LGE+T2+C0,1,scar,shared,1,1,0.0009374998626299202,2.16851806640625,0.1945703774690628,False,0.0,0.0,covered_by_loss_backward_sanity
m6_full_srr_context_arbitration,synthetic_anchor_derived_t2_present,LGE+T2+C0,1,scar,shared,1,1,0.0009374998626299202,2.16851806640625,0.1945703774690628,False,0.0,0.0,covered_by_loss_backward_sanity
m6_full_srr_context_arbitration,synthetic_anchor_derived_t2_present,LGE+T2+C0,1,scar,shared,1,1,0.0009374998626299202,2.16851806640625,0.1945703774690628,False,0.0,0.0,covered_by_loss_backward_sanity
m6_full_srr_context_arbitration,synthetic_anchor_derived_t2_present,LGE+T2+C0,1,scar,shared,1,1,0.0009374998626299202,2.16851806640625,0.1945703774690628,False,0.0,0.0,covered_by_loss_backward_sanity
m6_full_srr_context_arbitration,synthetic_anchor_derived_t2_present,LGE+T2+C0,1,scar,shared,1,1,0.0009374998626299202,2.16851806640625,0.1945703774690628,False,0.0,0.0,covered_by_loss_backward_sanity
m6_full_srr_context_arbitration,synthetic_anchor_derived_t2_present,LGE+T2+C0,1,scar,shared,1,1,0.0009374998626299202,2.16851806640625,0.1945703774690628,False,0.0,0.0,covered_by_loss_backward_sanity
m6_full_srr_context_arbitration,synthetic_anchor_derived_t2_present,LGE+T2+C0,1,scar,shared,1,1,0.0009374998626299202,2.16851806640625,0.1945703774690628,False,0.0,0.0,covered_by_loss_backward_sanity
m6_full_srr_context_arbitration,synthetic_anchor_derived_t2_present,LGE+T2+C0,1,scar,lge_private,1,1,0.13613075017929077,2.16851806640625,0.1945703774690628,False,0.0,0.0,covered_by_loss_backward_sanity
m6_full_srr_context_arbitration,synthetic_anchor_derived_t2_present,LGE+T2+C0,1,scar,lge_private,1,1,0.11628411710262299,2.16851806640625,0.1945703774690628,False,0.0,0.0,covered_by_loss_backward_sanity
m6_full_srr_context_arbitration,synthetic_anchor_derived_t2_present,LGE+T2+C0,1,scar,lge_private,1,1,0.1945703774690628,2.16851806640625,0.1945703774690628,False,0.0,0.0,covered_by_loss_backward_sanity
m6_full_srr_context_arbitration,synthetic_anchor_derived_t2_present,LGE+T2+C0,1,scar,lge_private,1,1,0.16161808371543884,2.16851806640625,0.1945703774690628,False,0.0,0.0,covered_by_loss_backward_sanity
m6_full_srr_context_arbitration,synthetic_anchor_derived_t2_present,LGE+T2+C0,1,scar,t2_private,1,1,0.0009374998626299202,2.16851806640625,0.1945703774690628,False,0.0,0.0,covered_by_loss_backward_sanity
m6_full_srr_context_arbitration,synthetic_anchor_derived_t2_present,LGE+T2+C0,1,scar,t2_private,1,1,0.0009374998626299202,2.16851806640625,0.1945703774690628,False,0.0,0.0,covered_by_loss_backward_sanity
m6_full_srr_context_arbitration,synthetic_anchor_derived_t2_present,LGE+T2+C0,1,scar,t2_private,1,1,0.0009374998626299202,2.16851806640625,0.1945703774690628,False,0.0,0.0,covered_by_loss_backward_sanity
m6_full_srr_context_arbitration,synthetic_anchor_derived_t2_present,LGE+T2+C0,1,scar,t2_private,1,1,0.0009374998626299202,2.16851806640625,0.1945703774690628,False,0.0,0.0,covered_by_loss_backward_sanity
m6_full_srr_context_arbitration,synthetic_anchor_derived_t2_present,LGE+T2+C0,1,scar,c0_private,1,1,0.0009374998626299202,2.16851806640625,0.1945703774690628,False,0.0,0.0,covered_by_loss_backward_sanity
m6_full_srr_context_arbitration,synthetic_anchor_derived_t2_present,LGE+T2+C0,1,scar,c0_private,1,1,0.0009374998626299202,2.16851806640625,0.1945703774690628,False,0.0,0.0,covered_by_loss_backward_sanity
m6_full_srr_context_arbitration,synthetic_anchor_derived_t2_present,LGE+T2+C0,1,scar,c0_private,1,1,0.0009374998626299202,2.16851806640625,0.1945703774690628,False,0.0,0.0,covered_by_loss_backward_sanity
m6_full_srr_context_arbitration,synthetic_anchor_derived_t2_present,LGE+T2+C0,1,scar,c0_private,1,1,0.0009374998626299202,2.16851806640625,0.1945703774690628,False,0.0,0.0,covered_by_loss_backward_sanity
m6_full_srr_context_arbitration,synthetic_anchor_derived_t2_present,LGE+T2+C0,1,scar,interaction_lge_t2,1,1,0.0009374998626299202,2.16851806640625,0.1945703774690628,False,0.0,0.0,covered_by_loss_backward_sanity
m6_full_srr_context_arbitration,synthetic_anchor_derived_t2_present,LGE+T2+C0,1,scar,interaction_lge_t2,1,1,0.0009374998626299202,2.16851806640625,0.1945703774690628,False,0.0,0.0,covered_by_loss_backward_sanity
m6_full_srr_context_arbitration,synthetic_anchor_derived_t2_present,LGE+T2+C0,1,scar,interaction_lge_t2,1,1,0.1095745787024498,2.16851806640625,0.1945703774690628,False,0.0,0.0,covered_by_loss_backward_sanity
m6_full_srr_context_arbitration,synthetic_anchor_derived_t2_present,LGE+T2+C0,1,scar,interaction_lge_t2,1,1,0.08300754427909851,2.16851806640625,0.1945703774690628,False,0.0,0.0,covered_by_loss_backward_sanity
m6_full_srr_context_arbitration,synthetic_anchor_derived_t2_present,LGE+T2+C0,1,scar,interaction_lge_c0,1,1,0.08429581671953201,2.16851806640625,0.1945703774690628,False,0.0,0.0,covered_by_loss_backward_sanity
m6_full_srr_context_arbitration,synthetic_anchor_derived_t2_present,LGE+T2+C0,1,scar,interaction_lge_c0,1,1,0.09201858937740326,2.16851806640625,0.1945703774690628,False,0.0,0.0,covered_by_loss_backward_sanity
m6_full_srr_context_arbitration,synthetic_anchor_derived_t2_present,LGE+T2+C0,1,scar,interaction_lge_c0,1,1,0.0009374998626299202,2.16851806640625,0.1945703774690628,False,0.0,0.0,covered_by_loss_backward_sanity
m6_full_srr_context_arbitration,synthetic_anchor_derived_t2_present,LGE+T2+C0,1,scar,interaction_lge_c0,1,1,0.0009374998626299202,2.16851806640625,0.1945703774690628,False,0.0,0.0,covered_by_loss_backward_sanity
m6_full_srr_context_arbitration,synthetic_anchor_derived_t2_present,LGE+T2+C0,1,scar,interaction_t2_c0,1,1,0.0009374998626299202,2.16851806640625,0.1945703774690628,False,0.0,0.0,covered_by_loss_backward_sanity
m6_full_srr_context_arbitration,synthetic_anchor_derived_t2_present,LGE+T2+C0,1,scar,interaction_t2_c0,1,1,0.0009374998626299202,2.16851806640625,0.1945703774690628,False,0.0,0.0,covered_by_loss_backward_sanity
m6_full_srr_context_arbitration,synthetic_anchor_derived_t2_present,LGE+T2+C0,1,scar,interaction_t2_c0,1,1,0.0009374998626299202,2.16851806640625,0.1945703774690628,False,0.0,0.0,covered_by_loss_backward_sanity
m6_full_srr_context_arbitration,synthetic_anchor_derived_t2_present,LGE+T2+C0,1,scar,interaction_t2_c0,1,1,0.0009374998626299202,2.16851806640625,0.1945703774690628,False,0.0,0.0,covered_by_loss_backward_sanity
m6_full_srr_context_arbitration,synthetic_anchor_derived_t2_present,LGE+T2+C0,1,edema,shared,1,1,0.0009374999790452421,2.1741390228271484,0.20029185712337494,False,0.0,0.0,covered_by_loss_backward_sanity
m6_full_srr_context_arbitration,synthetic_anchor_derived_t2_present,LGE+T2+C0,1,edema,shared,1,1,0.0009374999790452421,2.1741390228271484,0.20029185712337494,False,0.0,0.0,covered_by_loss_backward_sanity
m6_full_srr_context_arbitration,synthetic_anchor_derived_t2_present,LGE+T2+C0,1,edema,shared,1,1,0.0009374999790452421,2.1741390228271484,0.20029185712337494,False,0.0,0.0,covered_by_loss_backward_sanity
m6_full_srr_context_arbitration,synthetic_anchor_derived_t2_present,LGE+T2+C0,1,edema,shared,1,1,0.0009374999790452421,2.1741390228271484,0.20029185712337494,False,0.0,0.0,covered_by_loss_backward_sanity
m6_full_srr_context_arbitration,synthetic_anchor_derived_t2_present,LGE+T2+C0,1,edema,shared,1,1,0.08674215525388718,2.1741390228271484,0.20029185712337494,False,0.0,0.0,covered_by_loss_backward_sanity
m6_full_srr_context_arbitration,synthetic_anchor_derived_t2_present,LGE+T2+C0,1,edema,shared,1,1,0.0009374999790452421,2.1741390228271484,0.20029185712337494,False,0.0,0.0,covered_by_loss_backward_sanity
m6_full_srr_context_arbitration,synthetic_anchor_derived_t2_present,LGE+T2+C0,1,edema,shared,1,1,0.0009374999790452421,2.1741390228271484,0.20029185712337494,False,0.0,0.0,covered_by_loss_backward_sanity
m6_full_srr_context_arbitration,synthetic_anchor_derived_t2_present,LGE+T2+C0,1,edema,shared,1,1,0.0009374999790452421,2.1741390228271484,0.20029185712337494,False,0.0,0.0,covered_by_loss_backward_sanity
m6_full_srr_context_arbitration,synthetic_anchor_derived_t2_present,LGE+T2+C0,1,edema,lge_private,1,1,0.0009374999790452421,2.1741390228271484,0.20029185712337494,False,0.0,0.0,covered_by_loss_backward_sanity
m6_full_srr_context_arbitration,synthetic_anchor_derived_t2_present,LGE+T2+C0,1,edema,lge_private,1,1,0.0009374999790452421,2.1741390228271484,0.20029185712337494,False,0.0,0.0,covered_by_loss_backward_sanity
m6_full_srr_context_arbitration,synthetic_anchor_derived_t2_present,LGE+T2+C0,1,edema,lge_private,1,1,0.0009374999790452421,2.1741390228271484,0.20029185712337494,False,0.0,0.0,covered_by_loss_backward_sanity
m6_full_srr_context_arbitration,synthetic_anchor_derived_t2_present,LGE+T2+C0,1,edema,lge_private,1,1,0.0009374999790452421,2.1741390228271484,0.20029185712337494,False,0.0,0.0,covered_by_loss_backward_sanity
m6_full_srr_context_arbitration,synthetic_anchor_derived_t2_present,LGE+T2+C0,1,edema,t2_private,1,1,0.20029185712337494,2.1741390228271484,0.20029185712337494,False,0.0,0.0,covered_by_loss_backward_sanity
m6_full_srr_context_arbitration,synthetic_anchor_derived_t2_present,LGE+T2+C0,1,edema,t2_private,1,1,0.15854477882385254,2.1741390228271484,0.20029185712337494,False,0.0,0.0,covered_by_loss_backward_sanity
m6_full_srr_context_arbitration,synthetic_anchor_derived_t2_present,LGE+T2+C0,1,edema,t2_private,1,1,0.11340923607349396,2.1741390228271484,0.20029185712337494,False,0.0,0.0,covered_by_loss_backward_sanity
m6_full_srr_context_arbitration,synthetic_anchor_derived_t2_present,LGE+T2+C0,1,edema,t2_private,1,1,0.10015539824962616,2.1741390228271484,0.20029185712337494,False,0.0,0.0,covered_by_loss_backward_sanity
m6_full_srr_context_arbitration,synthetic_anchor_derived_t2_present,LGE+T2+C0,1,edema,c0_private,1,1,0.0009374999790452421,2.1741390228271484,0.20029185712337494,False,0.0,0.0,covered_by_loss_backward_sanity
m6_full_srr_context_arbitration,synthetic_anchor_derived_t2_present,LGE+T2+C0,1,edema,c0_private,1,1,0.0009374999790452421,2.1741390228271484,0.20029185712337494,False,0.0,0.0,covered_by_loss_backward_sanity
m6_full_srr_context_arbitration,synthetic_anchor_derived_t2_present,LGE+T2+C0,1,edema,c0_private,1,1,0.0009374999790452421,2.1741390228271484,0.20029185712337494,False,0.0,0.0,covered_by_loss_backward_sanity
m6_full_srr_context_arbitration,synthetic_anchor_derived_t2_present,LGE+T2+C0,1,edema,c0_private,1,1,0.0009374999790452421,2.1741390228271484,0.20029185712337494,False,0.0,0.0,covered_by_loss_backward_sanity
m6_full_srr_context_arbitration,synthetic_anchor_derived_t2_present,LGE+T2+C0,1,edema,interaction_lge_t2,1,1,0.10539194941520691,2.1741390228271484,0.20029185712337494,False,0.0,0.0,covered_by_loss_backward_sanity
m6_full_srr_context_arbitration,synthetic_anchor_derived_t2_present,LGE+T2+C0,1,edema,interaction_lge_t2,1,1,0.0009374999790452421,2.1741390228271484,0.20029185712337494,False,0.0,0.0,covered_by_loss_backward_sanity
m6_full_srr_context_arbitration,synthetic_anchor_derived_t2_present,LGE+T2+C0,1,edema,interaction_lge_t2,1,1,0.0009374999790452421,2.1741390228271484,0.20029185712337494,False,0.0,0.0,covered_by_loss_backward_sanity
m6_full_srr_context_arbitration,synthetic_anchor_derived_t2_present,LGE+T2+C0,1,edema,interaction_lge_t2,1,1,0.1123456135392189,2.1741390228271484,0.20029185712337494,False,0.0,0.0,covered_by_loss_backward_sanity
m6_full_srr_context_arbitration,synthetic_anchor_derived_t2_present,LGE+T2+C0,1,edema,interaction_lge_c0,1,1,0.0009374999790452421,2.1741390228271484,0.20029185712337494,False,0.0,0.0,covered_by_loss_backward_sanity
m6_full_srr_context_arbitration,synthetic_anchor_derived_t2_present,LGE+T2+C0,1,edema,interaction_lge_c0,1,1,0.0009374999790452421,2.1741390228271484,0.20029185712337494,False,0.0,0.0,covered_by_loss_backward_sanity
m6_full_srr_context_arbitration,synthetic_anchor_derived_t2_present,LGE+T2+C0,1,edema,interaction_lge_c0,1,1,0.0009374999790452421,2.1741390228271484,0.20029185712337494,False,0.0,0.0,covered_by_loss_backward_sanity
m6_full_srr_context_arbitration,synthetic_anchor_derived_t2_present,LGE+T2+C0,1,edema,interaction_lge_c0,1,1,0.0009374999790452421,2.1741390228271484,0.20029185712337494,False,0.0,0.0,covered_by_loss_backward_sanity
m6_full_srr_context_arbitration,synthetic_anchor_derived_t2_present,LGE+T2+C0,1,edema,interaction_t2_c0,1,1,0.0009374999790452421,2.1741390228271484,0.20029185712337494,False,0.0,0.0,covered_by_loss_backward_sanity
m6_full_srr_context_arbitration,synthetic_anchor_derived_t2_present,LGE+T2+C0,1,edema,interaction_t2_c0,1,1,0.0009374999790452421,2.1741390228271484,0.20029185712337494,False,0.0,0.0,covered_by_loss_backward_sanity
m6_full_srr_context_arbitration,synthetic_anchor_derived_t2_present,LGE+T2+C0,1,edema,interaction_t2_c0,1,1,0.0009374999790452421,2.1741390228271484,0.20029185712337494,False,0.0,0.0,covered_by_loss_backward_sanity
m6_full_srr_context_arbitration,synthetic_anchor_derived_t2_present,LGE+T2+C0,1,edema,interaction_t2_c0,1,1,0.10061901062726974,2.1741390228271484,0.20029185712337494,False,0.0,0.0,covered_by_loss_backward_sanity
m6_full_srr_context_arbitration,synthetic_anchor_derived_t2_present,LGE+T2+C0,2,anatomy,shared,1,1,0.16285037994384766,2.2039055824279785,0.16285037994384766,False,0.0,0.0,covered_by_loss_backward_sanity
m6_full_srr_context_arbitration,synthetic_anchor_derived_t2_present,LGE+T2+C0,2,anatomy,shared,1,1,0.0009374999790452421,2.2039055824279785,0.16285037994384766,False,0.0,0.0,covered_by_loss_backward_sanity
m6_full_srr_context_arbitration,synthetic_anchor_derived_t2_present,LGE+T2+C0,2,anatomy,shared,1,1,0.1103958711028099,2.2039055824279785,0.16285037994384766,False,0.0,0.0,covered_by_loss_backward_sanity
m6_full_srr_context_arbitration,synthetic_anchor_derived_t2_present,LGE+T2+C0,2,anatomy,shared,1,1,0.11278483271598816,2.2039055824279785,0.16285037994384766,False,0.0,0.0,covered_by_loss_backward_sanity
m6_full_srr_context_arbitration,synthetic_anchor_derived_t2_present,LGE+T2+C0,2,anatomy,shared,1,1,0.11244391649961472,2.2039055824279785,0.16285037994384766,False,0.0,0.0,covered_by_loss_backward_sanity
m6_full_srr_context_arbitration,synthetic_anchor_derived_t2_present,LGE+T2+C0,2,anatomy,shared,1,1,0.0009374999790452421,2.2039055824279785,0.16285037994384766,False,0.0,0.0,covered_by_loss_backward_sanity
m6_full_srr_context_arbitration,synthetic_anchor_derived_t2_present,LGE+T2+C0,2,anatomy,shared,1,1,0.0009374999790452421,2.2039055824279785,0.16285037994384766,False,0.0,0.0,covered_by_loss_backward_sanity
m6_full_srr_context_arbitration,synthetic_anchor_derived_t2_present,LGE+T2+C0,2,anatomy,shared,1,1,0.1210208609700203,2.2039055824279785,0.16285037994384766,False,0.0,0.0,covered_by_loss_backward_sanity
m6_full_srr_context_arbitration,synthetic_anchor_derived_t2_present,LGE+T2+C0,2,anatomy,lge_private,1,1,0.0009374999790452421,2.2039055824279785,0.16285037994384766,False,0.0,0.0,covered_by_loss_backward_sanity
m6_full_srr_context_arbitration,synthetic_anchor_derived_t2_present,LGE+T2+C0,2,anatomy,lge_private,1,1,0.0009374999790452421,2.2039055824279785,0.16285037994384766,False,0.0,0.0,covered_by_loss_backward_sanity
m6_full_srr_context_arbitration,synthetic_anchor_derived_t2_present,LGE+T2+C0,2,anatomy,lge_private,1,1,0.0009374999790452421,2.2039055824279785,0.16285037994384766,False,0.0,0.0,covered_by_loss_backward_sanity
m6_full_srr_context_arbitration,synthetic_anchor_derived_t2_present,LGE+T2+C0,2,anatomy,lge_private,1,1,0.0009374999790452421,2.2039055824279785,0.16285037994384766,False,0.0,0.0,covered_by_loss_backward_sanity
m6_full_srr_context_arbitration,synthetic_anchor_derived_t2_present,LGE+T2+C0,2,anatomy,t2_private,1,1,0.0009374999790452421,2.2039055824279785,0.16285037994384766,False,0.0,0.0,covered_by_loss_backward_sanity
m6_full_srr_context_arbitration,synthetic_anchor_derived_t2_present,LGE+T2+C0,2,anatomy,t2_private,1,1,0.0009374999790452421,2.2039055824279785,0.16285037994384766,False,0.0,0.0,covered_by_loss_backward_sanity
m6_full_srr_context_arbitration,synthetic_anchor_derived_t2_present,LGE+T2+C0,2,anatomy,t2_private,1,1,0.0009374999790452421,2.2039055824279785,0.16285037994384766,False,0.0,0.0,covered_by_loss_backward_sanity
m6_full_srr_context_arbitration,synthetic_anchor_derived_t2_present,LGE+T2+C0,2,anatomy,t2_private,1,1,0.0009374999790452421,2.2039055824279785,0.16285037994384766,False,0.0,0.0,covered_by_loss_backward_sanity
m6_full_srr_context_arbitration,synthetic_anchor_derived_t2_present,LGE+T2+C0,2,anatomy,c0_private,1,1,0.12264280766248703,2.2039055824279785,0.16285037994384766,False,0.0,0.0,covered_by_loss_backward_sanity
m6_full_srr_context_arbitration,synthetic_anchor_derived_t2_present,LGE+T2+C0,2,anatomy,c0_private,1,1,0.0009374999790452421,2.2039055824279785,0.16285037994384766,False,0.0,0.0,covered_by_loss_backward_sanity
m6_full_srr_context_arbitration,synthetic_anchor_derived_t2_present,LGE+T2+C0,2,anatomy,c0_private,1,1,0.12272515147924423,2.2039055824279785,0.16285037994384766,False,0.0,0.0,covered_by_loss_backward_sanity
m6_full_srr_context_arbitration,synthetic_anchor_derived_t2_present,LGE+T2+C0,2,anatomy,c0_private,1,1,0.0009374999790452421,2.2039055824279785,0.16285037994384766,False,0.0,0.0,covered_by_loss_backward_sanity
m6_full_srr_context_arbitration,synthetic_anchor_derived_t2_present,LGE+T2+C0,2,anatomy,interaction_lge_t2,1,1,0.0009374999790452421,2.2039055824279785,0.16285037994384766,False,0.0,0.0,covered_by_loss_backward_sanity
m6_full_srr_context_arbitration,synthetic_anchor_derived_t2_present,LGE+T2+C0,2,anatomy,interaction_lge_t2,1,1,0.0009374999790452421,2.2039055824279785,0.16285037994384766,False,0.0,0.0,covered_by_loss_backward_sanity
m6_full_srr_context_arbitration,synthetic_anchor_derived_t2_present,LGE+T2+C0,2,anatomy,interaction_lge_t2,1,1,0.0009374999790452421,2.2039055824279785,0.16285037994384766,False,0.0,0.0,covered_by_loss_backward_sanity
m6_full_srr_context_arbitration,synthetic_anchor_derived_t2_present,LGE+T2+C0,2,anatomy,interaction_lge_t2,1,1,0.0009374999790452421,2.2039055824279785,0.16285037994384766,False,0.0,0.0,covered_by_loss_backward_sanity
m6_full_srr_context_arbitration,synthetic_anchor_derived_t2_present,LGE+T2+C0,2,anatomy,interaction_lge_c0,1,1,0.0009374999790452421,2.2039055824279785,0.16285037994384766,False,0.0,0.0,covered_by_loss_backward_sanity
m6_full_srr_context_arbitration,synthetic_anchor_derived_t2_present,LGE+T2+C0,2,anatomy,interaction_lge_c0,1,1,0.0009374999790452421,2.2039055824279785,0.16285037994384766,False,0.0,0.0,covered_by_loss_backward_sanity
m6_full_srr_context_arbitration,synthetic_anchor_derived_t2_present,LGE+T2+C0,2,anatomy,interaction_lge_c0,1,1,0.0009374999790452421,2.2039055824279785,0.16285037994384766,False,0.0,0.0,covered_by_loss_backward_sanity
m6_full_srr_context_arbitration,synthetic_anchor_derived_t2_present,LGE+T2+C0,2,anatomy,interaction_lge_c0,1,1,0.0009374999790452421,2.2039055824279785,0.16285037994384766,False,0.0,0.0,covered_by_loss_backward_sanity
m6_full_srr_context_arbitration,synthetic_anchor_derived_t2_present,LGE+T2+C0,2,anatomy,interaction_t2_c0,1,1,0.0009374999790452421,2.2039055824279785,0.16285037994384766,False,0.0,0.0,covered_by_loss_backward_sanity
m6_full_srr_context_arbitration,synthetic_anchor_derived_t2_present,LGE+T2+C0,2,anatomy,interaction_t2_c0,1,1,0.11263620108366013,2.2039055824279785,0.16285037994384766,False,0.0,0.0,covered_by_loss_backward_sanity
m6_full_srr_context_arbitration,synthetic_anchor_derived_t2_present,LGE+T2+C0,2,anatomy,interaction_t2_c0,1,1,0.0009374999790452421,2.2039055824279785,0.16285037994384766,False,0.0,0.0,covered_by_loss_backward_sanity
m6_full_srr_context_arbitration,synthetic_anchor_derived_t2_present,LGE+T2+C0,2,anatomy,interaction_t2_c0,1,1,0.0009374999790452421,2.2039055824279785,0.16285037994384766,False,0.0,0.0,covered_by_loss_backward_sanity
m6_full_srr_context_arbitration,synthetic_anchor_derived_t2_present,LGE+T2+C0,2,scar,shared,1,1,0.0009374997462145984,2.161172389984131,0.18684054911136627,False,0.0,0.0,covered_by_loss_backward_sanity
m6_full_srr_context_arbitration,synthetic_anchor_derived_t2_present,LGE+T2+C0,2,scar,shared,1,1,0.0009374997462145984,2.161172389984131,0.18684054911136627,False,0.0,0.0,covered_by_loss_backward_sanity
m6_full_srr_context_arbitration,synthetic_anchor_derived_t2_present,LGE+T2+C0,2,scar,shared,1,1,0.0009374997462145984,2.161172389984131,0.18684054911136627,False,0.0,0.0,covered_by_loss_backward_sanity
m6_full_srr_context_arbitration,synthetic_anchor_derived_t2_present,LGE+T2+C0,2,scar,shared,1,1,0.0009374997462145984,2.161172389984131,0.18684054911136627,False,0.0,0.0,covered_by_loss_backward_sanity
m6_full_srr_context_arbitration,synthetic_anchor_derived_t2_present,LGE+T2+C0,2,scar,shared,1,1,0.0009374997462145984,2.161172389984131,0.18684054911136627,False,0.0,0.0,covered_by_loss_backward_sanity
m6_full_srr_context_arbitration,synthetic_anchor_derived_t2_present,LGE+T2+C0,2,scar,shared,1,1,0.0009374997462145984,2.161172389984131,0.18684054911136627,False,0.0,0.0,covered_by_loss_backward_sanity
m6_full_srr_context_arbitration,synthetic_anchor_derived_t2_present,LGE+T2+C0,2,scar,shared,1,1,0.0009374997462145984,2.161172389984131,0.18684054911136627,False,0.0,0.0,covered_by_loss_backward_sanity
m6_full_srr_context_arbitration,synthetic_anchor_derived_t2_present,LGE+T2+C0,2,scar,shared,1,1,0.0009374997462145984,2.161172389984131,0.18684054911136627,False,0.0,0.0,covered_by_loss_backward_sanity
m6_full_srr_context_arbitration,synthetic_anchor_derived_t2_present,LGE+T2+C0,2,scar,lge_private,1,1,0.18684054911136627,2.161172389984131,0.18684054911136627,False,0.0,0.0,covered_by_loss_backward_sanity
m6_full_srr_context_arbitration,synthetic_anchor_derived_t2_present,LGE+T2+C0,2,scar,lge_private,1,1,0.1761225461959839,2.161172389984131,0.18684054911136627,False,0.0,0.0,covered_by_loss_backward_sanity
m6_full_srr_context_arbitration,synthetic_anchor_derived_t2_present,LGE+T2+C0,2,scar,lge_private,1,1,0.1424948275089264,2.161172389984131,0.18684054911136627,False,0.0,0.0,covered_by_loss_backward_sanity
m6_full_srr_context_arbitration,synthetic_anchor_derived_t2_present,LGE+T2+C0,2,scar,lge_private,1,1,0.12694676220417023,2.161172389984131,0.18684054911136627,False,0.0,0.0,covered_by_loss_backward_sanity
m6_full_srr_context_arbitration,synthetic_anchor_derived_t2_present,LGE+T2+C0,2,scar,t2_private,1,1,0.0009374997462145984,2.161172389984131,0.18684054911136627,False,0.0,0.0,covered_by_loss_backward_sanity
m6_full_srr_context_arbitration,synthetic_anchor_derived_t2_present,LGE+T2+C0,2,scar,t2_private,1,1,0.0009374997462145984,2.161172389984131,0.18684054911136627,False,0.0,0.0,covered_by_loss_backward_sanity
m6_full_srr_context_arbitration,synthetic_anchor_derived_t2_present,LGE+T2+C0,2,scar,t2_private,1,1,0.0009374997462145984,2.161172389984131,0.18684054911136627,False,0.0,0.0,covered_by_loss_backward_sanity
m6_full_srr_context_arbitration,synthetic_anchor_derived_t2_present,LGE+T2+C0,2,scar,t2_private,1,1,0.0009374997462145984,2.161172389984131,0.18684054911136627,False,0.0,0.0,covered_by_loss_backward_sanity
m6_full_srr_context_arbitration,synthetic_anchor_derived_t2_present,LGE+T2+C0,2,scar,c0_private,1,1,0.0009374997462145984,2.161172389984131,0.18684054911136627,False,0.0,0.0,covered_by_loss_backward_sanity
m6_full_srr_context_arbitration,synthetic_anchor_derived_t2_present,LGE+T2+C0,2,scar,c0_private,1,1,0.0009374997462145984,2.161172389984131,0.18684054911136627,False,0.0,0.0,covered_by_loss_backward_sanity
m6_full_srr_context_arbitration,synthetic_anchor_derived_t2_present,LGE+T2+C0,2,scar,c0_private,1,1,0.0009374997462145984,2.161172389984131,0.18684054911136627,False,0.0,0.0,covered_by_loss_backward_sanity
m6_full_srr_context_arbitration,synthetic_anchor_derived_t2_present,LGE+T2+C0,2,scar,c0_private,1,1,0.08502770960330963,2.161172389984131,0.18684054911136627,False,0.0,0.0,covered_by_loss_backward_sanity
m6_full_srr_context_arbitration,synthetic_anchor_derived_t2_present,LGE+T2+C0,2,scar,interaction_lge_t2,1,1,0.09078023582696915,2.161172389984131,0.18684054911136627,False,0.0,0.0,covered_by_loss_backward_sanity
m6_full_srr_context_arbitration,synthetic_anchor_derived_t2_present,LGE+T2+C0,2,scar,interaction_lge_t2,1,1,0.0009374997462145984,2.161172389984131,0.18684054911136627,False,0.0,0.0,covered_by_loss_backward_sanity
m6_full_srr_context_arbitration,synthetic_anchor_derived_t2_present,LGE+T2+C0,2,scar,interaction_lge_t2,1,1,0.0009374997462145984,2.161172389984131,0.18684054911136627,False,0.0,0.0,covered_by_loss_backward_sanity
m6_full_srr_context_arbitration,synthetic_anchor_derived_t2_present,LGE+T2+C0,2,scar,interaction_lge_t2,1,1,0.08661945909261703,2.161172389984131,0.18684054911136627,False,0.0,0.0,covered_by_loss_backward_sanity
m6_full_srr_context_arbitration,synthetic_anchor_derived_t2_present,LGE+T2+C0,2,scar,interaction_lge_c0,1,1,0.0009374997462145984,2.161172389984131,0.18684054911136627,False,0.0,0.0,covered_by_loss_backward_sanity
m6_full_srr_context_arbitration,synthetic_anchor_derived_t2_present,LGE+T2+C0,2,scar,interaction_lge_c0,1,1,0.0009374997462145984,2.161172389984131,0.18684054911136627,False,0.0,0.0,covered_by_loss_backward_sanity
m6_full_srr_context_arbitration,synthetic_anchor_derived_t2_present,LGE+T2+C0,2,scar,interaction_lge_c0,1,1,0.0826677605509758,2.161172389984131,0.18684054911136627,False,0.0,0.0,covered_by_loss_backward_sanity
m6_full_srr_context_arbitration,synthetic_anchor_derived_t2_present,LGE+T2+C0,2,scar,interaction_lge_c0,1,1,0.0009374997462145984,2.161172389984131,0.18684054911136627,False,0.0,0.0,covered_by_loss_backward_sanity
m6_full_srr_context_arbitration,synthetic_anchor_derived_t2_present,LGE+T2+C0,2,scar,interaction_t2_c0,1,1,0.0009374997462145984,2.161172389984131,0.18684054911136627,False,0.0,0.0,covered_by_loss_backward_sanity
m6_full_srr_context_arbitration,synthetic_anchor_derived_t2_present,LGE+T2+C0,2,scar,interaction_t2_c0,1,1,0.0009374997462145984,2.161172389984131,0.18684054911136627,False,0.0,0.0,covered_by_loss_backward_sanity
m6_full_srr_context_arbitration,synthetic_anchor_derived_t2_present,LGE+T2+C0,2,scar,interaction_t2_c0,1,1,0.0009374997462145984,2.161172389984131,0.18684054911136627,False,0.0,0.0,covered_by_loss_backward_sanity
m6_full_srr_context_arbitration,synthetic_anchor_derived_t2_present,LGE+T2+C0,2,scar,interaction_t2_c0,1,1,0.0009374997462145984,2.161172389984131,0.18684054911136627,False,0.0,0.0,covered_by_loss_backward_sanity
m6_full_srr_context_arbitration,synthetic_anchor_derived_t2_present,LGE+T2+C0,2,edema,shared,1,1,0.0009374998626299202,2.185514450073242,0.17184260487556458,False,0.0,0.0,covered_by_loss_backward_sanity
m6_full_srr_context_arbitration,synthetic_anchor_derived_t2_present,LGE+T2+C0,2,edema,shared,1,1,0.0009374998626299202,2.185514450073242,0.17184260487556458,False,0.0,0.0,covered_by_loss_backward_sanity
m6_full_srr_context_arbitration,synthetic_anchor_derived_t2_present,LGE+T2+C0,2,edema,shared,1,1,0.0009374998626299202,2.185514450073242,0.17184260487556458,False,0.0,0.0,covered_by_loss_backward_sanity
m6_full_srr_context_arbitration,synthetic_anchor_derived_t2_present,LGE+T2+C0,2,edema,shared,1,1,0.0009374998626299202,2.185514450073242,0.17184260487556458,False,0.0,0.0,covered_by_loss_backward_sanity
m6_full_srr_context_arbitration,synthetic_anchor_derived_t2_present,LGE+T2+C0,2,edema,shared,1,1,0.0009374998626299202,2.185514450073242,0.17184260487556458,False,0.0,0.0,covered_by_loss_backward_sanity
m6_full_srr_context_arbitration,synthetic_anchor_derived_t2_present,LGE+T2+C0,2,edema,shared,1,1,0.0009374998626299202,2.185514450073242,0.17184260487556458,False,0.0,0.0,covered_by_loss_backward_sanity
m6_full_srr_context_arbitration,synthetic_anchor_derived_t2_present,LGE+T2+C0,2,edema,shared,1,1,0.0009374998626299202,2.185514450073242,0.17184260487556458,False,0.0,0.0,covered_by_loss_backward_sanity
m6_full_srr_context_arbitration,synthetic_anchor_derived_t2_present,LGE+T2+C0,2,edema,shared,1,1,0.0009374998626299202,2.185514450073242,0.17184260487556458,False,0.0,0.0,covered_by_loss_backward_sanity
m6_full_srr_context_arbitration,synthetic_anchor_derived_t2_present,LGE+T2+C0,2,edema,lge_private,1,1,0.0009374998626299202,2.185514450073242,0.17184260487556458,False,0.0,0.0,covered_by_loss_backward_sanity
m6_full_srr_context_arbitration,synthetic_anchor_derived_t2_present,LGE+T2+C0,2,edema,lge_private,1,1,0.0009374998626299202,2.185514450073242,0.17184260487556458,False,0.0,0.0,covered_by_loss_backward_sanity
m6_full_srr_context_arbitration,synthetic_anchor_derived_t2_present,LGE+T2+C0,2,edema,lge_private,1,1,0.0009374998626299202,2.185514450073242,0.17184260487556458,False,0.0,0.0,covered_by_loss_backward_sanity
m6_full_srr_context_arbitration,synthetic_anchor_derived_t2_present,LGE+T2+C0,2,edema,lge_private,1,1,0.0009374998626299202,2.185514450073242,0.17184260487556458,False,0.0,0.0,covered_by_loss_backward_sanity
m6_full_srr_context_arbitration,synthetic_anchor_derived_t2_present,LGE+T2+C0,2,edema,t2_private,1,1,0.17184260487556458,2.185514450073242,0.17184260487556458,False,0.0,0.0,covered_by_loss_backward_sanity
m6_full_srr_context_arbitration,synthetic_anchor_derived_t2_present,LGE+T2+C0,2,edema,t2_private,1,1,0.12349659949541092,2.185514450073242,0.17184260487556458,False,0.0,0.0,covered_by_loss_backward_sanity
m6_full_srr_context_arbitration,synthetic_anchor_derived_t2_present,LGE+T2+C0,2,edema,t2_private,1,1,0.16605743765830994,2.185514450073242,0.17184260487556458,False,0.0,0.0,covered_by_loss_backward_sanity
m6_full_srr_context_arbitration,synthetic_anchor_derived_t2_present,LGE+T2+C0,2,edema,t2_private,1,1,0.11799737066030502,2.185514450073242,0.17184260487556458,False,0.0,0.0,covered_by_loss_backward_sanity
m6_full_srr_context_arbitration,synthetic_anchor_derived_t2_present,LGE+T2+C0,2,edema,c0_private,1,1,0.0009374998626299202,2.185514450073242,0.17184260487556458,False,0.0,0.0,covered_by_loss_backward_sanity
m6_full_srr_context_arbitration,synthetic_anchor_derived_t2_present,LGE+T2+C0,2,edema,c0_private,1,1,0.0009374998626299202,2.185514450073242,0.17184260487556458,False,0.0,0.0,covered_by_loss_backward_sanity
m6_full_srr_context_arbitration,synthetic_anchor_derived_t2_present,LGE+T2+C0,2,edema,c0_private,1,1,0.0009374998626299202,2.185514450073242,0.17184260487556458,False,0.0,0.0,covered_by_loss_backward_sanity
m6_full_srr_context_arbitration,synthetic_anchor_derived_t2_present,LGE+T2+C0,2,edema,c0_private,1,1,0.0009374998626299202,2.185514450073242,0.17184260487556458,False,0.0,0.0,covered_by_loss_backward_sanity
m6_full_srr_context_arbitration,synthetic_anchor_derived_t2_present,LGE+T2+C0,2,edema,interaction_lge_t2,1,1,0.09867841750383377,2.185514450073242,0.17184260487556458,False,0.0,0.0,covered_by_loss_backward_sanity
m6_full_srr_context_arbitration,synthetic_anchor_derived_t2_present,LGE+T2+C0,2,edema,interaction_lge_t2,1,1,0.0009374998626299202,2.185514450073242,0.17184260487556458,False,0.0,0.0,covered_by_loss_backward_sanity
m6_full_srr_context_arbitration,synthetic_anchor_derived_t2_present,LGE+T2+C0,2,edema,interaction_lge_t2,1,1,0.0009374998626299202,2.185514450073242,0.17184260487556458,False,0.0,0.0,covered_by_loss_backward_sanity
m6_full_srr_context_arbitration,synthetic_anchor_derived_t2_present,LGE+T2+C0,2,edema,interaction_lge_t2,1,1,0.11234048008918762,2.185514450073242,0.17184260487556458,False,0.0,0.0,covered_by_loss_backward_sanity
m6_full_srr_context_arbitration,synthetic_anchor_derived_t2_present,LGE+T2+C0,2,edema,interaction_lge_c0,1,1,0.0009374998626299202,2.185514450073242,0.17184260487556458,False,0.0,0.0,covered_by_loss_backward_sanity
m6_full_srr_context_arbitration,synthetic_anchor_derived_t2_present,LGE+T2+C0,2,edema,interaction_lge_c0,1,1,0.0009374998626299202,2.185514450073242,0.17184260487556458,False,0.0,0.0,covered_by_loss_backward_sanity
m6_full_srr_context_arbitration,synthetic_anchor_derived_t2_present,LGE+T2+C0,2,edema,interaction_lge_c0,1,1,0.0009374998626299202,2.185514450073242,0.17184260487556458,False,0.0,0.0,covered_by_loss_backward_sanity
m6_full_srr_context_arbitration,synthetic_anchor_derived_t2_present,LGE+T2+C0,2,edema,interaction_lge_c0,1,1,0.0009374998626299202,2.185514450073242,0.17184260487556458,False,0.0,0.0,covered_by_loss_backward_sanity
m6_full_srr_context_arbitration,synthetic_anchor_derived_t2_present,LGE+T2+C0,2,edema,interaction_t2_c0,1,1,0.0009374998626299202,2.185514450073242,0.17184260487556458,False,0.0,0.0,covered_by_loss_backward_sanity
m6_full_srr_context_arbitration,synthetic_anchor_derived_t2_present,LGE+T2+C0,2,edema,interaction_t2_c0,1,1,0.0009374998626299202,2.185514450073242,0.17184260487556458,False,0.0,0.0,covered_by_loss_backward_sanity
m6_full_srr_context_arbitration,synthetic_anchor_derived_t2_present,LGE+T2+C0,2,edema,interaction_t2_c0,1,1,0.09491191804409027,2.185514450073242,0.17184260487556458,False,0.0,0.0,covered_by_loss_backward_sanity
m6_full_srr_context_arbitration,synthetic_anchor_derived_t2_present,LGE+T2+C0,2,edema,interaction_t2_c0,1,1,0.09217517077922821,2.185514450073242,0.17184260487556458,False,0.0,0.0,covered_by_loss_backward_sanity
m6_full_srr_context_arbitration,synthetic_anchor_derived_t2_present,LGE+T2+C0,3,anatomy,shared,1,1,0.1166408583521843,2.2013447284698486,0.1683816909790039,False,0.0,0.0,covered_by_loss_backward_sanity
m6_full_srr_context_arbitration,synthetic_anchor_derived_t2_present,LGE+T2+C0,3,anatomy,shared,1,1,0.0009374998626299202,2.2013447284698486,0.1683816909790039,False,0.0,0.0,covered_by_loss_backward_sanity
m6_full_srr_context_arbitration,synthetic_anchor_derived_t2_present,LGE+T2+C0,3,anatomy,shared,1,1,0.10897457599639893,2.2013447284698486,0.1683816909790039,False,0.0,0.0,covered_by_loss_backward_sanity
m6_full_srr_context_arbitration,synthetic_anchor_derived_t2_present,LGE+T2+C0,3,anatomy,shared,1,1,0.1262287199497223,2.2013447284698486,0.1683816909790039,False,0.0,0.0,covered_by_loss_backward_sanity
m6_full_srr_context_arbitration,synthetic_anchor_derived_t2_present,LGE+T2+C0,3,anatomy,shared,1,1,0.1683816909790039,2.2013447284698486,0.1683816909790039,False,0.0,0.0,covered_by_loss_backward_sanity
m6_full_srr_context_arbitration,synthetic_anchor_derived_t2_present,LGE+T2+C0,3,anatomy,shared,1,1,0.11500159651041031,2.2013447284698486,0.1683816909790039,False,0.0,0.0,covered_by_loss_backward_sanity
m6_full_srr_context_arbitration,synthetic_anchor_derived_t2_present,LGE+T2+C0,3,anatomy,shared,1,1,0.0009374998626299202,2.2013447284698486,0.1683816909790039,False,0.0,0.0,covered_by_loss_backward_sanity
m6_full_srr_context_arbitration,synthetic_anchor_derived_t2_present,LGE+T2+C0,3,anatomy,shared,1,1,0.11985979974269867,2.2013447284698486,0.1683816909790039,False,0.0,0.0,covered_by_loss_backward_sanity
m6_full_srr_context_arbitration,synthetic_anchor_derived_t2_present,LGE+T2+C0,3,anatomy,lge_private,1,1,0.0009374998626299202,2.2013447284698486,0.1683816909790039,False,0.0,0.0,covered_by_loss_backward_sanity
m6_full_srr_context_arbitration,synthetic_anchor_derived_t2_present,LGE+T2+C0,3,anatomy,lge_private,1,1,0.0009374998626299202,2.2013447284698486,0.1683816909790039,False,0.0,0.0,covered_by_loss_backward_sanity
m6_full_srr_context_arbitration,synthetic_anchor_derived_t2_present,LGE+T2+C0,3,anatomy,lge_private,1,1,0.0009374998626299202,2.2013447284698486,0.1683816909790039,False,0.0,0.0,covered_by_loss_backward_sanity
m6_full_srr_context_arbitration,synthetic_anchor_derived_t2_present,LGE+T2+C0,3,anatomy,lge_private,1,1,0.0009374998626299202,2.2013447284698486,0.1683816909790039,False,0.0,0.0,covered_by_loss_backward_sanity
m6_full_srr_context_arbitration,synthetic_anchor_derived_t2_present,LGE+T2+C0,3,anatomy,t2_private,1,1,0.0009374998626299202,2.2013447284698486,0.1683816909790039,False,0.0,0.0,covered_by_loss_backward_sanity
m6_full_srr_context_arbitration,synthetic_anchor_derived_t2_present,LGE+T2+C0,3,anatomy,t2_private,1,1,0.0009374998626299202,2.2013447284698486,0.1683816909790039,False,0.0,0.0,covered_by_loss_backward_sanity
m6_full_srr_context_arbitration,synthetic_anchor_derived_t2_present,LGE+T2+C0,3,anatomy,t2_private,1,1,0.0009374998626299202,2.2013447284698486,0.1683816909790039,False,0.0,0.0,covered_by_loss_backward_sanity
m6_full_srr_context_arbitration,synthetic_anchor_derived_t2_present,LGE+T2+C0,3,anatomy,t2_private,1,1,0.0009374998626299202,2.2013447284698486,0.1683816909790039,False,0.0,0.0,covered_by_loss_backward_sanity
m6_full_srr_context_arbitration,synthetic_anchor_derived_t2_present,LGE+T2+C0,3,anatomy,c0_private,1,1,0.11817778646945953,2.2013447284698486,0.1683816909790039,False,0.0,0.0,covered_by_loss_backward_sanity
m6_full_srr_context_arbitration,synthetic_anchor_derived_t2_present,LGE+T2+C0,3,anatomy,c0_private,1,1,0.10423485934734344,2.2013447284698486,0.1683816909790039,False,0.0,0.0,covered_by_loss_backward_sanity
m6_full_srr_context_arbitration,synthetic_anchor_derived_t2_present,LGE+T2+C0,3,anatomy,c0_private,1,1,0.0009374998626299202,2.2013447284698486,0.1683816909790039,False,0.0,0.0,covered_by_loss_backward_sanity
m6_full_srr_context_arbitration,synthetic_anchor_derived_t2_present,LGE+T2+C0,3,anatomy,c0_private,1,1,0.0009374998626299202,2.2013447284698486,0.1683816909790039,False,0.0,0.0,covered_by_loss_backward_sanity
m6_full_srr_context_arbitration,synthetic_anchor_derived_t2_present,LGE+T2+C0,3,anatomy,interaction_lge_t2,1,1,0.0009374998626299202,2.2013447284698486,0.1683816909790039,False,0.0,0.0,covered_by_loss_backward_sanity
m6_full_srr_context_arbitration,synthetic_anchor_derived_t2_present,LGE+T2+C0,3,anatomy,interaction_lge_t2,1,1,0.0009374998626299202,2.2013447284698486,0.1683816909790039,False,0.0,0.0,covered_by_loss_backward_sanity
m6_full_srr_context_arbitration,synthetic_anchor_derived_t2_present,LGE+T2+C0,3,anatomy,interaction_lge_t2,1,1,0.0009374998626299202,2.2013447284698486,0.1683816909790039,False,0.0,0.0,covered_by_loss_backward_sanity
m6_full_srr_context_arbitration,synthetic_anchor_derived_t2_present,LGE+T2+C0,3,anatomy,interaction_lge_t2,1,1,0.0009374998626299202,2.2013447284698486,0.1683816909790039,False,0.0,0.0,covered_by_loss_backward_sanity
m6_full_srr_context_arbitration,synthetic_anchor_derived_t2_present,LGE+T2+C0,3,anatomy,interaction_lge_c0,1,1,0.0009374998626299202,2.2013447284698486,0.1683816909790039,False,0.0,0.0,covered_by_loss_backward_sanity
m6_full_srr_context_arbitration,synthetic_anchor_derived_t2_present,LGE+T2+C0,3,anatomy,interaction_lge_c0,1,1,0.0009374998626299202,2.2013447284698486,0.1683816909790039,False,0.0,0.0,covered_by_loss_backward_sanity
m6_full_srr_context_arbitration,synthetic_anchor_derived_t2_present,LGE+T2+C0,3,anatomy,interaction_lge_c0,1,1,0.0009374998626299202,2.2013447284698486,0.1683816909790039,False,0.0,0.0,covered_by_loss_backward_sanity
m6_full_srr_context_arbitration,synthetic_anchor_derived_t2_present,LGE+T2+C0,3,anatomy,interaction_lge_c0,1,1,0.0009374998626299202,2.2013447284698486,0.1683816909790039,False,0.0,0.0,covered_by_loss_backward_sanity
m6_full_srr_context_arbitration,synthetic_anchor_derived_t2_present,LGE+T2+C0,3,anatomy,interaction_t2_c0,1,1,0.0009374998626299202,2.2013447284698486,0.1683816909790039,False,0.0,0.0,covered_by_loss_backward_sanity
m6_full_srr_context_arbitration,synthetic_anchor_derived_t2_present,LGE+T2+C0,3,anatomy,interaction_t2_c0,1,1,0.0009374998626299202,2.2013447284698486,0.1683816909790039,False,0.0,0.0,covered_by_loss_backward_sanity
m6_full_srr_context_arbitration,synthetic_anchor_derived_t2_present,LGE+T2+C0,3,anatomy,interaction_t2_c0,1,1,0.0009374998626299202,2.2013447284698486,0.1683816909790039,False,0.0,0.0,covered_by_loss_backward_sanity
m6_full_srr_context_arbitration,synthetic_anchor_derived_t2_present,LGE+T2+C0,3,anatomy,interaction_t2_c0,1,1,0.0009374998626299202,2.2013447284698486,0.1683816909790039,False,0.0,0.0,covered_by_loss_backward_sanity
m6_full_srr_context_arbitration,synthetic_anchor_derived_t2_present,LGE+T2+C0,3,scar,shared,1,1,0.0009374998626299202,2.1879494190216064,0.1611844003200531,False,0.0,0.0,covered_by_loss_backward_sanity
m6_full_srr_context_arbitration,synthetic_anchor_derived_t2_present,LGE+T2+C0,3,scar,shared,1,1,0.0009374998626299202,2.1879494190216064,0.1611844003200531,False,0.0,0.0,covered_by_loss_backward_sanity
m6_full_srr_context_arbitration,synthetic_anchor_derived_t2_present,LGE+T2+C0,3,scar,shared,1,1,0.0009374998626299202,2.1879494190216064,0.1611844003200531,False,0.0,0.0,covered_by_loss_backward_sanity
m6_full_srr_context_arbitration,synthetic_anchor_derived_t2_present,LGE+T2+C0,3,scar,shared,1,1,0.0009374998626299202,2.1879494190216064,0.1611844003200531,False,0.0,0.0,covered_by_loss_backward_sanity
m6_full_srr_context_arbitration,synthetic_anchor_derived_t2_present,LGE+T2+C0,3,scar,shared,1,1,0.0009374998626299202,2.1879494190216064,0.1611844003200531,False,0.0,0.0,covered_by_loss_backward_sanity
m6_full_srr_context_arbitration,synthetic_anchor_derived_t2_present,LGE+T2+C0,3,scar,shared,1,1,0.0009374998626299202,2.1879494190216064,0.1611844003200531,False,0.0,0.0,covered_by_loss_backward_sanity
m6_full_srr_context_arbitration,synthetic_anchor_derived_t2_present,LGE+T2+C0,3,scar,shared,1,1,0.0009374998626299202,2.1879494190216064,0.1611844003200531,False,0.0,0.0,covered_by_loss_backward_sanity
m6_full_srr_context_arbitration,synthetic_anchor_derived_t2_present,LGE+T2+C0,3,scar,shared,1,1,0.0009374998626299202,2.1879494190216064,0.1611844003200531,False,0.0,0.0,covered_by_loss_backward_sanity
m6_full_srr_context_arbitration,synthetic_anchor_derived_t2_present,LGE+T2+C0,3,scar,lge_private,1,1,0.1494513601064682,2.1879494190216064,0.1611844003200531,False,0.0,0.0,covered_by_loss_backward_sanity
m6_full_srr_context_arbitration,synthetic_anchor_derived_t2_present,LGE+T2+C0,3,scar,lge_private,1,1,0.11286713182926178,2.1879494190216064,0.1611844003200531,False,0.0,0.0,covered_by_loss_backward_sanity
m6_full_srr_context_arbitration,synthetic_anchor_derived_t2_present,LGE+T2+C0,3,scar,lge_private,1,1,0.15877550840377808,2.1879494190216064,0.1611844003200531,False,0.0,0.0,covered_by_loss_backward_sanity
m6_full_srr_context_arbitration,synthetic_anchor_derived_t2_present,LGE+T2+C0,3,scar,lge_private,1,1,0.1611844003200531,2.1879494190216064,0.1611844003200531,False,0.0,0.0,covered_by_loss_backward_sanity
m6_full_srr_context_arbitration,synthetic_anchor_derived_t2_present,LGE+T2+C0,3,scar,t2_private,1,1,0.0009374998626299202,2.1879494190216064,0.1611844003200531,False,0.0,0.0,covered_by_loss_backward_sanity
m6_full_srr_context_arbitration,synthetic_anchor_derived_t2_present,LGE+T2+C0,3,scar,t2_private,1,1,0.0009374998626299202,2.1879494190216064,0.1611844003200531,False,0.0,0.0,covered_by_loss_backward_sanity
m6_full_srr_context_arbitration,synthetic_anchor_derived_t2_present,LGE+T2+C0,3,scar,t2_private,1,1,0.0009374998626299202,2.1879494190216064,0.1611844003200531,False,0.0,0.0,covered_by_loss_backward_sanity
m6_full_srr_context_arbitration,synthetic_anchor_derived_t2_present,LGE+T2+C0,3,scar,t2_private,1,1,0.0009374998626299202,2.1879494190216064,0.1611844003200531,False,0.0,0.0,covered_by_loss_backward_sanity
m6_full_srr_context_arbitration,synthetic_anchor_derived_t2_present,LGE+T2+C0,3,scar,c0_private,1,1,0.0009374998626299202,2.1879494190216064,0.1611844003200531,False,0.0,0.0,covered_by_loss_backward_sanity
m6_full_srr_context_arbitration,synthetic_anchor_derived_t2_present,LGE+T2+C0,3,scar,c0_private,1,1,0.0009374998626299202,2.1879494190216064,0.1611844003200531,False,0.0,0.0,covered_by_loss_backward_sanity
m6_full_srr_context_arbitration,synthetic_anchor_derived_t2_present,LGE+T2+C0,3,scar,c0_private,1,1,0.0009374998626299202,2.1879494190216064,0.1611844003200531,False,0.0,0.0,covered_by_loss_backward_sanity
m6_full_srr_context_arbitration,synthetic_anchor_derived_t2_present,LGE+T2+C0,3,scar,c0_private,1,1,0.0009374998626299202,2.1879494190216064,0.1611844003200531,False,0.0,0.0,covered_by_loss_backward_sanity
m6_full_srr_context_arbitration,synthetic_anchor_derived_t2_present,LGE+T2+C0,3,scar,interaction_lge_t2,1,1,0.09458218514919281,2.1879494190216064,0.1611844003200531,False,0.0,0.0,covered_by_loss_backward_sanity
m6_full_srr_context_arbitration,synthetic_anchor_derived_t2_present,LGE+T2+C0,3,scar,interaction_lge_t2,1,1,0.0009374998626299202,2.1879494190216064,0.1611844003200531,False,0.0,0.0,covered_by_loss_backward_sanity
m6_full_srr_context_arbitration,synthetic_anchor_derived_t2_present,LGE+T2+C0,3,scar,interaction_lge_t2,1,1,0.1032121554017067,2.1879494190216064,0.1611844003200531,False,0.0,0.0,covered_by_loss_backward_sanity
m6_full_srr_context_arbitration,synthetic_anchor_derived_t2_present,LGE+T2+C0,3,scar,interaction_lge_t2,1,1,0.0009374998626299202,2.1879494190216064,0.1611844003200531,False,0.0,0.0,covered_by_loss_backward_sanity
m6_full_srr_context_arbitration,synthetic_anchor_derived_t2_present,LGE+T2+C0,3,scar,interaction_lge_c0,1,1,0.10318399220705032,2.1879494190216064,0.1611844003200531,False,0.0,0.0,covered_by_loss_backward_sanity
m6_full_srr_context_arbitration,synthetic_anchor_derived_t2_present,LGE+T2+C0,3,scar,interaction_lge_c0,1,1,0.0009374998626299202,2.1879494190216064,0.1611844003200531,False,0.0,0.0,covered_by_loss_backward_sanity
m6_full_srr_context_arbitration,synthetic_anchor_derived_t2_present,LGE+T2+C0,3,scar,interaction_lge_c0,1,1,0.0942431315779686,2.1879494190216064,0.1611844003200531,False,0.0,0.0,covered_by_loss_backward_sanity
m6_full_srr_context_arbitration,synthetic_anchor_derived_t2_present,LGE+T2+C0,3,scar,interaction_lge_c0,1,1,0.0009374998626299202,2.1879494190216064,0.1611844003200531,False,0.0,0.0,covered_by_loss_backward_sanity
m6_full_srr_context_arbitration,synthetic_anchor_derived_t2_present,LGE+T2+C0,3,scar,interaction_t2_c0,1,1,0.0009374998626299202,2.1879494190216064,0.1611844003200531,False,0.0,0.0,covered_by_loss_backward_sanity
m6_full_srr_context_arbitration,synthetic_anchor_derived_t2_present,LGE+T2+C0,3,scar,interaction_t2_c0,1,1,0.0009374998626299202,2.1879494190216064,0.1611844003200531,False,0.0,0.0,covered_by_loss_backward_sanity
m6_full_srr_context_arbitration,synthetic_anchor_derived_t2_present,LGE+T2+C0,3,scar,interaction_t2_c0,1,1,0.0009374998626299202,2.1879494190216064,0.1611844003200531,False,0.0,0.0,covered_by_loss_backward_sanity
m6_full_srr_context_arbitration,synthetic_anchor_derived_t2_present,LGE+T2+C0,3,scar,interaction_t2_c0,1,1,0.0009374998626299202,2.1879494190216064,0.1611844003200531,False,0.0,0.0,covered_by_loss_backward_sanity
m6_full_srr_context_arbitration,synthetic_anchor_derived_t2_present,LGE+T2+C0,3,edema,shared,1,1,0.0009374998626299202,2.192333459854126,0.16058693826198578,False,0.0,0.0,covered_by_loss_backward_sanity
m6_full_srr_context_arbitration,synthetic_anchor_derived_t2_present,LGE+T2+C0,3,edema,shared,1,1,0.0009374998626299202,2.192333459854126,0.16058693826198578,False,0.0,0.0,covered_by_loss_backward_sanity
m6_full_srr_context_arbitration,synthetic_anchor_derived_t2_present,LGE+T2+C0,3,edema,shared,1,1,0.0009374998626299202,2.192333459854126,0.16058693826198578,False,0.0,0.0,covered_by_loss_backward_sanity
m6_full_srr_context_arbitration,synthetic_anchor_derived_t2_present,LGE+T2+C0,3,edema,shared,1,1,0.0009374998626299202,2.192333459854126,0.16058693826198578,False,0.0,0.0,covered_by_loss_backward_sanity
m6_full_srr_context_arbitration,synthetic_anchor_derived_t2_present,LGE+T2+C0,3,edema,shared,1,1,0.0009374998626299202,2.192333459854126,0.16058693826198578,False,0.0,0.0,covered_by_loss_backward_sanity
m6_full_srr_context_arbitration,synthetic_anchor_derived_t2_present,LGE+T2+C0,3,edema,shared,1,1,0.0009374998626299202,2.192333459854126,0.16058693826198578,False,0.0,0.0,covered_by_loss_backward_sanity
m6_full_srr_context_arbitration,synthetic_anchor_derived_t2_present,LGE+T2+C0,3,edema,shared,1,1,0.0009374998626299202,2.192333459854126,0.16058693826198578,False,0.0,0.0,covered_by_loss_backward_sanity
m6_full_srr_context_arbitration,synthetic_anchor_derived_t2_present,LGE+T2+C0,3,edema,shared,1,1,0.0009374998626299202,2.192333459854126,0.16058693826198578,False,0.0,0.0,covered_by_loss_backward_sanity
m6_full_srr_context_arbitration,synthetic_anchor_derived_t2_present,LGE+T2+C0,3,edema,lge_private,1,1,0.0009374998626299202,2.192333459854126,0.16058693826198578,False,0.0,0.0,covered_by_loss_backward_sanity
m6_full_srr_context_arbitration,synthetic_anchor_derived_t2_present,LGE+T2+C0,3,edema,lge_private,1,1,0.0009374998626299202,2.192333459854126,0.16058693826198578,False,0.0,0.0,covered_by_loss_backward_sanity
m6_full_srr_context_arbitration,synthetic_anchor_derived_t2_present,LGE+T2+C0,3,edema,lge_private,1,1,0.0009374998626299202,2.192333459854126,0.16058693826198578,False,0.0,0.0,covered_by_loss_backward_sanity
m6_full_srr_context_arbitration,synthetic_anchor_derived_t2_present,LGE+T2+C0,3,edema,lge_private,1,1,0.0009374998626299202,2.192333459854126,0.16058693826198578,False,0.0,0.0,covered_by_loss_backward_sanity
m6_full_srr_context_arbitration,synthetic_anchor_derived_t2_present,LGE+T2+C0,3,edema,t2_private,1,1,0.16058693826198578,2.192333459854126,0.16058693826198578,False,0.0,0.0,covered_by_loss_backward_sanity
m6_full_srr_context_arbitration,synthetic_anchor_derived_t2_present,LGE+T2+C0,3,edema,t2_private,1,1,0.1352730393409729,2.192333459854126,0.16058693826198578,False,0.0,0.0,covered_by_loss_backward_sanity
m6_full_srr_context_arbitration,synthetic_anchor_derived_t2_present,LGE+T2+C0,3,edema,t2_private,1,1,0.14131569862365723,2.192333459854126,0.16058693826198578,False,0.0,0.0,covered_by_loss_backward_sanity
m6_full_srr_context_arbitration,synthetic_anchor_derived_t2_present,LGE+T2+C0,3,edema,t2_private,1,1,0.14392252266407013,2.192333459854126,0.16058693826198578,False,0.0,0.0,covered_by_loss_backward_sanity
m6_full_srr_context_arbitration,synthetic_anchor_derived_t2_present,LGE+T2+C0,3,edema,c0_private,1,1,0.0009374998626299202,2.192333459854126,0.16058693826198578,False,0.0,0.0,covered_by_loss_backward_sanity
m6_full_srr_context_arbitration,synthetic_anchor_derived_t2_present,LGE+T2+C0,3,edema,c0_private,1,1,0.0009374998626299202,2.192333459854126,0.16058693826198578,False,0.0,0.0,covered_by_loss_backward_sanity
m6_full_srr_context_arbitration,synthetic_anchor_derived_t2_present,LGE+T2+C0,3,edema,c0_private,1,1,0.0009374998626299202,2.192333459854126,0.16058693826198578,False,0.0,0.0,covered_by_loss_backward_sanity
m6_full_srr_context_arbitration,synthetic_anchor_derived_t2_present,LGE+T2+C0,3,edema,c0_private,1,1,0.0009374998626299202,2.192333459854126,0.16058693826198578,False,0.0,0.0,covered_by_loss_backward_sanity
m6_full_srr_context_arbitration,synthetic_anchor_derived_t2_present,LGE+T2+C0,3,edema,interaction_lge_t2,1,1,0.0009374998626299202,2.192333459854126,0.16058693826198578,False,0.0,0.0,covered_by_loss_backward_sanity
m6_full_srr_context_arbitration,synthetic_anchor_derived_t2_present,LGE+T2+C0,3,edema,interaction_lge_t2,1,1,0.09991659969091415,2.192333459854126,0.16058693826198578,False,0.0,0.0,covered_by_loss_backward_sanity
m6_full_srr_context_arbitration,synthetic_anchor_derived_t2_present,LGE+T2+C0,3,edema,interaction_lge_t2,1,1,0.09173298627138138,2.192333459854126,0.16058693826198578,False,0.0,0.0,covered_by_loss_backward_sanity
m6_full_srr_context_arbitration,synthetic_anchor_derived_t2_present,LGE+T2+C0,3,edema,interaction_lge_t2,1,1,0.0009374998626299202,2.192333459854126,0.16058693826198578,False,0.0,0.0,covered_by_loss_backward_sanity
m6_full_srr_context_arbitration,synthetic_anchor_derived_t2_present,LGE+T2+C0,3,edema,interaction_lge_c0,1,1,0.0009374998626299202,2.192333459854126,0.16058693826198578,False,0.0,0.0,covered_by_loss_backward_sanity
m6_full_srr_context_arbitration,synthetic_anchor_derived_t2_present,LGE+T2+C0,3,edema,interaction_lge_c0,1,1,0.0009374998626299202,2.192333459854126,0.16058693826198578,False,0.0,0.0,covered_by_loss_backward_sanity
m6_full_srr_context_arbitration,synthetic_anchor_derived_t2_present,LGE+T2+C0,3,edema,interaction_lge_c0,1,1,0.0009374998626299202,2.192333459854126,0.16058693826198578,False,0.0,0.0,covered_by_loss_backward_sanity
m6_full_srr_context_arbitration,synthetic_anchor_derived_t2_present,LGE+T2+C0,3,edema,interaction_lge_c0,1,1,0.0009374998626299202,2.192333459854126,0.16058693826198578,False,0.0,0.0,covered_by_loss_backward_sanity
m6_full_srr_context_arbitration,synthetic_anchor_derived_t2_present,LGE+T2+C0,3,edema,interaction_t2_c0,1,1,0.09680552780628204,2.192333459854126,0.16058693826198578,False,0.0,0.0,covered_by_loss_backward_sanity
m6_full_srr_context_arbitration,synthetic_anchor_derived_t2_present,LGE+T2+C0,3,edema,interaction_t2_c0,1,1,0.10794669389724731,2.192333459854126,0.16058693826198578,False,0.0,0.0,covered_by_loss_backward_sanity
m6_full_srr_context_arbitration,synthetic_anchor_derived_t2_present,LGE+T2+C0,3,edema,interaction_t2_c0,1,1,0.0009374998626299202,2.192333459854126,0.16058693826198578,False,0.0,0.0,covered_by_loss_backward_sanity
m6_full_srr_context_arbitration,synthetic_anchor_derived_t2_present,LGE+T2+C0,3,edema,interaction_t2_c0,1,1,0.0009374998626299202,2.192333459854126,0.16058693826198578,False,0.0,0.0,covered_by_loss_backward_sanity
m6_full_srr_context_arbitration,synthetic_no_t2,LGE+C0_no_T2,0,anatomy,shared,1,1,0.1258796602487564,2.174124002456665,0.13951754570007324,False,0.0,0.0,covered_by_loss_backward_sanity
m6_full_srr_context_arbitration,synthetic_no_t2,LGE+C0_no_T2,0,anatomy,shared,1,1,0.1256754994392395,2.174124002456665,0.13951754570007324,False,0.0,0.0,covered_by_loss_backward_sanity
m6_full_srr_context_arbitration,synthetic_no_t2,LGE+C0_no_T2,0,anatomy,shared,1,1,0.001500000013038516,2.174124002456665,0.13951754570007324,False,0.0,0.0,covered_by_loss_backward_sanity
m6_full_srr_context_arbitration,synthetic_no_t2,LGE+C0_no_T2,0,anatomy,shared,1,1,0.001500000013038516,2.174124002456665,0.13951754570007324,False,0.0,0.0,covered_by_loss_backward_sanity
m6_full_srr_context_arbitration,synthetic_no_t2,LGE+C0_no_T2,0,anatomy,shared,1,1,0.001500000013038516,2.174124002456665,0.13951754570007324,False,0.0,0.0,covered_by_loss_backward_sanity
m6_full_srr_context_arbitration,synthetic_no_t2,LGE+C0_no_T2,0,anatomy,shared,1,1,0.13951754570007324,2.174124002456665,0.13951754570007324,False,0.0,0.0,covered_by_loss_backward_sanity
m6_full_srr_context_arbitration,synthetic_no_t2,LGE+C0_no_T2,0,anatomy,shared,1,1,0.11216459423303604,2.174124002456665,0.13951754570007324,False,0.0,0.0,covered_by_loss_backward_sanity
m6_full_srr_context_arbitration,synthetic_no_t2,LGE+C0_no_T2,0,anatomy,shared,1,1,0.001500000013038516,2.174124002456665,0.13951754570007324,False,0.0,0.0,covered_by_loss_backward_sanity
m6_full_srr_context_arbitration,synthetic_no_t2,LGE+C0_no_T2,0,anatomy,lge_private,1,1,0.001500000013038516,2.174124002456665,0.13951754570007324,False,0.0,0.0,covered_by_loss_backward_sanity
m6_full_srr_context_arbitration,synthetic_no_t2,LGE+C0_no_T2,0,anatomy,lge_private,1,1,0.11226601898670197,2.174124002456665,0.13951754570007324,False,0.0,0.0,covered_by_loss_backward_sanity
m6_full_srr_context_arbitration,synthetic_no_t2,LGE+C0_no_T2,0,anatomy,lge_private,1,1,0.001500000013038516,2.174124002456665,0.13951754570007324,False,0.0,0.0,covered_by_loss_backward_sanity
m6_full_srr_context_arbitration,synthetic_no_t2,LGE+C0_no_T2,0,anatomy,lge_private,1,1,0.001500000013038516,2.174124002456665,0.13951754570007324,False,0.0,0.0,covered_by_loss_backward_sanity
m6_full_srr_context_arbitration,synthetic_no_t2,LGE+C0_no_T2,0,anatomy,t2_private,1,0,0.0,2.174124002456665,0.13951754570007324,False,0.0,0.0,covered_by_loss_backward_sanity
m6_full_srr_context_arbitration,synthetic_no_t2,LGE+C0_no_T2,0,anatomy,t2_private,1,0,0.0,2.174124002456665,0.13951754570007324,False,0.0,0.0,covered_by_loss_backward_sanity
m6_full_srr_context_arbitration,synthetic_no_t2,LGE+C0_no_T2,0,anatomy,t2_private,1,0,0.0,2.174124002456665,0.13951754570007324,False,0.0,0.0,covered_by_loss_backward_sanity
m6_full_srr_context_arbitration,synthetic_no_t2,LGE+C0_no_T2,0,anatomy,t2_private,1,0,0.0,2.174124002456665,0.13951754570007324,False,0.0,0.0,covered_by_loss_backward_sanity
m6_full_srr_context_arbitration,synthetic_no_t2,LGE+C0_no_T2,0,anatomy,c0_private,1,1,0.001500000013038516,2.174124002456665,0.13951754570007324,False,0.0,0.0,covered_by_loss_backward_sanity
m6_full_srr_context_arbitration,synthetic_no_t2,LGE+C0_no_T2,0,anatomy,c0_private,1,1,0.001500000013038516,2.174124002456665,0.13951754570007324,False,0.0,0.0,covered_by_loss_backward_sanity
m6_full_srr_context_arbitration,synthetic_no_t2,LGE+C0_no_T2,0,anatomy,c0_private,1,1,0.001500000013038516,2.174124002456665,0.13951754570007324,False,0.0,0.0,covered_by_loss_backward_sanity
m6_full_srr_context_arbitration,synthetic_no_t2,LGE+C0_no_T2,0,anatomy,c0_private,1,1,0.1315624713897705,2.174124002456665,0.13951754570007324,False,0.0,0.0,covered_by_loss_backward_sanity
m6_full_srr_context_arbitration,synthetic_no_t2,LGE+C0_no_T2,0,anatomy,interaction_lge_t2,1,0,0.0,2.174124002456665,0.13951754570007324,False,0.0,0.0,covered_by_loss_backward_sanity
m6_full_srr_context_arbitration,synthetic_no_t2,LGE+C0_no_T2,0,anatomy,interaction_lge_t2,1,0,0.0,2.174124002456665,0.13951754570007324,False,0.0,0.0,covered_by_loss_backward_sanity
m6_full_srr_context_arbitration,synthetic_no_t2,LGE+C0_no_T2,0,anatomy,interaction_lge_t2,1,0,0.0,2.174124002456665,0.13951754570007324,False,0.0,0.0,covered_by_loss_backward_sanity
m6_full_srr_context_arbitration,synthetic_no_t2,LGE+C0_no_T2,0,anatomy,interaction_lge_t2,1,0,0.0,2.174124002456665,0.13951754570007324,False,0.0,0.0,covered_by_loss_backward_sanity
m6_full_srr_context_arbitration,synthetic_no_t2,LGE+C0_no_T2,0,anatomy,interaction_lge_c0,1,1,0.12129275500774384,2.174124002456665,0.13951754570007324,False,0.0,0.0,covered_by_loss_backward_sanity
m6_full_srr_context_arbitration,synthetic_no_t2,LGE+C0_no_T2,0,anatomy,interaction_lge_c0,1,1,0.11364145576953888,2.174124002456665,0.13951754570007324,False,0.0,0.0,covered_by_loss_backward_sanity
m6_full_srr_context_arbitration,synthetic_no_t2,LGE+C0_no_T2,0,anatomy,interaction_lge_c0,1,1,0.001500000013038516,2.174124002456665,0.13951754570007324,False,0.0,0.0,covered_by_loss_backward_sanity
m6_full_srr_context_arbitration,synthetic_no_t2,LGE+C0_no_T2,0,anatomy,interaction_lge_c0,1,1,0.001500000013038516,2.174124002456665,0.13951754570007324,False,0.0,0.0,covered_by_loss_backward_sanity
m6_full_srr_context_arbitration,synthetic_no_t2,LGE+C0_no_T2,0,anatomy,interaction_t2_c0,1,0,0.0,2.174124002456665,0.13951754570007324,False,0.0,0.0,covered_by_loss_backward_sanity
m6_full_srr_context_arbitration,synthetic_no_t2,LGE+C0_no_T2,0,anatomy,interaction_t2_c0,1,0,0.0,2.174124002456665,0.13951754570007324,False,0.0,0.0,covered_by_loss_backward_sanity
m6_full_srr_context_arbitration,synthetic_no_t2,LGE+C0_no_T2,0,anatomy,interaction_t2_c0,1,0,0.0,2.174124002456665,0.13951754570007324,False,0.0,0.0,covered_by_loss_backward_sanity
m6_full_srr_context_arbitration,synthetic_no_t2,LGE+C0_no_T2,0,anatomy,interaction_t2_c0,1,0,0.0,2.174124002456665,0.13951754570007324,False,0.0,0.0,covered_by_loss_backward_sanity
m6_full_srr_context_arbitration,synthetic_no_t2,LGE+C0_no_T2,0,scar,shared,1,1,0.0014999997802078724,2.144639730453491,0.1957930624485016,False,0.0,0.0,covered_by_loss_backward_sanity
m6_full_srr_context_arbitration,synthetic_no_t2,LGE+C0_no_T2,0,scar,shared,1,1,0.0014999997802078724,2.144639730453491,0.1957930624485016,False,0.0,0.0,covered_by_loss_backward_sanity
m6_full_srr_context_arbitration,synthetic_no_t2,LGE+C0_no_T2,0,scar,shared,1,1,0.0014999997802078724,2.144639730453491,0.1957930624485016,False,0.0,0.0,covered_by_loss_backward_sanity
m6_full_srr_context_arbitration,synthetic_no_t2,LGE+C0_no_T2,0,scar,shared,1,1,0.0014999997802078724,2.144639730453491,0.1957930624485016,False,0.0,0.0,covered_by_loss_backward_sanity
m6_full_srr_context_arbitration,synthetic_no_t2,LGE+C0_no_T2,0,scar,shared,1,1,0.09873882681131363,2.144639730453491,0.1957930624485016,False,0.0,0.0,covered_by_loss_backward_sanity
m6_full_srr_context_arbitration,synthetic_no_t2,LGE+C0_no_T2,0,scar,shared,1,1,0.0014999997802078724,2.144639730453491,0.1957930624485016,False,0.0,0.0,covered_by_loss_backward_sanity
m6_full_srr_context_arbitration,synthetic_no_t2,LGE+C0_no_T2,0,scar,shared,1,1,0.0014999997802078724,2.144639730453491,0.1957930624485016,False,0.0,0.0,covered_by_loss_backward_sanity
m6_full_srr_context_arbitration,synthetic_no_t2,LGE+C0_no_T2,0,scar,shared,1,1,0.0014999997802078724,2.144639730453491,0.1957930624485016,False,0.0,0.0,covered_by_loss_backward_sanity
m6_full_srr_context_arbitration,synthetic_no_t2,LGE+C0_no_T2,0,scar,lge_private,1,1,0.11767392605543137,2.144639730453491,0.1957930624485016,False,0.0,0.0,covered_by_loss_backward_sanity
m6_full_srr_context_arbitration,synthetic_no_t2,LGE+C0_no_T2,0,scar,lge_private,1,1,0.14463895559310913,2.144639730453491,0.1957930624485016,False,0.0,0.0,covered_by_loss_backward_sanity
m6_full_srr_context_arbitration,synthetic_no_t2,LGE+C0_no_T2,0,scar,lge_private,1,1,0.1344585120677948,2.144639730453491,0.1957930624485016,False,0.0,0.0,covered_by_loss_backward_sanity
m6_full_srr_context_arbitration,synthetic_no_t2,LGE+C0_no_T2,0,scar,lge_private,1,1,0.1957930624485016,2.144639730453491,0.1957930624485016,False,0.0,0.0,covered_by_loss_backward_sanity
m6_full_srr_context_arbitration,synthetic_no_t2,LGE+C0_no_T2,0,scar,t2_private,1,0,0.0,2.144639730453491,0.1957930624485016,False,0.0,0.0,covered_by_loss_backward_sanity
m6_full_srr_context_arbitration,synthetic_no_t2,LGE+C0_no_T2,0,scar,t2_private,1,0,0.0,2.144639730453491,0.1957930624485016,False,0.0,0.0,covered_by_loss_backward_sanity
m6_full_srr_context_arbitration,synthetic_no_t2,LGE+C0_no_T2,0,scar,t2_private,1,0,0.0,2.144639730453491,0.1957930624485016,False,0.0,0.0,covered_by_loss_backward_sanity
m6_full_srr_context_arbitration,synthetic_no_t2,LGE+C0_no_T2,0,scar,t2_private,1,0,0.0,2.144639730453491,0.1957930624485016,False,0.0,0.0,covered_by_loss_backward_sanity
m6_full_srr_context_arbitration,synthetic_no_t2,LGE+C0_no_T2,0,scar,c0_private,1,1,0.0014999997802078724,2.144639730453491,0.1957930624485016,False,0.0,0.0,covered_by_loss_backward_sanity
m6_full_srr_context_arbitration,synthetic_no_t2,LGE+C0_no_T2,0,scar,c0_private,1,1,0.0014999997802078724,2.144639730453491,0.1957930624485016,False,0.0,0.0,covered_by_loss_backward_sanity
m6_full_srr_context_arbitration,synthetic_no_t2,LGE+C0_no_T2,0,scar,c0_private,1,1,0.0014999997802078724,2.144639730453491,0.1957930624485016,False,0.0,0.0,covered_by_loss_backward_sanity
m6_full_srr_context_arbitration,synthetic_no_t2,LGE+C0_no_T2,0,scar,c0_private,1,1,0.0014999997802078724,2.144639730453491,0.1957930624485016,False,0.0,0.0,covered_by_loss_backward_sanity
m6_full_srr_context_arbitration,synthetic_no_t2,LGE+C0_no_T2,0,scar,interaction_lge_t2,1,0,0.0,2.144639730453491,0.1957930624485016,False,0.0,0.0,covered_by_loss_backward_sanity
m6_full_srr_context_arbitration,synthetic_no_t2,LGE+C0_no_T2,0,scar,interaction_lge_t2,1,0,0.0,2.144639730453491,0.1957930624485016,False,0.0,0.0,covered_by_loss_backward_sanity
m6_full_srr_context_arbitration,synthetic_no_t2,LGE+C0_no_T2,0,scar,interaction_lge_t2,1,0,0.0,2.144639730453491,0.1957930624485016,False,0.0,0.0,covered_by_loss_backward_sanity
m6_full_srr_context_arbitration,synthetic_no_t2,LGE+C0_no_T2,0,scar,interaction_lge_t2,1,0,0.0,2.144639730453491,0.1957930624485016,False,0.0,0.0,covered_by_loss_backward_sanity
m6_full_srr_context_arbitration,synthetic_no_t2,LGE+C0_no_T2,0,scar,interaction_lge_c0,1,1,0.0014999997802078724,2.144639730453491,0.1957930624485016,False,0.0,0.0,covered_by_loss_backward_sanity
m6_full_srr_context_arbitration,synthetic_no_t2,LGE+C0_no_T2,0,scar,interaction_lge_c0,1,1,0.09535884112119675,2.144639730453491,0.1957930624485016,False,0.0,0.0,covered_by_loss_backward_sanity
m6_full_srr_context_arbitration,synthetic_no_t2,LGE+C0_no_T2,0,scar,interaction_lge_c0,1,1,0.09577009826898575,2.144639730453491,0.1957930624485016,False,0.0,0.0,covered_by_loss_backward_sanity
m6_full_srr_context_arbitration,synthetic_no_t2,LGE+C0_no_T2,0,scar,interaction_lge_c0,1,1,0.09956773370504379,2.144639730453491,0.1957930624485016,False,0.0,0.0,covered_by_loss_backward_sanity
m6_full_srr_context_arbitration,synthetic_no_t2,LGE+C0_no_T2,0,scar,interaction_t2_c0,1,0,0.0,2.144639730453491,0.1957930624485016,False,0.0,0.0,covered_by_loss_backward_sanity
m6_full_srr_context_arbitration,synthetic_no_t2,LGE+C0_no_T2,0,scar,interaction_t2_c0,1,0,0.0,2.144639730453491,0.1957930624485016,False,0.0,0.0,covered_by_loss_backward_sanity
m6_full_srr_context_arbitration,synthetic_no_t2,LGE+C0_no_T2,0,scar,interaction_t2_c0,1,0,0.0,2.144639730453491,0.1957930624485016,False,0.0,0.0,covered_by_loss_backward_sanity
m6_full_srr_context_arbitration,synthetic_no_t2,LGE+C0_no_T2,0,scar,interaction_t2_c0,1,0,0.0,2.144639730453491,0.1957930624485016,False,0.0,0.0,covered_by_loss_backward_sanity
m6_full_srr_context_arbitration,synthetic_no_t2,LGE+C0_no_T2,0,edema,shared,1,1,0.14994709193706512,2.172360897064209,0.14994709193706512,False,0.0,0.0,covered_by_loss_backward_sanity
m6_full_srr_context_arbitration,synthetic_no_t2,LGE+C0_no_T2,0,edema,shared,1,1,0.12737804651260376,2.172360897064209,0.14994709193706512,False,0.0,0.0,covered_by_loss_backward_sanity
m6_full_srr_context_arbitration,synthetic_no_t2,LGE+C0_no_T2,0,edema,shared,1,1,0.0014999997802078724,2.172360897064209,0.14994709193706512,False,0.0,0.0,covered_by_loss_backward_sanity
m6_full_srr_context_arbitration,synthetic_no_t2,LGE+C0_no_T2,0,edema,shared,1,1,0.0014999997802078724,2.172360897064209,0.14994709193706512,False,0.0,0.0,covered_by_loss_backward_sanity
m6_full_srr_context_arbitration,synthetic_no_t2,LGE+C0_no_T2,0,edema,shared,1,1,0.0014999997802078724,2.172360897064209,0.14994709193706512,False,0.0,0.0,covered_by_loss_backward_sanity
m6_full_srr_context_arbitration,synthetic_no_t2,LGE+C0_no_T2,0,edema,shared,1,1,0.12048014998435974,2.172360897064209,0.14994709193706512,False,0.0,0.0,covered_by_loss_backward_sanity
m6_full_srr_context_arbitration,synthetic_no_t2,LGE+C0_no_T2,0,edema,shared,1,1,0.0014999997802078724,2.172360897064209,0.14994709193706512,False,0.0,0.0,covered_by_loss_backward_sanity
m6_full_srr_context_arbitration,synthetic_no_t2,LGE+C0_no_T2,0,edema,shared,1,1,0.0014999997802078724,2.172360897064209,0.14994709193706512,False,0.0,0.0,covered_by_loss_backward_sanity
m6_full_srr_context_arbitration,synthetic_no_t2,LGE+C0_no_T2,0,edema,lge_private,1,1,0.10885199904441833,2.172360897064209,0.14994709193706512,False,0.0,0.0,covered_by_loss_backward_sanity
m6_full_srr_context_arbitration,synthetic_no_t2,LGE+C0_no_T2,0,edema,lge_private,1,1,0.0014999997802078724,2.172360897064209,0.14994709193706512,False,0.0,0.0,covered_by_loss_backward_sanity
m6_full_srr_context_arbitration,synthetic_no_t2,LGE+C0_no_T2,0,edema,lge_private,1,1,0.0014999997802078724,2.172360897064209,0.14994709193706512,False,0.0,0.0,covered_by_loss_backward_sanity
m6_full_srr_context_arbitration,synthetic_no_t2,LGE+C0_no_T2,0,edema,lge_private,1,1,0.12500134110450745,2.172360897064209,0.14994709193706512,False,0.0,0.0,covered_by_loss_backward_sanity
m6_full_srr_context_arbitration,synthetic_no_t2,LGE+C0_no_T2,0,edema,t2_private,1,0,0.0,2.172360897064209,0.14994709193706512,False,0.0,0.0,covered_by_loss_backward_sanity
m6_full_srr_context_arbitration,synthetic_no_t2,LGE+C0_no_T2,0,edema,t2_private,1,0,0.0,2.172360897064209,0.14994709193706512,False,0.0,0.0,covered_by_loss_backward_sanity
m6_full_srr_context_arbitration,synthetic_no_t2,LGE+C0_no_T2,0,edema,t2_private,1,0,0.0,2.172360897064209,0.14994709193706512,False,0.0,0.0,covered_by_loss_backward_sanity
m6_full_srr_context_arbitration,synthetic_no_t2,LGE+C0_no_T2,0,edema,t2_private,1,0,0.0,2.172360897064209,0.14994709193706512,False,0.0,0.0,covered_by_loss_backward_sanity
m6_full_srr_context_arbitration,synthetic_no_t2,LGE+C0_no_T2,0,edema,c0_private,1,1,0.0014999997802078724,2.172360897064209,0.14994709193706512,False,0.0,0.0,covered_by_loss_backward_sanity
m6_full_srr_context_arbitration,synthetic_no_t2,LGE+C0_no_T2,0,edema,c0_private,1,1,0.12085536867380142,2.172360897064209,0.14994709193706512,False,0.0,0.0,covered_by_loss_backward_sanity
m6_full_srr_context_arbitration,synthetic_no_t2,LGE+C0_no_T2,0,edema,c0_private,1,1,0.11978688836097717,2.172360897064209,0.14994709193706512,False,0.0,0.0,covered_by_loss_backward_sanity
m6_full_srr_context_arbitration,synthetic_no_t2,LGE+C0_no_T2,0,edema,c0_private,1,1,0.0014999997802078724,2.172360897064209,0.14994709193706512,False,0.0,0.0,covered_by_loss_backward_sanity
m6_full_srr_context_arbitration,synthetic_no_t2,LGE+C0_no_T2,0,edema,interaction_lge_t2,1,0,0.0,2.172360897064209,0.14994709193706512,False,0.0,0.0,covered_by_loss_backward_sanity
m6_full_srr_context_arbitration,synthetic_no_t2,LGE+C0_no_T2,0,edema,interaction_lge_t2,1,0,0.0,2.172360897064209,0.14994709193706512,False,0.0,0.0,covered_by_loss_backward_sanity
m6_full_srr_context_arbitration,synthetic_no_t2,LGE+C0_no_T2,0,edema,interaction_lge_t2,1,0,0.0,2.172360897064209,0.14994709193706512,False,0.0,0.0,covered_by_loss_backward_sanity
m6_full_srr_context_arbitration,synthetic_no_t2,LGE+C0_no_T2,0,edema,interaction_lge_t2,1,0,0.0,2.172360897064209,0.14994709193706512,False,0.0,0.0,covered_by_loss_backward_sanity
m6_full_srr_context_arbitration,synthetic_no_t2,LGE+C0_no_T2,0,edema,interaction_lge_c0,1,1,0.0014999997802078724,2.172360897064209,0.14994709193706512,False,0.0,0.0,covered_by_loss_backward_sanity
m6_full_srr_context_arbitration,synthetic_no_t2,LGE+C0_no_T2,0,edema,interaction_lge_c0,1,1,0.10969901829957962,2.172360897064209,0.14994709193706512,False,0.0,0.0,covered_by_loss_backward_sanity
m6_full_srr_context_arbitration,synthetic_no_t2,LGE+C0_no_T2,0,edema,interaction_lge_c0,1,1,0.0014999997802078724,2.172360897064209,0.14994709193706512,False,0.0,0.0,covered_by_loss_backward_sanity
m6_full_srr_context_arbitration,synthetic_no_t2,LGE+C0_no_T2,0,edema,interaction_lge_c0,1,1,0.0014999997802078724,2.172360897064209,0.14994709193706512,False,0.0,0.0,covered_by_loss_backward_sanity
m6_full_srr_context_arbitration,synthetic_no_t2,LGE+C0_no_T2,0,edema,interaction_t2_c0,1,0,0.0,2.172360897064209,0.14994709193706512,False,0.0,0.0,covered_by_loss_backward_sanity
m6_full_srr_context_arbitration,synthetic_no_t2,LGE+C0_no_T2,0,edema,interaction_t2_c0,1,0,0.0,2.172360897064209,0.14994709193706512,False,0.0,0.0,covered_by_loss_backward_sanity
m6_full_srr_context_arbitration,synthetic_no_t2,LGE+C0_no_T2,0,edema,interaction_t2_c0,1,0,0.0,2.172360897064209,0.14994709193706512,False,0.0,0.0,covered_by_loss_backward_sanity
m6_full_srr_context_arbitration,synthetic_no_t2,LGE+C0_no_T2,0,edema,interaction_t2_c0,1,0,0.0,2.172360897064209,0.14994709193706512,False,0.0,0.0,covered_by_loss_backward_sanity
m6_full_srr_context_arbitration,synthetic_no_t2,LGE+C0_no_T2,1,anatomy,shared,1,1,0.1345481425523758,2.175140142440796,0.1345481425523758,False,0.0,0.0,covered_by_loss_backward_sanity
m6_full_srr_context_arbitration,synthetic_no_t2,LGE+C0_no_T2,1,anatomy,shared,1,1,0.001500000013038516,2.175140142440796,0.1345481425523758,False,0.0,0.0,covered_by_loss_backward_sanity
m6_full_srr_context_arbitration,synthetic_no_t2,LGE+C0_no_T2,1,anatomy,shared,1,1,0.11643000692129135,2.175140142440796,0.1345481425523758,False,0.0,0.0,covered_by_loss_backward_sanity
m6_full_srr_context_arbitration,synthetic_no_t2,LGE+C0_no_T2,1,anatomy,shared,1,1,0.11566112190485,2.175140142440796,0.1345481425523758,False,0.0,0.0,covered_by_loss_backward_sanity
m6_full_srr_context_arbitration,synthetic_no_t2,LGE+C0_no_T2,1,anatomy,shared,1,1,0.001500000013038516,2.175140142440796,0.1345481425523758,False,0.0,0.0,covered_by_loss_backward_sanity
m6_full_srr_context_arbitration,synthetic_no_t2,LGE+C0_no_T2,1,anatomy,shared,1,1,0.001500000013038516,2.175140142440796,0.1345481425523758,False,0.0,0.0,covered_by_loss_backward_sanity
m6_full_srr_context_arbitration,synthetic_no_t2,LGE+C0_no_T2,1,anatomy,shared,1,1,0.1222042441368103,2.175140142440796,0.1345481425523758,False,0.0,0.0,covered_by_loss_backward_sanity
m6_full_srr_context_arbitration,synthetic_no_t2,LGE+C0_no_T2,1,anatomy,shared,1,1,0.001500000013038516,2.175140142440796,0.1345481425523758,False,0.0,0.0,covered_by_loss_backward_sanity
m6_full_srr_context_arbitration,synthetic_no_t2,LGE+C0_no_T2,1,anatomy,lge_private,1,1,0.001500000013038516,2.175140142440796,0.1345481425523758,False,0.0,0.0,covered_by_loss_backward_sanity
m6_full_srr_context_arbitration,synthetic_no_t2,LGE+C0_no_T2,1,anatomy,lge_private,1,1,0.001500000013038516,2.175140142440796,0.1345481425523758,False,0.0,0.0,covered_by_loss_backward_sanity
m6_full_srr_context_arbitration,synthetic_no_t2,LGE+C0_no_T2,1,anatomy,lge_private,1,1,0.001500000013038516,2.175140142440796,0.1345481425523758,False,0.0,0.0,covered_by_loss_backward_sanity
m6_full_srr_context_arbitration,synthetic_no_t2,LGE+C0_no_T2,1,anatomy,lge_private,1,1,0.001500000013038516,2.175140142440796,0.1345481425523758,False,0.0,0.0,covered_by_loss_backward_sanity
m6_full_srr_context_arbitration,synthetic_no_t2,LGE+C0_no_T2,1,anatomy,t2_private,1,0,0.0,2.175140142440796,0.1345481425523758,False,0.0,0.0,covered_by_loss_backward_sanity
m6_full_srr_context_arbitration,synthetic_no_t2,LGE+C0_no_T2,1,anatomy,t2_private,1,0,0.0,2.175140142440796,0.1345481425523758,False,0.0,0.0,covered_by_loss_backward_sanity
m6_full_srr_context_arbitration,synthetic_no_t2,LGE+C0_no_T2,1,anatomy,t2_private,1,0,0.0,2.175140142440796,0.1345481425523758,False,0.0,0.0,covered_by_loss_backward_sanity
m6_full_srr_context_arbitration,synthetic_no_t2,LGE+C0_no_T2,1,anatomy,t2_private,1,0,0.0,2.175140142440796,0.1345481425523758,False,0.0,0.0,covered_by_loss_backward_sanity
m6_full_srr_context_arbitration,synthetic_no_t2,LGE+C0_no_T2,1,anatomy,c0_private,1,1,0.001500000013038516,2.175140142440796,0.1345481425523758,False,0.0,0.0,covered_by_loss_backward_sanity
m6_full_srr_context_arbitration,synthetic_no_t2,LGE+C0_no_T2,1,anatomy,c0_private,1,1,0.12807504832744598,2.175140142440796,0.1345481425523758,False,0.0,0.0,covered_by_loss_backward_sanity
m6_full_srr_context_arbitration,synthetic_no_t2,LGE+C0_no_T2,1,anatomy,c0_private,1,1,0.12692004442214966,2.175140142440796,0.1345481425523758,False,0.0,0.0,covered_by_loss_backward_sanity
m6_full_srr_context_arbitration,synthetic_no_t2,LGE+C0_no_T2,1,anatomy,c0_private,1,1,0.001500000013038516,2.175140142440796,0.1345481425523758,False,0.0,0.0,covered_by_loss_backward_sanity
m6_full_srr_context_arbitration,synthetic_no_t2,LGE+C0_no_T2,1,anatomy,interaction_lge_t2,1,0,0.0,2.175140142440796,0.1345481425523758,False,0.0,0.0,covered_by_loss_backward_sanity
m6_full_srr_context_arbitration,synthetic_no_t2,LGE+C0_no_T2,1,anatomy,interaction_lge_t2,1,0,0.0,2.175140142440796,0.1345481425523758,False,0.0,0.0,covered_by_loss_backward_sanity
m6_full_srr_context_arbitration,synthetic_no_t2,LGE+C0_no_T2,1,anatomy,interaction_lge_t2,1,0,0.0,2.175140142440796,0.1345481425523758,False,0.0,0.0,covered_by_loss_backward_sanity
m6_full_srr_context_arbitration,synthetic_no_t2,LGE+C0_no_T2,1,anatomy,interaction_lge_t2,1,0,0.0,2.175140142440796,0.1345481425523758,False,0.0,0.0,covered_by_loss_backward_sanity
m6_full_srr_context_arbitration,synthetic_no_t2,LGE+C0_no_T2,1,anatomy,interaction_lge_c0,1,1,0.11113857477903366,2.175140142440796,0.1345481425523758,False,0.0,0.0,covered_by_loss_backward_sanity
m6_full_srr_context_arbitration,synthetic_no_t2,LGE+C0_no_T2,1,anatomy,interaction_lge_c0,1,1,0.001500000013038516,2.175140142440796,0.1345481425523758,False,0.0,0.0,covered_by_loss_backward_sanity
m6_full_srr_context_arbitration,synthetic_no_t2,LGE+C0_no_T2,1,anatomy,interaction_lge_c0,1,1,0.001500000013038516,2.175140142440796,0.1345481425523758,False,0.0,0.0,covered_by_loss_backward_sanity
m6_full_srr_context_arbitration,synthetic_no_t2,LGE+C0_no_T2,1,anatomy,interaction_lge_c0,1,1,0.1270228773355484,2.175140142440796,0.1345481425523758,False,0.0,0.0,covered_by_loss_backward_sanity
m6_full_srr_context_arbitration,synthetic_no_t2,LGE+C0_no_T2,1,anatomy,interaction_t2_c0,1,0,0.0,2.175140142440796,0.1345481425523758,False,0.0,0.0,covered_by_loss_backward_sanity
m6_full_srr_context_arbitration,synthetic_no_t2,LGE+C0_no_T2,1,anatomy,interaction_t2_c0,1,0,0.0,2.175140142440796,0.1345481425523758,False,0.0,0.0,covered_by_loss_backward_sanity
m6_full_srr_context_arbitration,synthetic_no_t2,LGE+C0_no_T2,1,anatomy,interaction_t2_c0,1,0,0.0,2.175140142440796,0.1345481425523758,False,0.0,0.0,covered_by_loss_backward_sanity
m6_full_srr_context_arbitration,synthetic_no_t2,LGE+C0_no_T2,1,anatomy,interaction_t2_c0,1,0,0.0,2.175140142440796,0.1345481425523758,False,0.0,0.0,covered_by_loss_backward_sanity
m6_full_srr_context_arbitration,synthetic_no_t2,LGE+C0_no_T2,1,scar,shared,1,1,0.0014999997802078724,2.130491256713867,0.19176903367042542,False,0.0,0.0,covered_by_loss_backward_sanity
m6_full_srr_context_arbitration,synthetic_no_t2,LGE+C0_no_T2,1,scar,shared,1,1,0.0014999997802078724,2.130491256713867,0.19176903367042542,False,0.0,0.0,covered_by_loss_backward_sanity
m6_full_srr_context_arbitration,synthetic_no_t2,LGE+C0_no_T2,1,scar,shared,1,1,0.0014999997802078724,2.130491256713867,0.19176903367042542,False,0.0,0.0,covered_by_loss_backward_sanity
m6_full_srr_context_arbitration,synthetic_no_t2,LGE+C0_no_T2,1,scar,shared,1,1,0.0014999997802078724,2.130491256713867,0.19176903367042542,False,0.0,0.0,covered_by_loss_backward_sanity
m6_full_srr_context_arbitration,synthetic_no_t2,LGE+C0_no_T2,1,scar,shared,1,1,0.0014999997802078724,2.130491256713867,0.19176903367042542,False,0.0,0.0,covered_by_loss_backward_sanity
m6_full_srr_context_arbitration,synthetic_no_t2,LGE+C0_no_T2,1,scar,shared,1,1,0.0014999997802078724,2.130491256713867,0.19176903367042542,False,0.0,0.0,covered_by_loss_backward_sanity
m6_full_srr_context_arbitration,synthetic_no_t2,LGE+C0_no_T2,1,scar,shared,1,1,0.0014999997802078724,2.130491256713867,0.19176903367042542,False,0.0,0.0,covered_by_loss_backward_sanity
m6_full_srr_context_arbitration,synthetic_no_t2,LGE+C0_no_T2,1,scar,shared,1,1,0.0014999997802078724,2.130491256713867,0.19176903367042542,False,0.0,0.0,covered_by_loss_backward_sanity
m6_full_srr_context_arbitration,synthetic_no_t2,LGE+C0_no_T2,1,scar,lge_private,1,1,0.1500299721956253,2.130491256713867,0.19176903367042542,False,0.0,0.0,covered_by_loss_backward_sanity
m6_full_srr_context_arbitration,synthetic_no_t2,LGE+C0_no_T2,1,scar,lge_private,1,1,0.11915294826030731,2.130491256713867,0.19176903367042542,False,0.0,0.0,covered_by_loss_backward_sanity
m6_full_srr_context_arbitration,synthetic_no_t2,LGE+C0_no_T2,1,scar,lge_private,1,1,0.19176903367042542,2.130491256713867,0.19176903367042542,False,0.0,0.0,covered_by_loss_backward_sanity
m6_full_srr_context_arbitration,synthetic_no_t2,LGE+C0_no_T2,1,scar,lge_private,1,1,0.1630839854478836,2.130491256713867,0.19176903367042542,False,0.0,0.0,covered_by_loss_backward_sanity
m6_full_srr_context_arbitration,synthetic_no_t2,LGE+C0_no_T2,1,scar,t2_private,1,0,0.0,2.130491256713867,0.19176903367042542,False,0.0,0.0,covered_by_loss_backward_sanity
m6_full_srr_context_arbitration,synthetic_no_t2,LGE+C0_no_T2,1,scar,t2_private,1,0,0.0,2.130491256713867,0.19176903367042542,False,0.0,0.0,covered_by_loss_backward_sanity
m6_full_srr_context_arbitration,synthetic_no_t2,LGE+C0_no_T2,1,scar,t2_private,1,0,0.0,2.130491256713867,0.19176903367042542,False,0.0,0.0,covered_by_loss_backward_sanity
m6_full_srr_context_arbitration,synthetic_no_t2,LGE+C0_no_T2,1,scar,t2_private,1,0,0.0,2.130491256713867,0.19176903367042542,False,0.0,0.0,covered_by_loss_backward_sanity
m6_full_srr_context_arbitration,synthetic_no_t2,LGE+C0_no_T2,1,scar,c0_private,1,1,0.0014999997802078724,2.130491256713867,0.19176903367042542,False,0.0,0.0,covered_by_loss_backward_sanity
m6_full_srr_context_arbitration,synthetic_no_t2,LGE+C0_no_T2,1,scar,c0_private,1,1,0.0014999997802078724,2.130491256713867,0.19176903367042542,False,0.0,0.0,covered_by_loss_backward_sanity
m6_full_srr_context_arbitration,synthetic_no_t2,LGE+C0_no_T2,1,scar,c0_private,1,1,0.0014999997802078724,2.130491256713867,0.19176903367042542,False,0.0,0.0,covered_by_loss_backward_sanity
m6_full_srr_context_arbitration,synthetic_no_t2,LGE+C0_no_T2,1,scar,c0_private,1,1,0.0014999997802078724,2.130491256713867,0.19176903367042542,False,0.0,0.0,covered_by_loss_backward_sanity
m6_full_srr_context_arbitration,synthetic_no_t2,LGE+C0_no_T2,1,scar,interaction_lge_t2,1,0,0.0,2.130491256713867,0.19176903367042542,False,0.0,0.0,covered_by_loss_backward_sanity
m6_full_srr_context_arbitration,synthetic_no_t2,LGE+C0_no_T2,1,scar,interaction_lge_t2,1,0,0.0,2.130491256713867,0.19176903367042542,False,0.0,0.0,covered_by_loss_backward_sanity
m6_full_srr_context_arbitration,synthetic_no_t2,LGE+C0_no_T2,1,scar,interaction_lge_t2,1,0,0.0,2.130491256713867,0.19176903367042542,False,0.0,0.0,covered_by_loss_backward_sanity
m6_full_srr_context_arbitration,synthetic_no_t2,LGE+C0_no_T2,1,scar,interaction_lge_t2,1,0,0.0,2.130491256713867,0.19176903367042542,False,0.0,0.0,covered_by_loss_backward_sanity
m6_full_srr_context_arbitration,synthetic_no_t2,LGE+C0_no_T2,1,scar,interaction_lge_c0,1,1,0.09147457778453827,2.130491256713867,0.19176903367042542,False,0.0,0.0,covered_by_loss_backward_sanity
m6_full_srr_context_arbitration,synthetic_no_t2,LGE+C0_no_T2,1,scar,interaction_lge_c0,1,1,0.09950534999370575,2.130491256713867,0.19176903367042542,False,0.0,0.0,covered_by_loss_backward_sanity
m6_full_srr_context_arbitration,synthetic_no_t2,LGE+C0_no_T2,1,scar,interaction_lge_c0,1,1,0.08075714111328125,2.130491256713867,0.19176903367042542,False,0.0,0.0,covered_by_loss_backward_sanity
m6_full_srr_context_arbitration,synthetic_no_t2,LGE+C0_no_T2,1,scar,interaction_lge_c0,1,1,0.08622698485851288,2.130491256713867,0.19176903367042542,False,0.0,0.0,covered_by_loss_backward_sanity
m6_full_srr_context_arbitration,synthetic_no_t2,LGE+C0_no_T2,1,scar,interaction_t2_c0,1,0,0.0,2.130491256713867,0.19176903367042542,False,0.0,0.0,covered_by_loss_backward_sanity
m6_full_srr_context_arbitration,synthetic_no_t2,LGE+C0_no_T2,1,scar,interaction_t2_c0,1,0,0.0,2.130491256713867,0.19176903367042542,False,0.0,0.0,covered_by_loss_backward_sanity
m6_full_srr_context_arbitration,synthetic_no_t2,LGE+C0_no_T2,1,scar,interaction_t2_c0,1,0,0.0,2.130491256713867,0.19176903367042542,False,0.0,0.0,covered_by_loss_backward_sanity
m6_full_srr_context_arbitration,synthetic_no_t2,LGE+C0_no_T2,1,scar,interaction_t2_c0,1,0,0.0,2.130491256713867,0.19176903367042542,False,0.0,0.0,covered_by_loss_backward_sanity
m6_full_srr_context_arbitration,synthetic_no_t2,LGE+C0_no_T2,1,edema,shared,1,1,0.11825642734766006,2.1674306392669678,0.15313270688056946,False,0.0,0.0,covered_by_loss_backward_sanity
m6_full_srr_context_arbitration,synthetic_no_t2,LGE+C0_no_T2,1,edema,shared,1,1,0.001500000013038516,2.1674306392669678,0.15313270688056946,False,0.0,0.0,covered_by_loss_backward_sanity
m6_full_srr_context_arbitration,synthetic_no_t2,LGE+C0_no_T2,1,edema,shared,1,1,0.001500000013038516,2.1674306392669678,0.15313270688056946,False,0.0,0.0,covered_by_loss_backward_sanity
m6_full_srr_context_arbitration,synthetic_no_t2,LGE+C0_no_T2,1,edema,shared,1,1,0.13327758014202118,2.1674306392669678,0.15313270688056946,False,0.0,0.0,covered_by_loss_backward_sanity
m6_full_srr_context_arbitration,synthetic_no_t2,LGE+C0_no_T2,1,edema,shared,1,1,0.15313270688056946,2.1674306392669678,0.15313270688056946,False,0.0,0.0,covered_by_loss_backward_sanity
m6_full_srr_context_arbitration,synthetic_no_t2,LGE+C0_no_T2,1,edema,shared,1,1,0.10387915372848511,2.1674306392669678,0.15313270688056946,False,0.0,0.0,covered_by_loss_backward_sanity
m6_full_srr_context_arbitration,synthetic_no_t2,LGE+C0_no_T2,1,edema,shared,1,1,0.001500000013038516,2.1674306392669678,0.15313270688056946,False,0.0,0.0,covered_by_loss_backward_sanity
m6_full_srr_context_arbitration,synthetic_no_t2,LGE+C0_no_T2,1,edema,shared,1,1,0.001500000013038516,2.1674306392669678,0.15313270688056946,False,0.0,0.0,covered_by_loss_backward_sanity
m6_full_srr_context_arbitration,synthetic_no_t2,LGE+C0_no_T2,1,edema,lge_private,1,1,0.12630708515644073,2.1674306392669678,0.15313270688056946,False,0.0,0.0,covered_by_loss_backward_sanity
m6_full_srr_context_arbitration,synthetic_no_t2,LGE+C0_no_T2,1,edema,lge_private,1,1,0.001500000013038516,2.1674306392669678,0.15313270688056946,False,0.0,0.0,covered_by_loss_backward_sanity
m6_full_srr_context_arbitration,synthetic_no_t2,LGE+C0_no_T2,1,edema,lge_private,1,1,0.001500000013038516,2.1674306392669678,0.15313270688056946,False,0.0,0.0,covered_by_loss_backward_sanity
m6_full_srr_context_arbitration,synthetic_no_t2,LGE+C0_no_T2,1,edema,lge_private,1,1,0.13844004273414612,2.1674306392669678,0.15313270688056946,False,0.0,0.0,covered_by_loss_backward_sanity
m6_full_srr_context_arbitration,synthetic_no_t2,LGE+C0_no_T2,1,edema,t2_private,1,0,0.0,2.1674306392669678,0.15313270688056946,False,0.0,0.0,covered_by_loss_backward_sanity
m6_full_srr_context_arbitration,synthetic_no_t2,LGE+C0_no_T2,1,edema,t2_private,1,0,0.0,2.1674306392669678,0.15313270688056946,False,0.0,0.0,covered_by_loss_backward_sanity
m6_full_srr_context_arbitration,synthetic_no_t2,LGE+C0_no_T2,1,edema,t2_private,1,0,0.0,2.1674306392669678,0.15313270688056946,False,0.0,0.0,covered_by_loss_backward_sanity
m6_full_srr_context_arbitration,synthetic_no_t2,LGE+C0_no_T2,1,edema,t2_private,1,0,0.0,2.1674306392669678,0.15313270688056946,False,0.0,0.0,covered_by_loss_backward_sanity
m6_full_srr_context_arbitration,synthetic_no_t2,LGE+C0_no_T2,1,edema,c0_private,1,1,0.001500000013038516,2.1674306392669678,0.15313270688056946,False,0.0,0.0,covered_by_loss_backward_sanity
m6_full_srr_context_arbitration,synthetic_no_t2,LGE+C0_no_T2,1,edema,c0_private,1,1,0.001500000013038516,2.1674306392669678,0.15313270688056946,False,0.0,0.0,covered_by_loss_backward_sanity
m6_full_srr_context_arbitration,synthetic_no_t2,LGE+C0_no_T2,1,edema,c0_private,1,1,0.10488108545541763,2.1674306392669678,0.15313270688056946,False,0.0,0.0,covered_by_loss_backward_sanity
m6_full_srr_context_arbitration,synthetic_no_t2,LGE+C0_no_T2,1,edema,c0_private,1,1,0.001500000013038516,2.1674306392669678,0.15313270688056946,False,0.0,0.0,covered_by_loss_backward_sanity
m6_full_srr_context_arbitration,synthetic_no_t2,LGE+C0_no_T2,1,edema,interaction_lge_t2,1,0,0.0,2.1674306392669678,0.15313270688056946,False,0.0,0.0,covered_by_loss_backward_sanity
m6_full_srr_context_arbitration,synthetic_no_t2,LGE+C0_no_T2,1,edema,interaction_lge_t2,1,0,0.0,2.1674306392669678,0.15313270688056946,False,0.0,0.0,covered_by_loss_backward_sanity
m6_full_srr_context_arbitration,synthetic_no_t2,LGE+C0_no_T2,1,edema,interaction_lge_t2,1,0,0.0,2.1674306392669678,0.15313270688056946,False,0.0,0.0,covered_by_loss_backward_sanity
m6_full_srr_context_arbitration,synthetic_no_t2,LGE+C0_no_T2,1,edema,interaction_lge_t2,1,0,0.0,2.1674306392669678,0.15313270688056946,False,0.0,0.0,covered_by_loss_backward_sanity
m6_full_srr_context_arbitration,synthetic_no_t2,LGE+C0_no_T2,1,edema,interaction_lge_c0,1,1,0.10382600873708725,2.1674306392669678,0.15313270688056946,False,0.0,0.0,covered_by_loss_backward_sanity
m6_full_srr_context_arbitration,synthetic_no_t2,LGE+C0_no_T2,1,edema,interaction_lge_c0,1,1,0.001500000013038516,2.1674306392669678,0.15313270688056946,False,0.0,0.0,covered_by_loss_backward_sanity
m6_full_srr_context_arbitration,synthetic_no_t2,LGE+C0_no_T2,1,edema,interaction_lge_c0,1,1,0.001500000013038516,2.1674306392669678,0.15313270688056946,False,0.0,0.0,covered_by_loss_backward_sanity
m6_full_srr_context_arbitration,synthetic_no_t2,LGE+C0_no_T2,1,edema,interaction_lge_c0,1,1,0.001500000013038516,2.1674306392669678,0.15313270688056946,False,0.0,0.0,covered_by_loss_backward_sanity
m6_full_srr_context_arbitration,synthetic_no_t2,LGE+C0_no_T2,1,edema,interaction_t2_c0,1,0,0.0,2.1674306392669678,0.15313270688056946,False,0.0,0.0,covered_by_loss_backward_sanity
m6_full_srr_context_arbitration,synthetic_no_t2,LGE+C0_no_T2,1,edema,interaction_t2_c0,1,0,0.0,2.1674306392669678,0.15313270688056946,False,0.0,0.0,covered_by_loss_backward_sanity
m6_full_srr_context_arbitration,synthetic_no_t2,LGE+C0_no_T2,1,edema,interaction_t2_c0,1,0,0.0,2.1674306392669678,0.15313270688056946,False,0.0,0.0,covered_by_loss_backward_sanity
m6_full_srr_context_arbitration,synthetic_no_t2,LGE+C0_no_T2,1,edema,interaction_t2_c0,1,0,0.0,2.1674306392669678,0.15313270688056946,False,0.0,0.0,covered_by_loss_backward_sanity
m6_full_srr_context_arbitration,synthetic_no_t2,LGE+C0_no_T2,2,anatomy,shared,1,1,0.17439770698547363,2.163419723510742,0.17439770698547363,False,0.0,0.0,covered_by_loss_backward_sanity
m6_full_srr_context_arbitration,synthetic_no_t2,LGE+C0_no_T2,2,anatomy,shared,1,1,0.0014999997802078724,2.163419723510742,0.17439770698547363,False,0.0,0.0,covered_by_loss_backward_sanity
m6_full_srr_context_arbitration,synthetic_no_t2,LGE+C0_no_T2,2,anatomy,shared,1,1,0.11030180007219315,2.163419723510742,0.17439770698547363,False,0.0,0.0,covered_by_loss_backward_sanity
m6_full_srr_context_arbitration,synthetic_no_t2,LGE+C0_no_T2,2,anatomy,shared,1,1,0.11016716808080673,2.163419723510742,0.17439770698547363,False,0.0,0.0,covered_by_loss_backward_sanity
m6_full_srr_context_arbitration,synthetic_no_t2,LGE+C0_no_T2,2,anatomy,shared,1,1,0.1158701553940773,2.163419723510742,0.17439770698547363,False,0.0,0.0,covered_by_loss_backward_sanity
m6_full_srr_context_arbitration,synthetic_no_t2,LGE+C0_no_T2,2,anatomy,shared,1,1,0.0014999997802078724,2.163419723510742,0.17439770698547363,False,0.0,0.0,covered_by_loss_backward_sanity
m6_full_srr_context_arbitration,synthetic_no_t2,LGE+C0_no_T2,2,anatomy,shared,1,1,0.09960239380598068,2.163419723510742,0.17439770698547363,False,0.0,0.0,covered_by_loss_backward_sanity
m6_full_srr_context_arbitration,synthetic_no_t2,LGE+C0_no_T2,2,anatomy,shared,1,1,0.12348522990942001,2.163419723510742,0.17439770698547363,False,0.0,0.0,covered_by_loss_backward_sanity
m6_full_srr_context_arbitration,synthetic_no_t2,LGE+C0_no_T2,2,anatomy,lge_private,1,1,0.0014999997802078724,2.163419723510742,0.17439770698547363,False,0.0,0.0,covered_by_loss_backward_sanity
m6_full_srr_context_arbitration,synthetic_no_t2,LGE+C0_no_T2,2,anatomy,lge_private,1,1,0.0014999997802078724,2.163419723510742,0.17439770698547363,False,0.0,0.0,covered_by_loss_backward_sanity
m6_full_srr_context_arbitration,synthetic_no_t2,LGE+C0_no_T2,2,anatomy,lge_private,1,1,0.0014999997802078724,2.163419723510742,0.17439770698547363,False,0.0,0.0,covered_by_loss_backward_sanity
m6_full_srr_context_arbitration,synthetic_no_t2,LGE+C0_no_T2,2,anatomy,lge_private,1,1,0.0014999997802078724,2.163419723510742,0.17439770698547363,False,0.0,0.0,covered_by_loss_backward_sanity
m6_full_srr_context_arbitration,synthetic_no_t2,LGE+C0_no_T2,2,anatomy,t2_private,1,0,0.0,2.163419723510742,0.17439770698547363,False,0.0,0.0,covered_by_loss_backward_sanity
m6_full_srr_context_arbitration,synthetic_no_t2,LGE+C0_no_T2,2,anatomy,t2_private,1,0,0.0,2.163419723510742,0.17439770698547363,False,0.0,0.0,covered_by_loss_backward_sanity
m6_full_srr_context_arbitration,synthetic_no_t2,LGE+C0_no_T2,2,anatomy,t2_private,1,0,0.0,2.163419723510742,0.17439770698547363,False,0.0,0.0,covered_by_loss_backward_sanity
m6_full_srr_context_arbitration,synthetic_no_t2,LGE+C0_no_T2,2,anatomy,t2_private,1,0,0.0,2.163419723510742,0.17439770698547363,False,0.0,0.0,covered_by_loss_backward_sanity
m6_full_srr_context_arbitration,synthetic_no_t2,LGE+C0_no_T2,2,anatomy,c0_private,1,1,0.12362871319055557,2.163419723510742,0.17439770698547363,False,0.0,0.0,covered_by_loss_backward_sanity
m6_full_srr_context_arbitration,synthetic_no_t2,LGE+C0_no_T2,2,anatomy,c0_private,1,1,0.0014999997802078724,2.163419723510742,0.17439770698547363,False,0.0,0.0,covered_by_loss_backward_sanity
m6_full_srr_context_arbitration,synthetic_no_t2,LGE+C0_no_T2,2,anatomy,c0_private,1,1,0.12454675883054733,2.163419723510742,0.17439770698547363,False,0.0,0.0,covered_by_loss_backward_sanity
m6_full_srr_context_arbitration,synthetic_no_t2,LGE+C0_no_T2,2,anatomy,c0_private,1,1,0.0014999997802078724,2.163419723510742,0.17439770698547363,False,0.0,0.0,covered_by_loss_backward_sanity
m6_full_srr_context_arbitration,synthetic_no_t2,LGE+C0_no_T2,2,anatomy,interaction_lge_t2,1,0,0.0,2.163419723510742,0.17439770698547363,False,0.0,0.0,covered_by_loss_backward_sanity
m6_full_srr_context_arbitration,synthetic_no_t2,LGE+C0_no_T2,2,anatomy,interaction_lge_t2,1,0,0.0,2.163419723510742,0.17439770698547363,False,0.0,0.0,covered_by_loss_backward_sanity
m6_full_srr_context_arbitration,synthetic_no_t2,LGE+C0_no_T2,2,anatomy,interaction_lge_t2,1,0,0.0,2.163419723510742,0.17439770698547363,False,0.0,0.0,covered_by_loss_backward_sanity
m6_full_srr_context_arbitration,synthetic_no_t2,LGE+C0_no_T2,2,anatomy,interaction_lge_t2,1,0,0.0,2.163419723510742,0.17439770698547363,False,0.0,0.0,covered_by_loss_backward_sanity
m6_full_srr_context_arbitration,synthetic_no_t2,LGE+C0_no_T2,2,anatomy,interaction_lge_c0,1,1,0.0014999997802078724,2.163419723510742,0.17439770698547363,False,0.0,0.0,covered_by_loss_backward_sanity
m6_full_srr_context_arbitration,synthetic_no_t2,LGE+C0_no_T2,2,anatomy,interaction_lge_c0,1,1,0.0014999997802078724,2.163419723510742,0.17439770698547363,False,0.0,0.0,covered_by_loss_backward_sanity
m6_full_srr_context_arbitration,synthetic_no_t2,LGE+C0_no_T2,2,anatomy,interaction_lge_c0,1,1,0.0014999997802078724,2.163419723510742,0.17439770698547363,False,0.0,0.0,covered_by_loss_backward_sanity
m6_full_srr_context_arbitration,synthetic_no_t2,LGE+C0_no_T2,2,anatomy,interaction_lge_c0,1,1,0.0014999997802078724,2.163419723510742,0.17439770698547363,False,0.0,0.0,covered_by_loss_backward_sanity
m6_full_srr_context_arbitration,synthetic_no_t2,LGE+C0_no_T2,2,anatomy,interaction_t2_c0,1,0,0.0,2.163419723510742,0.17439770698547363,False,0.0,0.0,covered_by_loss_backward_sanity
m6_full_srr_context_arbitration,synthetic_no_t2,LGE+C0_no_T2,2,anatomy,interaction_t2_c0,1,0,0.0,2.163419723510742,0.17439770698547363,False,0.0,0.0,covered_by_loss_backward_sanity
m6_full_srr_context_arbitration,synthetic_no_t2,LGE+C0_no_T2,2,anatomy,interaction_t2_c0,1,0,0.0,2.163419723510742,0.17439770698547363,False,0.0,0.0,covered_by_loss_backward_sanity
m6_full_srr_context_arbitration,synthetic_no_t2,LGE+C0_no_T2,2,anatomy,interaction_t2_c0,1,0,0.0,2.163419723510742,0.17439770698547363,False,0.0,0.0,covered_by_loss_backward_sanity
m6_full_srr_context_arbitration,synthetic_no_t2,LGE+C0_no_T2,2,scar,shared,1,1,0.001500000013038516,2.1205806732177734,0.18507303297519684,False,0.0,0.0,covered_by_loss_backward_sanity
m6_full_srr_context_arbitration,synthetic_no_t2,LGE+C0_no_T2,2,scar,shared,1,1,0.001500000013038516,2.1205806732177734,0.18507303297519684,False,0.0,0.0,covered_by_loss_backward_sanity
m6_full_srr_context_arbitration,synthetic_no_t2,LGE+C0_no_T2,2,scar,shared,1,1,0.001500000013038516,2.1205806732177734,0.18507303297519684,False,0.0,0.0,covered_by_loss_backward_sanity
m6_full_srr_context_arbitration,synthetic_no_t2,LGE+C0_no_T2,2,scar,shared,1,1,0.001500000013038516,2.1205806732177734,0.18507303297519684,False,0.0,0.0,covered_by_loss_backward_sanity
m6_full_srr_context_arbitration,synthetic_no_t2,LGE+C0_no_T2,2,scar,shared,1,1,0.001500000013038516,2.1205806732177734,0.18507303297519684,False,0.0,0.0,covered_by_loss_backward_sanity
m6_full_srr_context_arbitration,synthetic_no_t2,LGE+C0_no_T2,2,scar,shared,1,1,0.001500000013038516,2.1205806732177734,0.18507303297519684,False,0.0,0.0,covered_by_loss_backward_sanity
m6_full_srr_context_arbitration,synthetic_no_t2,LGE+C0_no_T2,2,scar,shared,1,1,0.001500000013038516,2.1205806732177734,0.18507303297519684,False,0.0,0.0,covered_by_loss_backward_sanity
m6_full_srr_context_arbitration,synthetic_no_t2,LGE+C0_no_T2,2,scar,shared,1,1,0.001500000013038516,2.1205806732177734,0.18507303297519684,False,0.0,0.0,covered_by_loss_backward_sanity
m6_full_srr_context_arbitration,synthetic_no_t2,LGE+C0_no_T2,2,scar,lge_private,1,1,0.18507303297519684,2.1205806732177734,0.18507303297519684,False,0.0,0.0,covered_by_loss_backward_sanity
m6_full_srr_context_arbitration,synthetic_no_t2,LGE+C0_no_T2,2,scar,lge_private,1,1,0.17362283170223236,2.1205806732177734,0.18507303297519684,False,0.0,0.0,covered_by_loss_backward_sanity
m6_full_srr_context_arbitration,synthetic_no_t2,LGE+C0_no_T2,2,scar,lge_private,1,1,0.15355700254440308,2.1205806732177734,0.18507303297519684,False,0.0,0.0,covered_by_loss_backward_sanity
m6_full_srr_context_arbitration,synthetic_no_t2,LGE+C0_no_T2,2,scar,lge_private,1,1,0.13713887333869934,2.1205806732177734,0.18507303297519684,False,0.0,0.0,covered_by_loss_backward_sanity
m6_full_srr_context_arbitration,synthetic_no_t2,LGE+C0_no_T2,2,scar,t2_private,1,0,0.0,2.1205806732177734,0.18507303297519684,False,0.0,0.0,covered_by_loss_backward_sanity
m6_full_srr_context_arbitration,synthetic_no_t2,LGE+C0_no_T2,2,scar,t2_private,1,0,0.0,2.1205806732177734,0.18507303297519684,False,0.0,0.0,covered_by_loss_backward_sanity
m6_full_srr_context_arbitration,synthetic_no_t2,LGE+C0_no_T2,2,scar,t2_private,1,0,0.0,2.1205806732177734,0.18507303297519684,False,0.0,0.0,covered_by_loss_backward_sanity
m6_full_srr_context_arbitration,synthetic_no_t2,LGE+C0_no_T2,2,scar,t2_private,1,0,0.0,2.1205806732177734,0.18507303297519684,False,0.0,0.0,covered_by_loss_backward_sanity
m6_full_srr_context_arbitration,synthetic_no_t2,LGE+C0_no_T2,2,scar,c0_private,1,1,0.001500000013038516,2.1205806732177734,0.18507303297519684,False,0.0,0.0,covered_by_loss_backward_sanity
m6_full_srr_context_arbitration,synthetic_no_t2,LGE+C0_no_T2,2,scar,c0_private,1,1,0.001500000013038516,2.1205806732177734,0.18507303297519684,False,0.0,0.0,covered_by_loss_backward_sanity
m6_full_srr_context_arbitration,synthetic_no_t2,LGE+C0_no_T2,2,scar,c0_private,1,1,0.001500000013038516,2.1205806732177734,0.18507303297519684,False,0.0,0.0,covered_by_loss_backward_sanity
m6_full_srr_context_arbitration,synthetic_no_t2,LGE+C0_no_T2,2,scar,c0_private,1,1,0.08107030391693115,2.1205806732177734,0.18507303297519684,False,0.0,0.0,covered_by_loss_backward_sanity
m6_full_srr_context_arbitration,synthetic_no_t2,LGE+C0_no_T2,2,scar,interaction_lge_t2,1,0,0.0,2.1205806732177734,0.18507303297519684,False,0.0,0.0,covered_by_loss_backward_sanity
m6_full_srr_context_arbitration,synthetic_no_t2,LGE+C0_no_T2,2,scar,interaction_lge_t2,1,0,0.0,2.1205806732177734,0.18507303297519684,False,0.0,0.0,covered_by_loss_backward_sanity
m6_full_srr_context_arbitration,synthetic_no_t2,LGE+C0_no_T2,2,scar,interaction_lge_t2,1,0,0.0,2.1205806732177734,0.18507303297519684,False,0.0,0.0,covered_by_loss_backward_sanity
m6_full_srr_context_arbitration,synthetic_no_t2,LGE+C0_no_T2,2,scar,interaction_lge_t2,1,0,0.0,2.1205806732177734,0.18507303297519684,False,0.0,0.0,covered_by_loss_backward_sanity
m6_full_srr_context_arbitration,synthetic_no_t2,LGE+C0_no_T2,2,scar,interaction_lge_c0,1,1,0.001500000013038516,2.1205806732177734,0.18507303297519684,False,0.0,0.0,covered_by_loss_backward_sanity
m6_full_srr_context_arbitration,synthetic_no_t2,LGE+C0_no_T2,2,scar,interaction_lge_c0,1,1,0.08309663087129593,2.1205806732177734,0.18507303297519684,False,0.0,0.0,covered_by_loss_backward_sanity
m6_full_srr_context_arbitration,synthetic_no_t2,LGE+C0_no_T2,2,scar,interaction_lge_c0,1,1,0.08250560611486435,2.1205806732177734,0.18507303297519684,False,0.0,0.0,covered_by_loss_backward_sanity
m6_full_srr_context_arbitration,synthetic_no_t2,LGE+C0_no_T2,2,scar,interaction_lge_c0,1,1,0.08593576401472092,2.1205806732177734,0.18507303297519684,False,0.0,0.0,covered_by_loss_backward_sanity
m6_full_srr_context_arbitration,synthetic_no_t2,LGE+C0_no_T2,2,scar,interaction_t2_c0,1,0,0.0,2.1205806732177734,0.18507303297519684,False,0.0,0.0,covered_by_loss_backward_sanity
m6_full_srr_context_arbitration,synthetic_no_t2,LGE+C0_no_T2,2,scar,interaction_t2_c0,1,0,0.0,2.1205806732177734,0.18507303297519684,False,0.0,0.0,covered_by_loss_backward_sanity
m6_full_srr_context_arbitration,synthetic_no_t2,LGE+C0_no_T2,2,scar,interaction_t2_c0,1,0,0.0,2.1205806732177734,0.18507303297519684,False,0.0,0.0,covered_by_loss_backward_sanity
m6_full_srr_context_arbitration,synthetic_no_t2,LGE+C0_no_T2,2,scar,interaction_t2_c0,1,0,0.0,2.1205806732177734,0.18507303297519684,False,0.0,0.0,covered_by_loss_backward_sanity
m6_full_srr_context_arbitration,synthetic_no_t2,LGE+C0_no_T2,2,edema,shared,1,1,0.0014999997802078724,2.1758906841278076,0.13186143338680267,False,0.0,0.0,covered_by_loss_backward_sanity
m6_full_srr_context_arbitration,synthetic_no_t2,LGE+C0_no_T2,2,edema,shared,1,1,0.11273995786905289,2.1758906841278076,0.13186143338680267,False,0.0,0.0,covered_by_loss_backward_sanity
m6_full_srr_context_arbitration,synthetic_no_t2,LGE+C0_no_T2,2,edema,shared,1,1,0.11792172491550446,2.1758906841278076,0.13186143338680267,False,0.0,0.0,covered_by_loss_backward_sanity
m6_full_srr_context_arbitration,synthetic_no_t2,LGE+C0_no_T2,2,edema,shared,1,1,0.12468431890010834,2.1758906841278076,0.13186143338680267,False,0.0,0.0,covered_by_loss_backward_sanity
m6_full_srr_context_arbitration,synthetic_no_t2,LGE+C0_no_T2,2,edema,shared,1,1,0.0014999997802078724,2.1758906841278076,0.13186143338680267,False,0.0,0.0,covered_by_loss_backward_sanity
m6_full_srr_context_arbitration,synthetic_no_t2,LGE+C0_no_T2,2,edema,shared,1,1,0.0014999997802078724,2.1758906841278076,0.13186143338680267,False,0.0,0.0,covered_by_loss_backward_sanity
m6_full_srr_context_arbitration,synthetic_no_t2,LGE+C0_no_T2,2,edema,shared,1,1,0.12537893652915955,2.1758906841278076,0.13186143338680267,False,0.0,0.0,covered_by_loss_backward_sanity
m6_full_srr_context_arbitration,synthetic_no_t2,LGE+C0_no_T2,2,edema,shared,1,1,0.0014999997802078724,2.1758906841278076,0.13186143338680267,False,0.0,0.0,covered_by_loss_backward_sanity
m6_full_srr_context_arbitration,synthetic_no_t2,LGE+C0_no_T2,2,edema,lge_private,1,1,0.0014999997802078724,2.1758906841278076,0.13186143338680267,False,0.0,0.0,covered_by_loss_backward_sanity
m6_full_srr_context_arbitration,synthetic_no_t2,LGE+C0_no_T2,2,edema,lge_private,1,1,0.0014999997802078724,2.1758906841278076,0.13186143338680267,False,0.0,0.0,covered_by_loss_backward_sanity
m6_full_srr_context_arbitration,synthetic_no_t2,LGE+C0_no_T2,2,edema,lge_private,1,1,0.0014999997802078724,2.1758906841278076,0.13186143338680267,False,0.0,0.0,covered_by_loss_backward_sanity
m6_full_srr_context_arbitration,synthetic_no_t2,LGE+C0_no_T2,2,edema,lge_private,1,1,0.0014999997802078724,2.1758906841278076,0.13186143338680267,False,0.0,0.0,covered_by_loss_backward_sanity
m6_full_srr_context_arbitration,synthetic_no_t2,LGE+C0_no_T2,2,edema,t2_private,1,0,0.0,2.1758906841278076,0.13186143338680267,False,0.0,0.0,covered_by_loss_backward_sanity
m6_full_srr_context_arbitration,synthetic_no_t2,LGE+C0_no_T2,2,edema,t2_private,1,0,0.0,2.1758906841278076,0.13186143338680267,False,0.0,0.0,covered_by_loss_backward_sanity
m6_full_srr_context_arbitration,synthetic_no_t2,LGE+C0_no_T2,2,edema,t2_private,1,0,0.0,2.1758906841278076,0.13186143338680267,False,0.0,0.0,covered_by_loss_backward_sanity
m6_full_srr_context_arbitration,synthetic_no_t2,LGE+C0_no_T2,2,edema,t2_private,1,0,0.0,2.1758906841278076,0.13186143338680267,False,0.0,0.0,covered_by_loss_backward_sanity
m6_full_srr_context_arbitration,synthetic_no_t2,LGE+C0_no_T2,2,edema,c0_private,1,1,0.0014999997802078724,2.1758906841278076,0.13186143338680267,False,0.0,0.0,covered_by_loss_backward_sanity
m6_full_srr_context_arbitration,synthetic_no_t2,LGE+C0_no_T2,2,edema,c0_private,1,1,0.12178964167833328,2.1758906841278076,0.13186143338680267,False,0.0,0.0,covered_by_loss_backward_sanity
m6_full_srr_context_arbitration,synthetic_no_t2,LGE+C0_no_T2,2,edema,c0_private,1,1,0.0014999997802078724,2.1758906841278076,0.13186143338680267,False,0.0,0.0,covered_by_loss_backward_sanity
m6_full_srr_context_arbitration,synthetic_no_t2,LGE+C0_no_T2,2,edema,c0_private,1,1,0.13186143338680267,2.1758906841278076,0.13186143338680267,False,0.0,0.0,covered_by_loss_backward_sanity
m6_full_srr_context_arbitration,synthetic_no_t2,LGE+C0_no_T2,2,edema,interaction_lge_t2,1,0,0.0,2.1758906841278076,0.13186143338680267,False,0.0,0.0,covered_by_loss_backward_sanity
m6_full_srr_context_arbitration,synthetic_no_t2,LGE+C0_no_T2,2,edema,interaction_lge_t2,1,0,0.0,2.1758906841278076,0.13186143338680267,False,0.0,0.0,covered_by_loss_backward_sanity
m6_full_srr_context_arbitration,synthetic_no_t2,LGE+C0_no_T2,2,edema,interaction_lge_t2,1,0,0.0,2.1758906841278076,0.13186143338680267,False,0.0,0.0,covered_by_loss_backward_sanity
m6_full_srr_context_arbitration,synthetic_no_t2,LGE+C0_no_T2,2,edema,interaction_lge_t2,1,0,0.0,2.1758906841278076,0.13186143338680267,False,0.0,0.0,covered_by_loss_backward_sanity
m6_full_srr_context_arbitration,synthetic_no_t2,LGE+C0_no_T2,2,edema,interaction_lge_c0,1,1,0.0014999997802078724,2.1758906841278076,0.13186143338680267,False,0.0,0.0,covered_by_loss_backward_sanity
m6_full_srr_context_arbitration,synthetic_no_t2,LGE+C0_no_T2,2,edema,interaction_lge_c0,1,1,0.12034872174263,2.1758906841278076,0.13186143338680267,False,0.0,0.0,covered_by_loss_backward_sanity
m6_full_srr_context_arbitration,synthetic_no_t2,LGE+C0_no_T2,2,edema,interaction_lge_c0,1,1,0.0014999997802078724,2.1758906841278076,0.13186143338680267,False,0.0,0.0,covered_by_loss_backward_sanity
m6_full_srr_context_arbitration,synthetic_no_t2,LGE+C0_no_T2,2,edema,interaction_lge_c0,1,1,0.12727515399456024,2.1758906841278076,0.13186143338680267,False,0.0,0.0,covered_by_loss_backward_sanity
m6_full_srr_context_arbitration,synthetic_no_t2,LGE+C0_no_T2,2,edema,interaction_t2_c0,1,0,0.0,2.1758906841278076,0.13186143338680267,False,0.0,0.0,covered_by_loss_backward_sanity
m6_full_srr_context_arbitration,synthetic_no_t2,LGE+C0_no_T2,2,edema,interaction_t2_c0,1,0,0.0,2.1758906841278076,0.13186143338680267,False,0.0,0.0,covered_by_loss_backward_sanity
m6_full_srr_context_arbitration,synthetic_no_t2,LGE+C0_no_T2,2,edema,interaction_t2_c0,1,0,0.0,2.1758906841278076,0.13186143338680267,False,0.0,0.0,covered_by_loss_backward_sanity
m6_full_srr_context_arbitration,synthetic_no_t2,LGE+C0_no_T2,2,edema,interaction_t2_c0,1,0,0.0,2.1758906841278076,0.13186143338680267,False,0.0,0.0,covered_by_loss_backward_sanity
m6_full_srr_context_arbitration,synthetic_no_t2,LGE+C0_no_T2,3,anatomy,shared,1,1,0.11442501842975616,2.1664326190948486,0.16902899742126465,False,0.0,0.0,covered_by_loss_backward_sanity
m6_full_srr_context_arbitration,synthetic_no_t2,LGE+C0_no_T2,3,anatomy,shared,1,1,0.10955449938774109,2.1664326190948486,0.16902899742126465,False,0.0,0.0,covered_by_loss_backward_sanity
m6_full_srr_context_arbitration,synthetic_no_t2,LGE+C0_no_T2,3,anatomy,shared,1,1,0.10779137164354324,2.1664326190948486,0.16902899742126465,False,0.0,0.0,covered_by_loss_backward_sanity
m6_full_srr_context_arbitration,synthetic_no_t2,LGE+C0_no_T2,3,anatomy,shared,1,1,0.11772153526544571,2.1664326190948486,0.16902899742126465,False,0.0,0.0,covered_by_loss_backward_sanity
m6_full_srr_context_arbitration,synthetic_no_t2,LGE+C0_no_T2,3,anatomy,shared,1,1,0.16902899742126465,2.1664326190948486,0.16902899742126465,False,0.0,0.0,covered_by_loss_backward_sanity
m6_full_srr_context_arbitration,synthetic_no_t2,LGE+C0_no_T2,3,anatomy,shared,1,1,0.12562786042690277,2.1664326190948486,0.16902899742126465,False,0.0,0.0,covered_by_loss_backward_sanity
m6_full_srr_context_arbitration,synthetic_no_t2,LGE+C0_no_T2,3,anatomy,shared,1,1,0.001500000013038516,2.1664326190948486,0.16902899742126465,False,0.0,0.0,covered_by_loss_backward_sanity
m6_full_srr_context_arbitration,synthetic_no_t2,LGE+C0_no_T2,3,anatomy,shared,1,1,0.12604188919067383,2.1664326190948486,0.16902899742126465,False,0.0,0.0,covered_by_loss_backward_sanity
m6_full_srr_context_arbitration,synthetic_no_t2,LGE+C0_no_T2,3,anatomy,lge_private,1,1,0.001500000013038516,2.1664326190948486,0.16902899742126465,False,0.0,0.0,covered_by_loss_backward_sanity
m6_full_srr_context_arbitration,synthetic_no_t2,LGE+C0_no_T2,3,anatomy,lge_private,1,1,0.001500000013038516,2.1664326190948486,0.16902899742126465,False,0.0,0.0,covered_by_loss_backward_sanity
m6_full_srr_context_arbitration,synthetic_no_t2,LGE+C0_no_T2,3,anatomy,lge_private,1,1,0.001500000013038516,2.1664326190948486,0.16902899742126465,False,0.0,0.0,covered_by_loss_backward_sanity
m6_full_srr_context_arbitration,synthetic_no_t2,LGE+C0_no_T2,3,anatomy,lge_private,1,1,0.001500000013038516,2.1664326190948486,0.16902899742126465,False,0.0,0.0,covered_by_loss_backward_sanity
m6_full_srr_context_arbitration,synthetic_no_t2,LGE+C0_no_T2,3,anatomy,t2_private,1,0,0.0,2.1664326190948486,0.16902899742126465,False,0.0,0.0,covered_by_loss_backward_sanity
m6_full_srr_context_arbitration,synthetic_no_t2,LGE+C0_no_T2,3,anatomy,t2_private,1,0,0.0,2.1664326190948486,0.16902899742126465,False,0.0,0.0,covered_by_loss_backward_sanity
m6_full_srr_context_arbitration,synthetic_no_t2,LGE+C0_no_T2,3,anatomy,t2_private,1,0,0.0,2.1664326190948486,0.16902899742126465,False,0.0,0.0,covered_by_loss_backward_sanity
m6_full_srr_context_arbitration,synthetic_no_t2,LGE+C0_no_T2,3,anatomy,t2_private,1,0,0.0,2.1664326190948486,0.16902899742126465,False,0.0,0.0,covered_by_loss_backward_sanity
m6_full_srr_context_arbitration,synthetic_no_t2,LGE+C0_no_T2,3,anatomy,c0_private,1,1,0.11180884391069412,2.1664326190948486,0.16902899742126465,False,0.0,0.0,covered_by_loss_backward_sanity
m6_full_srr_context_arbitration,synthetic_no_t2,LGE+C0_no_T2,3,anatomy,c0_private,1,1,0.001500000013038516,2.1664326190948486,0.16902899742126465,False,0.0,0.0,covered_by_loss_backward_sanity
m6_full_srr_context_arbitration,synthetic_no_t2,LGE+C0_no_T2,3,anatomy,c0_private,1,1,0.001500000013038516,2.1664326190948486,0.16902899742126465,False,0.0,0.0,covered_by_loss_backward_sanity
m6_full_srr_context_arbitration,synthetic_no_t2,LGE+C0_no_T2,3,anatomy,c0_private,1,1,0.001500000013038516,2.1664326190948486,0.16902899742126465,False,0.0,0.0,covered_by_loss_backward_sanity
m6_full_srr_context_arbitration,synthetic_no_t2,LGE+C0_no_T2,3,anatomy,interaction_lge_t2,1,0,0.0,2.1664326190948486,0.16902899742126465,False,0.0,0.0,covered_by_loss_backward_sanity
m6_full_srr_context_arbitration,synthetic_no_t2,LGE+C0_no_T2,3,anatomy,interaction_lge_t2,1,0,0.0,2.1664326190948486,0.16902899742126465,False,0.0,0.0,covered_by_loss_backward_sanity
m6_full_srr_context_arbitration,synthetic_no_t2,LGE+C0_no_T2,3,anatomy,interaction_lge_t2,1,0,0.0,2.1664326190948486,0.16902899742126465,False,0.0,0.0,covered_by_loss_backward_sanity
m6_full_srr_context_arbitration,synthetic_no_t2,LGE+C0_no_T2,3,anatomy,interaction_lge_t2,1,0,0.0,2.1664326190948486,0.16902899742126465,False,0.0,0.0,covered_by_loss_backward_sanity
m6_full_srr_context_arbitration,synthetic_no_t2,LGE+C0_no_T2,3,anatomy,interaction_lge_c0,1,1,0.001500000013038516,2.1664326190948486,0.16902899742126465,False,0.0,0.0,covered_by_loss_backward_sanity
m6_full_srr_context_arbitration,synthetic_no_t2,LGE+C0_no_T2,3,anatomy,interaction_lge_c0,1,1,0.001500000013038516,2.1664326190948486,0.16902899742126465,False,0.0,0.0,covered_by_loss_backward_sanity
m6_full_srr_context_arbitration,synthetic_no_t2,LGE+C0_no_T2,3,anatomy,interaction_lge_c0,1,1,0.001500000013038516,2.1664326190948486,0.16902899742126465,False,0.0,0.0,covered_by_loss_backward_sanity
m6_full_srr_context_arbitration,synthetic_no_t2,LGE+C0_no_T2,3,anatomy,interaction_lge_c0,1,1,0.001500000013038516,2.1664326190948486,0.16902899742126465,False,0.0,0.0,covered_by_loss_backward_sanity
m6_full_srr_context_arbitration,synthetic_no_t2,LGE+C0_no_T2,3,anatomy,interaction_t2_c0,1,0,0.0,2.1664326190948486,0.16902899742126465,False,0.0,0.0,covered_by_loss_backward_sanity
m6_full_srr_context_arbitration,synthetic_no_t2,LGE+C0_no_T2,3,anatomy,interaction_t2_c0,1,0,0.0,2.1664326190948486,0.16902899742126465,False,0.0,0.0,covered_by_loss_backward_sanity
m6_full_srr_context_arbitration,synthetic_no_t2,LGE+C0_no_T2,3,anatomy,interaction_t2_c0,1,0,0.0,2.1664326190948486,0.16902899742126465,False,0.0,0.0,covered_by_loss_backward_sanity
m6_full_srr_context_arbitration,synthetic_no_t2,LGE+C0_no_T2,3,anatomy,interaction_t2_c0,1,0,0.0,2.1664326190948486,0.16902899742126465,False,0.0,0.0,covered_by_loss_backward_sanity
m6_full_srr_context_arbitration,synthetic_no_t2,LGE+C0_no_T2,3,scar,shared,1,1,0.0014999997802078724,2.1421566009521484,0.1701303869485855,False,0.0,0.0,covered_by_loss_backward_sanity
m6_full_srr_context_arbitration,synthetic_no_t2,LGE+C0_no_T2,3,scar,shared,1,1,0.0014999997802078724,2.1421566009521484,0.1701303869485855,False,0.0,0.0,covered_by_loss_backward_sanity
m6_full_srr_context_arbitration,synthetic_no_t2,LGE+C0_no_T2,3,scar,shared,1,1,0.0014999997802078724,2.1421566009521484,0.1701303869485855,False,0.0,0.0,covered_by_loss_backward_sanity
m6_full_srr_context_arbitration,synthetic_no_t2,LGE+C0_no_T2,3,scar,shared,1,1,0.0014999997802078724,2.1421566009521484,0.1701303869485855,False,0.0,0.0,covered_by_loss_backward_sanity
m6_full_srr_context_arbitration,synthetic_no_t2,LGE+C0_no_T2,3,scar,shared,1,1,0.0014999997802078724,2.1421566009521484,0.1701303869485855,False,0.0,0.0,covered_by_loss_backward_sanity
m6_full_srr_context_arbitration,synthetic_no_t2,LGE+C0_no_T2,3,scar,shared,1,1,0.0014999997802078724,2.1421566009521484,0.1701303869485855,False,0.0,0.0,covered_by_loss_backward_sanity
m6_full_srr_context_arbitration,synthetic_no_t2,LGE+C0_no_T2,3,scar,shared,1,1,0.0014999997802078724,2.1421566009521484,0.1701303869485855,False,0.0,0.0,covered_by_loss_backward_sanity
m6_full_srr_context_arbitration,synthetic_no_t2,LGE+C0_no_T2,3,scar,shared,1,1,0.0014999997802078724,2.1421566009521484,0.1701303869485855,False,0.0,0.0,covered_by_loss_backward_sanity
m6_full_srr_context_arbitration,synthetic_no_t2,LGE+C0_no_T2,3,scar,lge_private,1,1,0.1532125324010849,2.1421566009521484,0.1701303869485855,False,0.0,0.0,covered_by_loss_backward_sanity
m6_full_srr_context_arbitration,synthetic_no_t2,LGE+C0_no_T2,3,scar,lge_private,1,1,0.12479975819587708,2.1421566009521484,0.1701303869485855,False,0.0,0.0,covered_by_loss_backward_sanity
m6_full_srr_context_arbitration,synthetic_no_t2,LGE+C0_no_T2,3,scar,lge_private,1,1,0.16003166139125824,2.1421566009521484,0.1701303869485855,False,0.0,0.0,covered_by_loss_backward_sanity
m6_full_srr_context_arbitration,synthetic_no_t2,LGE+C0_no_T2,3,scar,lge_private,1,1,0.1701303869485855,2.1421566009521484,0.1701303869485855,False,0.0,0.0,covered_by_loss_backward_sanity
m6_full_srr_context_arbitration,synthetic_no_t2,LGE+C0_no_T2,3,scar,t2_private,1,0,0.0,2.1421566009521484,0.1701303869485855,False,0.0,0.0,covered_by_loss_backward_sanity
m6_full_srr_context_arbitration,synthetic_no_t2,LGE+C0_no_T2,3,scar,t2_private,1,0,0.0,2.1421566009521484,0.1701303869485855,False,0.0,0.0,covered_by_loss_backward_sanity
m6_full_srr_context_arbitration,synthetic_no_t2,LGE+C0_no_T2,3,scar,t2_private,1,0,0.0,2.1421566009521484,0.1701303869485855,False,0.0,0.0,covered_by_loss_backward_sanity
m6_full_srr_context_arbitration,synthetic_no_t2,LGE+C0_no_T2,3,scar,t2_private,1,0,0.0,2.1421566009521484,0.1701303869485855,False,0.0,0.0,covered_by_loss_backward_sanity
m6_full_srr_context_arbitration,synthetic_no_t2,LGE+C0_no_T2,3,scar,c0_private,1,1,0.0014999997802078724,2.1421566009521484,0.1701303869485855,False,0.0,0.0,covered_by_loss_backward_sanity
m6_full_srr_context_arbitration,synthetic_no_t2,LGE+C0_no_T2,3,scar,c0_private,1,1,0.0014999997802078724,2.1421566009521484,0.1701303869485855,False,0.0,0.0,covered_by_loss_backward_sanity
m6_full_srr_context_arbitration,synthetic_no_t2,LGE+C0_no_T2,3,scar,c0_private,1,1,0.07904601097106934,2.1421566009521484,0.1701303869485855,False,0.0,0.0,covered_by_loss_backward_sanity
m6_full_srr_context_arbitration,synthetic_no_t2,LGE+C0_no_T2,3,scar,c0_private,1,1,0.0014999997802078724,2.1421566009521484,0.1701303869485855,False,0.0,0.0,covered_by_loss_backward_sanity
m6_full_srr_context_arbitration,synthetic_no_t2,LGE+C0_no_T2,3,scar,interaction_lge_t2,1,0,0.0,2.1421566009521484,0.1701303869485855,False,0.0,0.0,covered_by_loss_backward_sanity
m6_full_srr_context_arbitration,synthetic_no_t2,LGE+C0_no_T2,3,scar,interaction_lge_t2,1,0,0.0,2.1421566009521484,0.1701303869485855,False,0.0,0.0,covered_by_loss_backward_sanity
m6_full_srr_context_arbitration,synthetic_no_t2,LGE+C0_no_T2,3,scar,interaction_lge_t2,1,0,0.0,2.1421566009521484,0.1701303869485855,False,0.0,0.0,covered_by_loss_backward_sanity
m6_full_srr_context_arbitration,synthetic_no_t2,LGE+C0_no_T2,3,scar,interaction_lge_t2,1,0,0.0,2.1421566009521484,0.1701303869485855,False,0.0,0.0,covered_by_loss_backward_sanity
m6_full_srr_context_arbitration,synthetic_no_t2,LGE+C0_no_T2,3,scar,interaction_lge_c0,1,1,0.10866490751504898,2.1421566009521484,0.1701303869485855,False,0.0,0.0,covered_by_loss_backward_sanity
m6_full_srr_context_arbitration,synthetic_no_t2,LGE+C0_no_T2,3,scar,interaction_lge_c0,1,1,0.0014999997802078724,2.1421566009521484,0.1701303869485855,False,0.0,0.0,covered_by_loss_backward_sanity
m6_full_srr_context_arbitration,synthetic_no_t2,LGE+C0_no_T2,3,scar,interaction_lge_c0,1,1,0.09835066646337509,2.1421566009521484,0.1701303869485855,False,0.0,0.0,covered_by_loss_backward_sanity
m6_full_srr_context_arbitration,synthetic_no_t2,LGE+C0_no_T2,3,scar,interaction_lge_c0,1,1,0.08776405453681946,2.1421566009521484,0.1701303869485855,False,0.0,0.0,covered_by_loss_backward_sanity
m6_full_srr_context_arbitration,synthetic_no_t2,LGE+C0_no_T2,3,scar,interaction_t2_c0,1,0,0.0,2.1421566009521484,0.1701303869485855,False,0.0,0.0,covered_by_loss_backward_sanity
m6_full_srr_context_arbitration,synthetic_no_t2,LGE+C0_no_T2,3,scar,interaction_t2_c0,1,0,0.0,2.1421566009521484,0.1701303869485855,False,0.0,0.0,covered_by_loss_backward_sanity
m6_full_srr_context_arbitration,synthetic_no_t2,LGE+C0_no_T2,3,scar,interaction_t2_c0,1,0,0.0,2.1421566009521484,0.1701303869485855,False,0.0,0.0,covered_by_loss_backward_sanity
m6_full_srr_context_arbitration,synthetic_no_t2,LGE+C0_no_T2,3,scar,interaction_t2_c0,1,0,0.0,2.1421566009521484,0.1701303869485855,False,0.0,0.0,covered_by_loss_backward_sanity
m6_full_srr_context_arbitration,synthetic_no_t2,LGE+C0_no_T2,3,edema,shared,1,1,0.12221834808588028,2.175863027572632,0.1317274421453476,False,0.0,0.0,covered_by_loss_backward_sanity
m6_full_srr_context_arbitration,synthetic_no_t2,LGE+C0_no_T2,3,edema,shared,1,1,0.1317274421453476,2.175863027572632,0.1317274421453476,False,0.0,0.0,covered_by_loss_backward_sanity
m6_full_srr_context_arbitration,synthetic_no_t2,LGE+C0_no_T2,3,edema,shared,1,1,0.001500000013038516,2.175863027572632,0.1317274421453476,False,0.0,0.0,covered_by_loss_backward_sanity
m6_full_srr_context_arbitration,synthetic_no_t2,LGE+C0_no_T2,3,edema,shared,1,1,0.12894892692565918,2.175863027572632,0.1317274421453476,False,0.0,0.0,covered_by_loss_backward_sanity
m6_full_srr_context_arbitration,synthetic_no_t2,LGE+C0_no_T2,3,edema,shared,1,1,0.12082819640636444,2.175863027572632,0.1317274421453476,False,0.0,0.0,covered_by_loss_backward_sanity
m6_full_srr_context_arbitration,synthetic_no_t2,LGE+C0_no_T2,3,edema,shared,1,1,0.001500000013038516,2.175863027572632,0.1317274421453476,False,0.0,0.0,covered_by_loss_backward_sanity
m6_full_srr_context_arbitration,synthetic_no_t2,LGE+C0_no_T2,3,edema,shared,1,1,0.001500000013038516,2.175863027572632,0.1317274421453476,False,0.0,0.0,covered_by_loss_backward_sanity
m6_full_srr_context_arbitration,synthetic_no_t2,LGE+C0_no_T2,3,edema,shared,1,1,0.001500000013038516,2.175863027572632,0.1317274421453476,False,0.0,0.0,covered_by_loss_backward_sanity
m6_full_srr_context_arbitration,synthetic_no_t2,LGE+C0_no_T2,3,edema,lge_private,1,1,0.11307273805141449,2.175863027572632,0.1317274421453476,False,0.0,0.0,covered_by_loss_backward_sanity
m6_full_srr_context_arbitration,synthetic_no_t2,LGE+C0_no_T2,3,edema,lge_private,1,1,0.001500000013038516,2.175863027572632,0.1317274421453476,False,0.0,0.0,covered_by_loss_backward_sanity
m6_full_srr_context_arbitration,synthetic_no_t2,LGE+C0_no_T2,3,edema,lge_private,1,1,0.11717267334461212,2.175863027572632,0.1317274421453476,False,0.0,0.0,covered_by_loss_backward_sanity
m6_full_srr_context_arbitration,synthetic_no_t2,LGE+C0_no_T2,3,edema,lge_private,1,1,0.12343616038560867,2.175863027572632,0.1317274421453476,False,0.0,0.0,covered_by_loss_backward_sanity
m6_full_srr_context_arbitration,synthetic_no_t2,LGE+C0_no_T2,3,edema,t2_private,1,0,0.0,2.175863027572632,0.1317274421453476,False,0.0,0.0,covered_by_loss_backward_sanity
m6_full_srr_context_arbitration,synthetic_no_t2,LGE+C0_no_T2,3,edema,t2_private,1,0,0.0,2.175863027572632,0.1317274421453476,False,0.0,0.0,covered_by_loss_backward_sanity
m6_full_srr_context_arbitration,synthetic_no_t2,LGE+C0_no_T2,3,edema,t2_private,1,0,0.0,2.175863027572632,0.1317274421453476,False,0.0,0.0,covered_by_loss_backward_sanity
m6_full_srr_context_arbitration,synthetic_no_t2,LGE+C0_no_T2,3,edema,t2_private,1,0,0.0,2.175863027572632,0.1317274421453476,False,0.0,0.0,covered_by_loss_backward_sanity
m6_full_srr_context_arbitration,synthetic_no_t2,LGE+C0_no_T2,3,edema,c0_private,1,1,0.1245955228805542,2.175863027572632,0.1317274421453476,False,0.0,0.0,covered_by_loss_backward_sanity
m6_full_srr_context_arbitration,synthetic_no_t2,LGE+C0_no_T2,3,edema,c0_private,1,1,0.001500000013038516,2.175863027572632,0.1317274421453476,False,0.0,0.0,covered_by_loss_backward_sanity
m6_full_srr_context_arbitration,synthetic_no_t2,LGE+C0_no_T2,3,edema,c0_private,1,1,0.001500000013038516,2.175863027572632,0.1317274421453476,False,0.0,0.0,covered_by_loss_backward_sanity
m6_full_srr_context_arbitration,synthetic_no_t2,LGE+C0_no_T2,3,edema,c0_private,1,1,0.001500000013038516,2.175863027572632,0.1317274421453476,False,0.0,0.0,covered_by_loss_backward_sanity
m6_full_srr_context_arbitration,synthetic_no_t2,LGE+C0_no_T2,3,edema,interaction_lge_t2,1,0,0.0,2.175863027572632,0.1317274421453476,False,0.0,0.0,covered_by_loss_backward_sanity
m6_full_srr_context_arbitration,synthetic_no_t2,LGE+C0_no_T2,3,edema,interaction_lge_t2,1,0,0.0,2.175863027572632,0.1317274421453476,False,0.0,0.0,covered_by_loss_backward_sanity
m6_full_srr_context_arbitration,synthetic_no_t2,LGE+C0_no_T2,3,edema,interaction_lge_t2,1,0,0.0,2.175863027572632,0.1317274421453476,False,0.0,0.0,covered_by_loss_backward_sanity
m6_full_srr_context_arbitration,synthetic_no_t2,LGE+C0_no_T2,3,edema,interaction_lge_t2,1,0,0.0,2.175863027572632,0.1317274421453476,False,0.0,0.0,covered_by_loss_backward_sanity
m6_full_srr_context_arbitration,synthetic_no_t2,LGE+C0_no_T2,3,edema,interaction_lge_c0,1,1,0.001500000013038516,2.175863027572632,0.1317274421453476,False,0.0,0.0,covered_by_loss_backward_sanity
m6_full_srr_context_arbitration,synthetic_no_t2,LGE+C0_no_T2,3,edema,interaction_lge_c0,1,1,0.001500000013038516,2.175863027572632,0.1317274421453476,False,0.0,0.0,covered_by_loss_backward_sanity
m6_full_srr_context_arbitration,synthetic_no_t2,LGE+C0_no_T2,3,edema,interaction_lge_c0,1,1,0.001500000013038516,2.175863027572632,0.1317274421453476,False,0.0,0.0,covered_by_loss_backward_sanity
m6_full_srr_context_arbitration,synthetic_no_t2,LGE+C0_no_T2,3,edema,interaction_lge_c0,1,1,0.001500000013038516,2.175863027572632,0.1317274421453476,False,0.0,0.0,covered_by_loss_backward_sanity
m6_full_srr_context_arbitration,synthetic_no_t2,LGE+C0_no_T2,3,edema,interaction_t2_c0,1,0,0.0,2.175863027572632,0.1317274421453476,False,0.0,0.0,covered_by_loss_backward_sanity
m6_full_srr_context_arbitration,synthetic_no_t2,LGE+C0_no_T2,3,edema,interaction_t2_c0,1,0,0.0,2.175863027572632,0.1317274421453476,False,0.0,0.0,covered_by_loss_backward_sanity
m6_full_srr_context_arbitration,synthetic_no_t2,LGE+C0_no_T2,3,edema,interaction_t2_c0,1,0,0.0,2.175863027572632,0.1317274421453476,False,0.0,0.0,covered_by_loss_backward_sanity
m6_full_srr_context_arbitration,synthetic_no_t2,LGE+C0_no_T2,3,edema,interaction_t2_c0,1,0,0.0,2.175863027572632,0.1317274421453476,False,0.0,0.0,covered_by_loss_backward_sanity
m6_conservative_component_arbitration,synthetic_anchor_derived_t2_present,LGE+T2+C0,0,anatomy,shared,1,1,0.19793245196342468,1.7259284257888794,0.2331787347793579,False,0.0,0.0,covered_by_loss_backward_sanity
m6_conservative_component_arbitration,synthetic_anchor_derived_t2_present,LGE+T2+C0,0,anatomy,shared,1,1,0.0016666665906086564,1.7259284257888794,0.2331787347793579,False,0.0,0.0,covered_by_loss_backward_sanity
m6_conservative_component_arbitration,synthetic_anchor_derived_t2_present,LGE+T2+C0,0,anatomy,shared,1,1,0.0016666665906086564,1.7259284257888794,0.2331787347793579,False,0.0,0.0,covered_by_loss_backward_sanity
m6_conservative_component_arbitration,synthetic_anchor_derived_t2_present,LGE+T2+C0,0,anatomy,shared,1,1,0.0016666665906086564,1.7259284257888794,0.2331787347793579,False,0.0,0.0,covered_by_loss_backward_sanity
m6_conservative_component_arbitration,synthetic_anchor_derived_t2_present,LGE+T2+C0,0,anatomy,shared,1,1,0.2331787347793579,1.7259284257888794,0.2331787347793579,False,0.0,0.0,covered_by_loss_backward_sanity
m6_conservative_component_arbitration,synthetic_anchor_derived_t2_present,LGE+T2+C0,0,anatomy,shared,1,1,0.17803272604942322,1.7259284257888794,0.2331787347793579,False,0.0,0.0,covered_by_loss_backward_sanity
m6_conservative_component_arbitration,synthetic_anchor_derived_t2_present,LGE+T2+C0,0,anatomy,lge_private,1,1,0.0016666665906086564,1.7259284257888794,0.2331787347793579,False,0.0,0.0,covered_by_loss_backward_sanity
m6_conservative_component_arbitration,synthetic_anchor_derived_t2_present,LGE+T2+C0,0,anatomy,lge_private,1,1,0.15811586380004883,1.7259284257888794,0.2331787347793579,False,0.0,0.0,covered_by_loss_backward_sanity
m6_conservative_component_arbitration,synthetic_anchor_derived_t2_present,LGE+T2+C0,0,anatomy,lge_private,1,1,0.0016666665906086564,1.7259284257888794,0.2331787347793579,False,0.0,0.0,covered_by_loss_backward_sanity
m6_conservative_component_arbitration,synthetic_anchor_derived_t2_present,LGE+T2+C0,0,anatomy,lge_private,1,1,0.0016666665906086564,1.7259284257888794,0.2331787347793579,False,0.0,0.0,covered_by_loss_backward_sanity
m6_conservative_component_arbitration,synthetic_anchor_derived_t2_present,LGE+T2+C0,0,anatomy,t2_private,1,1,0.0016666665906086564,1.7259284257888794,0.2331787347793579,False,0.0,0.0,covered_by_loss_backward_sanity
m6_conservative_component_arbitration,synthetic_anchor_derived_t2_present,LGE+T2+C0,0,anatomy,t2_private,1,1,0.0016666665906086564,1.7259284257888794,0.2331787347793579,False,0.0,0.0,covered_by_loss_backward_sanity
m6_conservative_component_arbitration,synthetic_anchor_derived_t2_present,LGE+T2+C0,0,anatomy,t2_private,1,1,0.0016666665906086564,1.7259284257888794,0.2331787347793579,False,0.0,0.0,covered_by_loss_backward_sanity
m6_conservative_component_arbitration,synthetic_anchor_derived_t2_present,LGE+T2+C0,0,anatomy,t2_private,1,1,0.21107353270053864,1.7259284257888794,0.2331787347793579,False,0.0,0.0,covered_by_loss_backward_sanity
m6_conservative_component_arbitration,synthetic_anchor_derived_t2_present,LGE+T2+C0,0,anatomy,c0_private,1,1,0.0016666665906086564,1.7259284257888794,0.2331787347793579,False,0.0,0.0,covered_by_loss_backward_sanity
m6_conservative_component_arbitration,synthetic_anchor_derived_t2_present,LGE+T2+C0,0,anatomy,c0_private,1,1,0.0016666665906086564,1.7259284257888794,0.2331787347793579,False,0.0,0.0,covered_by_loss_backward_sanity
m6_conservative_component_arbitration,synthetic_anchor_derived_t2_present,LGE+T2+C0,0,anatomy,interaction_lge_t2,1,1,0.0016666665906086564,1.7259284257888794,0.2331787347793579,False,0.0,0.0,covered_by_loss_backward_sanity
m6_conservative_component_arbitration,synthetic_anchor_derived_t2_present,LGE+T2+C0,0,anatomy,interaction_lge_t2,1,1,0.0016666665906086564,1.7259284257888794,0.2331787347793579,False,0.0,0.0,covered_by_loss_backward_sanity
m6_conservative_component_arbitration,synthetic_anchor_derived_t2_present,LGE+T2+C0,0,scar,shared,1,1,0.0016666665906086564,1.720304012298584,0.23677165806293488,False,0.0,0.0,covered_by_loss_backward_sanity
m6_conservative_component_arbitration,synthetic_anchor_derived_t2_present,LGE+T2+C0,0,scar,shared,1,1,0.0016666665906086564,1.720304012298584,0.23677165806293488,False,0.0,0.0,covered_by_loss_backward_sanity
m6_conservative_component_arbitration,synthetic_anchor_derived_t2_present,LGE+T2+C0,0,scar,shared,1,1,0.0016666665906086564,1.720304012298584,0.23677165806293488,False,0.0,0.0,covered_by_loss_backward_sanity
m6_conservative_component_arbitration,synthetic_anchor_derived_t2_present,LGE+T2+C0,0,scar,shared,1,1,0.0016666665906086564,1.720304012298584,0.23677165806293488,False,0.0,0.0,covered_by_loss_backward_sanity
m6_conservative_component_arbitration,synthetic_anchor_derived_t2_present,LGE+T2+C0,0,scar,shared,1,1,0.0016666665906086564,1.720304012298584,0.23677165806293488,False,0.0,0.0,covered_by_loss_backward_sanity
m6_conservative_component_arbitration,synthetic_anchor_derived_t2_present,LGE+T2+C0,0,scar,shared,1,1,0.0016666665906086564,1.720304012298584,0.23677165806293488,False,0.0,0.0,covered_by_loss_backward_sanity
m6_conservative_component_arbitration,synthetic_anchor_derived_t2_present,LGE+T2+C0,0,scar,lge_private,1,1,0.21831254661083221,1.720304012298584,0.23677165806293488,False,0.0,0.0,covered_by_loss_backward_sanity
m6_conservative_component_arbitration,synthetic_anchor_derived_t2_present,LGE+T2+C0,0,scar,lge_private,1,1,0.20487818121910095,1.720304012298584,0.23677165806293488,False,0.0,0.0,covered_by_loss_backward_sanity
m6_conservative_component_arbitration,synthetic_anchor_derived_t2_present,LGE+T2+C0,0,scar,lge_private,1,1,0.1746487319469452,1.720304012298584,0.23677165806293488,False,0.0,0.0,covered_by_loss_backward_sanity
m6_conservative_component_arbitration,synthetic_anchor_derived_t2_present,LGE+T2+C0,0,scar,lge_private,1,1,0.23677165806293488,1.720304012298584,0.23677165806293488,False,0.0,0.0,covered_by_loss_backward_sanity
m6_conservative_component_arbitration,synthetic_anchor_derived_t2_present,LGE+T2+C0,0,scar,t2_private,1,1,0.0016666665906086564,1.720304012298584,0.23677165806293488,False,0.0,0.0,covered_by_loss_backward_sanity
m6_conservative_component_arbitration,synthetic_anchor_derived_t2_present,LGE+T2+C0,0,scar,t2_private,1,1,0.0016666665906086564,1.720304012298584,0.23677165806293488,False,0.0,0.0,covered_by_loss_backward_sanity
m6_conservative_component_arbitration,synthetic_anchor_derived_t2_present,LGE+T2+C0,0,scar,t2_private,1,1,0.0016666665906086564,1.720304012298584,0.23677165806293488,False,0.0,0.0,covered_by_loss_backward_sanity
m6_conservative_component_arbitration,synthetic_anchor_derived_t2_present,LGE+T2+C0,0,scar,t2_private,1,1,0.0016666665906086564,1.720304012298584,0.23677165806293488,False,0.0,0.0,covered_by_loss_backward_sanity
m6_conservative_component_arbitration,synthetic_anchor_derived_t2_present,LGE+T2+C0,0,scar,c0_private,1,1,0.0016666665906086564,1.720304012298584,0.23677165806293488,False,0.0,0.0,covered_by_loss_backward_sanity
m6_conservative_component_arbitration,synthetic_anchor_derived_t2_present,LGE+T2+C0,0,scar,c0_private,1,1,0.0016666665906086564,1.720304012298584,0.23677165806293488,False,0.0,0.0,covered_by_loss_backward_sanity
m6_conservative_component_arbitration,synthetic_anchor_derived_t2_present,LGE+T2+C0,0,scar,interaction_lge_t2,1,1,0.0016666665906086564,1.720304012298584,0.23677165806293488,False,0.0,0.0,covered_by_loss_backward_sanity
m6_conservative_component_arbitration,synthetic_anchor_derived_t2_present,LGE+T2+C0,0,scar,interaction_lge_t2,1,1,0.14372225105762482,1.720304012298584,0.23677165806293488,False,0.0,0.0,covered_by_loss_backward_sanity
m6_conservative_component_arbitration,synthetic_anchor_derived_t2_present,LGE+T2+C0,0,edema,shared,1,1,0.0016666665906086564,1.723020315170288,0.2404124140739441,False,0.0,0.0,covered_by_loss_backward_sanity
m6_conservative_component_arbitration,synthetic_anchor_derived_t2_present,LGE+T2+C0,0,edema,shared,1,1,0.0016666665906086564,1.723020315170288,0.2404124140739441,False,0.0,0.0,covered_by_loss_backward_sanity
m6_conservative_component_arbitration,synthetic_anchor_derived_t2_present,LGE+T2+C0,0,edema,shared,1,1,0.0016666665906086564,1.723020315170288,0.2404124140739441,False,0.0,0.0,covered_by_loss_backward_sanity
m6_conservative_component_arbitration,synthetic_anchor_derived_t2_present,LGE+T2+C0,0,edema,shared,1,1,0.0016666665906086564,1.723020315170288,0.2404124140739441,False,0.0,0.0,covered_by_loss_backward_sanity
m6_conservative_component_arbitration,synthetic_anchor_derived_t2_present,LGE+T2+C0,0,edema,shared,1,1,0.0016666665906086564,1.723020315170288,0.2404124140739441,False,0.0,0.0,covered_by_loss_backward_sanity
m6_conservative_component_arbitration,synthetic_anchor_derived_t2_present,LGE+T2+C0,0,edema,shared,1,1,0.0016666665906086564,1.723020315170288,0.2404124140739441,False,0.0,0.0,covered_by_loss_backward_sanity
m6_conservative_component_arbitration,synthetic_anchor_derived_t2_present,LGE+T2+C0,0,edema,lge_private,1,1,0.0016666665906086564,1.723020315170288,0.2404124140739441,False,0.0,0.0,covered_by_loss_backward_sanity
m6_conservative_component_arbitration,synthetic_anchor_derived_t2_present,LGE+T2+C0,0,edema,lge_private,1,1,0.0016666665906086564,1.723020315170288,0.2404124140739441,False,0.0,0.0,covered_by_loss_backward_sanity
m6_conservative_component_arbitration,synthetic_anchor_derived_t2_present,LGE+T2+C0,0,edema,lge_private,1,1,0.0016666665906086564,1.723020315170288,0.2404124140739441,False,0.0,0.0,covered_by_loss_backward_sanity
m6_conservative_component_arbitration,synthetic_anchor_derived_t2_present,LGE+T2+C0,0,edema,lge_private,1,1,0.0016666665906086564,1.723020315170288,0.2404124140739441,False,0.0,0.0,covered_by_loss_backward_sanity
m6_conservative_component_arbitration,synthetic_anchor_derived_t2_present,LGE+T2+C0,0,edema,t2_private,1,1,0.2404124140739441,1.723020315170288,0.2404124140739441,False,0.0,0.0,covered_by_loss_backward_sanity
m6_conservative_component_arbitration,synthetic_anchor_derived_t2_present,LGE+T2+C0,0,edema,t2_private,1,1,0.17690855264663696,1.723020315170288,0.2404124140739441,False,0.0,0.0,covered_by_loss_backward_sanity
m6_conservative_component_arbitration,synthetic_anchor_derived_t2_present,LGE+T2+C0,0,edema,t2_private,1,1,0.22115200757980347,1.723020315170288,0.2404124140739441,False,0.0,0.0,covered_by_loss_backward_sanity
m6_conservative_component_arbitration,synthetic_anchor_derived_t2_present,LGE+T2+C0,0,edema,t2_private,1,1,0.18118181824684143,1.723020315170288,0.2404124140739441,False,0.0,0.0,covered_by_loss_backward_sanity
m6_conservative_component_arbitration,synthetic_anchor_derived_t2_present,LGE+T2+C0,0,edema,c0_private,1,1,0.0016666665906086564,1.723020315170288,0.2404124140739441,False,0.0,0.0,covered_by_loss_backward_sanity
m6_conservative_component_arbitration,synthetic_anchor_derived_t2_present,LGE+T2+C0,0,edema,c0_private,1,1,0.0016666665906086564,1.723020315170288,0.2404124140739441,False,0.0,0.0,covered_by_loss_backward_sanity
m6_conservative_component_arbitration,synthetic_anchor_derived_t2_present,LGE+T2+C0,0,edema,interaction_lge_t2,1,1,0.1586785614490509,1.723020315170288,0.2404124140739441,False,0.0,0.0,covered_by_loss_backward_sanity
m6_conservative_component_arbitration,synthetic_anchor_derived_t2_present,LGE+T2+C0,0,edema,interaction_lge_t2,1,1,0.0016666665906086564,1.723020315170288,0.2404124140739441,False,0.0,0.0,covered_by_loss_backward_sanity
m6_conservative_component_arbitration,synthetic_anchor_derived_t2_present,LGE+T2+C0,1,anatomy,shared,1,1,0.2027682363986969,1.7340301275253296,0.20389048755168915,False,0.0,0.0,covered_by_loss_backward_sanity
m6_conservative_component_arbitration,synthetic_anchor_derived_t2_present,LGE+T2+C0,1,anatomy,shared,1,1,0.19437578320503235,1.7340301275253296,0.20389048755168915,False,0.0,0.0,covered_by_loss_backward_sanity
m6_conservative_component_arbitration,synthetic_anchor_derived_t2_present,LGE+T2+C0,1,anatomy,shared,1,1,0.0016666665906086564,1.7340301275253296,0.20389048755168915,False,0.0,0.0,covered_by_loss_backward_sanity
m6_conservative_component_arbitration,synthetic_anchor_derived_t2_present,LGE+T2+C0,1,anatomy,shared,1,1,0.18726958334445953,1.7340301275253296,0.20389048755168915,False,0.0,0.0,covered_by_loss_backward_sanity
m6_conservative_component_arbitration,synthetic_anchor_derived_t2_present,LGE+T2+C0,1,anatomy,shared,1,1,0.20389048755168915,1.7340301275253296,0.20389048755168915,False,0.0,0.0,covered_by_loss_backward_sanity
m6_conservative_component_arbitration,synthetic_anchor_derived_t2_present,LGE+T2+C0,1,anatomy,shared,1,1,0.0016666665906086564,1.7340301275253296,0.20389048755168915,False,0.0,0.0,covered_by_loss_backward_sanity
m6_conservative_component_arbitration,synthetic_anchor_derived_t2_present,LGE+T2+C0,1,anatomy,lge_private,1,1,0.0016666665906086564,1.7340301275253296,0.20389048755168915,False,0.0,0.0,covered_by_loss_backward_sanity
m6_conservative_component_arbitration,synthetic_anchor_derived_t2_present,LGE+T2+C0,1,anatomy,lge_private,1,1,0.0016666665906086564,1.7340301275253296,0.20389048755168915,False,0.0,0.0,covered_by_loss_backward_sanity
m6_conservative_component_arbitration,synthetic_anchor_derived_t2_present,LGE+T2+C0,1,anatomy,lge_private,1,1,0.0016666665906086564,1.7340301275253296,0.20389048755168915,False,0.0,0.0,covered_by_loss_backward_sanity
m6_conservative_component_arbitration,synthetic_anchor_derived_t2_present,LGE+T2+C0,1,anatomy,lge_private,1,1,0.0016666665906086564,1.7340301275253296,0.20389048755168915,False,0.0,0.0,covered_by_loss_backward_sanity
m6_conservative_component_arbitration,synthetic_anchor_derived_t2_present,LGE+T2+C0,1,anatomy,t2_private,1,1,0.0016666665906086564,1.7340301275253296,0.20389048755168915,False,0.0,0.0,covered_by_loss_backward_sanity
m6_conservative_component_arbitration,synthetic_anchor_derived_t2_present,LGE+T2+C0,1,anatomy,t2_private,1,1,0.0016666665906086564,1.7340301275253296,0.20389048755168915,False,0.0,0.0,covered_by_loss_backward_sanity
m6_conservative_component_arbitration,synthetic_anchor_derived_t2_present,LGE+T2+C0,1,anatomy,t2_private,1,1,0.0016666665906086564,1.7340301275253296,0.20389048755168915,False,0.0,0.0,covered_by_loss_backward_sanity
m6_conservative_component_arbitration,synthetic_anchor_derived_t2_present,LGE+T2+C0,1,anatomy,t2_private,1,1,0.0016666665906086564,1.7340301275253296,0.20389048755168915,False,0.0,0.0,covered_by_loss_backward_sanity
m6_conservative_component_arbitration,synthetic_anchor_derived_t2_present,LGE+T2+C0,1,anatomy,c0_private,1,1,0.0016666665906086564,1.7340301275253296,0.20389048755168915,False,0.0,0.0,covered_by_loss_backward_sanity
m6_conservative_component_arbitration,synthetic_anchor_derived_t2_present,LGE+T2+C0,1,anatomy,c0_private,1,1,0.0016666665906086564,1.7340301275253296,0.20389048755168915,False,0.0,0.0,covered_by_loss_backward_sanity
m6_conservative_component_arbitration,synthetic_anchor_derived_t2_present,LGE+T2+C0,1,anatomy,interaction_lge_t2,1,1,0.0016666665906086564,1.7340301275253296,0.20389048755168915,False,0.0,0.0,covered_by_loss_backward_sanity
m6_conservative_component_arbitration,synthetic_anchor_derived_t2_present,LGE+T2+C0,1,anatomy,interaction_lge_t2,1,1,0.19002926349639893,1.7340301275253296,0.20389048755168915,False,0.0,0.0,covered_by_loss_backward_sanity
m6_conservative_component_arbitration,synthetic_anchor_derived_t2_present,LGE+T2+C0,1,scar,shared,1,1,0.0016666665906086564,1.7169039249420166,0.23268607258796692,False,0.0,0.0,covered_by_loss_backward_sanity
m6_conservative_component_arbitration,synthetic_anchor_derived_t2_present,LGE+T2+C0,1,scar,shared,1,1,0.0016666665906086564,1.7169039249420166,0.23268607258796692,False,0.0,0.0,covered_by_loss_backward_sanity
m6_conservative_component_arbitration,synthetic_anchor_derived_t2_present,LGE+T2+C0,1,scar,shared,1,1,0.0016666665906086564,1.7169039249420166,0.23268607258796692,False,0.0,0.0,covered_by_loss_backward_sanity
m6_conservative_component_arbitration,synthetic_anchor_derived_t2_present,LGE+T2+C0,1,scar,shared,1,1,0.0016666665906086564,1.7169039249420166,0.23268607258796692,False,0.0,0.0,covered_by_loss_backward_sanity
m6_conservative_component_arbitration,synthetic_anchor_derived_t2_present,LGE+T2+C0,1,scar,shared,1,1,0.0016666665906086564,1.7169039249420166,0.23268607258796692,False,0.0,0.0,covered_by_loss_backward_sanity
m6_conservative_component_arbitration,synthetic_anchor_derived_t2_present,LGE+T2+C0,1,scar,shared,1,1,0.0016666665906086564,1.7169039249420166,0.23268607258796692,False,0.0,0.0,covered_by_loss_backward_sanity
m6_conservative_component_arbitration,synthetic_anchor_derived_t2_present,LGE+T2+C0,1,scar,lge_private,1,1,0.2097039520740509,1.7169039249420166,0.23268607258796692,False,0.0,0.0,covered_by_loss_backward_sanity
m6_conservative_component_arbitration,synthetic_anchor_derived_t2_present,LGE+T2+C0,1,scar,lge_private,1,1,0.22411924600601196,1.7169039249420166,0.23268607258796692,False,0.0,0.0,covered_by_loss_backward_sanity
m6_conservative_component_arbitration,synthetic_anchor_derived_t2_present,LGE+T2+C0,1,scar,lge_private,1,1,0.17834411561489105,1.7169039249420166,0.23268607258796692,False,0.0,0.0,covered_by_loss_backward_sanity
m6_conservative_component_arbitration,synthetic_anchor_derived_t2_present,LGE+T2+C0,1,scar,lge_private,1,1,0.23268607258796692,1.7169039249420166,0.23268607258796692,False,0.0,0.0,covered_by_loss_backward_sanity
m6_conservative_component_arbitration,synthetic_anchor_derived_t2_present,LGE+T2+C0,1,scar,t2_private,1,1,0.0016666665906086564,1.7169039249420166,0.23268607258796692,False,0.0,0.0,covered_by_loss_backward_sanity
m6_conservative_component_arbitration,synthetic_anchor_derived_t2_present,LGE+T2+C0,1,scar,t2_private,1,1,0.0016666665906086564,1.7169039249420166,0.23268607258796692,False,0.0,0.0,covered_by_loss_backward_sanity
m6_conservative_component_arbitration,synthetic_anchor_derived_t2_present,LGE+T2+C0,1,scar,t2_private,1,1,0.0016666665906086564,1.7169039249420166,0.23268607258796692,False,0.0,0.0,covered_by_loss_backward_sanity
m6_conservative_component_arbitration,synthetic_anchor_derived_t2_present,LGE+T2+C0,1,scar,t2_private,1,1,0.0016666665906086564,1.7169039249420166,0.23268607258796692,False,0.0,0.0,covered_by_loss_backward_sanity
m6_conservative_component_arbitration,synthetic_anchor_derived_t2_present,LGE+T2+C0,1,scar,c0_private,1,1,0.0016666665906086564,1.7169039249420166,0.23268607258796692,False,0.0,0.0,covered_by_loss_backward_sanity
m6_conservative_component_arbitration,synthetic_anchor_derived_t2_present,LGE+T2+C0,1,scar,c0_private,1,1,0.1334800124168396,1.7169039249420166,0.23268607258796692,False,0.0,0.0,covered_by_loss_backward_sanity
m6_conservative_component_arbitration,synthetic_anchor_derived_t2_present,LGE+T2+C0,1,scar,interaction_lge_t2,1,1,0.0016666665906086564,1.7169039249420166,0.23268607258796692,False,0.0,0.0,covered_by_loss_backward_sanity
m6_conservative_component_arbitration,synthetic_anchor_derived_t2_present,LGE+T2+C0,1,scar,interaction_lge_t2,1,1,0.0016666665906086564,1.7169039249420166,0.23268607258796692,False,0.0,0.0,covered_by_loss_backward_sanity
m6_conservative_component_arbitration,synthetic_anchor_derived_t2_present,LGE+T2+C0,1,edema,shared,1,1,0.0016666665906086564,1.7225061655044556,0.24084092676639557,False,0.0,0.0,covered_by_loss_backward_sanity
m6_conservative_component_arbitration,synthetic_anchor_derived_t2_present,LGE+T2+C0,1,edema,shared,1,1,0.0016666665906086564,1.7225061655044556,0.24084092676639557,False,0.0,0.0,covered_by_loss_backward_sanity
m6_conservative_component_arbitration,synthetic_anchor_derived_t2_present,LGE+T2+C0,1,edema,shared,1,1,0.0016666665906086564,1.7225061655044556,0.24084092676639557,False,0.0,0.0,covered_by_loss_backward_sanity
m6_conservative_component_arbitration,synthetic_anchor_derived_t2_present,LGE+T2+C0,1,edema,shared,1,1,0.0016666665906086564,1.7225061655044556,0.24084092676639557,False,0.0,0.0,covered_by_loss_backward_sanity
m6_conservative_component_arbitration,synthetic_anchor_derived_t2_present,LGE+T2+C0,1,edema,shared,1,1,0.0016666665906086564,1.7225061655044556,0.24084092676639557,False,0.0,0.0,covered_by_loss_backward_sanity
m6_conservative_component_arbitration,synthetic_anchor_derived_t2_present,LGE+T2+C0,1,edema,shared,1,1,0.0016666665906086564,1.7225061655044556,0.24084092676639557,False,0.0,0.0,covered_by_loss_backward_sanity
m6_conservative_component_arbitration,synthetic_anchor_derived_t2_present,LGE+T2+C0,1,edema,lge_private,1,1,0.0016666665906086564,1.7225061655044556,0.24084092676639557,False,0.0,0.0,covered_by_loss_backward_sanity
m6_conservative_component_arbitration,synthetic_anchor_derived_t2_present,LGE+T2+C0,1,edema,lge_private,1,1,0.0016666665906086564,1.7225061655044556,0.24084092676639557,False,0.0,0.0,covered_by_loss_backward_sanity
m6_conservative_component_arbitration,synthetic_anchor_derived_t2_present,LGE+T2+C0,1,edema,lge_private,1,1,0.0016666665906086564,1.7225061655044556,0.24084092676639557,False,0.0,0.0,covered_by_loss_backward_sanity
m6_conservative_component_arbitration,synthetic_anchor_derived_t2_present,LGE+T2+C0,1,edema,lge_private,1,1,0.0016666665906086564,1.7225061655044556,0.24084092676639557,False,0.0,0.0,covered_by_loss_backward_sanity
m6_conservative_component_arbitration,synthetic_anchor_derived_t2_present,LGE+T2+C0,1,edema,t2_private,1,1,0.1847083866596222,1.7225061655044556,0.24084092676639557,False,0.0,0.0,covered_by_loss_backward_sanity
m6_conservative_component_arbitration,synthetic_anchor_derived_t2_present,LGE+T2+C0,1,edema,t2_private,1,1,0.19010265171527863,1.7225061655044556,0.24084092676639557,False,0.0,0.0,covered_by_loss_backward_sanity
m6_conservative_component_arbitration,synthetic_anchor_derived_t2_present,LGE+T2+C0,1,edema,t2_private,1,1,0.21359778940677643,1.7225061655044556,0.24084092676639557,False,0.0,0.0,covered_by_loss_backward_sanity
m6_conservative_component_arbitration,synthetic_anchor_derived_t2_present,LGE+T2+C0,1,edema,t2_private,1,1,0.24084092676639557,1.7225061655044556,0.24084092676639557,False,0.0,0.0,covered_by_loss_backward_sanity
m6_conservative_component_arbitration,synthetic_anchor_derived_t2_present,LGE+T2+C0,1,edema,c0_private,1,1,0.0016666665906086564,1.7225061655044556,0.24084092676639557,False,0.0,0.0,covered_by_loss_backward_sanity
m6_conservative_component_arbitration,synthetic_anchor_derived_t2_present,LGE+T2+C0,1,edema,c0_private,1,1,0.0016666665906086564,1.7225061655044556,0.24084092676639557,False,0.0,0.0,covered_by_loss_backward_sanity
m6_conservative_component_arbitration,synthetic_anchor_derived_t2_present,LGE+T2+C0,1,edema,interaction_lge_t2,1,1,0.14908364415168762,1.7225061655044556,0.24084092676639557,False,0.0,0.0,covered_by_loss_backward_sanity
m6_conservative_component_arbitration,synthetic_anchor_derived_t2_present,LGE+T2+C0,1,edema,interaction_lge_t2,1,1,0.0016666665906086564,1.7225061655044556,0.24084092676639557,False,0.0,0.0,covered_by_loss_backward_sanity
m6_conservative_component_arbitration,synthetic_anchor_derived_t2_present,LGE+T2+C0,2,anatomy,shared,1,1,0.19424839317798615,1.73033607006073,0.23032908141613007,False,0.0,0.0,covered_by_loss_backward_sanity
m6_conservative_component_arbitration,synthetic_anchor_derived_t2_present,LGE+T2+C0,2,anatomy,shared,1,1,0.19216428697109222,1.73033607006073,0.23032908141613007,False,0.0,0.0,covered_by_loss_backward_sanity
m6_conservative_component_arbitration,synthetic_anchor_derived_t2_present,LGE+T2+C0,2,anatomy,shared,1,1,0.18618640303611755,1.73033607006073,0.23032908141613007,False,0.0,0.0,covered_by_loss_backward_sanity
m6_conservative_component_arbitration,synthetic_anchor_derived_t2_present,LGE+T2+C0,2,anatomy,shared,1,1,0.0016666667070239782,1.73033607006073,0.23032908141613007,False,0.0,0.0,covered_by_loss_backward_sanity
m6_conservative_component_arbitration,synthetic_anchor_derived_t2_present,LGE+T2+C0,2,anatomy,shared,1,1,0.0016666667070239782,1.73033607006073,0.23032908141613007,False,0.0,0.0,covered_by_loss_backward_sanity
m6_conservative_component_arbitration,synthetic_anchor_derived_t2_present,LGE+T2+C0,2,anatomy,shared,1,1,0.23032908141613007,1.73033607006073,0.23032908141613007,False,0.0,0.0,covered_by_loss_backward_sanity
m6_conservative_component_arbitration,synthetic_anchor_derived_t2_present,LGE+T2+C0,2,anatomy,lge_private,1,1,0.0016666667070239782,1.73033607006073,0.23032908141613007,False,0.0,0.0,covered_by_loss_backward_sanity
m6_conservative_component_arbitration,synthetic_anchor_derived_t2_present,LGE+T2+C0,2,anatomy,lge_private,1,1,0.0016666667070239782,1.73033607006073,0.23032908141613007,False,0.0,0.0,covered_by_loss_backward_sanity
m6_conservative_component_arbitration,synthetic_anchor_derived_t2_present,LGE+T2+C0,2,anatomy,lge_private,1,1,0.0016666667070239782,1.73033607006073,0.23032908141613007,False,0.0,0.0,covered_by_loss_backward_sanity
m6_conservative_component_arbitration,synthetic_anchor_derived_t2_present,LGE+T2+C0,2,anatomy,lge_private,1,1,0.0016666667070239782,1.73033607006073,0.23032908141613007,False,0.0,0.0,covered_by_loss_backward_sanity
m6_conservative_component_arbitration,synthetic_anchor_derived_t2_present,LGE+T2+C0,2,anatomy,t2_private,1,1,0.0016666667070239782,1.73033607006073,0.23032908141613007,False,0.0,0.0,covered_by_loss_backward_sanity
m6_conservative_component_arbitration,synthetic_anchor_derived_t2_present,LGE+T2+C0,2,anatomy,t2_private,1,1,0.0016666667070239782,1.73033607006073,0.23032908141613007,False,0.0,0.0,covered_by_loss_backward_sanity
m6_conservative_component_arbitration,synthetic_anchor_derived_t2_present,LGE+T2+C0,2,anatomy,t2_private,1,1,0.0016666667070239782,1.73033607006073,0.23032908141613007,False,0.0,0.0,covered_by_loss_backward_sanity
m6_conservative_component_arbitration,synthetic_anchor_derived_t2_present,LGE+T2+C0,2,anatomy,t2_private,1,1,0.0016666667070239782,1.73033607006073,0.23032908141613007,False,0.0,0.0,covered_by_loss_backward_sanity
m6_conservative_component_arbitration,synthetic_anchor_derived_t2_present,LGE+T2+C0,2,anatomy,c0_private,1,1,0.0016666667070239782,1.73033607006073,0.23032908141613007,False,0.0,0.0,covered_by_loss_backward_sanity
m6_conservative_component_arbitration,synthetic_anchor_derived_t2_present,LGE+T2+C0,2,anatomy,c0_private,1,1,0.17540521919727325,1.73033607006073,0.23032908141613007,False,0.0,0.0,covered_by_loss_backward_sanity
m6_conservative_component_arbitration,synthetic_anchor_derived_t2_present,LGE+T2+C0,2,anatomy,interaction_lge_t2,1,1,0.0016666667070239782,1.73033607006073,0.23032908141613007,False,0.0,0.0,covered_by_loss_backward_sanity
m6_conservative_component_arbitration,synthetic_anchor_derived_t2_present,LGE+T2+C0,2,anatomy,interaction_lge_t2,1,1,0.0016666667070239782,1.73033607006073,0.23032908141613007,False,0.0,0.0,covered_by_loss_backward_sanity
m6_conservative_component_arbitration,synthetic_anchor_derived_t2_present,LGE+T2+C0,2,scar,shared,1,1,0.0016666665906086564,1.71772038936615,0.2626263499259949,False,0.0,0.0,covered_by_loss_backward_sanity
m6_conservative_component_arbitration,synthetic_anchor_derived_t2_present,LGE+T2+C0,2,scar,shared,1,1,0.0016666665906086564,1.71772038936615,0.2626263499259949,False,0.0,0.0,covered_by_loss_backward_sanity
m6_conservative_component_arbitration,synthetic_anchor_derived_t2_present,LGE+T2+C0,2,scar,shared,1,1,0.0016666665906086564,1.71772038936615,0.2626263499259949,False,0.0,0.0,covered_by_loss_backward_sanity
m6_conservative_component_arbitration,synthetic_anchor_derived_t2_present,LGE+T2+C0,2,scar,shared,1,1,0.0016666665906086564,1.71772038936615,0.2626263499259949,False,0.0,0.0,covered_by_loss_backward_sanity
m6_conservative_component_arbitration,synthetic_anchor_derived_t2_present,LGE+T2+C0,2,scar,shared,1,1,0.0016666665906086564,1.71772038936615,0.2626263499259949,False,0.0,0.0,covered_by_loss_backward_sanity
m6_conservative_component_arbitration,synthetic_anchor_derived_t2_present,LGE+T2+C0,2,scar,shared,1,1,0.0016666665906086564,1.71772038936615,0.2626263499259949,False,0.0,0.0,covered_by_loss_backward_sanity
m6_conservative_component_arbitration,synthetic_anchor_derived_t2_present,LGE+T2+C0,2,scar,lge_private,1,1,0.18169862031936646,1.71772038936615,0.2626263499259949,False,0.0,0.0,covered_by_loss_backward_sanity
m6_conservative_component_arbitration,synthetic_anchor_derived_t2_present,LGE+T2+C0,2,scar,lge_private,1,1,0.1674022376537323,1.71772038936615,0.2626263499259949,False,0.0,0.0,covered_by_loss_backward_sanity
m6_conservative_component_arbitration,synthetic_anchor_derived_t2_present,LGE+T2+C0,2,scar,lge_private,1,1,0.20704485476016998,1.71772038936615,0.2626263499259949,False,0.0,0.0,covered_by_loss_backward_sanity
m6_conservative_component_arbitration,synthetic_anchor_derived_t2_present,LGE+T2+C0,2,scar,lge_private,1,1,0.2626263499259949,1.71772038936615,0.2626263499259949,False,0.0,0.0,covered_by_loss_backward_sanity
m6_conservative_component_arbitration,synthetic_anchor_derived_t2_present,LGE+T2+C0,2,scar,t2_private,1,1,0.0016666665906086564,1.71772038936615,0.2626263499259949,False,0.0,0.0,covered_by_loss_backward_sanity
m6_conservative_component_arbitration,synthetic_anchor_derived_t2_present,LGE+T2+C0,2,scar,t2_private,1,1,0.0016666665906086564,1.71772038936615,0.2626263499259949,False,0.0,0.0,covered_by_loss_backward_sanity
m6_conservative_component_arbitration,synthetic_anchor_derived_t2_present,LGE+T2+C0,2,scar,t2_private,1,1,0.0016666665906086564,1.71772038936615,0.2626263499259949,False,0.0,0.0,covered_by_loss_backward_sanity
m6_conservative_component_arbitration,synthetic_anchor_derived_t2_present,LGE+T2+C0,2,scar,t2_private,1,1,0.0016666665906086564,1.71772038936615,0.2626263499259949,False,0.0,0.0,covered_by_loss_backward_sanity
m6_conservative_component_arbitration,synthetic_anchor_derived_t2_present,LGE+T2+C0,2,scar,c0_private,1,1,0.0016666665906086564,1.71772038936615,0.2626263499259949,False,0.0,0.0,covered_by_loss_backward_sanity
m6_conservative_component_arbitration,synthetic_anchor_derived_t2_present,LGE+T2+C0,2,scar,c0_private,1,1,0.0016666665906086564,1.71772038936615,0.2626263499259949,False,0.0,0.0,covered_by_loss_backward_sanity
m6_conservative_component_arbitration,synthetic_anchor_derived_t2_present,LGE+T2+C0,2,scar,interaction_lge_t2,1,1,0.15956126153469086,1.71772038936615,0.2626263499259949,False,0.0,0.0,covered_by_loss_backward_sanity
m6_conservative_component_arbitration,synthetic_anchor_derived_t2_present,LGE+T2+C0,2,scar,interaction_lge_t2,1,1,0.0016666665906086564,1.71772038936615,0.2626263499259949,False,0.0,0.0,covered_by_loss_backward_sanity
m6_conservative_component_arbitration,synthetic_anchor_derived_t2_present,LGE+T2+C0,2,edema,shared,1,1,0.0016666667070239782,1.6921149492263794,0.28789228200912476,False,0.0,0.0,covered_by_loss_backward_sanity
m6_conservative_component_arbitration,synthetic_anchor_derived_t2_present,LGE+T2+C0,2,edema,shared,1,1,0.0016666667070239782,1.6921149492263794,0.28789228200912476,False,0.0,0.0,covered_by_loss_backward_sanity
m6_conservative_component_arbitration,synthetic_anchor_derived_t2_present,LGE+T2+C0,2,edema,shared,1,1,0.0016666667070239782,1.6921149492263794,0.28789228200912476,False,0.0,0.0,covered_by_loss_backward_sanity
m6_conservative_component_arbitration,synthetic_anchor_derived_t2_present,LGE+T2+C0,2,edema,shared,1,1,0.0016666667070239782,1.6921149492263794,0.28789228200912476,False,0.0,0.0,covered_by_loss_backward_sanity
m6_conservative_component_arbitration,synthetic_anchor_derived_t2_present,LGE+T2+C0,2,edema,shared,1,1,0.0016666667070239782,1.6921149492263794,0.28789228200912476,False,0.0,0.0,covered_by_loss_backward_sanity
m6_conservative_component_arbitration,synthetic_anchor_derived_t2_present,LGE+T2+C0,2,edema,shared,1,1,0.0016666667070239782,1.6921149492263794,0.28789228200912476,False,0.0,0.0,covered_by_loss_backward_sanity
m6_conservative_component_arbitration,synthetic_anchor_derived_t2_present,LGE+T2+C0,2,edema,lge_private,1,1,0.0016666667070239782,1.6921149492263794,0.28789228200912476,False,0.0,0.0,covered_by_loss_backward_sanity
m6_conservative_component_arbitration,synthetic_anchor_derived_t2_present,LGE+T2+C0,2,edema,lge_private,1,1,0.0016666667070239782,1.6921149492263794,0.28789228200912476,False,0.0,0.0,covered_by_loss_backward_sanity
m6_conservative_component_arbitration,synthetic_anchor_derived_t2_present,LGE+T2+C0,2,edema,lge_private,1,1,0.0016666667070239782,1.6921149492263794,0.28789228200912476,False,0.0,0.0,covered_by_loss_backward_sanity
m6_conservative_component_arbitration,synthetic_anchor_derived_t2_present,LGE+T2+C0,2,edema,lge_private,1,1,0.0016666667070239782,1.6921149492263794,0.28789228200912476,False,0.0,0.0,covered_by_loss_backward_sanity
m6_conservative_component_arbitration,synthetic_anchor_derived_t2_present,LGE+T2+C0,2,edema,t2_private,1,1,0.1862976998090744,1.6921149492263794,0.28789228200912476,False,0.0,0.0,covered_by_loss_backward_sanity
m6_conservative_component_arbitration,synthetic_anchor_derived_t2_present,LGE+T2+C0,2,edema,t2_private,1,1,0.19121314585208893,1.6921149492263794,0.28789228200912476,False,0.0,0.0,covered_by_loss_backward_sanity
m6_conservative_component_arbitration,synthetic_anchor_derived_t2_present,LGE+T2+C0,2,edema,t2_private,1,1,0.28789228200912476,1.6921149492263794,0.28789228200912476,False,0.0,0.0,covered_by_loss_backward_sanity
m6_conservative_component_arbitration,synthetic_anchor_derived_t2_present,LGE+T2+C0,2,edema,t2_private,1,1,0.20422539114952087,1.6921149492263794,0.28789228200912476,False,0.0,0.0,covered_by_loss_backward_sanity
m6_conservative_component_arbitration,synthetic_anchor_derived_t2_present,LGE+T2+C0,2,edema,c0_private,1,1,0.0016666667070239782,1.6921149492263794,0.28789228200912476,False,0.0,0.0,covered_by_loss_backward_sanity
m6_conservative_component_arbitration,synthetic_anchor_derived_t2_present,LGE+T2+C0,2,edema,c0_private,1,1,0.0016666667070239782,1.6921149492263794,0.28789228200912476,False,0.0,0.0,covered_by_loss_backward_sanity
m6_conservative_component_arbitration,synthetic_anchor_derived_t2_present,LGE+T2+C0,2,edema,interaction_lge_t2,1,1,0.0016666667070239782,1.6921149492263794,0.28789228200912476,False,0.0,0.0,covered_by_loss_backward_sanity
m6_conservative_component_arbitration,synthetic_anchor_derived_t2_present,LGE+T2+C0,2,edema,interaction_lge_t2,1,1,0.10870485752820969,1.6921149492263794,0.28789228200912476,False,0.0,0.0,covered_by_loss_backward_sanity
m6_conservative_component_arbitration,synthetic_anchor_derived_t2_present,LGE+T2+C0,3,anatomy,shared,1,1,0.18896374106407166,1.7328660488128662,0.21818974614143372,False,0.0,0.0,covered_by_loss_backward_sanity
m6_conservative_component_arbitration,synthetic_anchor_derived_t2_present,LGE+T2+C0,3,anatomy,shared,1,1,0.21818974614143372,1.7328660488128662,0.21818974614143372,False,0.0,0.0,covered_by_loss_backward_sanity
m6_conservative_component_arbitration,synthetic_anchor_derived_t2_present,LGE+T2+C0,3,anatomy,shared,1,1,0.19233128428459167,1.7328660488128662,0.21818974614143372,False,0.0,0.0,covered_by_loss_backward_sanity
m6_conservative_component_arbitration,synthetic_anchor_derived_t2_present,LGE+T2+C0,3,anatomy,shared,1,1,0.0016666665906086564,1.7328660488128662,0.21818974614143372,False,0.0,0.0,covered_by_loss_backward_sanity
m6_conservative_component_arbitration,synthetic_anchor_derived_t2_present,LGE+T2+C0,3,anatomy,shared,1,1,0.0016666665906086564,1.7328660488128662,0.21818974614143372,False,0.0,0.0,covered_by_loss_backward_sanity
m6_conservative_component_arbitration,synthetic_anchor_derived_t2_present,LGE+T2+C0,3,anatomy,shared,1,1,0.19449464976787567,1.7328660488128662,0.21818974614143372,False,0.0,0.0,covered_by_loss_backward_sanity
m6_conservative_component_arbitration,synthetic_anchor_derived_t2_present,LGE+T2+C0,3,anatomy,lge_private,1,1,0.0016666665906086564,1.7328660488128662,0.21818974614143372,False,0.0,0.0,covered_by_loss_backward_sanity
m6_conservative_component_arbitration,synthetic_anchor_derived_t2_present,LGE+T2+C0,3,anatomy,lge_private,1,1,0.0016666665906086564,1.7328660488128662,0.21818974614143372,False,0.0,0.0,covered_by_loss_backward_sanity
m6_conservative_component_arbitration,synthetic_anchor_derived_t2_present,LGE+T2+C0,3,anatomy,lge_private,1,1,0.0016666665906086564,1.7328660488128662,0.21818974614143372,False,0.0,0.0,covered_by_loss_backward_sanity
m6_conservative_component_arbitration,synthetic_anchor_derived_t2_present,LGE+T2+C0,3,anatomy,lge_private,1,1,0.0016666665906086564,1.7328660488128662,0.21818974614143372,False,0.0,0.0,covered_by_loss_backward_sanity
m6_conservative_component_arbitration,synthetic_anchor_derived_t2_present,LGE+T2+C0,3,anatomy,t2_private,1,1,0.0016666665906086564,1.7328660488128662,0.21818974614143372,False,0.0,0.0,covered_by_loss_backward_sanity
m6_conservative_component_arbitration,synthetic_anchor_derived_t2_present,LGE+T2+C0,3,anatomy,t2_private,1,1,0.0016666665906086564,1.7328660488128662,0.21818974614143372,False,0.0,0.0,covered_by_loss_backward_sanity
m6_conservative_component_arbitration,synthetic_anchor_derived_t2_present,LGE+T2+C0,3,anatomy,t2_private,1,1,0.0016666665906086564,1.7328660488128662,0.21818974614143372,False,0.0,0.0,covered_by_loss_backward_sanity
m6_conservative_component_arbitration,synthetic_anchor_derived_t2_present,LGE+T2+C0,3,anatomy,t2_private,1,1,0.0016666665906086564,1.7328660488128662,0.21818974614143372,False,0.0,0.0,covered_by_loss_backward_sanity
m6_conservative_component_arbitration,synthetic_anchor_derived_t2_present,LGE+T2+C0,3,anatomy,c0_private,1,1,0.18435391783714294,1.7328660488128662,0.21818974614143372,False,0.0,0.0,covered_by_loss_backward_sanity
m6_conservative_component_arbitration,synthetic_anchor_derived_t2_present,LGE+T2+C0,3,anatomy,c0_private,1,1,0.0016666665906086564,1.7328660488128662,0.21818974614143372,False,0.0,0.0,covered_by_loss_backward_sanity
m6_conservative_component_arbitration,synthetic_anchor_derived_t2_present,LGE+T2+C0,3,anatomy,interaction_lge_t2,1,1,0.0016666665906086564,1.7328660488128662,0.21818974614143372,False,0.0,0.0,covered_by_loss_backward_sanity
m6_conservative_component_arbitration,synthetic_anchor_derived_t2_present,LGE+T2+C0,3,anatomy,interaction_lge_t2,1,1,0.0016666665906086564,1.7328660488128662,0.21818974614143372,False,0.0,0.0,covered_by_loss_backward_sanity
m6_conservative_component_arbitration,synthetic_anchor_derived_t2_present,LGE+T2+C0,3,scar,shared,1,1,0.0016666665906086564,1.7280948162078857,0.21757414937019348,False,0.0,0.0,covered_by_loss_backward_sanity
m6_conservative_component_arbitration,synthetic_anchor_derived_t2_present,LGE+T2+C0,3,scar,shared,1,1,0.0016666665906086564,1.7280948162078857,0.21757414937019348,False,0.0,0.0,covered_by_loss_backward_sanity
m6_conservative_component_arbitration,synthetic_anchor_derived_t2_present,LGE+T2+C0,3,scar,shared,1,1,0.0016666665906086564,1.7280948162078857,0.21757414937019348,False,0.0,0.0,covered_by_loss_backward_sanity
m6_conservative_component_arbitration,synthetic_anchor_derived_t2_present,LGE+T2+C0,3,scar,shared,1,1,0.0016666665906086564,1.7280948162078857,0.21757414937019348,False,0.0,0.0,covered_by_loss_backward_sanity
m6_conservative_component_arbitration,synthetic_anchor_derived_t2_present,LGE+T2+C0,3,scar,shared,1,1,0.0016666665906086564,1.7280948162078857,0.21757414937019348,False,0.0,0.0,covered_by_loss_backward_sanity
m6_conservative_component_arbitration,synthetic_anchor_derived_t2_present,LGE+T2+C0,3,scar,shared,1,1,0.0016666665906086564,1.7280948162078857,0.21757414937019348,False,0.0,0.0,covered_by_loss_backward_sanity
m6_conservative_component_arbitration,synthetic_anchor_derived_t2_present,LGE+T2+C0,3,scar,lge_private,1,1,0.21757414937019348,1.7280948162078857,0.21757414937019348,False,0.0,0.0,covered_by_loss_backward_sanity
m6_conservative_component_arbitration,synthetic_anchor_derived_t2_present,LGE+T2+C0,3,scar,lge_private,1,1,0.20731297135353088,1.7280948162078857,0.21757414937019348,False,0.0,0.0,covered_by_loss_backward_sanity
m6_conservative_component_arbitration,synthetic_anchor_derived_t2_present,LGE+T2+C0,3,scar,lge_private,1,1,0.19248737394809723,1.7280948162078857,0.21757414937019348,False,0.0,0.0,covered_by_loss_backward_sanity
m6_conservative_component_arbitration,synthetic_anchor_derived_t2_present,LGE+T2+C0,3,scar,lge_private,1,1,0.20642435550689697,1.7280948162078857,0.21757414937019348,False,0.0,0.0,covered_by_loss_backward_sanity
m6_conservative_component_arbitration,synthetic_anchor_derived_t2_present,LGE+T2+C0,3,scar,t2_private,1,1,0.0016666665906086564,1.7280948162078857,0.21757414937019348,False,0.0,0.0,covered_by_loss_backward_sanity
m6_conservative_component_arbitration,synthetic_anchor_derived_t2_present,LGE+T2+C0,3,scar,t2_private,1,1,0.0016666665906086564,1.7280948162078857,0.21757414937019348,False,0.0,0.0,covered_by_loss_backward_sanity
m6_conservative_component_arbitration,synthetic_anchor_derived_t2_present,LGE+T2+C0,3,scar,t2_private,1,1,0.0016666665906086564,1.7280948162078857,0.21757414937019348,False,0.0,0.0,covered_by_loss_backward_sanity
m6_conservative_component_arbitration,synthetic_anchor_derived_t2_present,LGE+T2+C0,3,scar,t2_private,1,1,0.0016666665906086564,1.7280948162078857,0.21757414937019348,False,0.0,0.0,covered_by_loss_backward_sanity
m6_conservative_component_arbitration,synthetic_anchor_derived_t2_present,LGE+T2+C0,3,scar,c0_private,1,1,0.0016666665906086564,1.7280948162078857,0.21757414937019348,False,0.0,0.0,covered_by_loss_backward_sanity
m6_conservative_component_arbitration,synthetic_anchor_derived_t2_present,LGE+T2+C0,3,scar,c0_private,1,1,0.0016666665906086564,1.7280948162078857,0.21757414937019348,False,0.0,0.0,covered_by_loss_backward_sanity
m6_conservative_component_arbitration,synthetic_anchor_derived_t2_present,LGE+T2+C0,3,scar,interaction_lge_t2,1,1,0.0016666665906086564,1.7280948162078857,0.21757414937019348,False,0.0,0.0,covered_by_loss_backward_sanity
m6_conservative_component_arbitration,synthetic_anchor_derived_t2_present,LGE+T2+C0,3,scar,interaction_lge_t2,1,1,0.15453451871871948,1.7280948162078857,0.21757414937019348,False,0.0,0.0,covered_by_loss_backward_sanity
m6_conservative_component_arbitration,synthetic_anchor_derived_t2_present,LGE+T2+C0,3,edema,shared,1,1,0.0016666668234393,1.7327508926391602,0.21488390862941742,False,0.0,0.0,covered_by_loss_backward_sanity
m6_conservative_component_arbitration,synthetic_anchor_derived_t2_present,LGE+T2+C0,3,edema,shared,1,1,0.0016666668234393,1.7327508926391602,0.21488390862941742,False,0.0,0.0,covered_by_loss_backward_sanity
m6_conservative_component_arbitration,synthetic_anchor_derived_t2_present,LGE+T2+C0,3,edema,shared,1,1,0.0016666668234393,1.7327508926391602,0.21488390862941742,False,0.0,0.0,covered_by_loss_backward_sanity
m6_conservative_component_arbitration,synthetic_anchor_derived_t2_present,LGE+T2+C0,3,edema,shared,1,1,0.0016666668234393,1.7327508926391602,0.21488390862941742,False,0.0,0.0,covered_by_loss_backward_sanity
m6_conservative_component_arbitration,synthetic_anchor_derived_t2_present,LGE+T2+C0,3,edema,shared,1,1,0.0016666668234393,1.7327508926391602,0.21488390862941742,False,0.0,0.0,covered_by_loss_backward_sanity
m6_conservative_component_arbitration,synthetic_anchor_derived_t2_present,LGE+T2+C0,3,edema,shared,1,1,0.0016666668234393,1.7327508926391602,0.21488390862941742,False,0.0,0.0,covered_by_loss_backward_sanity
m6_conservative_component_arbitration,synthetic_anchor_derived_t2_present,LGE+T2+C0,3,edema,lge_private,1,1,0.0016666668234393,1.7327508926391602,0.21488390862941742,False,0.0,0.0,covered_by_loss_backward_sanity
m6_conservative_component_arbitration,synthetic_anchor_derived_t2_present,LGE+T2+C0,3,edema,lge_private,1,1,0.0016666668234393,1.7327508926391602,0.21488390862941742,False,0.0,0.0,covered_by_loss_backward_sanity
m6_conservative_component_arbitration,synthetic_anchor_derived_t2_present,LGE+T2+C0,3,edema,lge_private,1,1,0.0016666668234393,1.7327508926391602,0.21488390862941742,False,0.0,0.0,covered_by_loss_backward_sanity
m6_conservative_component_arbitration,synthetic_anchor_derived_t2_present,LGE+T2+C0,3,edema,lge_private,1,1,0.0016666668234393,1.7327508926391602,0.21488390862941742,False,0.0,0.0,covered_by_loss_backward_sanity
m6_conservative_component_arbitration,synthetic_anchor_derived_t2_present,LGE+T2+C0,3,edema,t2_private,1,1,0.19765089452266693,1.7327508926391602,0.21488390862941742,False,0.0,0.0,covered_by_loss_backward_sanity
m6_conservative_component_arbitration,synthetic_anchor_derived_t2_present,LGE+T2+C0,3,edema,t2_private,1,1,0.19251519441604614,1.7327508926391602,0.21488390862941742,False,0.0,0.0,covered_by_loss_backward_sanity
m6_conservative_component_arbitration,synthetic_anchor_derived_t2_present,LGE+T2+C0,3,edema,t2_private,1,1,0.21488390862941742,1.7327508926391602,0.21488390862941742,False,0.0,0.0,covered_by_loss_backward_sanity
m6_conservative_component_arbitration,synthetic_anchor_derived_t2_present,LGE+T2+C0,3,edema,t2_private,1,1,0.1960405558347702,1.7327508926391602,0.21488390862941742,False,0.0,0.0,covered_by_loss_backward_sanity
m6_conservative_component_arbitration,synthetic_anchor_derived_t2_present,LGE+T2+C0,3,edema,c0_private,1,1,0.0016666668234393,1.7327508926391602,0.21488390862941742,False,0.0,0.0,covered_by_loss_backward_sanity
m6_conservative_component_arbitration,synthetic_anchor_derived_t2_present,LGE+T2+C0,3,edema,c0_private,1,1,0.0016666668234393,1.7327508926391602,0.21488390862941742,False,0.0,0.0,covered_by_loss_backward_sanity
m6_conservative_component_arbitration,synthetic_anchor_derived_t2_present,LGE+T2+C0,3,edema,interaction_lge_t2,1,1,0.0016666668234393,1.7327508926391602,0.21488390862941742,False,0.0,0.0,covered_by_loss_backward_sanity
m6_conservative_component_arbitration,synthetic_anchor_derived_t2_present,LGE+T2+C0,3,edema,interaction_lge_t2,1,1,0.17724284529685974,1.7327508926391602,0.21488390862941742,False,0.0,0.0,covered_by_loss_backward_sanity
m6_conservative_component_arbitration,synthetic_no_t2,LGE+C0_no_T2,0,anatomy,shared,1,1,0.22356124222278595,1.694414734840393,0.2347232699394226,False,0.0,0.0,covered_by_loss_backward_sanity
m6_conservative_component_arbitration,synthetic_no_t2,LGE+C0_no_T2,0,anatomy,shared,1,1,0.002500000176951289,1.694414734840393,0.2347232699394226,False,0.0,0.0,covered_by_loss_backward_sanity
m6_conservative_component_arbitration,synthetic_no_t2,LGE+C0_no_T2,0,anatomy,shared,1,1,0.002500000176951289,1.694414734840393,0.2347232699394226,False,0.0,0.0,covered_by_loss_backward_sanity
m6_conservative_component_arbitration,synthetic_no_t2,LGE+C0_no_T2,0,anatomy,shared,1,1,0.002500000176951289,1.694414734840393,0.2347232699394226,False,0.0,0.0,covered_by_loss_backward_sanity
m6_conservative_component_arbitration,synthetic_no_t2,LGE+C0_no_T2,0,anatomy,shared,1,1,0.2347232699394226,1.694414734840393,0.2347232699394226,False,0.0,0.0,covered_by_loss_backward_sanity
m6_conservative_component_arbitration,synthetic_no_t2,LGE+C0_no_T2,0,anatomy,shared,1,1,0.17338459193706512,1.694414734840393,0.2347232699394226,False,0.0,0.0,covered_by_loss_backward_sanity
m6_conservative_component_arbitration,synthetic_no_t2,LGE+C0_no_T2,0,anatomy,lge_private,1,1,0.002500000176951289,1.694414734840393,0.2347232699394226,False,0.0,0.0,covered_by_loss_backward_sanity
m6_conservative_component_arbitration,synthetic_no_t2,LGE+C0_no_T2,0,anatomy,lge_private,1,1,0.17412768304347992,1.694414734840393,0.2347232699394226,False,0.0,0.0,covered_by_loss_backward_sanity
m6_conservative_component_arbitration,synthetic_no_t2,LGE+C0_no_T2,0,anatomy,lge_private,1,1,0.002500000176951289,1.694414734840393,0.2347232699394226,False,0.0,0.0,covered_by_loss_backward_sanity
m6_conservative_component_arbitration,synthetic_no_t2,LGE+C0_no_T2,0,anatomy,lge_private,1,1,0.17670324444770813,1.694414734840393,0.2347232699394226,False,0.0,0.0,covered_by_loss_backward_sanity
m6_conservative_component_arbitration,synthetic_no_t2,LGE+C0_no_T2,0,anatomy,t2_private,1,0,0.0,1.694414734840393,0.2347232699394226,False,0.0,0.0,covered_by_loss_backward_sanity
m6_conservative_component_arbitration,synthetic_no_t2,LGE+C0_no_T2,0,anatomy,t2_private,1,0,0.0,1.694414734840393,0.2347232699394226,False,0.0,0.0,covered_by_loss_backward_sanity
m6_conservative_component_arbitration,synthetic_no_t2,LGE+C0_no_T2,0,anatomy,t2_private,1,0,0.0,1.694414734840393,0.2347232699394226,False,0.0,0.0,covered_by_loss_backward_sanity
m6_conservative_component_arbitration,synthetic_no_t2,LGE+C0_no_T2,0,anatomy,t2_private,1,0,0.0,1.694414734840393,0.2347232699394226,False,0.0,0.0,covered_by_loss_backward_sanity
m6_conservative_component_arbitration,synthetic_no_t2,LGE+C0_no_T2,0,anatomy,c0_private,1,1,0.002500000176951289,1.694414734840393,0.2347232699394226,False,0.0,0.0,covered_by_loss_backward_sanity
m6_conservative_component_arbitration,synthetic_no_t2,LGE+C0_no_T2,0,anatomy,c0_private,1,1,0.002500000176951289,1.694414734840393,0.2347232699394226,False,0.0,0.0,covered_by_loss_backward_sanity
m6_conservative_component_arbitration,synthetic_no_t2,LGE+C0_no_T2,0,anatomy,interaction_lge_t2,1,0,0.0,1.694414734840393,0.2347232699394226,False,0.0,0.0,covered_by_loss_backward_sanity
m6_conservative_component_arbitration,synthetic_no_t2,LGE+C0_no_T2,0,anatomy,interaction_lge_t2,1,0,0.0,1.694414734840393,0.2347232699394226,False,0.0,0.0,covered_by_loss_backward_sanity
m6_conservative_component_arbitration,synthetic_no_t2,LGE+C0_no_T2,0,scar,shared,1,1,0.0024999999441206455,1.6597017049789429,0.26767781376838684,False,0.0,0.0,covered_by_loss_backward_sanity
m6_conservative_component_arbitration,synthetic_no_t2,LGE+C0_no_T2,0,scar,shared,1,1,0.0024999999441206455,1.6597017049789429,0.26767781376838684,False,0.0,0.0,covered_by_loss_backward_sanity
m6_conservative_component_arbitration,synthetic_no_t2,LGE+C0_no_T2,0,scar,shared,1,1,0.0024999999441206455,1.6597017049789429,0.26767781376838684,False,0.0,0.0,covered_by_loss_backward_sanity
m6_conservative_component_arbitration,synthetic_no_t2,LGE+C0_no_T2,0,scar,shared,1,1,0.0024999999441206455,1.6597017049789429,0.26767781376838684,False,0.0,0.0,covered_by_loss_backward_sanity
m6_conservative_component_arbitration,synthetic_no_t2,LGE+C0_no_T2,0,scar,shared,1,1,0.0024999999441206455,1.6597017049789429,0.26767781376838684,False,0.0,0.0,covered_by_loss_backward_sanity
m6_conservative_component_arbitration,synthetic_no_t2,LGE+C0_no_T2,0,scar,shared,1,1,0.10055772960186005,1.6597017049789429,0.26767781376838684,False,0.0,0.0,covered_by_loss_backward_sanity
m6_conservative_component_arbitration,synthetic_no_t2,LGE+C0_no_T2,0,scar,lge_private,1,1,0.2225964069366455,1.6597017049789429,0.26767781376838684,False,0.0,0.0,covered_by_loss_backward_sanity
m6_conservative_component_arbitration,synthetic_no_t2,LGE+C0_no_T2,0,scar,lge_private,1,1,0.21541737020015717,1.6597017049789429,0.26767781376838684,False,0.0,0.0,covered_by_loss_backward_sanity
m6_conservative_component_arbitration,synthetic_no_t2,LGE+C0_no_T2,0,scar,lge_private,1,1,0.1762506663799286,1.6597017049789429,0.26767781376838684,False,0.0,0.0,covered_by_loss_backward_sanity
m6_conservative_component_arbitration,synthetic_no_t2,LGE+C0_no_T2,0,scar,lge_private,1,1,0.26767781376838684,1.6597017049789429,0.26767781376838684,False,0.0,0.0,covered_by_loss_backward_sanity
m6_conservative_component_arbitration,synthetic_no_t2,LGE+C0_no_T2,0,scar,t2_private,1,0,0.0,1.6597017049789429,0.26767781376838684,False,0.0,0.0,covered_by_loss_backward_sanity
m6_conservative_component_arbitration,synthetic_no_t2,LGE+C0_no_T2,0,scar,t2_private,1,0,0.0,1.6597017049789429,0.26767781376838684,False,0.0,0.0,covered_by_loss_backward_sanity
m6_conservative_component_arbitration,synthetic_no_t2,LGE+C0_no_T2,0,scar,t2_private,1,0,0.0,1.6597017049789429,0.26767781376838684,False,0.0,0.0,covered_by_loss_backward_sanity
m6_conservative_component_arbitration,synthetic_no_t2,LGE+C0_no_T2,0,scar,t2_private,1,0,0.0,1.6597017049789429,0.26767781376838684,False,0.0,0.0,covered_by_loss_backward_sanity
m6_conservative_component_arbitration,synthetic_no_t2,LGE+C0_no_T2,0,scar,c0_private,1,1,0.0024999999441206455,1.6597017049789429,0.26767781376838684,False,0.0,0.0,covered_by_loss_backward_sanity
m6_conservative_component_arbitration,synthetic_no_t2,LGE+C0_no_T2,0,scar,c0_private,1,1,0.0024999999441206455,1.6597017049789429,0.26767781376838684,False,0.0,0.0,covered_by_loss_backward_sanity
m6_conservative_component_arbitration,synthetic_no_t2,LGE+C0_no_T2,0,scar,interaction_lge_t2,1,0,0.0,1.6597017049789429,0.26767781376838684,False,0.0,0.0,covered_by_loss_backward_sanity
m6_conservative_component_arbitration,synthetic_no_t2,LGE+C0_no_T2,0,scar,interaction_lge_t2,1,0,0.0,1.6597017049789429,0.26767781376838684,False,0.0,0.0,covered_by_loss_backward_sanity
m6_conservative_component_arbitration,synthetic_no_t2,LGE+C0_no_T2,0,edema,shared,1,1,0.0024999999441206455,1.7025816440582275,0.20888982713222504,False,0.0,0.0,covered_by_loss_backward_sanity
m6_conservative_component_arbitration,synthetic_no_t2,LGE+C0_no_T2,0,edema,shared,1,1,0.0024999999441206455,1.7025816440582275,0.20888982713222504,False,0.0,0.0,covered_by_loss_backward_sanity
m6_conservative_component_arbitration,synthetic_no_t2,LGE+C0_no_T2,0,edema,shared,1,1,0.0024999999441206455,1.7025816440582275,0.20888982713222504,False,0.0,0.0,covered_by_loss_backward_sanity
m6_conservative_component_arbitration,synthetic_no_t2,LGE+C0_no_T2,0,edema,shared,1,1,0.0024999999441206455,1.7025816440582275,0.20888982713222504,False,0.0,0.0,covered_by_loss_backward_sanity
m6_conservative_component_arbitration,synthetic_no_t2,LGE+C0_no_T2,0,edema,shared,1,1,0.0024999999441206455,1.7025816440582275,0.20888982713222504,False,0.0,0.0,covered_by_loss_backward_sanity
m6_conservative_component_arbitration,synthetic_no_t2,LGE+C0_no_T2,0,edema,shared,1,1,0.18559974431991577,1.7025816440582275,0.20888982713222504,False,0.0,0.0,covered_by_loss_backward_sanity
m6_conservative_component_arbitration,synthetic_no_t2,LGE+C0_no_T2,0,edema,lge_private,1,1,0.0024999999441206455,1.7025816440582275,0.20888982713222504,False,0.0,0.0,covered_by_loss_backward_sanity
m6_conservative_component_arbitration,synthetic_no_t2,LGE+C0_no_T2,0,edema,lge_private,1,1,0.0024999999441206455,1.7025816440582275,0.20888982713222504,False,0.0,0.0,covered_by_loss_backward_sanity
m6_conservative_component_arbitration,synthetic_no_t2,LGE+C0_no_T2,0,edema,lge_private,1,1,0.1889008730649948,1.7025816440582275,0.20888982713222504,False,0.0,0.0,covered_by_loss_backward_sanity
m6_conservative_component_arbitration,synthetic_no_t2,LGE+C0_no_T2,0,edema,lge_private,1,1,0.20888982713222504,1.7025816440582275,0.20888982713222504,False,0.0,0.0,covered_by_loss_backward_sanity
m6_conservative_component_arbitration,synthetic_no_t2,LGE+C0_no_T2,0,edema,t2_private,1,0,0.0,1.7025816440582275,0.20888982713222504,False,0.0,0.0,covered_by_loss_backward_sanity
m6_conservative_component_arbitration,synthetic_no_t2,LGE+C0_no_T2,0,edema,t2_private,1,0,0.0,1.7025816440582275,0.20888982713222504,False,0.0,0.0,covered_by_loss_backward_sanity
m6_conservative_component_arbitration,synthetic_no_t2,LGE+C0_no_T2,0,edema,t2_private,1,0,0.0,1.7025816440582275,0.20888982713222504,False,0.0,0.0,covered_by_loss_backward_sanity
m6_conservative_component_arbitration,synthetic_no_t2,LGE+C0_no_T2,0,edema,t2_private,1,0,0.0,1.7025816440582275,0.20888982713222504,False,0.0,0.0,covered_by_loss_backward_sanity
m6_conservative_component_arbitration,synthetic_no_t2,LGE+C0_no_T2,0,edema,c0_private,1,1,0.19992895424365997,1.7025816440582275,0.20888982713222504,False,0.0,0.0,covered_by_loss_backward_sanity
m6_conservative_component_arbitration,synthetic_no_t2,LGE+C0_no_T2,0,edema,c0_private,1,1,0.19918064773082733,1.7025816440582275,0.20888982713222504,False,0.0,0.0,covered_by_loss_backward_sanity
m6_conservative_component_arbitration,synthetic_no_t2,LGE+C0_no_T2,0,edema,interaction_lge_t2,1,0,0.0,1.7025816440582275,0.20888982713222504,False,0.0,0.0,covered_by_loss_backward_sanity
m6_conservative_component_arbitration,synthetic_no_t2,LGE+C0_no_T2,0,edema,interaction_lge_t2,1,0,0.0,1.7025816440582275,0.20888982713222504,False,0.0,0.0,covered_by_loss_backward_sanity
m6_conservative_component_arbitration,synthetic_no_t2,LGE+C0_no_T2,1,anatomy,shared,1,1,0.21413441002368927,1.702488899230957,0.21413441002368927,False,0.0,0.0,covered_by_loss_backward_sanity
m6_conservative_component_arbitration,synthetic_no_t2,LGE+C0_no_T2,1,anatomy,shared,1,1,0.19026166200637817,1.702488899230957,0.21413441002368927,False,0.0,0.0,covered_by_loss_backward_sanity
m6_conservative_component_arbitration,synthetic_no_t2,LGE+C0_no_T2,1,anatomy,shared,1,1,0.19313445687294006,1.702488899230957,0.21413441002368927,False,0.0,0.0,covered_by_loss_backward_sanity
m6_conservative_component_arbitration,synthetic_no_t2,LGE+C0_no_T2,1,anatomy,shared,1,1,0.0024999999441206455,1.702488899230957,0.21413441002368927,False,0.0,0.0,covered_by_loss_backward_sanity
m6_conservative_component_arbitration,synthetic_no_t2,LGE+C0_no_T2,1,anatomy,shared,1,1,0.19237588346004486,1.702488899230957,0.21413441002368927,False,0.0,0.0,covered_by_loss_backward_sanity
m6_conservative_component_arbitration,synthetic_no_t2,LGE+C0_no_T2,1,anatomy,shared,1,1,0.19259366393089294,1.702488899230957,0.21413441002368927,False,0.0,0.0,covered_by_loss_backward_sanity
m6_conservative_component_arbitration,synthetic_no_t2,LGE+C0_no_T2,1,anatomy,lge_private,1,1,0.0024999999441206455,1.702488899230957,0.21413441002368927,False,0.0,0.0,covered_by_loss_backward_sanity
m6_conservative_component_arbitration,synthetic_no_t2,LGE+C0_no_T2,1,anatomy,lge_private,1,1,0.0024999999441206455,1.702488899230957,0.21413441002368927,False,0.0,0.0,covered_by_loss_backward_sanity
m6_conservative_component_arbitration,synthetic_no_t2,LGE+C0_no_T2,1,anatomy,lge_private,1,1,0.0024999999441206455,1.702488899230957,0.21413441002368927,False,0.0,0.0,covered_by_loss_backward_sanity
m6_conservative_component_arbitration,synthetic_no_t2,LGE+C0_no_T2,1,anatomy,lge_private,1,1,0.0024999999441206455,1.702488899230957,0.21413441002368927,False,0.0,0.0,covered_by_loss_backward_sanity
m6_conservative_component_arbitration,synthetic_no_t2,LGE+C0_no_T2,1,anatomy,t2_private,1,0,0.0,1.702488899230957,0.21413441002368927,False,0.0,0.0,covered_by_loss_backward_sanity
m6_conservative_component_arbitration,synthetic_no_t2,LGE+C0_no_T2,1,anatomy,t2_private,1,0,0.0,1.702488899230957,0.21413441002368927,False,0.0,0.0,covered_by_loss_backward_sanity
m6_conservative_component_arbitration,synthetic_no_t2,LGE+C0_no_T2,1,anatomy,t2_private,1,0,0.0,1.702488899230957,0.21413441002368927,False,0.0,0.0,covered_by_loss_backward_sanity
m6_conservative_component_arbitration,synthetic_no_t2,LGE+C0_no_T2,1,anatomy,t2_private,1,0,0.0,1.702488899230957,0.21413441002368927,False,0.0,0.0,covered_by_loss_backward_sanity
m6_conservative_component_arbitration,synthetic_no_t2,LGE+C0_no_T2,1,anatomy,c0_private,1,1,0.0024999999441206455,1.702488899230957,0.21413441002368927,False,0.0,0.0,covered_by_loss_backward_sanity
m6_conservative_component_arbitration,synthetic_no_t2,LGE+C0_no_T2,1,anatomy,c0_private,1,1,0.0024999999441206455,1.702488899230957,0.21413441002368927,False,0.0,0.0,covered_by_loss_backward_sanity
m6_conservative_component_arbitration,synthetic_no_t2,LGE+C0_no_T2,1,anatomy,interaction_lge_t2,1,0,0.0,1.702488899230957,0.21413441002368927,False,0.0,0.0,covered_by_loss_backward_sanity
m6_conservative_component_arbitration,synthetic_no_t2,LGE+C0_no_T2,1,anatomy,interaction_lge_t2,1,0,0.0,1.702488899230957,0.21413441002368927,False,0.0,0.0,covered_by_loss_backward_sanity
m6_conservative_component_arbitration,synthetic_no_t2,LGE+C0_no_T2,1,scar,shared,1,1,0.0024999999441206455,1.683898687362671,0.2360878437757492,False,0.0,0.0,covered_by_loss_backward_sanity
m6_conservative_component_arbitration,synthetic_no_t2,LGE+C0_no_T2,1,scar,shared,1,1,0.0024999999441206455,1.683898687362671,0.2360878437757492,False,0.0,0.0,covered_by_loss_backward_sanity
m6_conservative_component_arbitration,synthetic_no_t2,LGE+C0_no_T2,1,scar,shared,1,1,0.0024999999441206455,1.683898687362671,0.2360878437757492,False,0.0,0.0,covered_by_loss_backward_sanity
m6_conservative_component_arbitration,synthetic_no_t2,LGE+C0_no_T2,1,scar,shared,1,1,0.0024999999441206455,1.683898687362671,0.2360878437757492,False,0.0,0.0,covered_by_loss_backward_sanity
m6_conservative_component_arbitration,synthetic_no_t2,LGE+C0_no_T2,1,scar,shared,1,1,0.0024999999441206455,1.683898687362671,0.2360878437757492,False,0.0,0.0,covered_by_loss_backward_sanity
m6_conservative_component_arbitration,synthetic_no_t2,LGE+C0_no_T2,1,scar,shared,1,1,0.0024999999441206455,1.683898687362671,0.2360878437757492,False,0.0,0.0,covered_by_loss_backward_sanity
m6_conservative_component_arbitration,synthetic_no_t2,LGE+C0_no_T2,1,scar,lge_private,1,1,0.2360878437757492,1.683898687362671,0.2360878437757492,False,0.0,0.0,covered_by_loss_backward_sanity
m6_conservative_component_arbitration,synthetic_no_t2,LGE+C0_no_T2,1,scar,lge_private,1,1,0.21550945937633514,1.683898687362671,0.2360878437757492,False,0.0,0.0,covered_by_loss_backward_sanity
m6_conservative_component_arbitration,synthetic_no_t2,LGE+C0_no_T2,1,scar,lge_private,1,1,0.1794479638338089,1.683898687362671,0.2360878437757492,False,0.0,0.0,covered_by_loss_backward_sanity
m6_conservative_component_arbitration,synthetic_no_t2,LGE+C0_no_T2,1,scar,lge_private,1,1,0.22118788957595825,1.683898687362671,0.2360878437757492,False,0.0,0.0,covered_by_loss_backward_sanity
m6_conservative_component_arbitration,synthetic_no_t2,LGE+C0_no_T2,1,scar,t2_private,1,0,0.0,1.683898687362671,0.2360878437757492,False,0.0,0.0,covered_by_loss_backward_sanity
m6_conservative_component_arbitration,synthetic_no_t2,LGE+C0_no_T2,1,scar,t2_private,1,0,0.0,1.683898687362671,0.2360878437757492,False,0.0,0.0,covered_by_loss_backward_sanity
m6_conservative_component_arbitration,synthetic_no_t2,LGE+C0_no_T2,1,scar,t2_private,1,0,0.0,1.683898687362671,0.2360878437757492,False,0.0,0.0,covered_by_loss_backward_sanity
m6_conservative_component_arbitration,synthetic_no_t2,LGE+C0_no_T2,1,scar,t2_private,1,0,0.0,1.683898687362671,0.2360878437757492,False,0.0,0.0,covered_by_loss_backward_sanity
m6_conservative_component_arbitration,synthetic_no_t2,LGE+C0_no_T2,1,scar,c0_private,1,1,0.0024999999441206455,1.683898687362671,0.2360878437757492,False,0.0,0.0,covered_by_loss_backward_sanity
m6_conservative_component_arbitration,synthetic_no_t2,LGE+C0_no_T2,1,scar,c0_private,1,1,0.13026690483093262,1.683898687362671,0.2360878437757492,False,0.0,0.0,covered_by_loss_backward_sanity
m6_conservative_component_arbitration,synthetic_no_t2,LGE+C0_no_T2,1,scar,interaction_lge_t2,1,0,0.0,1.683898687362671,0.2360878437757492,False,0.0,0.0,covered_by_loss_backward_sanity
m6_conservative_component_arbitration,synthetic_no_t2,LGE+C0_no_T2,1,scar,interaction_lge_t2,1,0,0.0,1.683898687362671,0.2360878437757492,False,0.0,0.0,covered_by_loss_backward_sanity
m6_conservative_component_arbitration,synthetic_no_t2,LGE+C0_no_T2,1,edema,shared,1,1,0.0024999999441206455,1.6984039545059204,0.2340240627527237,False,0.0,0.0,covered_by_loss_backward_sanity
m6_conservative_component_arbitration,synthetic_no_t2,LGE+C0_no_T2,1,edema,shared,1,1,0.0024999999441206455,1.6984039545059204,0.2340240627527237,False,0.0,0.0,covered_by_loss_backward_sanity
m6_conservative_component_arbitration,synthetic_no_t2,LGE+C0_no_T2,1,edema,shared,1,1,0.2340240627527237,1.6984039545059204,0.2340240627527237,False,0.0,0.0,covered_by_loss_backward_sanity
m6_conservative_component_arbitration,synthetic_no_t2,LGE+C0_no_T2,1,edema,shared,1,1,0.19874024391174316,1.6984039545059204,0.2340240627527237,False,0.0,0.0,covered_by_loss_backward_sanity
m6_conservative_component_arbitration,synthetic_no_t2,LGE+C0_no_T2,1,edema,shared,1,1,0.1918572634458542,1.6984039545059204,0.2340240627527237,False,0.0,0.0,covered_by_loss_backward_sanity
m6_conservative_component_arbitration,synthetic_no_t2,LGE+C0_no_T2,1,edema,shared,1,1,0.1780206710100174,1.6984039545059204,0.2340240627527237,False,0.0,0.0,covered_by_loss_backward_sanity
m6_conservative_component_arbitration,synthetic_no_t2,LGE+C0_no_T2,1,edema,lge_private,1,1,0.0024999999441206455,1.6984039545059204,0.2340240627527237,False,0.0,0.0,covered_by_loss_backward_sanity
m6_conservative_component_arbitration,synthetic_no_t2,LGE+C0_no_T2,1,edema,lge_private,1,1,0.17985782027244568,1.6984039545059204,0.2340240627527237,False,0.0,0.0,covered_by_loss_backward_sanity
m6_conservative_component_arbitration,synthetic_no_t2,LGE+C0_no_T2,1,edema,lge_private,1,1,0.0024999999441206455,1.6984039545059204,0.2340240627527237,False,0.0,0.0,covered_by_loss_backward_sanity
m6_conservative_component_arbitration,synthetic_no_t2,LGE+C0_no_T2,1,edema,lge_private,1,1,0.0024999999441206455,1.6984039545059204,0.2340240627527237,False,0.0,0.0,covered_by_loss_backward_sanity
m6_conservative_component_arbitration,synthetic_no_t2,LGE+C0_no_T2,1,edema,t2_private,1,0,0.0,1.6984039545059204,0.2340240627527237,False,0.0,0.0,covered_by_loss_backward_sanity
m6_conservative_component_arbitration,synthetic_no_t2,LGE+C0_no_T2,1,edema,t2_private,1,0,0.0,1.6984039545059204,0.2340240627527237,False,0.0,0.0,covered_by_loss_backward_sanity
m6_conservative_component_arbitration,synthetic_no_t2,LGE+C0_no_T2,1,edema,t2_private,1,0,0.0,1.6984039545059204,0.2340240627527237,False,0.0,0.0,covered_by_loss_backward_sanity
m6_conservative_component_arbitration,synthetic_no_t2,LGE+C0_no_T2,1,edema,t2_private,1,0,0.0,1.6984039545059204,0.2340240627527237,False,0.0,0.0,covered_by_loss_backward_sanity
m6_conservative_component_arbitration,synthetic_no_t2,LGE+C0_no_T2,1,edema,c0_private,1,1,0.0024999999441206455,1.6984039545059204,0.2340240627527237,False,0.0,0.0,covered_by_loss_backward_sanity
m6_conservative_component_arbitration,synthetic_no_t2,LGE+C0_no_T2,1,edema,c0_private,1,1,0.0024999999441206455,1.6984039545059204,0.2340240627527237,False,0.0,0.0,covered_by_loss_backward_sanity
m6_conservative_component_arbitration,synthetic_no_t2,LGE+C0_no_T2,1,edema,interaction_lge_t2,1,0,0.0,1.6984039545059204,0.2340240627527237,False,0.0,0.0,covered_by_loss_backward_sanity
m6_conservative_component_arbitration,synthetic_no_t2,LGE+C0_no_T2,1,edema,interaction_lge_t2,1,0,0.0,1.6984039545059204,0.2340240627527237,False,0.0,0.0,covered_by_loss_backward_sanity
m6_conservative_component_arbitration,synthetic_no_t2,LGE+C0_no_T2,2,anatomy,shared,1,1,0.1872166246175766,1.6998929977416992,0.23005640506744385,False,0.0,0.0,covered_by_loss_backward_sanity
m6_conservative_component_arbitration,synthetic_no_t2,LGE+C0_no_T2,2,anatomy,shared,1,1,0.19353920221328735,1.6998929977416992,0.23005640506744385,False,0.0,0.0,covered_by_loss_backward_sanity
m6_conservative_component_arbitration,synthetic_no_t2,LGE+C0_no_T2,2,anatomy,shared,1,1,0.18810980021953583,1.6998929977416992,0.23005640506744385,False,0.0,0.0,covered_by_loss_backward_sanity
m6_conservative_component_arbitration,synthetic_no_t2,LGE+C0_no_T2,2,anatomy,shared,1,1,0.18357805907726288,1.6998929977416992,0.23005640506744385,False,0.0,0.0,covered_by_loss_backward_sanity
m6_conservative_component_arbitration,synthetic_no_t2,LGE+C0_no_T2,2,anatomy,shared,1,1,0.002500000176951289,1.6998929977416992,0.23005640506744385,False,0.0,0.0,covered_by_loss_backward_sanity
m6_conservative_component_arbitration,synthetic_no_t2,LGE+C0_no_T2,2,anatomy,shared,1,1,0.23005640506744385,1.6998929977416992,0.23005640506744385,False,0.0,0.0,covered_by_loss_backward_sanity
m6_conservative_component_arbitration,synthetic_no_t2,LGE+C0_no_T2,2,anatomy,lge_private,1,1,0.002500000176951289,1.6998929977416992,0.23005640506744385,False,0.0,0.0,covered_by_loss_backward_sanity
m6_conservative_component_arbitration,synthetic_no_t2,LGE+C0_no_T2,2,anatomy,lge_private,1,1,0.002500000176951289,1.6998929977416992,0.23005640506744385,False,0.0,0.0,covered_by_loss_backward_sanity
m6_conservative_component_arbitration,synthetic_no_t2,LGE+C0_no_T2,2,anatomy,lge_private,1,1,0.002500000176951289,1.6998929977416992,0.23005640506744385,False,0.0,0.0,covered_by_loss_backward_sanity
m6_conservative_component_arbitration,synthetic_no_t2,LGE+C0_no_T2,2,anatomy,lge_private,1,1,0.002500000176951289,1.6998929977416992,0.23005640506744385,False,0.0,0.0,covered_by_loss_backward_sanity
m6_conservative_component_arbitration,synthetic_no_t2,LGE+C0_no_T2,2,anatomy,t2_private,1,0,0.0,1.6998929977416992,0.23005640506744385,False,0.0,0.0,covered_by_loss_backward_sanity
m6_conservative_component_arbitration,synthetic_no_t2,LGE+C0_no_T2,2,anatomy,t2_private,1,0,0.0,1.6998929977416992,0.23005640506744385,False,0.0,0.0,covered_by_loss_backward_sanity
m6_conservative_component_arbitration,synthetic_no_t2,LGE+C0_no_T2,2,anatomy,t2_private,1,0,0.0,1.6998929977416992,0.23005640506744385,False,0.0,0.0,covered_by_loss_backward_sanity
m6_conservative_component_arbitration,synthetic_no_t2,LGE+C0_no_T2,2,anatomy,t2_private,1,0,0.0,1.6998929977416992,0.23005640506744385,False,0.0,0.0,covered_by_loss_backward_sanity
m6_conservative_component_arbitration,synthetic_no_t2,LGE+C0_no_T2,2,anatomy,c0_private,1,1,0.002500000176951289,1.6998929977416992,0.23005640506744385,False,0.0,0.0,covered_by_loss_backward_sanity
m6_conservative_component_arbitration,synthetic_no_t2,LGE+C0_no_T2,2,anatomy,c0_private,1,1,0.002500000176951289,1.6998929977416992,0.23005640506744385,False,0.0,0.0,covered_by_loss_backward_sanity
m6_conservative_component_arbitration,synthetic_no_t2,LGE+C0_no_T2,2,anatomy,interaction_lge_t2,1,0,0.0,1.6998929977416992,0.23005640506744385,False,0.0,0.0,covered_by_loss_backward_sanity
m6_conservative_component_arbitration,synthetic_no_t2,LGE+C0_no_T2,2,anatomy,interaction_lge_t2,1,0,0.0,1.6998929977416992,0.23005640506744385,False,0.0,0.0,covered_by_loss_backward_sanity
m6_conservative_component_arbitration,synthetic_no_t2,LGE+C0_no_T2,2,scar,shared,1,1,0.0024999999441206455,1.6671326160430908,0.27885040640830994,False,0.0,0.0,covered_by_loss_backward_sanity
m6_conservative_component_arbitration,synthetic_no_t2,LGE+C0_no_T2,2,scar,shared,1,1,0.0024999999441206455,1.6671326160430908,0.27885040640830994,False,0.0,0.0,covered_by_loss_backward_sanity
m6_conservative_component_arbitration,synthetic_no_t2,LGE+C0_no_T2,2,scar,shared,1,1,0.11854759603738785,1.6671326160430908,0.27885040640830994,False,0.0,0.0,covered_by_loss_backward_sanity
m6_conservative_component_arbitration,synthetic_no_t2,LGE+C0_no_T2,2,scar,shared,1,1,0.0024999999441206455,1.6671326160430908,0.27885040640830994,False,0.0,0.0,covered_by_loss_backward_sanity
m6_conservative_component_arbitration,synthetic_no_t2,LGE+C0_no_T2,2,scar,shared,1,1,0.0024999999441206455,1.6671326160430908,0.27885040640830994,False,0.0,0.0,covered_by_loss_backward_sanity
m6_conservative_component_arbitration,synthetic_no_t2,LGE+C0_no_T2,2,scar,shared,1,1,0.0024999999441206455,1.6671326160430908,0.27885040640830994,False,0.0,0.0,covered_by_loss_backward_sanity
m6_conservative_component_arbitration,synthetic_no_t2,LGE+C0_no_T2,2,scar,lge_private,1,1,0.19023320078849792,1.6671326160430908,0.27885040640830994,False,0.0,0.0,covered_by_loss_backward_sanity
m6_conservative_component_arbitration,synthetic_no_t2,LGE+C0_no_T2,2,scar,lge_private,1,1,0.17338970303535461,1.6671326160430908,0.27885040640830994,False,0.0,0.0,covered_by_loss_backward_sanity
m6_conservative_component_arbitration,synthetic_no_t2,LGE+C0_no_T2,2,scar,lge_private,1,1,0.22147905826568604,1.6671326160430908,0.27885040640830994,False,0.0,0.0,covered_by_loss_backward_sanity
m6_conservative_component_arbitration,synthetic_no_t2,LGE+C0_no_T2,2,scar,lge_private,1,1,0.27885040640830994,1.6671326160430908,0.27885040640830994,False,0.0,0.0,covered_by_loss_backward_sanity
m6_conservative_component_arbitration,synthetic_no_t2,LGE+C0_no_T2,2,scar,t2_private,1,0,0.0,1.6671326160430908,0.27885040640830994,False,0.0,0.0,covered_by_loss_backward_sanity
m6_conservative_component_arbitration,synthetic_no_t2,LGE+C0_no_T2,2,scar,t2_private,1,0,0.0,1.6671326160430908,0.27885040640830994,False,0.0,0.0,covered_by_loss_backward_sanity
m6_conservative_component_arbitration,synthetic_no_t2,LGE+C0_no_T2,2,scar,t2_private,1,0,0.0,1.6671326160430908,0.27885040640830994,False,0.0,0.0,covered_by_loss_backward_sanity
m6_conservative_component_arbitration,synthetic_no_t2,LGE+C0_no_T2,2,scar,t2_private,1,0,0.0,1.6671326160430908,0.27885040640830994,False,0.0,0.0,covered_by_loss_backward_sanity
m6_conservative_component_arbitration,synthetic_no_t2,LGE+C0_no_T2,2,scar,c0_private,1,1,0.0024999999441206455,1.6671326160430908,0.27885040640830994,False,0.0,0.0,covered_by_loss_backward_sanity
m6_conservative_component_arbitration,synthetic_no_t2,LGE+C0_no_T2,2,scar,c0_private,1,1,0.0024999999441206455,1.6671326160430908,0.27885040640830994,False,0.0,0.0,covered_by_loss_backward_sanity
m6_conservative_component_arbitration,synthetic_no_t2,LGE+C0_no_T2,2,scar,interaction_lge_t2,1,0,0.0,1.6671326160430908,0.27885040640830994,False,0.0,0.0,covered_by_loss_backward_sanity
m6_conservative_component_arbitration,synthetic_no_t2,LGE+C0_no_T2,2,scar,interaction_lge_t2,1,0,0.0,1.6671326160430908,0.27885040640830994,False,0.0,0.0,covered_by_loss_backward_sanity
m6_conservative_component_arbitration,synthetic_no_t2,LGE+C0_no_T2,2,edema,shared,1,1,0.19930915534496307,1.7003774642944336,0.21292850375175476,False,0.0,0.0,covered_by_loss_backward_sanity
m6_conservative_component_arbitration,synthetic_no_t2,LGE+C0_no_T2,2,edema,shared,1,1,0.0024999999441206455,1.7003774642944336,0.21292850375175476,False,0.0,0.0,covered_by_loss_backward_sanity
m6_conservative_component_arbitration,synthetic_no_t2,LGE+C0_no_T2,2,edema,shared,1,1,0.1827813982963562,1.7003774642944336,0.21292850375175476,False,0.0,0.0,covered_by_loss_backward_sanity
m6_conservative_component_arbitration,synthetic_no_t2,LGE+C0_no_T2,2,edema,shared,1,1,0.0024999999441206455,1.7003774642944336,0.21292850375175476,False,0.0,0.0,covered_by_loss_backward_sanity
m6_conservative_component_arbitration,synthetic_no_t2,LGE+C0_no_T2,2,edema,shared,1,1,0.21292850375175476,1.7003774642944336,0.21292850375175476,False,0.0,0.0,covered_by_loss_backward_sanity
m6_conservative_component_arbitration,synthetic_no_t2,LGE+C0_no_T2,2,edema,shared,1,1,0.0024999999441206455,1.7003774642944336,0.21292850375175476,False,0.0,0.0,covered_by_loss_backward_sanity
m6_conservative_component_arbitration,synthetic_no_t2,LGE+C0_no_T2,2,edema,lge_private,1,1,0.0024999999441206455,1.7003774642944336,0.21292850375175476,False,0.0,0.0,covered_by_loss_backward_sanity
m6_conservative_component_arbitration,synthetic_no_t2,LGE+C0_no_T2,2,edema,lge_private,1,1,0.0024999999441206455,1.7003774642944336,0.21292850375175476,False,0.0,0.0,covered_by_loss_backward_sanity
m6_conservative_component_arbitration,synthetic_no_t2,LGE+C0_no_T2,2,edema,lge_private,1,1,0.1747005730867386,1.7003774642944336,0.21292850375175476,False,0.0,0.0,covered_by_loss_backward_sanity
m6_conservative_component_arbitration,synthetic_no_t2,LGE+C0_no_T2,2,edema,lge_private,1,1,0.0024999999441206455,1.7003774642944336,0.21292850375175476,False,0.0,0.0,covered_by_loss_backward_sanity
m6_conservative_component_arbitration,synthetic_no_t2,LGE+C0_no_T2,2,edema,t2_private,1,0,0.0,1.7003774642944336,0.21292850375175476,False,0.0,0.0,covered_by_loss_backward_sanity
m6_conservative_component_arbitration,synthetic_no_t2,LGE+C0_no_T2,2,edema,t2_private,1,0,0.0,1.7003774642944336,0.21292850375175476,False,0.0,0.0,covered_by_loss_backward_sanity
m6_conservative_component_arbitration,synthetic_no_t2,LGE+C0_no_T2,2,edema,t2_private,1,0,0.0,1.7003774642944336,0.21292850375175476,False,0.0,0.0,covered_by_loss_backward_sanity
m6_conservative_component_arbitration,synthetic_no_t2,LGE+C0_no_T2,2,edema,t2_private,1,0,0.0,1.7003774642944336,0.21292850375175476,False,0.0,0.0,covered_by_loss_backward_sanity
m6_conservative_component_arbitration,synthetic_no_t2,LGE+C0_no_T2,2,edema,c0_private,1,1,0.0024999999441206455,1.7003774642944336,0.21292850375175476,False,0.0,0.0,covered_by_loss_backward_sanity
m6_conservative_component_arbitration,synthetic_no_t2,LGE+C0_no_T2,2,edema,c0_private,1,1,0.2127804160118103,1.7003774642944336,0.21292850375175476,False,0.0,0.0,covered_by_loss_backward_sanity
m6_conservative_component_arbitration,synthetic_no_t2,LGE+C0_no_T2,2,edema,interaction_lge_t2,1,0,0.0,1.7003774642944336,0.21292850375175476,False,0.0,0.0,covered_by_loss_backward_sanity
m6_conservative_component_arbitration,synthetic_no_t2,LGE+C0_no_T2,2,edema,interaction_lge_t2,1,0,0.0,1.7003774642944336,0.21292850375175476,False,0.0,0.0,covered_by_loss_backward_sanity
m6_conservative_component_arbitration,synthetic_no_t2,LGE+C0_no_T2,3,anatomy,shared,1,1,0.19524423778057098,1.7011852264404297,0.22262683510780334,False,0.0,0.0,covered_by_loss_backward_sanity
m6_conservative_component_arbitration,synthetic_no_t2,LGE+C0_no_T2,3,anatomy,shared,1,1,0.22262683510780334,1.7011852264404297,0.22262683510780334,False,0.0,0.0,covered_by_loss_backward_sanity
m6_conservative_component_arbitration,synthetic_no_t2,LGE+C0_no_T2,3,anatomy,shared,1,1,0.19257013499736786,1.7011852264404297,0.22262683510780334,False,0.0,0.0,covered_by_loss_backward_sanity
m6_conservative_component_arbitration,synthetic_no_t2,LGE+C0_no_T2,3,anatomy,shared,1,1,0.18482984602451324,1.7011852264404297,0.22262683510780334,False,0.0,0.0,covered_by_loss_backward_sanity
m6_conservative_component_arbitration,synthetic_no_t2,LGE+C0_no_T2,3,anatomy,shared,1,1,0.0024999999441206455,1.7011852264404297,0.22262683510780334,False,0.0,0.0,covered_by_loss_backward_sanity
m6_conservative_component_arbitration,synthetic_no_t2,LGE+C0_no_T2,3,anatomy,shared,1,1,0.1872289627790451,1.7011852264404297,0.22262683510780334,False,0.0,0.0,covered_by_loss_backward_sanity
m6_conservative_component_arbitration,synthetic_no_t2,LGE+C0_no_T2,3,anatomy,lge_private,1,1,0.0024999999441206455,1.7011852264404297,0.22262683510780334,False,0.0,0.0,covered_by_loss_backward_sanity
m6_conservative_component_arbitration,synthetic_no_t2,LGE+C0_no_T2,3,anatomy,lge_private,1,1,0.0024999999441206455,1.7011852264404297,0.22262683510780334,False,0.0,0.0,covered_by_loss_backward_sanity
m6_conservative_component_arbitration,synthetic_no_t2,LGE+C0_no_T2,3,anatomy,lge_private,1,1,0.0024999999441206455,1.7011852264404297,0.22262683510780334,False,0.0,0.0,covered_by_loss_backward_sanity
m6_conservative_component_arbitration,synthetic_no_t2,LGE+C0_no_T2,3,anatomy,lge_private,1,1,0.0024999999441206455,1.7011852264404297,0.22262683510780334,False,0.0,0.0,covered_by_loss_backward_sanity
m6_conservative_component_arbitration,synthetic_no_t2,LGE+C0_no_T2,3,anatomy,t2_private,1,0,0.0,1.7011852264404297,0.22262683510780334,False,0.0,0.0,covered_by_loss_backward_sanity
m6_conservative_component_arbitration,synthetic_no_t2,LGE+C0_no_T2,3,anatomy,t2_private,1,0,0.0,1.7011852264404297,0.22262683510780334,False,0.0,0.0,covered_by_loss_backward_sanity
m6_conservative_component_arbitration,synthetic_no_t2,LGE+C0_no_T2,3,anatomy,t2_private,1,0,0.0,1.7011852264404297,0.22262683510780334,False,0.0,0.0,covered_by_loss_backward_sanity
m6_conservative_component_arbitration,synthetic_no_t2,LGE+C0_no_T2,3,anatomy,t2_private,1,0,0.0,1.7011852264404297,0.22262683510780334,False,0.0,0.0,covered_by_loss_backward_sanity
m6_conservative_component_arbitration,synthetic_no_t2,LGE+C0_no_T2,3,anatomy,c0_private,1,1,0.0024999999441206455,1.7011852264404297,0.22262683510780334,False,0.0,0.0,covered_by_loss_backward_sanity
m6_conservative_component_arbitration,synthetic_no_t2,LGE+C0_no_T2,3,anatomy,c0_private,1,1,0.0024999999441206455,1.7011852264404297,0.22262683510780334,False,0.0,0.0,covered_by_loss_backward_sanity
m6_conservative_component_arbitration,synthetic_no_t2,LGE+C0_no_T2,3,anatomy,interaction_lge_t2,1,0,0.0,1.7011852264404297,0.22262683510780334,False,0.0,0.0,covered_by_loss_backward_sanity
m6_conservative_component_arbitration,synthetic_no_t2,LGE+C0_no_T2,3,anatomy,interaction_lge_t2,1,0,0.0,1.7011852264404297,0.22262683510780334,False,0.0,0.0,covered_by_loss_backward_sanity
m6_conservative_component_arbitration,synthetic_no_t2,LGE+C0_no_T2,3,scar,shared,1,1,0.0024999999441206455,1.680260419845581,0.24251458048820496,False,0.0,0.0,covered_by_loss_backward_sanity
m6_conservative_component_arbitration,synthetic_no_t2,LGE+C0_no_T2,3,scar,shared,1,1,0.0024999999441206455,1.680260419845581,0.24251458048820496,False,0.0,0.0,covered_by_loss_backward_sanity
m6_conservative_component_arbitration,synthetic_no_t2,LGE+C0_no_T2,3,scar,shared,1,1,0.0024999999441206455,1.680260419845581,0.24251458048820496,False,0.0,0.0,covered_by_loss_backward_sanity
m6_conservative_component_arbitration,synthetic_no_t2,LGE+C0_no_T2,3,scar,shared,1,1,0.0024999999441206455,1.680260419845581,0.24251458048820496,False,0.0,0.0,covered_by_loss_backward_sanity
m6_conservative_component_arbitration,synthetic_no_t2,LGE+C0_no_T2,3,scar,shared,1,1,0.0024999999441206455,1.680260419845581,0.24251458048820496,False,0.0,0.0,covered_by_loss_backward_sanity
m6_conservative_component_arbitration,synthetic_no_t2,LGE+C0_no_T2,3,scar,shared,1,1,0.0024999999441206455,1.680260419845581,0.24251458048820496,False,0.0,0.0,covered_by_loss_backward_sanity
m6_conservative_component_arbitration,synthetic_no_t2,LGE+C0_no_T2,3,scar,lge_private,1,1,0.24251458048820496,1.680260419845581,0.24251458048820496,False,0.0,0.0,covered_by_loss_backward_sanity
m6_conservative_component_arbitration,synthetic_no_t2,LGE+C0_no_T2,3,scar,lge_private,1,1,0.2159576267004013,1.680260419845581,0.24251458048820496,False,0.0,0.0,covered_by_loss_backward_sanity
m6_conservative_component_arbitration,synthetic_no_t2,LGE+C0_no_T2,3,scar,lge_private,1,1,0.19194722175598145,1.680260419845581,0.24251458048820496,False,0.0,0.0,covered_by_loss_backward_sanity
m6_conservative_component_arbitration,synthetic_no_t2,LGE+C0_no_T2,3,scar,lge_private,1,1,0.21081706881523132,1.680260419845581,0.24251458048820496,False,0.0,0.0,covered_by_loss_backward_sanity
m6_conservative_component_arbitration,synthetic_no_t2,LGE+C0_no_T2,3,scar,t2_private,1,0,0.0,1.680260419845581,0.24251458048820496,False,0.0,0.0,covered_by_loss_backward_sanity
m6_conservative_component_arbitration,synthetic_no_t2,LGE+C0_no_T2,3,scar,t2_private,1,0,0.0,1.680260419845581,0.24251458048820496,False,0.0,0.0,covered_by_loss_backward_sanity
m6_conservative_component_arbitration,synthetic_no_t2,LGE+C0_no_T2,3,scar,t2_private,1,0,0.0,1.680260419845581,0.24251458048820496,False,0.0,0.0,covered_by_loss_backward_sanity
m6_conservative_component_arbitration,synthetic_no_t2,LGE+C0_no_T2,3,scar,t2_private,1,0,0.0,1.680260419845581,0.24251458048820496,False,0.0,0.0,covered_by_loss_backward_sanity
m6_conservative_component_arbitration,synthetic_no_t2,LGE+C0_no_T2,3,scar,c0_private,1,1,0.1212635338306427,1.680260419845581,0.24251458048820496,False,0.0,0.0,covered_by_loss_backward_sanity
m6_conservative_component_arbitration,synthetic_no_t2,LGE+C0_no_T2,3,scar,c0_private,1,1,0.0024999999441206455,1.680260419845581,0.24251458048820496,False,0.0,0.0,covered_by_loss_backward_sanity
m6_conservative_component_arbitration,synthetic_no_t2,LGE+C0_no_T2,3,scar,interaction_lge_t2,1,0,0.0,1.680260419845581,0.24251458048820496,False,0.0,0.0,covered_by_loss_backward_sanity
m6_conservative_component_arbitration,synthetic_no_t2,LGE+C0_no_T2,3,scar,interaction_lge_t2,1,0,0.0,1.680260419845581,0.24251458048820496,False,0.0,0.0,covered_by_loss_backward_sanity
m6_conservative_component_arbitration,synthetic_no_t2,LGE+C0_no_T2,3,edema,shared,1,1,0.0024999999441206455,1.7030577659606934,0.2047063261270523,False,0.0,0.0,covered_by_loss_backward_sanity
m6_conservative_component_arbitration,synthetic_no_t2,LGE+C0_no_T2,3,edema,shared,1,1,0.0024999999441206455,1.7030577659606934,0.2047063261270523,False,0.0,0.0,covered_by_loss_backward_sanity
m6_conservative_component_arbitration,synthetic_no_t2,LGE+C0_no_T2,3,edema,shared,1,1,0.0024999999441206455,1.7030577659606934,0.2047063261270523,False,0.0,0.0,covered_by_loss_backward_sanity
m6_conservative_component_arbitration,synthetic_no_t2,LGE+C0_no_T2,3,edema,shared,1,1,0.19042597711086273,1.7030577659606934,0.2047063261270523,False,0.0,0.0,covered_by_loss_backward_sanity
m6_conservative_component_arbitration,synthetic_no_t2,LGE+C0_no_T2,3,edema,shared,1,1,0.19871379435062408,1.7030577659606934,0.2047063261270523,False,0.0,0.0,covered_by_loss_backward_sanity
m6_conservative_component_arbitration,synthetic_no_t2,LGE+C0_no_T2,3,edema,shared,1,1,0.1989734172821045,1.7030577659606934,0.2047063261270523,False,0.0,0.0,covered_by_loss_backward_sanity
m6_conservative_component_arbitration,synthetic_no_t2,LGE+C0_no_T2,3,edema,lge_private,1,1,0.0024999999441206455,1.7030577659606934,0.2047063261270523,False,0.0,0.0,covered_by_loss_backward_sanity
m6_conservative_component_arbitration,synthetic_no_t2,LGE+C0_no_T2,3,edema,lge_private,1,1,0.18968048691749573,1.7030577659606934,0.2047063261270523,False,0.0,0.0,covered_by_loss_backward_sanity
m6_conservative_component_arbitration,synthetic_no_t2,LGE+C0_no_T2,3,edema,lge_private,1,1,0.0024999999441206455,1.7030577659606934,0.2047063261270523,False,0.0,0.0,covered_by_loss_backward_sanity
m6_conservative_component_arbitration,synthetic_no_t2,LGE+C0_no_T2,3,edema,lge_private,1,1,0.0024999999441206455,1.7030577659606934,0.2047063261270523,False,0.0,0.0,covered_by_loss_backward_sanity
m6_conservative_component_arbitration,synthetic_no_t2,LGE+C0_no_T2,3,edema,t2_private,1,0,0.0,1.7030577659606934,0.2047063261270523,False,0.0,0.0,covered_by_loss_backward_sanity
m6_conservative_component_arbitration,synthetic_no_t2,LGE+C0_no_T2,3,edema,t2_private,1,0,0.0,1.7030577659606934,0.2047063261270523,False,0.0,0.0,covered_by_loss_backward_sanity
m6_conservative_component_arbitration,synthetic_no_t2,LGE+C0_no_T2,3,edema,t2_private,1,0,0.0,1.7030577659606934,0.2047063261270523,False,0.0,0.0,covered_by_loss_backward_sanity
m6_conservative_component_arbitration,synthetic_no_t2,LGE+C0_no_T2,3,edema,t2_private,1,0,0.0,1.7030577659606934,0.2047063261270523,False,0.0,0.0,covered_by_loss_backward_sanity
m6_conservative_component_arbitration,synthetic_no_t2,LGE+C0_no_T2,3,edema,c0_private,1,1,0.0024999999441206455,1.7030577659606934,0.2047063261270523,False,0.0,0.0,covered_by_loss_backward_sanity
m6_conservative_component_arbitration,synthetic_no_t2,LGE+C0_no_T2,3,edema,c0_private,1,1,0.2047063261270523,1.7030577659606934,0.2047063261270523,False,0.0,0.0,covered_by_loss_backward_sanity
m6_conservative_component_arbitration,synthetic_no_t2,LGE+C0_no_T2,3,edema,interaction_lge_t2,1,0,0.0,1.7030577659606934,0.2047063261270523,False,0.0,0.0,covered_by_loss_backward_sanity
m6_conservative_component_arbitration,synthetic_no_t2,LGE+C0_no_T2,3,edema,interaction_lge_t2,1,0,0.0,1.7030577659606934,0.2047063261270523,False,0.0,0.0,covered_by_loss_backward_sanity
m6_scar_precision_edema_safe,synthetic_anchor_derived_t2_present,LGE+T2+C0,0,anatomy,shared,1,1,0.1602078378200531,1.926044225692749,0.2005499005317688,False,0.0,0.0,covered_by_loss_backward_sanity
m6_scar_precision_edema_safe,synthetic_anchor_derived_t2_present,LGE+T2+C0,0,anatomy,shared,1,1,0.0011111112544313073,1.926044225692749,0.2005499005317688,False,0.0,0.0,covered_by_loss_backward_sanity
m6_scar_precision_edema_safe,synthetic_anchor_derived_t2_present,LGE+T2+C0,0,anatomy,shared,1,1,0.14524342119693756,1.926044225692749,0.2005499005317688,False,0.0,0.0,covered_by_loss_backward_sanity
m6_scar_precision_edema_safe,synthetic_anchor_derived_t2_present,LGE+T2+C0,0,anatomy,shared,1,1,0.1604442447423935,1.926044225692749,0.2005499005317688,False,0.0,0.0,covered_by_loss_backward_sanity
m6_scar_precision_edema_safe,synthetic_anchor_derived_t2_present,LGE+T2+C0,0,anatomy,shared,1,1,0.0011111112544313073,1.926044225692749,0.2005499005317688,False,0.0,0.0,covered_by_loss_backward_sanity
m6_scar_precision_edema_safe,synthetic_anchor_derived_t2_present,LGE+T2+C0,0,anatomy,shared,1,1,0.2005499005317688,1.926044225692749,0.2005499005317688,False,0.0,0.0,covered_by_loss_backward_sanity
m6_scar_precision_edema_safe,synthetic_anchor_derived_t2_present,LGE+T2+C0,0,anatomy,lge_private,1,1,0.0011111112544313073,1.926044225692749,0.2005499005317688,False,0.0,0.0,covered_by_loss_backward_sanity
m6_scar_precision_edema_safe,synthetic_anchor_derived_t2_present,LGE+T2+C0,0,anatomy,lge_private,1,1,0.0011111112544313073,1.926044225692749,0.2005499005317688,False,0.0,0.0,covered_by_loss_backward_sanity
m6_scar_precision_edema_safe,synthetic_anchor_derived_t2_present,LGE+T2+C0,0,anatomy,lge_private,1,1,0.0011111112544313073,1.926044225692749,0.2005499005317688,False,0.0,0.0,covered_by_loss_backward_sanity
m6_scar_precision_edema_safe,synthetic_anchor_derived_t2_present,LGE+T2+C0,0,anatomy,lge_private,1,1,0.0011111112544313073,1.926044225692749,0.2005499005317688,False,0.0,0.0,covered_by_loss_backward_sanity
m6_scar_precision_edema_safe,synthetic_anchor_derived_t2_present,LGE+T2+C0,0,anatomy,lge_private,1,1,0.0011111112544313073,1.926044225692749,0.2005499005317688,False,0.0,0.0,covered_by_loss_backward_sanity
m6_scar_precision_edema_safe,synthetic_anchor_derived_t2_present,LGE+T2+C0,0,anatomy,lge_private,1,1,0.0011111112544313073,1.926044225692749,0.2005499005317688,False,0.0,0.0,covered_by_loss_backward_sanity
m6_scar_precision_edema_safe,synthetic_anchor_derived_t2_present,LGE+T2+C0,0,anatomy,t2_private,1,1,0.14917775988578796,1.926044225692749,0.2005499005317688,False,0.0,0.0,covered_by_loss_backward_sanity
m6_scar_precision_edema_safe,synthetic_anchor_derived_t2_present,LGE+T2+C0,0,anatomy,t2_private,1,1,0.0011111112544313073,1.926044225692749,0.2005499005317688,False,0.0,0.0,covered_by_loss_backward_sanity
m6_scar_precision_edema_safe,synthetic_anchor_derived_t2_present,LGE+T2+C0,0,anatomy,t2_private,1,1,0.0011111112544313073,1.926044225692749,0.2005499005317688,False,0.0,0.0,covered_by_loss_backward_sanity
m6_scar_precision_edema_safe,synthetic_anchor_derived_t2_present,LGE+T2+C0,0,anatomy,t2_private,1,1,0.0011111112544313073,1.926044225692749,0.2005499005317688,False,0.0,0.0,covered_by_loss_backward_sanity
m6_scar_precision_edema_safe,synthetic_anchor_derived_t2_present,LGE+T2+C0,0,anatomy,t2_private,1,1,0.0011111112544313073,1.926044225692749,0.2005499005317688,False,0.0,0.0,covered_by_loss_backward_sanity
m6_scar_precision_edema_safe,synthetic_anchor_derived_t2_present,LGE+T2+C0,0,anatomy,c0_private,1,1,0.0011111112544313073,1.926044225692749,0.2005499005317688,False,0.0,0.0,covered_by_loss_backward_sanity
m6_scar_precision_edema_safe,synthetic_anchor_derived_t2_present,LGE+T2+C0,0,anatomy,c0_private,1,1,0.0011111112544313073,1.926044225692749,0.2005499005317688,False,0.0,0.0,covered_by_loss_backward_sanity
m6_scar_precision_edema_safe,synthetic_anchor_derived_t2_present,LGE+T2+C0,0,anatomy,interaction_lge_t2,1,1,0.0011111112544313073,1.926044225692749,0.2005499005317688,False,0.0,0.0,covered_by_loss_backward_sanity
m6_scar_precision_edema_safe,synthetic_anchor_derived_t2_present,LGE+T2+C0,0,anatomy,interaction_lge_t2,1,1,0.0011111112544313073,1.926044225692749,0.2005499005317688,False,0.0,0.0,covered_by_loss_backward_sanity
m6_scar_precision_edema_safe,synthetic_anchor_derived_t2_present,LGE+T2+C0,0,anatomy,interaction_lge_t2,1,1,0.0011111112544313073,1.926044225692749,0.2005499005317688,False,0.0,0.0,covered_by_loss_backward_sanity
m6_scar_precision_edema_safe,synthetic_anchor_derived_t2_present,LGE+T2+C0,0,anatomy,interaction_lge_c0,1,1,0.0011111112544313073,1.926044225692749,0.2005499005317688,False,0.0,0.0,covered_by_loss_backward_sanity
m6_scar_precision_edema_safe,synthetic_anchor_derived_t2_present,LGE+T2+C0,0,anatomy,interaction_lge_c0,1,1,0.0011111112544313073,1.926044225692749,0.2005499005317688,False,0.0,0.0,covered_by_loss_backward_sanity
m6_scar_precision_edema_safe,synthetic_anchor_derived_t2_present,LGE+T2+C0,0,anatomy,interaction_lge_c0,1,1,0.0011111112544313073,1.926044225692749,0.2005499005317688,False,0.0,0.0,covered_by_loss_backward_sanity
m6_scar_precision_edema_safe,synthetic_anchor_derived_t2_present,LGE+T2+C0,0,anatomy,interaction_t2_c0,1,1,0.0011111112544313073,1.926044225692749,0.2005499005317688,False,0.0,0.0,covered_by_loss_backward_sanity
m6_scar_precision_edema_safe,synthetic_anchor_derived_t2_present,LGE+T2+C0,0,anatomy,interaction_t2_c0,1,1,0.16104359924793243,1.926044225692749,0.2005499005317688,False,0.0,0.0,covered_by_loss_backward_sanity
m6_scar_precision_edema_safe,synthetic_anchor_derived_t2_present,LGE+T2+C0,0,scar,shared,1,1,0.0011111111380159855,1.9290326833724976,0.18251943588256836,False,0.0,0.0,covered_by_loss_backward_sanity
m6_scar_precision_edema_safe,synthetic_anchor_derived_t2_present,LGE+T2+C0,0,scar,shared,1,1,0.0011111111380159855,1.9290326833724976,0.18251943588256836,False,0.0,0.0,covered_by_loss_backward_sanity
m6_scar_precision_edema_safe,synthetic_anchor_derived_t2_present,LGE+T2+C0,0,scar,shared,1,1,0.0011111111380159855,1.9290326833724976,0.18251943588256836,False,0.0,0.0,covered_by_loss_backward_sanity
m6_scar_precision_edema_safe,synthetic_anchor_derived_t2_present,LGE+T2+C0,0,scar,shared,1,1,0.0011111111380159855,1.9290326833724976,0.18251943588256836,False,0.0,0.0,covered_by_loss_backward_sanity
m6_scar_precision_edema_safe,synthetic_anchor_derived_t2_present,LGE+T2+C0,0,scar,shared,1,1,0.0011111111380159855,1.9290326833724976,0.18251943588256836,False,0.0,0.0,covered_by_loss_backward_sanity
m6_scar_precision_edema_safe,synthetic_anchor_derived_t2_present,LGE+T2+C0,0,scar,shared,1,1,0.0011111111380159855,1.9290326833724976,0.18251943588256836,False,0.0,0.0,covered_by_loss_backward_sanity
m6_scar_precision_edema_safe,synthetic_anchor_derived_t2_present,LGE+T2+C0,0,scar,lge_private,1,1,0.17115911841392517,1.9290326833724976,0.18251943588256836,False,0.0,0.0,covered_by_loss_backward_sanity
m6_scar_precision_edema_safe,synthetic_anchor_derived_t2_present,LGE+T2+C0,0,scar,lge_private,1,1,0.18251943588256836,1.9290326833724976,0.18251943588256836,False,0.0,0.0,covered_by_loss_backward_sanity
m6_scar_precision_edema_safe,synthetic_anchor_derived_t2_present,LGE+T2+C0,0,scar,lge_private,1,1,0.1638064682483673,1.9290326833724976,0.18251943588256836,False,0.0,0.0,covered_by_loss_backward_sanity
m6_scar_precision_edema_safe,synthetic_anchor_derived_t2_present,LGE+T2+C0,0,scar,lge_private,1,1,0.15015122294425964,1.9290326833724976,0.18251943588256836,False,0.0,0.0,covered_by_loss_backward_sanity
m6_scar_precision_edema_safe,synthetic_anchor_derived_t2_present,LGE+T2+C0,0,scar,lge_private,1,1,0.0011111111380159855,1.9290326833724976,0.18251943588256836,False,0.0,0.0,covered_by_loss_backward_sanity
m6_scar_precision_edema_safe,synthetic_anchor_derived_t2_present,LGE+T2+C0,0,scar,lge_private,1,1,0.16241709887981415,1.9290326833724976,0.18251943588256836,False,0.0,0.0,covered_by_loss_backward_sanity
m6_scar_precision_edema_safe,synthetic_anchor_derived_t2_present,LGE+T2+C0,0,scar,t2_private,1,1,0.0011111111380159855,1.9290326833724976,0.18251943588256836,False,0.0,0.0,covered_by_loss_backward_sanity
m6_scar_precision_edema_safe,synthetic_anchor_derived_t2_present,LGE+T2+C0,0,scar,t2_private,1,1,0.0011111111380159855,1.9290326833724976,0.18251943588256836,False,0.0,0.0,covered_by_loss_backward_sanity
m6_scar_precision_edema_safe,synthetic_anchor_derived_t2_present,LGE+T2+C0,0,scar,t2_private,1,1,0.0011111111380159855,1.9290326833724976,0.18251943588256836,False,0.0,0.0,covered_by_loss_backward_sanity
m6_scar_precision_edema_safe,synthetic_anchor_derived_t2_present,LGE+T2+C0,0,scar,t2_private,1,1,0.0011111111380159855,1.9290326833724976,0.18251943588256836,False,0.0,0.0,covered_by_loss_backward_sanity
m6_scar_precision_edema_safe,synthetic_anchor_derived_t2_present,LGE+T2+C0,0,scar,t2_private,1,1,0.0011111111380159855,1.9290326833724976,0.18251943588256836,False,0.0,0.0,covered_by_loss_backward_sanity
m6_scar_precision_edema_safe,synthetic_anchor_derived_t2_present,LGE+T2+C0,0,scar,c0_private,1,1,0.0011111111380159855,1.9290326833724976,0.18251943588256836,False,0.0,0.0,covered_by_loss_backward_sanity
m6_scar_precision_edema_safe,synthetic_anchor_derived_t2_present,LGE+T2+C0,0,scar,c0_private,1,1,0.0011111111380159855,1.9290326833724976,0.18251943588256836,False,0.0,0.0,covered_by_loss_backward_sanity
m6_scar_precision_edema_safe,synthetic_anchor_derived_t2_present,LGE+T2+C0,0,scar,interaction_lge_t2,1,1,0.0011111111380159855,1.9290326833724976,0.18251943588256836,False,0.0,0.0,covered_by_loss_backward_sanity
m6_scar_precision_edema_safe,synthetic_anchor_derived_t2_present,LGE+T2+C0,0,scar,interaction_lge_t2,1,1,0.0011111111380159855,1.9290326833724976,0.18251943588256836,False,0.0,0.0,covered_by_loss_backward_sanity
m6_scar_precision_edema_safe,synthetic_anchor_derived_t2_present,LGE+T2+C0,0,scar,interaction_lge_t2,1,1,0.14661335945129395,1.9290326833724976,0.18251943588256836,False,0.0,0.0,covered_by_loss_backward_sanity
m6_scar_precision_edema_safe,synthetic_anchor_derived_t2_present,LGE+T2+C0,0,scar,interaction_lge_c0,1,1,0.0011111111380159855,1.9290326833724976,0.18251943588256836,False,0.0,0.0,covered_by_loss_backward_sanity
m6_scar_precision_edema_safe,synthetic_anchor_derived_t2_present,LGE+T2+C0,0,scar,interaction_lge_c0,1,1,0.0011111111380159855,1.9290326833724976,0.18251943588256836,False,0.0,0.0,covered_by_loss_backward_sanity
m6_scar_precision_edema_safe,synthetic_anchor_derived_t2_present,LGE+T2+C0,0,scar,interaction_lge_c0,1,1,0.0011111111380159855,1.9290326833724976,0.18251943588256836,False,0.0,0.0,covered_by_loss_backward_sanity
m6_scar_precision_edema_safe,synthetic_anchor_derived_t2_present,LGE+T2+C0,0,scar,interaction_t2_c0,1,1,0.0011111111380159855,1.9290326833724976,0.18251943588256836,False,0.0,0.0,covered_by_loss_backward_sanity
m6_scar_precision_edema_safe,synthetic_anchor_derived_t2_present,LGE+T2+C0,0,scar,interaction_t2_c0,1,1,0.0011111111380159855,1.9290326833724976,0.18251943588256836,False,0.0,0.0,covered_by_loss_backward_sanity
m6_scar_precision_edema_safe,synthetic_anchor_derived_t2_present,LGE+T2+C0,0,edema,shared,1,1,0.0011111111380159855,1.9161959886550903,0.20579764246940613,False,0.0,0.0,covered_by_loss_backward_sanity
m6_scar_precision_edema_safe,synthetic_anchor_derived_t2_present,LGE+T2+C0,0,edema,shared,1,1,0.0011111111380159855,1.9161959886550903,0.20579764246940613,False,0.0,0.0,covered_by_loss_backward_sanity
m6_scar_precision_edema_safe,synthetic_anchor_derived_t2_present,LGE+T2+C0,0,edema,shared,1,1,0.0011111111380159855,1.9161959886550903,0.20579764246940613,False,0.0,0.0,covered_by_loss_backward_sanity
m6_scar_precision_edema_safe,synthetic_anchor_derived_t2_present,LGE+T2+C0,0,edema,shared,1,1,0.0011111111380159855,1.9161959886550903,0.20579764246940613,False,0.0,0.0,covered_by_loss_backward_sanity
m6_scar_precision_edema_safe,synthetic_anchor_derived_t2_present,LGE+T2+C0,0,edema,shared,1,1,0.0011111111380159855,1.9161959886550903,0.20579764246940613,False,0.0,0.0,covered_by_loss_backward_sanity
m6_scar_precision_edema_safe,synthetic_anchor_derived_t2_present,LGE+T2+C0,0,edema,shared,1,1,0.0011111111380159855,1.9161959886550903,0.20579764246940613,False,0.0,0.0,covered_by_loss_backward_sanity
m6_scar_precision_edema_safe,synthetic_anchor_derived_t2_present,LGE+T2+C0,0,edema,lge_private,1,1,0.0011111111380159855,1.9161959886550903,0.20579764246940613,False,0.0,0.0,covered_by_loss_backward_sanity
m6_scar_precision_edema_safe,synthetic_anchor_derived_t2_present,LGE+T2+C0,0,edema,lge_private,1,1,0.0011111111380159855,1.9161959886550903,0.20579764246940613,False,0.0,0.0,covered_by_loss_backward_sanity
m6_scar_precision_edema_safe,synthetic_anchor_derived_t2_present,LGE+T2+C0,0,edema,lge_private,1,1,0.0011111111380159855,1.9161959886550903,0.20579764246940613,False,0.0,0.0,covered_by_loss_backward_sanity
m6_scar_precision_edema_safe,synthetic_anchor_derived_t2_present,LGE+T2+C0,0,edema,lge_private,1,1,0.0011111111380159855,1.9161959886550903,0.20579764246940613,False,0.0,0.0,covered_by_loss_backward_sanity
m6_scar_precision_edema_safe,synthetic_anchor_derived_t2_present,LGE+T2+C0,0,edema,lge_private,1,1,0.0011111111380159855,1.9161959886550903,0.20579764246940613,False,0.0,0.0,covered_by_loss_backward_sanity
m6_scar_precision_edema_safe,synthetic_anchor_derived_t2_present,LGE+T2+C0,0,edema,lge_private,1,1,0.0011111111380159855,1.9161959886550903,0.20579764246940613,False,0.0,0.0,covered_by_loss_backward_sanity
m6_scar_precision_edema_safe,synthetic_anchor_derived_t2_present,LGE+T2+C0,0,edema,t2_private,1,1,0.1484958976507187,1.9161959886550903,0.20579764246940613,False,0.0,0.0,covered_by_loss_backward_sanity
m6_scar_precision_edema_safe,synthetic_anchor_derived_t2_present,LGE+T2+C0,0,edema,t2_private,1,1,0.17654502391815186,1.9161959886550903,0.20579764246940613,False,0.0,0.0,covered_by_loss_backward_sanity
m6_scar_precision_edema_safe,synthetic_anchor_derived_t2_present,LGE+T2+C0,0,edema,t2_private,1,1,0.20579764246940613,1.9161959886550903,0.20579764246940613,False,0.0,0.0,covered_by_loss_backward_sanity
m6_scar_precision_edema_safe,synthetic_anchor_derived_t2_present,LGE+T2+C0,0,edema,t2_private,1,1,0.18592222034931183,1.9161959886550903,0.20579764246940613,False,0.0,0.0,covered_by_loss_backward_sanity
m6_scar_precision_edema_safe,synthetic_anchor_derived_t2_present,LGE+T2+C0,0,edema,t2_private,1,1,0.1371248960494995,1.9161959886550903,0.20579764246940613,False,0.0,0.0,covered_by_loss_backward_sanity
m6_scar_precision_edema_safe,synthetic_anchor_derived_t2_present,LGE+T2+C0,0,edema,c0_private,1,1,0.0011111111380159855,1.9161959886550903,0.20579764246940613,False,0.0,0.0,covered_by_loss_backward_sanity
m6_scar_precision_edema_safe,synthetic_anchor_derived_t2_present,LGE+T2+C0,0,edema,c0_private,1,1,0.0011111111380159855,1.9161959886550903,0.20579764246940613,False,0.0,0.0,covered_by_loss_backward_sanity
m6_scar_precision_edema_safe,synthetic_anchor_derived_t2_present,LGE+T2+C0,0,edema,interaction_lge_t2,1,1,0.0011111111380159855,1.9161959886550903,0.20579764246940613,False,0.0,0.0,covered_by_loss_backward_sanity
m6_scar_precision_edema_safe,synthetic_anchor_derived_t2_present,LGE+T2+C0,0,edema,interaction_lge_t2,1,1,0.12278096377849579,1.9161959886550903,0.20579764246940613,False,0.0,0.0,covered_by_loss_backward_sanity
m6_scar_precision_edema_safe,synthetic_anchor_derived_t2_present,LGE+T2+C0,0,edema,interaction_lge_t2,1,1,0.0011111111380159855,1.9161959886550903,0.20579764246940613,False,0.0,0.0,covered_by_loss_backward_sanity
m6_scar_precision_edema_safe,synthetic_anchor_derived_t2_present,LGE+T2+C0,0,edema,interaction_lge_c0,1,1,0.0011111111380159855,1.9161959886550903,0.20579764246940613,False,0.0,0.0,covered_by_loss_backward_sanity
m6_scar_precision_edema_safe,synthetic_anchor_derived_t2_present,LGE+T2+C0,0,edema,interaction_lge_c0,1,1,0.0011111111380159855,1.9161959886550903,0.20579764246940613,False,0.0,0.0,covered_by_loss_backward_sanity
m6_scar_precision_edema_safe,synthetic_anchor_derived_t2_present,LGE+T2+C0,0,edema,interaction_lge_c0,1,1,0.0011111111380159855,1.9161959886550903,0.20579764246940613,False,0.0,0.0,covered_by_loss_backward_sanity
m6_scar_precision_edema_safe,synthetic_anchor_derived_t2_present,LGE+T2+C0,0,edema,interaction_t2_c0,1,1,0.0011111111380159855,1.9161959886550903,0.20579764246940613,False,0.0,0.0,covered_by_loss_backward_sanity
m6_scar_precision_edema_safe,synthetic_anchor_derived_t2_present,LGE+T2+C0,0,edema,interaction_t2_c0,1,1,0.0011111111380159855,1.9161959886550903,0.20579764246940613,False,0.0,0.0,covered_by_loss_backward_sanity
m6_scar_precision_edema_safe,synthetic_anchor_derived_t2_present,LGE+T2+C0,1,anatomy,shared,1,1,0.19325484335422516,1.9111257791519165,0.22273443639278412,False,0.0,0.0,covered_by_loss_backward_sanity
m6_scar_precision_edema_safe,synthetic_anchor_derived_t2_present,LGE+T2+C0,1,anatomy,shared,1,1,0.13124984502792358,1.9111257791519165,0.22273443639278412,False,0.0,0.0,covered_by_loss_backward_sanity
m6_scar_precision_edema_safe,synthetic_anchor_derived_t2_present,LGE+T2+C0,1,anatomy,shared,1,1,0.22273443639278412,1.9111257791519165,0.22273443639278412,False,0.0,0.0,covered_by_loss_backward_sanity
m6_scar_precision_edema_safe,synthetic_anchor_derived_t2_present,LGE+T2+C0,1,anatomy,shared,1,1,0.0011111112544313073,1.9111257791519165,0.22273443639278412,False,0.0,0.0,covered_by_loss_backward_sanity
m6_scar_precision_edema_safe,synthetic_anchor_derived_t2_present,LGE+T2+C0,1,anatomy,shared,1,1,0.1364574283361435,1.9111257791519165,0.22273443639278412,False,0.0,0.0,covered_by_loss_backward_sanity
m6_scar_precision_edema_safe,synthetic_anchor_derived_t2_present,LGE+T2+C0,1,anatomy,shared,1,1,0.13557641208171844,1.9111257791519165,0.22273443639278412,False,0.0,0.0,covered_by_loss_backward_sanity
m6_scar_precision_edema_safe,synthetic_anchor_derived_t2_present,LGE+T2+C0,1,anatomy,lge_private,1,1,0.0011111112544313073,1.9111257791519165,0.22273443639278412,False,0.0,0.0,covered_by_loss_backward_sanity
m6_scar_precision_edema_safe,synthetic_anchor_derived_t2_present,LGE+T2+C0,1,anatomy,lge_private,1,1,0.0011111112544313073,1.9111257791519165,0.22273443639278412,False,0.0,0.0,covered_by_loss_backward_sanity
m6_scar_precision_edema_safe,synthetic_anchor_derived_t2_present,LGE+T2+C0,1,anatomy,lge_private,1,1,0.0011111112544313073,1.9111257791519165,0.22273443639278412,False,0.0,0.0,covered_by_loss_backward_sanity
m6_scar_precision_edema_safe,synthetic_anchor_derived_t2_present,LGE+T2+C0,1,anatomy,lge_private,1,1,0.0011111112544313073,1.9111257791519165,0.22273443639278412,False,0.0,0.0,covered_by_loss_backward_sanity
m6_scar_precision_edema_safe,synthetic_anchor_derived_t2_present,LGE+T2+C0,1,anatomy,lge_private,1,1,0.0011111112544313073,1.9111257791519165,0.22273443639278412,False,0.0,0.0,covered_by_loss_backward_sanity
m6_scar_precision_edema_safe,synthetic_anchor_derived_t2_present,LGE+T2+C0,1,anatomy,lge_private,1,1,0.0011111112544313073,1.9111257791519165,0.22273443639278412,False,0.0,0.0,covered_by_loss_backward_sanity
m6_scar_precision_edema_safe,synthetic_anchor_derived_t2_present,LGE+T2+C0,1,anatomy,t2_private,1,1,0.0011111112544313073,1.9111257791519165,0.22273443639278412,False,0.0,0.0,covered_by_loss_backward_sanity
m6_scar_precision_edema_safe,synthetic_anchor_derived_t2_present,LGE+T2+C0,1,anatomy,t2_private,1,1,0.0011111112544313073,1.9111257791519165,0.22273443639278412,False,0.0,0.0,covered_by_loss_backward_sanity
m6_scar_precision_edema_safe,synthetic_anchor_derived_t2_present,LGE+T2+C0,1,anatomy,t2_private,1,1,0.0011111112544313073,1.9111257791519165,0.22273443639278412,False,0.0,0.0,covered_by_loss_backward_sanity
m6_scar_precision_edema_safe,synthetic_anchor_derived_t2_present,LGE+T2+C0,1,anatomy,t2_private,1,1,0.0011111112544313073,1.9111257791519165,0.22273443639278412,False,0.0,0.0,covered_by_loss_backward_sanity
m6_scar_precision_edema_safe,synthetic_anchor_derived_t2_present,LGE+T2+C0,1,anatomy,t2_private,1,1,0.0011111112544313073,1.9111257791519165,0.22273443639278412,False,0.0,0.0,covered_by_loss_backward_sanity
m6_scar_precision_edema_safe,synthetic_anchor_derived_t2_present,LGE+T2+C0,1,anatomy,c0_private,1,1,0.0011111112544313073,1.9111257791519165,0.22273443639278412,False,0.0,0.0,covered_by_loss_backward_sanity
m6_scar_precision_edema_safe,synthetic_anchor_derived_t2_present,LGE+T2+C0,1,anatomy,c0_private,1,1,0.0011111112544313073,1.9111257791519165,0.22273443639278412,False,0.0,0.0,covered_by_loss_backward_sanity
m6_scar_precision_edema_safe,synthetic_anchor_derived_t2_present,LGE+T2+C0,1,anatomy,interaction_lge_t2,1,1,0.0011111112544313073,1.9111257791519165,0.22273443639278412,False,0.0,0.0,covered_by_loss_backward_sanity
m6_scar_precision_edema_safe,synthetic_anchor_derived_t2_present,LGE+T2+C0,1,anatomy,interaction_lge_t2,1,1,0.0011111112544313073,1.9111257791519165,0.22273443639278412,False,0.0,0.0,covered_by_loss_backward_sanity
m6_scar_precision_edema_safe,synthetic_anchor_derived_t2_present,LGE+T2+C0,1,anatomy,interaction_lge_t2,1,1,0.0011111112544313073,1.9111257791519165,0.22273443639278412,False,0.0,0.0,covered_by_loss_backward_sanity
m6_scar_precision_edema_safe,synthetic_anchor_derived_t2_present,LGE+T2+C0,1,anatomy,interaction_lge_c0,1,1,0.15739381313323975,1.9111257791519165,0.22273443639278412,False,0.0,0.0,covered_by_loss_backward_sanity
m6_scar_precision_edema_safe,synthetic_anchor_derived_t2_present,LGE+T2+C0,1,anatomy,interaction_lge_c0,1,1,0.0011111112544313073,1.9111257791519165,0.22273443639278412,False,0.0,0.0,covered_by_loss_backward_sanity
m6_scar_precision_edema_safe,synthetic_anchor_derived_t2_present,LGE+T2+C0,1,anatomy,interaction_lge_c0,1,1,0.0011111112544313073,1.9111257791519165,0.22273443639278412,False,0.0,0.0,covered_by_loss_backward_sanity
m6_scar_precision_edema_safe,synthetic_anchor_derived_t2_present,LGE+T2+C0,1,anatomy,interaction_t2_c0,1,1,0.0011111112544313073,1.9111257791519165,0.22273443639278412,False,0.0,0.0,covered_by_loss_backward_sanity
m6_scar_precision_edema_safe,synthetic_anchor_derived_t2_present,LGE+T2+C0,1,anatomy,interaction_t2_c0,1,1,0.0011111112544313073,1.9111257791519165,0.22273443639278412,False,0.0,0.0,covered_by_loss_backward_sanity
m6_scar_precision_edema_safe,synthetic_anchor_derived_t2_present,LGE+T2+C0,1,scar,shared,1,1,0.0011111112544313073,1.9165728092193604,0.19519639015197754,False,0.0,0.0,covered_by_loss_backward_sanity
m6_scar_precision_edema_safe,synthetic_anchor_derived_t2_present,LGE+T2+C0,1,scar,shared,1,1,0.0011111112544313073,1.9165728092193604,0.19519639015197754,False,0.0,0.0,covered_by_loss_backward_sanity
m6_scar_precision_edema_safe,synthetic_anchor_derived_t2_present,LGE+T2+C0,1,scar,shared,1,1,0.0011111112544313073,1.9165728092193604,0.19519639015197754,False,0.0,0.0,covered_by_loss_backward_sanity
m6_scar_precision_edema_safe,synthetic_anchor_derived_t2_present,LGE+T2+C0,1,scar,shared,1,1,0.0011111112544313073,1.9165728092193604,0.19519639015197754,False,0.0,0.0,covered_by_loss_backward_sanity
m6_scar_precision_edema_safe,synthetic_anchor_derived_t2_present,LGE+T2+C0,1,scar,shared,1,1,0.0011111112544313073,1.9165728092193604,0.19519639015197754,False,0.0,0.0,covered_by_loss_backward_sanity
m6_scar_precision_edema_safe,synthetic_anchor_derived_t2_present,LGE+T2+C0,1,scar,shared,1,1,0.0011111112544313073,1.9165728092193604,0.19519639015197754,False,0.0,0.0,covered_by_loss_backward_sanity
m6_scar_precision_edema_safe,synthetic_anchor_derived_t2_present,LGE+T2+C0,1,scar,lge_private,1,1,0.11499033868312836,1.9165728092193604,0.19519639015197754,False,0.0,0.0,covered_by_loss_backward_sanity
m6_scar_precision_edema_safe,synthetic_anchor_derived_t2_present,LGE+T2+C0,1,scar,lge_private,1,1,0.19399070739746094,1.9165728092193604,0.19519639015197754,False,0.0,0.0,covered_by_loss_backward_sanity
m6_scar_precision_edema_safe,synthetic_anchor_derived_t2_present,LGE+T2+C0,1,scar,lge_private,1,1,0.14163270592689514,1.9165728092193604,0.19519639015197754,False,0.0,0.0,covered_by_loss_backward_sanity
m6_scar_precision_edema_safe,synthetic_anchor_derived_t2_present,LGE+T2+C0,1,scar,lge_private,1,1,0.16443587839603424,1.9165728092193604,0.19519639015197754,False,0.0,0.0,covered_by_loss_backward_sanity
m6_scar_precision_edema_safe,synthetic_anchor_derived_t2_present,LGE+T2+C0,1,scar,lge_private,1,1,0.1664208173751831,1.9165728092193604,0.19519639015197754,False,0.0,0.0,covered_by_loss_backward_sanity
m6_scar_precision_edema_safe,synthetic_anchor_derived_t2_present,LGE+T2+C0,1,scar,lge_private,1,1,0.19519639015197754,1.9165728092193604,0.19519639015197754,False,0.0,0.0,covered_by_loss_backward_sanity
m6_scar_precision_edema_safe,synthetic_anchor_derived_t2_present,LGE+T2+C0,1,scar,t2_private,1,1,0.0011111112544313073,1.9165728092193604,0.19519639015197754,False,0.0,0.0,covered_by_loss_backward_sanity
m6_scar_precision_edema_safe,synthetic_anchor_derived_t2_present,LGE+T2+C0,1,scar,t2_private,1,1,0.0011111112544313073,1.9165728092193604,0.19519639015197754,False,0.0,0.0,covered_by_loss_backward_sanity
m6_scar_precision_edema_safe,synthetic_anchor_derived_t2_present,LGE+T2+C0,1,scar,t2_private,1,1,0.0011111112544313073,1.9165728092193604,0.19519639015197754,False,0.0,0.0,covered_by_loss_backward_sanity
m6_scar_precision_edema_safe,synthetic_anchor_derived_t2_present,LGE+T2+C0,1,scar,t2_private,1,1,0.0011111112544313073,1.9165728092193604,0.19519639015197754,False,0.0,0.0,covered_by_loss_backward_sanity
m6_scar_precision_edema_safe,synthetic_anchor_derived_t2_present,LGE+T2+C0,1,scar,t2_private,1,1,0.0011111112544313073,1.9165728092193604,0.19519639015197754,False,0.0,0.0,covered_by_loss_backward_sanity
m6_scar_precision_edema_safe,synthetic_anchor_derived_t2_present,LGE+T2+C0,1,scar,c0_private,1,1,0.0011111112544313073,1.9165728092193604,0.19519639015197754,False,0.0,0.0,covered_by_loss_backward_sanity
m6_scar_precision_edema_safe,synthetic_anchor_derived_t2_present,LGE+T2+C0,1,scar,c0_private,1,1,0.0011111112544313073,1.9165728092193604,0.19519639015197754,False,0.0,0.0,covered_by_loss_backward_sanity
m6_scar_precision_edema_safe,synthetic_anchor_derived_t2_present,LGE+T2+C0,1,scar,interaction_lge_t2,1,1,0.0011111112544313073,1.9165728092193604,0.19519639015197754,False,0.0,0.0,covered_by_loss_backward_sanity
m6_scar_precision_edema_safe,synthetic_anchor_derived_t2_present,LGE+T2+C0,1,scar,interaction_lge_t2,1,1,0.0011111112544313073,1.9165728092193604,0.19519639015197754,False,0.0,0.0,covered_by_loss_backward_sanity
m6_scar_precision_edema_safe,synthetic_anchor_derived_t2_present,LGE+T2+C0,1,scar,interaction_lge_t2,1,1,0.0011111112544313073,1.9165728092193604,0.19519639015197754,False,0.0,0.0,covered_by_loss_backward_sanity
m6_scar_precision_edema_safe,synthetic_anchor_derived_t2_present,LGE+T2+C0,1,scar,interaction_lge_c0,1,1,0.0011111112544313073,1.9165728092193604,0.19519639015197754,False,0.0,0.0,covered_by_loss_backward_sanity
m6_scar_precision_edema_safe,synthetic_anchor_derived_t2_present,LGE+T2+C0,1,scar,interaction_lge_c0,1,1,0.0011111112544313073,1.9165728092193604,0.19519639015197754,False,0.0,0.0,covered_by_loss_backward_sanity
m6_scar_precision_edema_safe,synthetic_anchor_derived_t2_present,LGE+T2+C0,1,scar,interaction_lge_c0,1,1,0.0011111112544313073,1.9165728092193604,0.19519639015197754,False,0.0,0.0,covered_by_loss_backward_sanity
m6_scar_precision_edema_safe,synthetic_anchor_derived_t2_present,LGE+T2+C0,1,scar,interaction_t2_c0,1,1,0.0011111112544313073,1.9165728092193604,0.19519639015197754,False,0.0,0.0,covered_by_loss_backward_sanity
m6_scar_precision_edema_safe,synthetic_anchor_derived_t2_present,LGE+T2+C0,1,scar,interaction_t2_c0,1,1,0.0011111112544313073,1.9165728092193604,0.19519639015197754,False,0.0,0.0,covered_by_loss_backward_sanity
m6_scar_precision_edema_safe,synthetic_anchor_derived_t2_present,LGE+T2+C0,1,edema,shared,1,1,0.0011111111380159855,1.8825398683547974,0.25934261083602905,False,0.0,0.0,covered_by_loss_backward_sanity
m6_scar_precision_edema_safe,synthetic_anchor_derived_t2_present,LGE+T2+C0,1,edema,shared,1,1,0.0011111111380159855,1.8825398683547974,0.25934261083602905,False,0.0,0.0,covered_by_loss_backward_sanity
m6_scar_precision_edema_safe,synthetic_anchor_derived_t2_present,LGE+T2+C0,1,edema,shared,1,1,0.0011111111380159855,1.8825398683547974,0.25934261083602905,False,0.0,0.0,covered_by_loss_backward_sanity
m6_scar_precision_edema_safe,synthetic_anchor_derived_t2_present,LGE+T2+C0,1,edema,shared,1,1,0.0011111111380159855,1.8825398683547974,0.25934261083602905,False,0.0,0.0,covered_by_loss_backward_sanity
m6_scar_precision_edema_safe,synthetic_anchor_derived_t2_present,LGE+T2+C0,1,edema,shared,1,1,0.0011111111380159855,1.8825398683547974,0.25934261083602905,False,0.0,0.0,covered_by_loss_backward_sanity
m6_scar_precision_edema_safe,synthetic_anchor_derived_t2_present,LGE+T2+C0,1,edema,shared,1,1,0.0011111111380159855,1.8825398683547974,0.25934261083602905,False,0.0,0.0,covered_by_loss_backward_sanity
m6_scar_precision_edema_safe,synthetic_anchor_derived_t2_present,LGE+T2+C0,1,edema,lge_private,1,1,0.0011111111380159855,1.8825398683547974,0.25934261083602905,False,0.0,0.0,covered_by_loss_backward_sanity
m6_scar_precision_edema_safe,synthetic_anchor_derived_t2_present,LGE+T2+C0,1,edema,lge_private,1,1,0.0011111111380159855,1.8825398683547974,0.25934261083602905,False,0.0,0.0,covered_by_loss_backward_sanity
m6_scar_precision_edema_safe,synthetic_anchor_derived_t2_present,LGE+T2+C0,1,edema,lge_private,1,1,0.0011111111380159855,1.8825398683547974,0.25934261083602905,False,0.0,0.0,covered_by_loss_backward_sanity
m6_scar_precision_edema_safe,synthetic_anchor_derived_t2_present,LGE+T2+C0,1,edema,lge_private,1,1,0.0011111111380159855,1.8825398683547974,0.25934261083602905,False,0.0,0.0,covered_by_loss_backward_sanity
m6_scar_precision_edema_safe,synthetic_anchor_derived_t2_present,LGE+T2+C0,1,edema,lge_private,1,1,0.0011111111380159855,1.8825398683547974,0.25934261083602905,False,0.0,0.0,covered_by_loss_backward_sanity
m6_scar_precision_edema_safe,synthetic_anchor_derived_t2_present,LGE+T2+C0,1,edema,lge_private,1,1,0.0011111111380159855,1.8825398683547974,0.25934261083602905,False,0.0,0.0,covered_by_loss_backward_sanity
m6_scar_precision_edema_safe,synthetic_anchor_derived_t2_present,LGE+T2+C0,1,edema,t2_private,1,1,0.12634876370429993,1.8825398683547974,0.25934261083602905,False,0.0,0.0,covered_by_loss_backward_sanity
m6_scar_precision_edema_safe,synthetic_anchor_derived_t2_present,LGE+T2+C0,1,edema,t2_private,1,1,0.25934261083602905,1.8825398683547974,0.25934261083602905,False,0.0,0.0,covered_by_loss_backward_sanity
m6_scar_precision_edema_safe,synthetic_anchor_derived_t2_present,LGE+T2+C0,1,edema,t2_private,1,1,0.1882375180721283,1.8825398683547974,0.25934261083602905,False,0.0,0.0,covered_by_loss_backward_sanity
m6_scar_precision_edema_safe,synthetic_anchor_derived_t2_present,LGE+T2+C0,1,edema,t2_private,1,1,0.17782166600227356,1.8825398683547974,0.25934261083602905,False,0.0,0.0,covered_by_loss_backward_sanity
m6_scar_precision_edema_safe,synthetic_anchor_derived_t2_present,LGE+T2+C0,1,edema,t2_private,1,1,0.1200466901063919,1.8825398683547974,0.25934261083602905,False,0.0,0.0,covered_by_loss_backward_sanity
m6_scar_precision_edema_safe,synthetic_anchor_derived_t2_present,LGE+T2+C0,1,edema,c0_private,1,1,0.0011111111380159855,1.8825398683547974,0.25934261083602905,False,0.0,0.0,covered_by_loss_backward_sanity
m6_scar_precision_edema_safe,synthetic_anchor_derived_t2_present,LGE+T2+C0,1,edema,c0_private,1,1,0.0011111111380159855,1.8825398683547974,0.25934261083602905,False,0.0,0.0,covered_by_loss_backward_sanity
m6_scar_precision_edema_safe,synthetic_anchor_derived_t2_present,LGE+T2+C0,1,edema,interaction_lge_t2,1,1,0.0011111111380159855,1.8825398683547974,0.25934261083602905,False,0.0,0.0,covered_by_loss_backward_sanity
m6_scar_precision_edema_safe,synthetic_anchor_derived_t2_present,LGE+T2+C0,1,edema,interaction_lge_t2,1,1,0.0011111111380159855,1.8825398683547974,0.25934261083602905,False,0.0,0.0,covered_by_loss_backward_sanity
m6_scar_precision_edema_safe,synthetic_anchor_derived_t2_present,LGE+T2+C0,1,edema,interaction_lge_t2,1,1,0.0011111111380159855,1.8825398683547974,0.25934261083602905,False,0.0,0.0,covered_by_loss_backward_sanity
m6_scar_precision_edema_safe,synthetic_anchor_derived_t2_present,LGE+T2+C0,1,edema,interaction_lge_c0,1,1,0.0011111111380159855,1.8825398683547974,0.25934261083602905,False,0.0,0.0,covered_by_loss_backward_sanity
m6_scar_precision_edema_safe,synthetic_anchor_derived_t2_present,LGE+T2+C0,1,edema,interaction_lge_c0,1,1,0.0011111111380159855,1.8825398683547974,0.25934261083602905,False,0.0,0.0,covered_by_loss_backward_sanity
m6_scar_precision_edema_safe,synthetic_anchor_derived_t2_present,LGE+T2+C0,1,edema,interaction_lge_c0,1,1,0.0011111111380159855,1.8825398683547974,0.25934261083602905,False,0.0,0.0,covered_by_loss_backward_sanity
m6_scar_precision_edema_safe,synthetic_anchor_derived_t2_present,LGE+T2+C0,1,edema,interaction_t2_c0,1,1,0.0011111111380159855,1.8825398683547974,0.25934261083602905,False,0.0,0.0,covered_by_loss_backward_sanity
m6_scar_precision_edema_safe,synthetic_anchor_derived_t2_present,LGE+T2+C0,1,edema,interaction_t2_c0,1,1,0.10486943274736404,1.8825398683547974,0.25934261083602905,False,0.0,0.0,covered_by_loss_backward_sanity
m6_scar_precision_edema_safe,synthetic_anchor_derived_t2_present,LGE+T2+C0,2,anatomy,shared,1,1,0.18074488639831543,1.9251742362976074,0.19505493342876434,False,0.0,0.0,covered_by_loss_backward_sanity
m6_scar_precision_edema_safe,synthetic_anchor_derived_t2_present,LGE+T2+C0,2,anatomy,shared,1,1,0.19505493342876434,1.9251742362976074,0.19505493342876434,False,0.0,0.0,covered_by_loss_backward_sanity
m6_scar_precision_edema_safe,synthetic_anchor_derived_t2_present,LGE+T2+C0,2,anatomy,shared,1,1,0.1607050597667694,1.9251742362976074,0.19505493342876434,False,0.0,0.0,covered_by_loss_backward_sanity
m6_scar_precision_edema_safe,synthetic_anchor_derived_t2_present,LGE+T2+C0,2,anatomy,shared,1,1,0.14949806034564972,1.9251742362976074,0.19505493342876434,False,0.0,0.0,covered_by_loss_backward_sanity
m6_scar_precision_edema_safe,synthetic_anchor_derived_t2_present,LGE+T2+C0,2,anatomy,shared,1,1,0.14883163571357727,1.9251742362976074,0.19505493342876434,False,0.0,0.0,covered_by_loss_backward_sanity
m6_scar_precision_edema_safe,synthetic_anchor_derived_t2_present,LGE+T2+C0,2,anatomy,shared,1,1,0.0011111112544313073,1.9251742362976074,0.19505493342876434,False,0.0,0.0,covered_by_loss_backward_sanity
m6_scar_precision_edema_safe,synthetic_anchor_derived_t2_present,LGE+T2+C0,2,anatomy,lge_private,1,1,0.0011111112544313073,1.9251742362976074,0.19505493342876434,False,0.0,0.0,covered_by_loss_backward_sanity
m6_scar_precision_edema_safe,synthetic_anchor_derived_t2_present,LGE+T2+C0,2,anatomy,lge_private,1,1,0.0011111112544313073,1.9251742362976074,0.19505493342876434,False,0.0,0.0,covered_by_loss_backward_sanity
m6_scar_precision_edema_safe,synthetic_anchor_derived_t2_present,LGE+T2+C0,2,anatomy,lge_private,1,1,0.0011111112544313073,1.9251742362976074,0.19505493342876434,False,0.0,0.0,covered_by_loss_backward_sanity
m6_scar_precision_edema_safe,synthetic_anchor_derived_t2_present,LGE+T2+C0,2,anatomy,lge_private,1,1,0.0011111112544313073,1.9251742362976074,0.19505493342876434,False,0.0,0.0,covered_by_loss_backward_sanity
m6_scar_precision_edema_safe,synthetic_anchor_derived_t2_present,LGE+T2+C0,2,anatomy,lge_private,1,1,0.0011111112544313073,1.9251742362976074,0.19505493342876434,False,0.0,0.0,covered_by_loss_backward_sanity
m6_scar_precision_edema_safe,synthetic_anchor_derived_t2_present,LGE+T2+C0,2,anatomy,lge_private,1,1,0.0011111112544313073,1.9251742362976074,0.19505493342876434,False,0.0,0.0,covered_by_loss_backward_sanity
m6_scar_precision_edema_safe,synthetic_anchor_derived_t2_present,LGE+T2+C0,2,anatomy,t2_private,1,1,0.0011111112544313073,1.9251742362976074,0.19505493342876434,False,0.0,0.0,covered_by_loss_backward_sanity
m6_scar_precision_edema_safe,synthetic_anchor_derived_t2_present,LGE+T2+C0,2,anatomy,t2_private,1,1,0.0011111112544313073,1.9251742362976074,0.19505493342876434,False,0.0,0.0,covered_by_loss_backward_sanity
m6_scar_precision_edema_safe,synthetic_anchor_derived_t2_present,LGE+T2+C0,2,anatomy,t2_private,1,1,0.0011111112544313073,1.9251742362976074,0.19505493342876434,False,0.0,0.0,covered_by_loss_backward_sanity
m6_scar_precision_edema_safe,synthetic_anchor_derived_t2_present,LGE+T2+C0,2,anatomy,t2_private,1,1,0.0011111112544313073,1.9251742362976074,0.19505493342876434,False,0.0,0.0,covered_by_loss_backward_sanity
m6_scar_precision_edema_safe,synthetic_anchor_derived_t2_present,LGE+T2+C0,2,anatomy,t2_private,1,1,0.0011111112544313073,1.9251742362976074,0.19505493342876434,False,0.0,0.0,covered_by_loss_backward_sanity
m6_scar_precision_edema_safe,synthetic_anchor_derived_t2_present,LGE+T2+C0,2,anatomy,c0_private,1,1,0.0011111112544313073,1.9251742362976074,0.19505493342876434,False,0.0,0.0,covered_by_loss_backward_sanity
m6_scar_precision_edema_safe,synthetic_anchor_derived_t2_present,LGE+T2+C0,2,anatomy,c0_private,1,1,0.0011111112544313073,1.9251742362976074,0.19505493342876434,False,0.0,0.0,covered_by_loss_backward_sanity
m6_scar_precision_edema_safe,synthetic_anchor_derived_t2_present,LGE+T2+C0,2,anatomy,interaction_lge_t2,1,1,0.0011111112544313073,1.9251742362976074,0.19505493342876434,False,0.0,0.0,covered_by_loss_backward_sanity
m6_scar_precision_edema_safe,synthetic_anchor_derived_t2_present,LGE+T2+C0,2,anatomy,interaction_lge_t2,1,1,0.141832172870636,1.9251742362976074,0.19505493342876434,False,0.0,0.0,covered_by_loss_backward_sanity
m6_scar_precision_edema_safe,synthetic_anchor_derived_t2_present,LGE+T2+C0,2,anatomy,interaction_lge_t2,1,1,0.0011111112544313073,1.9251742362976074,0.19505493342876434,False,0.0,0.0,covered_by_loss_backward_sanity
m6_scar_precision_edema_safe,synthetic_anchor_derived_t2_present,LGE+T2+C0,2,anatomy,interaction_lge_c0,1,1,0.0011111112544313073,1.9251742362976074,0.19505493342876434,False,0.0,0.0,covered_by_loss_backward_sanity
m6_scar_precision_edema_safe,synthetic_anchor_derived_t2_present,LGE+T2+C0,2,anatomy,interaction_lge_c0,1,1,0.0011111112544313073,1.9251742362976074,0.19505493342876434,False,0.0,0.0,covered_by_loss_backward_sanity
m6_scar_precision_edema_safe,synthetic_anchor_derived_t2_present,LGE+T2+C0,2,anatomy,interaction_lge_c0,1,1,0.0011111112544313073,1.9251742362976074,0.19505493342876434,False,0.0,0.0,covered_by_loss_backward_sanity
m6_scar_precision_edema_safe,synthetic_anchor_derived_t2_present,LGE+T2+C0,2,anatomy,interaction_t2_c0,1,1,0.0011111112544313073,1.9251742362976074,0.19505493342876434,False,0.0,0.0,covered_by_loss_backward_sanity
m6_scar_precision_edema_safe,synthetic_anchor_derived_t2_present,LGE+T2+C0,2,anatomy,interaction_t2_c0,1,1,0.0011111112544313073,1.9251742362976074,0.19505493342876434,False,0.0,0.0,covered_by_loss_backward_sanity
m6_scar_precision_edema_safe,synthetic_anchor_derived_t2_present,LGE+T2+C0,2,scar,shared,1,1,0.0011111111380159855,1.9272444248199463,0.18470504879951477,False,0.0,0.0,covered_by_loss_backward_sanity
m6_scar_precision_edema_safe,synthetic_anchor_derived_t2_present,LGE+T2+C0,2,scar,shared,1,1,0.0011111111380159855,1.9272444248199463,0.18470504879951477,False,0.0,0.0,covered_by_loss_backward_sanity
m6_scar_precision_edema_safe,synthetic_anchor_derived_t2_present,LGE+T2+C0,2,scar,shared,1,1,0.0011111111380159855,1.9272444248199463,0.18470504879951477,False,0.0,0.0,covered_by_loss_backward_sanity
m6_scar_precision_edema_safe,synthetic_anchor_derived_t2_present,LGE+T2+C0,2,scar,shared,1,1,0.0011111111380159855,1.9272444248199463,0.18470504879951477,False,0.0,0.0,covered_by_loss_backward_sanity
m6_scar_precision_edema_safe,synthetic_anchor_derived_t2_present,LGE+T2+C0,2,scar,shared,1,1,0.0011111111380159855,1.9272444248199463,0.18470504879951477,False,0.0,0.0,covered_by_loss_backward_sanity
m6_scar_precision_edema_safe,synthetic_anchor_derived_t2_present,LGE+T2+C0,2,scar,shared,1,1,0.0011111111380159855,1.9272444248199463,0.18470504879951477,False,0.0,0.0,covered_by_loss_backward_sanity
m6_scar_precision_edema_safe,synthetic_anchor_derived_t2_present,LGE+T2+C0,2,scar,lge_private,1,1,0.1638791263103485,1.9272444248199463,0.18470504879951477,False,0.0,0.0,covered_by_loss_backward_sanity
m6_scar_precision_edema_safe,synthetic_anchor_derived_t2_present,LGE+T2+C0,2,scar,lge_private,1,1,0.16739320755004883,1.9272444248199463,0.18470504879951477,False,0.0,0.0,covered_by_loss_backward_sanity
m6_scar_precision_edema_safe,synthetic_anchor_derived_t2_present,LGE+T2+C0,2,scar,lge_private,1,1,0.14404641091823578,1.9272444248199463,0.18470504879951477,False,0.0,0.0,covered_by_loss_backward_sanity
m6_scar_precision_edema_safe,synthetic_anchor_derived_t2_present,LGE+T2+C0,2,scar,lge_private,1,1,0.1750037670135498,1.9272444248199463,0.18470504879951477,False,0.0,0.0,covered_by_loss_backward_sanity
m6_scar_precision_edema_safe,synthetic_anchor_derived_t2_present,LGE+T2+C0,2,scar,lge_private,1,1,0.18470504879951477,1.9272444248199463,0.18470504879951477,False,0.0,0.0,covered_by_loss_backward_sanity
m6_scar_precision_edema_safe,synthetic_anchor_derived_t2_present,LGE+T2+C0,2,scar,lge_private,1,1,0.1416391283273697,1.9272444248199463,0.18470504879951477,False,0.0,0.0,covered_by_loss_backward_sanity
m6_scar_precision_edema_safe,synthetic_anchor_derived_t2_present,LGE+T2+C0,2,scar,t2_private,1,1,0.0011111111380159855,1.9272444248199463,0.18470504879951477,False,0.0,0.0,covered_by_loss_backward_sanity
m6_scar_precision_edema_safe,synthetic_anchor_derived_t2_present,LGE+T2+C0,2,scar,t2_private,1,1,0.0011111111380159855,1.9272444248199463,0.18470504879951477,False,0.0,0.0,covered_by_loss_backward_sanity
m6_scar_precision_edema_safe,synthetic_anchor_derived_t2_present,LGE+T2+C0,2,scar,t2_private,1,1,0.0011111111380159855,1.9272444248199463,0.18470504879951477,False,0.0,0.0,covered_by_loss_backward_sanity
m6_scar_precision_edema_safe,synthetic_anchor_derived_t2_present,LGE+T2+C0,2,scar,t2_private,1,1,0.0011111111380159855,1.9272444248199463,0.18470504879951477,False,0.0,0.0,covered_by_loss_backward_sanity
m6_scar_precision_edema_safe,synthetic_anchor_derived_t2_present,LGE+T2+C0,2,scar,t2_private,1,1,0.0011111111380159855,1.9272444248199463,0.18470504879951477,False,0.0,0.0,covered_by_loss_backward_sanity
m6_scar_precision_edema_safe,synthetic_anchor_derived_t2_present,LGE+T2+C0,2,scar,c0_private,1,1,0.0011111111380159855,1.9272444248199463,0.18470504879951477,False,0.0,0.0,covered_by_loss_backward_sanity
m6_scar_precision_edema_safe,synthetic_anchor_derived_t2_present,LGE+T2+C0,2,scar,c0_private,1,1,0.0011111111380159855,1.9272444248199463,0.18470504879951477,False,0.0,0.0,covered_by_loss_backward_sanity
m6_scar_precision_edema_safe,synthetic_anchor_derived_t2_present,LGE+T2+C0,2,scar,interaction_lge_t2,1,1,0.0011111111380159855,1.9272444248199463,0.18470504879951477,False,0.0,0.0,covered_by_loss_backward_sanity
m6_scar_precision_edema_safe,synthetic_anchor_derived_t2_present,LGE+T2+C0,2,scar,interaction_lge_t2,1,1,0.0011111111380159855,1.9272444248199463,0.18470504879951477,False,0.0,0.0,covered_by_loss_backward_sanity
m6_scar_precision_edema_safe,synthetic_anchor_derived_t2_present,LGE+T2+C0,2,scar,interaction_lge_t2,1,1,0.0011111111380159855,1.9272444248199463,0.18470504879951477,False,0.0,0.0,covered_by_loss_backward_sanity
m6_scar_precision_edema_safe,synthetic_anchor_derived_t2_present,LGE+T2+C0,2,scar,interaction_lge_c0,1,1,0.0011111111380159855,1.9272444248199463,0.18470504879951477,False,0.0,0.0,covered_by_loss_backward_sanity
m6_scar_precision_edema_safe,synthetic_anchor_derived_t2_present,LGE+T2+C0,2,scar,interaction_lge_c0,1,1,0.0011111111380159855,1.9272444248199463,0.18470504879951477,False,0.0,0.0,covered_by_loss_backward_sanity
m6_scar_precision_edema_safe,synthetic_anchor_derived_t2_present,LGE+T2+C0,2,scar,interaction_lge_c0,1,1,0.0011111111380159855,1.9272444248199463,0.18470504879951477,False,0.0,0.0,covered_by_loss_backward_sanity
m6_scar_precision_edema_safe,synthetic_anchor_derived_t2_present,LGE+T2+C0,2,scar,interaction_t2_c0,1,1,0.0011111111380159855,1.9272444248199463,0.18470504879951477,False,0.0,0.0,covered_by_loss_backward_sanity
m6_scar_precision_edema_safe,synthetic_anchor_derived_t2_present,LGE+T2+C0,2,scar,interaction_t2_c0,1,1,0.0011111111380159855,1.9272444248199463,0.18470504879951477,False,0.0,0.0,covered_by_loss_backward_sanity
m6_scar_precision_edema_safe,synthetic_anchor_derived_t2_present,LGE+T2+C0,2,edema,shared,1,1,0.0011111112544313073,1.9281591176986694,0.1728169173002243,False,0.0,0.0,covered_by_loss_backward_sanity
m6_scar_precision_edema_safe,synthetic_anchor_derived_t2_present,LGE+T2+C0,2,edema,shared,1,1,0.0011111112544313073,1.9281591176986694,0.1728169173002243,False,0.0,0.0,covered_by_loss_backward_sanity
m6_scar_precision_edema_safe,synthetic_anchor_derived_t2_present,LGE+T2+C0,2,edema,shared,1,1,0.0011111112544313073,1.9281591176986694,0.1728169173002243,False,0.0,0.0,covered_by_loss_backward_sanity
m6_scar_precision_edema_safe,synthetic_anchor_derived_t2_present,LGE+T2+C0,2,edema,shared,1,1,0.0011111112544313073,1.9281591176986694,0.1728169173002243,False,0.0,0.0,covered_by_loss_backward_sanity
m6_scar_precision_edema_safe,synthetic_anchor_derived_t2_present,LGE+T2+C0,2,edema,shared,1,1,0.0011111112544313073,1.9281591176986694,0.1728169173002243,False,0.0,0.0,covered_by_loss_backward_sanity
m6_scar_precision_edema_safe,synthetic_anchor_derived_t2_present,LGE+T2+C0,2,edema,shared,1,1,0.0011111112544313073,1.9281591176986694,0.1728169173002243,False,0.0,0.0,covered_by_loss_backward_sanity
m6_scar_precision_edema_safe,synthetic_anchor_derived_t2_present,LGE+T2+C0,2,edema,lge_private,1,1,0.0011111112544313073,1.9281591176986694,0.1728169173002243,False,0.0,0.0,covered_by_loss_backward_sanity
m6_scar_precision_edema_safe,synthetic_anchor_derived_t2_present,LGE+T2+C0,2,edema,lge_private,1,1,0.0011111112544313073,1.9281591176986694,0.1728169173002243,False,0.0,0.0,covered_by_loss_backward_sanity
m6_scar_precision_edema_safe,synthetic_anchor_derived_t2_present,LGE+T2+C0,2,edema,lge_private,1,1,0.0011111112544313073,1.9281591176986694,0.1728169173002243,False,0.0,0.0,covered_by_loss_backward_sanity
m6_scar_precision_edema_safe,synthetic_anchor_derived_t2_present,LGE+T2+C0,2,edema,lge_private,1,1,0.0011111112544313073,1.9281591176986694,0.1728169173002243,False,0.0,0.0,covered_by_loss_backward_sanity
m6_scar_precision_edema_safe,synthetic_anchor_derived_t2_present,LGE+T2+C0,2,edema,lge_private,1,1,0.0011111112544313073,1.9281591176986694,0.1728169173002243,False,0.0,0.0,covered_by_loss_backward_sanity
m6_scar_precision_edema_safe,synthetic_anchor_derived_t2_present,LGE+T2+C0,2,edema,lge_private,1,1,0.0011111112544313073,1.9281591176986694,0.1728169173002243,False,0.0,0.0,covered_by_loss_backward_sanity
m6_scar_precision_edema_safe,synthetic_anchor_derived_t2_present,LGE+T2+C0,2,edema,t2_private,1,1,0.17186543345451355,1.9281591176986694,0.1728169173002243,False,0.0,0.0,covered_by_loss_backward_sanity
m6_scar_precision_edema_safe,synthetic_anchor_derived_t2_present,LGE+T2+C0,2,edema,t2_private,1,1,0.1728169173002243,1.9281591176986694,0.1728169173002243,False,0.0,0.0,covered_by_loss_backward_sanity
m6_scar_precision_edema_safe,synthetic_anchor_derived_t2_present,LGE+T2+C0,2,edema,t2_private,1,1,0.16663680970668793,1.9281591176986694,0.1728169173002243,False,0.0,0.0,covered_by_loss_backward_sanity
m6_scar_precision_edema_safe,synthetic_anchor_derived_t2_present,LGE+T2+C0,2,edema,t2_private,1,1,0.16834259033203125,1.9281591176986694,0.1728169173002243,False,0.0,0.0,covered_by_loss_backward_sanity
m6_scar_precision_edema_safe,synthetic_anchor_derived_t2_present,LGE+T2+C0,2,edema,t2_private,1,1,0.16386476159095764,1.9281591176986694,0.1728169173002243,False,0.0,0.0,covered_by_loss_backward_sanity
m6_scar_precision_edema_safe,synthetic_anchor_derived_t2_present,LGE+T2+C0,2,edema,c0_private,1,1,0.0011111112544313073,1.9281591176986694,0.1728169173002243,False,0.0,0.0,covered_by_loss_backward_sanity
m6_scar_precision_edema_safe,synthetic_anchor_derived_t2_present,LGE+T2+C0,2,edema,c0_private,1,1,0.0011111112544313073,1.9281591176986694,0.1728169173002243,False,0.0,0.0,covered_by_loss_backward_sanity
m6_scar_precision_edema_safe,synthetic_anchor_derived_t2_present,LGE+T2+C0,2,edema,interaction_lge_t2,1,1,0.0011111112544313073,1.9281591176986694,0.1728169173002243,False,0.0,0.0,covered_by_loss_backward_sanity
m6_scar_precision_edema_safe,synthetic_anchor_derived_t2_present,LGE+T2+C0,2,edema,interaction_lge_t2,1,1,0.0011111112544313073,1.9281591176986694,0.1728169173002243,False,0.0,0.0,covered_by_loss_backward_sanity
m6_scar_precision_edema_safe,synthetic_anchor_derived_t2_present,LGE+T2+C0,2,edema,interaction_lge_t2,1,1,0.1331401765346527,1.9281591176986694,0.1728169173002243,False,0.0,0.0,covered_by_loss_backward_sanity
m6_scar_precision_edema_safe,synthetic_anchor_derived_t2_present,LGE+T2+C0,2,edema,interaction_lge_c0,1,1,0.0011111112544313073,1.9281591176986694,0.1728169173002243,False,0.0,0.0,covered_by_loss_backward_sanity
m6_scar_precision_edema_safe,synthetic_anchor_derived_t2_present,LGE+T2+C0,2,edema,interaction_lge_c0,1,1,0.0011111112544313073,1.9281591176986694,0.1728169173002243,False,0.0,0.0,covered_by_loss_backward_sanity
m6_scar_precision_edema_safe,synthetic_anchor_derived_t2_present,LGE+T2+C0,2,edema,interaction_lge_c0,1,1,0.0011111112544313073,1.9281591176986694,0.1728169173002243,False,0.0,0.0,covered_by_loss_backward_sanity
m6_scar_precision_edema_safe,synthetic_anchor_derived_t2_present,LGE+T2+C0,2,edema,interaction_t2_c0,1,1,0.0011111112544313073,1.9281591176986694,0.1728169173002243,False,0.0,0.0,covered_by_loss_backward_sanity
m6_scar_precision_edema_safe,synthetic_anchor_derived_t2_present,LGE+T2+C0,2,edema,interaction_t2_c0,1,1,0.0011111112544313073,1.9281591176986694,0.1728169173002243,False,0.0,0.0,covered_by_loss_backward_sanity
m6_scar_precision_edema_safe,synthetic_anchor_derived_t2_present,LGE+T2+C0,3,anatomy,shared,1,1,0.14821888506412506,1.9234131574630737,0.20843398571014404,False,0.0,0.0,covered_by_loss_backward_sanity
m6_scar_precision_edema_safe,synthetic_anchor_derived_t2_present,LGE+T2+C0,3,anatomy,shared,1,1,0.14558406174182892,1.9234131574630737,0.20843398571014404,False,0.0,0.0,covered_by_loss_backward_sanity
m6_scar_precision_edema_safe,synthetic_anchor_derived_t2_present,LGE+T2+C0,3,anatomy,shared,1,1,0.16285493969917297,1.9234131574630737,0.20843398571014404,False,0.0,0.0,covered_by_loss_backward_sanity
m6_scar_precision_edema_safe,synthetic_anchor_derived_t2_present,LGE+T2+C0,3,anatomy,shared,1,1,0.0011111112544313073,1.9234131574630737,0.20843398571014404,False,0.0,0.0,covered_by_loss_backward_sanity
m6_scar_precision_edema_safe,synthetic_anchor_derived_t2_present,LGE+T2+C0,3,anatomy,shared,1,1,0.20843398571014404,1.9234131574630737,0.20843398571014404,False,0.0,0.0,covered_by_loss_backward_sanity
m6_scar_precision_edema_safe,synthetic_anchor_derived_t2_present,LGE+T2+C0,3,anatomy,shared,1,1,0.14673534035682678,1.9234131574630737,0.20843398571014404,False,0.0,0.0,covered_by_loss_backward_sanity
m6_scar_precision_edema_safe,synthetic_anchor_derived_t2_present,LGE+T2+C0,3,anatomy,lge_private,1,1,0.0011111112544313073,1.9234131574630737,0.20843398571014404,False,0.0,0.0,covered_by_loss_backward_sanity
m6_scar_precision_edema_safe,synthetic_anchor_derived_t2_present,LGE+T2+C0,3,anatomy,lge_private,1,1,0.0011111112544313073,1.9234131574630737,0.20843398571014404,False,0.0,0.0,covered_by_loss_backward_sanity
m6_scar_precision_edema_safe,synthetic_anchor_derived_t2_present,LGE+T2+C0,3,anatomy,lge_private,1,1,0.0011111112544313073,1.9234131574630737,0.20843398571014404,False,0.0,0.0,covered_by_loss_backward_sanity
m6_scar_precision_edema_safe,synthetic_anchor_derived_t2_present,LGE+T2+C0,3,anatomy,lge_private,1,1,0.0011111112544313073,1.9234131574630737,0.20843398571014404,False,0.0,0.0,covered_by_loss_backward_sanity
m6_scar_precision_edema_safe,synthetic_anchor_derived_t2_present,LGE+T2+C0,3,anatomy,lge_private,1,1,0.0011111112544313073,1.9234131574630737,0.20843398571014404,False,0.0,0.0,covered_by_loss_backward_sanity
m6_scar_precision_edema_safe,synthetic_anchor_derived_t2_present,LGE+T2+C0,3,anatomy,lge_private,1,1,0.0011111112544313073,1.9234131574630737,0.20843398571014404,False,0.0,0.0,covered_by_loss_backward_sanity
m6_scar_precision_edema_safe,synthetic_anchor_derived_t2_present,LGE+T2+C0,3,anatomy,t2_private,1,1,0.0011111112544313073,1.9234131574630737,0.20843398571014404,False,0.0,0.0,covered_by_loss_backward_sanity
m6_scar_precision_edema_safe,synthetic_anchor_derived_t2_present,LGE+T2+C0,3,anatomy,t2_private,1,1,0.0011111112544313073,1.9234131574630737,0.20843398571014404,False,0.0,0.0,covered_by_loss_backward_sanity
m6_scar_precision_edema_safe,synthetic_anchor_derived_t2_present,LGE+T2+C0,3,anatomy,t2_private,1,1,0.0011111112544313073,1.9234131574630737,0.20843398571014404,False,0.0,0.0,covered_by_loss_backward_sanity
m6_scar_precision_edema_safe,synthetic_anchor_derived_t2_present,LGE+T2+C0,3,anatomy,t2_private,1,1,0.0011111112544313073,1.9234131574630737,0.20843398571014404,False,0.0,0.0,covered_by_loss_backward_sanity
m6_scar_precision_edema_safe,synthetic_anchor_derived_t2_present,LGE+T2+C0,3,anatomy,t2_private,1,1,0.0011111112544313073,1.9234131574630737,0.20843398571014404,False,0.0,0.0,covered_by_loss_backward_sanity
m6_scar_precision_edema_safe,synthetic_anchor_derived_t2_present,LGE+T2+C0,3,anatomy,c0_private,1,1,0.0011111112544313073,1.9234131574630737,0.20843398571014404,False,0.0,0.0,covered_by_loss_backward_sanity
m6_scar_precision_edema_safe,synthetic_anchor_derived_t2_present,LGE+T2+C0,3,anatomy,c0_private,1,1,0.0011111112544313073,1.9234131574630737,0.20843398571014404,False,0.0,0.0,covered_by_loss_backward_sanity
m6_scar_precision_edema_safe,synthetic_anchor_derived_t2_present,LGE+T2+C0,3,anatomy,interaction_lge_t2,1,1,0.0011111112544313073,1.9234131574630737,0.20843398571014404,False,0.0,0.0,covered_by_loss_backward_sanity
m6_scar_precision_edema_safe,synthetic_anchor_derived_t2_present,LGE+T2+C0,3,anatomy,interaction_lge_t2,1,1,0.0011111112544313073,1.9234131574630737,0.20843398571014404,False,0.0,0.0,covered_by_loss_backward_sanity
m6_scar_precision_edema_safe,synthetic_anchor_derived_t2_present,LGE+T2+C0,3,anatomy,interaction_lge_t2,1,1,0.0011111112544313073,1.9234131574630737,0.20843398571014404,False,0.0,0.0,covered_by_loss_backward_sanity
m6_scar_precision_edema_safe,synthetic_anchor_derived_t2_present,LGE+T2+C0,3,anatomy,interaction_lge_c0,1,1,0.0011111112544313073,1.9234131574630737,0.20843398571014404,False,0.0,0.0,covered_by_loss_backward_sanity
m6_scar_precision_edema_safe,synthetic_anchor_derived_t2_present,LGE+T2+C0,3,anatomy,interaction_lge_c0,1,1,0.0011111112544313073,1.9234131574630737,0.20843398571014404,False,0.0,0.0,covered_by_loss_backward_sanity
m6_scar_precision_edema_safe,synthetic_anchor_derived_t2_present,LGE+T2+C0,3,anatomy,interaction_lge_c0,1,1,0.164839506149292,1.9234131574630737,0.20843398571014404,False,0.0,0.0,covered_by_loss_backward_sanity
m6_scar_precision_edema_safe,synthetic_anchor_derived_t2_present,LGE+T2+C0,3,anatomy,interaction_t2_c0,1,1,0.0011111112544313073,1.9234131574630737,0.20843398571014404,False,0.0,0.0,covered_by_loss_backward_sanity
m6_scar_precision_edema_safe,synthetic_anchor_derived_t2_present,LGE+T2+C0,3,anatomy,interaction_t2_c0,1,1,0.0011111112544313073,1.9234131574630737,0.20843398571014404,False,0.0,0.0,covered_by_loss_backward_sanity
m6_scar_precision_edema_safe,synthetic_anchor_derived_t2_present,LGE+T2+C0,3,scar,shared,1,1,0.0011111113708466291,1.927598476409912,0.19209297001361847,False,0.0,0.0,covered_by_loss_backward_sanity
m6_scar_precision_edema_safe,synthetic_anchor_derived_t2_present,LGE+T2+C0,3,scar,shared,1,1,0.0011111113708466291,1.927598476409912,0.19209297001361847,False,0.0,0.0,covered_by_loss_backward_sanity
m6_scar_precision_edema_safe,synthetic_anchor_derived_t2_present,LGE+T2+C0,3,scar,shared,1,1,0.0011111113708466291,1.927598476409912,0.19209297001361847,False,0.0,0.0,covered_by_loss_backward_sanity
m6_scar_precision_edema_safe,synthetic_anchor_derived_t2_present,LGE+T2+C0,3,scar,shared,1,1,0.0011111113708466291,1.927598476409912,0.19209297001361847,False,0.0,0.0,covered_by_loss_backward_sanity
m6_scar_precision_edema_safe,synthetic_anchor_derived_t2_present,LGE+T2+C0,3,scar,shared,1,1,0.0011111113708466291,1.927598476409912,0.19209297001361847,False,0.0,0.0,covered_by_loss_backward_sanity
m6_scar_precision_edema_safe,synthetic_anchor_derived_t2_present,LGE+T2+C0,3,scar,shared,1,1,0.0011111113708466291,1.927598476409912,0.19209297001361847,False,0.0,0.0,covered_by_loss_backward_sanity
m6_scar_precision_edema_safe,synthetic_anchor_derived_t2_present,LGE+T2+C0,3,scar,lge_private,1,1,0.1647798866033554,1.927598476409912,0.19209297001361847,False,0.0,0.0,covered_by_loss_backward_sanity
m6_scar_precision_edema_safe,synthetic_anchor_derived_t2_present,LGE+T2+C0,3,scar,lge_private,1,1,0.15455463528633118,1.927598476409912,0.19209297001361847,False,0.0,0.0,covered_by_loss_backward_sanity
m6_scar_precision_edema_safe,synthetic_anchor_derived_t2_present,LGE+T2+C0,3,scar,lge_private,1,1,0.14933916926383972,1.927598476409912,0.19209297001361847,False,0.0,0.0,covered_by_loss_backward_sanity
m6_scar_precision_edema_safe,synthetic_anchor_derived_t2_present,LGE+T2+C0,3,scar,lge_private,1,1,0.16847729682922363,1.927598476409912,0.19209297001361847,False,0.0,0.0,covered_by_loss_backward_sanity
m6_scar_precision_edema_safe,synthetic_anchor_derived_t2_present,LGE+T2+C0,3,scar,lge_private,1,1,0.19209297001361847,1.927598476409912,0.19209297001361847,False,0.0,0.0,covered_by_loss_backward_sanity
m6_scar_precision_edema_safe,synthetic_anchor_derived_t2_present,LGE+T2+C0,3,scar,lge_private,1,1,0.14742286503314972,1.927598476409912,0.19209297001361847,False,0.0,0.0,covered_by_loss_backward_sanity
m6_scar_precision_edema_safe,synthetic_anchor_derived_t2_present,LGE+T2+C0,3,scar,t2_private,1,1,0.0011111113708466291,1.927598476409912,0.19209297001361847,False,0.0,0.0,covered_by_loss_backward_sanity
m6_scar_precision_edema_safe,synthetic_anchor_derived_t2_present,LGE+T2+C0,3,scar,t2_private,1,1,0.0011111113708466291,1.927598476409912,0.19209297001361847,False,0.0,0.0,covered_by_loss_backward_sanity
m6_scar_precision_edema_safe,synthetic_anchor_derived_t2_present,LGE+T2+C0,3,scar,t2_private,1,1,0.0011111113708466291,1.927598476409912,0.19209297001361847,False,0.0,0.0,covered_by_loss_backward_sanity
m6_scar_precision_edema_safe,synthetic_anchor_derived_t2_present,LGE+T2+C0,3,scar,t2_private,1,1,0.0011111113708466291,1.927598476409912,0.19209297001361847,False,0.0,0.0,covered_by_loss_backward_sanity
m6_scar_precision_edema_safe,synthetic_anchor_derived_t2_present,LGE+T2+C0,3,scar,t2_private,1,1,0.0011111113708466291,1.927598476409912,0.19209297001361847,False,0.0,0.0,covered_by_loss_backward_sanity
m6_scar_precision_edema_safe,synthetic_anchor_derived_t2_present,LGE+T2+C0,3,scar,c0_private,1,1,0.0011111113708466291,1.927598476409912,0.19209297001361847,False,0.0,0.0,covered_by_loss_backward_sanity
m6_scar_precision_edema_safe,synthetic_anchor_derived_t2_present,LGE+T2+C0,3,scar,c0_private,1,1,0.0011111113708466291,1.927598476409912,0.19209297001361847,False,0.0,0.0,covered_by_loss_backward_sanity
m6_scar_precision_edema_safe,synthetic_anchor_derived_t2_present,LGE+T2+C0,3,scar,interaction_lge_t2,1,1,0.0011111113708466291,1.927598476409912,0.19209297001361847,False,0.0,0.0,covered_by_loss_backward_sanity
m6_scar_precision_edema_safe,synthetic_anchor_derived_t2_present,LGE+T2+C0,3,scar,interaction_lge_t2,1,1,0.0011111113708466291,1.927598476409912,0.19209297001361847,False,0.0,0.0,covered_by_loss_backward_sanity
m6_scar_precision_edema_safe,synthetic_anchor_derived_t2_present,LGE+T2+C0,3,scar,interaction_lge_t2,1,1,0.0011111113708466291,1.927598476409912,0.19209297001361847,False,0.0,0.0,covered_by_loss_backward_sanity
m6_scar_precision_edema_safe,synthetic_anchor_derived_t2_present,LGE+T2+C0,3,scar,interaction_lge_c0,1,1,0.0011111113708466291,1.927598476409912,0.19209297001361847,False,0.0,0.0,covered_by_loss_backward_sanity
m6_scar_precision_edema_safe,synthetic_anchor_derived_t2_present,LGE+T2+C0,3,scar,interaction_lge_c0,1,1,0.0011111113708466291,1.927598476409912,0.19209297001361847,False,0.0,0.0,covered_by_loss_backward_sanity
m6_scar_precision_edema_safe,synthetic_anchor_derived_t2_present,LGE+T2+C0,3,scar,interaction_lge_c0,1,1,0.0011111113708466291,1.927598476409912,0.19209297001361847,False,0.0,0.0,covered_by_loss_backward_sanity
m6_scar_precision_edema_safe,synthetic_anchor_derived_t2_present,LGE+T2+C0,3,scar,interaction_t2_c0,1,1,0.0011111113708466291,1.927598476409912,0.19209297001361847,False,0.0,0.0,covered_by_loss_backward_sanity
m6_scar_precision_edema_safe,synthetic_anchor_derived_t2_present,LGE+T2+C0,3,scar,interaction_t2_c0,1,1,0.0011111113708466291,1.927598476409912,0.19209297001361847,False,0.0,0.0,covered_by_loss_backward_sanity
m6_scar_precision_edema_safe,synthetic_anchor_derived_t2_present,LGE+T2+C0,3,edema,shared,1,1,0.0011111111380159855,1.9095699787139893,0.22065529227256775,False,0.0,0.0,covered_by_loss_backward_sanity
m6_scar_precision_edema_safe,synthetic_anchor_derived_t2_present,LGE+T2+C0,3,edema,shared,1,1,0.0011111111380159855,1.9095699787139893,0.22065529227256775,False,0.0,0.0,covered_by_loss_backward_sanity
m6_scar_precision_edema_safe,synthetic_anchor_derived_t2_present,LGE+T2+C0,3,edema,shared,1,1,0.0011111111380159855,1.9095699787139893,0.22065529227256775,False,0.0,0.0,covered_by_loss_backward_sanity
m6_scar_precision_edema_safe,synthetic_anchor_derived_t2_present,LGE+T2+C0,3,edema,shared,1,1,0.0011111111380159855,1.9095699787139893,0.22065529227256775,False,0.0,0.0,covered_by_loss_backward_sanity
m6_scar_precision_edema_safe,synthetic_anchor_derived_t2_present,LGE+T2+C0,3,edema,shared,1,1,0.0011111111380159855,1.9095699787139893,0.22065529227256775,False,0.0,0.0,covered_by_loss_backward_sanity
m6_scar_precision_edema_safe,synthetic_anchor_derived_t2_present,LGE+T2+C0,3,edema,shared,1,1,0.0011111111380159855,1.9095699787139893,0.22065529227256775,False,0.0,0.0,covered_by_loss_backward_sanity
m6_scar_precision_edema_safe,synthetic_anchor_derived_t2_present,LGE+T2+C0,3,edema,lge_private,1,1,0.0011111111380159855,1.9095699787139893,0.22065529227256775,False,0.0,0.0,covered_by_loss_backward_sanity
m6_scar_precision_edema_safe,synthetic_anchor_derived_t2_present,LGE+T2+C0,3,edema,lge_private,1,1,0.0011111111380159855,1.9095699787139893,0.22065529227256775,False,0.0,0.0,covered_by_loss_backward_sanity
m6_scar_precision_edema_safe,synthetic_anchor_derived_t2_present,LGE+T2+C0,3,edema,lge_private,1,1,0.0011111111380159855,1.9095699787139893,0.22065529227256775,False,0.0,0.0,covered_by_loss_backward_sanity
m6_scar_precision_edema_safe,synthetic_anchor_derived_t2_present,LGE+T2+C0,3,edema,lge_private,1,1,0.0011111111380159855,1.9095699787139893,0.22065529227256775,False,0.0,0.0,covered_by_loss_backward_sanity
m6_scar_precision_edema_safe,synthetic_anchor_derived_t2_present,LGE+T2+C0,3,edema,lge_private,1,1,0.0011111111380159855,1.9095699787139893,0.22065529227256775,False,0.0,0.0,covered_by_loss_backward_sanity
m6_scar_precision_edema_safe,synthetic_anchor_derived_t2_present,LGE+T2+C0,3,edema,lge_private,1,1,0.0011111111380159855,1.9095699787139893,0.22065529227256775,False,0.0,0.0,covered_by_loss_backward_sanity
m6_scar_precision_edema_safe,synthetic_anchor_derived_t2_present,LGE+T2+C0,3,edema,t2_private,1,1,0.17033512890338898,1.9095699787139893,0.22065529227256775,False,0.0,0.0,covered_by_loss_backward_sanity
m6_scar_precision_edema_safe,synthetic_anchor_derived_t2_present,LGE+T2+C0,3,edema,t2_private,1,1,0.22065529227256775,1.9095699787139893,0.22065529227256775,False,0.0,0.0,covered_by_loss_backward_sanity
m6_scar_precision_edema_safe,synthetic_anchor_derived_t2_present,LGE+T2+C0,3,edema,t2_private,1,1,0.16079312562942505,1.9095699787139893,0.22065529227256775,False,0.0,0.0,covered_by_loss_backward_sanity
m6_scar_precision_edema_safe,synthetic_anchor_derived_t2_present,LGE+T2+C0,3,edema,t2_private,1,1,0.1474204659461975,1.9095699787139893,0.22065529227256775,False,0.0,0.0,covered_by_loss_backward_sanity
m6_scar_precision_edema_safe,synthetic_anchor_derived_t2_present,LGE+T2+C0,3,edema,t2_private,1,1,0.17237213253974915,1.9095699787139893,0.22065529227256775,False,0.0,0.0,covered_by_loss_backward_sanity
m6_scar_precision_edema_safe,synthetic_anchor_derived_t2_present,LGE+T2+C0,3,edema,c0_private,1,1,0.0011111111380159855,1.9095699787139893,0.22065529227256775,False,0.0,0.0,covered_by_loss_backward_sanity
m6_scar_precision_edema_safe,synthetic_anchor_derived_t2_present,LGE+T2+C0,3,edema,c0_private,1,1,0.0011111111380159855,1.9095699787139893,0.22065529227256775,False,0.0,0.0,covered_by_loss_backward_sanity
m6_scar_precision_edema_safe,synthetic_anchor_derived_t2_present,LGE+T2+C0,3,edema,interaction_lge_t2,1,1,0.0011111111380159855,1.9095699787139893,0.22065529227256775,False,0.0,0.0,covered_by_loss_backward_sanity
m6_scar_precision_edema_safe,synthetic_anchor_derived_t2_present,LGE+T2+C0,3,edema,interaction_lge_t2,1,1,0.10509054362773895,1.9095699787139893,0.22065529227256775,False,0.0,0.0,covered_by_loss_backward_sanity
m6_scar_precision_edema_safe,synthetic_anchor_derived_t2_present,LGE+T2+C0,3,edema,interaction_lge_t2,1,1,0.0011111111380159855,1.9095699787139893,0.22065529227256775,False,0.0,0.0,covered_by_loss_backward_sanity
m6_scar_precision_edema_safe,synthetic_anchor_derived_t2_present,LGE+T2+C0,3,edema,interaction_lge_c0,1,1,0.0011111111380159855,1.9095699787139893,0.22065529227256775,False,0.0,0.0,covered_by_loss_backward_sanity
m6_scar_precision_edema_safe,synthetic_anchor_derived_t2_present,LGE+T2+C0,3,edema,interaction_lge_c0,1,1,0.0011111111380159855,1.9095699787139893,0.22065529227256775,False,0.0,0.0,covered_by_loss_backward_sanity
m6_scar_precision_edema_safe,synthetic_anchor_derived_t2_present,LGE+T2+C0,3,edema,interaction_lge_c0,1,1,0.0011111111380159855,1.9095699787139893,0.22065529227256775,False,0.0,0.0,covered_by_loss_backward_sanity
m6_scar_precision_edema_safe,synthetic_anchor_derived_t2_present,LGE+T2+C0,3,edema,interaction_t2_c0,1,1,0.0011111111380159855,1.9095699787139893,0.22065529227256775,False,0.0,0.0,covered_by_loss_backward_sanity
m6_scar_precision_edema_safe,synthetic_anchor_derived_t2_present,LGE+T2+C0,3,edema,interaction_t2_c0,1,1,0.0011111111380159855,1.9095699787139893,0.22065529227256775,False,0.0,0.0,covered_by_loss_backward_sanity
m6_scar_precision_edema_safe,synthetic_no_t2,LGE+C0_no_T2,0,anatomy,shared,1,1,0.16800303757190704,1.8913850784301758,0.20619790256023407,False,0.0,0.0,covered_by_loss_backward_sanity
m6_scar_precision_edema_safe,synthetic_no_t2,LGE+C0_no_T2,0,anatomy,shared,1,1,0.001764706103131175,1.8913850784301758,0.20619790256023407,False,0.0,0.0,covered_by_loss_backward_sanity
m6_scar_precision_edema_safe,synthetic_no_t2,LGE+C0_no_T2,0,anatomy,shared,1,1,0.14797623455524445,1.8913850784301758,0.20619790256023407,False,0.0,0.0,covered_by_loss_backward_sanity
m6_scar_precision_edema_safe,synthetic_no_t2,LGE+C0_no_T2,0,anatomy,shared,1,1,0.1659274399280548,1.8913850784301758,0.20619790256023407,False,0.0,0.0,covered_by_loss_backward_sanity
m6_scar_precision_edema_safe,synthetic_no_t2,LGE+C0_no_T2,0,anatomy,shared,1,1,0.001764706103131175,1.8913850784301758,0.20619790256023407,False,0.0,0.0,covered_by_loss_backward_sanity
m6_scar_precision_edema_safe,synthetic_no_t2,LGE+C0_no_T2,0,anatomy,shared,1,1,0.20619790256023407,1.8913850784301758,0.20619790256023407,False,0.0,0.0,covered_by_loss_backward_sanity
m6_scar_precision_edema_safe,synthetic_no_t2,LGE+C0_no_T2,0,anatomy,lge_private,1,1,0.1472187042236328,1.8913850784301758,0.20619790256023407,False,0.0,0.0,covered_by_loss_backward_sanity
m6_scar_precision_edema_safe,synthetic_no_t2,LGE+C0_no_T2,0,anatomy,lge_private,1,1,0.001764706103131175,1.8913850784301758,0.20619790256023407,False,0.0,0.0,covered_by_loss_backward_sanity
m6_scar_precision_edema_safe,synthetic_no_t2,LGE+C0_no_T2,0,anatomy,lge_private,1,1,0.001764706103131175,1.8913850784301758,0.20619790256023407,False,0.0,0.0,covered_by_loss_backward_sanity
m6_scar_precision_edema_safe,synthetic_no_t2,LGE+C0_no_T2,0,anatomy,lge_private,1,1,0.001764706103131175,1.8913850784301758,0.20619790256023407,False,0.0,0.0,covered_by_loss_backward_sanity
m6_scar_precision_edema_safe,synthetic_no_t2,LGE+C0_no_T2,0,anatomy,lge_private,1,1,0.001764706103131175,1.8913850784301758,0.20619790256023407,False,0.0,0.0,covered_by_loss_backward_sanity
m6_scar_precision_edema_safe,synthetic_no_t2,LGE+C0_no_T2,0,anatomy,lge_private,1,1,0.001764706103131175,1.8913850784301758,0.20619790256023407,False,0.0,0.0,covered_by_loss_backward_sanity
m6_scar_precision_edema_safe,synthetic_no_t2,LGE+C0_no_T2,0,anatomy,t2_private,1,0,0.0,1.8913850784301758,0.20619790256023407,False,0.0,0.0,covered_by_loss_backward_sanity
m6_scar_precision_edema_safe,synthetic_no_t2,LGE+C0_no_T2,0,anatomy,t2_private,1,0,0.0,1.8913850784301758,0.20619790256023407,False,0.0,0.0,covered_by_loss_backward_sanity
m6_scar_precision_edema_safe,synthetic_no_t2,LGE+C0_no_T2,0,anatomy,t2_private,1,0,0.0,1.8913850784301758,0.20619790256023407,False,0.0,0.0,covered_by_loss_backward_sanity
m6_scar_precision_edema_safe,synthetic_no_t2,LGE+C0_no_T2,0,anatomy,t2_private,1,0,0.0,1.8913850784301758,0.20619790256023407,False,0.0,0.0,covered_by_loss_backward_sanity
m6_scar_precision_edema_safe,synthetic_no_t2,LGE+C0_no_T2,0,anatomy,t2_private,1,0,0.0,1.8913850784301758,0.20619790256023407,False,0.0,0.0,covered_by_loss_backward_sanity
m6_scar_precision_edema_safe,synthetic_no_t2,LGE+C0_no_T2,0,anatomy,c0_private,1,1,0.001764706103131175,1.8913850784301758,0.20619790256023407,False,0.0,0.0,covered_by_loss_backward_sanity
m6_scar_precision_edema_safe,synthetic_no_t2,LGE+C0_no_T2,0,anatomy,c0_private,1,1,0.001764706103131175,1.8913850784301758,0.20619790256023407,False,0.0,0.0,covered_by_loss_backward_sanity
m6_scar_precision_edema_safe,synthetic_no_t2,LGE+C0_no_T2,0,anatomy,interaction_lge_t2,1,0,0.0,1.8913850784301758,0.20619790256023407,False,0.0,0.0,covered_by_loss_backward_sanity
m6_scar_precision_edema_safe,synthetic_no_t2,LGE+C0_no_T2,0,anatomy,interaction_lge_t2,1,0,0.0,1.8913850784301758,0.20619790256023407,False,0.0,0.0,covered_by_loss_backward_sanity
m6_scar_precision_edema_safe,synthetic_no_t2,LGE+C0_no_T2,0,anatomy,interaction_lge_t2,1,0,0.0,1.8913850784301758,0.20619790256023407,False,0.0,0.0,covered_by_loss_backward_sanity
m6_scar_precision_edema_safe,synthetic_no_t2,LGE+C0_no_T2,0,anatomy,interaction_lge_c0,1,1,0.001764706103131175,1.8913850784301758,0.20619790256023407,False,0.0,0.0,covered_by_loss_backward_sanity
m6_scar_precision_edema_safe,synthetic_no_t2,LGE+C0_no_T2,0,anatomy,interaction_lge_c0,1,1,0.14526496827602386,1.8913850784301758,0.20619790256023407,False,0.0,0.0,covered_by_loss_backward_sanity
m6_scar_precision_edema_safe,synthetic_no_t2,LGE+C0_no_T2,0,anatomy,interaction_lge_c0,1,1,0.001764706103131175,1.8913850784301758,0.20619790256023407,False,0.0,0.0,covered_by_loss_backward_sanity
m6_scar_precision_edema_safe,synthetic_no_t2,LGE+C0_no_T2,0,anatomy,interaction_t2_c0,1,0,0.0,1.8913850784301758,0.20619790256023407,False,0.0,0.0,covered_by_loss_backward_sanity
m6_scar_precision_edema_safe,synthetic_no_t2,LGE+C0_no_T2,0,anatomy,interaction_t2_c0,1,0,0.0,1.8913850784301758,0.20619790256023407,False,0.0,0.0,covered_by_loss_backward_sanity
m6_scar_precision_edema_safe,synthetic_no_t2,LGE+C0_no_T2,0,scar,shared,1,1,0.0017647059867158532,1.8963143825531006,0.18604162335395813,False,0.0,0.0,covered_by_loss_backward_sanity
m6_scar_precision_edema_safe,synthetic_no_t2,LGE+C0_no_T2,0,scar,shared,1,1,0.0017647059867158532,1.8963143825531006,0.18604162335395813,False,0.0,0.0,covered_by_loss_backward_sanity
m6_scar_precision_edema_safe,synthetic_no_t2,LGE+C0_no_T2,0,scar,shared,1,1,0.0017647059867158532,1.8963143825531006,0.18604162335395813,False,0.0,0.0,covered_by_loss_backward_sanity
m6_scar_precision_edema_safe,synthetic_no_t2,LGE+C0_no_T2,0,scar,shared,1,1,0.0017647059867158532,1.8963143825531006,0.18604162335395813,False,0.0,0.0,covered_by_loss_backward_sanity
m6_scar_precision_edema_safe,synthetic_no_t2,LGE+C0_no_T2,0,scar,shared,1,1,0.0017647059867158532,1.8963143825531006,0.18604162335395813,False,0.0,0.0,covered_by_loss_backward_sanity
m6_scar_precision_edema_safe,synthetic_no_t2,LGE+C0_no_T2,0,scar,shared,1,1,0.0017647059867158532,1.8963143825531006,0.18604162335395813,False,0.0,0.0,covered_by_loss_backward_sanity
m6_scar_precision_edema_safe,synthetic_no_t2,LGE+C0_no_T2,0,scar,lge_private,1,1,0.1734640896320343,1.8963143825531006,0.18604162335395813,False,0.0,0.0,covered_by_loss_backward_sanity
m6_scar_precision_edema_safe,synthetic_no_t2,LGE+C0_no_T2,0,scar,lge_private,1,1,0.18604162335395813,1.8963143825531006,0.18604162335395813,False,0.0,0.0,covered_by_loss_backward_sanity
m6_scar_precision_edema_safe,synthetic_no_t2,LGE+C0_no_T2,0,scar,lge_private,1,1,0.15442539751529694,1.8963143825531006,0.18604162335395813,False,0.0,0.0,covered_by_loss_backward_sanity
m6_scar_precision_edema_safe,synthetic_no_t2,LGE+C0_no_T2,0,scar,lge_private,1,1,0.15638074278831482,1.8963143825531006,0.18604162335395813,False,0.0,0.0,covered_by_loss_backward_sanity
m6_scar_precision_edema_safe,synthetic_no_t2,LGE+C0_no_T2,0,scar,lge_private,1,1,0.14811280369758606,1.8963143825531006,0.18604162335395813,False,0.0,0.0,covered_by_loss_backward_sanity
m6_scar_precision_edema_safe,synthetic_no_t2,LGE+C0_no_T2,0,scar,lge_private,1,1,0.1621636301279068,1.8963143825531006,0.18604162335395813,False,0.0,0.0,covered_by_loss_backward_sanity
m6_scar_precision_edema_safe,synthetic_no_t2,LGE+C0_no_T2,0,scar,t2_private,1,0,0.0,1.8963143825531006,0.18604162335395813,False,0.0,0.0,covered_by_loss_backward_sanity
m6_scar_precision_edema_safe,synthetic_no_t2,LGE+C0_no_T2,0,scar,t2_private,1,0,0.0,1.8963143825531006,0.18604162335395813,False,0.0,0.0,covered_by_loss_backward_sanity
m6_scar_precision_edema_safe,synthetic_no_t2,LGE+C0_no_T2,0,scar,t2_private,1,0,0.0,1.8963143825531006,0.18604162335395813,False,0.0,0.0,covered_by_loss_backward_sanity
m6_scar_precision_edema_safe,synthetic_no_t2,LGE+C0_no_T2,0,scar,t2_private,1,0,0.0,1.8963143825531006,0.18604162335395813,False,0.0,0.0,covered_by_loss_backward_sanity
m6_scar_precision_edema_safe,synthetic_no_t2,LGE+C0_no_T2,0,scar,t2_private,1,0,0.0,1.8963143825531006,0.18604162335395813,False,0.0,0.0,covered_by_loss_backward_sanity
m6_scar_precision_edema_safe,synthetic_no_t2,LGE+C0_no_T2,0,scar,c0_private,1,1,0.0017647059867158532,1.8963143825531006,0.18604162335395813,False,0.0,0.0,covered_by_loss_backward_sanity
m6_scar_precision_edema_safe,synthetic_no_t2,LGE+C0_no_T2,0,scar,c0_private,1,1,0.0017647059867158532,1.8963143825531006,0.18604162335395813,False,0.0,0.0,covered_by_loss_backward_sanity
m6_scar_precision_edema_safe,synthetic_no_t2,LGE+C0_no_T2,0,scar,interaction_lge_t2,1,0,0.0,1.8963143825531006,0.18604162335395813,False,0.0,0.0,covered_by_loss_backward_sanity
m6_scar_precision_edema_safe,synthetic_no_t2,LGE+C0_no_T2,0,scar,interaction_lge_t2,1,0,0.0,1.8963143825531006,0.18604162335395813,False,0.0,0.0,covered_by_loss_backward_sanity
m6_scar_precision_edema_safe,synthetic_no_t2,LGE+C0_no_T2,0,scar,interaction_lge_t2,1,0,0.0,1.8963143825531006,0.18604162335395813,False,0.0,0.0,covered_by_loss_backward_sanity
m6_scar_precision_edema_safe,synthetic_no_t2,LGE+C0_no_T2,0,scar,interaction_lge_c0,1,1,0.0017647059867158532,1.8963143825531006,0.18604162335395813,False,0.0,0.0,covered_by_loss_backward_sanity
m6_scar_precision_edema_safe,synthetic_no_t2,LGE+C0_no_T2,0,scar,interaction_lge_c0,1,1,0.0017647059867158532,1.8963143825531006,0.18604162335395813,False,0.0,0.0,covered_by_loss_backward_sanity
m6_scar_precision_edema_safe,synthetic_no_t2,LGE+C0_no_T2,0,scar,interaction_lge_c0,1,1,0.0017647059867158532,1.8963143825531006,0.18604162335395813,False,0.0,0.0,covered_by_loss_backward_sanity
m6_scar_precision_edema_safe,synthetic_no_t2,LGE+C0_no_T2,0,scar,interaction_t2_c0,1,0,0.0,1.8963143825531006,0.18604162335395813,False,0.0,0.0,covered_by_loss_backward_sanity
m6_scar_precision_edema_safe,synthetic_no_t2,LGE+C0_no_T2,0,scar,interaction_t2_c0,1,0,0.0,1.8963143825531006,0.18604162335395813,False,0.0,0.0,covered_by_loss_backward_sanity
m6_scar_precision_edema_safe,synthetic_no_t2,LGE+C0_no_T2,0,edema,shared,1,1,0.0017647058703005314,1.893425464630127,0.19111736118793488,False,0.0,0.0,covered_by_loss_backward_sanity
m6_scar_precision_edema_safe,synthetic_no_t2,LGE+C0_no_T2,0,edema,shared,1,1,0.17341020703315735,1.893425464630127,0.19111736118793488,False,0.0,0.0,covered_by_loss_backward_sanity
m6_scar_precision_edema_safe,synthetic_no_t2,LGE+C0_no_T2,0,edema,shared,1,1,0.0017647058703005314,1.893425464630127,0.19111736118793488,False,0.0,0.0,covered_by_loss_backward_sanity
m6_scar_precision_edema_safe,synthetic_no_t2,LGE+C0_no_T2,0,edema,shared,1,1,0.0017647058703005314,1.893425464630127,0.19111736118793488,False,0.0,0.0,covered_by_loss_backward_sanity
m6_scar_precision_edema_safe,synthetic_no_t2,LGE+C0_no_T2,0,edema,shared,1,1,0.14462390542030334,1.893425464630127,0.19111736118793488,False,0.0,0.0,covered_by_loss_backward_sanity
m6_scar_precision_edema_safe,synthetic_no_t2,LGE+C0_no_T2,0,edema,shared,1,1,0.19111736118793488,1.893425464630127,0.19111736118793488,False,0.0,0.0,covered_by_loss_backward_sanity
m6_scar_precision_edema_safe,synthetic_no_t2,LGE+C0_no_T2,0,edema,lge_private,1,1,0.1539374142885208,1.893425464630127,0.19111736118793488,False,0.0,0.0,covered_by_loss_backward_sanity
m6_scar_precision_edema_safe,synthetic_no_t2,LGE+C0_no_T2,0,edema,lge_private,1,1,0.0017647058703005314,1.893425464630127,0.19111736118793488,False,0.0,0.0,covered_by_loss_backward_sanity
m6_scar_precision_edema_safe,synthetic_no_t2,LGE+C0_no_T2,0,edema,lge_private,1,1,0.14197106659412384,1.893425464630127,0.19111736118793488,False,0.0,0.0,covered_by_loss_backward_sanity
m6_scar_precision_edema_safe,synthetic_no_t2,LGE+C0_no_T2,0,edema,lge_private,1,1,0.0017647058703005314,1.893425464630127,0.19111736118793488,False,0.0,0.0,covered_by_loss_backward_sanity
m6_scar_precision_edema_safe,synthetic_no_t2,LGE+C0_no_T2,0,edema,lge_private,1,1,0.0017647058703005314,1.893425464630127,0.19111736118793488,False,0.0,0.0,covered_by_loss_backward_sanity
m6_scar_precision_edema_safe,synthetic_no_t2,LGE+C0_no_T2,0,edema,lge_private,1,1,0.0017647058703005314,1.893425464630127,0.19111736118793488,False,0.0,0.0,covered_by_loss_backward_sanity
m6_scar_precision_edema_safe,synthetic_no_t2,LGE+C0_no_T2,0,edema,t2_private,1,0,0.0,1.893425464630127,0.19111736118793488,False,0.0,0.0,covered_by_loss_backward_sanity
m6_scar_precision_edema_safe,synthetic_no_t2,LGE+C0_no_T2,0,edema,t2_private,1,0,0.0,1.893425464630127,0.19111736118793488,False,0.0,0.0,covered_by_loss_backward_sanity
m6_scar_precision_edema_safe,synthetic_no_t2,LGE+C0_no_T2,0,edema,t2_private,1,0,0.0,1.893425464630127,0.19111736118793488,False,0.0,0.0,covered_by_loss_backward_sanity
m6_scar_precision_edema_safe,synthetic_no_t2,LGE+C0_no_T2,0,edema,t2_private,1,0,0.0,1.893425464630127,0.19111736118793488,False,0.0,0.0,covered_by_loss_backward_sanity
m6_scar_precision_edema_safe,synthetic_no_t2,LGE+C0_no_T2,0,edema,t2_private,1,0,0.0,1.893425464630127,0.19111736118793488,False,0.0,0.0,covered_by_loss_backward_sanity
m6_scar_precision_edema_safe,synthetic_no_t2,LGE+C0_no_T2,0,edema,c0_private,1,1,0.17552828788757324,1.893425464630127,0.19111736118793488,False,0.0,0.0,covered_by_loss_backward_sanity
m6_scar_precision_edema_safe,synthetic_no_t2,LGE+C0_no_T2,0,edema,c0_private,1,1,0.0017647058703005314,1.893425464630127,0.19111736118793488,False,0.0,0.0,covered_by_loss_backward_sanity
m6_scar_precision_edema_safe,synthetic_no_t2,LGE+C0_no_T2,0,edema,interaction_lge_t2,1,0,0.0,1.893425464630127,0.19111736118793488,False,0.0,0.0,covered_by_loss_backward_sanity
m6_scar_precision_edema_safe,synthetic_no_t2,LGE+C0_no_T2,0,edema,interaction_lge_t2,1,0,0.0,1.893425464630127,0.19111736118793488,False,0.0,0.0,covered_by_loss_backward_sanity
m6_scar_precision_edema_safe,synthetic_no_t2,LGE+C0_no_T2,0,edema,interaction_lge_t2,1,0,0.0,1.893425464630127,0.19111736118793488,False,0.0,0.0,covered_by_loss_backward_sanity
m6_scar_precision_edema_safe,synthetic_no_t2,LGE+C0_no_T2,0,edema,interaction_lge_c0,1,1,0.0017647058703005314,1.893425464630127,0.19111736118793488,False,0.0,0.0,covered_by_loss_backward_sanity
m6_scar_precision_edema_safe,synthetic_no_t2,LGE+C0_no_T2,0,edema,interaction_lge_c0,1,1,0.0017647058703005314,1.893425464630127,0.19111736118793488,False,0.0,0.0,covered_by_loss_backward_sanity
m6_scar_precision_edema_safe,synthetic_no_t2,LGE+C0_no_T2,0,edema,interaction_lge_c0,1,1,0.0017647058703005314,1.893425464630127,0.19111736118793488,False,0.0,0.0,covered_by_loss_backward_sanity
m6_scar_precision_edema_safe,synthetic_no_t2,LGE+C0_no_T2,0,edema,interaction_t2_c0,1,0,0.0,1.893425464630127,0.19111736118793488,False,0.0,0.0,covered_by_loss_backward_sanity
m6_scar_precision_edema_safe,synthetic_no_t2,LGE+C0_no_T2,0,edema,interaction_t2_c0,1,0,0.0,1.893425464630127,0.19111736118793488,False,0.0,0.0,covered_by_loss_backward_sanity
m6_scar_precision_edema_safe,synthetic_no_t2,LGE+C0_no_T2,1,anatomy,shared,1,1,0.19560839235782623,1.8840018510818481,0.20887307822704315,False,0.0,0.0,covered_by_loss_backward_sanity
m6_scar_precision_edema_safe,synthetic_no_t2,LGE+C0_no_T2,1,anatomy,shared,1,1,0.0017647059867158532,1.8840018510818481,0.20887307822704315,False,0.0,0.0,covered_by_loss_backward_sanity
m6_scar_precision_edema_safe,synthetic_no_t2,LGE+C0_no_T2,1,anatomy,shared,1,1,0.20887307822704315,1.8840018510818481,0.20887307822704315,False,0.0,0.0,covered_by_loss_backward_sanity
m6_scar_precision_edema_safe,synthetic_no_t2,LGE+C0_no_T2,1,anatomy,shared,1,1,0.0017647059867158532,1.8840018510818481,0.20887307822704315,False,0.0,0.0,covered_by_loss_backward_sanity
m6_scar_precision_edema_safe,synthetic_no_t2,LGE+C0_no_T2,1,anatomy,shared,1,1,0.14352799952030182,1.8840018510818481,0.20887307822704315,False,0.0,0.0,covered_by_loss_backward_sanity
m6_scar_precision_edema_safe,synthetic_no_t2,LGE+C0_no_T2,1,anatomy,shared,1,1,0.13442879915237427,1.8840018510818481,0.20887307822704315,False,0.0,0.0,covered_by_loss_backward_sanity
m6_scar_precision_edema_safe,synthetic_no_t2,LGE+C0_no_T2,1,anatomy,lge_private,1,1,0.0017647059867158532,1.8840018510818481,0.20887307822704315,False,0.0,0.0,covered_by_loss_backward_sanity
m6_scar_precision_edema_safe,synthetic_no_t2,LGE+C0_no_T2,1,anatomy,lge_private,1,1,0.0017647059867158532,1.8840018510818481,0.20887307822704315,False,0.0,0.0,covered_by_loss_backward_sanity
m6_scar_precision_edema_safe,synthetic_no_t2,LGE+C0_no_T2,1,anatomy,lge_private,1,1,0.0017647059867158532,1.8840018510818481,0.20887307822704315,False,0.0,0.0,covered_by_loss_backward_sanity
m6_scar_precision_edema_safe,synthetic_no_t2,LGE+C0_no_T2,1,anatomy,lge_private,1,1,0.0017647059867158532,1.8840018510818481,0.20887307822704315,False,0.0,0.0,covered_by_loss_backward_sanity
m6_scar_precision_edema_safe,synthetic_no_t2,LGE+C0_no_T2,1,anatomy,lge_private,1,1,0.0017647059867158532,1.8840018510818481,0.20887307822704315,False,0.0,0.0,covered_by_loss_backward_sanity
m6_scar_precision_edema_safe,synthetic_no_t2,LGE+C0_no_T2,1,anatomy,lge_private,1,1,0.0017647059867158532,1.8840018510818481,0.20887307822704315,False,0.0,0.0,covered_by_loss_backward_sanity
m6_scar_precision_edema_safe,synthetic_no_t2,LGE+C0_no_T2,1,anatomy,t2_private,1,0,0.0,1.8840018510818481,0.20887307822704315,False,0.0,0.0,covered_by_loss_backward_sanity
m6_scar_precision_edema_safe,synthetic_no_t2,LGE+C0_no_T2,1,anatomy,t2_private,1,0,0.0,1.8840018510818481,0.20887307822704315,False,0.0,0.0,covered_by_loss_backward_sanity
m6_scar_precision_edema_safe,synthetic_no_t2,LGE+C0_no_T2,1,anatomy,t2_private,1,0,0.0,1.8840018510818481,0.20887307822704315,False,0.0,0.0,covered_by_loss_backward_sanity
m6_scar_precision_edema_safe,synthetic_no_t2,LGE+C0_no_T2,1,anatomy,t2_private,1,0,0.0,1.8840018510818481,0.20887307822704315,False,0.0,0.0,covered_by_loss_backward_sanity
m6_scar_precision_edema_safe,synthetic_no_t2,LGE+C0_no_T2,1,anatomy,t2_private,1,0,0.0,1.8840018510818481,0.20887307822704315,False,0.0,0.0,covered_by_loss_backward_sanity
m6_scar_precision_edema_safe,synthetic_no_t2,LGE+C0_no_T2,1,anatomy,c0_private,1,1,0.0017647059867158532,1.8840018510818481,0.20887307822704315,False,0.0,0.0,covered_by_loss_backward_sanity
m6_scar_precision_edema_safe,synthetic_no_t2,LGE+C0_no_T2,1,anatomy,c0_private,1,1,0.0017647059867158532,1.8840018510818481,0.20887307822704315,False,0.0,0.0,covered_by_loss_backward_sanity
m6_scar_precision_edema_safe,synthetic_no_t2,LGE+C0_no_T2,1,anatomy,interaction_lge_t2,1,0,0.0,1.8840018510818481,0.20887307822704315,False,0.0,0.0,covered_by_loss_backward_sanity
m6_scar_precision_edema_safe,synthetic_no_t2,LGE+C0_no_T2,1,anatomy,interaction_lge_t2,1,0,0.0,1.8840018510818481,0.20887307822704315,False,0.0,0.0,covered_by_loss_backward_sanity
m6_scar_precision_edema_safe,synthetic_no_t2,LGE+C0_no_T2,1,anatomy,interaction_lge_t2,1,0,0.0,1.8840018510818481,0.20887307822704315,False,0.0,0.0,covered_by_loss_backward_sanity
m6_scar_precision_edema_safe,synthetic_no_t2,LGE+C0_no_T2,1,anatomy,interaction_lge_c0,1,1,0.16232894361019135,1.8840018510818481,0.20887307822704315,False,0.0,0.0,covered_by_loss_backward_sanity
m6_scar_precision_edema_safe,synthetic_no_t2,LGE+C0_no_T2,1,anatomy,interaction_lge_c0,1,1,0.0017647059867158532,1.8840018510818481,0.20887307822704315,False,0.0,0.0,covered_by_loss_backward_sanity
m6_scar_precision_edema_safe,synthetic_no_t2,LGE+C0_no_T2,1,anatomy,interaction_lge_c0,1,1,0.13582105934619904,1.8840018510818481,0.20887307822704315,False,0.0,0.0,covered_by_loss_backward_sanity
m6_scar_precision_edema_safe,synthetic_no_t2,LGE+C0_no_T2,1,anatomy,interaction_t2_c0,1,0,0.0,1.8840018510818481,0.20887307822704315,False,0.0,0.0,covered_by_loss_backward_sanity
m6_scar_precision_edema_safe,synthetic_no_t2,LGE+C0_no_T2,1,anatomy,interaction_t2_c0,1,0,0.0,1.8840018510818481,0.20887307822704315,False,0.0,0.0,covered_by_loss_backward_sanity
m6_scar_precision_edema_safe,synthetic_no_t2,LGE+C0_no_T2,1,scar,shared,1,1,0.0017647059867158532,1.8835351467132568,0.19855962693691254,False,0.0,0.0,covered_by_loss_backward_sanity
m6_scar_precision_edema_safe,synthetic_no_t2,LGE+C0_no_T2,1,scar,shared,1,1,0.0017647059867158532,1.8835351467132568,0.19855962693691254,False,0.0,0.0,covered_by_loss_backward_sanity
m6_scar_precision_edema_safe,synthetic_no_t2,LGE+C0_no_T2,1,scar,shared,1,1,0.0017647059867158532,1.8835351467132568,0.19855962693691254,False,0.0,0.0,covered_by_loss_backward_sanity
m6_scar_precision_edema_safe,synthetic_no_t2,LGE+C0_no_T2,1,scar,shared,1,1,0.0017647059867158532,1.8835351467132568,0.19855962693691254,False,0.0,0.0,covered_by_loss_backward_sanity
m6_scar_precision_edema_safe,synthetic_no_t2,LGE+C0_no_T2,1,scar,shared,1,1,0.0017647059867158532,1.8835351467132568,0.19855962693691254,False,0.0,0.0,covered_by_loss_backward_sanity
m6_scar_precision_edema_safe,synthetic_no_t2,LGE+C0_no_T2,1,scar,shared,1,1,0.0017647059867158532,1.8835351467132568,0.19855962693691254,False,0.0,0.0,covered_by_loss_backward_sanity
m6_scar_precision_edema_safe,synthetic_no_t2,LGE+C0_no_T2,1,scar,lge_private,1,1,0.11192670464515686,1.8835351467132568,0.19855962693691254,False,0.0,0.0,covered_by_loss_backward_sanity
m6_scar_precision_edema_safe,synthetic_no_t2,LGE+C0_no_T2,1,scar,lge_private,1,1,0.19148091971874237,1.8835351467132568,0.19855962693691254,False,0.0,0.0,covered_by_loss_backward_sanity
m6_scar_precision_edema_safe,synthetic_no_t2,LGE+C0_no_T2,1,scar,lge_private,1,1,0.1500634104013443,1.8835351467132568,0.19855962693691254,False,0.0,0.0,covered_by_loss_backward_sanity
m6_scar_precision_edema_safe,synthetic_no_t2,LGE+C0_no_T2,1,scar,lge_private,1,1,0.15828078985214233,1.8835351467132568,0.19855962693691254,False,0.0,0.0,covered_by_loss_backward_sanity
m6_scar_precision_edema_safe,synthetic_no_t2,LGE+C0_no_T2,1,scar,lge_private,1,1,0.17027686536312103,1.8835351467132568,0.19855962693691254,False,0.0,0.0,covered_by_loss_backward_sanity
m6_scar_precision_edema_safe,synthetic_no_t2,LGE+C0_no_T2,1,scar,lge_private,1,1,0.19855962693691254,1.8835351467132568,0.19855962693691254,False,0.0,0.0,covered_by_loss_backward_sanity
m6_scar_precision_edema_safe,synthetic_no_t2,LGE+C0_no_T2,1,scar,t2_private,1,0,0.0,1.8835351467132568,0.19855962693691254,False,0.0,0.0,covered_by_loss_backward_sanity
m6_scar_precision_edema_safe,synthetic_no_t2,LGE+C0_no_T2,1,scar,t2_private,1,0,0.0,1.8835351467132568,0.19855962693691254,False,0.0,0.0,covered_by_loss_backward_sanity
m6_scar_precision_edema_safe,synthetic_no_t2,LGE+C0_no_T2,1,scar,t2_private,1,0,0.0,1.8835351467132568,0.19855962693691254,False,0.0,0.0,covered_by_loss_backward_sanity
m6_scar_precision_edema_safe,synthetic_no_t2,LGE+C0_no_T2,1,scar,t2_private,1,0,0.0,1.8835351467132568,0.19855962693691254,False,0.0,0.0,covered_by_loss_backward_sanity
m6_scar_precision_edema_safe,synthetic_no_t2,LGE+C0_no_T2,1,scar,t2_private,1,0,0.0,1.8835351467132568,0.19855962693691254,False,0.0,0.0,covered_by_loss_backward_sanity
m6_scar_precision_edema_safe,synthetic_no_t2,LGE+C0_no_T2,1,scar,c0_private,1,1,0.0017647059867158532,1.8835351467132568,0.19855962693691254,False,0.0,0.0,covered_by_loss_backward_sanity
m6_scar_precision_edema_safe,synthetic_no_t2,LGE+C0_no_T2,1,scar,c0_private,1,1,0.0017647059867158532,1.8835351467132568,0.19855962693691254,False,0.0,0.0,covered_by_loss_backward_sanity
m6_scar_precision_edema_safe,synthetic_no_t2,LGE+C0_no_T2,1,scar,interaction_lge_t2,1,0,0.0,1.8835351467132568,0.19855962693691254,False,0.0,0.0,covered_by_loss_backward_sanity
m6_scar_precision_edema_safe,synthetic_no_t2,LGE+C0_no_T2,1,scar,interaction_lge_t2,1,0,0.0,1.8835351467132568,0.19855962693691254,False,0.0,0.0,covered_by_loss_backward_sanity
m6_scar_precision_edema_safe,synthetic_no_t2,LGE+C0_no_T2,1,scar,interaction_lge_t2,1,0,0.0,1.8835351467132568,0.19855962693691254,False,0.0,0.0,covered_by_loss_backward_sanity
m6_scar_precision_edema_safe,synthetic_no_t2,LGE+C0_no_T2,1,scar,interaction_lge_c0,1,1,0.0017647059867158532,1.8835351467132568,0.19855962693691254,False,0.0,0.0,covered_by_loss_backward_sanity
m6_scar_precision_edema_safe,synthetic_no_t2,LGE+C0_no_T2,1,scar,interaction_lge_c0,1,1,0.0017647059867158532,1.8835351467132568,0.19855962693691254,False,0.0,0.0,covered_by_loss_backward_sanity
m6_scar_precision_edema_safe,synthetic_no_t2,LGE+C0_no_T2,1,scar,interaction_lge_c0,1,1,0.0017647059867158532,1.8835351467132568,0.19855962693691254,False,0.0,0.0,covered_by_loss_backward_sanity
m6_scar_precision_edema_safe,synthetic_no_t2,LGE+C0_no_T2,1,scar,interaction_t2_c0,1,0,0.0,1.8835351467132568,0.19855962693691254,False,0.0,0.0,covered_by_loss_backward_sanity
m6_scar_precision_edema_safe,synthetic_no_t2,LGE+C0_no_T2,1,scar,interaction_t2_c0,1,0,0.0,1.8835351467132568,0.19855962693691254,False,0.0,0.0,covered_by_loss_backward_sanity
m6_scar_precision_edema_safe,synthetic_no_t2,LGE+C0_no_T2,1,edema,shared,1,1,0.15991845726966858,1.8988139629364014,0.1699356883764267,False,0.0,0.0,covered_by_loss_backward_sanity
m6_scar_precision_edema_safe,synthetic_no_t2,LGE+C0_no_T2,1,edema,shared,1,1,0.15952233970165253,1.8988139629364014,0.1699356883764267,False,0.0,0.0,covered_by_loss_backward_sanity
m6_scar_precision_edema_safe,synthetic_no_t2,LGE+C0_no_T2,1,edema,shared,1,1,0.1699356883764267,1.8988139629364014,0.1699356883764267,False,0.0,0.0,covered_by_loss_backward_sanity
m6_scar_precision_edema_safe,synthetic_no_t2,LGE+C0_no_T2,1,edema,shared,1,1,0.168845534324646,1.8988139629364014,0.1699356883764267,False,0.0,0.0,covered_by_loss_backward_sanity
m6_scar_precision_edema_safe,synthetic_no_t2,LGE+C0_no_T2,1,edema,shared,1,1,0.0017647058703005314,1.8988139629364014,0.1699356883764267,False,0.0,0.0,covered_by_loss_backward_sanity
m6_scar_precision_edema_safe,synthetic_no_t2,LGE+C0_no_T2,1,edema,shared,1,1,0.1655777543783188,1.8988139629364014,0.1699356883764267,False,0.0,0.0,covered_by_loss_backward_sanity
m6_scar_precision_edema_safe,synthetic_no_t2,LGE+C0_no_T2,1,edema,lge_private,1,1,0.0017647058703005314,1.8988139629364014,0.1699356883764267,False,0.0,0.0,covered_by_loss_backward_sanity
m6_scar_precision_edema_safe,synthetic_no_t2,LGE+C0_no_T2,1,edema,lge_private,1,1,0.0017647058703005314,1.8988139629364014,0.1699356883764267,False,0.0,0.0,covered_by_loss_backward_sanity
m6_scar_precision_edema_safe,synthetic_no_t2,LGE+C0_no_T2,1,edema,lge_private,1,1,0.0017647058703005314,1.8988139629364014,0.1699356883764267,False,0.0,0.0,covered_by_loss_backward_sanity
m6_scar_precision_edema_safe,synthetic_no_t2,LGE+C0_no_T2,1,edema,lge_private,1,1,0.0017647058703005314,1.8988139629364014,0.1699356883764267,False,0.0,0.0,covered_by_loss_backward_sanity
m6_scar_precision_edema_safe,synthetic_no_t2,LGE+C0_no_T2,1,edema,lge_private,1,1,0.15678845345973969,1.8988139629364014,0.1699356883764267,False,0.0,0.0,covered_by_loss_backward_sanity
m6_scar_precision_edema_safe,synthetic_no_t2,LGE+C0_no_T2,1,edema,lge_private,1,1,0.0017647058703005314,1.8988139629364014,0.1699356883764267,False,0.0,0.0,covered_by_loss_backward_sanity
m6_scar_precision_edema_safe,synthetic_no_t2,LGE+C0_no_T2,1,edema,t2_private,1,0,0.0,1.8988139629364014,0.1699356883764267,False,0.0,0.0,covered_by_loss_backward_sanity
m6_scar_precision_edema_safe,synthetic_no_t2,LGE+C0_no_T2,1,edema,t2_private,1,0,0.0,1.8988139629364014,0.1699356883764267,False,0.0,0.0,covered_by_loss_backward_sanity
m6_scar_precision_edema_safe,synthetic_no_t2,LGE+C0_no_T2,1,edema,t2_private,1,0,0.0,1.8988139629364014,0.1699356883764267,False,0.0,0.0,covered_by_loss_backward_sanity
m6_scar_precision_edema_safe,synthetic_no_t2,LGE+C0_no_T2,1,edema,t2_private,1,0,0.0,1.8988139629364014,0.1699356883764267,False,0.0,0.0,covered_by_loss_backward_sanity
m6_scar_precision_edema_safe,synthetic_no_t2,LGE+C0_no_T2,1,edema,t2_private,1,0,0.0,1.8988139629364014,0.1699356883764267,False,0.0,0.0,covered_by_loss_backward_sanity
m6_scar_precision_edema_safe,synthetic_no_t2,LGE+C0_no_T2,1,edema,c0_private,1,1,0.0017647058703005314,1.8988139629364014,0.1699356883764267,False,0.0,0.0,covered_by_loss_backward_sanity
m6_scar_precision_edema_safe,synthetic_no_t2,LGE+C0_no_T2,1,edema,c0_private,1,1,0.0017647058703005314,1.8988139629364014,0.1699356883764267,False,0.0,0.0,covered_by_loss_backward_sanity
m6_scar_precision_edema_safe,synthetic_no_t2,LGE+C0_no_T2,1,edema,interaction_lge_t2,1,0,0.0,1.8988139629364014,0.1699356883764267,False,0.0,0.0,covered_by_loss_backward_sanity
m6_scar_precision_edema_safe,synthetic_no_t2,LGE+C0_no_T2,1,edema,interaction_lge_t2,1,0,0.0,1.8988139629364014,0.1699356883764267,False,0.0,0.0,covered_by_loss_backward_sanity
m6_scar_precision_edema_safe,synthetic_no_t2,LGE+C0_no_T2,1,edema,interaction_lge_t2,1,0,0.0,1.8988139629364014,0.1699356883764267,False,0.0,0.0,covered_by_loss_backward_sanity
m6_scar_precision_edema_safe,synthetic_no_t2,LGE+C0_no_T2,1,edema,interaction_lge_c0,1,1,0.0017647058703005314,1.8988139629364014,0.1699356883764267,False,0.0,0.0,covered_by_loss_backward_sanity
m6_scar_precision_edema_safe,synthetic_no_t2,LGE+C0_no_T2,1,edema,interaction_lge_c0,1,1,0.0017647058703005314,1.8988139629364014,0.1699356883764267,False,0.0,0.0,covered_by_loss_backward_sanity
m6_scar_precision_edema_safe,synthetic_no_t2,LGE+C0_no_T2,1,edema,interaction_lge_c0,1,1,0.0017647058703005314,1.8988139629364014,0.1699356883764267,False,0.0,0.0,covered_by_loss_backward_sanity
m6_scar_precision_edema_safe,synthetic_no_t2,LGE+C0_no_T2,1,edema,interaction_t2_c0,1,0,0.0,1.8988139629364014,0.1699356883764267,False,0.0,0.0,covered_by_loss_backward_sanity
m6_scar_precision_edema_safe,synthetic_no_t2,LGE+C0_no_T2,1,edema,interaction_t2_c0,1,0,0.0,1.8988139629364014,0.1699356883764267,False,0.0,0.0,covered_by_loss_backward_sanity
m6_scar_precision_edema_safe,synthetic_no_t2,LGE+C0_no_T2,2,anatomy,shared,1,1,0.1846369504928589,1.893494963645935,0.18714097142219543,False,0.0,0.0,covered_by_loss_backward_sanity
m6_scar_precision_edema_safe,synthetic_no_t2,LGE+C0_no_T2,2,anatomy,shared,1,1,0.18714097142219543,1.893494963645935,0.18714097142219543,False,0.0,0.0,covered_by_loss_backward_sanity
m6_scar_precision_edema_safe,synthetic_no_t2,LGE+C0_no_T2,2,anatomy,shared,1,1,0.16732393205165863,1.893494963645935,0.18714097142219543,False,0.0,0.0,covered_by_loss_backward_sanity
m6_scar_precision_edema_safe,synthetic_no_t2,LGE+C0_no_T2,2,anatomy,shared,1,1,0.14605504274368286,1.893494963645935,0.18714097142219543,False,0.0,0.0,covered_by_loss_backward_sanity
m6_scar_precision_edema_safe,synthetic_no_t2,LGE+C0_no_T2,2,anatomy,shared,1,1,0.15370558202266693,1.893494963645935,0.18714097142219543,False,0.0,0.0,covered_by_loss_backward_sanity
m6_scar_precision_edema_safe,synthetic_no_t2,LGE+C0_no_T2,2,anatomy,shared,1,1,0.0017647058703005314,1.893494963645935,0.18714097142219543,False,0.0,0.0,covered_by_loss_backward_sanity
m6_scar_precision_edema_safe,synthetic_no_t2,LGE+C0_no_T2,2,anatomy,lge_private,1,1,0.0017647058703005314,1.893494963645935,0.18714097142219543,False,0.0,0.0,covered_by_loss_backward_sanity
m6_scar_precision_edema_safe,synthetic_no_t2,LGE+C0_no_T2,2,anatomy,lge_private,1,1,0.0017647058703005314,1.893494963645935,0.18714097142219543,False,0.0,0.0,covered_by_loss_backward_sanity
m6_scar_precision_edema_safe,synthetic_no_t2,LGE+C0_no_T2,2,anatomy,lge_private,1,1,0.0017647058703005314,1.893494963645935,0.18714097142219543,False,0.0,0.0,covered_by_loss_backward_sanity
m6_scar_precision_edema_safe,synthetic_no_t2,LGE+C0_no_T2,2,anatomy,lge_private,1,1,0.14172571897506714,1.893494963645935,0.18714097142219543,False,0.0,0.0,covered_by_loss_backward_sanity
m6_scar_precision_edema_safe,synthetic_no_t2,LGE+C0_no_T2,2,anatomy,lge_private,1,1,0.0017647058703005314,1.893494963645935,0.18714097142219543,False,0.0,0.0,covered_by_loss_backward_sanity
m6_scar_precision_edema_safe,synthetic_no_t2,LGE+C0_no_T2,2,anatomy,lge_private,1,1,0.0017647058703005314,1.893494963645935,0.18714097142219543,False,0.0,0.0,covered_by_loss_backward_sanity
m6_scar_precision_edema_safe,synthetic_no_t2,LGE+C0_no_T2,2,anatomy,t2_private,1,0,0.0,1.893494963645935,0.18714097142219543,False,0.0,0.0,covered_by_loss_backward_sanity
m6_scar_precision_edema_safe,synthetic_no_t2,LGE+C0_no_T2,2,anatomy,t2_private,1,0,0.0,1.893494963645935,0.18714097142219543,False,0.0,0.0,covered_by_loss_backward_sanity
m6_scar_precision_edema_safe,synthetic_no_t2,LGE+C0_no_T2,2,anatomy,t2_private,1,0,0.0,1.893494963645935,0.18714097142219543,False,0.0,0.0,covered_by_loss_backward_sanity
m6_scar_precision_edema_safe,synthetic_no_t2,LGE+C0_no_T2,2,anatomy,t2_private,1,0,0.0,1.893494963645935,0.18714097142219543,False,0.0,0.0,covered_by_loss_backward_sanity
m6_scar_precision_edema_safe,synthetic_no_t2,LGE+C0_no_T2,2,anatomy,t2_private,1,0,0.0,1.893494963645935,0.18714097142219543,False,0.0,0.0,covered_by_loss_backward_sanity
m6_scar_precision_edema_safe,synthetic_no_t2,LGE+C0_no_T2,2,anatomy,c0_private,1,1,0.0017647058703005314,1.893494963645935,0.18714097142219543,False,0.0,0.0,covered_by_loss_backward_sanity
m6_scar_precision_edema_safe,synthetic_no_t2,LGE+C0_no_T2,2,anatomy,c0_private,1,1,0.0017647058703005314,1.893494963645935,0.18714097142219543,False,0.0,0.0,covered_by_loss_backward_sanity
m6_scar_precision_edema_safe,synthetic_no_t2,LGE+C0_no_T2,2,anatomy,interaction_lge_t2,1,0,0.0,1.893494963645935,0.18714097142219543,False,0.0,0.0,covered_by_loss_backward_sanity
m6_scar_precision_edema_safe,synthetic_no_t2,LGE+C0_no_T2,2,anatomy,interaction_lge_t2,1,0,0.0,1.893494963645935,0.18714097142219543,False,0.0,0.0,covered_by_loss_backward_sanity
m6_scar_precision_edema_safe,synthetic_no_t2,LGE+C0_no_T2,2,anatomy,interaction_lge_t2,1,0,0.0,1.893494963645935,0.18714097142219543,False,0.0,0.0,covered_by_loss_backward_sanity
m6_scar_precision_edema_safe,synthetic_no_t2,LGE+C0_no_T2,2,anatomy,interaction_lge_c0,1,1,0.0017647058703005314,1.893494963645935,0.18714097142219543,False,0.0,0.0,covered_by_loss_backward_sanity
m6_scar_precision_edema_safe,synthetic_no_t2,LGE+C0_no_T2,2,anatomy,interaction_lge_c0,1,1,0.0017647058703005314,1.893494963645935,0.18714097142219543,False,0.0,0.0,covered_by_loss_backward_sanity
m6_scar_precision_edema_safe,synthetic_no_t2,LGE+C0_no_T2,2,anatomy,interaction_lge_c0,1,1,0.0017647058703005314,1.893494963645935,0.18714097142219543,False,0.0,0.0,covered_by_loss_backward_sanity
m6_scar_precision_edema_safe,synthetic_no_t2,LGE+C0_no_T2,2,anatomy,interaction_t2_c0,1,0,0.0,1.893494963645935,0.18714097142219543,False,0.0,0.0,covered_by_loss_backward_sanity
m6_scar_precision_edema_safe,synthetic_no_t2,LGE+C0_no_T2,2,anatomy,interaction_t2_c0,1,0,0.0,1.893494963645935,0.18714097142219543,False,0.0,0.0,covered_by_loss_backward_sanity
m6_scar_precision_edema_safe,synthetic_no_t2,LGE+C0_no_T2,2,scar,shared,1,1,0.0017647059867158532,1.896146297454834,0.181266188621521,False,0.0,0.0,covered_by_loss_backward_sanity
m6_scar_precision_edema_safe,synthetic_no_t2,LGE+C0_no_T2,2,scar,shared,1,1,0.0017647059867158532,1.896146297454834,0.181266188621521,False,0.0,0.0,covered_by_loss_backward_sanity
m6_scar_precision_edema_safe,synthetic_no_t2,LGE+C0_no_T2,2,scar,shared,1,1,0.0017647059867158532,1.896146297454834,0.181266188621521,False,0.0,0.0,covered_by_loss_backward_sanity
m6_scar_precision_edema_safe,synthetic_no_t2,LGE+C0_no_T2,2,scar,shared,1,1,0.0017647059867158532,1.896146297454834,0.181266188621521,False,0.0,0.0,covered_by_loss_backward_sanity
m6_scar_precision_edema_safe,synthetic_no_t2,LGE+C0_no_T2,2,scar,shared,1,1,0.0017647059867158532,1.896146297454834,0.181266188621521,False,0.0,0.0,covered_by_loss_backward_sanity
m6_scar_precision_edema_safe,synthetic_no_t2,LGE+C0_no_T2,2,scar,shared,1,1,0.0017647059867158532,1.896146297454834,0.181266188621521,False,0.0,0.0,covered_by_loss_backward_sanity
m6_scar_precision_edema_safe,synthetic_no_t2,LGE+C0_no_T2,2,scar,lge_private,1,1,0.1621175855398178,1.896146297454834,0.181266188621521,False,0.0,0.0,covered_by_loss_backward_sanity
m6_scar_precision_edema_safe,synthetic_no_t2,LGE+C0_no_T2,2,scar,lge_private,1,1,0.1716240495443344,1.896146297454834,0.181266188621521,False,0.0,0.0,covered_by_loss_backward_sanity
m6_scar_precision_edema_safe,synthetic_no_t2,LGE+C0_no_T2,2,scar,lge_private,1,1,0.14785197377204895,1.896146297454834,0.181266188621521,False,0.0,0.0,covered_by_loss_backward_sanity
m6_scar_precision_edema_safe,synthetic_no_t2,LGE+C0_no_T2,2,scar,lge_private,1,1,0.17193788290023804,1.896146297454834,0.181266188621521,False,0.0,0.0,covered_by_loss_backward_sanity
m6_scar_precision_edema_safe,synthetic_no_t2,LGE+C0_no_T2,2,scar,lge_private,1,1,0.181266188621521,1.896146297454834,0.181266188621521,False,0.0,0.0,covered_by_loss_backward_sanity
m6_scar_precision_edema_safe,synthetic_no_t2,LGE+C0_no_T2,2,scar,lge_private,1,1,0.14579066634178162,1.896146297454834,0.181266188621521,False,0.0,0.0,covered_by_loss_backward_sanity
m6_scar_precision_edema_safe,synthetic_no_t2,LGE+C0_no_T2,2,scar,t2_private,1,0,0.0,1.896146297454834,0.181266188621521,False,0.0,0.0,covered_by_loss_backward_sanity
m6_scar_precision_edema_safe,synthetic_no_t2,LGE+C0_no_T2,2,scar,t2_private,1,0,0.0,1.896146297454834,0.181266188621521,False,0.0,0.0,covered_by_loss_backward_sanity
m6_scar_precision_edema_safe,synthetic_no_t2,LGE+C0_no_T2,2,scar,t2_private,1,0,0.0,1.896146297454834,0.181266188621521,False,0.0,0.0,covered_by_loss_backward_sanity
m6_scar_precision_edema_safe,synthetic_no_t2,LGE+C0_no_T2,2,scar,t2_private,1,0,0.0,1.896146297454834,0.181266188621521,False,0.0,0.0,covered_by_loss_backward_sanity
m6_scar_precision_edema_safe,synthetic_no_t2,LGE+C0_no_T2,2,scar,t2_private,1,0,0.0,1.896146297454834,0.181266188621521,False,0.0,0.0,covered_by_loss_backward_sanity
m6_scar_precision_edema_safe,synthetic_no_t2,LGE+C0_no_T2,2,scar,c0_private,1,1,0.0017647059867158532,1.896146297454834,0.181266188621521,False,0.0,0.0,covered_by_loss_backward_sanity
m6_scar_precision_edema_safe,synthetic_no_t2,LGE+C0_no_T2,2,scar,c0_private,1,1,0.0017647059867158532,1.896146297454834,0.181266188621521,False,0.0,0.0,covered_by_loss_backward_sanity
m6_scar_precision_edema_safe,synthetic_no_t2,LGE+C0_no_T2,2,scar,interaction_lge_t2,1,0,0.0,1.896146297454834,0.181266188621521,False,0.0,0.0,covered_by_loss_backward_sanity
m6_scar_precision_edema_safe,synthetic_no_t2,LGE+C0_no_T2,2,scar,interaction_lge_t2,1,0,0.0,1.896146297454834,0.181266188621521,False,0.0,0.0,covered_by_loss_backward_sanity
m6_scar_precision_edema_safe,synthetic_no_t2,LGE+C0_no_T2,2,scar,interaction_lge_t2,1,0,0.0,1.896146297454834,0.181266188621521,False,0.0,0.0,covered_by_loss_backward_sanity
m6_scar_precision_edema_safe,synthetic_no_t2,LGE+C0_no_T2,2,scar,interaction_lge_c0,1,1,0.0017647059867158532,1.896146297454834,0.181266188621521,False,0.0,0.0,covered_by_loss_backward_sanity
m6_scar_precision_edema_safe,synthetic_no_t2,LGE+C0_no_T2,2,scar,interaction_lge_c0,1,1,0.0017647059867158532,1.896146297454834,0.181266188621521,False,0.0,0.0,covered_by_loss_backward_sanity
m6_scar_precision_edema_safe,synthetic_no_t2,LGE+C0_no_T2,2,scar,interaction_lge_c0,1,1,0.0017647059867158532,1.896146297454834,0.181266188621521,False,0.0,0.0,covered_by_loss_backward_sanity
m6_scar_precision_edema_safe,synthetic_no_t2,LGE+C0_no_T2,2,scar,interaction_t2_c0,1,0,0.0,1.896146297454834,0.181266188621521,False,0.0,0.0,covered_by_loss_backward_sanity
m6_scar_precision_edema_safe,synthetic_no_t2,LGE+C0_no_T2,2,scar,interaction_t2_c0,1,0,0.0,1.896146297454834,0.181266188621521,False,0.0,0.0,covered_by_loss_backward_sanity
m6_scar_precision_edema_safe,synthetic_no_t2,LGE+C0_no_T2,2,edema,shared,1,1,0.15644782781600952,1.8968379497528076,0.17767322063446045,False,0.0,0.0,covered_by_loss_backward_sanity
m6_scar_precision_edema_safe,synthetic_no_t2,LGE+C0_no_T2,2,edema,shared,1,1,0.17767322063446045,1.8968379497528076,0.17767322063446045,False,0.0,0.0,covered_by_loss_backward_sanity
m6_scar_precision_edema_safe,synthetic_no_t2,LGE+C0_no_T2,2,edema,shared,1,1,0.0017647058703005314,1.8968379497528076,0.17767322063446045,False,0.0,0.0,covered_by_loss_backward_sanity
m6_scar_precision_edema_safe,synthetic_no_t2,LGE+C0_no_T2,2,edema,shared,1,1,0.0017647058703005314,1.8968379497528076,0.17767322063446045,False,0.0,0.0,covered_by_loss_backward_sanity
m6_scar_precision_edema_safe,synthetic_no_t2,LGE+C0_no_T2,2,edema,shared,1,1,0.0017647058703005314,1.8968379497528076,0.17767322063446045,False,0.0,0.0,covered_by_loss_backward_sanity
m6_scar_precision_edema_safe,synthetic_no_t2,LGE+C0_no_T2,2,edema,shared,1,1,0.15863947570323944,1.8968379497528076,0.17767322063446045,False,0.0,0.0,covered_by_loss_backward_sanity
m6_scar_precision_edema_safe,synthetic_no_t2,LGE+C0_no_T2,2,edema,lge_private,1,1,0.1765749454498291,1.8968379497528076,0.17767322063446045,False,0.0,0.0,covered_by_loss_backward_sanity
m6_scar_precision_edema_safe,synthetic_no_t2,LGE+C0_no_T2,2,edema,lge_private,1,1,0.0017647058703005314,1.8968379497528076,0.17767322063446045,False,0.0,0.0,covered_by_loss_backward_sanity
m6_scar_precision_edema_safe,synthetic_no_t2,LGE+C0_no_T2,2,edema,lge_private,1,1,0.0017647058703005314,1.8968379497528076,0.17767322063446045,False,0.0,0.0,covered_by_loss_backward_sanity
m6_scar_precision_edema_safe,synthetic_no_t2,LGE+C0_no_T2,2,edema,lge_private,1,1,0.14512425661087036,1.8968379497528076,0.17767322063446045,False,0.0,0.0,covered_by_loss_backward_sanity
m6_scar_precision_edema_safe,synthetic_no_t2,LGE+C0_no_T2,2,edema,lge_private,1,1,0.0017647058703005314,1.8968379497528076,0.17767322063446045,False,0.0,0.0,covered_by_loss_backward_sanity
m6_scar_precision_edema_safe,synthetic_no_t2,LGE+C0_no_T2,2,edema,lge_private,1,1,0.0017647058703005314,1.8968379497528076,0.17767322063446045,False,0.0,0.0,covered_by_loss_backward_sanity
m6_scar_precision_edema_safe,synthetic_no_t2,LGE+C0_no_T2,2,edema,t2_private,1,0,0.0,1.8968379497528076,0.17767322063446045,False,0.0,0.0,covered_by_loss_backward_sanity
m6_scar_precision_edema_safe,synthetic_no_t2,LGE+C0_no_T2,2,edema,t2_private,1,0,0.0,1.8968379497528076,0.17767322063446045,False,0.0,0.0,covered_by_loss_backward_sanity
m6_scar_precision_edema_safe,synthetic_no_t2,LGE+C0_no_T2,2,edema,t2_private,1,0,0.0,1.8968379497528076,0.17767322063446045,False,0.0,0.0,covered_by_loss_backward_sanity
m6_scar_precision_edema_safe,synthetic_no_t2,LGE+C0_no_T2,2,edema,t2_private,1,0,0.0,1.8968379497528076,0.17767322063446045,False,0.0,0.0,covered_by_loss_backward_sanity
m6_scar_precision_edema_safe,synthetic_no_t2,LGE+C0_no_T2,2,edema,t2_private,1,0,0.0,1.8968379497528076,0.17767322063446045,False,0.0,0.0,covered_by_loss_backward_sanity
m6_scar_precision_edema_safe,synthetic_no_t2,LGE+C0_no_T2,2,edema,c0_private,1,1,0.0017647058703005314,1.8968379497528076,0.17767322063446045,False,0.0,0.0,covered_by_loss_backward_sanity
m6_scar_precision_edema_safe,synthetic_no_t2,LGE+C0_no_T2,2,edema,c0_private,1,1,0.0017647058703005314,1.8968379497528076,0.17767322063446045,False,0.0,0.0,covered_by_loss_backward_sanity
m6_scar_precision_edema_safe,synthetic_no_t2,LGE+C0_no_T2,2,edema,interaction_lge_t2,1,0,0.0,1.8968379497528076,0.17767322063446045,False,0.0,0.0,covered_by_loss_backward_sanity
m6_scar_precision_edema_safe,synthetic_no_t2,LGE+C0_no_T2,2,edema,interaction_lge_t2,1,0,0.0,1.8968379497528076,0.17767322063446045,False,0.0,0.0,covered_by_loss_backward_sanity
m6_scar_precision_edema_safe,synthetic_no_t2,LGE+C0_no_T2,2,edema,interaction_lge_t2,1,0,0.0,1.8968379497528076,0.17767322063446045,False,0.0,0.0,covered_by_loss_backward_sanity
m6_scar_precision_edema_safe,synthetic_no_t2,LGE+C0_no_T2,2,edema,interaction_lge_c0,1,1,0.1661285161972046,1.8968379497528076,0.17767322063446045,False,0.0,0.0,covered_by_loss_backward_sanity
m6_scar_precision_edema_safe,synthetic_no_t2,LGE+C0_no_T2,2,edema,interaction_lge_c0,1,1,0.0017647058703005314,1.8968379497528076,0.17767322063446045,False,0.0,0.0,covered_by_loss_backward_sanity
m6_scar_precision_edema_safe,synthetic_no_t2,LGE+C0_no_T2,2,edema,interaction_lge_c0,1,1,0.0017647058703005314,1.8968379497528076,0.17767322063446045,False,0.0,0.0,covered_by_loss_backward_sanity
m6_scar_precision_edema_safe,synthetic_no_t2,LGE+C0_no_T2,2,edema,interaction_t2_c0,1,0,0.0,1.8968379497528076,0.17767322063446045,False,0.0,0.0,covered_by_loss_backward_sanity
m6_scar_precision_edema_safe,synthetic_no_t2,LGE+C0_no_T2,2,edema,interaction_t2_c0,1,0,0.0,1.8968379497528076,0.17767322063446045,False,0.0,0.0,covered_by_loss_backward_sanity
m6_scar_precision_edema_safe,synthetic_no_t2,LGE+C0_no_T2,3,anatomy,shared,1,1,0.15126600861549377,1.8911583423614502,0.2052304595708847,False,0.0,0.0,covered_by_loss_backward_sanity
m6_scar_precision_edema_safe,synthetic_no_t2,LGE+C0_no_T2,3,anatomy,shared,1,1,0.14405137300491333,1.8911583423614502,0.2052304595708847,False,0.0,0.0,covered_by_loss_backward_sanity
m6_scar_precision_edema_safe,synthetic_no_t2,LGE+C0_no_T2,3,anatomy,shared,1,1,0.1563628762960434,1.8911583423614502,0.2052304595708847,False,0.0,0.0,covered_by_loss_backward_sanity
m6_scar_precision_edema_safe,synthetic_no_t2,LGE+C0_no_T2,3,anatomy,shared,1,1,0.0017647058703005314,1.8911583423614502,0.2052304595708847,False,0.0,0.0,covered_by_loss_backward_sanity
m6_scar_precision_edema_safe,synthetic_no_t2,LGE+C0_no_T2,3,anatomy,shared,1,1,0.2052304595708847,1.8911583423614502,0.2052304595708847,False,0.0,0.0,covered_by_loss_backward_sanity
m6_scar_precision_edema_safe,synthetic_no_t2,LGE+C0_no_T2,3,anatomy,shared,1,1,0.14714747667312622,1.8911583423614502,0.2052304595708847,False,0.0,0.0,covered_by_loss_backward_sanity
m6_scar_precision_edema_safe,synthetic_no_t2,LGE+C0_no_T2,3,anatomy,lge_private,1,1,0.0017647058703005314,1.8911583423614502,0.2052304595708847,False,0.0,0.0,covered_by_loss_backward_sanity
m6_scar_precision_edema_safe,synthetic_no_t2,LGE+C0_no_T2,3,anatomy,lge_private,1,1,0.0017647058703005314,1.8911583423614502,0.2052304595708847,False,0.0,0.0,covered_by_loss_backward_sanity
m6_scar_precision_edema_safe,synthetic_no_t2,LGE+C0_no_T2,3,anatomy,lge_private,1,1,0.0017647058703005314,1.8911583423614502,0.2052304595708847,False,0.0,0.0,covered_by_loss_backward_sanity
m6_scar_precision_edema_safe,synthetic_no_t2,LGE+C0_no_T2,3,anatomy,lge_private,1,1,0.0017647058703005314,1.8911583423614502,0.2052304595708847,False,0.0,0.0,covered_by_loss_backward_sanity
m6_scar_precision_edema_safe,synthetic_no_t2,LGE+C0_no_T2,3,anatomy,lge_private,1,1,0.0017647058703005314,1.8911583423614502,0.2052304595708847,False,0.0,0.0,covered_by_loss_backward_sanity
m6_scar_precision_edema_safe,synthetic_no_t2,LGE+C0_no_T2,3,anatomy,lge_private,1,1,0.0017647058703005314,1.8911583423614502,0.2052304595708847,False,0.0,0.0,covered_by_loss_backward_sanity
m6_scar_precision_edema_safe,synthetic_no_t2,LGE+C0_no_T2,3,anatomy,t2_private,1,0,0.0,1.8911583423614502,0.2052304595708847,False,0.0,0.0,covered_by_loss_backward_sanity
m6_scar_precision_edema_safe,synthetic_no_t2,LGE+C0_no_T2,3,anatomy,t2_private,1,0,0.0,1.8911583423614502,0.2052304595708847,False,0.0,0.0,covered_by_loss_backward_sanity
m6_scar_precision_edema_safe,synthetic_no_t2,LGE+C0_no_T2,3,anatomy,t2_private,1,0,0.0,1.8911583423614502,0.2052304595708847,False,0.0,0.0,covered_by_loss_backward_sanity
m6_scar_precision_edema_safe,synthetic_no_t2,LGE+C0_no_T2,3,anatomy,t2_private,1,0,0.0,1.8911583423614502,0.2052304595708847,False,0.0,0.0,covered_by_loss_backward_sanity
m6_scar_precision_edema_safe,synthetic_no_t2,LGE+C0_no_T2,3,anatomy,t2_private,1,0,0.0,1.8911583423614502,0.2052304595708847,False,0.0,0.0,covered_by_loss_backward_sanity
m6_scar_precision_edema_safe,synthetic_no_t2,LGE+C0_no_T2,3,anatomy,c0_private,1,1,0.0017647058703005314,1.8911583423614502,0.2052304595708847,False,0.0,0.0,covered_by_loss_backward_sanity
m6_scar_precision_edema_safe,synthetic_no_t2,LGE+C0_no_T2,3,anatomy,c0_private,1,1,0.0017647058703005314,1.8911583423614502,0.2052304595708847,False,0.0,0.0,covered_by_loss_backward_sanity
m6_scar_precision_edema_safe,synthetic_no_t2,LGE+C0_no_T2,3,anatomy,interaction_lge_t2,1,0,0.0,1.8911583423614502,0.2052304595708847,False,0.0,0.0,covered_by_loss_backward_sanity
m6_scar_precision_edema_safe,synthetic_no_t2,LGE+C0_no_T2,3,anatomy,interaction_lge_t2,1,0,0.0,1.8911583423614502,0.2052304595708847,False,0.0,0.0,covered_by_loss_backward_sanity
m6_scar_precision_edema_safe,synthetic_no_t2,LGE+C0_no_T2,3,anatomy,interaction_lge_t2,1,0,0.0,1.8911583423614502,0.2052304595708847,False,0.0,0.0,covered_by_loss_backward_sanity
m6_scar_precision_edema_safe,synthetic_no_t2,LGE+C0_no_T2,3,anatomy,interaction_lge_c0,1,1,0.0017647058703005314,1.8911583423614502,0.2052304595708847,False,0.0,0.0,covered_by_loss_backward_sanity
m6_scar_precision_edema_safe,synthetic_no_t2,LGE+C0_no_T2,3,anatomy,interaction_lge_c0,1,1,0.0017647058703005314,1.8911583423614502,0.2052304595708847,False,0.0,0.0,covered_by_loss_backward_sanity
m6_scar_precision_edema_safe,synthetic_no_t2,LGE+C0_no_T2,3,anatomy,interaction_lge_c0,1,1,0.17652997374534607,1.8911583423614502,0.2052304595708847,False,0.0,0.0,covered_by_loss_backward_sanity
m6_scar_precision_edema_safe,synthetic_no_t2,LGE+C0_no_T2,3,anatomy,interaction_t2_c0,1,0,0.0,1.8911583423614502,0.2052304595708847,False,0.0,0.0,covered_by_loss_backward_sanity
m6_scar_precision_edema_safe,synthetic_no_t2,LGE+C0_no_T2,3,anatomy,interaction_t2_c0,1,0,0.0,1.8911583423614502,0.2052304595708847,False,0.0,0.0,covered_by_loss_backward_sanity
m6_scar_precision_edema_safe,synthetic_no_t2,LGE+C0_no_T2,3,scar,shared,1,1,0.0017647059867158532,1.8959259986877441,0.18677517771720886,False,0.0,0.0,covered_by_loss_backward_sanity
m6_scar_precision_edema_safe,synthetic_no_t2,LGE+C0_no_T2,3,scar,shared,1,1,0.0017647059867158532,1.8959259986877441,0.18677517771720886,False,0.0,0.0,covered_by_loss_backward_sanity
m6_scar_precision_edema_safe,synthetic_no_t2,LGE+C0_no_T2,3,scar,shared,1,1,0.0017647059867158532,1.8959259986877441,0.18677517771720886,False,0.0,0.0,covered_by_loss_backward_sanity
m6_scar_precision_edema_safe,synthetic_no_t2,LGE+C0_no_T2,3,scar,shared,1,1,0.0017647059867158532,1.8959259986877441,0.18677517771720886,False,0.0,0.0,covered_by_loss_backward_sanity
m6_scar_precision_edema_safe,synthetic_no_t2,LGE+C0_no_T2,3,scar,shared,1,1,0.0017647059867158532,1.8959259986877441,0.18677517771720886,False,0.0,0.0,covered_by_loss_backward_sanity
m6_scar_precision_edema_safe,synthetic_no_t2,LGE+C0_no_T2,3,scar,shared,1,1,0.0017647059867158532,1.8959259986877441,0.18677517771720886,False,0.0,0.0,covered_by_loss_backward_sanity
m6_scar_precision_edema_safe,synthetic_no_t2,LGE+C0_no_T2,3,scar,lge_private,1,1,0.16272680461406708,1.8959259986877441,0.18677517771720886,False,0.0,0.0,covered_by_loss_backward_sanity
m6_scar_precision_edema_safe,synthetic_no_t2,LGE+C0_no_T2,3,scar,lge_private,1,1,0.1642451137304306,1.8959259986877441,0.18677517771720886,False,0.0,0.0,covered_by_loss_backward_sanity
m6_scar_precision_edema_safe,synthetic_no_t2,LGE+C0_no_T2,3,scar,lge_private,1,1,0.14977990090847015,1.8959259986877441,0.18677517771720886,False,0.0,0.0,covered_by_loss_backward_sanity
m6_scar_precision_edema_safe,synthetic_no_t2,LGE+C0_no_T2,3,scar,lge_private,1,1,0.17116989195346832,1.8959259986877441,0.18677517771720886,False,0.0,0.0,covered_by_loss_backward_sanity
m6_scar_precision_edema_safe,synthetic_no_t2,LGE+C0_no_T2,3,scar,lge_private,1,1,0.18677517771720886,1.8959259986877441,0.18677517771720886,False,0.0,0.0,covered_by_loss_backward_sanity
m6_scar_precision_edema_safe,synthetic_no_t2,LGE+C0_no_T2,3,scar,lge_private,1,1,0.1458914577960968,1.8959259986877441,0.18677517771720886,False,0.0,0.0,covered_by_loss_backward_sanity
m6_scar_precision_edema_safe,synthetic_no_t2,LGE+C0_no_T2,3,scar,t2_private,1,0,0.0,1.8959259986877441,0.18677517771720886,False,0.0,0.0,covered_by_loss_backward_sanity
m6_scar_precision_edema_safe,synthetic_no_t2,LGE+C0_no_T2,3,scar,t2_private,1,0,0.0,1.8959259986877441,0.18677517771720886,False,0.0,0.0,covered_by_loss_backward_sanity
m6_scar_precision_edema_safe,synthetic_no_t2,LGE+C0_no_T2,3,scar,t2_private,1,0,0.0,1.8959259986877441,0.18677517771720886,False,0.0,0.0,covered_by_loss_backward_sanity
m6_scar_precision_edema_safe,synthetic_no_t2,LGE+C0_no_T2,3,scar,t2_private,1,0,0.0,1.8959259986877441,0.18677517771720886,False,0.0,0.0,covered_by_loss_backward_sanity
m6_scar_precision_edema_safe,synthetic_no_t2,LGE+C0_no_T2,3,scar,t2_private,1,0,0.0,1.8959259986877441,0.18677517771720886,False,0.0,0.0,covered_by_loss_backward_sanity
m6_scar_precision_edema_safe,synthetic_no_t2,LGE+C0_no_T2,3,scar,c0_private,1,1,0.0017647059867158532,1.8959259986877441,0.18677517771720886,False,0.0,0.0,covered_by_loss_backward_sanity
m6_scar_precision_edema_safe,synthetic_no_t2,LGE+C0_no_T2,3,scar,c0_private,1,1,0.0017647059867158532,1.8959259986877441,0.18677517771720886,False,0.0,0.0,covered_by_loss_backward_sanity
m6_scar_precision_edema_safe,synthetic_no_t2,LGE+C0_no_T2,3,scar,interaction_lge_t2,1,0,0.0,1.8959259986877441,0.18677517771720886,False,0.0,0.0,covered_by_loss_backward_sanity
m6_scar_precision_edema_safe,synthetic_no_t2,LGE+C0_no_T2,3,scar,interaction_lge_t2,1,0,0.0,1.8959259986877441,0.18677517771720886,False,0.0,0.0,covered_by_loss_backward_sanity
m6_scar_precision_edema_safe,synthetic_no_t2,LGE+C0_no_T2,3,scar,interaction_lge_t2,1,0,0.0,1.8959259986877441,0.18677517771720886,False,0.0,0.0,covered_by_loss_backward_sanity
m6_scar_precision_edema_safe,synthetic_no_t2,LGE+C0_no_T2,3,scar,interaction_lge_c0,1,1,0.0017647059867158532,1.8959259986877441,0.18677517771720886,False,0.0,0.0,covered_by_loss_backward_sanity
m6_scar_precision_edema_safe,synthetic_no_t2,LGE+C0_no_T2,3,scar,interaction_lge_c0,1,1,0.0017647059867158532,1.8959259986877441,0.18677517771720886,False,0.0,0.0,covered_by_loss_backward_sanity
m6_scar_precision_edema_safe,synthetic_no_t2,LGE+C0_no_T2,3,scar,interaction_lge_c0,1,1,0.0017647059867158532,1.8959259986877441,0.18677517771720886,False,0.0,0.0,covered_by_loss_backward_sanity
m6_scar_precision_edema_safe,synthetic_no_t2,LGE+C0_no_T2,3,scar,interaction_t2_c0,1,0,0.0,1.8959259986877441,0.18677517771720886,False,0.0,0.0,covered_by_loss_backward_sanity
m6_scar_precision_edema_safe,synthetic_no_t2,LGE+C0_no_T2,3,scar,interaction_t2_c0,1,0,0.0,1.8959259986877441,0.18677517771720886,False,0.0,0.0,covered_by_loss_backward_sanity
m6_scar_precision_edema_safe,synthetic_no_t2,LGE+C0_no_T2,3,edema,shared,1,1,0.1702202558517456,1.8987776041030884,0.1702202558517456,False,0.0,0.0,covered_by_loss_backward_sanity
m6_scar_precision_edema_safe,synthetic_no_t2,LGE+C0_no_T2,3,edema,shared,1,1,0.16611425578594208,1.8987776041030884,0.1702202558517456,False,0.0,0.0,covered_by_loss_backward_sanity
m6_scar_precision_edema_safe,synthetic_no_t2,LGE+C0_no_T2,3,edema,shared,1,1,0.0017647058703005314,1.8987776041030884,0.1702202558517456,False,0.0,0.0,covered_by_loss_backward_sanity
m6_scar_precision_edema_safe,synthetic_no_t2,LGE+C0_no_T2,3,edema,shared,1,1,0.0017647058703005314,1.8987776041030884,0.1702202558517456,False,0.0,0.0,covered_by_loss_backward_sanity
m6_scar_precision_edema_safe,synthetic_no_t2,LGE+C0_no_T2,3,edema,shared,1,1,0.1559288501739502,1.8987776041030884,0.1702202558517456,False,0.0,0.0,covered_by_loss_backward_sanity
m6_scar_precision_edema_safe,synthetic_no_t2,LGE+C0_no_T2,3,edema,shared,1,1,0.0017647058703005314,1.8987776041030884,0.1702202558517456,False,0.0,0.0,covered_by_loss_backward_sanity
m6_scar_precision_edema_safe,synthetic_no_t2,LGE+C0_no_T2,3,edema,lge_private,1,1,0.0017647058703005314,1.8987776041030884,0.1702202558517456,False,0.0,0.0,covered_by_loss_backward_sanity
m6_scar_precision_edema_safe,synthetic_no_t2,LGE+C0_no_T2,3,edema,lge_private,1,1,0.15744711458683014,1.8987776041030884,0.1702202558517456,False,0.0,0.0,covered_by_loss_backward_sanity
m6_scar_precision_edema_safe,synthetic_no_t2,LGE+C0_no_T2,3,edema,lge_private,1,1,0.0017647058703005314,1.8987776041030884,0.1702202558517456,False,0.0,0.0,covered_by_loss_backward_sanity
m6_scar_precision_edema_safe,synthetic_no_t2,LGE+C0_no_T2,3,edema,lge_private,1,1,0.0017647058703005314,1.8987776041030884,0.1702202558517456,False,0.0,0.0,covered_by_loss_backward_sanity
m6_scar_precision_edema_safe,synthetic_no_t2,LGE+C0_no_T2,3,edema,lge_private,1,1,0.0017647058703005314,1.8987776041030884,0.1702202558517456,False,0.0,0.0,covered_by_loss_backward_sanity
m6_scar_precision_edema_safe,synthetic_no_t2,LGE+C0_no_T2,3,edema,lge_private,1,1,0.0017647058703005314,1.8987776041030884,0.1702202558517456,False,0.0,0.0,covered_by_loss_backward_sanity
m6_scar_precision_edema_safe,synthetic_no_t2,LGE+C0_no_T2,3,edema,t2_private,1,0,0.0,1.8987776041030884,0.1702202558517456,False,0.0,0.0,covered_by_loss_backward_sanity
m6_scar_precision_edema_safe,synthetic_no_t2,LGE+C0_no_T2,3,edema,t2_private,1,0,0.0,1.8987776041030884,0.1702202558517456,False,0.0,0.0,covered_by_loss_backward_sanity
m6_scar_precision_edema_safe,synthetic_no_t2,LGE+C0_no_T2,3,edema,t2_private,1,0,0.0,1.8987776041030884,0.1702202558517456,False,0.0,0.0,covered_by_loss_backward_sanity
m6_scar_precision_edema_safe,synthetic_no_t2,LGE+C0_no_T2,3,edema,t2_private,1,0,0.0,1.8987776041030884,0.1702202558517456,False,0.0,0.0,covered_by_loss_backward_sanity
m6_scar_precision_edema_safe,synthetic_no_t2,LGE+C0_no_T2,3,edema,t2_private,1,0,0.0,1.8987776041030884,0.1702202558517456,False,0.0,0.0,covered_by_loss_backward_sanity
m6_scar_precision_edema_safe,synthetic_no_t2,LGE+C0_no_T2,3,edema,c0_private,1,1,0.16373464465141296,1.8987776041030884,0.1702202558517456,False,0.0,0.0,covered_by_loss_backward_sanity
m6_scar_precision_edema_safe,synthetic_no_t2,LGE+C0_no_T2,3,edema,c0_private,1,1,0.16714313626289368,1.8987776041030884,0.1702202558517456,False,0.0,0.0,covered_by_loss_backward_sanity
m6_scar_precision_edema_safe,synthetic_no_t2,LGE+C0_no_T2,3,edema,interaction_lge_t2,1,0,0.0,1.8987776041030884,0.1702202558517456,False,0.0,0.0,covered_by_loss_backward_sanity
m6_scar_precision_edema_safe,synthetic_no_t2,LGE+C0_no_T2,3,edema,interaction_lge_t2,1,0,0.0,1.8987776041030884,0.1702202558517456,False,0.0,0.0,covered_by_loss_backward_sanity
m6_scar_precision_edema_safe,synthetic_no_t2,LGE+C0_no_T2,3,edema,interaction_lge_t2,1,0,0.0,1.8987776041030884,0.1702202558517456,False,0.0,0.0,covered_by_loss_backward_sanity
m6_scar_precision_edema_safe,synthetic_no_t2,LGE+C0_no_T2,3,edema,interaction_lge_c0,1,1,0.0017647058703005314,1.8987776041030884,0.1702202558517456,False,0.0,0.0,covered_by_loss_backward_sanity
m6_scar_precision_edema_safe,synthetic_no_t2,LGE+C0_no_T2,3,edema,interaction_lge_c0,1,1,0.0017647058703005314,1.8987776041030884,0.1702202558517456,False,0.0,0.0,covered_by_loss_backward_sanity
m6_scar_precision_edema_safe,synthetic_no_t2,LGE+C0_no_T2,3,edema,interaction_lge_c0,1,1,0.0017647058703005314,1.8987776041030884,0.1702202558517456,False,0.0,0.0,covered_by_loss_backward_sanity
m6_scar_precision_edema_safe,synthetic_no_t2,LGE+C0_no_T2,3,edema,interaction_t2_c0,1,0,0.0,1.8987776041030884,0.1702202558517456,False,0.0,0.0,covered_by_loss_backward_sanity
m6_scar_precision_edema_safe,synthetic_no_t2,LGE+C0_no_T2,3,edema,interaction_t2_c0,1,0,0.0,1.8987776041030884,0.1702202558517456,False,0.0,0.0,covered_by_loss_backward_sanity
