variant,checkpoint_name,case_id,center,modality_group,t2_present,class_id,metric_name,proposal_threshold,proposal_recall,proposal_precision,lesion_wise_recall,proposal_voxels,gt_voxels,proposal_component_count,proposal_small_fp_count,proposal_remote_fp_count,outside_myocardium_fp_ratio,proposal_gate_mean,proposal_gate_p95,pos_similarity_mean,neg_similarity_mean,memory_negative_similarity_mean
srr_batch4_m10d3_full4scale_fold0_seed20260721_htzhulab_59682067,step_1800,Case1002,CenterA,LGE-only,False,5,myops_scar,0.05,0.7099903006789525,0.3642697188355312,1.0,4019,2062,48,41,20,0.41577506842498135,0.005375595763325691,0.019189211074262833,0.6900923252105713,0.7745441198348999,0.7725200653076172
srr_batch4_m10d3_full4scale_fold0_seed20260721_htzhulab_59682067,step_1800,Case1002,CenterA,LGE-only,False,5,myops_scar,0.1,0.6450048496605237,0.7251908396946565,1.0,1834,2062,5,4,3,0.09869138495092694,0.005375595763325691,0.019189211074262833,0.6900923252105713,0.7745441198348999,0.7725200653076172
srr_batch4_m10d3_full4scale_fold0_seed20260721_htzhulab_59682067,step_1800,Case1002,CenterA,LGE-only,False,5,myops_scar,0.2,0.5717749757516973,0.762120232708468,1.0,1547,2062,4,2,0,0.08597285067873303,0.005375595763325691,0.019189211074262833,0.6900923252105713,0.7745441198348999,0.7725200653076172
srr_batch4_m10d3_full4scale_fold0_seed20260721_htzhulab_59682067,step_1800,Case1002,CenterA,LGE-only,False,5,myops_scar,0.3,0.5363724539282251,0.7712691771269177,1.0,1434,2062,3,1,0,0.08368200836820083,0.005375595763325691,0.019189211074262833,0.6900923252105713,0.7745441198348999,0.7725200653076172
srr_batch4_m10d3_full4scale_fold0_seed20260721_htzhulab_59682067,step_1800,Case1002,CenterA,LGE-only,False,5,myops_scar,0.4,0.5169738118331717,0.7786705624543463,1.0,1369,2062,3,1,0,0.08546384222059898,0.005375595763325691,0.019189211074262833,0.6900923252105713,0.7745441198348999,0.7725200653076172
srr_batch4_m10d3_full4scale_fold0_seed20260721_htzhulab_59682067,step_1800,Case1002,CenterA,LGE-only,False,5,myops_scar,0.5,0.5096993210475267,0.7819940476190477,1.0,1344,2062,3,1,0,0.08705357142857142,0.005375595763325691,0.019189211074262833,0.6900923252105713,0.7745441198348999,0.7725200653076172
srr_batch4_m10d3_full4scale_fold0_seed20260721_htzhulab_59682067,step_1800,Case1002,CenterA,LGE-only,False,5,myops_scar,0.6,0.5092143549951503,0.7818317200297841,1.0,1343,2062,3,1,0,0.08711839166046165,0.005375595763325691,0.019189211074262833,0.6900923252105713,0.7745441198348999,0.7725200653076172
srr_batch4_m10d3_full4scale_fold0_seed20260721_htzhulab_59682067,step_1800,Case1002,CenterA,LGE-only,False,5,myops_scar,0.7,0.5092143549951503,0.7818317200297841,1.0,1343,2062,3,1,0,0.08711839166046165,0.005375595763325691,0.019189211074262833,0.6900923252105713,0.7745441198348999,0.7725200653076172
srr_batch4_m10d3_full4scale_fold0_seed20260721_htzhulab_59682067,step_1800,Case1002,CenterA,LGE-only,False,5,myops_scar,0.8,0.5092143549951503,0.7818317200297841,1.0,1343,2062,3,1,0,0.08711839166046165,0.005375595763325691,0.019189211074262833,0.6900923252105713,0.7745441198348999,0.7725200653076172
srr_batch4_m10d3_full4scale_fold0_seed20260721_htzhulab_59682067,step_1800,Case1002,CenterA,LGE-only,False,5,myops_scar,0.9,0.5092143549951503,0.7818317200297841,1.0,1343,2062,3,1,0,0.08711839166046165,0.005375595763325691,0.019189211074262833,0.6900923252105713,0.7745441198348999,0.7725200653076172
srr_batch4_m10d3_full4scale_fold0_seed20260721_htzhulab_59682067,step_1800,Case1002,CenterA,LGE-only,False,4,myops_edema,0.05,,,,0,0,0,0,0,,2.0611552464799843e-09,2.061153470123145e-09,0.8211653232574463,0.8235686421394348,0.8235686421394348
srr_batch4_m10d3_full4scale_fold0_seed20260721_htzhulab_59682067,step_1800,Case1002,CenterA,LGE-only,False,4,myops_edema,0.1,,,,0,0,0,0,0,,2.0611552464799843e-09,2.061153470123145e-09,0.8211653232574463,0.8235686421394348,0.8235686421394348
srr_batch4_m10d3_full4scale_fold0_seed20260721_htzhulab_59682067,step_1800,Case1002,CenterA,LGE-only,False,4,myops_edema,0.2,,,,0,0,0,0,0,,2.0611552464799843e-09,2.061153470123145e-09,0.8211653232574463,0.8235686421394348,0.8235686421394348
srr_batch4_m10d3_full4scale_fold0_seed20260721_htzhulab_59682067,step_1800,Case1002,CenterA,LGE-only,False,4,myops_edema,0.3,,,,0,0,0,0,0,,2.0611552464799843e-09,2.061153470123145e-09,0.8211653232574463,0.8235686421394348,0.8235686421394348
srr_batch4_m10d3_full4scale_fold0_seed20260721_htzhulab_59682067,step_1800,Case1002,CenterA,LGE-only,False,4,myops_edema,0.4,,,,0,0,0,0,0,,2.0611552464799843e-09,2.061153470123145e-09,0.8211653232574463,0.8235686421394348,0.8235686421394348
srr_batch4_m10d3_full4scale_fold0_seed20260721_htzhulab_59682067,step_1800,Case1002,CenterA,LGE-only,False,4,myops_edema,0.5,,,,0,0,0,0,0,,2.0611552464799843e-09,2.061153470123145e-09,0.8211653232574463,0.8235686421394348,0.8235686421394348
srr_batch4_m10d3_full4scale_fold0_seed20260721_htzhulab_59682067,step_1800,Case1002,CenterA,LGE-only,False,4,myops_edema,0.6,,,,0,0,0,0,0,,2.0611552464799843e-09,2.061153470123145e-09,0.8211653232574463,0.8235686421394348,0.8235686421394348
srr_batch4_m10d3_full4scale_fold0_seed20260721_htzhulab_59682067,step_1800,Case1002,CenterA,LGE-only,False,4,myops_edema,0.7,,,,0,0,0,0,0,,2.0611552464799843e-09,2.061153470123145e-09,0.8211653232574463,0.8235686421394348,0.8235686421394348
srr_batch4_m10d3_full4scale_fold0_seed20260721_htzhulab_59682067,step_1800,Case1002,CenterA,LGE-only,False,4,myops_edema,0.8,,,,0,0,0,0,0,,2.0611552464799843e-09,2.061153470123145e-09,0.8211653232574463,0.8235686421394348,0.8235686421394348
srr_batch4_m10d3_full4scale_fold0_seed20260721_htzhulab_59682067,step_1800,Case1002,CenterA,LGE-only,False,4,myops_edema,0.9,,,,0,0,0,0,0,,2.0611552464799843e-09,2.061153470123145e-09,0.8211653232574463,0.8235686421394348,0.8235686421394348
srr_batch4_m10d3_full4scale_fold0_seed20260721_htzhulab_59682067,step_1800,Case1007,CenterA,LGE-only,False,5,myops_scar,0.05,0.9051414906337186,0.19156474061577394,0.8888888888888888,11855,2509,234,221,130,0.2659637283846478,0.005746923852711916,0.019595204386860115,0.6771013140678406,0.7700696587562561,0.7676591277122498
srr_batch4_m10d3_full4scale_fold0_seed20260721_htzhulab_59682067,step_1800,Case1007,CenterA,LGE-only,False,5,myops_scar,0.1,0.8776404942208051,0.3651135798375062,0.7777777777777778,6031,2509,9,7,0,0.15188194329298624,0.005746923852711916,0.019595204386860115,0.6771013140678406,0.7700696587562561,0.7676591277122498
srr_batch4_m10d3_full4scale_fold0_seed20260721_htzhulab_59682067,step_1800,Case1007,CenterA,LGE-only,False,5,myops_scar,0.2,0.8457552809884417,0.41235911387485424,0.5555555555555556,5146,2509,14,12,0,0.12728332685581034,0.005746923852711916,0.019595204386860115,0.6771013140678406,0.7700696587562561,0.7676591277122498
srr_batch4_m10d3_full4scale_fold0_seed20260721_htzhulab_59682067,step_1800,Case1007,CenterA,LGE-only,False,5,myops_scar,0.3,0.8274212833798326,0.4349465744814582,0.3333333333333333,4773,2509,10,8,0,0.1198407710035617,0.005746923852711916,0.019595204386860115,0.6771013140678406,0.7700696587562561,0.7676591277122498
srr_batch4_m10d3_full4scale_fold0_seed20260721_htzhulab_59682067,step_1800,Case1007,CenterA,LGE-only,False,5,myops_scar,0.4,0.8134715025906736,0.45025369512464153,0.3333333333333333,4533,2509,8,6,0,0.11272887712331789,0.005746923852711916,0.019595204386860115,0.6771013140678406,0.7700696587562561,0.7676591277122498
srr_batch4_m10d3_full4scale_fold0_seed20260721_htzhulab_59682067,step_1800,Case1007,CenterA,LGE-only,False,5,myops_scar,0.5,0.8031088082901554,0.45495597200270943,0.3333333333333333,4429,2509,8,6,0,0.10905396251975616,0.005746923852711916,0.019595204386860115,0.6771013140678406,0.7700696587562561,0.7676591277122498
srr_batch4_m10d3_full4scale_fold0_seed20260721_htzhulab_59682067,step_1800,Case1007,CenterA,LGE-only,False,5,myops_scar,0.6,0.8015145476285372,0.4558023572076156,0.3333333333333333,4412,2509,8,6,0,0.10902085222121487,0.005746923852711916,0.019595204386860115,0.6771013140678406,0.7700696587562561,0.7676591277122498
srr_batch4_m10d3_full4scale_fold0_seed20260721_htzhulab_59682067,step_1800,Case1007,CenterA,LGE-only,False,5,myops_scar,0.7,0.8011159824631328,0.45588568836470855,0.3333333333333333,4409,2509,8,6,0,0.10909503288727602,0.005746923852711916,0.019595204386860115,0.6771013140678406,0.7700696587562561,0.7676591277122498
srr_batch4_m10d3_full4scale_fold0_seed20260721_htzhulab_59682067,step_1800,Case1007,CenterA,LGE-only,False,5,myops_scar,0.8,0.8011159824631328,0.45588568836470855,0.3333333333333333,4409,2509,8,6,0,0.10909503288727602,0.005746923852711916,0.019595204386860115,0.6771013140678406,0.7700696587562561,0.7676591277122498
srr_batch4_m10d3_full4scale_fold0_seed20260721_htzhulab_59682067,step_1800,Case1007,CenterA,LGE-only,False,5,myops_scar,0.9,0.8011159824631328,0.45588568836470855,0.3333333333333333,4409,2509,8,6,0,0.10909503288727602,0.005746923852711916,0.019595204386860115,0.6771013140678406,0.7700696587562561,0.7676591277122498
srr_batch4_m10d3_full4scale_fold0_seed20260721_htzhulab_59682067,step_1800,Case1007,CenterA,LGE-only,False,4,myops_edema,0.05,,,,0,0,0,0,0,,2.061150361498676e-09,2.061153470123145e-09,0.8252004981040955,0.8283414840698242,0.8283414840698242
srr_batch4_m10d3_full4scale_fold0_seed20260721_htzhulab_59682067,step_1800,Case1007,CenterA,LGE-only,False,4,myops_edema,0.1,,,,0,0,0,0,0,,2.061150361498676e-09,2.061153470123145e-09,0.8252004981040955,0.8283414840698242,0.8283414840698242
srr_batch4_m10d3_full4scale_fold0_seed20260721_htzhulab_59682067,step_1800,Case1007,CenterA,LGE-only,False,4,myops_edema,0.2,,,,0,0,0,0,0,,2.061150361498676e-09,2.061153470123145e-09,0.8252004981040955,0.8283414840698242,0.8283414840698242
srr_batch4_m10d3_full4scale_fold0_seed20260721_htzhulab_59682067,step_1800,Case1007,CenterA,LGE-only,False,4,myops_edema,0.3,,,,0,0,0,0,0,,2.061150361498676e-09,2.061153470123145e-09,0.8252004981040955,0.8283414840698242,0.8283414840698242
srr_batch4_m10d3_full4scale_fold0_seed20260721_htzhulab_59682067,step_1800,Case1007,CenterA,LGE-only,False,4,myops_edema,0.4,,,,0,0,0,0,0,,2.061150361498676e-09,2.061153470123145e-09,0.8252004981040955,0.8283414840698242,0.8283414840698242
srr_batch4_m10d3_full4scale_fold0_seed20260721_htzhulab_59682067,step_1800,Case1007,CenterA,LGE-only,False,4,myops_edema,0.5,,,,0,0,0,0,0,,2.061150361498676e-09,2.061153470123145e-09,0.8252004981040955,0.8283414840698242,0.8283414840698242
srr_batch4_m10d3_full4scale_fold0_seed20260721_htzhulab_59682067,step_1800,Case1007,CenterA,LGE-only,False,4,myops_edema,0.6,,,,0,0,0,0,0,,2.061150361498676e-09,2.061153470123145e-09,0.8252004981040955,0.8283414840698242,0.8283414840698242
srr_batch4_m10d3_full4scale_fold0_seed20260721_htzhulab_59682067,step_1800,Case1007,CenterA,LGE-only,False,4,myops_edema,0.7,,,,0,0,0,0,0,,2.061150361498676e-09,2.061153470123145e-09,0.8252004981040955,0.8283414840698242,0.8283414840698242
srr_batch4_m10d3_full4scale_fold0_seed20260721_htzhulab_59682067,step_1800,Case1007,CenterA,LGE-only,False,4,myops_edema,0.8,,,,0,0,0,0,0,,2.061150361498676e-09,2.061153470123145e-09,0.8252004981040955,0.8283414840698242,0.8283414840698242
srr_batch4_m10d3_full4scale_fold0_seed20260721_htzhulab_59682067,step_1800,Case1007,CenterA,LGE-only,False,4,myops_edema,0.9,,,,0,0,0,0,0,,2.061150361498676e-09,2.061153470123145e-09,0.8252004981040955,0.8283414840698242,0.8283414840698242
srr_batch4_m10d3_full4scale_fold0_seed20260721_htzhulab_59682067,step_1800,Case1009,CenterA,LGE-only,False,5,myops_scar,0.05,0.7811735941320294,0.3494094488188976,0.2857142857142857,9144,4090,76,65,22,0.14129483814523183,0.006864048540592194,0.01651968900114298,0.6809288859367371,0.7678521871566772,0.7661796808242798
srr_batch4_m10d3_full4scale_fold0_seed20260721_htzhulab_59682067,step_1800,Case1009,CenterA,LGE-only,False,5,myops_scar,0.1,0.7244498777506112,0.5302433786685755,0.2857142857142857,5588,4090,3,2,0,0.10755189692197566,0.006864048540592194,0.01651968900114298,0.6809288859367371,0.7678521871566772,0.7661796808242798
srr_batch4_m10d3_full4scale_fold0_seed20260721_htzhulab_59682067,step_1800,Case1009,CenterA,LGE-only,False,5,myops_scar,0.2,0.6643031784841076,0.569243662266918,0.2857142857142857,4773,4090,2,1,0,0.07626230882044835,0.006864048540592194,0.01651968900114298,0.6809288859367371,0.7678521871566772,0.7661796808242798
srr_batch4_m10d3_full4scale_fold0_seed20260721_htzhulab_59682067,step_1800,Case1009,CenterA,LGE-only,False,5,myops_scar,0.3,0.6330073349633252,0.5880081762434703,0.2857142857142857,4403,4090,1,0,0,0.06291165114694526,0.006864048540592194,0.01651968900114298,0.6809288859367371,0.7678521871566772,0.7661796808242798
srr_batch4_m10d3_full4scale_fold0_seed20260721_htzhulab_59682067,step_1800,Case1009,CenterA,LGE-only,False,5,myops_scar,0.4,0.6139364303178484,0.5967205323193916,0.2857142857142857,4208,4090,1,0,0,0.05846007604562738,0.006864048540592194,0.01651968900114298,0.6809288859367371,0.7678521871566772,0.7661796808242798
srr_batch4_m10d3_full4scale_fold0_seed20260721_htzhulab_59682067,step_1800,Case1009,CenterA,LGE-only,False,5,myops_scar,0.5,0.6024449877750612,0.6046625766871165,0.2857142857142857,4075,4090,1,0,0,0.056687116564417175,0.006864048540592194,0.01651968900114298,0.6809288859367371,0.7678521871566772,0.7661796808242798
srr_batch4_m10d3_full4scale_fold0_seed20260721_htzhulab_59682067,step_1800,Case1009,CenterA,LGE-only,False,5,myops_scar,0.6,0.6002444987775061,0.6081248451820659,0.2857142857142857,4037,4090,1,0,0,0.0569729997522913,0.006864048540592194,0.01651968900114298,0.6809288859367371,0.7678521871566772,0.7661796808242798
srr_batch4_m10d3_full4scale_fold0_seed20260721_htzhulab_59682067,step_1800,Case1009,CenterA,LGE-only,False,5,myops_scar,0.7,0.6,0.6096894409937889,0.2857142857142857,4025,4090,1,0,0,0.05714285714285714,0.006864048540592194,0.01651968900114298,0.6809288859367371,0.7678521871566772,0.7661796808242798
srr_batch4_m10d3_full4scale_fold0_seed20260721_htzhulab_59682067,step_1800,Case1009,CenterA,LGE-only,False,5,myops_scar,0.8,0.6,0.6098409542743539,0.2857142857142857,4024,4090,1,0,0,0.05715705765407555,0.006864048540592194,0.01651968900114298,0.6809288859367371,0.7678521871566772,0.7661796808242798
srr_batch4_m10d3_full4scale_fold0_seed20260721_htzhulab_59682067,step_1800,Case1009,CenterA,LGE-only,False,5,myops_scar,0.9,0.6,0.6098409542743539,0.2857142857142857,4024,4090,1,0,0,0.05715705765407555,0.006864048540592194,0.01651968900114298,0.6809288859367371,0.7678521871566772,0.7661796808242798
srr_batch4_m10d3_full4scale_fold0_seed20260721_htzhulab_59682067,step_1800,Case1009,CenterA,LGE-only,False,4,myops_edema,0.05,,,,0,0,0,0,0,,2.0611543583015646e-09,2.061153470123145e-09,0.818681538105011,0.823223888874054,0.823223888874054
srr_batch4_m10d3_full4scale_fold0_seed20260721_htzhulab_59682067,step_1800,Case1009,CenterA,LGE-only,False,4,myops_edema,0.1,,,,0,0,0,0,0,,2.0611543583015646e-09,2.061153470123145e-09,0.818681538105011,0.823223888874054,0.823223888874054
srr_batch4_m10d3_full4scale_fold0_seed20260721_htzhulab_59682067,step_1800,Case1009,CenterA,LGE-only,False,4,myops_edema,0.2,,,,0,0,0,0,0,,2.0611543583015646e-09,2.061153470123145e-09,0.818681538105011,0.823223888874054,0.823223888874054
srr_batch4_m10d3_full4scale_fold0_seed20260721_htzhulab_59682067,step_1800,Case1009,CenterA,LGE-only,False,4,myops_edema,0.3,,,,0,0,0,0,0,,2.0611543583015646e-09,2.061153470123145e-09,0.818681538105011,0.823223888874054,0.823223888874054
srr_batch4_m10d3_full4scale_fold0_seed20260721_htzhulab_59682067,step_1800,Case1009,CenterA,LGE-only,False,4,myops_edema,0.4,,,,0,0,0,0,0,,2.0611543583015646e-09,2.061153470123145e-09,0.818681538105011,0.823223888874054,0.823223888874054
srr_batch4_m10d3_full4scale_fold0_seed20260721_htzhulab_59682067,step_1800,Case1009,CenterA,LGE-only,False,4,myops_edema,0.5,,,,0,0,0,0,0,,2.0611543583015646e-09,2.061153470123145e-09,0.818681538105011,0.823223888874054,0.823223888874054
srr_batch4_m10d3_full4scale_fold0_seed20260721_htzhulab_59682067,step_1800,Case1009,CenterA,LGE-only,False,4,myops_edema,0.6,,,,0,0,0,0,0,,2.0611543583015646e-09,2.061153470123145e-09,0.818681538105011,0.823223888874054,0.823223888874054
srr_batch4_m10d3_full4scale_fold0_seed20260721_htzhulab_59682067,step_1800,Case1009,CenterA,LGE-only,False,4,myops_edema,0.7,,,,0,0,0,0,0,,2.0611543583015646e-09,2.061153470123145e-09,0.818681538105011,0.823223888874054,0.823223888874054
srr_batch4_m10d3_full4scale_fold0_seed20260721_htzhulab_59682067,step_1800,Case1009,CenterA,LGE-only,False,4,myops_edema,0.8,,,,0,0,0,0,0,,2.0611543583015646e-09,2.061153470123145e-09,0.818681538105011,0.823223888874054,0.823223888874054
srr_batch4_m10d3_full4scale_fold0_seed20260721_htzhulab_59682067,step_1800,Case1009,CenterA,LGE-only,False,4,myops_edema,0.9,,,,0,0,0,0,0,,2.0611543583015646e-09,2.061153470123145e-09,0.818681538105011,0.823223888874054,0.823223888874054
srr_batch4_m10d3_full4scale_fold0_seed20260721_htzhulab_59682067,step_1800,Case1010,CenterA,LGE-only,False,5,myops_scar,0.05,0.8121272365805169,0.19187411930483794,0.3333333333333333,8516,2012,54,49,25,0.37153593236261157,0.00560024194419384,0.01598412739112972,0.6894261240959167,0.776001513004303,0.7733843922615051
srr_batch4_m10d3_full4scale_fold0_seed20260721_htzhulab_59682067,step_1800,Case1010,CenterA,LGE-only,False,5,myops_scar,0.1,0.6814115308151093,0.4052616021282885,0.3333333333333333,3383,2012,4,3,0,0.47886491279929055,0.00560024194419384,0.01598412739112972,0.6894261240959167,0.776001513004303,0.7733843922615051
srr_batch4_m10d3_full4scale_fold0_seed20260721_htzhulab_59682067,step_1800,Case1010,CenterA,LGE-only,False,5,myops_scar,0.2,0.602882703777336,0.44909292854498334,0.3333333333333333,2701,2012,2,1,0,0.46427249166975193,0.00560024194419384,0.01598412739112972,0.6894261240959167,0.776001513004303,0.7733843922615051
srr_batch4_m10d3_full4scale_fold0_seed20260721_htzhulab_59682067,step_1800,Case1010,CenterA,LGE-only,False,5,myops_scar,0.3,0.55168986083499,0.46954314720812185,0.3333333333333333,2364,2012,2,1,0,0.4530456852791878,0.00560024194419384,0.01598412739112972,0.6894261240959167,0.776001513004303,0.7733843922615051
srr_batch4_m10d3_full4scale_fold0_seed20260721_htzhulab_59682067,step_1800,Case1010,CenterA,LGE-only,False,5,myops_scar,0.4,0.5149105367793241,0.47830101569713757,0.3333333333333333,2166,2012,2,1,0,0.4450600184672207,0.00560024194419384,0.01598412739112972,0.6894261240959167,0.776001513004303,0.7733843922615051
srr_batch4_m10d3_full4scale_fold0_seed20260721_htzhulab_59682067,step_1800,Case1010,CenterA,LGE-only,False,5,myops_scar,0.5,0.49403578528827036,0.4891732283464567,0.3333333333333333,2032,2012,7,4,0,0.43503937007874016,0.00560024194419384,0.01598412739112972,0.6894261240959167,0.776001513004303,0.7733843922615051
srr_batch4_m10d3_full4scale_fold0_seed20260721_htzhulab_59682067,step_1800,Case1010,CenterA,LGE-only,False,5,myops_scar,0.6,0.4801192842942346,0.4936126724578436,0.3333333333333333,1957,2012,7,4,0,0.4317833418497701,0.00560024194419384,0.01598412739112972,0.6894261240959167,0.776001513004303,0.7733843922615051
srr_batch4_m10d3_full4scale_fold0_seed20260721_htzhulab_59682067,step_1800,Case1010,CenterA,LGE-only,False,5,myops_scar,0.7,0.4746520874751491,0.49636174636174635,0.3333333333333333,1924,2012,7,4,0,0.4313929313929314,0.00560024194419384,0.01598412739112972,0.6894261240959167,0.776001513004303,0.7733843922615051
srr_batch4_m10d3_full4scale_fold0_seed20260721_htzhulab_59682067,step_1800,Case1010,CenterA,LGE-only,False,5,myops_scar,0.8,0.470675944333996,0.4955520669806384,0.3333333333333333,1911,2012,7,4,0,0.43223443223443225,0.00560024194419384,0.01598412739112972,0.6894261240959167,0.776001513004303,0.7733843922615051
srr_batch4_m10d3_full4scale_fold0_seed20260721_htzhulab_59682067,step_1800,Case1010,CenterA,LGE-only,False,5,myops_scar,0.9,0.470675944333996,0.4955520669806384,0.3333333333333333,1911,2012,7,4,0,0.43223443223443225,0.00560024194419384,0.01598412739112972,0.6894261240959167,0.776001513004303,0.7733843922615051
srr_batch4_m10d3_full4scale_fold0_seed20260721_htzhulab_59682067,step_1800,Case1010,CenterA,LGE-only,False,4,myops_edema,0.05,,,,0,0,0,0,0,,2.061155468524589e-09,2.061153470123145e-09,0.8268176913261414,0.828325092792511,0.828325092792511
srr_batch4_m10d3_full4scale_fold0_seed20260721_htzhulab_59682067,step_1800,Case1010,CenterA,LGE-only,False,4,myops_edema,0.1,,,,0,0,0,0,0,,2.061155468524589e-09,2.061153470123145e-09,0.8268176913261414,0.828325092792511,0.828325092792511
srr_batch4_m10d3_full4scale_fold0_seed20260721_htzhulab_59682067,step_1800,Case1010,CenterA,LGE-only,False,4,myops_edema,0.2,,,,0,0,0,0,0,,2.061155468524589e-09,2.061153470123145e-09,0.8268176913261414,0.828325092792511,0.828325092792511
srr_batch4_m10d3_full4scale_fold0_seed20260721_htzhulab_59682067,step_1800,Case1010,CenterA,LGE-only,False,4,myops_edema,0.3,,,,0,0,0,0,0,,2.061155468524589e-09,2.061153470123145e-09,0.8268176913261414,0.828325092792511,0.828325092792511
srr_batch4_m10d3_full4scale_fold0_seed20260721_htzhulab_59682067,step_1800,Case1010,CenterA,LGE-only,False,4,myops_edema,0.4,,,,0,0,0,0,0,,2.061155468524589e-09,2.061153470123145e-09,0.8268176913261414,0.828325092792511,0.828325092792511
srr_batch4_m10d3_full4scale_fold0_seed20260721_htzhulab_59682067,step_1800,Case1010,CenterA,LGE-only,False,4,myops_edema,0.5,,,,0,0,0,0,0,,2.061155468524589e-09,2.061153470123145e-09,0.8268176913261414,0.828325092792511,0.828325092792511
srr_batch4_m10d3_full4scale_fold0_seed20260721_htzhulab_59682067,step_1800,Case1010,CenterA,LGE-only,False,4,myops_edema,0.6,,,,0,0,0,0,0,,2.061155468524589e-09,2.061153470123145e-09,0.8268176913261414,0.828325092792511,0.828325092792511
srr_batch4_m10d3_full4scale_fold0_seed20260721_htzhulab_59682067,step_1800,Case1010,CenterA,LGE-only,False,4,myops_edema,0.7,,,,0,0,0,0,0,,2.061155468524589e-09,2.061153470123145e-09,0.8268176913261414,0.828325092792511,0.828325092792511
srr_batch4_m10d3_full4scale_fold0_seed20260721_htzhulab_59682067,step_1800,Case1010,CenterA,LGE-only,False,4,myops_edema,0.8,,,,0,0,0,0,0,,2.061155468524589e-09,2.061153470123145e-09,0.8268176913261414,0.828325092792511,0.828325092792511
srr_batch4_m10d3_full4scale_fold0_seed20260721_htzhulab_59682067,step_1800,Case1010,CenterA,LGE-only,False,4,myops_edema,0.9,,,,0,0,0,0,0,,2.061155468524589e-09,2.061153470123145e-09,0.8268176913261414,0.828325092792511,0.828325092792511
srr_batch4_m10d3_full4scale_fold0_seed20260721_htzhulab_59682067,step_1800,Case1021,CenterA,LGE-only,False,5,myops_scar,0.05,0.7440543601359003,0.20589157004073957,0.6666666666666666,6382,1766,85,77,30,0.39454716389846445,0.004996607545763254,0.018440347351133816,0.6837897896766663,0.7699294090270996,0.7677373886108398
srr_batch4_m10d3_full4scale_fold0_seed20260721_htzhulab_59682067,step_1800,Case1021,CenterA,LGE-only,False,5,myops_scar,0.1,0.6693091732729332,0.5474756831866605,0.6666666666666666,2159,1766,20,16,0,0.1329319129226494,0.004996607545763254,0.018440347351133816,0.6837897896766663,0.7699294090270996,0.7677373886108398
srr_batch4_m10d3_full4scale_fold0_seed20260721_htzhulab_59682067,step_1800,Case1021,CenterA,LGE-only,False,5,myops_scar,0.2,0.6070215175537939,0.6005602240896358,0.6666666666666666,1785,1766,3,0,0,0.12212885154061624,0.004996607545763254,0.018440347351133816,0.6837897896766663,0.7699294090270996,0.7677373886108398
srr_batch4_m10d3_full4scale_fold0_seed20260721_htzhulab_59682067,step_1800,Case1021,CenterA,LGE-only,False,5,myops_scar,0.3,0.5673839184597962,0.6147239263803681,0.6666666666666666,1630,1766,4,2,0,0.11595092024539877,0.004996607545763254,0.018440347351133816,0.6837897896766663,0.7699294090270996,0.7677373886108398
srr_batch4_m10d3_full4scale_fold0_seed20260721_htzhulab_59682067,step_1800,Case1021,CenterA,LGE-only,False,5,myops_scar,0.4,0.5385050962627407,0.6211626387981711,0.5,1531,1766,4,2,0,0.11495754408883083,0.004996607545763254,0.018440347351133816,0.6837897896766663,0.7699294090270996,0.7677373886108398
srr_batch4_m10d3_full4scale_fold0_seed20260721_htzhulab_59682067,step_1800,Case1021,CenterA,LGE-only,False,5,myops_scar,0.5,0.5249150622876557,0.6289009497964722,0.4166666666666667,1474,1766,4,2,0,0.11533242876526459,0.004996607545763254,0.018440347351133816,0.6837897896766663,0.7699294090270996,0.7677373886108398
srr_batch4_m10d3_full4scale_fold0_seed20260721_htzhulab_59682067,step_1800,Case1021,CenterA,LGE-only,False,5,myops_scar,0.6,0.5192525481313703,0.6315426997245179,0.4166666666666667,1452,1766,4,2,0,0.11570247933884298,0.004996607545763254,0.018440347351133816,0.6837897896766663,0.7699294090270996,0.7677373886108398
srr_batch4_m10d3_full4scale_fold0_seed20260721_htzhulab_59682067,step_1800,Case1021,CenterA,LGE-only,False,5,myops_scar,0.7,0.5192525481313703,0.6315426997245179,0.4166666666666667,1452,1766,4,2,0,0.11570247933884298,0.004996607545763254,0.018440347351133816,0.6837897896766663,0.7699294090270996,0.7677373886108398
srr_batch4_m10d3_full4scale_fold0_seed20260721_htzhulab_59682067,step_1800,Case1021,CenterA,LGE-only,False,5,myops_scar,0.8,0.5192525481313703,0.6315426997245179,0.4166666666666667,1452,1766,4,2,0,0.11570247933884298,0.004996607545763254,0.018440347351133816,0.6837897896766663,0.7699294090270996,0.7677373886108398
srr_batch4_m10d3_full4scale_fold0_seed20260721_htzhulab_59682067,step_1800,Case1021,CenterA,LGE-only,False,5,myops_scar,0.9,0.5192525481313703,0.6315426997245179,0.4166666666666667,1452,1766,4,2,0,0.11570247933884298,0.004996607545763254,0.018440347351133816,0.6837897896766663,0.7699294090270996,0.7677373886108398
srr_batch4_m10d3_full4scale_fold0_seed20260721_htzhulab_59682067,step_1800,Case1021,CenterA,LGE-only,False,4,myops_edema,0.05,,,,0,0,0,0,0,,2.061155468524589e-09,2.061153470123145e-09,0.826202392578125,0.8282549977302551,0.8282549977302551
srr_batch4_m10d3_full4scale_fold0_seed20260721_htzhulab_59682067,step_1800,Case1021,CenterA,LGE-only,False,4,myops_edema,0.1,,,,0,0,0,0,0,,2.061155468524589e-09,2.061153470123145e-09,0.826202392578125,0.8282549977302551,0.8282549977302551
srr_batch4_m10d3_full4scale_fold0_seed20260721_htzhulab_59682067,step_1800,Case1021,CenterA,LGE-only,False,4,myops_edema,0.2,,,,0,0,0,0,0,,2.061155468524589e-09,2.061153470123145e-09,0.826202392578125,0.8282549977302551,0.8282549977302551
srr_batch4_m10d3_full4scale_fold0_seed20260721_htzhulab_59682067,step_1800,Case1021,CenterA,LGE-only,False,4,myops_edema,0.3,,,,0,0,0,0,0,,2.061155468524589e-09,2.061153470123145e-09,0.826202392578125,0.8282549977302551,0.8282549977302551
srr_batch4_m10d3_full4scale_fold0_seed20260721_htzhulab_59682067,step_1800,Case1021,CenterA,LGE-only,False,4,myops_edema,0.4,,,,0,0,0,0,0,,2.061155468524589e-09,2.061153470123145e-09,0.826202392578125,0.8282549977302551,0.8282549977302551
srr_batch4_m10d3_full4scale_fold0_seed20260721_htzhulab_59682067,step_1800,Case1021,CenterA,LGE-only,False,4,myops_edema,0.5,,,,0,0,0,0,0,,2.061155468524589e-09,2.061153470123145e-09,0.826202392578125,0.8282549977302551,0.8282549977302551
srr_batch4_m10d3_full4scale_fold0_seed20260721_htzhulab_59682067,step_1800,Case1021,CenterA,LGE-only,False,4,myops_edema,0.6,,,,0,0,0,0,0,,2.061155468524589e-09,2.061153470123145e-09,0.826202392578125,0.8282549977302551,0.8282549977302551
srr_batch4_m10d3_full4scale_fold0_seed20260721_htzhulab_59682067,step_1800,Case1021,CenterA,LGE-only,False,4,myops_edema,0.7,,,,0,0,0,0,0,,2.061155468524589e-09,2.061153470123145e-09,0.826202392578125,0.8282549977302551,0.8282549977302551
srr_batch4_m10d3_full4scale_fold0_seed20260721_htzhulab_59682067,step_1800,Case1021,CenterA,LGE-only,False,4,myops_edema,0.8,,,,0,0,0,0,0,,2.061155468524589e-09,2.061153470123145e-09,0.826202392578125,0.8282549977302551,0.8282549977302551
srr_batch4_m10d3_full4scale_fold0_seed20260721_htzhulab_59682067,step_1800,Case1021,CenterA,LGE-only,False,4,myops_edema,0.9,,,,0,0,0,0,0,,2.061155468524589e-09,2.061153470123145e-09,0.826202392578125,0.8282549977302551,0.8282549977302551
srr_batch4_m10d3_full4scale_fold0_seed20260721_htzhulab_59682067,step_1800,Case1023,CenterA,LGE-only,False,5,myops_scar,0.05,0.8752100840336134,0.33242898180657515,1.0,6266,2380,88,86,10,0.14411107564634534,0.004817572887986898,0.014343239134177566,0.6742669343948364,0.7602317929267883,0.7584715485572815
srr_batch4_m10d3_full4scale_fold0_seed20260721_htzhulab_59682067,step_1800,Case1023,CenterA,LGE-only,False,5,myops_scar,0.1,0.8121848739495798,0.5010368066355625,1.0,3858,2380,6,4,0,0.1518921721099015,0.004817572887986898,0.014343239134177566,0.6742669343948364,0.7602317929267883,0.7584715485572815
srr_batch4_m10d3_full4scale_fold0_seed20260721_htzhulab_59682067,step_1800,Case1023,CenterA,LGE-only,False,5,myops_scar,0.2,0.746218487394958,0.5618475166086682,1.0,3161,2380,5,3,0,0.12179689971527997,0.004817572887986898,0.014343239134177566,0.6742669343948364,0.7602317929267883,0.7584715485572815
srr_batch4_m10d3_full4scale_fold0_seed20260721_htzhulab_59682067,step_1800,Case1023,CenterA,LGE-only,False,5,myops_scar,0.3,0.7092436974789916,0.5954144620811287,1.0,2835,2380,2,0,0,0.10582010582010581,0.004817572887986898,0.014343239134177566,0.6742669343948364,0.7602317929267883,0.7584715485572815
srr_batch4_m10d3_full4scale_fold0_seed20260721_htzhulab_59682067,step_1800,Case1023,CenterA,LGE-only,False,5,myops_scar,0.4,0.6819327731092437,0.6168757126567845,1.0,2631,2380,2,0,0,0.09806157354618016,0.004817572887986898,0.014343239134177566,0.6742669343948364,0.7602317929267883,0.7584715485572815
srr_batch4_m10d3_full4scale_fold0_seed20260721_htzhulab_59682067,step_1800,Case1023,CenterA,LGE-only,False,5,myops_scar,0.5,0.6642857142857143,0.6293789808917197,1.0,2512,2380,5,3,0,0.09156050955414012,0.004817572887986898,0.014343239134177566,0.6742669343948364,0.7602317929267883,0.7584715485572815
srr_batch4_m10d3_full4scale_fold0_seed20260721_htzhulab_59682067,step_1800,Case1023,CenterA,LGE-only,False,5,myops_scar,0.6,0.6634453781512605,0.630591054313099,1.0,2504,2380,5,3,0,0.09185303514376997,0.004817572887986898,0.014343239134177566,0.6742669343948364,0.7602317929267883,0.7584715485572815
srr_batch4_m10d3_full4scale_fold0_seed20260721_htzhulab_59682067,step_1800,Case1023,CenterA,LGE-only,False,5,myops_scar,0.7,0.6634453781512605,0.630591054313099,1.0,2504,2380,5,3,0,0.09185303514376997,0.004817572887986898,0.014343239134177566,0.6742669343948364,0.7602317929267883,0.7584715485572815
srr_batch4_m10d3_full4scale_fold0_seed20260721_htzhulab_59682067,step_1800,Case1023,CenterA,LGE-only,False,5,myops_scar,0.8,0.6634453781512605,0.630591054313099,1.0,2504,2380,5,3,0,0.09185303514376997,0.004817572887986898,0.014343239134177566,0.6742669343948364,0.7602317929267883,0.7584715485572815
srr_batch4_m10d3_full4scale_fold0_seed20260721_htzhulab_59682067,step_1800,Case1023,CenterA,LGE-only,False,5,myops_scar,0.9,0.6634453781512605,0.630591054313099,1.0,2504,2380,5,3,0,0.09185303514376997,0.004817572887986898,0.014343239134177566,0.6742669343948364,0.7602317929267883,0.7584715485572815
srr_batch4_m10d3_full4scale_fold0_seed20260721_htzhulab_59682067,step_1800,Case1023,CenterA,LGE-only,False,4,myops_edema,0.05,,,,0,0,0,0,0,,2.0611514717217005e-09,2.061153470123145e-09,0.8162660002708435,0.8205885887145996,0.8205885887145996
srr_batch4_m10d3_full4scale_fold0_seed20260721_htzhulab_59682067,step_1800,Case1023,CenterA,LGE-only,False,4,myops_edema,0.1,,,,0,0,0,0,0,,2.0611514717217005e-09,2.061153470123145e-09,0.8162660002708435,0.8205885887145996,0.8205885887145996
srr_batch4_m10d3_full4scale_fold0_seed20260721_htzhulab_59682067,step_1800,Case1023,CenterA,LGE-only,False,4,myops_edema,0.2,,,,0,0,0,0,0,,2.0611514717217005e-09,2.061153470123145e-09,0.8162660002708435,0.8205885887145996,0.8205885887145996
srr_batch4_m10d3_full4scale_fold0_seed20260721_htzhulab_59682067,step_1800,Case1023,CenterA,LGE-only,False,4,myops_edema,0.3,,,,0,0,0,0,0,,2.0611514717217005e-09,2.061153470123145e-09,0.8162660002708435,0.8205885887145996,0.8205885887145996
srr_batch4_m10d3_full4scale_fold0_seed20260721_htzhulab_59682067,step_1800,Case1023,CenterA,LGE-only,False,4,myops_edema,0.4,,,,0,0,0,0,0,,2.0611514717217005e-09,2.061153470123145e-09,0.8162660002708435,0.8205885887145996,0.8205885887145996
srr_batch4_m10d3_full4scale_fold0_seed20260721_htzhulab_59682067,step_1800,Case1023,CenterA,LGE-only,False,4,myops_edema,0.5,,,,0,0,0,0,0,,2.0611514717217005e-09,2.061153470123145e-09,0.8162660002708435,0.8205885887145996,0.8205885887145996
srr_batch4_m10d3_full4scale_fold0_seed20260721_htzhulab_59682067,step_1800,Case1023,CenterA,LGE-only,False,4,myops_edema,0.6,,,,0,0,0,0,0,,2.0611514717217005e-09,2.061153470123145e-09,0.8162660002708435,0.8205885887145996,0.8205885887145996
srr_batch4_m10d3_full4scale_fold0_seed20260721_htzhulab_59682067,step_1800,Case1023,CenterA,LGE-only,False,4,myops_edema,0.7,,,,0,0,0,0,0,,2.0611514717217005e-09,2.061153470123145e-09,0.8162660002708435,0.8205885887145996,0.8205885887145996
srr_batch4_m10d3_full4scale_fold0_seed20260721_htzhulab_59682067,step_1800,Case1023,CenterA,LGE-only,False,4,myops_edema,0.8,,,,0,0,0,0,0,,2.0611514717217005e-09,2.061153470123145e-09,0.8162660002708435,0.8205885887145996,0.8205885887145996
srr_batch4_m10d3_full4scale_fold0_seed20260721_htzhulab_59682067,step_1800,Case1023,CenterA,LGE-only,False,4,myops_edema,0.9,,,,0,0,0,0,0,,2.0611514717217005e-09,2.061153470123145e-09,0.8162660002708435,0.8205885887145996,0.8205885887145996
srr_batch4_m10d3_full4scale_fold0_seed20260721_htzhulab_59682067,step_1800,Case1029,CenterA,LGE-only,False,5,myops_scar,0.05,0.9880341880341881,0.045501062741084786,1.0,12703,585,92,90,63,0.19452097929622925,0.007186427712440491,0.018167406134307375,0.6874788403511047,0.777269184589386,0.7747677564620972
srr_batch4_m10d3_full4scale_fold0_seed20260721_htzhulab_59682067,step_1800,Case1029,CenterA,LGE-only,False,5,myops_scar,0.1,0.9538461538461539,0.069050860042074,1.0,8081,585,13,12,6,0.22732335107041207,0.007186427712440491,0.018167406134307375,0.6874788403511047,0.777269184589386,0.7747677564620972
srr_batch4_m10d3_full4scale_fold0_seed20260721_htzhulab_59682067,step_1800,Case1029,CenterA,LGE-only,False,5,myops_scar,0.2,0.9179487179487179,0.08136363636363636,1.0,6600,585,2,0,0,0.22393939393939394,0.007186427712440491,0.018167406134307375,0.6874788403511047,0.777269184589386,0.7747677564620972
srr_batch4_m10d3_full4scale_fold0_seed20260721_htzhulab_59682067,step_1800,Case1029,CenterA,LGE-only,False,5,myops_scar,0.3,0.8735042735042735,0.08816425120772947,1.0,5796,585,9,7,3,0.22912353347135955,0.007186427712440491,0.018167406134307375,0.6874788403511047,0.777269184589386,0.7747677564620972
srr_batch4_m10d3_full4scale_fold0_seed20260721_htzhulab_59682067,step_1800,Case1029,CenterA,LGE-only,False,5,myops_scar,0.4,0.8239316239316239,0.09230180007659901,1.0,5222,585,13,12,6,0.23400995787054768,0.007186427712440491,0.018167406134307375,0.6874788403511047,0.777269184589386,0.7747677564620972
srr_batch4_m10d3_full4scale_fold0_seed20260721_htzhulab_59682067,step_1800,Case1029,CenterA,LGE-only,False,5,myops_scar,0.5,0.7897435897435897,0.09265944645006016,0.75,4986,585,12,11,4,0.23325310870437224,0.007186427712440491,0.018167406134307375,0.6874788403511047,0.777269184589386,0.7747677564620972
srr_batch4_m10d3_full4scale_fold0_seed20260721_htzhulab_59682067,step_1800,Case1029,CenterA,LGE-only,False,5,myops_scar,0.6,0.7743589743589744,0.09179331306990882,0.75,4935,585,12,11,4,0.23302938196555217,0.007186427712440491,0.018167406134307375,0.6874788403511047,0.777269184589386,0.7747677564620972
srr_batch4_m10d3_full4scale_fold0_seed20260721_htzhulab_59682067,step_1800,Case1029,CenterA,LGE-only,False,5,myops_scar,0.7,0.7743589743589744,0.09194235843312361,0.75,4927,585,12,11,4,0.23320478993302213,0.007186427712440491,0.018167406134307375,0.6874788403511047,0.777269184589386,0.7747677564620972
srr_batch4_m10d3_full4scale_fold0_seed20260721_htzhulab_59682067,step_1800,Case1029,CenterA,LGE-only,False,5,myops_scar,0.8,0.7743589743589744,0.09194235843312361,0.75,4927,585,12,11,4,0.23320478993302213,0.007186427712440491,0.018167406134307375,0.6874788403511047,0.777269184589386,0.7747677564620972
srr_batch4_m10d3_full4scale_fold0_seed20260721_htzhulab_59682067,step_1800,Case1029,CenterA,LGE-only,False,5,myops_scar,0.9,0.7743589743589744,0.09194235843312361,0.75,4927,585,12,11,4,0.23320478993302213,0.007186427712440491,0.018167406134307375,0.6874788403511047,0.777269184589386,0.7747677564620972
srr_batch4_m10d3_full4scale_fold0_seed20260721_htzhulab_59682067,step_1800,Case1029,CenterA,LGE-only,False,4,myops_edema,0.05,,,,0,0,0,0,0,,2.0611523599001202e-09,2.061153470123145e-09,0.8177656531333923,0.8223535418510437,0.8223535418510437
srr_batch4_m10d3_full4scale_fold0_seed20260721_htzhulab_59682067,step_1800,Case1029,CenterA,LGE-only,False,4,myops_edema,0.1,,,,0,0,0,0,0,,2.0611523599001202e-09,2.061153470123145e-09,0.8177656531333923,0.8223535418510437,0.8223535418510437
srr_batch4_m10d3_full4scale_fold0_seed20260721_htzhulab_59682067,step_1800,Case1029,CenterA,LGE-only,False,4,myops_edema,0.2,,,,0,0,0,0,0,,2.0611523599001202e-09,2.061153470123145e-09,0.8177656531333923,0.8223535418510437,0.8223535418510437
srr_batch4_m10d3_full4scale_fold0_seed20260721_htzhulab_59682067,step_1800,Case1029,CenterA,LGE-only,False,4,myops_edema,0.3,,,,0,0,0,0,0,,2.0611523599001202e-09,2.061153470123145e-09,0.8177656531333923,0.8223535418510437,0.8223535418510437
srr_batch4_m10d3_full4scale_fold0_seed20260721_htzhulab_59682067,step_1800,Case1029,CenterA,LGE-only,False,4,myops_edema,0.4,,,,0,0,0,0,0,,2.0611523599001202e-09,2.061153470123145e-09,0.8177656531333923,0.8223535418510437,0.8223535418510437
srr_batch4_m10d3_full4scale_fold0_seed20260721_htzhulab_59682067,step_1800,Case1029,CenterA,LGE-only,False,4,myops_edema,0.5,,,,0,0,0,0,0,,2.0611523599001202e-09,2.061153470123145e-09,0.8177656531333923,0.8223535418510437,0.8223535418510437
srr_batch4_m10d3_full4scale_fold0_seed20260721_htzhulab_59682067,step_1800,Case1029,CenterA,LGE-only,False,4,myops_edema,0.6,,,,0,0,0,0,0,,2.0611523599001202e-09,2.061153470123145e-09,0.8177656531333923,0.8223535418510437,0.8223535418510437
srr_batch4_m10d3_full4scale_fold0_seed20260721_htzhulab_59682067,step_1800,Case1029,CenterA,LGE-only,False,4,myops_edema,0.7,,,,0,0,0,0,0,,2.0611523599001202e-09,2.061153470123145e-09,0.8177656531333923,0.8223535418510437,0.8223535418510437
srr_batch4_m10d3_full4scale_fold0_seed20260721_htzhulab_59682067,step_1800,Case1029,CenterA,LGE-only,False,4,myops_edema,0.8,,,,0,0,0,0,0,,2.0611523599001202e-09,2.061153470123145e-09,0.8177656531333923,0.8223535418510437,0.8223535418510437
srr_batch4_m10d3_full4scale_fold0_seed20260721_htzhulab_59682067,step_1800,Case1029,CenterA,LGE-only,False,4,myops_edema,0.9,,,,0,0,0,0,0,,2.0611523599001202e-09,2.061153470123145e-09,0.8177656531333923,0.8223535418510437,0.8223535418510437
srr_batch4_m10d3_full4scale_fold0_seed20260721_htzhulab_59682067,step_1800,Case1033,CenterA,LGE-only,False,5,myops_scar,0.05,0.947561872090174,0.3697294196385888,0.16666666666666666,10459,4081,69,66,9,0.2314752844440195,0.00752503564581275,0.011698797577992082,0.6401063203811646,0.7194678783416748,0.7166188955307007
srr_batch4_m10d3_full4scale_fold0_seed20260721_htzhulab_59682067,step_1800,Case1033,CenterA,LGE-only,False,5,myops_scar,0.1,0.915461896593972,0.44291641967990514,0.16666666666666666,8435,4081,5,4,0,0.1902786010669828,0.00752503564581275,0.011698797577992082,0.6401063203811646,0.7194678783416748,0.7166188955307007
srr_batch4_m10d3_full4scale_fold0_seed20260721_htzhulab_59682067,step_1800,Case1033,CenterA,LGE-only,False,5,myops_scar,0.2,0.8769909335947071,0.5024568299873649,0.16666666666666666,7123,4081,9,8,0,0.16186999859609716,0.00752503564581275,0.011698797577992082,0.6401063203811646,0.7194678783416748,0.7166188955307007
srr_batch4_m10d3_full4scale_fold0_seed20260721_htzhulab_59682067,step_1800,Case1033,CenterA,LGE-only,False,5,myops_scar,0.3,0.8519970595442293,0.5333640128854119,0.16666666666666666,6519,4081,4,3,0,0.14572787237306337,0.00752503564581275,0.011698797577992082,0.6401063203811646,0.7194678783416748,0.7166188955307007
srr_batch4_m10d3_full4scale_fold0_seed20260721_htzhulab_59682067,step_1800,Case1033,CenterA,LGE-only,False,5,myops_scar,0.4,0.8314138691497182,0.5532365889450513,0.16666666666666666,6133,4081,4,3,0,0.13598565139409752,0.00752503564581275,0.011698797577992082,0.6401063203811646,0.7194678783416748,0.7166188955307007
srr_batch4_m10d3_full4scale_fold0_seed20260721_htzhulab_59682067,step_1800,Case1033,CenterA,LGE-only,False,5,myops_scar,0.5,0.8213673119333497,0.5655474945166189,0.16666666666666666,5927,4081,6,5,0,0.13176986671165852,0.00752503564581275,0.011698797577992082,0.6401063203811646,0.7194678783416748,0.7166188955307007
srr_batch4_m10d3_full4scale_fold0_seed20260721_htzhulab_59682067,step_1800,Case1033,CenterA,LGE-only,False,5,myops_scar,0.6,0.8179367802009312,0.5693331059184717,0.16666666666666666,5863,4081,6,5,0,0.12996759338222752,0.00752503564581275,0.011698797577992082,0.6401063203811646,0.7194678783416748,0.7166188955307007
srr_batch4_m10d3_full4scale_fold0_seed20260721_htzhulab_59682067,step_1800,Case1033,CenterA,LGE-only,False,5,myops_scar,0.7,0.8176917422200441,0.5694539249146757,0.16666666666666666,5860,4081,6,5,0,0.13003412969283276,0.00752503564581275,0.011698797577992082,0.6401063203811646,0.7194678783416748,0.7166188955307007
srr_batch4_m10d3_full4scale_fold0_seed20260721_htzhulab_59682067,step_1800,Case1033,CenterA,LGE-only,False,5,myops_scar,0.8,0.8176917422200441,0.5694539249146757,0.16666666666666666,5860,4081,6,5,0,0.13003412969283276,0.00752503564581275,0.011698797577992082,0.6401063203811646,0.7194678783416748,0.7166188955307007
srr_batch4_m10d3_full4scale_fold0_seed20260721_htzhulab_59682067,step_1800,Case1033,CenterA,LGE-only,False,5,myops_scar,0.9,0.8176917422200441,0.5694539249146757,0.16666666666666666,5860,4081,6,5,0,0.13003412969283276,0.00752503564581275,0.011698797577992082,0.6401063203811646,0.7194678783416748,0.7166188955307007
srr_batch4_m10d3_full4scale_fold0_seed20260721_htzhulab_59682067,step_1800,Case1033,CenterA,LGE-only,False,4,myops_edema,0.05,,,,0,0,0,0,0,,2.0611519158109104e-09,2.061153470123145e-09,0.8303810954093933,0.8332468271255493,0.8332468271255493
srr_batch4_m10d3_full4scale_fold0_seed20260721_htzhulab_59682067,step_1800,Case1033,CenterA,LGE-only,False,4,myops_edema,0.1,,,,0,0,0,0,0,,2.0611519158109104e-09,2.061153470123145e-09,0.8303810954093933,0.8332468271255493,0.8332468271255493
srr_batch4_m10d3_full4scale_fold0_seed20260721_htzhulab_59682067,step_1800,Case1033,CenterA,LGE-only,False,4,myops_edema,0.2,,,,0,0,0,0,0,,2.0611519158109104e-09,2.061153470123145e-09,0.8303810954093933,0.8332468271255493,0.8332468271255493
srr_batch4_m10d3_full4scale_fold0_seed20260721_htzhulab_59682067,step_1800,Case1033,CenterA,LGE-only,False,4,myops_edema,0.3,,,,0,0,0,0,0,,2.0611519158109104e-09,2.061153470123145e-09,0.8303810954093933,0.8332468271255493,0.8332468271255493
srr_batch4_m10d3_full4scale_fold0_seed20260721_htzhulab_59682067,step_1800,Case1033,CenterA,LGE-only,False,4,myops_edema,0.4,,,,0,0,0,0,0,,2.0611519158109104e-09,2.061153470123145e-09,0.8303810954093933,0.8332468271255493,0.8332468271255493
srr_batch4_m10d3_full4scale_fold0_seed20260721_htzhulab_59682067,step_1800,Case1033,CenterA,LGE-only,False,4,myops_edema,0.5,,,,0,0,0,0,0,,2.0611519158109104e-09,2.061153470123145e-09,0.8303810954093933,0.8332468271255493,0.8332468271255493
srr_batch4_m10d3_full4scale_fold0_seed20260721_htzhulab_59682067,step_1800,Case1033,CenterA,LGE-only,False,4,myops_edema,0.6,,,,0,0,0,0,0,,2.0611519158109104e-09,2.061153470123145e-09,0.8303810954093933,0.8332468271255493,0.8332468271255493
srr_batch4_m10d3_full4scale_fold0_seed20260721_htzhulab_59682067,step_1800,Case1033,CenterA,LGE-only,False,4,myops_edema,0.7,,,,0,0,0,0,0,,2.0611519158109104e-09,2.061153470123145e-09,0.8303810954093933,0.8332468271255493,0.8332468271255493
srr_batch4_m10d3_full4scale_fold0_seed20260721_htzhulab_59682067,step_1800,Case1033,CenterA,LGE-only,False,4,myops_edema,0.8,,,,0,0,0,0,0,,2.0611519158109104e-09,2.061153470123145e-09,0.8303810954093933,0.8332468271255493,0.8332468271255493
srr_batch4_m10d3_full4scale_fold0_seed20260721_htzhulab_59682067,step_1800,Case1033,CenterA,LGE-only,False,4,myops_edema,0.9,,,,0,0,0,0,0,,2.0611519158109104e-09,2.061153470123145e-09,0.8303810954093933,0.8332468271255493,0.8332468271255493
srr_batch4_m10d3_full4scale_fold0_seed20260721_htzhulab_59682067,step_1800,Case1040,CenterA,LGE-only,False,5,myops_scar,0.05,0.8026802218114603,0.17936802973977695,0.75,9684,2164,36,33,19,0.3617306897976043,0.007005954626947641,0.01879498558118936,0.6794129014015198,0.7666200995445251,0.7646484971046448
srr_batch4_m10d3_full4scale_fold0_seed20260721_htzhulab_59682067,step_1800,Case1040,CenterA,LGE-only,False,5,myops_scar,0.1,0.7019408502772643,0.3328950252027175,0.75,4563,2164,5,4,0,0.43261012491781725,0.007005954626947641,0.01879498558118936,0.6794129014015198,0.7666200995445251,0.7646484971046448
srr_batch4_m10d3_full4scale_fold0_seed20260721_htzhulab_59682067,step_1800,Case1040,CenterA,LGE-only,False,5,myops_scar,0.2,0.6210720887245841,0.36012861736334406,0.75,3732,2164,4,3,0,0.41693461950696675,0.007005954626947641,0.01879498558118936,0.6794129014015198,0.7666200995445251,0.7646484971046448
srr_batch4_m10d3_full4scale_fold0_seed20260721_htzhulab_59682067,step_1800,Case1040,CenterA,LGE-only,False,5,myops_scar,0.3,0.571626617375231,0.37058118633912523,0.75,3338,2164,3,1,0,0.4122228879568604,0.007005954626947641,0.01879498558118936,0.6794129014015198,0.7666200995445251,0.7646484971046448
srr_batch4_m10d3_full4scale_fold0_seed20260721_htzhulab_59682067,step_1800,Case1040,CenterA,LGE-only,False,5,myops_scar,0.4,0.5388170055452866,0.37467866323907456,0.75,3112,2164,6,2,0,0.40713367609254497,0.007005954626947641,0.01879498558118936,0.6794129014015198,0.7666200995445251,0.7646484971046448
srr_batch4_m10d3_full4scale_fold0_seed20260721_htzhulab_59682067,step_1800,Case1040,CenterA,LGE-only,False,5,myops_scar,0.5,0.5198706099815157,0.37650602409638556,0.75,2988,2164,6,2,0,0.4036144578313253,0.007005954626947641,0.01879498558118936,0.6794129014015198,0.7666200995445251,0.7646484971046448
srr_batch4_m10d3_full4scale_fold0_seed20260721_htzhulab_59682067,step_1800,Case1040,CenterA,LGE-only,False,5,myops_scar,0.6,0.505083179297597,0.37482853223593965,0.75,2916,2164,6,2,0,0.40260631001371744,0.007005954626947641,0.01879498558118936,0.6794129014015198,0.7666200995445251,0.7646484971046448
srr_batch4_m10d3_full4scale_fold0_seed20260721_htzhulab_59682067,step_1800,Case1040,CenterA,LGE-only,False,5,myops_scar,0.7,0.5018484288354899,0.3735810113519092,0.75,2907,2164,6,2,0,0.40350877192982454,0.007005954626947641,0.01879498558118936,0.6794129014015198,0.7666200995445251,0.7646484971046448
srr_batch4_m10d3_full4scale_fold0_seed20260721_htzhulab_59682067,step_1800,Case1040,CenterA,LGE-only,False,5,myops_scar,0.8,0.5013863216266173,0.37336545079146594,0.75,2906,2164,6,2,0,0.40364762560220235,0.007005954626947641,0.01879498558118936,0.6794129014015198,0.7666200995445251,0.7646484971046448
srr_batch4_m10d3_full4scale_fold0_seed20260721_htzhulab_59682067,step_1800,Case1040,CenterA,LGE-only,False,5,myops_scar,0.9,0.5013863216266173,0.37336545079146594,0.75,2906,2164,6,2,0,0.40364762560220235,0.007005954626947641,0.01879498558118936,0.6794129014015198,0.7666200995445251,0.7646484971046448
srr_batch4_m10d3_full4scale_fold0_seed20260721_htzhulab_59682067,step_1800,Case1040,CenterA,LGE-only,False,4,myops_edema,0.05,,,,0,0,0,0,0,,2.061155468524589e-09,2.061153470123145e-09,0.8234861493110657,0.8267776966094971,0.8267776966094971
srr_batch4_m10d3_full4scale_fold0_seed20260721_htzhulab_59682067,step_1800,Case1040,CenterA,LGE-only,False,4,myops_edema,0.1,,,,0,0,0,0,0,,2.061155468524589e-09,2.061153470123145e-09,0.8234861493110657,0.8267776966094971,0.8267776966094971
srr_batch4_m10d3_full4scale_fold0_seed20260721_htzhulab_59682067,step_1800,Case1040,CenterA,LGE-only,False,4,myops_edema,0.2,,,,0,0,0,0,0,,2.061155468524589e-09,2.061153470123145e-09,0.8234861493110657,0.8267776966094971,0.8267776966094971
srr_batch4_m10d3_full4scale_fold0_seed20260721_htzhulab_59682067,step_1800,Case1040,CenterA,LGE-only,False,4,myops_edema,0.3,,,,0,0,0,0,0,,2.061155468524589e-09,2.061153470123145e-09,0.8234861493110657,0.8267776966094971,0.8267776966094971
srr_batch4_m10d3_full4scale_fold0_seed20260721_htzhulab_59682067,step_1800,Case1040,CenterA,LGE-only,False,4,myops_edema,0.4,,,,0,0,0,0,0,,2.061155468524589e-09,2.061153470123145e-09,0.8234861493110657,0.8267776966094971,0.8267776966094971
srr_batch4_m10d3_full4scale_fold0_seed20260721_htzhulab_59682067,step_1800,Case1040,CenterA,LGE-only,False,4,myops_edema,0.5,,,,0,0,0,0,0,,2.061155468524589e-09,2.061153470123145e-09,0.8234861493110657,0.8267776966094971,0.8267776966094971
srr_batch4_m10d3_full4scale_fold0_seed20260721_htzhulab_59682067,step_1800,Case1040,CenterA,LGE-only,False,4,myops_edema,0.6,,,,0,0,0,0,0,,2.061155468524589e-09,2.061153470123145e-09,0.8234861493110657,0.8267776966094971,0.8267776966094971
srr_batch4_m10d3_full4scale_fold0_seed20260721_htzhulab_59682067,step_1800,Case1040,CenterA,LGE-only,False,4,myops_edema,0.7,,,,0,0,0,0,0,,2.061155468524589e-09,2.061153470123145e-09,0.8234861493110657,0.8267776966094971,0.8267776966094971
srr_batch4_m10d3_full4scale_fold0_seed20260721_htzhulab_59682067,step_1800,Case1040,CenterA,LGE-only,False,4,myops_edema,0.8,,,,0,0,0,0,0,,2.061155468524589e-09,2.061153470123145e-09,0.8234861493110657,0.8267776966094971,0.8267776966094971
srr_batch4_m10d3_full4scale_fold0_seed20260721_htzhulab_59682067,step_1800,Case1040,CenterA,LGE-only,False,4,myops_edema,0.9,,,,0,0,0,0,0,,2.061155468524589e-09,2.061153470123145e-09,0.8234861493110657,0.8267776966094971,0.8267776966094971
srr_batch4_m10d3_full4scale_fold0_seed20260721_htzhulab_59682067,step_1800,Case1042,CenterA,LGE-only,False,5,myops_scar,0.05,0.9746136865342163,0.19342825848849945,1.0,4565,906,15,13,8,0.13253012048192772,0.004720121156424284,0.013277696119621388,0.6986096501350403,0.7857493162155151,0.7828184366226196
srr_batch4_m10d3_full4scale_fold0_seed20260721_htzhulab_59682067,step_1800,Case1042,CenterA,LGE-only,False,5,myops_scar,0.1,0.9227373068432672,0.40543161978661496,1.0,2062,906,4,3,0,0.13045586808923376,0.004720121156424284,0.013277696119621388,0.6986096501350403,0.7857493162155151,0.7828184366226196
srr_batch4_m10d3_full4scale_fold0_seed20260721_htzhulab_59682067,step_1800,Case1042,CenterA,LGE-only,False,5,myops_scar,0.2,0.8675496688741722,0.6882661996497373,1.0,1142,906,3,1,0,0.1532399299474606,0.004720121156424284,0.013277696119621388,0.6986096501350403,0.7857493162155151,0.7828184366226196
srr_batch4_m10d3_full4scale_fold0_seed20260721_htzhulab_59682067,step_1800,Case1042,CenterA,LGE-only,False,5,myops_scar,0.3,0.8300220750551877,0.7244701348747592,1.0,1038,906,3,1,0,0.1329479768786127,0.004720121156424284,0.013277696119621388,0.6986096501350403,0.7857493162155151,0.7828184366226196
srr_batch4_m10d3_full4scale_fold0_seed20260721_htzhulab_59682067,step_1800,Case1042,CenterA,LGE-only,False,5,myops_scar,0.4,0.8101545253863135,0.742914979757085,1.0,988,906,4,2,0,0.1214574898785425,0.004720121156424284,0.013277696119621388,0.6986096501350403,0.7857493162155151,0.7828184366226196
srr_batch4_m10d3_full4scale_fold0_seed20260721_htzhulab_59682067,step_1800,Case1042,CenterA,LGE-only,False,5,myops_scar,0.5,0.7869757174392936,0.7481636935991606,1.0,953,906,4,2,0,0.11962224554039874,0.004720121156424284,0.013277696119621388,0.6986096501350403,0.7857493162155151,0.7828184366226196
srr_batch4_m10d3_full4scale_fold0_seed20260721_htzhulab_59682067,step_1800,Case1042,CenterA,LGE-only,False,5,myops_scar,0.6,0.7737306843267108,0.7505353319057816,1.0,934,906,4,2,0,0.11991434689507495,0.004720121156424284,0.013277696119621388,0.6986096501350403,0.7857493162155151,0.7828184366226196
srr_batch4_m10d3_full4scale_fold0_seed20260721_htzhulab_59682067,step_1800,Case1042,CenterA,LGE-only,False,5,myops_scar,0.7,0.7671081677704195,0.7505399568034558,1.0,926,906,4,2,0,0.12095032397408208,0.004720121156424284,0.013277696119621388,0.6986096501350403,0.7857493162155151,0.7828184366226196
srr_batch4_m10d3_full4scale_fold0_seed20260721_htzhulab_59682067,step_1800,Case1042,CenterA,LGE-only,False,5,myops_scar,0.8,0.7649006622516556,0.75,1.0,924,906,4,2,0,0.12121212121212122,0.004720121156424284,0.013277696119621388,0.6986096501350403,0.7857493162155151,0.7828184366226196
srr_batch4_m10d3_full4scale_fold0_seed20260721_htzhulab_59682067,step_1800,Case1042,CenterA,LGE-only,False,5,myops_scar,0.9,0.7649006622516556,0.75,1.0,924,906,4,2,0,0.12121212121212122,0.004720121156424284,0.013277696119621388,0.6986096501350403,0.7857493162155151,0.7828184366226196
srr_batch4_m10d3_full4scale_fold0_seed20260721_htzhulab_59682067,step_1800,Case1042,CenterA,LGE-only,False,4,myops_edema,0.05,,,,0,0,0,0,0,,2.0611548023907744e-09,2.061153470123145e-09,0.8307604789733887,0.8324311971664429,0.8324311971664429
srr_batch4_m10d3_full4scale_fold0_seed20260721_htzhulab_59682067,step_1800,Case1042,CenterA,LGE-only,False,4,myops_edema,0.1,,,,0,0,0,0,0,,2.0611548023907744e-09,2.061153470123145e-09,0.8307604789733887,0.8324311971664429,0.8324311971664429
srr_batch4_m10d3_full4scale_fold0_seed20260721_htzhulab_59682067,step_1800,Case1042,CenterA,LGE-only,False,4,myops_edema,0.2,,,,0,0,0,0,0,,2.0611548023907744e-09,2.061153470123145e-09,0.8307604789733887,0.8324311971664429,0.8324311971664429
srr_batch4_m10d3_full4scale_fold0_seed20260721_htzhulab_59682067,step_1800,Case1042,CenterA,LGE-only,False,4,myops_edema,0.3,,,,0,0,0,0,0,,2.0611548023907744e-09,2.061153470123145e-09,0.8307604789733887,0.8324311971664429,0.8324311971664429
srr_batch4_m10d3_full4scale_fold0_seed20260721_htzhulab_59682067,step_1800,Case1042,CenterA,LGE-only,False,4,myops_edema,0.4,,,,0,0,0,0,0,,2.0611548023907744e-09,2.061153470123145e-09,0.8307604789733887,0.8324311971664429,0.8324311971664429
srr_batch4_m10d3_full4scale_fold0_seed20260721_htzhulab_59682067,step_1800,Case1042,CenterA,LGE-only,False,4,myops_edema,0.5,,,,0,0,0,0,0,,2.0611548023907744e-09,2.061153470123145e-09,0.8307604789733887,0.8324311971664429,0.8324311971664429
srr_batch4_m10d3_full4scale_fold0_seed20260721_htzhulab_59682067,step_1800,Case1042,CenterA,LGE-only,False,4,myops_edema,0.6,,,,0,0,0,0,0,,2.0611548023907744e-09,2.061153470123145e-09,0.8307604789733887,0.8324311971664429,0.8324311971664429
srr_batch4_m10d3_full4scale_fold0_seed20260721_htzhulab_59682067,step_1800,Case1042,CenterA,LGE-only,False,4,myops_edema,0.7,,,,0,0,0,0,0,,2.0611548023907744e-09,2.061153470123145e-09,0.8307604789733887,0.8324311971664429,0.8324311971664429
srr_batch4_m10d3_full4scale_fold0_seed20260721_htzhulab_59682067,step_1800,Case1042,CenterA,LGE-only,False,4,myops_edema,0.8,,,,0,0,0,0,0,,2.0611548023907744e-09,2.061153470123145e-09,0.8307604789733887,0.8324311971664429,0.8324311971664429
srr_batch4_m10d3_full4scale_fold0_seed20260721_htzhulab_59682067,step_1800,Case1042,CenterA,LGE-only,False,4,myops_edema,0.9,,,,0,0,0,0,0,,2.0611548023907744e-09,2.061153470123145e-09,0.8307604789733887,0.8324311971664429,0.8324311971664429
srr_batch4_m10d3_full4scale_fold0_seed20260721_htzhulab_59682067,step_1800,Case1045,CenterA,LGE-only,False,5,myops_scar,0.05,0.27486559139784944,0.04912322844102811,0.5714285714285714,8326,1488,34,32,5,0.21294739370646168,0.0037903347983956337,0.017826491221785524,0.7086164355278015,0.8070721626281738,0.804090142250061
srr_batch4_m10d3_full4scale_fold0_seed20260721_htzhulab_59682067,step_1800,Case1045,CenterA,LGE-only,False,5,myops_scar,0.1,0.15725806451612903,0.1187214611872146,0.5714285714285714,1971,1488,39,38,2,0.014205986808726534,0.0037903347983956337,0.017826491221785524,0.7086164355278015,0.8070721626281738,0.804090142250061
srr_batch4_m10d3_full4scale_fold0_seed20260721_htzhulab_59682067,step_1800,Case1045,CenterA,LGE-only,False,5,myops_scar,0.2,0.125,0.2325,0.5714285714285714,800,1488,12,7,5,0.02375,0.0037903347983956337,0.017826491221785524,0.7086164355278015,0.8070721626281738,0.804090142250061
srr_batch4_m10d3_full4scale_fold0_seed20260721_htzhulab_59682067,step_1800,Case1045,CenterA,LGE-only,False,5,myops_scar,0.3,0.10349462365591398,0.2361963190184049,0.5714285714285714,652,1488,8,3,2,0.023006134969325152,0.0037903347983956337,0.017826491221785524,0.7086164355278015,0.8070721626281738,0.804090142250061
srr_batch4_m10d3_full4scale_fold0_seed20260721_htzhulab_59682067,step_1800,Case1045,CenterA,LGE-only,False,5,myops_scar,0.4,0.08333333333333333,0.22423146473779385,0.5714285714285714,553,1488,4,1,1,0.02531645569620253,0.0037903347983956337,0.017826491221785524,0.7086164355278015,0.8070721626281738,0.804090142250061
srr_batch4_m10d3_full4scale_fold0_seed20260721_htzhulab_59682067,step_1800,Case1045,CenterA,LGE-only,False,5,myops_scar,0.5,0.06854838709677419,0.21294363256784968,0.5714285714285714,479,1488,6,2,2,0.027139874739039668,0.0037903347983956337,0.017826491221785524,0.7086164355278015,0.8070721626281738,0.804090142250061
srr_batch4_m10d3_full4scale_fold0_seed20260721_htzhulab_59682067,step_1800,Case1045,CenterA,LGE-only,False,5,myops_scar,0.6,0.06518817204301075,0.21651785714285715,0.5714285714285714,448,1488,7,3,2,0.026785714285714284,0.0037903347983956337,0.017826491221785524,0.7086164355278015,0.8070721626281738,0.804090142250061
srr_batch4_m10d3_full4scale_fold0_seed20260721_htzhulab_59682067,step_1800,Case1045,CenterA,LGE-only,False,5,myops_scar,0.7,0.06451612903225806,0.21867881548974943,0.5714285714285714,439,1488,7,3,2,0.02733485193621868,0.0037903347983956337,0.017826491221785524,0.7086164355278015,0.8070721626281738,0.804090142250061
srr_batch4_m10d3_full4scale_fold0_seed20260721_htzhulab_59682067,step_1800,Case1045,CenterA,LGE-only,False,5,myops_scar,0.8,0.06451612903225806,0.2191780821917808,0.5714285714285714,438,1488,7,3,2,0.0273972602739726,0.0037903347983956337,0.017826491221785524,0.7086164355278015,0.8070721626281738,0.804090142250061
srr_batch4_m10d3_full4scale_fold0_seed20260721_htzhulab_59682067,step_1800,Case1045,CenterA,LGE-only,False,5,myops_scar,0.9,0.06451612903225806,0.2191780821917808,0.5714285714285714,438,1488,7,3,2,0.0273972602739726,0.0037903347983956337,0.017826491221785524,0.7086164355278015,0.8070721626281738,0.804090142250061
srr_batch4_m10d3_full4scale_fold0_seed20260721_htzhulab_59682067,step_1800,Case1045,CenterA,LGE-only,False,4,myops_edema,0.05,,,,0,0,0,0,0,,2.0611552464799843e-09,2.061153470123145e-09,0.8421571850776672,0.8397929668426514,0.8397929668426514
srr_batch4_m10d3_full4scale_fold0_seed20260721_htzhulab_59682067,step_1800,Case1045,CenterA,LGE-only,False,4,myops_edema,0.1,,,,0,0,0,0,0,,2.0611552464799843e-09,2.061153470123145e-09,0.8421571850776672,0.8397929668426514,0.8397929668426514
srr_batch4_m10d3_full4scale_fold0_seed20260721_htzhulab_59682067,step_1800,Case1045,CenterA,LGE-only,False,4,myops_edema,0.2,,,,0,0,0,0,0,,2.0611552464799843e-09,2.061153470123145e-09,0.8421571850776672,0.8397929668426514,0.8397929668426514
srr_batch4_m10d3_full4scale_fold0_seed20260721_htzhulab_59682067,step_1800,Case1045,CenterA,LGE-only,False,4,myops_edema,0.3,,,,0,0,0,0,0,,2.0611552464799843e-09,2.061153470123145e-09,0.8421571850776672,0.8397929668426514,0.8397929668426514
srr_batch4_m10d3_full4scale_fold0_seed20260721_htzhulab_59682067,step_1800,Case1045,CenterA,LGE-only,False,4,myops_edema,0.4,,,,0,0,0,0,0,,2.0611552464799843e-09,2.061153470123145e-09,0.8421571850776672,0.8397929668426514,0.8397929668426514
srr_batch4_m10d3_full4scale_fold0_seed20260721_htzhulab_59682067,step_1800,Case1045,CenterA,LGE-only,False,4,myops_edema,0.5,,,,0,0,0,0,0,,2.0611552464799843e-09,2.061153470123145e-09,0.8421571850776672,0.8397929668426514,0.8397929668426514
srr_batch4_m10d3_full4scale_fold0_seed20260721_htzhulab_59682067,step_1800,Case1045,CenterA,LGE-only,False,4,myops_edema,0.6,,,,0,0,0,0,0,,2.0611552464799843e-09,2.061153470123145e-09,0.8421571850776672,0.8397929668426514,0.8397929668426514
srr_batch4_m10d3_full4scale_fold0_seed20260721_htzhulab_59682067,step_1800,Case1045,CenterA,LGE-only,False,4,myops_edema,0.7,,,,0,0,0,0,0,,2.0611552464799843e-09,2.061153470123145e-09,0.8421571850776672,0.8397929668426514,0.8397929668426514
srr_batch4_m10d3_full4scale_fold0_seed20260721_htzhulab_59682067,step_1800,Case1045,CenterA,LGE-only,False,4,myops_edema,0.8,,,,0,0,0,0,0,,2.0611552464799843e-09,2.061153470123145e-09,0.8421571850776672,0.8397929668426514,0.8397929668426514
srr_batch4_m10d3_full4scale_fold0_seed20260721_htzhulab_59682067,step_1800,Case1045,CenterA,LGE-only,False,4,myops_edema,0.9,,,,0,0,0,0,0,,2.0611552464799843e-09,2.061153470123145e-09,0.8421571850776672,0.8397929668426514,0.8397929668426514
srr_batch4_m10d3_full4scale_fold0_seed20260721_htzhulab_59682067,step_1800,Case1047,CenterA,LGE-only,False,5,myops_scar,0.05,0.7793854415274463,0.460352422907489,0.14285714285714285,11350,6704,118,108,7,0.13947136563876653,0.0053932867012917995,0.01518400944769382,0.6763138175010681,0.7667718529701233,0.7635858654975891
srr_batch4_m10d3_full4scale_fold0_seed20260721_htzhulab_59682067,step_1800,Case1047,CenterA,LGE-only,False,5,myops_scar,0.1,0.6915274463007159,0.6956782713085234,0.14285714285714285,6664,6704,35,33,0,0.10444177671068428,0.0053932867012917995,0.01518400944769382,0.6763138175010681,0.7667718529701233,0.7635858654975891
srr_batch4_m10d3_full4scale_fold0_seed20260721_htzhulab_59682067,step_1800,Case1047,CenterA,LGE-only,False,5,myops_scar,0.2,0.6196300715990454,0.7629017447199266,0.14285714285714285,5445,6704,10,7,0,0.08852157943067034,0.0053932867012917995,0.01518400944769382,0.6763138175010681,0.7667718529701233,0.7635858654975891
srr_batch4_m10d3_full4scale_fold0_seed20260721_htzhulab_59682067,step_1800,Case1047,CenterA,LGE-only,False,5,myops_scar,0.3,0.5792064439140812,0.7945569879271537,0.14285714285714285,4887,6704,5,3,0,0.07734806629834254,0.0053932867012917995,0.01518400944769382,0.6763138175010681,0.7667718529701233,0.7635858654975891
srr_batch4_m10d3_full4scale_fold0_seed20260721_htzhulab_59682067,step_1800,Case1047,CenterA,LGE-only,False,5,myops_scar,0.4,0.5428102625298329,0.8159192825112107,0.14285714285714285,4460,6704,4,0,0,0.07309417040358744,0.0053932867012917995,0.01518400944769382,0.6763138175010681,0.7667718529701233,0.7635858654975891
srr_batch4_m10d3_full4scale_fold0_seed20260721_htzhulab_59682067,step_1800,Case1047,CenterA,LGE-only,False,5,myops_scar,0.5,0.5195405727923628,0.8253554502369668,0.14285714285714285,4220,6704,12,1,0,0.06919431279620854,0.0053932867012917995,0.01518400944769382,0.6763138175010681,0.7667718529701233,0.7635858654975891
srr_batch4_m10d3_full4scale_fold0_seed20260721_htzhulab_59682067,step_1800,Case1047,CenterA,LGE-only,False,5,myops_scar,0.6,0.5107398568019093,0.8292564785662389,0.14285714285714285,4129,6704,13,1,0,0.0685395979656091,0.0053932867012917995,0.01518400944769382,0.6763138175010681,0.7667718529701233,0.7635858654975891
srr_batch4_m10d3_full4scale_fold0_seed20260721_htzhulab_59682067,step_1800,Case1047,CenterA,LGE-only,False,5,myops_scar,0.7,0.5071599045346062,0.8294706025859966,0.14285714285714285,4099,6704,13,1,0,0.06904122956818737,0.0053932867012917995,0.01518400944769382,0.6763138175010681,0.7667718529701233,0.7635858654975891
srr_batch4_m10d3_full4scale_fold0_seed20260721_htzhulab_59682067,step_1800,Case1047,CenterA,LGE-only,False,5,myops_scar,0.8,0.5058174224343676,0.8290953545232274,0.14285714285714285,4090,6704,13,1,0,0.06919315403422983,0.0053932867012917995,0.01518400944769382,0.6763138175010681,0.7667718529701233,0.7635858654975891
srr_batch4_m10d3_full4scale_fold0_seed20260721_htzhulab_59682067,step_1800,Case1047,CenterA,LGE-only,False,5,myops_scar,0.9,0.5058174224343676,0.8290953545232274,0.14285714285714285,4090,6704,13,1,0,0.06919315403422983,0.0053932867012917995,0.01518400944769382,0.6763138175010681,0.7667718529701233,0.7635858654975891
srr_batch4_m10d3_full4scale_fold0_seed20260721_htzhulab_59682067,step_1800,Case1047,CenterA,LGE-only,False,4,myops_edema,0.05,,,,0,0,0,0,0,,2.061150361498676e-09,2.061153470123145e-09,0.8367469906806946,0.8390970230102539,0.8390970230102539
srr_batch4_m10d3_full4scale_fold0_seed20260721_htzhulab_59682067,step_1800,Case1047,CenterA,LGE-only,False,4,myops_edema,0.1,,,,0,0,0,0,0,,2.061150361498676e-09,2.061153470123145e-09,0.8367469906806946,0.8390970230102539,0.8390970230102539
srr_batch4_m10d3_full4scale_fold0_seed20260721_htzhulab_59682067,step_1800,Case1047,CenterA,LGE-only,False,4,myops_edema,0.2,,,,0,0,0,0,0,,2.061150361498676e-09,2.061153470123145e-09,0.8367469906806946,0.8390970230102539,0.8390970230102539
srr_batch4_m10d3_full4scale_fold0_seed20260721_htzhulab_59682067,step_1800,Case1047,CenterA,LGE-only,False,4,myops_edema,0.3,,,,0,0,0,0,0,,2.061150361498676e-09,2.061153470123145e-09,0.8367469906806946,0.8390970230102539,0.8390970230102539
srr_batch4_m10d3_full4scale_fold0_seed20260721_htzhulab_59682067,step_1800,Case1047,CenterA,LGE-only,False,4,myops_edema,0.4,,,,0,0,0,0,0,,2.061150361498676e-09,2.061153470123145e-09,0.8367469906806946,0.8390970230102539,0.8390970230102539
srr_batch4_m10d3_full4scale_fold0_seed20260721_htzhulab_59682067,step_1800,Case1047,CenterA,LGE-only,False,4,myops_edema,0.5,,,,0,0,0,0,0,,2.061150361498676e-09,2.061153470123145e-09,0.8367469906806946,0.8390970230102539,0.8390970230102539
srr_batch4_m10d3_full4scale_fold0_seed20260721_htzhulab_59682067,step_1800,Case1047,CenterA,LGE-only,False,4,myops_edema,0.6,,,,0,0,0,0,0,,2.061150361498676e-09,2.061153470123145e-09,0.8367469906806946,0.8390970230102539,0.8390970230102539
srr_batch4_m10d3_full4scale_fold0_seed20260721_htzhulab_59682067,step_1800,Case1047,CenterA,LGE-only,False,4,myops_edema,0.7,,,,0,0,0,0,0,,2.061150361498676e-09,2.061153470123145e-09,0.8367469906806946,0.8390970230102539,0.8390970230102539
srr_batch4_m10d3_full4scale_fold0_seed20260721_htzhulab_59682067,step_1800,Case1047,CenterA,LGE-only,False,4,myops_edema,0.8,,,,0,0,0,0,0,,2.061150361498676e-09,2.061153470123145e-09,0.8367469906806946,0.8390970230102539,0.8390970230102539
srr_batch4_m10d3_full4scale_fold0_seed20260721_htzhulab_59682067,step_1800,Case1047,CenterA,LGE-only,False,4,myops_edema,0.9,,,,0,0,0,0,0,,2.061150361498676e-09,2.061153470123145e-09,0.8367469906806946,0.8390970230102539,0.8390970230102539
srr_batch4_m10d3_full4scale_fold0_seed20260721_htzhulab_59682067,step_1800,Case1053,CenterA,LGE-only,False,5,myops_scar,0.05,0.730732635585157,0.1368739975049011,0.8,5611,1051,39,34,18,0.291748351452504,0.004620560444891453,0.017633070889860363,0.6862521767616272,0.7758147716522217,0.7735908627510071
srr_batch4_m10d3_full4scale_fold0_seed20260721_htzhulab_59682067,step_1800,Case1053,CenterA,LGE-only,False,5,myops_scar,0.1,0.6317792578496669,0.3789954337899543,0.8,1752,1051,11,6,0,0.09246575342465753,0.004620560444891453,0.017633070889860363,0.6862521767616272,0.7758147716522217,0.7735908627510071
srr_batch4_m10d3_full4scale_fold0_seed20260721_htzhulab_59682067,step_1800,Case1053,CenterA,LGE-only,False,5,myops_scar,0.2,0.5518553758325404,0.46325878594249204,0.8,1252,1051,22,16,0,0.07268370607028754,0.004620560444891453,0.017633070889860363,0.6862521767616272,0.7758147716522217,0.7735908627510071
srr_batch4_m10d3_full4scale_fold0_seed20260721_htzhulab_59682067,step_1800,Case1053,CenterA,LGE-only,False,5,myops_scar,0.3,0.5014272121788773,0.5121477162293488,0.8,1029,1051,20,13,0,0.06802721088435375,0.004620560444891453,0.017633070889860363,0.6862521767616272,0.7758147716522217,0.7735908627510071
srr_batch4_m10d3_full4scale_fold0_seed20260721_htzhulab_59682067,step_1800,Case1053,CenterA,LGE-only,False,5,myops_scar,0.4,0.467174119885823,0.5535512965050733,0.8,887,1051,18,13,0,0.06313416009019165,0.004620560444891453,0.017633070889860363,0.6862521767616272,0.7758147716522217,0.7735908627510071
srr_batch4_m10d3_full4scale_fold0_seed20260721_htzhulab_59682067,step_1800,Case1053,CenterA,LGE-only,False,5,myops_scar,0.5,0.45004757373929594,0.5942211055276382,0.8,796,1051,16,12,0,0.06658291457286432,0.004620560444891453,0.017633070889860363,0.6862521767616272,0.7758147716522217,0.7735908627510071
srr_batch4_m10d3_full4scale_fold0_seed20260721_htzhulab_59682067,step_1800,Case1053,CenterA,LGE-only,False,5,myops_scar,0.6,0.44814462416745954,0.6189224704336399,0.8,761,1051,16,12,0,0.06964520367936924,0.004620560444891453,0.017633070889860363,0.6862521767616272,0.7758147716522217,0.7735908627510071
srr_batch4_m10d3_full4scale_fold0_seed20260721_htzhulab_59682067,step_1800,Case1053,CenterA,LGE-only,False,5,myops_scar,0.7,0.44719314938154137,0.6200527704485488,0.8,758,1051,15,11,0,0.06992084432717678,0.004620560444891453,0.017633070889860363,0.6862521767616272,0.7758147716522217,0.7735908627510071
srr_batch4_m10d3_full4scale_fold0_seed20260721_htzhulab_59682067,step_1800,Case1053,CenterA,LGE-only,False,5,myops_scar,0.8,0.44719314938154137,0.6200527704485488,0.8,758,1051,15,11,0,0.06992084432717678,0.004620560444891453,0.017633070889860363,0.6862521767616272,0.7758147716522217,0.7735908627510071
srr_batch4_m10d3_full4scale_fold0_seed20260721_htzhulab_59682067,step_1800,Case1053,CenterA,LGE-only,False,5,myops_scar,0.9,0.44719314938154137,0.6200527704485488,0.8,758,1051,15,11,0,0.06992084432717678,0.004620560444891453,0.017633070889860363,0.6862521767616272,0.7758147716522217,0.7735908627510071
srr_batch4_m10d3_full4scale_fold0_seed20260721_htzhulab_59682067,step_1800,Case1053,CenterA,LGE-only,False,4,myops_edema,0.05,,,,0,0,0,0,0,,2.0611552464799843e-09,2.061153470123145e-09,0.8325348496437073,0.8331183791160583,0.8331183791160583
srr_batch4_m10d3_full4scale_fold0_seed20260721_htzhulab_59682067,step_1800,Case1053,CenterA,LGE-only,False,4,myops_edema,0.1,,,,0,0,0,0,0,,2.0611552464799843e-09,2.061153470123145e-09,0.8325348496437073,0.8331183791160583,0.8331183791160583
srr_batch4_m10d3_full4scale_fold0_seed20260721_htzhulab_59682067,step_1800,Case1053,CenterA,LGE-only,False,4,myops_edema,0.2,,,,0,0,0,0,0,,2.0611552464799843e-09,2.061153470123145e-09,0.8325348496437073,0.8331183791160583,0.8331183791160583
srr_batch4_m10d3_full4scale_fold0_seed20260721_htzhulab_59682067,step_1800,Case1053,CenterA,LGE-only,False,4,myops_edema,0.3,,,,0,0,0,0,0,,2.0611552464799843e-09,2.061153470123145e-09,0.8325348496437073,0.8331183791160583,0.8331183791160583
srr_batch4_m10d3_full4scale_fold0_seed20260721_htzhulab_59682067,step_1800,Case1053,CenterA,LGE-only,False,4,myops_edema,0.4,,,,0,0,0,0,0,,2.0611552464799843e-09,2.061153470123145e-09,0.8325348496437073,0.8331183791160583,0.8331183791160583
srr_batch4_m10d3_full4scale_fold0_seed20260721_htzhulab_59682067,step_1800,Case1053,CenterA,LGE-only,False,4,myops_edema,0.5,,,,0,0,0,0,0,,2.0611552464799843e-09,2.061153470123145e-09,0.8325348496437073,0.8331183791160583,0.8331183791160583
srr_batch4_m10d3_full4scale_fold0_seed20260721_htzhulab_59682067,step_1800,Case1053,CenterA,LGE-only,False,4,myops_edema,0.6,,,,0,0,0,0,0,,2.0611552464799843e-09,2.061153470123145e-09,0.8325348496437073,0.8331183791160583,0.8331183791160583
srr_batch4_m10d3_full4scale_fold0_seed20260721_htzhulab_59682067,step_1800,Case1053,CenterA,LGE-only,False,4,myops_edema,0.7,,,,0,0,0,0,0,,2.0611552464799843e-09,2.061153470123145e-09,0.8325348496437073,0.8331183791160583,0.8331183791160583
srr_batch4_m10d3_full4scale_fold0_seed20260721_htzhulab_59682067,step_1800,Case1053,CenterA,LGE-only,False,4,myops_edema,0.8,,,,0,0,0,0,0,,2.0611552464799843e-09,2.061153470123145e-09,0.8325348496437073,0.8331183791160583,0.8331183791160583
srr_batch4_m10d3_full4scale_fold0_seed20260721_htzhulab_59682067,step_1800,Case1053,CenterA,LGE-only,False,4,myops_edema,0.9,,,,0,0,0,0,0,,2.0611552464799843e-09,2.061153470123145e-09,0.8325348496437073,0.8331183791160583,0.8331183791160583
srr_batch4_m10d3_full4scale_fold0_seed20260721_htzhulab_59682067,step_1800,Case1062,CenterA,LGE-only,False,5,myops_scar,0.05,0.9100719424460432,0.24081746920492722,0.42857142857142855,17860,4726,73,66,11,0.2171892497200448,0.010237215086817741,0.01588334413245322,0.6706063747406006,0.7606508135795593,0.75897616147995
srr_batch4_m10d3_full4scale_fold0_seed20260721_htzhulab_59682067,step_1800,Case1062,CenterA,LGE-only,False,5,myops_scar,0.1,0.860770207363521,0.30474192823432467,0.42857142857142855,13349,4726,14,13,0,0.1427822308787175,0.010237215086817741,0.01588334413245322,0.6706063747406006,0.7606508135795593,0.75897616147995
srr_batch4_m10d3_full4scale_fold0_seed20260721_htzhulab_59682067,step_1800,Case1062,CenterA,LGE-only,False,5,myops_scar,0.2,0.8116800677105375,0.3399202481169694,0.2857142857142857,11285,4726,4,3,0,0.11714665485157288,0.010237215086817741,0.01588334413245322,0.6706063747406006,0.7606508135795593,0.75897616147995
srr_batch4_m10d3_full4scale_fold0_seed20260721_htzhulab_59682067,step_1800,Case1062,CenterA,LGE-only,False,5,myops_scar,0.3,0.7839610664409649,0.359569099378882,0.2857142857142857,10304,4726,5,3,0,0.10432841614906832,0.010237215086817741,0.01588334413245322,0.6706063747406006,0.7606508135795593,0.75897616147995
srr_batch4_m10d3_full4scale_fold0_seed20260721_htzhulab_59682067,step_1800,Case1062,CenterA,LGE-only,False,5,myops_scar,0.4,0.7668218366483284,0.3740324078852307,0.2857142857142857,9689,4726,3,2,0,0.09835896377335122,0.010237215086817741,0.01588334413245322,0.6706063747406006,0.7606508135795593,0.75897616147995
srr_batch4_m10d3_full4scale_fold0_seed20260721_htzhulab_59682067,step_1800,Case1062,CenterA,LGE-only,False,5,myops_scar,0.5,0.7566652560304697,0.38095238095238093,0.2857142857142857,9387,4726,3,2,0,0.09417279215936934,0.010237215086817741,0.01588334413245322,0.6706063747406006,0.7606508135795593,0.75897616147995
srr_batch4_m10d3_full4scale_fold0_seed20260721_htzhulab_59682067,step_1800,Case1062,CenterA,LGE-only,False,5,myops_scar,0.6,0.7539145154464664,0.3820501822860819,0.2857142857142857,9326,4726,3,2,0,0.09296590177996998,0.010237215086817741,0.01588334413245322,0.6706063747406006,0.7606508135795593,0.75897616147995
srr_batch4_m10d3_full4scale_fold0_seed20260721_htzhulab_59682067,step_1800,Case1062,CenterA,LGE-only,False,5,myops_scar,0.7,0.7537029200169276,0.3820658586291966,0.2857142857142857,9323,4726,3,2,0,0.0929958167971683,0.010237215086817741,0.01588334413245322,0.6706063747406006,0.7606508135795593,0.75897616147995
srr_batch4_m10d3_full4scale_fold0_seed20260721_htzhulab_59682067,step_1800,Case1062,CenterA,LGE-only,False,5,myops_scar,0.8,0.7537029200169276,0.3820658586291966,0.2857142857142857,9323,4726,3,2,0,0.0929958167971683,0.010237215086817741,0.01588334413245322,0.6706063747406006,0.7606508135795593,0.75897616147995
srr_batch4_m10d3_full4scale_fold0_seed20260721_htzhulab_59682067,step_1800,Case1062,CenterA,LGE-only,False,5,myops_scar,0.9,0.7537029200169276,0.3820658586291966,0.2857142857142857,9323,4726,3,2,0,0.0929958167971683,0.010237215086817741,0.01588334413245322,0.6706063747406006,0.7606508135795593,0.75897616147995
srr_batch4_m10d3_full4scale_fold0_seed20260721_htzhulab_59682067,step_1800,Case1062,CenterA,LGE-only,False,4,myops_edema,0.05,,,,0,0,0,0,0,,2.0611519158109104e-09,2.061153470123145e-09,0.8382420539855957,0.840490460395813,0.840490460395813
srr_batch4_m10d3_full4scale_fold0_seed20260721_htzhulab_59682067,step_1800,Case1062,CenterA,LGE-only,False,4,myops_edema,0.1,,,,0,0,0,0,0,,2.0611519158109104e-09,2.061153470123145e-09,0.8382420539855957,0.840490460395813,0.840490460395813
srr_batch4_m10d3_full4scale_fold0_seed20260721_htzhulab_59682067,step_1800,Case1062,CenterA,LGE-only,False,4,myops_edema,0.2,,,,0,0,0,0,0,,2.0611519158109104e-09,2.061153470123145e-09,0.8382420539855957,0.840490460395813,0.840490460395813
srr_batch4_m10d3_full4scale_fold0_seed20260721_htzhulab_59682067,step_1800,Case1062,CenterA,LGE-only,False,4,myops_edema,0.3,,,,0,0,0,0,0,,2.0611519158109104e-09,2.061153470123145e-09,0.8382420539855957,0.840490460395813,0.840490460395813
srr_batch4_m10d3_full4scale_fold0_seed20260721_htzhulab_59682067,step_1800,Case1062,CenterA,LGE-only,False,4,myops_edema,0.4,,,,0,0,0,0,0,,2.0611519158109104e-09,2.061153470123145e-09,0.8382420539855957,0.840490460395813,0.840490460395813
srr_batch4_m10d3_full4scale_fold0_seed20260721_htzhulab_59682067,step_1800,Case1062,CenterA,LGE-only,False,4,myops_edema,0.5,,,,0,0,0,0,0,,2.0611519158109104e-09,2.061153470123145e-09,0.8382420539855957,0.840490460395813,0.840490460395813
srr_batch4_m10d3_full4scale_fold0_seed20260721_htzhulab_59682067,step_1800,Case1062,CenterA,LGE-only,False,4,myops_edema,0.6,,,,0,0,0,0,0,,2.0611519158109104e-09,2.061153470123145e-09,0.8382420539855957,0.840490460395813,0.840490460395813
srr_batch4_m10d3_full4scale_fold0_seed20260721_htzhulab_59682067,step_1800,Case1062,CenterA,LGE-only,False,4,myops_edema,0.7,,,,0,0,0,0,0,,2.0611519158109104e-09,2.061153470123145e-09,0.8382420539855957,0.840490460395813,0.840490460395813
srr_batch4_m10d3_full4scale_fold0_seed20260721_htzhulab_59682067,step_1800,Case1062,CenterA,LGE-only,False,4,myops_edema,0.8,,,,0,0,0,0,0,,2.0611519158109104e-09,2.061153470123145e-09,0.8382420539855957,0.840490460395813,0.840490460395813
srr_batch4_m10d3_full4scale_fold0_seed20260721_htzhulab_59682067,step_1800,Case1062,CenterA,LGE-only,False,4,myops_edema,0.9,,,,0,0,0,0,0,,2.0611519158109104e-09,2.061153470123145e-09,0.8382420539855957,0.840490460395813,0.840490460395813
srr_batch4_m10d3_full4scale_fold0_seed20260721_htzhulab_59682067,step_1800,Case1070,CenterA,LGE-only,False,5,myops_scar,0.05,0.895492620662146,0.17543174181448776,0.5,12797,2507,68,66,0,0.15308275377041494,0.006749207619577646,0.009140379307791595,0.6594820618629456,0.7444769144058228,0.7408904433250427
srr_batch4_m10d3_full4scale_fold0_seed20260721_htzhulab_59682067,step_1800,Case1070,CenterA,LGE-only,False,5,myops_scar,0.1,0.8627842042281612,0.260539629005059,0.5,8302,2507,18,16,0,0.08781016622500602,0.006749207619577646,0.009140379307791595,0.6594820618629456,0.7444769144058228,0.7408904433250427
srr_batch4_m10d3_full4scale_fold0_seed20260721_htzhulab_59682067,step_1800,Case1070,CenterA,LGE-only,False,5,myops_scar,0.2,0.8224970083765457,0.30168251645940014,0.5,6835,2507,9,8,0,0.0697878566203365,0.006749207619577646,0.009140379307791595,0.6594820618629456,0.7444769144058228,0.7408904433250427
srr_batch4_m10d3_full4scale_fold0_seed20260721_htzhulab_59682067,step_1800,Case1070,CenterA,LGE-only,False,5,myops_scar,0.3,0.7985640207419226,0.325952458482579,0.5,6142,2507,6,5,0,0.06219472484532725,0.006749207619577646,0.009140379307791595,0.6594820618629456,0.7444769144058228,0.7408904433250427
srr_batch4_m10d3_full4scale_fold0_seed20260721_htzhulab_59682067,step_1800,Case1070,CenterA,LGE-only,False,5,myops_scar,0.4,0.7897885919425608,0.3473684210526316,0.5,5700,2507,16,15,0,0.05473684210526316,0.006749207619577646,0.009140379307791595,0.6594820618629456,0.7444769144058228,0.7408904433250427
srr_batch4_m10d3_full4scale_fold0_seed20260721_htzhulab_59682067,step_1800,Case1070,CenterA,LGE-only,False,5,myops_scar,0.5,0.7822098125249302,0.3616079660704407,0.5,5423,2507,18,17,0,0.05070993914807302,0.006749207619577646,0.009140379307791595,0.6594820618629456,0.7444769144058228,0.7408904433250427
srr_batch4_m10d3_full4scale_fold0_seed20260721_htzhulab_59682067,step_1800,Case1070,CenterA,LGE-only,False,5,myops_scar,0.6,0.7766254487435181,0.3677053824362606,0.5,5295,2507,24,23,0,0.049669499527856466,0.006749207619577646,0.009140379307791595,0.6594820618629456,0.7444769144058228,0.7408904433250427
srr_batch4_m10d3_full4scale_fold0_seed20260721_htzhulab_59682067,step_1800,Case1070,CenterA,LGE-only,False,5,myops_scar,0.7,0.7762265656162745,0.36925996204933587,0.5,5270,2507,24,23,0,0.04990512333965844,0.006749207619577646,0.009140379307791595,0.6594820618629456,0.7444769144058228,0.7408904433250427
srr_batch4_m10d3_full4scale_fold0_seed20260721_htzhulab_59682067,step_1800,Case1070,CenterA,LGE-only,False,5,myops_scar,0.8,0.7762265656162745,0.36925996204933587,0.5,5270,2507,24,23,0,0.04990512333965844,0.006749207619577646,0.009140379307791595,0.6594820618629456,0.7444769144058228,0.7408904433250427
srr_batch4_m10d3_full4scale_fold0_seed20260721_htzhulab_59682067,step_1800,Case1070,CenterA,LGE-only,False,5,myops_scar,0.9,0.7762265656162745,0.36925996204933587,0.5,5270,2507,24,23,0,0.04990512333965844,0.006749207619577646,0.009140379307791595,0.6594820618629456,0.7444769144058228,0.7408904433250427
srr_batch4_m10d3_full4scale_fold0_seed20260721_htzhulab_59682067,step_1800,Case1070,CenterA,LGE-only,False,4,myops_edema,0.05,,,,0,0,0,0,0,,2.0611519158109104e-09,2.061153470123145e-09,0.8401845693588257,0.8399675488471985,0.8399675488471985
srr_batch4_m10d3_full4scale_fold0_seed20260721_htzhulab_59682067,step_1800,Case1070,CenterA,LGE-only,False,4,myops_edema,0.1,,,,0,0,0,0,0,,2.0611519158109104e-09,2.061153470123145e-09,0.8401845693588257,0.8399675488471985,0.8399675488471985
srr_batch4_m10d3_full4scale_fold0_seed20260721_htzhulab_59682067,step_1800,Case1070,CenterA,LGE-only,False,4,myops_edema,0.2,,,,0,0,0,0,0,,2.0611519158109104e-09,2.061153470123145e-09,0.8401845693588257,0.8399675488471985,0.8399675488471985
srr_batch4_m10d3_full4scale_fold0_seed20260721_htzhulab_59682067,step_1800,Case1070,CenterA,LGE-only,False,4,myops_edema,0.3,,,,0,0,0,0,0,,2.0611519158109104e-09,2.061153470123145e-09,0.8401845693588257,0.8399675488471985,0.8399675488471985
srr_batch4_m10d3_full4scale_fold0_seed20260721_htzhulab_59682067,step_1800,Case1070,CenterA,LGE-only,False,4,myops_edema,0.4,,,,0,0,0,0,0,,2.0611519158109104e-09,2.061153470123145e-09,0.8401845693588257,0.8399675488471985,0.8399675488471985
srr_batch4_m10d3_full4scale_fold0_seed20260721_htzhulab_59682067,step_1800,Case1070,CenterA,LGE-only,False,4,myops_edema,0.5,,,,0,0,0,0,0,,2.0611519158109104e-09,2.061153470123145e-09,0.8401845693588257,0.8399675488471985,0.8399675488471985
srr_batch4_m10d3_full4scale_fold0_seed20260721_htzhulab_59682067,step_1800,Case1070,CenterA,LGE-only,False,4,myops_edema,0.6,,,,0,0,0,0,0,,2.0611519158109104e-09,2.061153470123145e-09,0.8401845693588257,0.8399675488471985,0.8399675488471985
srr_batch4_m10d3_full4scale_fold0_seed20260721_htzhulab_59682067,step_1800,Case1070,CenterA,LGE-only,False,4,myops_edema,0.7,,,,0,0,0,0,0,,2.0611519158109104e-09,2.061153470123145e-09,0.8401845693588257,0.8399675488471985,0.8399675488471985
srr_batch4_m10d3_full4scale_fold0_seed20260721_htzhulab_59682067,step_1800,Case1070,CenterA,LGE-only,False,4,myops_edema,0.8,,,,0,0,0,0,0,,2.0611519158109104e-09,2.061153470123145e-09,0.8401845693588257,0.8399675488471985,0.8399675488471985
srr_batch4_m10d3_full4scale_fold0_seed20260721_htzhulab_59682067,step_1800,Case1070,CenterA,LGE-only,False,4,myops_edema,0.9,,,,0,0,0,0,0,,2.0611519158109104e-09,2.061153470123145e-09,0.8401845693588257,0.8399675488471985,0.8399675488471985
srr_batch4_m10d3_full4scale_fold0_seed20260721_htzhulab_59682067,step_1800,Case1073,CenterA,LGE-only,False,5,myops_scar,0.05,0.5788994997726239,0.25108481262327415,0.6666666666666666,5070,2199,64,52,34,0.5534516765285996,0.005911125801503658,0.018325422704219767,0.6822475790977478,0.7646545171737671,0.7629465460777283
srr_batch4_m10d3_full4scale_fold0_seed20260721_htzhulab_59682067,step_1800,Case1073,CenterA,LGE-only,False,5,myops_scar,0.1,0.4897680763983629,0.43744922826969945,0.6666666666666666,2462,2199,9,4,0,0.35337124289195776,0.005911125801503658,0.018325422704219767,0.6822475790977478,0.7646545171737671,0.7629465460777283
srr_batch4_m10d3_full4scale_fold0_seed20260721_htzhulab_59682067,step_1800,Case1073,CenterA,LGE-only,False,5,myops_scar,0.2,0.43656207366984995,0.4639922667955534,0.3333333333333333,2069,2199,6,4,0,0.3499275012083132,0.005911125801503658,0.018325422704219767,0.6822475790977478,0.7646545171737671,0.7629465460777283
srr_batch4_m10d3_full4scale_fold0_seed20260721_htzhulab_59682067,step_1800,Case1073,CenterA,LGE-only,False,5,myops_scar,0.3,0.4088221919054115,0.4766702014846235,0.3333333333333333,1886,2199,7,4,0,0.34411452810180276,0.005911125801503658,0.018325422704219767,0.6822475790977478,0.7646545171737671,0.7629465460777283
srr_batch4_m10d3_full4scale_fold0_seed20260721_htzhulab_59682067,step_1800,Case1073,CenterA,LGE-only,False,5,myops_scar,0.4,0.39154160982264663,0.49171901770416904,0.3333333333333333,1751,2199,10,7,0,0.3375214163335237,0.005911125801503658,0.018325422704219767,0.6822475790977478,0.7646545171737671,0.7629465460777283
srr_batch4_m10d3_full4scale_fold0_seed20260721_htzhulab_59682067,step_1800,Case1073,CenterA,LGE-only,False,5,myops_scar,0.5,0.37880854934060937,0.49583333333333335,0.3333333333333333,1680,2199,9,6,0,0.33630952380952384,0.005911125801503658,0.018325422704219767,0.6822475790977478,0.7646545171737671,0.7629465460777283
srr_batch4_m10d3_full4scale_fold0_seed20260721_htzhulab_59682067,step_1800,Case1073,CenterA,LGE-only,False,5,myops_scar,0.6,0.3774442928603911,0.4949314251639833,0.3333333333333333,1677,2199,9,6,0,0.33691115086463924,0.005911125801503658,0.018325422704219767,0.6822475790977478,0.7646545171737671,0.7629465460777283
srr_batch4_m10d3_full4scale_fold0_seed20260721_htzhulab_59682067,step_1800,Case1073,CenterA,LGE-only,False,5,myops_scar,0.7,0.3774442928603911,0.4949314251639833,0.3333333333333333,1677,2199,9,6,0,0.33691115086463924,0.005911125801503658,0.018325422704219767,0.6822475790977478,0.7646545171737671,0.7629465460777283
srr_batch4_m10d3_full4scale_fold0_seed20260721_htzhulab_59682067,step_1800,Case1073,CenterA,LGE-only,False,5,myops_scar,0.8,0.3774442928603911,0.4949314251639833,0.3333333333333333,1677,2199,9,6,0,0.33691115086463924,0.005911125801503658,0.018325422704219767,0.6822475790977478,0.7646545171737671,0.7629465460777283
srr_batch4_m10d3_full4scale_fold0_seed20260721_htzhulab_59682067,step_1800,Case1073,CenterA,LGE-only,False,5,myops_scar,0.9,0.3774442928603911,0.4949314251639833,0.3333333333333333,1677,2199,9,6,0,0.33691115086463924,0.005911125801503658,0.018325422704219767,0.6822475790977478,0.7646545171737671,0.7629465460777283
srr_batch4_m10d3_full4scale_fold0_seed20260721_htzhulab_59682067,step_1800,Case1073,CenterA,LGE-only,False,4,myops_edema,0.05,,,,0,0,0,0,0,,2.0611552464799843e-09,2.061153470123145e-09,0.8272184133529663,0.8299652934074402,0.8299652934074402
srr_batch4_m10d3_full4scale_fold0_seed20260721_htzhulab_59682067,step_1800,Case1073,CenterA,LGE-only,False,4,myops_edema,0.1,,,,0,0,0,0,0,,2.0611552464799843e-09,2.061153470123145e-09,0.8272184133529663,0.8299652934074402,0.8299652934074402
srr_batch4_m10d3_full4scale_fold0_seed20260721_htzhulab_59682067,step_1800,Case1073,CenterA,LGE-only,False,4,myops_edema,0.2,,,,0,0,0,0,0,,2.0611552464799843e-09,2.061153470123145e-09,0.8272184133529663,0.8299652934074402,0.8299652934074402
srr_batch4_m10d3_full4scale_fold0_seed20260721_htzhulab_59682067,step_1800,Case1073,CenterA,LGE-only,False,4,myops_edema,0.3,,,,0,0,0,0,0,,2.0611552464799843e-09,2.061153470123145e-09,0.8272184133529663,0.8299652934074402,0.8299652934074402
srr_batch4_m10d3_full4scale_fold0_seed20260721_htzhulab_59682067,step_1800,Case1073,CenterA,LGE-only,False,4,myops_edema,0.4,,,,0,0,0,0,0,,2.0611552464799843e-09,2.061153470123145e-09,0.8272184133529663,0.8299652934074402,0.8299652934074402
srr_batch4_m10d3_full4scale_fold0_seed20260721_htzhulab_59682067,step_1800,Case1073,CenterA,LGE-only,False,4,myops_edema,0.5,,,,0,0,0,0,0,,2.0611552464799843e-09,2.061153470123145e-09,0.8272184133529663,0.8299652934074402,0.8299652934074402
srr_batch4_m10d3_full4scale_fold0_seed20260721_htzhulab_59682067,step_1800,Case1073,CenterA,LGE-only,False,4,myops_edema,0.6,,,,0,0,0,0,0,,2.0611552464799843e-09,2.061153470123145e-09,0.8272184133529663,0.8299652934074402,0.8299652934074402
srr_batch4_m10d3_full4scale_fold0_seed20260721_htzhulab_59682067,step_1800,Case1073,CenterA,LGE-only,False,4,myops_edema,0.7,,,,0,0,0,0,0,,2.0611552464799843e-09,2.061153470123145e-09,0.8272184133529663,0.8299652934074402,0.8299652934074402
srr_batch4_m10d3_full4scale_fold0_seed20260721_htzhulab_59682067,step_1800,Case1073,CenterA,LGE-only,False,4,myops_edema,0.8,,,,0,0,0,0,0,,2.0611552464799843e-09,2.061153470123145e-09,0.8272184133529663,0.8299652934074402,0.8299652934074402
srr_batch4_m10d3_full4scale_fold0_seed20260721_htzhulab_59682067,step_1800,Case1073,CenterA,LGE-only,False,4,myops_edema,0.9,,,,0,0,0,0,0,,2.0611552464799843e-09,2.061153470123145e-09,0.8272184133529663,0.8299652934074402,0.8299652934074402
srr_batch4_m10d3_full4scale_fold0_seed20260721_htzhulab_59682067,step_1800,Case1080,CenterA,LGE-only,False,5,myops_scar,0.05,0.5845375722543352,0.6360062893081762,0.6,1272,1384,22,17,12,0.1792452830188679,0.0033488001208752394,0.007806249242275953,0.635646641254425,0.6946519017219543,0.690614640712738
srr_batch4_m10d3_full4scale_fold0_seed20260721_htzhulab_59682067,step_1800,Case1080,CenterA,LGE-only,False,5,myops_scar,0.1,0.5108381502890174,0.7177664974619289,0.6,985,1384,16,4,0,0.13096446700507614,0.0033488001208752394,0.007806249242275953,0.635646641254425,0.6946519017219543,0.690614640712738
srr_batch4_m10d3_full4scale_fold0_seed20260721_htzhulab_59682067,step_1800,Case1080,CenterA,LGE-only,False,5,myops_scar,0.2,0.39739884393063585,0.7472826086956522,0.4,736,1384,14,2,0,0.14673913043478262,0.0033488001208752394,0.007806249242275953,0.635646641254425,0.6946519017219543,0.690614640712738
srr_batch4_m10d3_full4scale_fold0_seed20260721_htzhulab_59682067,step_1800,Case1080,CenterA,LGE-only,False,5,myops_scar,0.3,0.3041907514450867,0.7477797513321492,0.2,563,1384,5,0,0,0.16518650088809947,0.0033488001208752394,0.007806249242275953,0.635646641254425,0.6946519017219543,0.690614640712738
srr_batch4_m10d3_full4scale_fold0_seed20260721_htzhulab_59682067,step_1800,Case1080,CenterA,LGE-only,False,5,myops_scar,0.4,0.2550578034682081,0.7369519832985386,0.2,479,1384,5,0,0,0.17954070981210857,0.0033488001208752394,0.007806249242275953,0.635646641254425,0.6946519017219543,0.690614640712738
srr_batch4_m10d3_full4scale_fold0_seed20260721_htzhulab_59682067,step_1800,Case1080,CenterA,LGE-only,False,5,myops_scar,0.5,0.203757225433526,0.7193877551020408,0.2,392,1384,7,1,0,0.1989795918367347,0.0033488001208752394,0.007806249242275953,0.635646641254425,0.6946519017219543,0.690614640712738
srr_batch4_m10d3_full4scale_fold0_seed20260721_htzhulab_59682067,step_1800,Case1080,CenterA,LGE-only,False,5,myops_scar,0.6,0.16907514450867053,0.7069486404833837,0.2,331,1384,1,0,0,0.21450151057401812,0.0033488001208752394,0.007806249242275953,0.635646641254425,0.6946519017219543,0.690614640712738
srr_batch4_m10d3_full4scale_fold0_seed20260721_htzhulab_59682067,step_1800,Case1080,CenterA,LGE-only,False,5,myops_scar,0.7,0.14739884393063585,0.7259786476868327,0.2,281,1384,2,0,0,0.2206405693950178,0.0033488001208752394,0.007806249242275953,0.635646641254425,0.6946519017219543,0.690614640712738
srr_batch4_m10d3_full4scale_fold0_seed20260721_htzhulab_59682067,step_1800,Case1080,CenterA,LGE-only,False,5,myops_scar,0.8,0.11560693641618497,0.7239819004524887,0.2,221,1384,7,0,0,0.23529411764705882,0.0033488001208752394,0.007806249242275953,0.635646641254425,0.6946519017219543,0.690614640712738
srr_batch4_m10d3_full4scale_fold0_seed20260721_htzhulab_59682067,step_1800,Case1080,CenterA,LGE-only,False,5,myops_scar,0.9,0.06647398843930635,0.7244094488188977,0.2,127,1384,5,0,0,0.25984251968503935,0.0033488001208752394,0.007806249242275953,0.635646641254425,0.6946519017219543,0.690614640712738
srr_batch4_m10d3_full4scale_fold0_seed20260721_htzhulab_59682067,step_1800,Case1080,CenterA,LGE-only,False,4,myops_edema,0.05,,,,0,0,0,0,0,,2.0611552464799843e-09,2.061153470123145e-09,0.8190879821777344,0.8213551640510559,0.8213551640510559
srr_batch4_m10d3_full4scale_fold0_seed20260721_htzhulab_59682067,step_1800,Case1080,CenterA,LGE-only,False,4,myops_edema,0.1,,,,0,0,0,0,0,,2.0611552464799843e-09,2.061153470123145e-09,0.8190879821777344,0.8213551640510559,0.8213551640510559
srr_batch4_m10d3_full4scale_fold0_seed20260721_htzhulab_59682067,step_1800,Case1080,CenterA,LGE-only,False,4,myops_edema,0.2,,,,0,0,0,0,0,,2.0611552464799843e-09,2.061153470123145e-09,0.8190879821777344,0.8213551640510559,0.8213551640510559
srr_batch4_m10d3_full4scale_fold0_seed20260721_htzhulab_59682067,step_1800,Case1080,CenterA,LGE-only,False,4,myops_edema,0.3,,,,0,0,0,0,0,,2.0611552464799843e-09,2.061153470123145e-09,0.8190879821777344,0.8213551640510559,0.8213551640510559
srr_batch4_m10d3_full4scale_fold0_seed20260721_htzhulab_59682067,step_1800,Case1080,CenterA,LGE-only,False,4,myops_edema,0.4,,,,0,0,0,0,0,,2.0611552464799843e-09,2.061153470123145e-09,0.8190879821777344,0.8213551640510559,0.8213551640510559
srr_batch4_m10d3_full4scale_fold0_seed20260721_htzhulab_59682067,step_1800,Case1080,CenterA,LGE-only,False,4,myops_edema,0.5,,,,0,0,0,0,0,,2.0611552464799843e-09,2.061153470123145e-09,0.8190879821777344,0.8213551640510559,0.8213551640510559
srr_batch4_m10d3_full4scale_fold0_seed20260721_htzhulab_59682067,step_1800,Case1080,CenterA,LGE-only,False,4,myops_edema,0.6,,,,0,0,0,0,0,,2.0611552464799843e-09,2.061153470123145e-09,0.8190879821777344,0.8213551640510559,0.8213551640510559
srr_batch4_m10d3_full4scale_fold0_seed20260721_htzhulab_59682067,step_1800,Case1080,CenterA,LGE-only,False,4,myops_edema,0.7,,,,0,0,0,0,0,,2.0611552464799843e-09,2.061153470123145e-09,0.8190879821777344,0.8213551640510559,0.8213551640510559
srr_batch4_m10d3_full4scale_fold0_seed20260721_htzhulab_59682067,step_1800,Case1080,CenterA,LGE-only,False,4,myops_edema,0.8,,,,0,0,0,0,0,,2.0611552464799843e-09,2.061153470123145e-09,0.8190879821777344,0.8213551640510559,0.8213551640510559
srr_batch4_m10d3_full4scale_fold0_seed20260721_htzhulab_59682067,step_1800,Case1080,CenterA,LGE-only,False,4,myops_edema,0.9,,,,0,0,0,0,0,,2.0611552464799843e-09,2.061153470123145e-09,0.8190879821777344,0.8213551640510559,0.8213551640510559
srr_batch4_m10d3_full4scale_fold0_seed20260721_htzhulab_59682067,step_1800,Case2002,CenterB,C0+LGE+T2,True,5,myops_scar,0.05,0.5881763527054108,0.5395220588235294,1.0,1088,998,5,3,0,0.03125,0.003949758131057024,0.005581782339140772,0.7137264013290405,0.7970128059387207,0.7970101833343506
srr_batch4_m10d3_full4scale_fold0_seed20260721_htzhulab_59682067,step_1800,Case2002,CenterB,C0+LGE+T2,True,5,myops_scar,0.1,0.5821643286573146,0.5399628252788105,1.0,1076,998,5,3,0,0.031598513011152414,0.003949758131057024,0.005581782339140772,0.7137264013290405,0.7970128059387207,0.7970101833343506
srr_batch4_m10d3_full4scale_fold0_seed20260721_htzhulab_59682067,step_1800,Case2002,CenterB,C0+LGE+T2,True,5,myops_scar,0.2,0.5821643286573146,0.5399628252788105,1.0,1076,998,5,3,0,0.031598513011152414,0.003949758131057024,0.005581782339140772,0.7137264013290405,0.7970128059387207,0.7970101833343506
srr_batch4_m10d3_full4scale_fold0_seed20260721_htzhulab_59682067,step_1800,Case2002,CenterB,C0+LGE+T2,True,5,myops_scar,0.3,0.5821643286573146,0.5399628252788105,1.0,1076,998,5,3,0,0.031598513011152414,0.003949758131057024,0.005581782339140772,0.7137264013290405,0.7970128059387207,0.7970101833343506
srr_batch4_m10d3_full4scale_fold0_seed20260721_htzhulab_59682067,step_1800,Case2002,CenterB,C0+LGE+T2,True,5,myops_scar,0.4,0.5821643286573146,0.5399628252788105,1.0,1076,998,5,3,0,0.031598513011152414,0.003949758131057024,0.005581782339140772,0.7137264013290405,0.7970128059387207,0.7970101833343506
srr_batch4_m10d3_full4scale_fold0_seed20260721_htzhulab_59682067,step_1800,Case2002,CenterB,C0+LGE+T2,True,5,myops_scar,0.5,0.5821643286573146,0.5399628252788105,1.0,1076,998,5,3,0,0.031598513011152414,0.003949758131057024,0.005581782339140772,0.7137264013290405,0.7970128059387207,0.7970101833343506
srr_batch4_m10d3_full4scale_fold0_seed20260721_htzhulab_59682067,step_1800,Case2002,CenterB,C0+LGE+T2,True,5,myops_scar,0.6,0.5821643286573146,0.5399628252788105,1.0,1076,998,5,3,0,0.031598513011152414,0.003949758131057024,0.005581782339140772,0.7137264013290405,0.7970128059387207,0.7970101833343506
srr_batch4_m10d3_full4scale_fold0_seed20260721_htzhulab_59682067,step_1800,Case2002,CenterB,C0+LGE+T2,True,5,myops_scar,0.7,0.5821643286573146,0.5414725069897484,1.0,1073,998,5,3,0,0.03168685927306617,0.003949758131057024,0.005581782339140772,0.7137264013290405,0.7970128059387207,0.7970101833343506
srr_batch4_m10d3_full4scale_fold0_seed20260721_htzhulab_59682067,step_1800,Case2002,CenterB,C0+LGE+T2,True,5,myops_scar,0.8,0.5821643286573146,0.5496688741721855,1.0,1057,998,5,3,0,0.0293282876064333,0.003949758131057024,0.005581782339140772,0.7137264013290405,0.7970128059387207,0.7970101833343506
srr_batch4_m10d3_full4scale_fold0_seed20260721_htzhulab_59682067,step_1800,Case2002,CenterB,C0+LGE+T2,True,5,myops_scar,0.9,0.5671342685370742,0.5711402623612513,1.0,991,998,4,2,0,0.012108980827447022,0.003949758131057024,0.005581782339140772,0.7137264013290405,0.7970128059387207,0.7970101833343506
srr_batch4_m10d3_full4scale_fold0_seed20260721_htzhulab_59682067,step_1800,Case2002,CenterB,C0+LGE+T2,True,4,myops_edema,0.05,0.646551724137931,0.4512844249016431,0.6,4321,3016,27,20,16,0.3031705623698218,0.012790506705641747,0.022967269364744407,0.6286842823028564,0.687153697013855,0.6860195994377136
srr_batch4_m10d3_full4scale_fold0_seed20260721_htzhulab_59682067,step_1800,Case2002,CenterB,C0+LGE+T2,True,4,myops_edema,0.1,0.5915119363395226,0.5268753691671589,0.6,3386,3016,2,0,0,0.21618428824571767,0.012790506705641747,0.022967269364744407,0.6286842823028564,0.687153697013855,0.6860195994377136
srr_batch4_m10d3_full4scale_fold0_seed20260721_htzhulab_59682067,step_1800,Case2002,CenterB,C0+LGE+T2,True,4,myops_edema,0.2,0.5517241379310345,0.5520902455209025,0.4,3014,3016,1,0,0,0.20205706702057066,0.012790506705641747,0.022967269364744407,0.6286842823028564,0.687153697013855,0.6860195994377136
srr_batch4_m10d3_full4scale_fold0_seed20260721_htzhulab_59682067,step_1800,Case2002,CenterB,C0+LGE+T2,True,4,myops_edema,0.3,0.5344827586206896,0.5650192779530319,0.4,2853,3016,3,2,0,0.19908867858394672,0.012790506705641747,0.022967269364744407,0.6286842823028564,0.687153697013855,0.6860195994377136
srr_batch4_m10d3_full4scale_fold0_seed20260721_htzhulab_59682067,step_1800,Case2002,CenterB,C0+LGE+T2,True,4,myops_edema,0.4,0.521551724137931,0.5686912509038322,0.4,2766,3016,4,3,0,0.19884309472161968,0.012790506705641747,0.022967269364744407,0.6286842823028564,0.687153697013855,0.6860195994377136
srr_batch4_m10d3_full4scale_fold0_seed20260721_htzhulab_59682067,step_1800,Case2002,CenterB,C0+LGE+T2,True,4,myops_edema,0.5,0.5142572944297082,0.5698016164584864,0.4,2722,3016,5,4,0,0.19985304922850844,0.012790506705641747,0.022967269364744407,0.6286842823028564,0.687153697013855,0.6860195994377136
srr_batch4_m10d3_full4scale_fold0_seed20260721_htzhulab_59682067,step_1800,Case2002,CenterB,C0+LGE+T2,True,4,myops_edema,0.6,0.5106100795755968,0.5691056910569106,0.4,2706,3016,5,4,0,0.20029563932002956,0.012790506705641747,0.022967269364744407,0.6286842823028564,0.687153697013855,0.6860195994377136
srr_batch4_m10d3_full4scale_fold0_seed20260721_htzhulab_59682067,step_1800,Case2002,CenterB,C0+LGE+T2,True,4,myops_edema,0.7,0.5096153846153846,0.5688378978534419,0.4,2702,3016,5,4,0,0.2005921539600296,0.012790506705641747,0.022967269364744407,0.6286842823028564,0.687153697013855,0.6860195994377136
srr_batch4_m10d3_full4scale_fold0_seed20260721_htzhulab_59682067,step_1800,Case2002,CenterB,C0+LGE+T2,True,4,myops_edema,0.8,0.5096153846153846,0.5688378978534419,0.4,2702,3016,5,4,0,0.2005921539600296,0.012790506705641747,0.022967269364744407,0.6286842823028564,0.687153697013855,0.6860195994377136
srr_batch4_m10d3_full4scale_fold0_seed20260721_htzhulab_59682067,step_1800,Case2002,CenterB,C0+LGE+T2,True,4,myops_edema,0.9,0.5096153846153846,0.5688378978534419,0.4,2702,3016,5,4,0,0.2005921539600296,0.012790506705641747,0.022967269364744407,0.6286842823028564,0.687153697013855,0.6860195994377136
srr_batch4_m10d3_full4scale_fold0_seed20260721_htzhulab_59682067,step_1800,Case2007,CenterB,C0+LGE+T2,True,5,myops_scar,0.05,0.40905602455871065,0.635280095351609,1.0,839,1303,3,1,0,0.0,0.006066028028726578,0.004188372730277474,0.7187486886978149,0.8012557029724121,0.801253080368042
srr_batch4_m10d3_full4scale_fold0_seed20260721_htzhulab_59682067,step_1800,Case2007,CenterB,C0+LGE+T2,True,5,myops_scar,0.1,0.4006139677666922,0.635036496350365,1.0,822,1303,3,1,0,0.0,0.006066028028726578,0.004188372730277474,0.7187486886978149,0.8012557029724121,0.801253080368042
srr_batch4_m10d3_full4scale_fold0_seed20260721_htzhulab_59682067,step_1800,Case2007,CenterB,C0+LGE+T2,True,5,myops_scar,0.2,0.3990790483499616,0.6341463414634146,1.0,820,1303,3,1,0,0.0,0.006066028028726578,0.004188372730277474,0.7187486886978149,0.8012557029724121,0.801253080368042
srr_batch4_m10d3_full4scale_fold0_seed20260721_htzhulab_59682067,step_1800,Case2007,CenterB,C0+LGE+T2,True,5,myops_scar,0.3,0.3990790483499616,0.6341463414634146,1.0,820,1303,3,1,0,0.0,0.006066028028726578,0.004188372730277474,0.7187486886978149,0.8012557029724121,0.801253080368042
srr_batch4_m10d3_full4scale_fold0_seed20260721_htzhulab_59682067,step_1800,Case2007,CenterB,C0+LGE+T2,True,5,myops_scar,0.4,0.3990790483499616,0.6341463414634146,1.0,820,1303,3,1,0,0.0,0.006066028028726578,0.004188372730277474,0.7187486886978149,0.8012557029724121,0.801253080368042
srr_batch4_m10d3_full4scale_fold0_seed20260721_htzhulab_59682067,step_1800,Case2007,CenterB,C0+LGE+T2,True,5,myops_scar,0.5,0.3990790483499616,0.6341463414634146,1.0,820,1303,3,1,0,0.0,0.006066028028726578,0.004188372730277474,0.7187486886978149,0.8012557029724121,0.801253080368042
srr_batch4_m10d3_full4scale_fold0_seed20260721_htzhulab_59682067,step_1800,Case2007,CenterB,C0+LGE+T2,True,5,myops_scar,0.6,0.3990790483499616,0.6341463414634146,1.0,820,1303,3,1,0,0.0,0.006066028028726578,0.004188372730277474,0.7187486886978149,0.8012557029724121,0.801253080368042
srr_batch4_m10d3_full4scale_fold0_seed20260721_htzhulab_59682067,step_1800,Case2007,CenterB,C0+LGE+T2,True,5,myops_scar,0.7,0.3990790483499616,0.6349206349206349,1.0,819,1303,3,1,0,0.0,0.006066028028726578,0.004188372730277474,0.7187486886978149,0.8012557029724121,0.801253080368042
srr_batch4_m10d3_full4scale_fold0_seed20260721_htzhulab_59682067,step_1800,Case2007,CenterB,C0+LGE+T2,True,5,myops_scar,0.8,0.39600920951650037,0.6346863468634686,1.0,813,1303,3,1,0,0.0,0.006066028028726578,0.004188372730277474,0.7187486886978149,0.8012557029724121,0.801253080368042
srr_batch4_m10d3_full4scale_fold0_seed20260721_htzhulab_59682067,step_1800,Case2007,CenterB,C0+LGE+T2,True,5,myops_scar,0.9,0.3906369915579432,0.6451204055766794,1.0,789,1303,2,1,0,0.0,0.006066028028726578,0.004188372730277474,0.7187486886978149,0.8012557029724121,0.801253080368042
srr_batch4_m10d3_full4scale_fold0_seed20260721_htzhulab_59682067,step_1800,Case2007,CenterB,C0+LGE+T2,True,4,myops_edema,0.05,0.761969904240766,0.4194277108433735,0.75,2656,1462,22,16,7,0.27748493975903615,0.01320013590157032,0.02179817073047158,0.612799346446991,0.6810594201087952,0.6803097128868103
srr_batch4_m10d3_full4scale_fold0_seed20260721_htzhulab_59682067,step_1800,Case2007,CenterB,C0+LGE+T2,True,4,myops_edema,0.1,0.6627906976744186,0.5851449275362319,0.625,1656,1462,17,12,0,0.05253623188405797,0.01320013590157032,0.02179817073047158,0.612799346446991,0.6810594201087952,0.6803097128868103
srr_batch4_m10d3_full4scale_fold0_seed20260721_htzhulab_59682067,step_1800,Case2007,CenterB,C0+LGE+T2,True,4,myops_edema,0.2,0.600547195622435,0.6226950354609929,0.625,1410,1462,10,4,0,0.03687943262411347,0.01320013590157032,0.02179817073047158,0.612799346446991,0.6810594201087952,0.6803097128868103
srr_batch4_m10d3_full4scale_fold0_seed20260721_htzhulab_59682067,step_1800,Case2007,CenterB,C0+LGE+T2,True,4,myops_edema,0.3,0.5690834473324213,0.6341463414634146,0.625,1312,1462,16,9,0,0.0350609756097561,0.01320013590157032,0.02179817073047158,0.612799346446991,0.6810594201087952,0.6803097128868103
srr_batch4_m10d3_full4scale_fold0_seed20260721_htzhulab_59682067,step_1800,Case2007,CenterB,C0+LGE+T2,True,4,myops_edema,0.4,0.5444596443228454,0.6419354838709678,0.625,1240,1462,14,7,0,0.03467741935483871,0.01320013590157032,0.02179817073047158,0.612799346446991,0.6810594201087952,0.6803097128868103
srr_batch4_m10d3_full4scale_fold0_seed20260721_htzhulab_59682067,step_1800,Case2007,CenterB,C0+LGE+T2,True,4,myops_edema,0.5,0.5218878248974008,0.6363636363636364,0.625,1199,1462,13,7,0,0.03502919099249374,0.01320013590157032,0.02179817073047158,0.612799346446991,0.6810594201087952,0.6803097128868103
srr_batch4_m10d3_full4scale_fold0_seed20260721_htzhulab_59682067,step_1800,Case2007,CenterB,C0+LGE+T2,True,4,myops_edema,0.6,0.5170998632010944,0.6352941176470588,0.625,1190,1462,14,8,0,0.03529411764705882,0.01320013590157032,0.02179817073047158,0.612799346446991,0.6810594201087952,0.6803097128868103
srr_batch4_m10d3_full4scale_fold0_seed20260721_htzhulab_59682067,step_1800,Case2007,CenterB,C0+LGE+T2,True,4,myops_edema,0.7,0.5170998632010944,0.6352941176470588,0.625,1190,1462,14,8,0,0.03529411764705882,0.01320013590157032,0.02179817073047158,0.612799346446991,0.6810594201087952,0.6803097128868103
srr_batch4_m10d3_full4scale_fold0_seed20260721_htzhulab_59682067,step_1800,Case2007,CenterB,C0+LGE+T2,True,4,myops_edema,0.8,0.5170998632010944,0.6352941176470588,0.625,1190,1462,14,8,0,0.03529411764705882,0.01320013590157032,0.02179817073047158,0.612799346446991,0.6810594201087952,0.6803097128868103
srr_batch4_m10d3_full4scale_fold0_seed20260721_htzhulab_59682067,step_1800,Case2007,CenterB,C0+LGE+T2,True,4,myops_edema,0.9,0.5170998632010944,0.6352941176470588,0.625,1190,1462,14,8,0,0.03529411764705882,0.01320013590157032,0.02179817073047158,0.612799346446991,0.6810594201087952,0.6803097128868103
srr_batch4_m10d3_full4scale_fold0_seed20260721_htzhulab_59682067,step_1800,Case2008,CenterB,C0+LGE+T2,True,5,myops_scar,0.05,0.7667322834645669,0.7433206106870229,1.0,1048,1016,1,0,0,0.0,0.004593732766807079,0.004513834603130806,0.721785843372345,0.8052359223365784,0.8052359223365784
srr_batch4_m10d3_full4scale_fold0_seed20260721_htzhulab_59682067,step_1800,Case2008,CenterB,C0+LGE+T2,True,5,myops_scar,0.1,0.7627952755905512,0.7437619961612284,1.0,1042,1016,1,0,0,0.0,0.004593732766807079,0.004513834603130806,0.721785843372345,0.8052359223365784,0.8052359223365784
srr_batch4_m10d3_full4scale_fold0_seed20260721_htzhulab_59682067,step_1800,Case2008,CenterB,C0+LGE+T2,True,5,myops_scar,0.2,0.7627952755905512,0.7437619961612284,1.0,1042,1016,1,0,0,0.0,0.004593732766807079,0.004513834603130806,0.721785843372345,0.8052359223365784,0.8052359223365784
srr_batch4_m10d3_full4scale_fold0_seed20260721_htzhulab_59682067,step_1800,Case2008,CenterB,C0+LGE+T2,True,5,myops_scar,0.3,0.7627952755905512,0.7437619961612284,1.0,1042,1016,1,0,0,0.0,0.004593732766807079,0.004513834603130806,0.721785843372345,0.8052359223365784,0.8052359223365784
srr_batch4_m10d3_full4scale_fold0_seed20260721_htzhulab_59682067,step_1800,Case2008,CenterB,C0+LGE+T2,True,5,myops_scar,0.4,0.7627952755905512,0.7437619961612284,1.0,1042,1016,1,0,0,0.0,0.004593732766807079,0.004513834603130806,0.721785843372345,0.8052359223365784,0.8052359223365784
srr_batch4_m10d3_full4scale_fold0_seed20260721_htzhulab_59682067,step_1800,Case2008,CenterB,C0+LGE+T2,True,5,myops_scar,0.5,0.7627952755905512,0.7437619961612284,1.0,1042,1016,1,0,0,0.0,0.004593732766807079,0.004513834603130806,0.721785843372345,0.8052359223365784,0.8052359223365784
srr_batch4_m10d3_full4scale_fold0_seed20260721_htzhulab_59682067,step_1800,Case2008,CenterB,C0+LGE+T2,True,5,myops_scar,0.6,0.7627952755905512,0.7437619961612284,1.0,1042,1016,1,0,0,0.0,0.004593732766807079,0.004513834603130806,0.721785843372345,0.8052359223365784,0.8052359223365784
srr_batch4_m10d3_full4scale_fold0_seed20260721_htzhulab_59682067,step_1800,Case2008,CenterB,C0+LGE+T2,True,5,myops_scar,0.7,0.7627952755905512,0.74447646493756,1.0,1041,1016,1,0,0,0.0,0.004593732766807079,0.004513834603130806,0.721785843372345,0.8052359223365784,0.8052359223365784
srr_batch4_m10d3_full4scale_fold0_seed20260721_htzhulab_59682067,step_1800,Case2008,CenterB,C0+LGE+T2,True,5,myops_scar,0.8,0.7598425196850394,0.7451737451737451,1.0,1036,1016,1,0,0,0.0,0.004593732766807079,0.004513834603130806,0.721785843372345,0.8052359223365784,0.8052359223365784
srr_batch4_m10d3_full4scale_fold0_seed20260721_htzhulab_59682067,step_1800,Case2008,CenterB,C0+LGE+T2,True,5,myops_scar,0.9,0.7450787401574803,0.7539840637450199,1.0,1004,1016,1,0,0,0.0,0.004593732766807079,0.004513834603130806,0.721785843372345,0.8052359223365784,0.8052359223365784
srr_batch4_m10d3_full4scale_fold0_seed20260721_htzhulab_59682067,step_1800,Case2008,CenterB,C0+LGE+T2,True,4,myops_edema,0.05,0.36441854010546765,0.5804597701149425,0.6,2262,3603,22,11,10,0.17152961980548187,0.009634091518819332,0.020262611657381052,0.6216602325439453,0.6860119700431824,0.6812400817871094
srr_batch4_m10d3_full4scale_fold0_seed20260721_htzhulab_59682067,step_1800,Case2008,CenterB,C0+LGE+T2,True,4,myops_edema,0.1,0.29253399944490704,0.6884389288047028,0.6,1531,3603,9,1,0,0.02155453951665578,0.009634091518819332,0.020262611657381052,0.6216602325439453,0.6860119700431824,0.6812400817871094
srr_batch4_m10d3_full4scale_fold0_seed20260721_htzhulab_59682067,step_1800,Case2008,CenterB,C0+LGE+T2,True,4,myops_edema,0.2,0.253955037468776,0.6979405034324943,0.6,1311,3603,6,0,0,0.012204424103737605,0.009634091518819332,0.020262611657381052,0.6216602325439453,0.6860119700431824,0.6812400817871094
srr_batch4_m10d3_full4scale_fold0_seed20260721_htzhulab_59682067,step_1800,Case2008,CenterB,C0+LGE+T2,True,4,myops_edema,0.3,0.24174299195115181,0.708130081300813,0.6,1230,3603,5,0,0,0.007317073170731708,0.009634091518819332,0.020262611657381052,0.6216602325439453,0.6860119700431824,0.6812400817871094
srr_batch4_m10d3_full4scale_fold0_seed20260721_htzhulab_59682067,step_1800,Case2008,CenterB,C0+LGE+T2,True,4,myops_edema,0.4,0.23369414376908132,0.7105485232067511,0.6,1185,3603,5,0,0,0.005063291139240506,0.009634091518819332,0.020262611657381052,0.6216602325439453,0.6860119700431824,0.6812400817871094
srr_batch4_m10d3_full4scale_fold0_seed20260721_htzhulab_59682067,step_1800,Case2008,CenterB,C0+LGE+T2,True,4,myops_edema,0.5,0.2311962253677491,0.7107508532423208,0.6,1172,3603,5,0,0,0.005119453924914676,0.009634091518819332,0.020262611657381052,0.6216602325439453,0.6860119700431824,0.6812400817871094
srr_batch4_m10d3_full4scale_fold0_seed20260721_htzhulab_59682067,step_1800,Case2008,CenterB,C0+LGE+T2,True,4,myops_edema,0.6,0.23091867887871217,0.7105038428693424,0.6,1171,3603,5,0,0,0.005123825789923143,0.009634091518819332,0.020262611657381052,0.6216602325439453,0.6860119700431824,0.6812400817871094
srr_batch4_m10d3_full4scale_fold0_seed20260721_htzhulab_59682067,step_1800,Case2008,CenterB,C0+LGE+T2,True,4,myops_edema,0.7,0.23091867887871217,0.7105038428693424,0.6,1171,3603,5,0,0,0.005123825789923143,0.009634091518819332,0.020262611657381052,0.6216602325439453,0.6860119700431824,0.6812400817871094
srr_batch4_m10d3_full4scale_fold0_seed20260721_htzhulab_59682067,step_1800,Case2008,CenterB,C0+LGE+T2,True,4,myops_edema,0.8,0.23091867887871217,0.7105038428693424,0.6,1171,3603,5,0,0,0.005123825789923143,0.009634091518819332,0.020262611657381052,0.6216602325439453,0.6860119700431824,0.6812400817871094
srr_batch4_m10d3_full4scale_fold0_seed20260721_htzhulab_59682067,step_1800,Case2008,CenterB,C0+LGE+T2,True,4,myops_edema,0.9,0.23091867887871217,0.7105038428693424,0.6,1171,3603,5,0,0,0.005123825789923143,0.009634091518819332,0.020262611657381052,0.6216602325439453,0.6860119700431824,0.6812400817871094
srr_batch4_m10d3_full4scale_fold0_seed20260721_htzhulab_59682067,step_1800,Case2017,CenterB,C0+LGE+T2,True,5,myops_scar,0.05,0.7098765432098766,0.4474708171206226,1.0,1285,810,3,2,1,0.01867704280155642,0.0049749803729355335,0.0057207883801311255,0.7231518030166626,0.8067629933357239,0.8067391514778137
srr_batch4_m10d3_full4scale_fold0_seed20260721_htzhulab_59682067,step_1800,Case2017,CenterB,C0+LGE+T2,True,5,myops_scar,0.1,0.6901234567901234,0.45263157894736844,1.0,1235,810,2,1,0,0.0072874493927125505,0.0049749803729355335,0.0057207883801311255,0.7231518030166626,0.8067629933357239,0.8067391514778137
srr_batch4_m10d3_full4scale_fold0_seed20260721_htzhulab_59682067,step_1800,Case2017,CenterB,C0+LGE+T2,True,5,myops_scar,0.2,0.6888888888888889,0.45365853658536587,1.0,1230,810,2,1,0,0.007317073170731708,0.0049749803729355335,0.0057207883801311255,0.7231518030166626,0.8067629933357239,0.8067391514778137
srr_batch4_m10d3_full4scale_fold0_seed20260721_htzhulab_59682067,step_1800,Case2017,CenterB,C0+LGE+T2,True,5,myops_scar,0.3,0.6888888888888889,0.45365853658536587,1.0,1230,810,2,1,0,0.007317073170731708,0.0049749803729355335,0.0057207883801311255,0.7231518030166626,0.8067629933357239,0.8067391514778137
srr_batch4_m10d3_full4scale_fold0_seed20260721_htzhulab_59682067,step_1800,Case2017,CenterB,C0+LGE+T2,True,5,myops_scar,0.4,0.6888888888888889,0.45365853658536587,1.0,1230,810,2,1,0,0.007317073170731708,0.0049749803729355335,0.0057207883801311255,0.7231518030166626,0.8067629933357239,0.8067391514778137
srr_batch4_m10d3_full4scale_fold0_seed20260721_htzhulab_59682067,step_1800,Case2017,CenterB,C0+LGE+T2,True,5,myops_scar,0.5,0.6888888888888889,0.45402766476810413,1.0,1229,810,2,1,0,0.007323026851098454,0.0049749803729355335,0.0057207883801311255,0.7231518030166626,0.8067629933357239,0.8067391514778137
srr_batch4_m10d3_full4scale_fold0_seed20260721_htzhulab_59682067,step_1800,Case2017,CenterB,C0+LGE+T2,True,5,myops_scar,0.6,0.6876543209876543,0.4535830618892508,1.0,1228,810,2,1,0,0.007328990228013029,0.0049749803729355335,0.0057207883801311255,0.7231518030166626,0.8067629933357239,0.8067391514778137
srr_batch4_m10d3_full4scale_fold0_seed20260721_htzhulab_59682067,step_1800,Case2017,CenterB,C0+LGE+T2,True,5,myops_scar,0.7,0.6851851851851852,0.45491803278688525,1.0,1220,810,2,1,0,0.007377049180327869,0.0049749803729355335,0.0057207883801311255,0.7231518030166626,0.8067629933357239,0.8067391514778137
srr_batch4_m10d3_full4scale_fold0_seed20260721_htzhulab_59682067,step_1800,Case2017,CenterB,C0+LGE+T2,True,5,myops_scar,0.8,0.682716049382716,0.4631490787269682,1.0,1194,810,2,1,0,0.007537688442211055,0.0049749803729355335,0.0057207883801311255,0.7231518030166626,0.8067629933357239,0.8067391514778137
srr_batch4_m10d3_full4scale_fold0_seed20260721_htzhulab_59682067,step_1800,Case2017,CenterB,C0+LGE+T2,True,5,myops_scar,0.9,0.6790123456790124,0.4893238434163701,1.0,1124,810,2,1,0,0.0,0.0049749803729355335,0.0057207883801311255,0.7231518030166626,0.8067629933357239,0.8067391514778137
srr_batch4_m10d3_full4scale_fold0_seed20260721_htzhulab_59682067,step_1800,Case2017,CenterB,C0+LGE+T2,True,4,myops_edema,0.05,0.8340117593848937,0.4088691796008869,1.0,4510,2211,31,24,18,0.3137472283813747,0.013340519741177559,0.02437033597379921,0.625249981880188,0.6843187212944031,0.6820397973060608
srr_batch4_m10d3_full4scale_fold0_seed20260721_htzhulab_59682067,step_1800,Case2017,CenterB,C0+LGE+T2,True,4,myops_edema,0.1,0.7770239710538218,0.6062103034580099,1.0,2834,2211,3,1,0,0.06916019760056458,0.013340519741177559,0.02437033597379921,0.625249981880188,0.6843187212944031,0.6820397973060608
srr_batch4_m10d3_full4scale_fold0_seed20260721_htzhulab_59682067,step_1800,Case2017,CenterB,C0+LGE+T2,True,4,myops_edema,0.2,0.7367706919945726,0.6436191228763335,1.0,2531,2211,4,1,0,0.06203081785855393,0.013340519741177559,0.02437033597379921,0.625249981880188,0.6843187212944031,0.6820397973060608
srr_batch4_m10d3_full4scale_fold0_seed20260721_htzhulab_59682067,step_1800,Case2017,CenterB,C0+LGE+T2,True,4,myops_edema,0.3,0.7114427860696517,0.6609243697478991,1.0,2380,2211,6,2,0,0.059243697478991594,0.013340519741177559,0.02437033597379921,0.625249981880188,0.6843187212944031,0.6820397973060608
srr_batch4_m10d3_full4scale_fold0_seed20260721_htzhulab_59682067,step_1800,Case2017,CenterB,C0+LGE+T2,True,4,myops_edema,0.4,0.6987788331071914,0.6685417568152315,1.0,2311,2211,6,2,0,0.057118130679359586,0.013340519741177559,0.02437033597379921,0.625249981880188,0.6843187212944031,0.6820397973060608
srr_batch4_m10d3_full4scale_fold0_seed20260721_htzhulab_59682067,step_1800,Case2017,CenterB,C0+LGE+T2,True,4,myops_edema,0.5,0.6915422885572139,0.6712028094820017,1.0,2278,2211,6,2,0,0.056189640035118525,0.013340519741177559,0.02437033597379921,0.625249981880188,0.6843187212944031,0.6820397973060608
srr_batch4_m10d3_full4scale_fold0_seed20260721_htzhulab_59682067,step_1800,Case2017,CenterB,C0+LGE+T2,True,4,myops_edema,0.6,0.6883763003165988,0.6716681376875552,1.0,2266,2211,6,2,0,0.05560458958517211,0.013340519741177559,0.02437033597379921,0.625249981880188,0.6843187212944031,0.6820397973060608
srr_batch4_m10d3_full4scale_fold0_seed20260721_htzhulab_59682067,step_1800,Case2017,CenterB,C0+LGE+T2,True,4,myops_edema,0.7,0.6879240162822252,0.671523178807947,1.0,2265,2211,6,2,0,0.05562913907284768,0.013340519741177559,0.02437033597379921,0.625249981880188,0.6843187212944031,0.6820397973060608
srr_batch4_m10d3_full4scale_fold0_seed20260721_htzhulab_59682067,step_1800,Case2017,CenterB,C0+LGE+T2,True,4,myops_edema,0.8,0.6879240162822252,0.671523178807947,1.0,2265,2211,6,2,0,0.05562913907284768,0.013340519741177559,0.02437033597379921,0.625249981880188,0.6843187212944031,0.6820397973060608
srr_batch4_m10d3_full4scale_fold0_seed20260721_htzhulab_59682067,step_1800,Case2017,CenterB,C0+LGE+T2,True,4,myops_edema,0.9,0.6879240162822252,0.671523178807947,1.0,2265,2211,6,2,0,0.05562913907284768,0.013340519741177559,0.02437033597379921,0.625249981880188,0.6843187212944031,0.6820397973060608
srr_batch4_m10d3_full4scale_fold0_seed20260721_htzhulab_59682067,step_1800,Case2020,CenterB,C0+LGE+T2,True,5,myops_scar,0.05,0.28342245989304815,0.888268156424581,1.0,179,561,1,0,0,0.0,0.002144057536497712,0.004547330108471214,0.7217350006103516,0.805990993976593,0.8059822916984558
srr_batch4_m10d3_full4scale_fold0_seed20260721_htzhulab_59682067,step_1800,Case2020,CenterB,C0+LGE+T2,True,5,myops_scar,0.1,0.27807486631016043,0.8914285714285715,1.0,175,561,1,0,0,0.0,0.002144057536497712,0.004547330108471214,0.7217350006103516,0.805990993976593,0.8059822916984558
srr_batch4_m10d3_full4scale_fold0_seed20260721_htzhulab_59682067,step_1800,Case2020,CenterB,C0+LGE+T2,True,5,myops_scar,0.2,0.27450980392156865,0.8901734104046243,1.0,173,561,1,0,0,0.0,0.002144057536497712,0.004547330108471214,0.7217350006103516,0.805990993976593,0.8059822916984558
srr_batch4_m10d3_full4scale_fold0_seed20260721_htzhulab_59682067,step_1800,Case2020,CenterB,C0+LGE+T2,True,5,myops_scar,0.3,0.27450980392156865,0.8901734104046243,1.0,173,561,1,0,0,0.0,0.002144057536497712,0.004547330108471214,0.7217350006103516,0.805990993976593,0.8059822916984558
srr_batch4_m10d3_full4scale_fold0_seed20260721_htzhulab_59682067,step_1800,Case2020,CenterB,C0+LGE+T2,True,5,myops_scar,0.4,0.27450980392156865,0.8901734104046243,1.0,173,561,1,0,0,0.0,0.002144057536497712,0.004547330108471214,0.7217350006103516,0.805990993976593,0.8059822916984558
srr_batch4_m10d3_full4scale_fold0_seed20260721_htzhulab_59682067,step_1800,Case2020,CenterB,C0+LGE+T2,True,5,myops_scar,0.5,0.27450980392156865,0.8901734104046243,1.0,173,561,1,0,0,0.0,0.002144057536497712,0.004547330108471214,0.7217350006103516,0.805990993976593,0.8059822916984558
srr_batch4_m10d3_full4scale_fold0_seed20260721_htzhulab_59682067,step_1800,Case2020,CenterB,C0+LGE+T2,True,5,myops_scar,0.6,0.27450980392156865,0.8901734104046243,1.0,173,561,1,0,0,0.0,0.002144057536497712,0.004547330108471214,0.7217350006103516,0.805990993976593,0.8059822916984558
srr_batch4_m10d3_full4scale_fold0_seed20260721_htzhulab_59682067,step_1800,Case2020,CenterB,C0+LGE+T2,True,5,myops_scar,0.7,0.27450980392156865,0.8901734104046243,1.0,173,561,1,0,0,0.0,0.002144057536497712,0.004547330108471214,0.7217350006103516,0.805990993976593,0.8059822916984558
srr_batch4_m10d3_full4scale_fold0_seed20260721_htzhulab_59682067,step_1800,Case2020,CenterB,C0+LGE+T2,True,5,myops_scar,0.8,0.2727272727272727,0.9,1.0,170,561,1,0,0,0.0,0.002144057536497712,0.004547330108471214,0.7217350006103516,0.805990993976593,0.8059822916984558
srr_batch4_m10d3_full4scale_fold0_seed20260721_htzhulab_59682067,step_1800,Case2020,CenterB,C0+LGE+T2,True,5,myops_scar,0.9,0.25846702317290554,0.90625,1.0,160,561,1,0,0,0.0,0.002144057536497712,0.004547330108471214,0.7217350006103516,0.805990993976593,0.8059822916984558
srr_batch4_m10d3_full4scale_fold0_seed20260721_htzhulab_59682067,step_1800,Case2020,CenterB,C0+LGE+T2,True,4,myops_edema,0.05,0.6695736434108527,0.3018785495849716,0.5833333333333334,2289,1032,11,4,8,0.4836173001310616,0.011959284543991089,0.02426937744021415,0.6201159954071045,0.6856117844581604,0.6835024356842041
srr_batch4_m10d3_full4scale_fold0_seed20260721_htzhulab_59682067,step_1800,Case2020,CenterB,C0+LGE+T2,True,4,myops_edema,0.1,0.6162790697674418,0.5734896302975654,0.5833333333333334,1109,1032,2,1,0,0.03967538322813345,0.011959284543991089,0.02426937744021415,0.6201159954071045,0.6856117844581604,0.6835024356842041
srr_batch4_m10d3_full4scale_fold0_seed20260721_htzhulab_59682067,step_1800,Case2020,CenterB,C0+LGE+T2,True,4,myops_edema,0.2,0.5678294573643411,0.586,0.5833333333333334,1000,1032,4,0,0,0.026,0.011959284543991089,0.02426937744021415,0.6201159954071045,0.6856117844581604,0.6835024356842041
srr_batch4_m10d3_full4scale_fold0_seed20260721_htzhulab_59682067,step_1800,Case2020,CenterB,C0+LGE+T2,True,4,myops_edema,0.3,0.5562015503875969,0.5881147540983607,0.5833333333333334,976,1032,4,0,0,0.0235655737704918,0.011959284543991089,0.02426937744021415,0.6201159954071045,0.6856117844581604,0.6835024356842041
srr_batch4_m10d3_full4scale_fold0_seed20260721_htzhulab_59682067,step_1800,Case2020,CenterB,C0+LGE+T2,True,4,myops_edema,0.4,0.5426356589147286,0.5876180482686254,0.5833333333333334,953,1032,4,0,0,0.022035676810073453,0.011959284543991089,0.02426937744021415,0.6201159954071045,0.6856117844581604,0.6835024356842041
srr_batch4_m10d3_full4scale_fold0_seed20260721_htzhulab_59682067,step_1800,Case2020,CenterB,C0+LGE+T2,True,4,myops_edema,0.5,0.5416666666666666,0.5878023133543638,0.5833333333333334,951,1032,4,0,0,0.022082018927444796,0.011959284543991089,0.02426937744021415,0.6201159954071045,0.6856117844581604,0.6835024356842041
srr_batch4_m10d3_full4scale_fold0_seed20260721_htzhulab_59682067,step_1800,Case2020,CenterB,C0+LGE+T2,True,4,myops_edema,0.6,0.5406976744186046,0.5873684210526315,0.5833333333333334,950,1032,4,0,0,0.022105263157894735,0.011959284543991089,0.02426937744021415,0.6201159954071045,0.6856117844581604,0.6835024356842041
srr_batch4_m10d3_full4scale_fold0_seed20260721_htzhulab_59682067,step_1800,Case2020,CenterB,C0+LGE+T2,True,4,myops_edema,0.7,0.5406976744186046,0.5873684210526315,0.5833333333333334,950,1032,4,0,0,0.022105263157894735,0.011959284543991089,0.02426937744021415,0.6201159954071045,0.6856117844581604,0.6835024356842041
srr_batch4_m10d3_full4scale_fold0_seed20260721_htzhulab_59682067,step_1800,Case2020,CenterB,C0+LGE+T2,True,4,myops_edema,0.8,0.5406976744186046,0.5873684210526315,0.5833333333333334,950,1032,4,0,0,0.022105263157894735,0.011959284543991089,0.02426937744021415,0.6201159954071045,0.6856117844581604,0.6835024356842041
srr_batch4_m10d3_full4scale_fold0_seed20260721_htzhulab_59682067,step_1800,Case2020,CenterB,C0+LGE+T2,True,4,myops_edema,0.9,0.5406976744186046,0.5873684210526315,0.5833333333333334,950,1032,4,0,0,0.022105263157894735,0.011959284543991089,0.02426937744021415,0.6201159954071045,0.6856117844581604,0.6835024356842041
srr_batch4_m10d3_full4scale_fold0_seed20260721_htzhulab_59682067,step_1800,Case2031,CenterB,C0+LGE+T2,True,5,myops_scar,0.05,0.8090277777777778,0.7862767154105736,1.0,889,864,2,1,1,0.021372328458942633,0.00559378182515502,0.004328798735514278,0.7185370922088623,0.8029745221138,0.8029703497886658
srr_batch4_m10d3_full4scale_fold0_seed20260721_htzhulab_59682067,step_1800,Case2031,CenterB,C0+LGE+T2,True,5,myops_scar,0.1,0.7986111111111112,0.8032596041909197,1.0,859,864,2,1,0,0.018626309662398137,0.00559378182515502,0.004328798735514278,0.7185370922088623,0.8029745221138,0.8029703497886658
srr_batch4_m10d3_full4scale_fold0_seed20260721_htzhulab_59682067,step_1800,Case2031,CenterB,C0+LGE+T2,True,5,myops_scar,0.2,0.7986111111111112,0.8041958041958042,1.0,858,864,2,1,0,0.018648018648018648,0.00559378182515502,0.004328798735514278,0.7185370922088623,0.8029745221138,0.8029703497886658
srr_batch4_m10d3_full4scale_fold0_seed20260721_htzhulab_59682067,step_1800,Case2031,CenterB,C0+LGE+T2,True,5,myops_scar,0.3,0.7986111111111112,0.8041958041958042,1.0,858,864,2,1,0,0.018648018648018648,0.00559378182515502,0.004328798735514278,0.7185370922088623,0.8029745221138,0.8029703497886658
srr_batch4_m10d3_full4scale_fold0_seed20260721_htzhulab_59682067,step_1800,Case2031,CenterB,C0+LGE+T2,True,5,myops_scar,0.4,0.7986111111111112,0.8041958041958042,1.0,858,864,2,1,0,0.018648018648018648,0.00559378182515502,0.004328798735514278,0.7185370922088623,0.8029745221138,0.8029703497886658
srr_batch4_m10d3_full4scale_fold0_seed20260721_htzhulab_59682067,step_1800,Case2031,CenterB,C0+LGE+T2,True,5,myops_scar,0.5,0.7986111111111112,0.8041958041958042,1.0,858,864,2,1,0,0.018648018648018648,0.00559378182515502,0.004328798735514278,0.7185370922088623,0.8029745221138,0.8029703497886658
srr_batch4_m10d3_full4scale_fold0_seed20260721_htzhulab_59682067,step_1800,Case2031,CenterB,C0+LGE+T2,True,5,myops_scar,0.6,0.7986111111111112,0.8041958041958042,1.0,858,864,2,1,0,0.018648018648018648,0.00559378182515502,0.004328798735514278,0.7185370922088623,0.8029745221138,0.8029703497886658
srr_batch4_m10d3_full4scale_fold0_seed20260721_htzhulab_59682067,step_1800,Case2031,CenterB,C0+LGE+T2,True,5,myops_scar,0.7,0.7986111111111112,0.8041958041958042,1.0,858,864,2,1,0,0.018648018648018648,0.00559378182515502,0.004328798735514278,0.7185370922088623,0.8029745221138,0.8029703497886658
srr_batch4_m10d3_full4scale_fold0_seed20260721_htzhulab_59682067,step_1800,Case2031,CenterB,C0+LGE+T2,True,5,myops_scar,0.8,0.7986111111111112,0.8041958041958042,1.0,858,864,2,1,0,0.018648018648018648,0.00559378182515502,0.004328798735514278,0.7185370922088623,0.8029745221138,0.8029703497886658
srr_batch4_m10d3_full4scale_fold0_seed20260721_htzhulab_59682067,step_1800,Case2031,CenterB,C0+LGE+T2,True,5,myops_scar,0.9,0.7974537037037037,0.8077373974208675,1.0,853,864,2,1,0,0.017584994138335287,0.00559378182515502,0.004328798735514278,0.7185370922088623,0.8029745221138,0.8029703497886658
srr_batch4_m10d3_full4scale_fold0_seed20260721_htzhulab_59682067,step_1800,Case2031,CenterB,C0+LGE+T2,True,4,myops_edema,0.05,0.498371335504886,0.1118421052631579,0.46153846153846156,1368,307,36,22,26,0.7112573099415205,0.00766390236094594,0.023102033510804136,0.5991048812866211,0.6531063914299011,0.6509074568748474
srr_batch4_m10d3_full4scale_fold0_seed20260721_htzhulab_59682067,step_1800,Case2031,CenterB,C0+LGE+T2,True,4,myops_edema,0.1,0.40390879478827363,0.3324396782841823,0.38461538461538464,373,307,16,9,5,0.16085790884718498,0.00766390236094594,0.023102033510804136,0.5991048812866211,0.6531063914299011,0.6509074568748474
srr_batch4_m10d3_full4scale_fold0_seed20260721_htzhulab_59682067,step_1800,Case2031,CenterB,C0+LGE+T2,True,4,myops_edema,0.2,0.3127035830618892,0.38866396761133604,0.3076923076923077,247,307,17,8,1,0.05263157894736842,0.00766390236094594,0.023102033510804136,0.5991048812866211,0.6531063914299011,0.6509074568748474
srr_batch4_m10d3_full4scale_fold0_seed20260721_htzhulab_59682067,step_1800,Case2031,CenterB,C0+LGE+T2,True,4,myops_edema,0.3,0.247557003257329,0.3671497584541063,0.23076923076923078,207,307,17,9,0,0.028985507246376812,0.00766390236094594,0.023102033510804136,0.5991048812866211,0.6531063914299011,0.6509074568748474
srr_batch4_m10d3_full4scale_fold0_seed20260721_htzhulab_59682067,step_1800,Case2031,CenterB,C0+LGE+T2,True,4,myops_edema,0.4,0.24429967426710097,0.3826530612244898,0.23076923076923078,196,307,16,8,0,0.02040816326530612,0.00766390236094594,0.023102033510804136,0.5991048812866211,0.6531063914299011,0.6509074568748474
srr_batch4_m10d3_full4scale_fold0_seed20260721_htzhulab_59682067,step_1800,Case2031,CenterB,C0+LGE+T2,True,4,myops_edema,0.5,0.24429967426710097,0.38461538461538464,0.23076923076923078,195,307,16,8,0,0.015384615384615385,0.00766390236094594,0.023102033510804136,0.5991048812866211,0.6531063914299011,0.6509074568748474
srr_batch4_m10d3_full4scale_fold0_seed20260721_htzhulab_59682067,step_1800,Case2031,CenterB,C0+LGE+T2,True,4,myops_edema,0.6,0.24429967426710097,0.38461538461538464,0.23076923076923078,195,307,16,8,0,0.015384615384615385,0.00766390236094594,0.023102033510804136,0.5991048812866211,0.6531063914299011,0.6509074568748474
srr_batch4_m10d3_full4scale_fold0_seed20260721_htzhulab_59682067,step_1800,Case2031,CenterB,C0+LGE+T2,True,4,myops_edema,0.7,0.24429967426710097,0.38461538461538464,0.23076923076923078,195,307,16,8,0,0.015384615384615385,0.00766390236094594,0.023102033510804136,0.5991048812866211,0.6531063914299011,0.6509074568748474
srr_batch4_m10d3_full4scale_fold0_seed20260721_htzhulab_59682067,step_1800,Case2031,CenterB,C0+LGE+T2,True,4,myops_edema,0.8,0.24429967426710097,0.38461538461538464,0.23076923076923078,195,307,16,8,0,0.015384615384615385,0.00766390236094594,0.023102033510804136,0.5991048812866211,0.6531063914299011,0.6509074568748474
srr_batch4_m10d3_full4scale_fold0_seed20260721_htzhulab_59682067,step_1800,Case2031,CenterB,C0+LGE+T2,True,4,myops_edema,0.9,0.24429967426710097,0.38461538461538464,0.23076923076923078,195,307,16,8,0,0.015384615384615385,0.00766390236094594,0.023102033510804136,0.5991048812866211,0.6531063914299011,0.6509074568748474
srr_batch4_m10d3_full4scale_fold0_seed20260721_htzhulab_59682067,step_1800,Case2033,CenterB,C0+LGE+T2,True,5,myops_scar,0.05,0.7481818181818182,0.7052270779777207,1.0,1167,1100,2,0,0,0.0,0.00393082806840539,0.004760372731834649,0.7217602729797363,0.8061044216156006,0.8061028122901917
srr_batch4_m10d3_full4scale_fold0_seed20260721_htzhulab_59682067,step_1800,Case2033,CenterB,C0+LGE+T2,True,5,myops_scar,0.1,0.7336363636363636,0.7116402116402116,1.0,1134,1100,2,0,0,0.0,0.00393082806840539,0.004760372731834649,0.7217602729797363,0.8061044216156006,0.8061028122901917
srr_batch4_m10d3_full4scale_fold0_seed20260721_htzhulab_59682067,step_1800,Case2033,CenterB,C0+LGE+T2,True,5,myops_scar,0.2,0.7290909090909091,0.7128888888888889,1.0,1125,1100,2,0,0,0.0,0.00393082806840539,0.004760372731834649,0.7217602729797363,0.8061044216156006,0.8061028122901917
srr_batch4_m10d3_full4scale_fold0_seed20260721_htzhulab_59682067,step_1800,Case2033,CenterB,C0+LGE+T2,True,5,myops_scar,0.3,0.7290909090909091,0.7128888888888889,1.0,1125,1100,2,0,0,0.0,0.00393082806840539,0.004760372731834649,0.7217602729797363,0.8061044216156006,0.8061028122901917
srr_batch4_m10d3_full4scale_fold0_seed20260721_htzhulab_59682067,step_1800,Case2033,CenterB,C0+LGE+T2,True,5,myops_scar,0.4,0.7290909090909091,0.7128888888888889,1.0,1125,1100,2,0,0,0.0,0.00393082806840539,0.004760372731834649,0.7217602729797363,0.8061044216156006,0.8061028122901917
srr_batch4_m10d3_full4scale_fold0_seed20260721_htzhulab_59682067,step_1800,Case2033,CenterB,C0+LGE+T2,True,5,myops_scar,0.5,0.7290909090909091,0.7128888888888889,1.0,1125,1100,2,0,0,0.0,0.00393082806840539,0.004760372731834649,0.7217602729797363,0.8061044216156006,0.8061028122901917
srr_batch4_m10d3_full4scale_fold0_seed20260721_htzhulab_59682067,step_1800,Case2033,CenterB,C0+LGE+T2,True,5,myops_scar,0.6,0.7290909090909091,0.7128888888888889,1.0,1125,1100,2,0,0,0.0,0.00393082806840539,0.004760372731834649,0.7217602729797363,0.8061044216156006,0.8061028122901917
srr_batch4_m10d3_full4scale_fold0_seed20260721_htzhulab_59682067,step_1800,Case2033,CenterB,C0+LGE+T2,True,5,myops_scar,0.7,0.7290909090909091,0.7128888888888889,1.0,1125,1100,2,0,0,0.0,0.00393082806840539,0.004760372731834649,0.7217602729797363,0.8061044216156006,0.8061028122901917
srr_batch4_m10d3_full4scale_fold0_seed20260721_htzhulab_59682067,step_1800,Case2033,CenterB,C0+LGE+T2,True,5,myops_scar,0.8,0.7281818181818182,0.7151785714285714,1.0,1120,1100,2,0,0,0.0,0.00393082806840539,0.004760372731834649,0.7217602729797363,0.8061044216156006,0.8061028122901917
srr_batch4_m10d3_full4scale_fold0_seed20260721_htzhulab_59682067,step_1800,Case2033,CenterB,C0+LGE+T2,True,5,myops_scar,0.9,0.7154545454545455,0.7167577413479053,1.0,1098,1100,1,0,0,0.0,0.00393082806840539,0.004760372731834649,0.7217602729797363,0.8061044216156006,0.8061028122901917
srr_batch4_m10d3_full4scale_fold0_seed20260721_htzhulab_59682067,step_1800,Case2033,CenterB,C0+LGE+T2,True,4,myops_edema,0.05,0.8424182358771061,0.15932521087160262,1.0,5335,1009,18,12,11,0.5150890346766636,0.010556290857493877,0.022810031473636628,0.6271350383758545,0.6899881362915039,0.6891382336616516
srr_batch4_m10d3_full4scale_fold0_seed20260721_htzhulab_59682067,step_1800,Case2033,CenterB,C0+LGE+T2,True,4,myops_edema,0.1,0.8107036669970268,0.34778911564625853,1.0,2352,1009,3,1,2,0.08333333333333333,0.010556290857493877,0.022810031473636628,0.6271350383758545,0.6899881362915039,0.6891382336616516
srr_batch4_m10d3_full4scale_fold0_seed20260721_htzhulab_59682067,step_1800,Case2033,CenterB,C0+LGE+T2,True,4,myops_edema,0.2,0.77601585728444,0.3938631790744467,1.0,1988,1009,4,2,0,0.028672032193158954,0.010556290857493877,0.022810031473636628,0.6271350383758545,0.6899881362915039,0.6891382336616516
srr_batch4_m10d3_full4scale_fold0_seed20260721_htzhulab_59682067,step_1800,Case2033,CenterB,C0+LGE+T2,True,4,myops_edema,0.3,0.755203171456888,0.40274841437632136,0.8888888888888888,1892,1009,4,1,0,0.02536997885835095,0.010556290857493877,0.022810031473636628,0.6271350383758545,0.6899881362915039,0.6891382336616516
srr_batch4_m10d3_full4scale_fold0_seed20260721_htzhulab_59682067,step_1800,Case2033,CenterB,C0+LGE+T2,True,4,myops_edema,0.4,0.7403369672943508,0.4053174172544764,0.8888888888888888,1843,1009,4,1,0,0.025501899077590883,0.010556290857493877,0.022810031473636628,0.6271350383758545,0.6899881362915039,0.6891382336616516
srr_batch4_m10d3_full4scale_fold0_seed20260721_htzhulab_59682067,step_1800,Case2033,CenterB,C0+LGE+T2,True,4,myops_edema,0.5,0.734390485629336,0.4066959385290889,0.8888888888888888,1822,1009,4,1,0,0.02579582875960483,0.010556290857493877,0.022810031473636628,0.6271350383758545,0.6899881362915039,0.6891382336616516
srr_batch4_m10d3_full4scale_fold0_seed20260721_htzhulab_59682067,step_1800,Case2033,CenterB,C0+LGE+T2,True,4,myops_edema,0.6,0.7314172447968286,0.40706012134583563,0.8888888888888888,1813,1009,4,1,0,0.02592388306674021,0.010556290857493877,0.022810031473636628,0.6271350383758545,0.6899881362915039,0.6891382336616516
srr_batch4_m10d3_full4scale_fold0_seed20260721_htzhulab_59682067,step_1800,Case2033,CenterB,C0+LGE+T2,True,4,myops_edema,0.7,0.7314172447968286,0.40706012134583563,0.8888888888888888,1813,1009,4,1,0,0.02592388306674021,0.010556290857493877,0.022810031473636628,0.6271350383758545,0.6899881362915039,0.6891382336616516
srr_batch4_m10d3_full4scale_fold0_seed20260721_htzhulab_59682067,step_1800,Case2033,CenterB,C0+LGE+T2,True,4,myops_edema,0.8,0.7314172447968286,0.40706012134583563,0.8888888888888888,1813,1009,4,1,0,0.02592388306674021,0.010556290857493877,0.022810031473636628,0.6271350383758545,0.6899881362915039,0.6891382336616516
srr_batch4_m10d3_full4scale_fold0_seed20260721_htzhulab_59682067,step_1800,Case2033,CenterB,C0+LGE+T2,True,4,myops_edema,0.9,0.7314172447968286,0.40706012134583563,0.8888888888888888,1813,1009,4,1,0,0.02592388306674021,0.010556290857493877,0.022810031473636628,0.6271350383758545,0.6899881362915039,0.6891382336616516
srr_batch4_m10d3_full4scale_fold0_seed20260721_htzhulab_59682067,step_1800,Case3004,CenterC,C0+LGE+T2,True,5,myops_scar,0.05,0.7007738607050731,0.5538566089024805,1.0,2943,2326,4,2,3,0.0417940876656473,0.0030153198167681694,0.003796572319697588,0.6440956592559814,0.7207483053207397,0.7207281589508057
srr_batch4_m10d3_full4scale_fold0_seed20260721_htzhulab_59682067,step_1800,Case3004,CenterC,C0+LGE+T2,True,5,myops_scar,0.1,0.6852966466036113,0.5779550398839739,1.0,2758,2326,1,0,0,0.0,0.0030153198167681694,0.003796572319697588,0.6440956592559814,0.7207483053207397,0.7207281589508057
srr_batch4_m10d3_full4scale_fold0_seed20260721_htzhulab_59682067,step_1800,Case3004,CenterC,C0+LGE+T2,True,5,myops_scar,0.2,0.6809974204643164,0.5774699234414874,1.0,2743,2326,1,0,0,0.0,0.0030153198167681694,0.003796572319697588,0.6440956592559814,0.7207483053207397,0.7207281589508057
srr_batch4_m10d3_full4scale_fold0_seed20260721_htzhulab_59682067,step_1800,Case3004,CenterC,C0+LGE+T2,True,5,myops_scar,0.3,0.680567497850387,0.5773158278628738,1.0,2742,2326,1,0,0,0.0,0.0030153198167681694,0.003796572319697588,0.6440956592559814,0.7207483053207397,0.7207281589508057
srr_batch4_m10d3_full4scale_fold0_seed20260721_htzhulab_59682067,step_1800,Case3004,CenterC,C0+LGE+T2,True,5,myops_scar,0.4,0.680567497850387,0.5773158278628738,1.0,2742,2326,1,0,0,0.0,0.0030153198167681694,0.003796572319697588,0.6440956592559814,0.7207483053207397,0.7207281589508057
srr_batch4_m10d3_full4scale_fold0_seed20260721_htzhulab_59682067,step_1800,Case3004,CenterC,C0+LGE+T2,True,5,myops_scar,0.5,0.680567497850387,0.5773158278628738,1.0,2742,2326,1,0,0,0.0,0.0030153198167681694,0.003796572319697588,0.6440956592559814,0.7207483053207397,0.7207281589508057
srr_batch4_m10d3_full4scale_fold0_seed20260721_htzhulab_59682067,step_1800,Case3004,CenterC,C0+LGE+T2,True,5,myops_scar,0.6,0.680567497850387,0.5773158278628738,1.0,2742,2326,1,0,0,0.0,0.0030153198167681694,0.003796572319697588,0.6440956592559814,0.7207483053207397,0.7207281589508057
srr_batch4_m10d3_full4scale_fold0_seed20260721_htzhulab_59682067,step_1800,Case3004,CenterC,C0+LGE+T2,True,5,myops_scar,0.7,0.680567497850387,0.5775264502006567,1.0,2741,2326,1,0,0,0.0,0.0030153198167681694,0.003796572319697588,0.6440956592559814,0.7207483053207397,0.7207281589508057
srr_batch4_m10d3_full4scale_fold0_seed20260721_htzhulab_59682067,step_1800,Case3004,CenterC,C0+LGE+T2,True,5,myops_scar,0.8,0.680567497850387,0.5785818713450293,1.0,2736,2326,1,0,0,0.0,0.0030153198167681694,0.003796572319697588,0.6440956592559814,0.7207483053207397,0.7207281589508057
srr_batch4_m10d3_full4scale_fold0_seed20260721_htzhulab_59682067,step_1800,Case3004,CenterC,C0+LGE+T2,True,5,myops_scar,0.9,0.6758383490971626,0.5892053973013494,1.0,2668,2326,1,0,0,0.0,0.0030153198167681694,0.003796572319697588,0.6440956592559814,0.7207483053207397,0.7207281589508057
srr_batch4_m10d3_full4scale_fold0_seed20260721_htzhulab_59682067,step_1800,Case3004,CenterC,C0+LGE+T2,True,4,myops_edema,0.05,0.4678816850911264,0.10722355357754194,0.42857142857142855,14605,3347,234,189,205,0.7767203012666895,0.006276755128055811,0.02193872621282934,0.5662534236907959,0.6389392614364624,0.6381567120552063
srr_batch4_m10d3_full4scale_fold0_seed20260721_htzhulab_59682067,step_1800,Case3004,CenterC,C0+LGE+T2,True,4,myops_edema,0.1,0.4209740065730505,0.5316981132075471,0.42857142857142855,2650,3347,28,22,25,0.10679245283018868,0.006276755128055811,0.02193872621282934,0.5662534236907959,0.6389392614364624,0.6381567120552063
srr_batch4_m10d3_full4scale_fold0_seed20260721_htzhulab_59682067,step_1800,Case3004,CenterC,C0+LGE+T2,True,4,myops_edema,0.2,0.37466387809979085,0.6288866599799399,0.42857142857142855,1994,3347,3,1,0,0.0,0.006276755128055811,0.02193872621282934,0.5662534236907959,0.6389392614364624,0.6381567120552063
srr_batch4_m10d3_full4scale_fold0_seed20260721_htzhulab_59682067,step_1800,Case3004,CenterC,C0+LGE+T2,True,4,myops_edema,0.3,0.35554227666567073,0.6460369163952225,0.35714285714285715,1842,3347,4,1,0,0.0,0.006276755128055811,0.02193872621282934,0.5662534236907959,0.6389392614364624,0.6381567120552063
srr_batch4_m10d3_full4scale_fold0_seed20260721_htzhulab_59682067,step_1800,Case3004,CenterC,C0+LGE+T2,True,4,myops_edema,0.4,0.3471765760382432,0.6550169109357384,0.35714285714285715,1774,3347,4,1,0,0.0,0.006276755128055811,0.02193872621282934,0.5662534236907959,0.6389392614364624,0.6381567120552063
srr_batch4_m10d3_full4scale_fold0_seed20260721_htzhulab_59682067,step_1800,Case3004,CenterC,C0+LGE+T2,True,4,myops_edema,0.5,0.3447863758589782,0.6609392898052692,0.21428571428571427,1746,3347,4,1,0,0.0,0.006276755128055811,0.02193872621282934,0.5662534236907959,0.6389392614364624,0.6381567120552063
srr_batch4_m10d3_full4scale_fold0_seed20260721_htzhulab_59682067,step_1800,Case3004,CenterC,C0+LGE+T2,True,4,myops_edema,0.6,0.34448760083657004,0.6615031554790591,0.21428571428571427,1743,3347,4,1,0,0.0,0.006276755128055811,0.02193872621282934,0.5662534236907959,0.6389392614364624,0.6381567120552063
srr_batch4_m10d3_full4scale_fold0_seed20260721_htzhulab_59682067,step_1800,Case3004,CenterC,C0+LGE+T2,True,4,myops_edema,0.7,0.34448760083657004,0.6615031554790591,0.21428571428571427,1743,3347,4,1,0,0.0,0.006276755128055811,0.02193872621282934,0.5662534236907959,0.6389392614364624,0.6381567120552063
srr_batch4_m10d3_full4scale_fold0_seed20260721_htzhulab_59682067,step_1800,Case3004,CenterC,C0+LGE+T2,True,4,myops_edema,0.8,0.34448760083657004,0.6615031554790591,0.21428571428571427,1743,3347,4,1,0,0.0,0.006276755128055811,0.02193872621282934,0.5662534236907959,0.6389392614364624,0.6381567120552063
srr_batch4_m10d3_full4scale_fold0_seed20260721_htzhulab_59682067,step_1800,Case3004,CenterC,C0+LGE+T2,True,4,myops_edema,0.9,0.34448760083657004,0.6615031554790591,0.21428571428571427,1743,3347,4,1,0,0.0,0.006276755128055811,0.02193872621282934,0.5662534236907959,0.6389392614364624,0.6381567120552063
srr_batch4_m10d3_full4scale_fold0_seed20260721_htzhulab_59682067,step_1800,Case3011,CenterC,C0+LGE+T2,True,5,myops_scar,0.05,0.5882917466410749,0.7231616201337003,1.0,2543,3126,3,0,0,0.00039323633503735744,0.006074735429137945,0.0033061917871236796,0.649251401424408,0.7213585376739502,0.721316397190094
srr_batch4_m10d3_full4scale_fold0_seed20260721_htzhulab_59682067,step_1800,Case3011,CenterC,C0+LGE+T2,True,5,myops_scar,0.1,0.5732565579014716,0.7266828872668288,1.0,2466,3126,3,0,0,0.00040551500405515005,0.006074735429137945,0.0033061917871236796,0.649251401424408,0.7213585376739502,0.721316397190094
srr_batch4_m10d3_full4scale_fold0_seed20260721_htzhulab_59682067,step_1800,Case3011,CenterC,C0+LGE+T2,True,5,myops_scar,0.2,0.5703774792066538,0.7262729124236252,1.0,2455,3126,3,0,0,0.0004073319755600815,0.006074735429137945,0.0033061917871236796,0.649251401424408,0.7213585376739502,0.721316397190094
srr_batch4_m10d3_full4scale_fold0_seed20260721_htzhulab_59682067,step_1800,Case3011,CenterC,C0+LGE+T2,True,5,myops_scar,0.3,0.5703774792066538,0.7262729124236252,1.0,2455,3126,3,0,0,0.0004073319755600815,0.006074735429137945,0.0033061917871236796,0.649251401424408,0.7213585376739502,0.721316397190094
srr_batch4_m10d3_full4scale_fold0_seed20260721_htzhulab_59682067,step_1800,Case3011,CenterC,C0+LGE+T2,True,5,myops_scar,0.4,0.5703774792066538,0.7262729124236252,1.0,2455,3126,3,0,0,0.0004073319755600815,0.006074735429137945,0.0033061917871236796,0.649251401424408,0.7213585376739502,0.721316397190094
srr_batch4_m10d3_full4scale_fold0_seed20260721_htzhulab_59682067,step_1800,Case3011,CenterC,C0+LGE+T2,True,5,myops_scar,0.5,0.5703774792066538,0.7262729124236252,1.0,2455,3126,3,0,0,0.0004073319755600815,0.006074735429137945,0.0033061917871236796,0.649251401424408,0.7213585376739502,0.721316397190094
srr_batch4_m10d3_full4scale_fold0_seed20260721_htzhulab_59682067,step_1800,Case3011,CenterC,C0+LGE+T2,True,5,myops_scar,0.6,0.5703774792066538,0.7262729124236252,1.0,2455,3126,3,0,0,0.0004073319755600815,0.006074735429137945,0.0033061917871236796,0.649251401424408,0.7213585376739502,0.721316397190094
srr_batch4_m10d3_full4scale_fold0_seed20260721_htzhulab_59682067,step_1800,Case3011,CenterC,C0+LGE+T2,True,5,myops_scar,0.7,0.5703774792066538,0.7262729124236252,1.0,2455,3126,3,0,0,0.0004073319755600815,0.006074735429137945,0.0033061917871236796,0.649251401424408,0.7213585376739502,0.721316397190094
srr_batch4_m10d3_full4scale_fold0_seed20260721_htzhulab_59682067,step_1800,Case3011,CenterC,C0+LGE+T2,True,5,myops_scar,0.8,0.5703774792066538,0.7268650631879331,1.0,2453,3126,3,0,0,0.00040766408479412964,0.006074735429137945,0.0033061917871236796,0.649251401424408,0.7213585376739502,0.721316397190094
srr_batch4_m10d3_full4scale_fold0_seed20260721_htzhulab_59682067,step_1800,Case3011,CenterC,C0+LGE+T2,True,5,myops_scar,0.9,0.5665387076135636,0.7333333333333333,1.0,2415,3126,3,0,0,0.00041407867494824016,0.006074735429137945,0.0033061917871236796,0.649251401424408,0.7213585376739502,0.721316397190094
srr_batch4_m10d3_full4scale_fold0_seed20260721_htzhulab_59682067,step_1800,Case3011,CenterC,C0+LGE+T2,True,4,myops_edema,0.05,0.4873271889400922,0.20654296875,0.15384615384615385,2048,868,5,3,1,0.076171875,0.006270360201597214,0.01523620346561074,0.5318861603736877,0.6232619881629944,0.6231258511543274
srr_batch4_m10d3_full4scale_fold0_seed20260721_htzhulab_59682067,step_1800,Case3011,CenterC,C0+LGE+T2,True,4,myops_edema,0.1,0.43663594470046085,0.21304103428892637,0.07692307692307693,1779,868,7,5,0,0.07476110174255199,0.006270360201597214,0.01523620346561074,0.5318861603736877,0.6232619881629944,0.6231258511543274
srr_batch4_m10d3_full4scale_fold0_seed20260721_htzhulab_59682067,step_1800,Case3011,CenterC,C0+LGE+T2,True,4,myops_edema,0.2,0.3986175115207373,0.2261437908496732,0.07692307692307693,1530,868,4,1,0,0.07973856209150326,0.006270360201597214,0.01523620346561074,0.5318861603736877,0.6232619881629944,0.6231258511543274
srr_batch4_m10d3_full4scale_fold0_seed20260721_htzhulab_59682067,step_1800,Case3011,CenterC,C0+LGE+T2,True,4,myops_edema,0.3,0.36059907834101385,0.22309337134711332,0.07692307692307693,1403,868,5,2,0,0.08267997148966501,0.006270360201597214,0.01523620346561074,0.5318861603736877,0.6232619881629944,0.6231258511543274
srr_batch4_m10d3_full4scale_fold0_seed20260721_htzhulab_59682067,step_1800,Case3011,CenterC,C0+LGE+T2,True,4,myops_edema,0.4,0.3444700460829493,0.22099039172209903,0.07692307692307693,1353,868,6,3,0,0.0827790096082779,0.006270360201597214,0.01523620346561074,0.5318861603736877,0.6232619881629944,0.6231258511543274
srr_batch4_m10d3_full4scale_fold0_seed20260721_htzhulab_59682067,step_1800,Case3011,CenterC,C0+LGE+T2,True,4,myops_edema,0.5,0.3387096774193548,0.2198952879581152,0.07692307692307693,1337,868,7,5,0,0.08376963350785341,0.006270360201597214,0.01523620346561074,0.5318861603736877,0.6232619881629944,0.6231258511543274
srr_batch4_m10d3_full4scale_fold0_seed20260721_htzhulab_59682067,step_1800,Case3011,CenterC,C0+LGE+T2,True,4,myops_edema,0.6,0.3387096774193548,0.2198952879581152,0.07692307692307693,1337,868,7,5,0,0.08376963350785341,0.006270360201597214,0.01523620346561074,0.5318861603736877,0.6232619881629944,0.6231258511543274
srr_batch4_m10d3_full4scale_fold0_seed20260721_htzhulab_59682067,step_1800,Case3011,CenterC,C0+LGE+T2,True,4,myops_edema,0.7,0.3387096774193548,0.2198952879581152,0.07692307692307693,1337,868,7,5,0,0.08376963350785341,0.006270360201597214,0.01523620346561074,0.5318861603736877,0.6232619881629944,0.6231258511543274
srr_batch4_m10d3_full4scale_fold0_seed20260721_htzhulab_59682067,step_1800,Case3011,CenterC,C0+LGE+T2,True,4,myops_edema,0.8,0.3387096774193548,0.2198952879581152,0.07692307692307693,1337,868,7,5,0,0.08376963350785341,0.006270360201597214,0.01523620346561074,0.5318861603736877,0.6232619881629944,0.6231258511543274
srr_batch4_m10d3_full4scale_fold0_seed20260721_htzhulab_59682067,step_1800,Case3011,CenterC,C0+LGE+T2,True,4,myops_edema,0.9,0.3387096774193548,0.2198952879581152,0.07692307692307693,1337,868,7,5,0,0.08376963350785341,0.006270360201597214,0.01523620346561074,0.5318861603736877,0.6232619881629944,0.6231258511543274
srr_batch4_m10d3_full4scale_fold0_seed20260721_htzhulab_59682067,step_1800,Case3012,CenterC,C0+LGE+T2,True,5,myops_scar,0.05,0.7853087295954577,0.8675029400235202,1.0,2551,2818,3,1,2,0.005488043904351235,0.003061625873669982,0.002922520507127048,0.6495726704597473,0.7257078289985657,0.7257060408592224
srr_batch4_m10d3_full4scale_fold0_seed20260721_htzhulab_59682067,step_1800,Case3012,CenterC,C0+LGE+T2,True,5,myops_scar,0.1,0.7821149751596878,0.8763419483101391,1.0,2515,2818,2,1,1,0.0015904572564612327,0.003061625873669982,0.002922520507127048,0.6495726704597473,0.7257078289985657,0.7257060408592224
srr_batch4_m10d3_full4scale_fold0_seed20260721_htzhulab_59682067,step_1800,Case3012,CenterC,C0+LGE+T2,True,5,myops_scar,0.2,0.7821149751596878,0.8766905330151153,1.0,2514,2818,2,1,1,0.0015910898965791568,0.003061625873669982,0.002922520507127048,0.6495726704597473,0.7257078289985657,0.7257060408592224
srr_batch4_m10d3_full4scale_fold0_seed20260721_htzhulab_59682067,step_1800,Case3012,CenterC,C0+LGE+T2,True,5,myops_scar,0.3,0.7821149751596878,0.8766905330151153,1.0,2514,2818,2,1,1,0.0015910898965791568,0.003061625873669982,0.002922520507127048,0.6495726704597473,0.7257078289985657,0.7257060408592224
srr_batch4_m10d3_full4scale_fold0_seed20260721_htzhulab_59682067,step_1800,Case3012,CenterC,C0+LGE+T2,True,5,myops_scar,0.4,0.7821149751596878,0.8766905330151153,1.0,2514,2818,2,1,1,0.0015910898965791568,0.003061625873669982,0.002922520507127048,0.6495726704597473,0.7257078289985657,0.7257060408592224
srr_batch4_m10d3_full4scale_fold0_seed20260721_htzhulab_59682067,step_1800,Case3012,CenterC,C0+LGE+T2,True,5,myops_scar,0.5,0.7821149751596878,0.8766905330151153,1.0,2514,2818,2,1,1,0.0015910898965791568,0.003061625873669982,0.002922520507127048,0.6495726704597473,0.7257078289985657,0.7257060408592224
srr_batch4_m10d3_full4scale_fold0_seed20260721_htzhulab_59682067,step_1800,Case3012,CenterC,C0+LGE+T2,True,5,myops_scar,0.6,0.7821149751596878,0.8773885350318471,1.0,2512,2818,2,1,1,0.0015923566878980893,0.003061625873669982,0.002922520507127048,0.6495726704597473,0.7257078289985657,0.7257060408592224
srr_batch4_m10d3_full4scale_fold0_seed20260721_htzhulab_59682067,step_1800,Case3012,CenterC,C0+LGE+T2,True,5,myops_scar,0.7,0.7817601135557133,0.8797923322683706,1.0,2504,2818,2,1,1,0.001597444089456869,0.003061625873669982,0.002922520507127048,0.6495726704597473,0.7257078289985657,0.7257060408592224
srr_batch4_m10d3_full4scale_fold0_seed20260721_htzhulab_59682067,step_1800,Case3012,CenterC,C0+LGE+T2,True,5,myops_scar,0.8,0.7789212207239177,0.8829444891391794,1.0,2486,2818,2,1,1,0.0016090104585679806,0.003061625873669982,0.002922520507127048,0.6495726704597473,0.7257078289985657,0.7257060408592224
srr_batch4_m10d3_full4scale_fold0_seed20260721_htzhulab_59682067,step_1800,Case3012,CenterC,C0+LGE+T2,True,5,myops_scar,0.9,0.7622427253371186,0.895,1.0,2400,2818,2,1,1,0.00125,0.003061625873669982,0.002922520507127048,0.6495726704597473,0.7257078289985657,0.7257060408592224
srr_batch4_m10d3_full4scale_fold0_seed20260721_htzhulab_59682067,step_1800,Case3012,CenterC,C0+LGE+T2,True,4,myops_edema,0.05,0.6026392961876833,0.3677303906949001,0.6666666666666666,6706,4092,109,78,74,0.2620041753653445,0.00578208127990365,0.01550441160798073,0.5458595156669617,0.6214003562927246,0.6201924085617065
srr_batch4_m10d3_full4scale_fold0_seed20260721_htzhulab_59682067,step_1800,Case3012,CenterC,C0+LGE+T2,True,4,myops_edema,0.1,0.43206256109481916,0.6298539365871036,0.3333333333333333,2807,4092,10,5,0,0.0110438190238689,0.00578208127990365,0.01550441160798073,0.5458595156669617,0.6214003562927246,0.6201924085617065
srr_batch4_m10d3_full4scale_fold0_seed20260721_htzhulab_59682067,step_1800,Case3012,CenterC,C0+LGE+T2,True,4,myops_edema,0.2,0.3729227761485826,0.6655037069341474,0.3333333333333333,2293,4092,10,7,0,0.006105538595726123,0.00578208127990365,0.01550441160798073,0.5458595156669617,0.6214003562927246,0.6201924085617065
srr_batch4_m10d3_full4scale_fold0_seed20260721_htzhulab_59682067,step_1800,Case3012,CenterC,C0+LGE+T2,True,4,myops_edema,0.3,0.3548387096774194,0.6920877025738799,0.3333333333333333,2098,4092,13,9,0,0.0038131553860819827,0.00578208127990365,0.01550441160798073,0.5458595156669617,0.6214003562927246,0.6201924085617065
srr_batch4_m10d3_full4scale_fold0_seed20260721_htzhulab_59682067,step_1800,Case3012,CenterC,C0+LGE+T2,True,4,myops_edema,0.4,0.34384164222873903,0.6996519144704128,0.3333333333333333,2011,4092,17,12,0,0.0034808552958727,0.00578208127990365,0.01550441160798073,0.5458595156669617,0.6214003562927246,0.6201924085617065
srr_batch4_m10d3_full4scale_fold0_seed20260721_htzhulab_59682067,step_1800,Case3012,CenterC,C0+LGE+T2,True,4,myops_edema,0.5,0.3362658846529814,0.7027579162410623,0.3333333333333333,1958,4092,18,13,0,0.003575076608784474,0.00578208127990365,0.01550441160798073,0.5458595156669617,0.6214003562927246,0.6201924085617065
srr_batch4_m10d3_full4scale_fold0_seed20260721_htzhulab_59682067,step_1800,Case3012,CenterC,C0+LGE+T2,True,4,myops_edema,0.6,0.3321114369501466,0.7030522503879979,0.3333333333333333,1933,4092,18,13,0,0.0036213140196585617,0.00578208127990365,0.01550441160798073,0.5458595156669617,0.6214003562927246,0.6201924085617065
srr_batch4_m10d3_full4scale_fold0_seed20260721_htzhulab_59682067,step_1800,Case3012,CenterC,C0+LGE+T2,True,4,myops_edema,0.7,0.33162267839687193,0.7031088082901554,0.3333333333333333,1930,4092,18,13,0,0.003626943005181347,0.00578208127990365,0.01550441160798073,0.5458595156669617,0.6214003562927246,0.6201924085617065
srr_batch4_m10d3_full4scale_fold0_seed20260721_htzhulab_59682067,step_1800,Case3012,CenterC,C0+LGE+T2,True,4,myops_edema,0.8,0.33162267839687193,0.7031088082901554,0.3333333333333333,1930,4092,18,13,0,0.003626943005181347,0.00578208127990365,0.01550441160798073,0.5458595156669617,0.6214003562927246,0.6201924085617065
srr_batch4_m10d3_full4scale_fold0_seed20260721_htzhulab_59682067,step_1800,Case3012,CenterC,C0+LGE+T2,True,4,myops_edema,0.9,0.33162267839687193,0.7031088082901554,0.3333333333333333,1930,4092,18,13,0,0.003626943005181347,0.00578208127990365,0.01550441160798073,0.5458595156669617,0.6214003562927246,0.6201924085617065
srr_batch4_m10d3_full4scale_fold0_seed20260721_htzhulab_59682067,step_1800,Case3023,CenterC,C0+LGE+T2,True,5,myops_scar,0.05,0.786046511627907,0.5622920517560074,1.0,2705,1935,5,3,4,0.10868761552680221,0.004739188123494387,0.003103175619617101,0.6506302356719971,0.7226186394691467,0.7225888967514038
srr_batch4_m10d3_full4scale_fold0_seed20260721_htzhulab_59682067,step_1800,Case3023,CenterC,C0+LGE+T2,True,5,myops_scar,0.1,0.7808785529715763,0.5708349074423876,1.0,2647,1935,3,2,2,0.10540234227427277,0.004739188123494387,0.003103175619617101,0.6506302356719971,0.7226186394691467,0.7225888967514038
srr_batch4_m10d3_full4scale_fold0_seed20260721_htzhulab_59682067,step_1800,Case3023,CenterC,C0+LGE+T2,True,5,myops_scar,0.2,0.7808785529715763,0.5734345351043644,1.0,2635,1935,2,1,1,0.10474383301707779,0.004739188123494387,0.003103175619617101,0.6506302356719971,0.7226186394691467,0.7225888967514038
srr_batch4_m10d3_full4scale_fold0_seed20260721_htzhulab_59682067,step_1800,Case3023,CenterC,C0+LGE+T2,True,5,myops_scar,0.3,0.7808785529715763,0.5734345351043644,1.0,2635,1935,2,1,1,0.10474383301707779,0.004739188123494387,0.003103175619617101,0.6506302356719971,0.7226186394691467,0.7225888967514038
srr_batch4_m10d3_full4scale_fold0_seed20260721_htzhulab_59682067,step_1800,Case3023,CenterC,C0+LGE+T2,True,5,myops_scar,0.4,0.7808785529715763,0.5734345351043644,1.0,2635,1935,2,1,1,0.10474383301707779,0.004739188123494387,0.003103175619617101,0.6506302356719971,0.7226186394691467,0.7225888967514038
srr_batch4_m10d3_full4scale_fold0_seed20260721_htzhulab_59682067,step_1800,Case3023,CenterC,C0+LGE+T2,True,5,myops_scar,0.5,0.7808785529715763,0.5734345351043644,1.0,2635,1935,2,1,1,0.10474383301707779,0.004739188123494387,0.003103175619617101,0.6506302356719971,0.7226186394691467,0.7225888967514038
srr_batch4_m10d3_full4scale_fold0_seed20260721_htzhulab_59682067,step_1800,Case3023,CenterC,C0+LGE+T2,True,5,myops_scar,0.6,0.7808785529715763,0.5734345351043644,1.0,2635,1935,2,1,1,0.10474383301707779,0.004739188123494387,0.003103175619617101,0.6506302356719971,0.7226186394691467,0.7225888967514038
srr_batch4_m10d3_full4scale_fold0_seed20260721_htzhulab_59682067,step_1800,Case3023,CenterC,C0+LGE+T2,True,5,myops_scar,0.7,0.7808785529715763,0.5734345351043644,1.0,2635,1935,2,1,1,0.10474383301707779,0.004739188123494387,0.003103175619617101,0.6506302356719971,0.7226186394691467,0.7225888967514038
srr_batch4_m10d3_full4scale_fold0_seed20260721_htzhulab_59682067,step_1800,Case3023,CenterC,C0+LGE+T2,True,5,myops_scar,0.8,0.7808785529715763,0.5745247148288973,1.0,2630,1935,2,1,1,0.10494296577946768,0.004739188123494387,0.003103175619617101,0.6506302356719971,0.7226186394691467,0.7225888967514038
srr_batch4_m10d3_full4scale_fold0_seed20260721_htzhulab_59682067,step_1800,Case3023,CenterC,C0+LGE+T2,True,5,myops_scar,0.9,0.779328165374677,0.5791090629800307,1.0,2604,1935,2,1,1,0.10407066052227343,0.004739188123494387,0.003103175619617101,0.6506302356719971,0.7226186394691467,0.7225888967514038
srr_batch4_m10d3_full4scale_fold0_seed20260721_htzhulab_59682067,step_1800,Case3023,CenterC,C0+LGE+T2,True,4,myops_edema,0.05,0.5052356020942408,0.11619506321493077,0.6,3322,764,51,35,38,0.41420830824804333,0.0056824395433068275,0.01764883808791633,0.5201337337493896,0.5993967652320862,0.597855269908905
srr_batch4_m10d3_full4scale_fold0_seed20260721_htzhulab_59682067,step_1800,Case3023,CenterC,C0+LGE+T2,True,4,myops_edema,0.1,0.2761780104712042,0.15289855072463768,0.6,1380,764,8,3,1,0.0891304347826087,0.0056824395433068275,0.01764883808791633,0.5201337337493896,0.5993967652320862,0.597855269908905
srr_batch4_m10d3_full4scale_fold0_seed20260721_htzhulab_59682067,step_1800,Case3023,CenterC,C0+LGE+T2,True,4,myops_edema,0.2,0.2107329842931937,0.14948932219127206,0.6,1077,764,15,9,1,0.07056638811513463,0.0056824395433068275,0.01764883808791633,0.5201337337493896,0.5993967652320862,0.597855269908905
srr_batch4_m10d3_full4scale_fold0_seed20260721_htzhulab_59682067,step_1800,Case3023,CenterC,C0+LGE+T2,True,4,myops_edema,0.3,0.19240837696335078,0.15392670157068064,0.6,955,764,13,9,1,0.05968586387434555,0.0056824395433068275,0.01764883808791633,0.5201337337493896,0.5993967652320862,0.597855269908905
srr_batch4_m10d3_full4scale_fold0_seed20260721_htzhulab_59682067,step_1800,Case3023,CenterC,C0+LGE+T2,True,4,myops_edema,0.4,0.18586387434554974,0.1562156215621562,0.6,909,764,11,7,1,0.058305830583058306,0.0056824395433068275,0.01764883808791633,0.5201337337493896,0.5993967652320862,0.597855269908905
srr_batch4_m10d3_full4scale_fold0_seed20260721_htzhulab_59682067,step_1800,Case3023,CenterC,C0+LGE+T2,True,4,myops_edema,0.5,0.1793193717277487,0.15358744394618834,0.6,892,764,11,7,1,0.05717488789237668,0.0056824395433068275,0.01764883808791633,0.5201337337493896,0.5993967652320862,0.597855269908905
srr_batch4_m10d3_full4scale_fold0_seed20260721_htzhulab_59682067,step_1800,Case3023,CenterC,C0+LGE+T2,True,4,myops_edema,0.6,0.17539267015706805,0.15192743764172337,0.6,882,764,12,7,1,0.05782312925170068,0.0056824395433068275,0.01764883808791633,0.5201337337493896,0.5993967652320862,0.597855269908905
srr_batch4_m10d3_full4scale_fold0_seed20260721_htzhulab_59682067,step_1800,Case3023,CenterC,C0+LGE+T2,True,4,myops_edema,0.7,0.17539267015706805,0.15209988649262202,0.6,881,764,13,7,1,0.05788876276958002,0.0056824395433068275,0.01764883808791633,0.5201337337493896,0.5993967652320862,0.597855269908905
srr_batch4_m10d3_full4scale_fold0_seed20260721_htzhulab_59682067,step_1800,Case3023,CenterC,C0+LGE+T2,True,4,myops_edema,0.8,0.17539267015706805,0.15209988649262202,0.6,881,764,13,7,1,0.05788876276958002,0.0056824395433068275,0.01764883808791633,0.5201337337493896,0.5993967652320862,0.597855269908905
srr_batch4_m10d3_full4scale_fold0_seed20260721_htzhulab_59682067,step_1800,Case3023,CenterC,C0+LGE+T2,True,4,myops_edema,0.9,0.17539267015706805,0.15209988649262202,0.6,881,764,13,7,1,0.05788876276958002,0.0056824395433068275,0.01764883808791633,0.5201337337493896,0.5993967652320862,0.597855269908905
srr_batch4_m10d3_full4scale_fold0_seed20260721_htzhulab_59682067,step_1800,Case3026,CenterC,C0+LGE+T2,True,5,myops_scar,0.05,0.7082471858488398,0.9030462800234329,1.0,3414,4353,7,4,6,0.03925014645577036,0.0038463668897747993,0.002837690687738365,0.6326945424079895,0.7050223350524902,0.705014169216156
srr_batch4_m10d3_full4scale_fold0_seed20260721_htzhulab_59682067,step_1800,Case3026,CenterC,C0+LGE+T2,True,5,myops_scar,0.1,0.7045715598437859,0.948361162646877,1.0,3234,4353,1,0,0,0.0,0.0038463668897747993,0.002837690687738365,0.6326945424079895,0.7050223350524902,0.705014169216156
srr_batch4_m10d3_full4scale_fold0_seed20260721_htzhulab_59682067,step_1800,Case3026,CenterC,C0+LGE+T2,True,5,myops_scar,0.2,0.7041121065931542,0.9483292079207921,1.0,3232,4353,1,0,0,0.0,0.0038463668897747993,0.002837690687738365,0.6326945424079895,0.7050223350524902,0.705014169216156
srr_batch4_m10d3_full4scale_fold0_seed20260721_htzhulab_59682067,step_1800,Case3026,CenterC,C0+LGE+T2,True,5,myops_scar,0.3,0.7041121065931542,0.9483292079207921,1.0,3232,4353,1,0,0,0.0,0.0038463668897747993,0.002837690687738365,0.6326945424079895,0.7050223350524902,0.705014169216156
srr_batch4_m10d3_full4scale_fold0_seed20260721_htzhulab_59682067,step_1800,Case3026,CenterC,C0+LGE+T2,True,5,myops_scar,0.4,0.7041121065931542,0.9483292079207921,1.0,3232,4353,1,0,0,0.0,0.0038463668897747993,0.002837690687738365,0.6326945424079895,0.7050223350524902,0.705014169216156
srr_batch4_m10d3_full4scale_fold0_seed20260721_htzhulab_59682067,step_1800,Case3026,CenterC,C0+LGE+T2,True,5,myops_scar,0.5,0.7041121065931542,0.9483292079207921,1.0,3232,4353,1,0,0,0.0,0.0038463668897747993,0.002837690687738365,0.6326945424079895,0.7050223350524902,0.705014169216156
srr_batch4_m10d3_full4scale_fold0_seed20260721_htzhulab_59682067,step_1800,Case3026,CenterC,C0+LGE+T2,True,5,myops_scar,0.6,0.7041121065931542,0.9483292079207921,1.0,3232,4353,1,0,0,0.0,0.0038463668897747993,0.002837690687738365,0.6326945424079895,0.7050223350524902,0.705014169216156
srr_batch4_m10d3_full4scale_fold0_seed20260721_htzhulab_59682067,step_1800,Case3026,CenterC,C0+LGE+T2,True,5,myops_scar,0.7,0.7041121065931542,0.9483292079207921,1.0,3232,4353,1,0,0,0.0,0.0038463668897747993,0.002837690687738365,0.6326945424079895,0.7050223350524902,0.705014169216156
srr_batch4_m10d3_full4scale_fold0_seed20260721_htzhulab_59682067,step_1800,Case3026,CenterC,C0+LGE+T2,True,5,myops_scar,0.8,0.7036526533425224,0.9491788038425782,1.0,3227,4353,1,0,0,0.0,0.0038463668897747993,0.002837690687738365,0.6326945424079895,0.7050223350524902,0.705014169216156
srr_batch4_m10d3_full4scale_fold0_seed20260721_htzhulab_59682067,step_1800,Case3026,CenterC,C0+LGE+T2,True,5,myops_scar,0.9,0.6898690558235699,0.956064947468959,1.0,3141,4353,1,0,0,0.0,0.0038463668897747993,0.002837690687738365,0.6326945424079895,0.7050223350524902,0.705014169216156
srr_batch4_m10d3_full4scale_fold0_seed20260721_htzhulab_59682067,step_1800,Case3026,CenterC,C0+LGE+T2,True,4,myops_edema,0.05,0.31673960612691465,0.04113676731793961,0.7647058823529411,14075,1828,83,58,62,0.777335701598579,0.00557744549587369,0.01674138065427544,0.5482751727104187,0.6209490895271301,0.6188327670097351
srr_batch4_m10d3_full4scale_fold0_seed20260721_htzhulab_59682067,step_1800,Case3026,CenterC,C0+LGE+T2,True,4,myops_edema,0.1,0.26914660831509846,0.2048293089092423,0.5882352941176471,2402,1828,28,20,18,0.15736885928393005,0.00557744549587369,0.01674138065427544,0.5482751727104187,0.6209490895271301,0.6188327670097351
srr_batch4_m10d3_full4scale_fold0_seed20260721_htzhulab_59682067,step_1800,Case3026,CenterC,C0+LGE+T2,True,4,myops_edema,0.2,0.2286652078774617,0.2512019230769231,0.5294117647058824,1664,1828,5,1,0,0.0,0.00557744549587369,0.01674138065427544,0.5482751727104187,0.6209490895271301,0.6188327670097351
srr_batch4_m10d3_full4scale_fold0_seed20260721_htzhulab_59682067,step_1800,Case3026,CenterC,C0+LGE+T2,True,4,myops_edema,0.3,0.2111597374179431,0.25411454904542463,0.5294117647058824,1519,1828,6,3,0,0.0,0.00557744549587369,0.01674138065427544,0.5482751727104187,0.6209490895271301,0.6188327670097351
srr_batch4_m10d3_full4scale_fold0_seed20260721_htzhulab_59682067,step_1800,Case3026,CenterC,C0+LGE+T2,True,4,myops_edema,0.4,0.2024070021881838,0.25464556090846524,0.47058823529411764,1453,1828,4,2,0,0.0,0.00557744549587369,0.01674138065427544,0.5482751727104187,0.6209490895271301,0.6188327670097351
srr_batch4_m10d3_full4scale_fold0_seed20260721_htzhulab_59682067,step_1800,Case3026,CenterC,C0+LGE+T2,True,4,myops_edema,0.5,0.19803063457330417,0.25314685314685315,0.47058823529411764,1430,1828,4,2,0,0.0,0.00557744549587369,0.01674138065427544,0.5482751727104187,0.6209490895271301,0.6188327670097351
srr_batch4_m10d3_full4scale_fold0_seed20260721_htzhulab_59682067,step_1800,Case3026,CenterC,C0+LGE+T2,True,4,myops_edema,0.6,0.19529540481400437,0.25337118523775726,0.47058823529411764,1409,1828,4,2,0,0.0,0.00557744549587369,0.01674138065427544,0.5482751727104187,0.6209490895271301,0.6188327670097351
srr_batch4_m10d3_full4scale_fold0_seed20260721_htzhulab_59682067,step_1800,Case3026,CenterC,C0+LGE+T2,True,4,myops_edema,0.7,0.1936542669584245,0.2524964336661912,0.47058823529411764,1402,1828,4,2,0,0.0,0.00557744549587369,0.01674138065427544,0.5482751727104187,0.6209490895271301,0.6188327670097351
srr_batch4_m10d3_full4scale_fold0_seed20260721_htzhulab_59682067,step_1800,Case3026,CenterC,C0+LGE+T2,True,4,myops_edema,0.8,0.1936542669584245,0.2524964336661912,0.47058823529411764,1402,1828,4,2,0,0.0,0.00557744549587369,0.01674138065427544,0.5482751727104187,0.6209490895271301,0.6188327670097351
srr_batch4_m10d3_full4scale_fold0_seed20260721_htzhulab_59682067,step_1800,Case3026,CenterC,C0+LGE+T2,True,4,myops_edema,0.9,0.1936542669584245,0.2524964336661912,0.47058823529411764,1402,1828,4,2,0,0.0,0.00557744549587369,0.01674138065427544,0.5482751727104187,0.6209490895271301,0.6188327670097351
srr_batch4_m10d3_full4scale_fold0_seed20260721_htzhulab_59682067,step_1800,Case3034,CenterC,C0+LGE+T2,True,5,myops_scar,0.05,0.9370134465675867,0.7199564980967917,1.0,3678,2826,2,0,1,0.018488308863512777,0.0051271626725792885,0.0036092937923967823,0.6640892028808594,0.7429249286651611,0.7429149150848389
srr_batch4_m10d3_full4scale_fold0_seed20260721_htzhulab_59682067,step_1800,Case3034,CenterC,C0+LGE+T2,True,5,myops_scar,0.1,0.9355980184005662,0.742905310480472,1.0,3559,2826,1,0,0,0.005338578252318067,0.0051271626725792885,0.0036092937923967823,0.6640892028808594,0.7429249286651611,0.7429149150848389
srr_batch4_m10d3_full4scale_fold0_seed20260721_htzhulab_59682067,step_1800,Case3034,CenterC,C0+LGE+T2,True,5,myops_scar,0.2,0.9348903043170559,0.7446448703494927,1.0,3548,2826,1,0,0,0.005073280721533258,0.0051271626725792885,0.0036092937923967823,0.6640892028808594,0.7429249286651611,0.7429149150848389
srr_batch4_m10d3_full4scale_fold0_seed20260721_htzhulab_59682067,step_1800,Case3034,CenterC,C0+LGE+T2,True,5,myops_scar,0.3,0.9348903043170559,0.7450648618161309,1.0,3546,2826,1,0,0,0.004794134235758601,0.0051271626725792885,0.0036092937923967823,0.6640892028808594,0.7429249286651611,0.7429149150848389
srr_batch4_m10d3_full4scale_fold0_seed20260721_htzhulab_59682067,step_1800,Case3034,CenterC,C0+LGE+T2,True,5,myops_scar,0.4,0.9348903043170559,0.7452750352609309,1.0,3545,2826,1,0,0,0.004513399153737658,0.0051271626725792885,0.0036092937923967823,0.6640892028808594,0.7429249286651611,0.7429149150848389
srr_batch4_m10d3_full4scale_fold0_seed20260721_htzhulab_59682067,step_1800,Case3034,CenterC,C0+LGE+T2,True,5,myops_scar,0.5,0.9348903043170559,0.7452750352609309,1.0,3545,2826,1,0,0,0.004513399153737658,0.0051271626725792885,0.0036092937923967823,0.6640892028808594,0.7429249286651611,0.7429149150848389
srr_batch4_m10d3_full4scale_fold0_seed20260721_htzhulab_59682067,step_1800,Case3034,CenterC,C0+LGE+T2,True,5,myops_scar,0.6,0.9348903043170559,0.7452750352609309,1.0,3545,2826,1,0,0,0.004513399153737658,0.0051271626725792885,0.0036092937923967823,0.6640892028808594,0.7429249286651611,0.7429149150848389
srr_batch4_m10d3_full4scale_fold0_seed20260721_htzhulab_59682067,step_1800,Case3034,CenterC,C0+LGE+T2,True,5,myops_scar,0.7,0.9348903043170559,0.7452750352609309,1.0,3545,2826,1,0,0,0.004513399153737658,0.0051271626725792885,0.0036092937923967823,0.6640892028808594,0.7429249286651611,0.7429149150848389
srr_batch4_m10d3_full4scale_fold0_seed20260721_htzhulab_59682067,step_1800,Case3034,CenterC,C0+LGE+T2,True,5,myops_scar,0.8,0.9341825902335457,0.746606334841629,1.0,3536,2826,1,0,0,0.004524886877828055,0.0051271626725792885,0.0036092937923967823,0.6640892028808594,0.7429249286651611,0.7429149150848389
srr_batch4_m10d3_full4scale_fold0_seed20260721_htzhulab_59682067,step_1800,Case3034,CenterC,C0+LGE+T2,True,5,myops_scar,0.9,0.9278131634819533,0.7619877942458587,1.0,3441,2826,1,0,0,0.002906131938390003,0.0051271626725792885,0.0036092937923967823,0.6640892028808594,0.7429249286651611,0.7429149150848389
srr_batch4_m10d3_full4scale_fold0_seed20260721_htzhulab_59682067,step_1800,Case3034,CenterC,C0+LGE+T2,True,4,myops_edema,0.05,0.8577036310107949,0.1740862463898018,0.36363636363636365,10041,2038,125,93,112,0.41310626431630315,0.007060088217258453,0.01995121845975517,0.5594196319580078,0.6309202313423157,0.6302151083946228
srr_batch4_m10d3_full4scale_fold0_seed20260721_htzhulab_59682067,step_1800,Case3034,CenterC,C0+LGE+T2,True,4,myops_edema,0.1,0.7296368989205103,0.5136442141623488,0.18181818181818182,2895,2038,22,18,4,0.01934369602763385,0.007060088217258453,0.01995121845975517,0.5594196319580078,0.6309202313423157,0.6302151083946228
srr_batch4_m10d3_full4scale_fold0_seed20260721_htzhulab_59682067,step_1800,Case3034,CenterC,C0+LGE+T2,True,4,myops_edema,0.2,0.6717369970559371,0.6219900045433894,0.18181818181818182,2201,2038,7,3,0,0.0,0.007060088217258453,0.01995121845975517,0.5594196319580078,0.6309202313423157,0.6302151083946228
srr_batch4_m10d3_full4scale_fold0_seed20260721_htzhulab_59682067,step_1800,Case3034,CenterC,C0+LGE+T2,True,4,myops_edema,0.3,0.6388616290480864,0.6653040367910067,0.18181818181818182,1957,2038,5,1,0,0.0,0.007060088217258453,0.01995121845975517,0.5594196319580078,0.6309202313423157,0.6302151083946228
srr_batch4_m10d3_full4scale_fold0_seed20260721_htzhulab_59682067,step_1800,Case3034,CenterC,C0+LGE+T2,True,4,myops_edema,0.4,0.6241413150147204,0.6816720257234726,0.18181818181818182,1866,2038,4,0,0,0.0,0.007060088217258453,0.01995121845975517,0.5594196319580078,0.6309202313423157,0.6302151083946228
srr_batch4_m10d3_full4scale_fold0_seed20260721_htzhulab_59682067,step_1800,Case3034,CenterC,C0+LGE+T2,True,4,myops_edema,0.5,0.6099116781157998,0.6944134078212291,0.18181818181818182,1790,2038,5,0,0,0.0,0.007060088217258453,0.01995121845975517,0.5594196319580078,0.6309202313423157,0.6302151083946228
srr_batch4_m10d3_full4scale_fold0_seed20260721_htzhulab_59682067,step_1800,Case3034,CenterC,C0+LGE+T2,True,4,myops_edema,0.6,0.6045142296368989,0.7072330654420207,0.18181818181818182,1742,2038,5,1,0,0.0,0.007060088217258453,0.01995121845975517,0.5594196319580078,0.6309202313423157,0.6302151083946228
srr_batch4_m10d3_full4scale_fold0_seed20260721_htzhulab_59682067,step_1800,Case3034,CenterC,C0+LGE+T2,True,4,myops_edema,0.7,0.6040235525024534,0.715281812899477,0.18181818181818182,1721,2038,5,1,0,0.0,0.007060088217258453,0.01995121845975517,0.5594196319580078,0.6309202313423157,0.6302151083946228
srr_batch4_m10d3_full4scale_fold0_seed20260721_htzhulab_59682067,step_1800,Case3034,CenterC,C0+LGE+T2,True,4,myops_edema,0.8,0.6035328753680078,0.7151162790697675,0.18181818181818182,1720,2038,5,1,0,0.0,0.007060088217258453,0.01995121845975517,0.5594196319580078,0.6309202313423157,0.6302151083946228
srr_batch4_m10d3_full4scale_fold0_seed20260721_htzhulab_59682067,step_1800,Case3034,CenterC,C0+LGE+T2,True,4,myops_edema,0.9,0.6035328753680078,0.7151162790697675,0.18181818181818182,1720,2038,5,1,0,0.0,0.007060088217258453,0.01995121845975517,0.5594196319580078,0.6309202313423157,0.6302151083946228
srr_batch4_m10d3_full4scale_fold0_seed20260721_htzhulab_59682067,step_1800,Case3038,CenterC,C0+LGE+T2,True,5,myops_scar,0.05,0.7426893716970053,0.7801628423390081,1.0,8106,8515,2,1,0,0.006415001233654083,0.01099644135683775,0.0032586685847491026,0.5791782140731812,0.6443584561347961,0.6443406939506531
srr_batch4_m10d3_full4scale_fold0_seed20260721_htzhulab_59682067,step_1800,Case3038,CenterC,C0+LGE+T2,True,5,myops_scar,0.1,0.724603640634175,0.7908228659318124,1.0,7802,8515,3,0,0,0.005767751858497821,0.01099644135683775,0.0032586685847491026,0.5791782140731812,0.6443584561347961,0.6443406939506531
srr_batch4_m10d3_full4scale_fold0_seed20260721_htzhulab_59682067,step_1800,Case3038,CenterC,C0+LGE+T2,True,5,myops_scar,0.2,0.7214327657075749,0.7984143488432545,1.0,7694,8515,1,0,0,0.005588770470496491,0.01099644135683775,0.0032586685847491026,0.5791782140731812,0.6443584561347961,0.6443406939506531
srr_batch4_m10d3_full4scale_fold0_seed20260721_htzhulab_59682067,step_1800,Case3038,CenterC,C0+LGE+T2,True,5,myops_scar,0.3,0.7214327657075749,0.7991414075712241,1.0,7687,8515,1,0,0,0.005593859763236633,0.01099644135683775,0.0032586685847491026,0.5791782140731812,0.6443584561347961,0.6443406939506531
srr_batch4_m10d3_full4scale_fold0_seed20260721_htzhulab_59682067,step_1800,Case3038,CenterC,C0+LGE+T2,True,5,myops_scar,0.4,0.7214327657075749,0.7991414075712241,1.0,7687,8515,1,0,0,0.005593859763236633,0.01099644135683775,0.0032586685847491026,0.5791782140731812,0.6443584561347961,0.6443406939506531
srr_batch4_m10d3_full4scale_fold0_seed20260721_htzhulab_59682067,step_1800,Case3038,CenterC,C0+LGE+T2,True,5,myops_scar,0.5,0.7214327657075749,0.7991414075712241,1.0,7687,8515,1,0,0,0.005593859763236633,0.01099644135683775,0.0032586685847491026,0.5791782140731812,0.6443584561347961,0.6443406939506531
srr_batch4_m10d3_full4scale_fold0_seed20260721_htzhulab_59682067,step_1800,Case3038,CenterC,C0+LGE+T2,True,5,myops_scar,0.6,0.7214327657075749,0.7991414075712241,1.0,7687,8515,1,0,0,0.005593859763236633,0.01099644135683775,0.0032586685847491026,0.5791782140731812,0.6443584561347961,0.6443406939506531
srr_batch4_m10d3_full4scale_fold0_seed20260721_htzhulab_59682067,step_1800,Case3038,CenterC,C0+LGE+T2,True,5,myops_scar,0.7,0.7214327657075749,0.7991414075712241,1.0,7687,8515,1,0,0,0.005593859763236633,0.01099644135683775,0.0032586685847491026,0.5791782140731812,0.6443584561347961,0.6443406939506531
srr_batch4_m10d3_full4scale_fold0_seed20260721_htzhulab_59682067,step_1800,Case3038,CenterC,C0+LGE+T2,True,5,myops_scar,0.8,0.7211978860833823,0.7994011976047904,1.0,7682,8515,1,0,0,0.005597500650872169,0.01099644135683775,0.0032586685847491026,0.5791782140731812,0.6443584561347961,0.6443406939506531
srr_batch4_m10d3_full4scale_fold0_seed20260721_htzhulab_59682067,step_1800,Case3038,CenterC,C0+LGE+T2,True,5,myops_scar,0.9,0.71015854374633,0.8050858740513913,1.0,7511,8515,1,0,0,0.0049261083743842365,0.01099644135683775,0.0032586685847491026,0.5791782140731812,0.6443584561347961,0.6443406939506531
srr_batch4_m10d3_full4scale_fold0_seed20260721_htzhulab_59682067,step_1800,Case3038,CenterC,C0+LGE+T2,True,4,myops_edema,0.05,0.5539432176656152,0.08052829496468862,0.36363636363636365,10903,1585,102,91,65,0.31697697881317066,0.0094346534460783,0.019539584405720224,0.49592554569244385,0.5884175896644592,0.5878995060920715
srr_batch4_m10d3_full4scale_fold0_seed20260721_htzhulab_59682067,step_1800,Case3038,CenterC,C0+LGE+T2,True,4,myops_edema,0.1,0.38233438485804416,0.10956427409148436,0.3333333333333333,5531,1585,14,9,8,0.039775809076116435,0.0094346534460783,0.019539584405720224,0.49592554569244385,0.5884175896644592,0.5878995060920715
srr_batch4_m10d3_full4scale_fold0_seed20260721_htzhulab_59682067,step_1800,Case3038,CenterC,C0+LGE+T2,True,4,myops_edema,0.2,0.338801261829653,0.11538461538461539,0.21212121212121213,4654,1585,12,7,0,0.017834121186076492,0.0094346534460783,0.019539584405720224,0.49592554569244385,0.5884175896644592,0.5878995060920715
srr_batch4_m10d3_full4scale_fold0_seed20260721_htzhulab_59682067,step_1800,Case3038,CenterC,C0+LGE+T2,True,4,myops_edema,0.3,0.3205047318611987,0.11772885283893395,0.09090909090909091,4315,1585,9,4,0,0.015527230590961762,0.0094346534460783,0.019539584405720224,0.49592554569244385,0.5884175896644592,0.5878995060920715
srr_batch4_m10d3_full4scale_fold0_seed20260721_htzhulab_59682067,step_1800,Case3038,CenterC,C0+LGE+T2,True,4,myops_edema,0.4,0.30914826498422715,0.11736526946107785,0.06060606060606061,4175,1585,12,8,0,0.014850299401197605,0.0094346534460783,0.019539584405720224,0.49592554569244385,0.5884175896644592,0.5878995060920715
srr_batch4_m10d3_full4scale_fold0_seed20260721_htzhulab_59682067,step_1800,Case3038,CenterC,C0+LGE+T2,True,4,myops_edema,0.5,0.3047318611987382,0.1174325309992706,0.06060606060606061,4113,1585,12,8,0,0.015074155117918793,0.0094346534460783,0.019539584405720224,0.49592554569244385,0.5884175896644592,0.5878995060920715
srr_batch4_m10d3_full4scale_fold0_seed20260721_htzhulab_59682067,step_1800,Case3038,CenterC,C0+LGE+T2,True,4,myops_edema,0.6,0.3003154574132492,0.11675251410350748,0.06060606060606061,4077,1585,12,8,0,0.015207260240372823,0.0094346534460783,0.019539584405720224,0.49592554569244385,0.5884175896644592,0.5878995060920715
srr_batch4_m10d3_full4scale_fold0_seed20260721_htzhulab_59682067,step_1800,Case3038,CenterC,C0+LGE+T2,True,4,myops_edema,0.7,0.29905362776025235,0.11654782394885665,0.06060606060606061,4067,1585,12,8,0,0.01524465207769855,0.0094346534460783,0.019539584405720224,0.49592554569244385,0.5884175896644592,0.5878995060920715
srr_batch4_m10d3_full4scale_fold0_seed20260721_htzhulab_59682067,step_1800,Case3038,CenterC,C0+LGE+T2,True,4,myops_edema,0.8,0.29905362776025235,0.11663385826771654,0.06060606060606061,4064,1585,12,8,0,0.015255905511811024,0.0094346534460783,0.019539584405720224,0.49592554569244385,0.5884175896644592,0.5878995060920715
srr_batch4_m10d3_full4scale_fold0_seed20260721_htzhulab_59682067,step_1800,Case3038,CenterC,C0+LGE+T2,True,4,myops_edema,0.9,0.29905362776025235,0.11700814613675635,0.06060606060606061,4051,1585,12,8,0,0.015304862996790916,0.0094346534460783,0.019539584405720224,0.49592554569244385,0.5884175896644592,0.5878995060920715
srr_batch4_m10d3_full4scale_fold0_seed20260721_htzhulab_59682067,step_1800,Case3040,CenterC,C0+LGE+T2,True,5,myops_scar,0.05,0.7974230493915533,0.9636678200692042,1.0,2312,2794,1,0,0,0.0,0.004112711176276207,0.00305221682647243,0.617658793926239,0.689782977104187,0.6897302865982056
srr_batch4_m10d3_full4scale_fold0_seed20260721_htzhulab_59682067,step_1800,Case3040,CenterC,C0+LGE+T2,True,5,myops_scar,0.1,0.7902648532569793,0.9663019693654267,1.0,2285,2794,1,0,0,0.0,0.004112711176276207,0.00305221682647243,0.617658793926239,0.689782977104187,0.6897302865982056
srr_batch4_m10d3_full4scale_fold0_seed20260721_htzhulab_59682067,step_1800,Case3040,CenterC,C0+LGE+T2,True,5,myops_scar,0.2,0.7891911238367931,0.9671052631578947,1.0,2280,2794,1,0,0,0.0,0.004112711176276207,0.00305221682647243,0.617658793926239,0.689782977104187,0.6897302865982056
srr_batch4_m10d3_full4scale_fold0_seed20260721_htzhulab_59682067,step_1800,Case3040,CenterC,C0+LGE+T2,True,5,myops_scar,0.3,0.7891911238367931,0.9671052631578947,1.0,2280,2794,1,0,0,0.0,0.004112711176276207,0.00305221682647243,0.617658793926239,0.689782977104187,0.6897302865982056
srr_batch4_m10d3_full4scale_fold0_seed20260721_htzhulab_59682067,step_1800,Case3040,CenterC,C0+LGE+T2,True,5,myops_scar,0.4,0.7891911238367931,0.9671052631578947,1.0,2280,2794,1,0,0,0.0,0.004112711176276207,0.00305221682647243,0.617658793926239,0.689782977104187,0.6897302865982056
srr_batch4_m10d3_full4scale_fold0_seed20260721_htzhulab_59682067,step_1800,Case3040,CenterC,C0+LGE+T2,True,5,myops_scar,0.5,0.7891911238367931,0.9671052631578947,1.0,2280,2794,1,0,0,0.0,0.004112711176276207,0.00305221682647243,0.617658793926239,0.689782977104187,0.6897302865982056
srr_batch4_m10d3_full4scale_fold0_seed20260721_htzhulab_59682067,step_1800,Case3040,CenterC,C0+LGE+T2,True,5,myops_scar,0.6,0.7891911238367931,0.9671052631578947,1.0,2280,2794,1,0,0,0.0,0.004112711176276207,0.00305221682647243,0.617658793926239,0.689782977104187,0.6897302865982056
srr_batch4_m10d3_full4scale_fold0_seed20260721_htzhulab_59682067,step_1800,Case3040,CenterC,C0+LGE+T2,True,5,myops_scar,0.7,0.7891911238367931,0.9671052631578947,1.0,2280,2794,1,0,0,0.0,0.004112711176276207,0.00305221682647243,0.617658793926239,0.689782977104187,0.6897302865982056
srr_batch4_m10d3_full4scale_fold0_seed20260721_htzhulab_59682067,step_1800,Case3040,CenterC,C0+LGE+T2,True,5,myops_scar,0.8,0.7891911238367931,0.9671052631578947,1.0,2280,2794,1,0,0,0.0,0.004112711176276207,0.00305221682647243,0.617658793926239,0.689782977104187,0.6897302865982056
srr_batch4_m10d3_full4scale_fold0_seed20260721_htzhulab_59682067,step_1800,Case3040,CenterC,C0+LGE+T2,True,5,myops_scar,0.9,0.7806012884753042,0.9697643397065362,1.0,2249,2794,1,0,0,0.0,0.004112711176276207,0.00305221682647243,0.617658793926239,0.689782977104187,0.6897302865982056
srr_batch4_m10d3_full4scale_fold0_seed20260721_htzhulab_59682067,step_1800,Case3040,CenterC,C0+LGE+T2,True,4,myops_edema,0.05,0.8117283950617284,0.03048215113583681,0.6,8628,324,52,37,46,0.48574408901251737,0.006568782962858677,0.018437020201236,0.523942232131958,0.6053838133811951,0.6041837930679321
srr_batch4_m10d3_full4scale_fold0_seed20260721_htzhulab_59682067,step_1800,Case3040,CenterC,C0+LGE+T2,True,4,myops_edema,0.1,0.7716049382716049,0.0973141300116777,0.5,2569,324,26,18,18,0.1837290774620475,0.006568782962858677,0.018437020201236,0.523942232131958,0.6053838133811951,0.6041837930679321
srr_batch4_m10d3_full4scale_fold0_seed20260721_htzhulab_59682067,step_1800,Case3040,CenterC,C0+LGE+T2,True,4,myops_edema,0.2,0.7222222222222222,0.13533834586466165,0.4,1729,324,4,2,1,0.11798727588201273,0.006568782962858677,0.018437020201236,0.523942232131958,0.6053838133811951,0.6041837930679321
srr_batch4_m10d3_full4scale_fold0_seed20260721_htzhulab_59682067,step_1800,Case3040,CenterC,C0+LGE+T2,True,4,myops_edema,0.3,0.6975308641975309,0.14394904458598726,0.4,1570,324,5,2,1,0.12929936305732484,0.006568782962858677,0.018437020201236,0.523942232131958,0.6053838133811951,0.6041837930679321
srr_batch4_m10d3_full4scale_fold0_seed20260721_htzhulab_59682067,step_1800,Case3040,CenterC,C0+LGE+T2,True,4,myops_edema,0.4,0.6882716049382716,0.15037086985839515,0.4,1483,324,8,5,1,0.13553607552258934,0.006568782962858677,0.018437020201236,0.523942232131958,0.6053838133811951,0.6041837930679321
srr_batch4_m10d3_full4scale_fold0_seed20260721_htzhulab_59682067,step_1800,Case3040,CenterC,C0+LGE+T2,True,4,myops_edema,0.5,0.6697530864197531,0.15090403337969402,0.4,1438,324,8,5,1,0.1383866481223922,0.006568782962858677,0.018437020201236,0.523942232131958,0.6053838133811951,0.6041837930679321
srr_batch4_m10d3_full4scale_fold0_seed20260721_htzhulab_59682067,step_1800,Case3040,CenterC,C0+LGE+T2,True,4,myops_edema,0.6,0.6635802469135802,0.1524822695035461,0.4,1410,324,10,6,1,0.1397163120567376,0.006568782962858677,0.018437020201236,0.523942232131958,0.6053838133811951,0.6041837930679321
srr_batch4_m10d3_full4scale_fold0_seed20260721_htzhulab_59682067,step_1800,Case3040,CenterC,C0+LGE+T2,True,4,myops_edema,0.7,0.6635802469135802,0.15335235378031384,0.4,1402,324,10,6,1,0.1390870185449358,0.006568782962858677,0.018437020201236,0.523942232131958,0.6053838133811951,0.6041837930679321
srr_batch4_m10d3_full4scale_fold0_seed20260721_htzhulab_59682067,step_1800,Case3040,CenterC,C0+LGE+T2,True,4,myops_edema,0.8,0.6635802469135802,0.15335235378031384,0.4,1402,324,10,6,1,0.1390870185449358,0.006568782962858677,0.018437020201236,0.523942232131958,0.6053838133811951,0.6041837930679321
srr_batch4_m10d3_full4scale_fold0_seed20260721_htzhulab_59682067,step_1800,Case3040,CenterC,C0+LGE+T2,True,4,myops_edema,0.9,0.6635802469135802,0.15335235378031384,0.4,1402,324,10,6,1,0.1390870185449358,0.006568782962858677,0.018437020201236,0.523942232131958,0.6053838133811951,0.6041837930679321
srr_batch4_m10d3_full4scale_fold0_seed20260721_htzhulab_59682067,step_1800,Case3044,CenterC,C0+LGE+T2,True,5,myops_scar,0.05,0.6718560802629303,0.9550036882222769,1.0,4067,5781,2,1,1,0.0,0.006266599055379629,0.002845132583752274,0.631534218788147,0.7050312161445618,0.7049521803855896
srr_batch4_m10d3_full4scale_fold0_seed20260721_htzhulab_59682067,step_1800,Case3044,CenterC,C0+LGE+T2,True,5,myops_scar,0.1,0.6651098425877876,0.9559920437593237,1.0,4022,5781,2,1,1,0.0,0.006266599055379629,0.002845132583752274,0.631534218788147,0.7050312161445618,0.7049521803855896
srr_batch4_m10d3_full4scale_fold0_seed20260721_htzhulab_59682067,step_1800,Case3044,CenterC,C0+LGE+T2,True,5,myops_scar,0.2,0.6651098425877876,0.9559920437593237,1.0,4022,5781,2,1,1,0.0,0.006266599055379629,0.002845132583752274,0.631534218788147,0.7050312161445618,0.7049521803855896
srr_batch4_m10d3_full4scale_fold0_seed20260721_htzhulab_59682067,step_1800,Case3044,CenterC,C0+LGE+T2,True,5,myops_scar,0.3,0.6651098425877876,0.9559920437593237,1.0,4022,5781,2,1,1,0.0,0.006266599055379629,0.002845132583752274,0.631534218788147,0.7050312161445618,0.7049521803855896
srr_batch4_m10d3_full4scale_fold0_seed20260721_htzhulab_59682067,step_1800,Case3044,CenterC,C0+LGE+T2,True,5,myops_scar,0.4,0.6651098425877876,0.9559920437593237,1.0,4022,5781,2,1,1,0.0,0.006266599055379629,0.002845132583752274,0.631534218788147,0.7050312161445618,0.7049521803855896
srr_batch4_m10d3_full4scale_fold0_seed20260721_htzhulab_59682067,step_1800,Case3044,CenterC,C0+LGE+T2,True,5,myops_scar,0.5,0.6651098425877876,0.9559920437593237,1.0,4022,5781,2,1,1,0.0,0.006266599055379629,0.002845132583752274,0.631534218788147,0.7050312161445618,0.7049521803855896
srr_batch4_m10d3_full4scale_fold0_seed20260721_htzhulab_59682067,step_1800,Case3044,CenterC,C0+LGE+T2,True,5,myops_scar,0.6,0.6651098425877876,0.9559920437593237,1.0,4022,5781,2,1,1,0.0,0.006266599055379629,0.002845132583752274,0.631534218788147,0.7050312161445618,0.7049521803855896
srr_batch4_m10d3_full4scale_fold0_seed20260721_htzhulab_59682067,step_1800,Case3044,CenterC,C0+LGE+T2,True,5,myops_scar,0.7,0.6651098425877876,0.9559920437593237,1.0,4022,5781,2,1,1,0.0,0.006266599055379629,0.002845132583752274,0.631534218788147,0.7050312161445618,0.7049521803855896
srr_batch4_m10d3_full4scale_fold0_seed20260721_htzhulab_59682067,step_1800,Case3044,CenterC,C0+LGE+T2,True,5,myops_scar,0.8,0.6635530185089085,0.9566084788029925,1.0,4010,5781,2,1,1,0.0,0.006266599055379629,0.002845132583752274,0.631534218788147,0.7050312161445618,0.7049521803855896
srr_batch4_m10d3_full4scale_fold0_seed20260721_htzhulab_59682067,step_1800,Case3044,CenterC,C0+LGE+T2,True,5,myops_scar,0.9,0.6521363085971286,0.9600203717850777,1.0,3927,5781,2,1,1,0.0,0.006266599055379629,0.002845132583752274,0.631534218788147,0.7050312161445618,0.7049521803855896
srr_batch4_m10d3_full4scale_fold0_seed20260721_htzhulab_59682067,step_1800,Case3044,CenterC,C0+LGE+T2,True,4,myops_edema,0.05,0.8517110266159695,0.031917925334853235,0.9,7018,263,83,63,79,0.37546309489883156,0.007256469689309597,0.019054595753550525,0.5283854603767395,0.6087124347686768,0.6079260110855103
srr_batch4_m10d3_full4scale_fold0_seed20260721_htzhulab_59682067,step_1800,Case3044,CenterC,C0+LGE+T2,True,4,myops_edema,0.1,0.7490494296577946,0.06429503916449086,0.8,3064,263,16,12,7,0.06755874673629243,0.007256469689309597,0.019054595753550525,0.5283854603767395,0.6087124347686768,0.6079260110855103
srr_batch4_m10d3_full4scale_fold0_seed20260721_htzhulab_59682067,step_1800,Case3044,CenterC,C0+LGE+T2,True,4,myops_edema,0.2,0.6996197718631179,0.07701967350355797,0.65,2389,263,10,8,1,0.009627459187944746,0.007256469689309597,0.019054595753550525,0.5283854603767395,0.6087124347686768,0.6079260110855103
srr_batch4_m10d3_full4scale_fold0_seed20260721_htzhulab_59682067,step_1800,Case3044,CenterC,C0+LGE+T2,True,4,myops_edema,0.3,0.6844106463878327,0.08522727272727272,0.65,2112,263,9,6,0,0.007102272727272727,0.007256469689309597,0.019054595753550525,0.5283854603767395,0.6087124347686768,0.6079260110855103
srr_batch4_m10d3_full4scale_fold0_seed20260721_htzhulab_59682067,step_1800,Case3044,CenterC,C0+LGE+T2,True,4,myops_edema,0.4,0.6806083650190115,0.09017632241813602,0.65,1985,263,18,15,0,0.005037783375314861,0.007256469689309597,0.019054595753550525,0.5283854603767395,0.6087124347686768,0.6079260110855103
srr_batch4_m10d3_full4scale_fold0_seed20260721_htzhulab_59682067,step_1800,Case3044,CenterC,C0+LGE+T2,True,4,myops_edema,0.5,0.6806083650190115,0.09308372334893396,0.65,1923,263,19,16,0,0.005200208008320333,0.007256469689309597,0.019054595753550525,0.5283854603767395,0.6087124347686768,0.6079260110855103
srr_batch4_m10d3_full4scale_fold0_seed20260721_htzhulab_59682067,step_1800,Case3044,CenterC,C0+LGE+T2,True,4,myops_edema,0.6,0.6806083650190115,0.09430979978925184,0.65,1898,263,19,16,0,0.005268703898840885,0.007256469689309597,0.019054595753550525,0.5283854603767395,0.6087124347686768,0.6079260110855103
srr_batch4_m10d3_full4scale_fold0_seed20260721_htzhulab_59682067,step_1800,Case3044,CenterC,C0+LGE+T2,True,4,myops_edema,0.7,0.6806083650190115,0.09455890121500264,0.65,1893,263,19,16,0,0.005282620179609086,0.007256469689309597,0.019054595753550525,0.5283854603767395,0.6087124347686768,0.6079260110855103
srr_batch4_m10d3_full4scale_fold0_seed20260721_htzhulab_59682067,step_1800,Case3044,CenterC,C0+LGE+T2,True,4,myops_edema,0.8,0.6806083650190115,0.09460887949260043,0.65,1892,263,19,16,0,0.005285412262156448,0.007256469689309597,0.019054595753550525,0.5283854603767395,0.6087124347686768,0.6079260110855103
srr_batch4_m10d3_full4scale_fold0_seed20260721_htzhulab_59682067,step_1800,Case3044,CenterC,C0+LGE+T2,True,4,myops_edema,0.9,0.6806083650190115,0.09460887949260043,0.65,1892,263,19,16,0,0.005285412262156448,0.007256469689309597,0.019054595753550525,0.5283854603767395,0.6087124347686768,0.6079260110855103
srr_batch4_m10d3_full4scale_fold0_seed20260721_htzhulab_59682067,step_1800,Case5005,CenterE,C0+LGE,False,5,myops_scar,0.05,0.8032229185317815,0.3225249838234237,1.0,13909,5585,6,3,5,0.35919189014307285,0.0148098049685359,0.026922527700662613,0.7090215086936951,0.7929103374481201,0.7928406596183777
srr_batch4_m10d3_full4scale_fold0_seed20260721_htzhulab_59682067,step_1800,Case5005,CenterE,C0+LGE,False,5,myops_scar,0.1,0.7344673231871083,0.4421211467988791,1.0,9278,5585,6,1,4,0.27915499029963353,0.0148098049685359,0.026922527700662613,0.7090215086936951,0.7929103374481201,0.7928406596183777
srr_batch4_m10d3_full4scale_fold0_seed20260721_htzhulab_59682067,step_1800,Case5005,CenterE,C0+LGE,False,5,myops_scar,0.2,0.6519247985675918,0.5928036470205145,1.0,6142,5585,13,7,4,0.18397915988277433,0.0148098049685359,0.026922527700662613,0.7090215086936951,0.7929103374481201,0.7928406596183777
srr_batch4_m10d3_full4scale_fold0_seed20260721_htzhulab_59682067,step_1800,Case5005,CenterE,C0+LGE,False,5,myops_scar,0.3,0.6003581020590868,0.6841460926341563,1.0,4901,5585,7,3,4,0.14221587431136504,0.0148098049685359,0.026922527700662613,0.7090215086936951,0.7929103374481201,0.7928406596183777
srr_batch4_m10d3_full4scale_fold0_seed20260721_htzhulab_59682067,step_1800,Case5005,CenterE,C0+LGE,False,5,myops_scar,0.4,0.5681289167412713,0.7629237797547488,1.0,4159,5585,8,3,4,0.1125270497715797,0.0148098049685359,0.026922527700662613,0.7090215086936951,0.7929103374481201,0.7928406596183777
srr_batch4_m10d3_full4scale_fold0_seed20260721_htzhulab_59682067,step_1800,Case5005,CenterE,C0+LGE,False,5,myops_scar,0.5,0.5448522829006267,0.8147255689424364,1.0,3735,5585,4,3,2,0.09772423025435073,0.0148098049685359,0.026922527700662613,0.7090215086936951,0.7929103374481201,0.7928406596183777
srr_batch4_m10d3_full4scale_fold0_seed20260721_htzhulab_59682067,step_1800,Case5005,CenterE,C0+LGE,False,5,myops_scar,0.6,0.5264100268576545,0.8506944444444444,1.0,3456,5585,2,1,0,0.08449074074074074,0.0148098049685359,0.026922527700662613,0.7090215086936951,0.7929103374481201,0.7928406596183777
srr_batch4_m10d3_full4scale_fold0_seed20260721_htzhulab_59682067,step_1800,Case5005,CenterE,C0+LGE,False,5,myops_scar,0.7,0.5099373321396597,0.8714810281517748,1.0,3268,5585,1,0,0,0.07864137086903304,0.0148098049685359,0.026922527700662613,0.7090215086936951,0.7929103374481201,0.7928406596183777
srr_batch4_m10d3_full4scale_fold0_seed20260721_htzhulab_59682067,step_1800,Case5005,CenterE,C0+LGE,False,5,myops_scar,0.8,0.48325872873769027,0.8834697217675941,1.0,3055,5585,1,0,0,0.07430441898527004,0.0148098049685359,0.026922527700662613,0.7090215086936951,0.7929103374481201,0.7928406596183777
srr_batch4_m10d3_full4scale_fold0_seed20260721_htzhulab_59682067,step_1800,Case5005,CenterE,C0+LGE,False,5,myops_scar,0.9,0.4513876454789615,0.8886147338738104,1.0,2837,5585,1,0,0,0.0736693690518153,0.0148098049685359,0.026922527700662613,0.7090215086936951,0.7929103374481201,0.7928406596183777
srr_batch4_m10d3_full4scale_fold0_seed20260721_htzhulab_59682067,step_1800,Case5005,CenterE,C0+LGE,False,4,myops_edema,0.05,,,,0,0,0,0,0,,2.0611545803461695e-09,2.061153470123145e-09,0.8207569122314453,0.8201314806938171,0.8201314806938171
srr_batch4_m10d3_full4scale_fold0_seed20260721_htzhulab_59682067,step_1800,Case5005,CenterE,C0+LGE,False,4,myops_edema,0.1,,,,0,0,0,0,0,,2.0611545803461695e-09,2.061153470123145e-09,0.8207569122314453,0.8201314806938171,0.8201314806938171
srr_batch4_m10d3_full4scale_fold0_seed20260721_htzhulab_59682067,step_1800,Case5005,CenterE,C0+LGE,False,4,myops_edema,0.2,,,,0,0,0,0,0,,2.0611545803461695e-09,2.061153470123145e-09,0.8207569122314453,0.8201314806938171,0.8201314806938171
srr_batch4_m10d3_full4scale_fold0_seed20260721_htzhulab_59682067,step_1800,Case5005,CenterE,C0+LGE,False,4,myops_edema,0.3,,,,0,0,0,0,0,,2.0611545803461695e-09,2.061153470123145e-09,0.8207569122314453,0.8201314806938171,0.8201314806938171
srr_batch4_m10d3_full4scale_fold0_seed20260721_htzhulab_59682067,step_1800,Case5005,CenterE,C0+LGE,False,4,myops_edema,0.4,,,,0,0,0,0,0,,2.0611545803461695e-09,2.061153470123145e-09,0.8207569122314453,0.8201314806938171,0.8201314806938171
srr_batch4_m10d3_full4scale_fold0_seed20260721_htzhulab_59682067,step_1800,Case5005,CenterE,C0+LGE,False,4,myops_edema,0.5,,,,0,0,0,0,0,,2.0611545803461695e-09,2.061153470123145e-09,0.8207569122314453,0.8201314806938171,0.8201314806938171
srr_batch4_m10d3_full4scale_fold0_seed20260721_htzhulab_59682067,step_1800,Case5005,CenterE,C0+LGE,False,4,myops_edema,0.6,,,,0,0,0,0,0,,2.0611545803461695e-09,2.061153470123145e-09,0.8207569122314453,0.8201314806938171,0.8201314806938171
srr_batch4_m10d3_full4scale_fold0_seed20260721_htzhulab_59682067,step_1800,Case5005,CenterE,C0+LGE,False,4,myops_edema,0.7,,,,0,0,0,0,0,,2.0611545803461695e-09,2.061153470123145e-09,0.8207569122314453,0.8201314806938171,0.8201314806938171
srr_batch4_m10d3_full4scale_fold0_seed20260721_htzhulab_59682067,step_1800,Case5005,CenterE,C0+LGE,False,4,myops_edema,0.8,,,,0,0,0,0,0,,2.0611545803461695e-09,2.061153470123145e-09,0.8207569122314453,0.8201314806938171,0.8201314806938171
srr_batch4_m10d3_full4scale_fold0_seed20260721_htzhulab_59682067,step_1800,Case5005,CenterE,C0+LGE,False,4,myops_edema,0.9,,,,0,0,0,0,0,,2.0611545803461695e-09,2.061153470123145e-09,0.8207569122314453,0.8201314806938171,0.8201314806938171
srr_batch4_m10d3_full4scale_fold0_seed20260721_htzhulab_59682067,step_1800,Case6001,CenterF,C0+LGE,False,5,myops_scar,0.05,0.9509433962264151,0.0889778143941623,1.0,16993,1590,29,17,26,0.4648384628964868,0.009017763659358025,0.02099702721461653,0.6834445595741272,0.7689144015312195,0.7686801552772522
srr_batch4_m10d3_full4scale_fold0_seed20260721_htzhulab_59682067,step_1800,Case6001,CenterF,C0+LGE,False,5,myops_scar,0.1,0.8924528301886793,0.14218436873747495,1.0,9980,1590,29,21,20,0.3061122244488978,0.009017763659358025,0.02099702721461653,0.6834445595741272,0.7689144015312195,0.7686801552772522
srr_batch4_m10d3_full4scale_fold0_seed20260721_htzhulab_59682067,step_1800,Case6001,CenterF,C0+LGE,False,5,myops_scar,0.2,0.8415094339622642,0.24478594950603733,1.0,5466,1590,17,12,3,0.12769849981705086,0.009017763659358025,0.02099702721461653,0.6834445595741272,0.7689144015312195,0.7686801552772522
srr_batch4_m10d3_full4scale_fold0_seed20260721_htzhulab_59682067,step_1800,Case6001,CenterF,C0+LGE,False,5,myops_scar,0.3,0.7937106918238994,0.3161322645290581,1.0,3992,1590,13,10,2,0.0811623246492986,0.009017763659358025,0.02099702721461653,0.6834445595741272,0.7689144015312195,0.7686801552772522
srr_batch4_m10d3_full4scale_fold0_seed20260721_htzhulab_59682067,step_1800,Case6001,CenterF,C0+LGE,False,5,myops_scar,0.4,0.740880503144654,0.38408868601238993,1.0,3067,1590,16,14,2,0.062275839582654056,0.009017763659358025,0.02099702721461653,0.6834445595741272,0.7689144015312195,0.7686801552772522
srr_batch4_m10d3_full4scale_fold0_seed20260721_htzhulab_59682067,step_1800,Case6001,CenterF,C0+LGE,False,5,myops_scar,0.5,0.6779874213836478,0.43537964458804523,1.0,2476,1590,12,10,0,0.04240710823909531,0.009017763659358025,0.02099702721461653,0.6834445595741272,0.7689144015312195,0.7686801552772522
srr_batch4_m10d3_full4scale_fold0_seed20260721_htzhulab_59682067,step_1800,Case6001,CenterF,C0+LGE,False,5,myops_scar,0.6,0.6257861635220126,0.47836538461538464,1.0,2080,1590,10,6,0,0.03894230769230769,0.009017763659358025,0.02099702721461653,0.6834445595741272,0.7689144015312195,0.7686801552772522
srr_batch4_m10d3_full4scale_fold0_seed20260721_htzhulab_59682067,step_1800,Case6001,CenterF,C0+LGE,False,5,myops_scar,0.7,0.5654088050314465,0.49944444444444447,1.0,1800,1590,11,5,0,0.03777777777777778,0.009017763659358025,0.02099702721461653,0.6834445595741272,0.7689144015312195,0.7686801552772522
srr_batch4_m10d3_full4scale_fold0_seed20260721_htzhulab_59682067,step_1800,Case6001,CenterF,C0+LGE,False,5,myops_scar,0.8,0.5050314465408805,0.5066246056782334,1.0,1585,1590,12,7,0,0.038485804416403785,0.009017763659358025,0.02099702721461653,0.6834445595741272,0.7689144015312195,0.7686801552772522
srr_batch4_m10d3_full4scale_fold0_seed20260721_htzhulab_59682067,step_1800,Case6001,CenterF,C0+LGE,False,5,myops_scar,0.9,0.45534591194968554,0.5080701754385964,1.0,1425,1590,13,9,0,0.037894736842105266,0.009017763659358025,0.02099702721461653,0.6834445595741272,0.7689144015312195,0.7686801552772522
srr_batch4_m10d3_full4scale_fold0_seed20260721_htzhulab_59682067,step_1800,Case6001,CenterF,C0+LGE,False,4,myops_edema,0.05,,,,0,0,0,0,0,,2.0611552464799843e-09,2.061153470123145e-09,0.814245343208313,0.8155824542045593,0.8155824542045593
srr_batch4_m10d3_full4scale_fold0_seed20260721_htzhulab_59682067,step_1800,Case6001,CenterF,C0+LGE,False,4,myops_edema,0.1,,,,0,0,0,0,0,,2.0611552464799843e-09,2.061153470123145e-09,0.814245343208313,0.8155824542045593,0.8155824542045593
srr_batch4_m10d3_full4scale_fold0_seed20260721_htzhulab_59682067,step_1800,Case6001,CenterF,C0+LGE,False,4,myops_edema,0.2,,,,0,0,0,0,0,,2.0611552464799843e-09,2.061153470123145e-09,0.814245343208313,0.8155824542045593,0.8155824542045593
srr_batch4_m10d3_full4scale_fold0_seed20260721_htzhulab_59682067,step_1800,Case6001,CenterF,C0+LGE,False,4,myops_edema,0.3,,,,0,0,0,0,0,,2.0611552464799843e-09,2.061153470123145e-09,0.814245343208313,0.8155824542045593,0.8155824542045593
srr_batch4_m10d3_full4scale_fold0_seed20260721_htzhulab_59682067,step_1800,Case6001,CenterF,C0+LGE,False,4,myops_edema,0.4,,,,0,0,0,0,0,,2.0611552464799843e-09,2.061153470123145e-09,0.814245343208313,0.8155824542045593,0.8155824542045593
srr_batch4_m10d3_full4scale_fold0_seed20260721_htzhulab_59682067,step_1800,Case6001,CenterF,C0+LGE,False,4,myops_edema,0.5,,,,0,0,0,0,0,,2.0611552464799843e-09,2.061153470123145e-09,0.814245343208313,0.8155824542045593,0.8155824542045593
srr_batch4_m10d3_full4scale_fold0_seed20260721_htzhulab_59682067,step_1800,Case6001,CenterF,C0+LGE,False,4,myops_edema,0.6,,,,0,0,0,0,0,,2.0611552464799843e-09,2.061153470123145e-09,0.814245343208313,0.8155824542045593,0.8155824542045593
srr_batch4_m10d3_full4scale_fold0_seed20260721_htzhulab_59682067,step_1800,Case6001,CenterF,C0+LGE,False,4,myops_edema,0.7,,,,0,0,0,0,0,,2.0611552464799843e-09,2.061153470123145e-09,0.814245343208313,0.8155824542045593,0.8155824542045593
srr_batch4_m10d3_full4scale_fold0_seed20260721_htzhulab_59682067,step_1800,Case6001,CenterF,C0+LGE,False,4,myops_edema,0.8,,,,0,0,0,0,0,,2.0611552464799843e-09,2.061153470123145e-09,0.814245343208313,0.8155824542045593,0.8155824542045593
srr_batch4_m10d3_full4scale_fold0_seed20260721_htzhulab_59682067,step_1800,Case6001,CenterF,C0+LGE,False,4,myops_edema,0.9,,,,0,0,0,0,0,,2.0611552464799843e-09,2.061153470123145e-09,0.814245343208313,0.8155824542045593,0.8155824542045593
srr_batch4_m10d3_full4scale_fold0_seed20260721_htzhulab_59682067,step_1800,Case6010,CenterF,C0+LGE,False,5,myops_scar,0.05,0.5837075048107762,0.06006997161528814,0.5,15149,1559,18,10,11,0.8892336127797215,0.009397130459547043,0.0322964545339346,0.6859739422798157,0.7684347033500671,0.7684133648872375
srr_batch4_m10d3_full4scale_fold0_seed20260721_htzhulab_59682067,step_1800,Case6010,CenterF,C0+LGE,False,5,myops_scar,0.1,0.5285439384220654,0.09586969168121001,0.5,8595,1559,16,7,8,0.8521233275159976,0.009397130459547043,0.0322964545339346,0.6859739422798157,0.7684347033500671,0.7684133648872375
srr_batch4_m10d3_full4scale_fold0_seed20260721_htzhulab_59682067,step_1800,Case6010,CenterF,C0+LGE,False,5,myops_scar,0.2,0.4746632456703015,0.15751383567475521,0.5,4698,1559,16,6,5,0.7790549169859514,0.009397130459547043,0.0322964545339346,0.6859739422798157,0.7684347033500671,0.7684133648872375
srr_batch4_m10d3_full4scale_fold0_seed20260721_htzhulab_59682067,step_1800,Case6010,CenterF,C0+LGE,False,5,myops_scar,0.3,0.4445157152020526,0.21448467966573817,0.5,3231,1559,16,8,7,0.7118539151965336,0.009397130459547043,0.0322964545339346,0.6859739422798157,0.7684347033500671,0.7684133648872375
srr_batch4_m10d3_full4scale_fold0_seed20260721_htzhulab_59682067,step_1800,Case6010,CenterF,C0+LGE,False,5,myops_scar,0.4,0.4284797947402181,0.27399507793273176,0.5,2438,1559,13,4,4,0.6374077112387203,0.009397130459547043,0.0322964545339346,0.6859739422798157,0.7684347033500671,0.7684133648872375
srr_batch4_m10d3_full4scale_fold0_seed20260721_htzhulab_59682067,step_1800,Case6010,CenterF,C0+LGE,False,5,myops_scar,0.5,0.42014111610006416,0.33955417314670816,0.5,1929,1559,12,3,3,0.5526179367547952,0.009397130459547043,0.0322964545339346,0.6859739422798157,0.7684347033500671,0.7684133648872375
srr_batch4_m10d3_full4scale_fold0_seed20260721_htzhulab_59682067,step_1800,Case6010,CenterF,C0+LGE,False,5,myops_scar,0.6,0.4156510583707505,0.43548387096774194,0.5,1488,1559,15,6,6,0.4307795698924731,0.009397130459547043,0.0322964545339346,0.6859739422798157,0.7684347033500671,0.7684133648872375
srr_batch4_m10d3_full4scale_fold0_seed20260721_htzhulab_59682067,step_1800,Case6010,CenterF,C0+LGE,False,5,myops_scar,0.7,0.40987812700449006,0.5542064180398959,0.5,1153,1559,15,7,6,0.27840416305290544,0.009397130459547043,0.0322964545339346,0.6859739422798157,0.7684347033500671,0.7684133648872375
srr_batch4_m10d3_full4scale_fold0_seed20260721_htzhulab_59682067,step_1800,Case6010,CenterF,C0+LGE,False,5,myops_scar,0.8,0.4060295060936498,0.6406882591093117,0.5,988,1559,13,7,4,0.17813765182186234,0.009397130459547043,0.0322964545339346,0.6859739422798157,0.7684347033500671,0.7684133648872375
srr_batch4_m10d3_full4scale_fold0_seed20260721_htzhulab_59682067,step_1800,Case6010,CenterF,C0+LGE,False,5,myops_scar,0.9,0.3983322642719692,0.6578389830508474,0.5,944,1559,8,2,0,0.16101694915254236,0.009397130459547043,0.0322964545339346,0.6859739422798157,0.7684347033500671,0.7684133648872375
srr_batch4_m10d3_full4scale_fold0_seed20260721_htzhulab_59682067,step_1800,Case6010,CenterF,C0+LGE,False,4,myops_edema,0.05,,,,0,0,0,0,0,,2.0611552464799843e-09,2.061153470123145e-09,0.8225337862968445,0.8234410881996155,0.8234410881996155
srr_batch4_m10d3_full4scale_fold0_seed20260721_htzhulab_59682067,step_1800,Case6010,CenterF,C0+LGE,False,4,myops_edema,0.1,,,,0,0,0,0,0,,2.0611552464799843e-09,2.061153470123145e-09,0.8225337862968445,0.8234410881996155,0.8234410881996155
srr_batch4_m10d3_full4scale_fold0_seed20260721_htzhulab_59682067,step_1800,Case6010,CenterF,C0+LGE,False,4,myops_edema,0.2,,,,0,0,0,0,0,,2.0611552464799843e-09,2.061153470123145e-09,0.8225337862968445,0.8234410881996155,0.8234410881996155
srr_batch4_m10d3_full4scale_fold0_seed20260721_htzhulab_59682067,step_1800,Case6010,CenterF,C0+LGE,False,4,myops_edema,0.3,,,,0,0,0,0,0,,2.0611552464799843e-09,2.061153470123145e-09,0.8225337862968445,0.8234410881996155,0.8234410881996155
srr_batch4_m10d3_full4scale_fold0_seed20260721_htzhulab_59682067,step_1800,Case6010,CenterF,C0+LGE,False,4,myops_edema,0.4,,,,0,0,0,0,0,,2.0611552464799843e-09,2.061153470123145e-09,0.8225337862968445,0.8234410881996155,0.8234410881996155
srr_batch4_m10d3_full4scale_fold0_seed20260721_htzhulab_59682067,step_1800,Case6010,CenterF,C0+LGE,False,4,myops_edema,0.5,,,,0,0,0,0,0,,2.0611552464799843e-09,2.061153470123145e-09,0.8225337862968445,0.8234410881996155,0.8234410881996155
srr_batch4_m10d3_full4scale_fold0_seed20260721_htzhulab_59682067,step_1800,Case6010,CenterF,C0+LGE,False,4,myops_edema,0.6,,,,0,0,0,0,0,,2.0611552464799843e-09,2.061153470123145e-09,0.8225337862968445,0.8234410881996155,0.8234410881996155
srr_batch4_m10d3_full4scale_fold0_seed20260721_htzhulab_59682067,step_1800,Case6010,CenterF,C0+LGE,False,4,myops_edema,0.7,,,,0,0,0,0,0,,2.0611552464799843e-09,2.061153470123145e-09,0.8225337862968445,0.8234410881996155,0.8234410881996155
srr_batch4_m10d3_full4scale_fold0_seed20260721_htzhulab_59682067,step_1800,Case6010,CenterF,C0+LGE,False,4,myops_edema,0.8,,,,0,0,0,0,0,,2.0611552464799843e-09,2.061153470123145e-09,0.8225337862968445,0.8234410881996155,0.8234410881996155
srr_batch4_m10d3_full4scale_fold0_seed20260721_htzhulab_59682067,step_1800,Case6010,CenterF,C0+LGE,False,4,myops_edema,0.9,,,,0,0,0,0,0,,2.0611552464799843e-09,2.061153470123145e-09,0.8225337862968445,0.8234410881996155,0.8234410881996155
srr_batch4_m10d3_full4scale_fold0_seed20260721_htzhulab_59682067,step_1800,Case7005,CenterG,C0+LGE,False,5,myops_scar,0.05,,0.0,,11521,0,46,33,46,0.8373405086364031,0.011039194650948048,0.03823929876089091,0.7167887091636658,0.7993248701095581,0.7992358803749084
srr_batch4_m10d3_full4scale_fold0_seed20260721_htzhulab_59682067,step_1800,Case7005,CenterG,C0+LGE,False,5,myops_scar,0.1,,0.0,,5707,0,33,21,33,0.932188540388996,0.011039194650948048,0.03823929876089091,0.7167887091636658,0.7993248701095581,0.7992358803749084
srr_batch4_m10d3_full4scale_fold0_seed20260721_htzhulab_59682067,step_1800,Case7005,CenterG,C0+LGE,False,5,myops_scar,0.2,,0.0,,3464,0,21,14,21,0.9705542725173211,0.011039194650948048,0.03823929876089091,0.7167887091636658,0.7993248701095581,0.7992358803749084
srr_batch4_m10d3_full4scale_fold0_seed20260721_htzhulab_59682067,step_1800,Case7005,CenterG,C0+LGE,False,5,myops_scar,0.3,,0.0,,2561,0,15,11,15,0.9726669269816478,0.011039194650948048,0.03823929876089091,0.7167887091636658,0.7993248701095581,0.7992358803749084
srr_batch4_m10d3_full4scale_fold0_seed20260721_htzhulab_59682067,step_1800,Case7005,CenterG,C0+LGE,False,5,myops_scar,0.4,,0.0,,1998,0,12,10,12,0.973973973973974,0.011039194650948048,0.03823929876089091,0.7167887091636658,0.7993248701095581,0.7992358803749084
srr_batch4_m10d3_full4scale_fold0_seed20260721_htzhulab_59682067,step_1800,Case7005,CenterG,C0+LGE,False,5,myops_scar,0.5,,0.0,,1508,0,8,6,8,0.9734748010610079,0.011039194650948048,0.03823929876089091,0.7167887091636658,0.7993248701095581,0.7992358803749084
srr_batch4_m10d3_full4scale_fold0_seed20260721_htzhulab_59682067,step_1800,Case7005,CenterG,C0+LGE,False,5,myops_scar,0.6,,0.0,,1109,0,11,9,11,0.9684400360685302,0.011039194650948048,0.03823929876089091,0.7167887091636658,0.7993248701095581,0.7992358803749084
srr_batch4_m10d3_full4scale_fold0_seed20260721_htzhulab_59682067,step_1800,Case7005,CenterG,C0+LGE,False,5,myops_scar,0.7,,0.0,,733,0,10,8,10,0.9522510231923602,0.011039194650948048,0.03823929876089091,0.7167887091636658,0.7993248701095581,0.7992358803749084
srr_batch4_m10d3_full4scale_fold0_seed20260721_htzhulab_59682067,step_1800,Case7005,CenterG,C0+LGE,False,5,myops_scar,0.8,,0.0,,368,0,10,7,10,0.904891304347826,0.011039194650948048,0.03823929876089091,0.7167887091636658,0.7993248701095581,0.7992358803749084
srr_batch4_m10d3_full4scale_fold0_seed20260721_htzhulab_59682067,step_1800,Case7005,CenterG,C0+LGE,False,5,myops_scar,0.9,,0.0,,104,0,10,8,10,0.6634615384615384,0.011039194650948048,0.03823929876089091,0.7167887091636658,0.7993248701095581,0.7992358803749084
srr_batch4_m10d3_full4scale_fold0_seed20260721_htzhulab_59682067,step_1800,Case7005,CenterG,C0+LGE,False,4,myops_edema,0.05,,,,0,0,0,0,0,,2.0611539142123547e-09,2.061153470123145e-09,0.812804639339447,0.8152427077293396,0.8152427077293396
srr_batch4_m10d3_full4scale_fold0_seed20260721_htzhulab_59682067,step_1800,Case7005,CenterG,C0+LGE,False,4,myops_edema,0.1,,,,0,0,0,0,0,,2.0611539142123547e-09,2.061153470123145e-09,0.812804639339447,0.8152427077293396,0.8152427077293396
srr_batch4_m10d3_full4scale_fold0_seed20260721_htzhulab_59682067,step_1800,Case7005,CenterG,C0+LGE,False,4,myops_edema,0.2,,,,0,0,0,0,0,,2.0611539142123547e-09,2.061153470123145e-09,0.812804639339447,0.8152427077293396,0.8152427077293396
srr_batch4_m10d3_full4scale_fold0_seed20260721_htzhulab_59682067,step_1800,Case7005,CenterG,C0+LGE,False,4,myops_edema,0.3,,,,0,0,0,0,0,,2.0611539142123547e-09,2.061153470123145e-09,0.812804639339447,0.8152427077293396,0.8152427077293396
srr_batch4_m10d3_full4scale_fold0_seed20260721_htzhulab_59682067,step_1800,Case7005,CenterG,C0+LGE,False,4,myops_edema,0.4,,,,0,0,0,0,0,,2.0611539142123547e-09,2.061153470123145e-09,0.812804639339447,0.8152427077293396,0.8152427077293396
srr_batch4_m10d3_full4scale_fold0_seed20260721_htzhulab_59682067,step_1800,Case7005,CenterG,C0+LGE,False,4,myops_edema,0.5,,,,0,0,0,0,0,,2.0611539142123547e-09,2.061153470123145e-09,0.812804639339447,0.8152427077293396,0.8152427077293396
srr_batch4_m10d3_full4scale_fold0_seed20260721_htzhulab_59682067,step_1800,Case7005,CenterG,C0+LGE,False,4,myops_edema,0.6,,,,0,0,0,0,0,,2.0611539142123547e-09,2.061153470123145e-09,0.812804639339447,0.8152427077293396,0.8152427077293396
srr_batch4_m10d3_full4scale_fold0_seed20260721_htzhulab_59682067,step_1800,Case7005,CenterG,C0+LGE,False,4,myops_edema,0.7,,,,0,0,0,0,0,,2.0611539142123547e-09,2.061153470123145e-09,0.812804639339447,0.8152427077293396,0.8152427077293396
srr_batch4_m10d3_full4scale_fold0_seed20260721_htzhulab_59682067,step_1800,Case7005,CenterG,C0+LGE,False,4,myops_edema,0.8,,,,0,0,0,0,0,,2.0611539142123547e-09,2.061153470123145e-09,0.812804639339447,0.8152427077293396,0.8152427077293396
srr_batch4_m10d3_full4scale_fold0_seed20260721_htzhulab_59682067,step_1800,Case7005,CenterG,C0+LGE,False,4,myops_edema,0.9,,,,0,0,0,0,0,,2.0611539142123547e-09,2.061153470123145e-09,0.812804639339447,0.8152427077293396,0.8152427077293396
srr_batch4_m10d3_full4scale_fold0_seed20260721_htzhulab_59682067,step_1800,Case8003,CenterH,LGE-only,False,5,myops_scar,0.05,0.8254437869822485,0.3514486233579269,1.0,5557,2366,3,1,0,0.6485513766420731,0.007511660922318697,0.011078579351305962,0.7100253701210022,0.8038429617881775,0.8007282614707947
srr_batch4_m10d3_full4scale_fold0_seed20260721_htzhulab_59682067,step_1800,Case8003,CenterH,LGE-only,False,5,myops_scar,0.1,0.7797971259509721,0.6876630637346254,1.0,2683,2366,3,1,0,0.31233693626537457,0.007511660922318697,0.011078579351305962,0.7100253701210022,0.8038429617881775,0.8007282614707947
srr_batch4_m10d3_full4scale_fold0_seed20260721_htzhulab_59682067,step_1800,Case8003,CenterH,LGE-only,False,5,myops_scar,0.2,0.7282333051563821,0.7316348195329087,1.0,2355,2366,2,0,0,0.2683651804670913,0.007511660922318697,0.011078579351305962,0.7100253701210022,0.8038429617881775,0.8007282614707947
srr_batch4_m10d3_full4scale_fold0_seed20260721_htzhulab_59682067,step_1800,Case8003,CenterH,LGE-only,False,5,myops_scar,0.3,0.702028740490279,0.7522644927536232,1.0,2208,2366,2,0,0,0.2477355072463768,0.007511660922318697,0.011078579351305962,0.7100253701210022,0.8038429617881775,0.8007282614707947
srr_batch4_m10d3_full4scale_fold0_seed20260721_htzhulab_59682067,step_1800,Case8003,CenterH,LGE-only,False,5,myops_scar,0.4,0.6855452240067624,0.7661785545583373,1.0,2117,2366,2,0,0,0.23382144544166272,0.007511660922318697,0.011078579351305962,0.7100253701210022,0.8038429617881775,0.8007282614707947
srr_batch4_m10d3_full4scale_fold0_seed20260721_htzhulab_59682067,step_1800,Case8003,CenterH,LGE-only,False,5,myops_scar,0.5,0.6754015215553677,0.7727272727272727,1.0,2068,2366,3,0,0,0.22727272727272727,0.007511660922318697,0.011078579351305962,0.7100253701210022,0.8038429617881775,0.8007282614707947
srr_batch4_m10d3_full4scale_fold0_seed20260721_htzhulab_59682067,step_1800,Case8003,CenterH,LGE-only,False,5,myops_scar,0.6,0.669061707523246,0.7721951219512195,1.0,2050,2366,3,0,0,0.2278048780487805,0.007511660922318697,0.011078579351305962,0.7100253701210022,0.8038429617881775,0.8007282614707947
srr_batch4_m10d3_full4scale_fold0_seed20260721_htzhulab_59682067,step_1800,Case8003,CenterH,LGE-only,False,5,myops_scar,0.7,0.6686390532544378,0.7735941320293398,1.0,2045,2366,3,0,0,0.22640586797066015,0.007511660922318697,0.011078579351305962,0.7100253701210022,0.8038429617881775,0.8007282614707947
srr_batch4_m10d3_full4scale_fold0_seed20260721_htzhulab_59682067,step_1800,Case8003,CenterH,LGE-only,False,5,myops_scar,0.8,0.6686390532544378,0.7735941320293398,1.0,2045,2366,3,0,0,0.22640586797066015,0.007511660922318697,0.011078579351305962,0.7100253701210022,0.8038429617881775,0.8007282614707947
srr_batch4_m10d3_full4scale_fold0_seed20260721_htzhulab_59682067,step_1800,Case8003,CenterH,LGE-only,False,5,myops_scar,0.9,0.6686390532544378,0.7735941320293398,1.0,2045,2366,3,0,0,0.22640586797066015,0.007511660922318697,0.011078579351305962,0.7100253701210022,0.8038429617881775,0.8007282614707947
srr_batch4_m10d3_full4scale_fold0_seed20260721_htzhulab_59682067,step_1800,Case8003,CenterH,LGE-only,False,4,myops_edema,0.05,,,,0,0,0,0,0,,2.0611545803461695e-09,2.061153470123145e-09,0.8247324824333191,0.8264255523681641,0.8264255523681641
srr_batch4_m10d3_full4scale_fold0_seed20260721_htzhulab_59682067,step_1800,Case8003,CenterH,LGE-only,False,4,myops_edema,0.1,,,,0,0,0,0,0,,2.0611545803461695e-09,2.061153470123145e-09,0.8247324824333191,0.8264255523681641,0.8264255523681641
srr_batch4_m10d3_full4scale_fold0_seed20260721_htzhulab_59682067,step_1800,Case8003,CenterH,LGE-only,False,4,myops_edema,0.2,,,,0,0,0,0,0,,2.0611545803461695e-09,2.061153470123145e-09,0.8247324824333191,0.8264255523681641,0.8264255523681641
srr_batch4_m10d3_full4scale_fold0_seed20260721_htzhulab_59682067,step_1800,Case8003,CenterH,LGE-only,False,4,myops_edema,0.3,,,,0,0,0,0,0,,2.0611545803461695e-09,2.061153470123145e-09,0.8247324824333191,0.8264255523681641,0.8264255523681641
srr_batch4_m10d3_full4scale_fold0_seed20260721_htzhulab_59682067,step_1800,Case8003,CenterH,LGE-only,False,4,myops_edema,0.4,,,,0,0,0,0,0,,2.0611545803461695e-09,2.061153470123145e-09,0.8247324824333191,0.8264255523681641,0.8264255523681641
srr_batch4_m10d3_full4scale_fold0_seed20260721_htzhulab_59682067,step_1800,Case8003,CenterH,LGE-only,False,4,myops_edema,0.5,,,,0,0,0,0,0,,2.0611545803461695e-09,2.061153470123145e-09,0.8247324824333191,0.8264255523681641,0.8264255523681641
srr_batch4_m10d3_full4scale_fold0_seed20260721_htzhulab_59682067,step_1800,Case8003,CenterH,LGE-only,False,4,myops_edema,0.6,,,,0,0,0,0,0,,2.0611545803461695e-09,2.061153470123145e-09,0.8247324824333191,0.8264255523681641,0.8264255523681641
srr_batch4_m10d3_full4scale_fold0_seed20260721_htzhulab_59682067,step_1800,Case8003,CenterH,LGE-only,False,4,myops_edema,0.7,,,,0,0,0,0,0,,2.0611545803461695e-09,2.061153470123145e-09,0.8247324824333191,0.8264255523681641,0.8264255523681641
srr_batch4_m10d3_full4scale_fold0_seed20260721_htzhulab_59682067,step_1800,Case8003,CenterH,LGE-only,False,4,myops_edema,0.8,,,,0,0,0,0,0,,2.0611545803461695e-09,2.061153470123145e-09,0.8247324824333191,0.8264255523681641,0.8264255523681641
srr_batch4_m10d3_full4scale_fold0_seed20260721_htzhulab_59682067,step_1800,Case8003,CenterH,LGE-only,False,4,myops_edema,0.9,,,,0,0,0,0,0,,2.0611545803461695e-09,2.061153470123145e-09,0.8247324824333191,0.8264255523681641,0.8264255523681641
srr_batch4_m10d3_full4scale_fold0_seed20260721_htzhulab_59682067,step_1800,Case8011,CenterH,LGE-only,False,5,myops_scar,0.05,0.2910662824207493,0.0427061310782241,0.75,2365,347,5,3,1,0.9572938689217759,0.0030813661869615316,0.01488461997359991,0.697166919708252,0.7814374566078186,0.7796520590782166
srr_batch4_m10d3_full4scale_fold0_seed20260721_htzhulab_59682067,step_1800,Case8011,CenterH,LGE-only,False,5,myops_scar,0.1,0.23919308357348704,0.1330128205128205,0.5,624,347,5,2,0,0.8669871794871795,0.0030813661869615316,0.01488461997359991,0.697166919708252,0.7814374566078186,0.7796520590782166
srr_batch4_m10d3_full4scale_fold0_seed20260721_htzhulab_59682067,step_1800,Case8011,CenterH,LGE-only,False,5,myops_scar,0.2,0.21037463976945245,0.32882882882882886,0.5,222,347,2,0,0,0.6711711711711712,0.0030813661869615316,0.01488461997359991,0.697166919708252,0.7814374566078186,0.7796520590782166
srr_batch4_m10d3_full4scale_fold0_seed20260721_htzhulab_59682067,step_1800,Case8011,CenterH,LGE-only,False,5,myops_scar,0.3,0.1786743515850144,0.3425414364640884,0.5,181,347,2,0,0,0.6574585635359116,0.0030813661869615316,0.01488461997359991,0.697166919708252,0.7814374566078186,0.7796520590782166
srr_batch4_m10d3_full4scale_fold0_seed20260721_htzhulab_59682067,step_1800,Case8011,CenterH,LGE-only,False,5,myops_scar,0.4,0.15561959654178675,0.35064935064935066,0.5,154,347,5,3,0,0.6493506493506493,0.0030813661869615316,0.01488461997359991,0.697166919708252,0.7814374566078186,0.7796520590782166
srr_batch4_m10d3_full4scale_fold0_seed20260721_htzhulab_59682067,step_1800,Case8011,CenterH,LGE-only,False,5,myops_scar,0.5,0.15561959654178675,0.3829787234042553,0.5,141,347,5,3,0,0.6170212765957447,0.0030813661869615316,0.01488461997359991,0.697166919708252,0.7814374566078186,0.7796520590782166
srr_batch4_m10d3_full4scale_fold0_seed20260721_htzhulab_59682067,step_1800,Case8011,CenterH,LGE-only,False,5,myops_scar,0.6,0.15561959654178675,0.4,0.5,135,347,3,1,0,0.6,0.0030813661869615316,0.01488461997359991,0.697166919708252,0.7814374566078186,0.7796520590782166
srr_batch4_m10d3_full4scale_fold0_seed20260721_htzhulab_59682067,step_1800,Case8011,CenterH,LGE-only,False,5,myops_scar,0.7,0.15561959654178675,0.4,0.5,135,347,3,1,0,0.6,0.0030813661869615316,0.01488461997359991,0.697166919708252,0.7814374566078186,0.7796520590782166
srr_batch4_m10d3_full4scale_fold0_seed20260721_htzhulab_59682067,step_1800,Case8011,CenterH,LGE-only,False,5,myops_scar,0.8,0.15561959654178675,0.4,0.5,135,347,3,1,0,0.6,0.0030813661869615316,0.01488461997359991,0.697166919708252,0.7814374566078186,0.7796520590782166
srr_batch4_m10d3_full4scale_fold0_seed20260721_htzhulab_59682067,step_1800,Case8011,CenterH,LGE-only,False,5,myops_scar,0.9,0.15561959654178675,0.4,0.5,135,347,3,1,0,0.6,0.0030813661869615316,0.01488461997359991,0.697166919708252,0.7814374566078186,0.7796520590782166
srr_batch4_m10d3_full4scale_fold0_seed20260721_htzhulab_59682067,step_1800,Case8011,CenterH,LGE-only,False,4,myops_edema,0.05,,,,0,0,0,0,0,,2.0611545803461695e-09,2.061153470123145e-09,0.8224321007728577,0.8265208601951599,0.8265208601951599
srr_batch4_m10d3_full4scale_fold0_seed20260721_htzhulab_59682067,step_1800,Case8011,CenterH,LGE-only,False,4,myops_edema,0.1,,,,0,0,0,0,0,,2.0611545803461695e-09,2.061153470123145e-09,0.8224321007728577,0.8265208601951599,0.8265208601951599
srr_batch4_m10d3_full4scale_fold0_seed20260721_htzhulab_59682067,step_1800,Case8011,CenterH,LGE-only,False,4,myops_edema,0.2,,,,0,0,0,0,0,,2.0611545803461695e-09,2.061153470123145e-09,0.8224321007728577,0.8265208601951599,0.8265208601951599
srr_batch4_m10d3_full4scale_fold0_seed20260721_htzhulab_59682067,step_1800,Case8011,CenterH,LGE-only,False,4,myops_edema,0.3,,,,0,0,0,0,0,,2.0611545803461695e-09,2.061153470123145e-09,0.8224321007728577,0.8265208601951599,0.8265208601951599
srr_batch4_m10d3_full4scale_fold0_seed20260721_htzhulab_59682067,step_1800,Case8011,CenterH,LGE-only,False,4,myops_edema,0.4,,,,0,0,0,0,0,,2.0611545803461695e-09,2.061153470123145e-09,0.8224321007728577,0.8265208601951599,0.8265208601951599
srr_batch4_m10d3_full4scale_fold0_seed20260721_htzhulab_59682067,step_1800,Case8011,CenterH,LGE-only,False,4,myops_edema,0.5,,,,0,0,0,0,0,,2.0611545803461695e-09,2.061153470123145e-09,0.8224321007728577,0.8265208601951599,0.8265208601951599
srr_batch4_m10d3_full4scale_fold0_seed20260721_htzhulab_59682067,step_1800,Case8011,CenterH,LGE-only,False,4,myops_edema,0.6,,,,0,0,0,0,0,,2.0611545803461695e-09,2.061153470123145e-09,0.8224321007728577,0.8265208601951599,0.8265208601951599
srr_batch4_m10d3_full4scale_fold0_seed20260721_htzhulab_59682067,step_1800,Case8011,CenterH,LGE-only,False,4,myops_edema,0.7,,,,0,0,0,0,0,,2.0611545803461695e-09,2.061153470123145e-09,0.8224321007728577,0.8265208601951599,0.8265208601951599
srr_batch4_m10d3_full4scale_fold0_seed20260721_htzhulab_59682067,step_1800,Case8011,CenterH,LGE-only,False,4,myops_edema,0.8,,,,0,0,0,0,0,,2.0611545803461695e-09,2.061153470123145e-09,0.8224321007728577,0.8265208601951599,0.8265208601951599
srr_batch4_m10d3_full4scale_fold0_seed20260721_htzhulab_59682067,step_1800,Case8011,CenterH,LGE-only,False,4,myops_edema,0.9,,,,0,0,0,0,0,,2.0611545803461695e-09,2.061153470123145e-09,0.8224321007728577,0.8265208601951599,0.8265208601951599
srr_batch4_m10d3_full4scale_fold0_seed20260721_htzhulab_59682067,step_1800,Case8015,CenterH,LGE-only,False,5,myops_scar,0.05,0.6286043829296425,0.22516009089031191,1.0,4841,1734,7,4,0,0.774839909109688,0.005292768124490976,0.015411016391590236,0.7068377733230591,0.7984468936920166,0.7956568002700806
srr_batch4_m10d3_full4scale_fold0_seed20260721_htzhulab_59682067,step_1800,Case8015,CenterH,LGE-only,False,5,myops_scar,0.1,0.5213379469434832,0.5198389879240943,1.0,1739,1734,3,1,0,0.48016101207590567,0.005292768124490976,0.015411016391590236,0.7068377733230591,0.7984468936920166,0.7956568002700806
srr_batch4_m10d3_full4scale_fold0_seed20260721_htzhulab_59682067,step_1800,Case8015,CenterH,LGE-only,False,5,myops_scar,0.2,0.4538638985005767,0.5799557848194546,1.0,1357,1734,3,0,0,0.4200442151805453,0.005292768124490976,0.015411016391590236,0.7068377733230591,0.7984468936920166,0.7956568002700806
srr_batch4_m10d3_full4scale_fold0_seed20260721_htzhulab_59682067,step_1800,Case8015,CenterH,LGE-only,False,5,myops_scar,0.3,0.41926182237600923,0.6013234077750207,1.0,1209,1734,3,0,0,0.3986765922249793,0.005292768124490976,0.015411016391590236,0.7068377733230591,0.7984468936920166,0.7956568002700806
srr_batch4_m10d3_full4scale_fold0_seed20260721_htzhulab_59682067,step_1800,Case8015,CenterH,LGE-only,False,5,myops_scar,0.4,0.40484429065743943,0.6114982578397212,1.0,1148,1734,3,0,0,0.3885017421602787,0.005292768124490976,0.015411016391590236,0.7068377733230591,0.7984468936920166,0.7956568002700806
srr_batch4_m10d3_full4scale_fold0_seed20260721_htzhulab_59682067,step_1800,Case8015,CenterH,LGE-only,False,5,myops_scar,0.5,0.39158016147635527,0.6078782452999105,1.0,1117,1734,3,0,0,0.39212175470008953,0.005292768124490976,0.015411016391590236,0.7068377733230591,0.7984468936920166,0.7956568002700806
srr_batch4_m10d3_full4scale_fold0_seed20260721_htzhulab_59682067,step_1800,Case8015,CenterH,LGE-only,False,5,myops_scar,0.6,0.38350634371395614,0.6056466302367942,1.0,1098,1734,3,0,0,0.39435336976320584,0.005292768124490976,0.015411016391590236,0.7068377733230591,0.7984468936920166,0.7956568002700806
srr_batch4_m10d3_full4scale_fold0_seed20260721_htzhulab_59682067,step_1800,Case8015,CenterH,LGE-only,False,5,myops_scar,0.7,0.3829296424452134,0.6058394160583942,1.0,1096,1734,3,0,0,0.39416058394160586,0.005292768124490976,0.015411016391590236,0.7068377733230591,0.7984468936920166,0.7956568002700806
srr_batch4_m10d3_full4scale_fold0_seed20260721_htzhulab_59682067,step_1800,Case8015,CenterH,LGE-only,False,5,myops_scar,0.8,0.3829296424452134,0.6058394160583942,1.0,1096,1734,3,0,0,0.39416058394160586,0.005292768124490976,0.015411016391590236,0.7068377733230591,0.7984468936920166,0.7956568002700806
srr_batch4_m10d3_full4scale_fold0_seed20260721_htzhulab_59682067,step_1800,Case8015,CenterH,LGE-only,False,5,myops_scar,0.9,0.3829296424452134,0.6058394160583942,1.0,1096,1734,3,0,0,0.39416058394160586,0.005292768124490976,0.015411016391590236,0.7068377733230591,0.7984468936920166,0.7956568002700806
srr_batch4_m10d3_full4scale_fold0_seed20260721_htzhulab_59682067,step_1800,Case8015,CenterH,LGE-only,False,4,myops_edema,0.05,,,,0,0,0,0,0,,2.0611545803461695e-09,2.061153470123145e-09,0.8264638781547546,0.8294124603271484,0.8294124603271484
srr_batch4_m10d3_full4scale_fold0_seed20260721_htzhulab_59682067,step_1800,Case8015,CenterH,LGE-only,False,4,myops_edema,0.1,,,,0,0,0,0,0,,2.0611545803461695e-09,2.061153470123145e-09,0.8264638781547546,0.8294124603271484,0.8294124603271484
srr_batch4_m10d3_full4scale_fold0_seed20260721_htzhulab_59682067,step_1800,Case8015,CenterH,LGE-only,False,4,myops_edema,0.2,,,,0,0,0,0,0,,2.0611545803461695e-09,2.061153470123145e-09,0.8264638781547546,0.8294124603271484,0.8294124603271484
srr_batch4_m10d3_full4scale_fold0_seed20260721_htzhulab_59682067,step_1800,Case8015,CenterH,LGE-only,False,4,myops_edema,0.3,,,,0,0,0,0,0,,2.0611545803461695e-09,2.061153470123145e-09,0.8264638781547546,0.8294124603271484,0.8294124603271484
srr_batch4_m10d3_full4scale_fold0_seed20260721_htzhulab_59682067,step_1800,Case8015,CenterH,LGE-only,False,4,myops_edema,0.4,,,,0,0,0,0,0,,2.0611545803461695e-09,2.061153470123145e-09,0.8264638781547546,0.8294124603271484,0.8294124603271484
srr_batch4_m10d3_full4scale_fold0_seed20260721_htzhulab_59682067,step_1800,Case8015,CenterH,LGE-only,False,4,myops_edema,0.5,,,,0,0,0,0,0,,2.0611545803461695e-09,2.061153470123145e-09,0.8264638781547546,0.8294124603271484,0.8294124603271484
srr_batch4_m10d3_full4scale_fold0_seed20260721_htzhulab_59682067,step_1800,Case8015,CenterH,LGE-only,False,4,myops_edema,0.6,,,,0,0,0,0,0,,2.0611545803461695e-09,2.061153470123145e-09,0.8264638781547546,0.8294124603271484,0.8294124603271484
srr_batch4_m10d3_full4scale_fold0_seed20260721_htzhulab_59682067,step_1800,Case8015,CenterH,LGE-only,False,4,myops_edema,0.7,,,,0,0,0,0,0,,2.0611545803461695e-09,2.061153470123145e-09,0.8264638781547546,0.8294124603271484,0.8294124603271484
srr_batch4_m10d3_full4scale_fold0_seed20260721_htzhulab_59682067,step_1800,Case8015,CenterH,LGE-only,False,4,myops_edema,0.8,,,,0,0,0,0,0,,2.0611545803461695e-09,2.061153470123145e-09,0.8264638781547546,0.8294124603271484,0.8294124603271484
srr_batch4_m10d3_full4scale_fold0_seed20260721_htzhulab_59682067,step_1800,Case8015,CenterH,LGE-only,False,4,myops_edema,0.9,,,,0,0,0,0,0,,2.0611545803461695e-09,2.061153470123145e-09,0.8264638781547546,0.8294124603271484,0.8294124603271484
srr_batch4_m10d3_full4scale_fold0_seed20260721_htzhulab_59682067,step_1800,Case8019,CenterH,LGE-only,False,5,myops_scar,0.05,0.9633867276887872,0.19490740740740742,1.0,2160,437,12,10,6,0.8050925925925926,0.004627668298780918,0.017118834424763918,0.6945591568946838,0.7787554860115051,0.7767967581748962
srr_batch4_m10d3_full4scale_fold0_seed20260721_htzhulab_59682067,step_1800,Case8019,CenterH,LGE-only,False,5,myops_scar,0.1,0.9427917620137299,0.4199796126401631,1.0,981,437,10,8,0,0.5800203873598369,0.004627668298780918,0.017118834424763918,0.6945591568946838,0.7787554860115051,0.7767967581748962
srr_batch4_m10d3_full4scale_fold0_seed20260721_htzhulab_59682067,step_1800,Case8019,CenterH,LGE-only,False,5,myops_scar,0.2,0.919908466819222,0.49814126394052044,1.0,807,437,1,0,0,0.5018587360594795,0.004627668298780918,0.017118834424763918,0.6945591568946838,0.7787554860115051,0.7767967581748962
srr_batch4_m10d3_full4scale_fold0_seed20260721_htzhulab_59682067,step_1800,Case8019,CenterH,LGE-only,False,5,myops_scar,0.3,0.8901601830663616,0.5263870094722598,1.0,739,437,1,0,0,0.4736129905277402,0.004627668298780918,0.017118834424763918,0.6945591568946838,0.7787554860115051,0.7767967581748962
srr_batch4_m10d3_full4scale_fold0_seed20260721_htzhulab_59682067,step_1800,Case8019,CenterH,LGE-only,False,5,myops_scar,0.4,0.8649885583524027,0.5384615384615384,1.0,702,437,1,0,0,0.46153846153846156,0.004627668298780918,0.017118834424763918,0.6945591568946838,0.7787554860115051,0.7767967581748962
srr_batch4_m10d3_full4scale_fold0_seed20260721_htzhulab_59682067,step_1800,Case8019,CenterH,LGE-only,False,5,myops_scar,0.5,0.8398169336384439,0.5412979351032449,1.0,678,437,1,0,0,0.45870206489675514,0.004627668298780918,0.017118834424763918,0.6945591568946838,0.7787554860115051,0.7767967581748962
srr_batch4_m10d3_full4scale_fold0_seed20260721_htzhulab_59682067,step_1800,Case8019,CenterH,LGE-only,False,5,myops_scar,0.6,0.8306636155606407,0.5458646616541354,1.0,665,437,1,0,0,0.45413533834586467,0.004627668298780918,0.017118834424763918,0.6945591568946838,0.7787554860115051,0.7767967581748962
srr_batch4_m10d3_full4scale_fold0_seed20260721_htzhulab_59682067,step_1800,Case8019,CenterH,LGE-only,False,5,myops_scar,0.7,0.8306636155606407,0.5458646616541354,1.0,665,437,1,0,0,0.45413533834586467,0.004627668298780918,0.017118834424763918,0.6945591568946838,0.7787554860115051,0.7767967581748962
srr_batch4_m10d3_full4scale_fold0_seed20260721_htzhulab_59682067,step_1800,Case8019,CenterH,LGE-only,False,5,myops_scar,0.8,0.8306636155606407,0.5458646616541354,1.0,665,437,1,0,0,0.45413533834586467,0.004627668298780918,0.017118834424763918,0.6945591568946838,0.7787554860115051,0.7767967581748962
srr_batch4_m10d3_full4scale_fold0_seed20260721_htzhulab_59682067,step_1800,Case8019,CenterH,LGE-only,False,5,myops_scar,0.9,0.8306636155606407,0.5458646616541354,1.0,665,437,1,0,0,0.45413533834586467,0.004627668298780918,0.017118834424763918,0.6945591568946838,0.7787554860115051,0.7767967581748962
srr_batch4_m10d3_full4scale_fold0_seed20260721_htzhulab_59682067,step_1800,Case8019,CenterH,LGE-only,False,4,myops_edema,0.05,,,,0,0,0,0,0,,2.0611545803461695e-09,2.061153470123145e-09,0.8242176175117493,0.8271229863166809,0.8271229863166809
srr_batch4_m10d3_full4scale_fold0_seed20260721_htzhulab_59682067,step_1800,Case8019,CenterH,LGE-only,False,4,myops_edema,0.1,,,,0,0,0,0,0,,2.0611545803461695e-09,2.061153470123145e-09,0.8242176175117493,0.8271229863166809,0.8271229863166809
srr_batch4_m10d3_full4scale_fold0_seed20260721_htzhulab_59682067,step_1800,Case8019,CenterH,LGE-only,False,4,myops_edema,0.2,,,,0,0,0,0,0,,2.0611545803461695e-09,2.061153470123145e-09,0.8242176175117493,0.8271229863166809,0.8271229863166809
srr_batch4_m10d3_full4scale_fold0_seed20260721_htzhulab_59682067,step_1800,Case8019,CenterH,LGE-only,False,4,myops_edema,0.3,,,,0,0,0,0,0,,2.0611545803461695e-09,2.061153470123145e-09,0.8242176175117493,0.8271229863166809,0.8271229863166809
srr_batch4_m10d3_full4scale_fold0_seed20260721_htzhulab_59682067,step_1800,Case8019,CenterH,LGE-only,False,4,myops_edema,0.4,,,,0,0,0,0,0,,2.0611545803461695e-09,2.061153470123145e-09,0.8242176175117493,0.8271229863166809,0.8271229863166809
srr_batch4_m10d3_full4scale_fold0_seed20260721_htzhulab_59682067,step_1800,Case8019,CenterH,LGE-only,False,4,myops_edema,0.5,,,,0,0,0,0,0,,2.0611545803461695e-09,2.061153470123145e-09,0.8242176175117493,0.8271229863166809,0.8271229863166809
srr_batch4_m10d3_full4scale_fold0_seed20260721_htzhulab_59682067,step_1800,Case8019,CenterH,LGE-only,False,4,myops_edema,0.6,,,,0,0,0,0,0,,2.0611545803461695e-09,2.061153470123145e-09,0.8242176175117493,0.8271229863166809,0.8271229863166809
srr_batch4_m10d3_full4scale_fold0_seed20260721_htzhulab_59682067,step_1800,Case8019,CenterH,LGE-only,False,4,myops_edema,0.7,,,,0,0,0,0,0,,2.0611545803461695e-09,2.061153470123145e-09,0.8242176175117493,0.8271229863166809,0.8271229863166809
srr_batch4_m10d3_full4scale_fold0_seed20260721_htzhulab_59682067,step_1800,Case8019,CenterH,LGE-only,False,4,myops_edema,0.8,,,,0,0,0,0,0,,2.0611545803461695e-09,2.061153470123145e-09,0.8242176175117493,0.8271229863166809,0.8271229863166809
srr_batch4_m10d3_full4scale_fold0_seed20260721_htzhulab_59682067,step_1800,Case8019,CenterH,LGE-only,False,4,myops_edema,0.9,,,,0,0,0,0,0,,2.0611545803461695e-09,2.061153470123145e-09,0.8242176175117493,0.8271229863166809,0.8271229863166809
srr_batch4_m10d3_full4scale_fold0_seed20260721_htzhulab_59682067,step_1800,Case8021,CenterH,LGE-only,False,5,myops_scar,0.05,0.03333333333333333,0.001177856301531213,1.0,1698,60,7,2,4,0.9988221436984688,0.002492696512490511,0.014747661305591464,0.6993018984794617,0.7858263850212097,0.7835851311683655
srr_batch4_m10d3_full4scale_fold0_seed20260721_htzhulab_59682067,step_1800,Case8021,CenterH,LGE-only,False,5,myops_scar,0.1,0.0,0.0,0.0,100,60,9,8,1,1.0,0.002492696512490511,0.014747661305591464,0.6993018984794617,0.7858263850212097,0.7835851311683655
srr_batch4_m10d3_full4scale_fold0_seed20260721_htzhulab_59682067,step_1800,Case8021,CenterH,LGE-only,False,5,myops_scar,0.2,0.0,,0.0,0,60,0,0,0,,0.002492696512490511,0.014747661305591464,0.6993018984794617,0.7858263850212097,0.7835851311683655
srr_batch4_m10d3_full4scale_fold0_seed20260721_htzhulab_59682067,step_1800,Case8021,CenterH,LGE-only,False,5,myops_scar,0.3,0.0,,0.0,0,60,0,0,0,,0.002492696512490511,0.014747661305591464,0.6993018984794617,0.7858263850212097,0.7835851311683655
srr_batch4_m10d3_full4scale_fold0_seed20260721_htzhulab_59682067,step_1800,Case8021,CenterH,LGE-only,False,5,myops_scar,0.4,0.0,,0.0,0,60,0,0,0,,0.002492696512490511,0.014747661305591464,0.6993018984794617,0.7858263850212097,0.7835851311683655
srr_batch4_m10d3_full4scale_fold0_seed20260721_htzhulab_59682067,step_1800,Case8021,CenterH,LGE-only,False,5,myops_scar,0.5,0.0,,0.0,0,60,0,0,0,,0.002492696512490511,0.014747661305591464,0.6993018984794617,0.7858263850212097,0.7835851311683655
srr_batch4_m10d3_full4scale_fold0_seed20260721_htzhulab_59682067,step_1800,Case8021,CenterH,LGE-only,False,5,myops_scar,0.6,0.0,,0.0,0,60,0,0,0,,0.002492696512490511,0.014747661305591464,0.6993018984794617,0.7858263850212097,0.7835851311683655
srr_batch4_m10d3_full4scale_fold0_seed20260721_htzhulab_59682067,step_1800,Case8021,CenterH,LGE-only,False,5,myops_scar,0.7,0.0,,0.0,0,60,0,0,0,,0.002492696512490511,0.014747661305591464,0.6993018984794617,0.7858263850212097,0.7835851311683655
srr_batch4_m10d3_full4scale_fold0_seed20260721_htzhulab_59682067,step_1800,Case8021,CenterH,LGE-only,False,5,myops_scar,0.8,0.0,,0.0,0,60,0,0,0,,0.002492696512490511,0.014747661305591464,0.6993018984794617,0.7858263850212097,0.7835851311683655
srr_batch4_m10d3_full4scale_fold0_seed20260721_htzhulab_59682067,step_1800,Case8021,CenterH,LGE-only,False,5,myops_scar,0.9,0.0,,0.0,0,60,0,0,0,,0.002492696512490511,0.014747661305591464,0.6993018984794617,0.7858263850212097,0.7835851311683655
srr_batch4_m10d3_full4scale_fold0_seed20260721_htzhulab_59682067,step_1800,Case8021,CenterH,LGE-only,False,4,myops_edema,0.05,,,,0,0,0,0,0,,2.0611545803461695e-09,2.061153470123145e-09,0.8204181790351868,0.8244664669036865,0.8244664669036865
srr_batch4_m10d3_full4scale_fold0_seed20260721_htzhulab_59682067,step_1800,Case8021,CenterH,LGE-only,False,4,myops_edema,0.1,,,,0,0,0,0,0,,2.0611545803461695e-09,2.061153470123145e-09,0.8204181790351868,0.8244664669036865,0.8244664669036865
srr_batch4_m10d3_full4scale_fold0_seed20260721_htzhulab_59682067,step_1800,Case8021,CenterH,LGE-only,False,4,myops_edema,0.2,,,,0,0,0,0,0,,2.0611545803461695e-09,2.061153470123145e-09,0.8204181790351868,0.8244664669036865,0.8244664669036865
srr_batch4_m10d3_full4scale_fold0_seed20260721_htzhulab_59682067,step_1800,Case8021,CenterH,LGE-only,False,4,myops_edema,0.3,,,,0,0,0,0,0,,2.0611545803461695e-09,2.061153470123145e-09,0.8204181790351868,0.8244664669036865,0.8244664669036865
srr_batch4_m10d3_full4scale_fold0_seed20260721_htzhulab_59682067,step_1800,Case8021,CenterH,LGE-only,False,4,myops_edema,0.4,,,,0,0,0,0,0,,2.0611545803461695e-09,2.061153470123145e-09,0.8204181790351868,0.8244664669036865,0.8244664669036865
srr_batch4_m10d3_full4scale_fold0_seed20260721_htzhulab_59682067,step_1800,Case8021,CenterH,LGE-only,False,4,myops_edema,0.5,,,,0,0,0,0,0,,2.0611545803461695e-09,2.061153470123145e-09,0.8204181790351868,0.8244664669036865,0.8244664669036865
srr_batch4_m10d3_full4scale_fold0_seed20260721_htzhulab_59682067,step_1800,Case8021,CenterH,LGE-only,False,4,myops_edema,0.6,,,,0,0,0,0,0,,2.0611545803461695e-09,2.061153470123145e-09,0.8204181790351868,0.8244664669036865,0.8244664669036865
srr_batch4_m10d3_full4scale_fold0_seed20260721_htzhulab_59682067,step_1800,Case8021,CenterH,LGE-only,False,4,myops_edema,0.7,,,,0,0,0,0,0,,2.0611545803461695e-09,2.061153470123145e-09,0.8204181790351868,0.8244664669036865,0.8244664669036865
srr_batch4_m10d3_full4scale_fold0_seed20260721_htzhulab_59682067,step_1800,Case8021,CenterH,LGE-only,False,4,myops_edema,0.8,,,,0,0,0,0,0,,2.0611545803461695e-09,2.061153470123145e-09,0.8204181790351868,0.8244664669036865,0.8244664669036865
srr_batch4_m10d3_full4scale_fold0_seed20260721_htzhulab_59682067,step_1800,Case8021,CenterH,LGE-only,False,4,myops_edema,0.9,,,,0,0,0,0,0,,2.0611545803461695e-09,2.061153470123145e-09,0.8204181790351868,0.8244664669036865,0.8244664669036865
srr_batch4_m10d3_full4scale_fold0_seed20260721_htzhulab_59682067,step_1800,Case8022,CenterH,LGE-only,False,5,myops_scar,0.05,0.7867540029112081,0.3238466147393649,1.0,3338,1374,6,4,2,0.6761533852606351,0.005708668380975723,0.015300659695640206,0.7004284858703613,0.7878438830375671,0.7854995727539062
srr_batch4_m10d3_full4scale_fold0_seed20260721_htzhulab_59682067,step_1800,Case8022,CenterH,LGE-only,False,5,myops_scar,0.1,0.7328966521106259,0.6270236612702366,1.0,1606,1374,2,0,0,0.3729763387297634,0.005708668380975723,0.015300659695640206,0.7004284858703613,0.7878438830375671,0.7854995727539062
srr_batch4_m10d3_full4scale_fold0_seed20260721_htzhulab_59682067,step_1800,Case8022,CenterH,LGE-only,False,5,myops_scar,0.2,0.6928675400291121,0.6746987951807228,1.0,1411,1374,2,0,0,0.3253012048192771,0.005708668380975723,0.015300659695640206,0.7004284858703613,0.7878438830375671,0.7854995727539062
srr_batch4_m10d3_full4scale_fold0_seed20260721_htzhulab_59682067,step_1800,Case8022,CenterH,LGE-only,False,5,myops_scar,0.3,0.6666666666666666,0.7024539877300614,1.0,1304,1374,2,0,0,0.29754601226993865,0.005708668380975723,0.015300659695640206,0.7004284858703613,0.7878438830375671,0.7854995727539062
srr_batch4_m10d3_full4scale_fold0_seed20260721_htzhulab_59682067,step_1800,Case8022,CenterH,LGE-only,False,5,myops_scar,0.4,0.6557496360989811,0.7100078802206462,1.0,1269,1374,2,0,0,0.2899921197793538,0.005708668380975723,0.015300659695640206,0.7004284858703613,0.7878438830375671,0.7854995727539062
srr_batch4_m10d3_full4scale_fold0_seed20260721_htzhulab_59682067,step_1800,Case8022,CenterH,LGE-only,False,5,myops_scar,0.5,0.6455604075691412,0.7118780096308186,1.0,1246,1374,2,0,0,0.2881219903691814,0.005708668380975723,0.015300659695640206,0.7004284858703613,0.7878438830375671,0.7854995727539062
srr_batch4_m10d3_full4scale_fold0_seed20260721_htzhulab_59682067,step_1800,Case8022,CenterH,LGE-only,False,5,myops_scar,0.6,0.6404657933042213,0.7142857142857143,1.0,1232,1374,2,0,0,0.2857142857142857,0.005708668380975723,0.015300659695640206,0.7004284858703613,0.7878438830375671,0.7854995727539062
srr_batch4_m10d3_full4scale_fold0_seed20260721_htzhulab_59682067,step_1800,Case8022,CenterH,LGE-only,False,5,myops_scar,0.7,0.6397379912663755,0.7140536149471974,1.0,1231,1374,2,0,0,0.2859463850528026,0.005708668380975723,0.015300659695640206,0.7004284858703613,0.7878438830375671,0.7854995727539062
srr_batch4_m10d3_full4scale_fold0_seed20260721_htzhulab_59682067,step_1800,Case8022,CenterH,LGE-only,False,5,myops_scar,0.8,0.6397379912663755,0.7140536149471974,1.0,1231,1374,2,0,0,0.2859463850528026,0.005708668380975723,0.015300659695640206,0.7004284858703613,0.7878438830375671,0.7854995727539062
srr_batch4_m10d3_full4scale_fold0_seed20260721_htzhulab_59682067,step_1800,Case8022,CenterH,LGE-only,False,5,myops_scar,0.9,0.6397379912663755,0.7140536149471974,1.0,1231,1374,2,0,0,0.2859463850528026,0.005708668380975723,0.015300659695640206,0.7004284858703613,0.7878438830375671,0.7854995727539062
srr_batch4_m10d3_full4scale_fold0_seed20260721_htzhulab_59682067,step_1800,Case8022,CenterH,LGE-only,False,4,myops_edema,0.05,,,,0,0,0,0,0,,2.0611545803461695e-09,2.061153470123145e-09,0.8272445201873779,0.8293653130531311,0.8293653130531311
srr_batch4_m10d3_full4scale_fold0_seed20260721_htzhulab_59682067,step_1800,Case8022,CenterH,LGE-only,False,4,myops_edema,0.1,,,,0,0,0,0,0,,2.0611545803461695e-09,2.061153470123145e-09,0.8272445201873779,0.8293653130531311,0.8293653130531311
srr_batch4_m10d3_full4scale_fold0_seed20260721_htzhulab_59682067,step_1800,Case8022,CenterH,LGE-only,False,4,myops_edema,0.2,,,,0,0,0,0,0,,2.0611545803461695e-09,2.061153470123145e-09,0.8272445201873779,0.8293653130531311,0.8293653130531311
srr_batch4_m10d3_full4scale_fold0_seed20260721_htzhulab_59682067,step_1800,Case8022,CenterH,LGE-only,False,4,myops_edema,0.3,,,,0,0,0,0,0,,2.0611545803461695e-09,2.061153470123145e-09,0.8272445201873779,0.8293653130531311,0.8293653130531311
srr_batch4_m10d3_full4scale_fold0_seed20260721_htzhulab_59682067,step_1800,Case8022,CenterH,LGE-only,False,4,myops_edema,0.4,,,,0,0,0,0,0,,2.0611545803461695e-09,2.061153470123145e-09,0.8272445201873779,0.8293653130531311,0.8293653130531311
srr_batch4_m10d3_full4scale_fold0_seed20260721_htzhulab_59682067,step_1800,Case8022,CenterH,LGE-only,False,4,myops_edema,0.5,,,,0,0,0,0,0,,2.0611545803461695e-09,2.061153470123145e-09,0.8272445201873779,0.8293653130531311,0.8293653130531311
srr_batch4_m10d3_full4scale_fold0_seed20260721_htzhulab_59682067,step_1800,Case8022,CenterH,LGE-only,False,4,myops_edema,0.6,,,,0,0,0,0,0,,2.0611545803461695e-09,2.061153470123145e-09,0.8272445201873779,0.8293653130531311,0.8293653130531311
srr_batch4_m10d3_full4scale_fold0_seed20260721_htzhulab_59682067,step_1800,Case8022,CenterH,LGE-only,False,4,myops_edema,0.7,,,,0,0,0,0,0,,2.0611545803461695e-09,2.061153470123145e-09,0.8272445201873779,0.8293653130531311,0.8293653130531311
srr_batch4_m10d3_full4scale_fold0_seed20260721_htzhulab_59682067,step_1800,Case8022,CenterH,LGE-only,False,4,myops_edema,0.8,,,,0,0,0,0,0,,2.0611545803461695e-09,2.061153470123145e-09,0.8272445201873779,0.8293653130531311,0.8293653130531311
srr_batch4_m10d3_full4scale_fold0_seed20260721_htzhulab_59682067,step_1800,Case8022,CenterH,LGE-only,False,4,myops_edema,0.9,,,,0,0,0,0,0,,2.0611545803461695e-09,2.061153470123145e-09,0.8272445201873779,0.8293653130531311,0.8293653130531311
srr_batch4_m10d3_full4scale_fold0_seed20260721_htzhulab_59682067,step_1800,Case8023,CenterH,LGE-only,False,5,myops_scar,0.05,0.8298397040690506,0.13565813344083855,1.0,4961,811,4,3,1,0.8643418665591615,0.00586603581905365,0.013039774727076292,0.6996352076530457,0.7911381125450134,0.7890005707740784
srr_batch4_m10d3_full4scale_fold0_seed20260721_htzhulab_59682067,step_1800,Case8023,CenterH,LGE-only,False,5,myops_scar,0.1,0.7644882860665845,0.238553289726818,1.0,2599,811,5,4,0,0.761446710273182,0.00586603581905365,0.013039774727076292,0.6996352076530457,0.7911381125450134,0.7890005707740784
srr_batch4_m10d3_full4scale_fold0_seed20260721_htzhulab_59682067,step_1800,Case8023,CenterH,LGE-only,False,5,myops_scar,0.2,0.6979038224414303,0.33710541989279336,1.0,1679,811,2,1,0,0.6628945801072067,0.00586603581905365,0.013039774727076292,0.6996352076530457,0.7911381125450134,0.7890005707740784
srr_batch4_m10d3_full4scale_fold0_seed20260721_htzhulab_59682067,step_1800,Case8023,CenterH,LGE-only,False,5,myops_scar,0.3,0.6535141800246609,0.35546613011401745,1.0,1491,811,1,0,0,0.6445338698859826,0.00586603581905365,0.013039774727076292,0.6996352076530457,0.7911381125450134,0.7890005707740784
srr_batch4_m10d3_full4scale_fold0_seed20260721_htzhulab_59682067,step_1800,Case8023,CenterH,LGE-only,False,5,myops_scar,0.4,0.6202219482120839,0.3684981684981685,1.0,1365,811,1,0,0,0.6315018315018315,0.00586603581905365,0.013039774727076292,0.6996352076530457,0.7911381125450134,0.7890005707740784
srr_batch4_m10d3_full4scale_fold0_seed20260721_htzhulab_59682067,step_1800,Case8023,CenterH,LGE-only,False,5,myops_scar,0.5,0.5844636251541308,0.3700234192037471,1.0,1281,811,1,0,0,0.629976580796253,0.00586603581905365,0.013039774727076292,0.6996352076530457,0.7911381125450134,0.7890005707740784
srr_batch4_m10d3_full4scale_fold0_seed20260721_htzhulab_59682067,step_1800,Case8023,CenterH,LGE-only,False,5,myops_scar,0.6,0.5635018495684341,0.37428337428337427,1.0,1221,811,1,0,0,0.6257166257166257,0.00586603581905365,0.013039774727076292,0.6996352076530457,0.7911381125450134,0.7890005707740784
srr_batch4_m10d3_full4scale_fold0_seed20260721_htzhulab_59682067,step_1800,Case8023,CenterH,LGE-only,False,5,myops_scar,0.7,0.5548705302096177,0.3803888419273035,1.0,1183,811,2,1,0,0.6196111580726965,0.00586603581905365,0.013039774727076292,0.6996352076530457,0.7911381125450134,0.7890005707740784
srr_batch4_m10d3_full4scale_fold0_seed20260721_htzhulab_59682067,step_1800,Case8023,CenterH,LGE-only,False,5,myops_scar,0.8,0.5536374845869297,0.3864027538726334,1.0,1162,811,1,0,0,0.6135972461273667,0.00586603581905365,0.013039774727076292,0.6996352076530457,0.7911381125450134,0.7890005707740784
srr_batch4_m10d3_full4scale_fold0_seed20260721_htzhulab_59682067,step_1800,Case8023,CenterH,LGE-only,False,5,myops_scar,0.9,0.5536374845869297,0.3864027538726334,1.0,1162,811,1,0,0,0.6135972461273667,0.00586603581905365,0.013039774727076292,0.6996352076530457,0.7911381125450134,0.7890005707740784
srr_batch4_m10d3_full4scale_fold0_seed20260721_htzhulab_59682067,step_1800,Case8023,CenterH,LGE-only,False,4,myops_edema,0.05,,,,0,0,0,0,0,,2.0611545803461695e-09,2.061153470123145e-09,0.8296495079994202,0.8321297764778137,0.8321297764778137
srr_batch4_m10d3_full4scale_fold0_seed20260721_htzhulab_59682067,step_1800,Case8023,CenterH,LGE-only,False,4,myops_edema,0.1,,,,0,0,0,0,0,,2.0611545803461695e-09,2.061153470123145e-09,0.8296495079994202,0.8321297764778137,0.8321297764778137
srr_batch4_m10d3_full4scale_fold0_seed20260721_htzhulab_59682067,step_1800,Case8023,CenterH,LGE-only,False,4,myops_edema,0.2,,,,0,0,0,0,0,,2.0611545803461695e-09,2.061153470123145e-09,0.8296495079994202,0.8321297764778137,0.8321297764778137
srr_batch4_m10d3_full4scale_fold0_seed20260721_htzhulab_59682067,step_1800,Case8023,CenterH,LGE-only,False,4,myops_edema,0.3,,,,0,0,0,0,0,,2.0611545803461695e-09,2.061153470123145e-09,0.8296495079994202,0.8321297764778137,0.8321297764778137
srr_batch4_m10d3_full4scale_fold0_seed20260721_htzhulab_59682067,step_1800,Case8023,CenterH,LGE-only,False,4,myops_edema,0.4,,,,0,0,0,0,0,,2.0611545803461695e-09,2.061153470123145e-09,0.8296495079994202,0.8321297764778137,0.8321297764778137
srr_batch4_m10d3_full4scale_fold0_seed20260721_htzhulab_59682067,step_1800,Case8023,CenterH,LGE-only,False,4,myops_edema,0.5,,,,0,0,0,0,0,,2.0611545803461695e-09,2.061153470123145e-09,0.8296495079994202,0.8321297764778137,0.8321297764778137
srr_batch4_m10d3_full4scale_fold0_seed20260721_htzhulab_59682067,step_1800,Case8023,CenterH,LGE-only,False,4,myops_edema,0.6,,,,0,0,0,0,0,,2.0611545803461695e-09,2.061153470123145e-09,0.8296495079994202,0.8321297764778137,0.8321297764778137
srr_batch4_m10d3_full4scale_fold0_seed20260721_htzhulab_59682067,step_1800,Case8023,CenterH,LGE-only,False,4,myops_edema,0.7,,,,0,0,0,0,0,,2.0611545803461695e-09,2.061153470123145e-09,0.8296495079994202,0.8321297764778137,0.8321297764778137
srr_batch4_m10d3_full4scale_fold0_seed20260721_htzhulab_59682067,step_1800,Case8023,CenterH,LGE-only,False,4,myops_edema,0.8,,,,0,0,0,0,0,,2.0611545803461695e-09,2.061153470123145e-09,0.8296495079994202,0.8321297764778137,0.8321297764778137
srr_batch4_m10d3_full4scale_fold0_seed20260721_htzhulab_59682067,step_1800,Case8023,CenterH,LGE-only,False,4,myops_edema,0.9,,,,0,0,0,0,0,,2.0611545803461695e-09,2.061153470123145e-09,0.8296495079994202,0.8321297764778137,0.8321297764778137
