case_id,fold,geometry_status,prediction_path,reference_path,size_xyz,space,spacing_xyz
Case1002,0,PASS,results/20260726_mosaic_fold0_fairness_reaudit/predictions/clean_pathology_checkpoint/official/Case1002.nii.gz,data/nnUNet/nnUNet_raw/Dataset501_CAREMyoPS/labelsTr/Case1002.nii.gz,,official,
Case1002,0,PASS,results/20260726_mosaic_fold0_fairness_reaudit/predictions/clean_pathology_checkpoint/compact/Case1002.nii.gz,data/nnUNet/nnUNet_raw/Dataset501_CAREMyoPS/labelsTr/Case1002.nii.gz,,compact,
Case1007,0,PASS,results/20260726_mosaic_fold0_fairness_reaudit/predictions/clean_pathology_checkpoint/official/Case1007.nii.gz,data/nnUNet/nnUNet_raw/Dataset501_CAREMyoPS/labelsTr/Case1007.nii.gz,,official,
Case1007,0,PASS,results/20260726_mosaic_fold0_fairness_reaudit/predictions/clean_pathology_checkpoint/compact/Case1007.nii.gz,data/nnUNet/nnUNet_raw/Dataset501_CAREMyoPS/labelsTr/Case1007.nii.gz,,compact,
Case1009,0,PASS,results/20260726_mosaic_fold0_fairness_reaudit/predictions/clean_pathology_checkpoint/official/Case1009.nii.gz,data/nnUNet/nnUNet_raw/Dataset501_CAREMyoPS/labelsTr/Case1009.nii.gz,,official,
Case1009,0,PASS,results/20260726_mosaic_fold0_fairness_reaudit/predictions/clean_pathology_checkpoint/compact/Case1009.nii.gz,data/nnUNet/nnUNet_raw/Dataset501_CAREMyoPS/labelsTr/Case1009.nii.gz,,compact,
Case1010,0,PASS,results/20260726_mosaic_fold0_fairness_reaudit/predictions/clean_pathology_checkpoint/official/Case1010.nii.gz,data/nnUNet/nnUNet_raw/Dataset501_CAREMyoPS/labelsTr/Case1010.nii.gz,,official,
Case1010,0,PASS,results/20260726_mosaic_fold0_fairness_reaudit/predictions/clean_pathology_checkpoint/compact/Case1010.nii.gz,data/nnUNet/nnUNet_raw/Dataset501_CAREMyoPS/labelsTr/Case1010.nii.gz,,compact,
Case1021,0,PASS,results/20260726_mosaic_fold0_fairness_reaudit/predictions/clean_pathology_checkpoint/official/Case1021.nii.gz,data/nnUNet/nnUNet_raw/Dataset501_CAREMyoPS/labelsTr/Case1021.nii.gz,,official,
Case1021,0,PASS,results/20260726_mosaic_fold0_fairness_reaudit/predictions/clean_pathology_checkpoint/compact/Case1021.nii.gz,data/nnUNet/nnUNet_raw/Dataset501_CAREMyoPS/labelsTr/Case1021.nii.gz,,compact,
Case1023,0,PASS,results/20260726_mosaic_fold0_fairness_reaudit/predictions/clean_pathology_checkpoint/official/Case1023.nii.gz,data/nnUNet/nnUNet_raw/Dataset501_CAREMyoPS/labelsTr/Case1023.nii.gz,,official,
Case1023,0,PASS,results/20260726_mosaic_fold0_fairness_reaudit/predictions/clean_pathology_checkpoint/compact/Case1023.nii.gz,data/nnUNet/nnUNet_raw/Dataset501_CAREMyoPS/labelsTr/Case1023.nii.gz,,compact,
Case1029,0,PASS,results/20260726_mosaic_fold0_fairness_reaudit/predictions/clean_pathology_checkpoint/official/Case1029.nii.gz,data/nnUNet/nnUNet_raw/Dataset501_CAREMyoPS/labelsTr/Case1029.nii.gz,,official,
Case1029,0,PASS,results/20260726_mosaic_fold0_fairness_reaudit/predictions/clean_pathology_checkpoint/compact/Case1029.nii.gz,data/nnUNet/nnUNet_raw/Dataset501_CAREMyoPS/labelsTr/Case1029.nii.gz,,compact,
Case1033,0,PASS,results/20260726_mosaic_fold0_fairness_reaudit/predictions/clean_pathology_checkpoint/official/Case1033.nii.gz,data/nnUNet/nnUNet_raw/Dataset501_CAREMyoPS/labelsTr/Case1033.nii.gz,,official,
Case1033,0,PASS,results/20260726_mosaic_fold0_fairness_reaudit/predictions/clean_pathology_checkpoint/compact/Case1033.nii.gz,data/nnUNet/nnUNet_raw/Dataset501_CAREMyoPS/labelsTr/Case1033.nii.gz,,compact,
Case1040,0,PASS,results/20260726_mosaic_fold0_fairness_reaudit/predictions/clean_pathology_checkpoint/official/Case1040.nii.gz,data/nnUNet/nnUNet_raw/Dataset501_CAREMyoPS/labelsTr/Case1040.nii.gz,,official,
Case1040,0,PASS,results/20260726_mosaic_fold0_fairness_reaudit/predictions/clean_pathology_checkpoint/compact/Case1040.nii.gz,data/nnUNet/nnUNet_raw/Dataset501_CAREMyoPS/labelsTr/Case1040.nii.gz,,compact,
Case1042,0,PASS,results/20260726_mosaic_fold0_fairness_reaudit/predictions/clean_pathology_checkpoint/official/Case1042.nii.gz,data/nnUNet/nnUNet_raw/Dataset501_CAREMyoPS/labelsTr/Case1042.nii.gz,,official,
Case1042,0,PASS,results/20260726_mosaic_fold0_fairness_reaudit/predictions/clean_pathology_checkpoint/compact/Case1042.nii.gz,data/nnUNet/nnUNet_raw/Dataset501_CAREMyoPS/labelsTr/Case1042.nii.gz,,compact,
Case1045,0,PASS,results/20260726_mosaic_fold0_fairness_reaudit/predictions/clean_pathology_checkpoint/official/Case1045.nii.gz,data/nnUNet/nnUNet_raw/Dataset501_CAREMyoPS/labelsTr/Case1045.nii.gz,,official,
Case1045,0,PASS,results/20260726_mosaic_fold0_fairness_reaudit/predictions/clean_pathology_checkpoint/compact/Case1045.nii.gz,data/nnUNet/nnUNet_raw/Dataset501_CAREMyoPS/labelsTr/Case1045.nii.gz,,compact,
Case1047,0,PASS,results/20260726_mosaic_fold0_fairness_reaudit/predictions/clean_pathology_checkpoint/official/Case1047.nii.gz,data/nnUNet/nnUNet_raw/Dataset501_CAREMyoPS/labelsTr/Case1047.nii.gz,,official,
Case1047,0,PASS,results/20260726_mosaic_fold0_fairness_reaudit/predictions/clean_pathology_checkpoint/compact/Case1047.nii.gz,data/nnUNet/nnUNet_raw/Dataset501_CAREMyoPS/labelsTr/Case1047.nii.gz,,compact,
Case1053,0,PASS,results/20260726_mosaic_fold0_fairness_reaudit/predictions/clean_pathology_checkpoint/official/Case1053.nii.gz,data/nnUNet/nnUNet_raw/Dataset501_CAREMyoPS/labelsTr/Case1053.nii.gz,,official,
Case1053,0,PASS,results/20260726_mosaic_fold0_fairness_reaudit/predictions/clean_pathology_checkpoint/compact/Case1053.nii.gz,data/nnUNet/nnUNet_raw/Dataset501_CAREMyoPS/labelsTr/Case1053.nii.gz,,compact,
Case1062,0,PASS,results/20260726_mosaic_fold0_fairness_reaudit/predictions/clean_pathology_checkpoint/official/Case1062.nii.gz,data/nnUNet/nnUNet_raw/Dataset501_CAREMyoPS/labelsTr/Case1062.nii.gz,,official,
Case1062,0,PASS,results/20260726_mosaic_fold0_fairness_reaudit/predictions/clean_pathology_checkpoint/compact/Case1062.nii.gz,data/nnUNet/nnUNet_raw/Dataset501_CAREMyoPS/labelsTr/Case1062.nii.gz,,compact,
Case1070,0,PASS,results/20260726_mosaic_fold0_fairness_reaudit/predictions/clean_pathology_checkpoint/official/Case1070.nii.gz,data/nnUNet/nnUNet_raw/Dataset501_CAREMyoPS/labelsTr/Case1070.nii.gz,,official,
Case1070,0,PASS,results/20260726_mosaic_fold0_fairness_reaudit/predictions/clean_pathology_checkpoint/compact/Case1070.nii.gz,data/nnUNet/nnUNet_raw/Dataset501_CAREMyoPS/labelsTr/Case1070.nii.gz,,compact,
Case1073,0,PASS,results/20260726_mosaic_fold0_fairness_reaudit/predictions/clean_pathology_checkpoint/official/Case1073.nii.gz,data/nnUNet/nnUNet_raw/Dataset501_CAREMyoPS/labelsTr/Case1073.nii.gz,,official,
Case1073,0,PASS,results/20260726_mosaic_fold0_fairness_reaudit/predictions/clean_pathology_checkpoint/compact/Case1073.nii.gz,data/nnUNet/nnUNet_raw/Dataset501_CAREMyoPS/labelsTr/Case1073.nii.gz,,compact,
Case1080,0,PASS,results/20260726_mosaic_fold0_fairness_reaudit/predictions/clean_pathology_checkpoint/official/Case1080.nii.gz,data/nnUNet/nnUNet_raw/Dataset501_CAREMyoPS/labelsTr/Case1080.nii.gz,,official,
Case1080,0,PASS,results/20260726_mosaic_fold0_fairness_reaudit/predictions/clean_pathology_checkpoint/compact/Case1080.nii.gz,data/nnUNet/nnUNet_raw/Dataset501_CAREMyoPS/labelsTr/Case1080.nii.gz,,compact,
Case2002,0,PASS,results/20260726_mosaic_fold0_fairness_reaudit/predictions/clean_pathology_checkpoint/official/Case2002.nii.gz,data/nnUNet/nnUNet_raw/Dataset501_CAREMyoPS/labelsTr/Case2002.nii.gz,,official,
Case2002,0,PASS,results/20260726_mosaic_fold0_fairness_reaudit/predictions/clean_pathology_checkpoint/compact/Case2002.nii.gz,data/nnUNet/nnUNet_raw/Dataset501_CAREMyoPS/labelsTr/Case2002.nii.gz,,compact,
Case2007,0,PASS,results/20260726_mosaic_fold0_fairness_reaudit/predictions/clean_pathology_checkpoint/official/Case2007.nii.gz,data/nnUNet/nnUNet_raw/Dataset501_CAREMyoPS/labelsTr/Case2007.nii.gz,,official,
Case2007,0,PASS,results/20260726_mosaic_fold0_fairness_reaudit/predictions/clean_pathology_checkpoint/compact/Case2007.nii.gz,data/nnUNet/nnUNet_raw/Dataset501_CAREMyoPS/labelsTr/Case2007.nii.gz,,compact,
Case2008,0,PASS,results/20260726_mosaic_fold0_fairness_reaudit/predictions/clean_pathology_checkpoint/official/Case2008.nii.gz,data/nnUNet/nnUNet_raw/Dataset501_CAREMyoPS/labelsTr/Case2008.nii.gz,,official,
Case2008,0,PASS,results/20260726_mosaic_fold0_fairness_reaudit/predictions/clean_pathology_checkpoint/compact/Case2008.nii.gz,data/nnUNet/nnUNet_raw/Dataset501_CAREMyoPS/labelsTr/Case2008.nii.gz,,compact,
Case2017,0,PASS,results/20260726_mosaic_fold0_fairness_reaudit/predictions/clean_pathology_checkpoint/official/Case2017.nii.gz,data/nnUNet/nnUNet_raw/Dataset501_CAREMyoPS/labelsTr/Case2017.nii.gz,,official,
Case2017,0,PASS,results/20260726_mosaic_fold0_fairness_reaudit/predictions/clean_pathology_checkpoint/compact/Case2017.nii.gz,data/nnUNet/nnUNet_raw/Dataset501_CAREMyoPS/labelsTr/Case2017.nii.gz,,compact,
Case2020,0,PASS,results/20260726_mosaic_fold0_fairness_reaudit/predictions/clean_pathology_checkpoint/official/Case2020.nii.gz,data/nnUNet/nnUNet_raw/Dataset501_CAREMyoPS/labelsTr/Case2020.nii.gz,,official,
Case2020,0,PASS,results/20260726_mosaic_fold0_fairness_reaudit/predictions/clean_pathology_checkpoint/compact/Case2020.nii.gz,data/nnUNet/nnUNet_raw/Dataset501_CAREMyoPS/labelsTr/Case2020.nii.gz,,compact,
Case2031,0,PASS,results/20260726_mosaic_fold0_fairness_reaudit/predictions/clean_pathology_checkpoint/official/Case2031.nii.gz,data/nnUNet/nnUNet_raw/Dataset501_CAREMyoPS/labelsTr/Case2031.nii.gz,,official,
Case2031,0,PASS,results/20260726_mosaic_fold0_fairness_reaudit/predictions/clean_pathology_checkpoint/compact/Case2031.nii.gz,data/nnUNet/nnUNet_raw/Dataset501_CAREMyoPS/labelsTr/Case2031.nii.gz,,compact,
Case2033,0,PASS,results/20260726_mosaic_fold0_fairness_reaudit/predictions/clean_pathology_checkpoint/official/Case2033.nii.gz,data/nnUNet/nnUNet_raw/Dataset501_CAREMyoPS/labelsTr/Case2033.nii.gz,,official,
Case2033,0,PASS,results/20260726_mosaic_fold0_fairness_reaudit/predictions/clean_pathology_checkpoint/compact/Case2033.nii.gz,data/nnUNet/nnUNet_raw/Dataset501_CAREMyoPS/labelsTr/Case2033.nii.gz,,compact,
Case3004,0,PASS,results/20260726_mosaic_fold0_fairness_reaudit/predictions/clean_pathology_checkpoint/official/Case3004.nii.gz,data/nnUNet/nnUNet_raw/Dataset501_CAREMyoPS/labelsTr/Case3004.nii.gz,,official,
Case3004,0,PASS,results/20260726_mosaic_fold0_fairness_reaudit/predictions/clean_pathology_checkpoint/compact/Case3004.nii.gz,data/nnUNet/nnUNet_raw/Dataset501_CAREMyoPS/labelsTr/Case3004.nii.gz,,compact,
Case3011,0,PASS,results/20260726_mosaic_fold0_fairness_reaudit/predictions/clean_pathology_checkpoint/official/Case3011.nii.gz,data/nnUNet/nnUNet_raw/Dataset501_CAREMyoPS/labelsTr/Case3011.nii.gz,,official,
Case3011,0,PASS,results/20260726_mosaic_fold0_fairness_reaudit/predictions/clean_pathology_checkpoint/compact/Case3011.nii.gz,data/nnUNet/nnUNet_raw/Dataset501_CAREMyoPS/labelsTr/Case3011.nii.gz,,compact,
Case3012,0,PASS,results/20260726_mosaic_fold0_fairness_reaudit/predictions/clean_pathology_checkpoint/official/Case3012.nii.gz,data/nnUNet/nnUNet_raw/Dataset501_CAREMyoPS/labelsTr/Case3012.nii.gz,,official,
Case3012,0,PASS,results/20260726_mosaic_fold0_fairness_reaudit/predictions/clean_pathology_checkpoint/compact/Case3012.nii.gz,data/nnUNet/nnUNet_raw/Dataset501_CAREMyoPS/labelsTr/Case3012.nii.gz,,compact,
Case3023,0,PASS,results/20260726_mosaic_fold0_fairness_reaudit/predictions/clean_pathology_checkpoint/official/Case3023.nii.gz,data/nnUNet/nnUNet_raw/Dataset501_CAREMyoPS/labelsTr/Case3023.nii.gz,,official,
Case3023,0,PASS,results/20260726_mosaic_fold0_fairness_reaudit/predictions/clean_pathology_checkpoint/compact/Case3023.nii.gz,data/nnUNet/nnUNet_raw/Dataset501_CAREMyoPS/labelsTr/Case3023.nii.gz,,compact,
Case3026,0,PASS,results/20260726_mosaic_fold0_fairness_reaudit/predictions/clean_pathology_checkpoint/official/Case3026.nii.gz,data/nnUNet/nnUNet_raw/Dataset501_CAREMyoPS/labelsTr/Case3026.nii.gz,,official,
Case3026,0,PASS,results/20260726_mosaic_fold0_fairness_reaudit/predictions/clean_pathology_checkpoint/compact/Case3026.nii.gz,data/nnUNet/nnUNet_raw/Dataset501_CAREMyoPS/labelsTr/Case3026.nii.gz,,compact,
Case3034,0,PASS,results/20260726_mosaic_fold0_fairness_reaudit/predictions/clean_pathology_checkpoint/official/Case3034.nii.gz,data/nnUNet/nnUNet_raw/Dataset501_CAREMyoPS/labelsTr/Case3034.nii.gz,,official,
Case3034,0,PASS,results/20260726_mosaic_fold0_fairness_reaudit/predictions/clean_pathology_checkpoint/compact/Case3034.nii.gz,data/nnUNet/nnUNet_raw/Dataset501_CAREMyoPS/labelsTr/Case3034.nii.gz,,compact,
Case3038,0,PASS,results/20260726_mosaic_fold0_fairness_reaudit/predictions/clean_pathology_checkpoint/official/Case3038.nii.gz,data/nnUNet/nnUNet_raw/Dataset501_CAREMyoPS/labelsTr/Case3038.nii.gz,,official,
Case3038,0,PASS,results/20260726_mosaic_fold0_fairness_reaudit/predictions/clean_pathology_checkpoint/compact/Case3038.nii.gz,data/nnUNet/nnUNet_raw/Dataset501_CAREMyoPS/labelsTr/Case3038.nii.gz,,compact,
Case3040,0,PASS,results/20260726_mosaic_fold0_fairness_reaudit/predictions/clean_pathology_checkpoint/official/Case3040.nii.gz,data/nnUNet/nnUNet_raw/Dataset501_CAREMyoPS/labelsTr/Case3040.nii.gz,,official,
Case3040,0,PASS,results/20260726_mosaic_fold0_fairness_reaudit/predictions/clean_pathology_checkpoint/compact/Case3040.nii.gz,data/nnUNet/nnUNet_raw/Dataset501_CAREMyoPS/labelsTr/Case3040.nii.gz,,compact,
Case3044,0,PASS,results/20260726_mosaic_fold0_fairness_reaudit/predictions/clean_pathology_checkpoint/official/Case3044.nii.gz,data/nnUNet/nnUNet_raw/Dataset501_CAREMyoPS/labelsTr/Case3044.nii.gz,,official,
Case3044,0,PASS,results/20260726_mosaic_fold0_fairness_reaudit/predictions/clean_pathology_checkpoint/compact/Case3044.nii.gz,data/nnUNet/nnUNet_raw/Dataset501_CAREMyoPS/labelsTr/Case3044.nii.gz,,compact,
Case5005,0,PASS,results/20260726_mosaic_fold0_fairness_reaudit/predictions/clean_pathology_checkpoint/official/Case5005.nii.gz,data/nnUNet/nnUNet_raw/Dataset501_CAREMyoPS/labelsTr/Case5005.nii.gz,,official,
Case5005,0,PASS,results/20260726_mosaic_fold0_fairness_reaudit/predictions/clean_pathology_checkpoint/compact/Case5005.nii.gz,data/nnUNet/nnUNet_raw/Dataset501_CAREMyoPS/labelsTr/Case5005.nii.gz,,compact,
Case6001,0,PASS,results/20260726_mosaic_fold0_fairness_reaudit/predictions/clean_pathology_checkpoint/official/Case6001.nii.gz,data/nnUNet/nnUNet_raw/Dataset501_CAREMyoPS/labelsTr/Case6001.nii.gz,,official,
Case6001,0,PASS,results/20260726_mosaic_fold0_fairness_reaudit/predictions/clean_pathology_checkpoint/compact/Case6001.nii.gz,data/nnUNet/nnUNet_raw/Dataset501_CAREMyoPS/labelsTr/Case6001.nii.gz,,compact,
Case6010,0,PASS,results/20260726_mosaic_fold0_fairness_reaudit/predictions/clean_pathology_checkpoint/official/Case6010.nii.gz,data/nnUNet/nnUNet_raw/Dataset501_CAREMyoPS/labelsTr/Case6010.nii.gz,,official,
Case6010,0,PASS,results/20260726_mosaic_fold0_fairness_reaudit/predictions/clean_pathology_checkpoint/compact/Case6010.nii.gz,data/nnUNet/nnUNet_raw/Dataset501_CAREMyoPS/labelsTr/Case6010.nii.gz,,compact,
Case7005,0,PASS,results/20260726_mosaic_fold0_fairness_reaudit/predictions/clean_pathology_checkpoint/official/Case7005.nii.gz,data/nnUNet/nnUNet_raw/Dataset501_CAREMyoPS/labelsTr/Case7005.nii.gz,,official,
Case7005,0,PASS,results/20260726_mosaic_fold0_fairness_reaudit/predictions/clean_pathology_checkpoint/compact/Case7005.nii.gz,data/nnUNet/nnUNet_raw/Dataset501_CAREMyoPS/labelsTr/Case7005.nii.gz,,compact,
Case8003,0,PASS,results/20260726_mosaic_fold0_fairness_reaudit/predictions/clean_pathology_checkpoint/official/Case8003.nii.gz,data/nnUNet/nnUNet_raw/Dataset501_CAREMyoPS/labelsTr/Case8003.nii.gz,,official,
Case8003,0,PASS,results/20260726_mosaic_fold0_fairness_reaudit/predictions/clean_pathology_checkpoint/compact/Case8003.nii.gz,data/nnUNet/nnUNet_raw/Dataset501_CAREMyoPS/labelsTr/Case8003.nii.gz,,compact,
Case8011,0,PASS,results/20260726_mosaic_fold0_fairness_reaudit/predictions/clean_pathology_checkpoint/official/Case8011.nii.gz,data/nnUNet/nnUNet_raw/Dataset501_CAREMyoPS/labelsTr/Case8011.nii.gz,,official,
Case8011,0,PASS,results/20260726_mosaic_fold0_fairness_reaudit/predictions/clean_pathology_checkpoint/compact/Case8011.nii.gz,data/nnUNet/nnUNet_raw/Dataset501_CAREMyoPS/labelsTr/Case8011.nii.gz,,compact,
Case8015,0,PASS,results/20260726_mosaic_fold0_fairness_reaudit/predictions/clean_pathology_checkpoint/official/Case8015.nii.gz,data/nnUNet/nnUNet_raw/Dataset501_CAREMyoPS/labelsTr/Case8015.nii.gz,,official,
Case8015,0,PASS,results/20260726_mosaic_fold0_fairness_reaudit/predictions/clean_pathology_checkpoint/compact/Case8015.nii.gz,data/nnUNet/nnUNet_raw/Dataset501_CAREMyoPS/labelsTr/Case8015.nii.gz,,compact,
Case8019,0,PASS,results/20260726_mosaic_fold0_fairness_reaudit/predictions/clean_pathology_checkpoint/official/Case8019.nii.gz,data/nnUNet/nnUNet_raw/Dataset501_CAREMyoPS/labelsTr/Case8019.nii.gz,,official,
Case8019,0,PASS,results/20260726_mosaic_fold0_fairness_reaudit/predictions/clean_pathology_checkpoint/compact/Case8019.nii.gz,data/nnUNet/nnUNet_raw/Dataset501_CAREMyoPS/labelsTr/Case8019.nii.gz,,compact,
Case8021,0,PASS,results/20260726_mosaic_fold0_fairness_reaudit/predictions/clean_pathology_checkpoint/official/Case8021.nii.gz,data/nnUNet/nnUNet_raw/Dataset501_CAREMyoPS/labelsTr/Case8021.nii.gz,,official,
Case8021,0,PASS,results/20260726_mosaic_fold0_fairness_reaudit/predictions/clean_pathology_checkpoint/compact/Case8021.nii.gz,data/nnUNet/nnUNet_raw/Dataset501_CAREMyoPS/labelsTr/Case8021.nii.gz,,compact,
Case8022,0,PASS,results/20260726_mosaic_fold0_fairness_reaudit/predictions/clean_pathology_checkpoint/official/Case8022.nii.gz,data/nnUNet/nnUNet_raw/Dataset501_CAREMyoPS/labelsTr/Case8022.nii.gz,,official,
Case8022,0,PASS,results/20260726_mosaic_fold0_fairness_reaudit/predictions/clean_pathology_checkpoint/compact/Case8022.nii.gz,data/nnUNet/nnUNet_raw/Dataset501_CAREMyoPS/labelsTr/Case8022.nii.gz,,compact,
Case8023,0,PASS,results/20260726_mosaic_fold0_fairness_reaudit/predictions/clean_pathology_checkpoint/official/Case8023.nii.gz,data/nnUNet/nnUNet_raw/Dataset501_CAREMyoPS/labelsTr/Case8023.nii.gz,,official,
Case8023,0,PASS,results/20260726_mosaic_fold0_fairness_reaudit/predictions/clean_pathology_checkpoint/compact/Case8023.nii.gz,data/nnUNet/nnUNet_raw/Dataset501_CAREMyoPS/labelsTr/Case8023.nii.gz,,compact,
Case1001,1,PASS,results/20260726_care_fullinfo_nnunet_and_care_scf/care_scf_v1/mosaic_oof/fold1/oof_predictions/official/Case1001.nii.gz,data/nnUNet/nnUNet_raw/Dataset501_CAREMyoPS/labelsTr/Case1001.nii.gz,"[256, 256, 9]",official,"[1.3672000169754028, 1.3672000169754028, 11.0]"
Case1001,1,PASS,results/20260726_care_fullinfo_nnunet_and_care_scf/care_scf_v1/mosaic_oof/fold1/oof_predictions/compact/Case1001.nii.gz,data/nnUNet/nnUNet_raw/Dataset501_CAREMyoPS/labelsTr/Case1001.nii.gz,"[256, 256, 9]",compact,"[1.3672000169754028, 1.3672000169754028, 11.0]"
Case1003,1,PASS,results/20260726_care_fullinfo_nnunet_and_care_scf/care_scf_v1/mosaic_oof/fold1/oof_predictions/official/Case1003.nii.gz,data/nnUNet/nnUNet_raw/Dataset501_CAREMyoPS/labelsTr/Case1003.nii.gz,"[256, 256, 9]",official,"[1.3672000169754028, 1.3672000169754028, 12.0]"
Case1003,1,PASS,results/20260726_care_fullinfo_nnunet_and_care_scf/care_scf_v1/mosaic_oof/fold1/oof_predictions/compact/Case1003.nii.gz,data/nnUNet/nnUNet_raw/Dataset501_CAREMyoPS/labelsTr/Case1003.nii.gz,"[256, 256, 9]",compact,"[1.3672000169754028, 1.3672000169754028, 12.0]"
Case1004,1,PASS,results/20260726_care_fullinfo_nnunet_and_care_scf/care_scf_v1/mosaic_oof/fold1/oof_predictions/official/Case1004.nii.gz,data/nnUNet/nnUNet_raw/Dataset501_CAREMyoPS/labelsTr/Case1004.nii.gz,"[256, 256, 32]",official,"[1.3672000169754028, 1.3672000169754028, 4.0]"
Case1004,1,PASS,results/20260726_care_fullinfo_nnunet_and_care_scf/care_scf_v1/mosaic_oof/fold1/oof_predictions/compact/Case1004.nii.gz,data/nnUNet/nnUNet_raw/Dataset501_CAREMyoPS/labelsTr/Case1004.nii.gz,"[256, 256, 32]",compact,"[1.3672000169754028, 1.3672000169754028, 4.0]"
Case1005,1,PASS,results/20260726_care_fullinfo_nnunet_and_care_scf/care_scf_v1/mosaic_oof/fold1/oof_predictions/official/Case1005.nii.gz,data/nnUNet/nnUNet_raw/Dataset501_CAREMyoPS/labelsTr/Case1005.nii.gz,"[256, 256, 16]",official,"[1.3672000169754028, 1.3672000169754028, 5.0]"
Case1005,1,PASS,results/20260726_care_fullinfo_nnunet_and_care_scf/care_scf_v1/mosaic_oof/fold1/oof_predictions/compact/Case1005.nii.gz,data/nnUNet/nnUNet_raw/Dataset501_CAREMyoPS/labelsTr/Case1005.nii.gz,"[256, 256, 16]",compact,"[1.3672000169754028, 1.3672000169754028, 5.0]"
Case1006,1,PASS,results/20260726_care_fullinfo_nnunet_and_care_scf/care_scf_v1/mosaic_oof/fold1/oof_predictions/official/Case1006.nii.gz,data/nnUNet/nnUNet_raw/Dataset501_CAREMyoPS/labelsTr/Case1006.nii.gz,"[256, 256, 24]",official,"[1.3672000169754028, 1.3672000169754028, 5.0]"
Case1006,1,PASS,results/20260726_care_fullinfo_nnunet_and_care_scf/care_scf_v1/mosaic_oof/fold1/oof_predictions/compact/Case1006.nii.gz,data/nnUNet/nnUNet_raw/Dataset501_CAREMyoPS/labelsTr/Case1006.nii.gz,"[256, 256, 24]",compact,"[1.3672000169754028, 1.3672000169754028, 5.0]"
Case1036,1,PASS,results/20260726_care_fullinfo_nnunet_and_care_scf/care_scf_v1/mosaic_oof/fold1/oof_predictions/official/Case1036.nii.gz,data/nnUNet/nnUNet_raw/Dataset501_CAREMyoPS/labelsTr/Case1036.nii.gz,"[256, 256, 20]",official,"[1.4062999486923218, 1.4062999486923218, 5.0]"
Case1036,1,PASS,results/20260726_care_fullinfo_nnunet_and_care_scf/care_scf_v1/mosaic_oof/fold1/oof_predictions/compact/Case1036.nii.gz,data/nnUNet/nnUNet_raw/Dataset501_CAREMyoPS/labelsTr/Case1036.nii.gz,"[256, 256, 20]",compact,"[1.4062999486923218, 1.4062999486923218, 5.0]"
Case1038,1,PASS,results/20260726_care_fullinfo_nnunet_and_care_scf/care_scf_v1/mosaic_oof/fold1/oof_predictions/official/Case1038.nii.gz,data/nnUNet/nnUNet_raw/Dataset501_CAREMyoPS/labelsTr/Case1038.nii.gz,"[256, 256, 20]",official,"[1.6405999660491943, 1.6405999660491943, 5.0]"
Case1038,1,PASS,results/20260726_care_fullinfo_nnunet_and_care_scf/care_scf_v1/mosaic_oof/fold1/oof_predictions/compact/Case1038.nii.gz,data/nnUNet/nnUNet_raw/Dataset501_CAREMyoPS/labelsTr/Case1038.nii.gz,"[256, 256, 20]",compact,"[1.6405999660491943, 1.6405999660491943, 5.0]"
Case1043,1,PASS,results/20260726_care_fullinfo_nnunet_and_care_scf/care_scf_v1/mosaic_oof/fold1/oof_predictions/official/Case1043.nii.gz,data/nnUNet/nnUNet_raw/Dataset501_CAREMyoPS/labelsTr/Case1043.nii.gz,"[256, 256, 6]",official,"[1.6016000509262085, 1.6016000509262085, 13.5]"
Case1043,1,PASS,results/20260726_care_fullinfo_nnunet_and_care_scf/care_scf_v1/mosaic_oof/fold1/oof_predictions/compact/Case1043.nii.gz,data/nnUNet/nnUNet_raw/Dataset501_CAREMyoPS/labelsTr/Case1043.nii.gz,"[256, 256, 6]",compact,"[1.6016000509262085, 1.6016000509262085, 13.5]"
Case1054,1,PASS,results/20260726_care_fullinfo_nnunet_and_care_scf/care_scf_v1/mosaic_oof/fold1/oof_predictions/official/Case1054.nii.gz,data/nnUNet/nnUNet_raw/Dataset501_CAREMyoPS/labelsTr/Case1054.nii.gz,"[256, 256, 20]",official,"[1.3280999660491943, 1.3280999660491943, 5.0]"
Case1054,1,PASS,results/20260726_care_fullinfo_nnunet_and_care_scf/care_scf_v1/mosaic_oof/fold1/oof_predictions/compact/Case1054.nii.gz,data/nnUNet/nnUNet_raw/Dataset501_CAREMyoPS/labelsTr/Case1054.nii.gz,"[256, 256, 20]",compact,"[1.3280999660491943, 1.3280999660491943, 5.0]"
Case1056,1,PASS,results/20260726_care_fullinfo_nnunet_and_care_scf/care_scf_v1/mosaic_oof/fold1/oof_predictions/official/Case1056.nii.gz,data/nnUNet/nnUNet_raw/Dataset501_CAREMyoPS/labelsTr/Case1056.nii.gz,"[256, 256, 31]",official,"[1.3672000169754028, 1.3672000169754028, 4.0]"
Case1056,1,PASS,results/20260726_care_fullinfo_nnunet_and_care_scf/care_scf_v1/mosaic_oof/fold1/oof_predictions/compact/Case1056.nii.gz,data/nnUNet/nnUNet_raw/Dataset501_CAREMyoPS/labelsTr/Case1056.nii.gz,"[256, 256, 31]",compact,"[1.3672000169754028, 1.3672000169754028, 4.0]"
Case1058,1,PASS,results/20260726_care_fullinfo_nnunet_and_care_scf/care_scf_v1/mosaic_oof/fold1/oof_predictions/official/Case1058.nii.gz,data/nnUNet/nnUNet_raw/Dataset501_CAREMyoPS/labelsTr/Case1058.nii.gz,"[256, 256, 20]",official,"[1.3672000169754028, 1.3672000169754028, 5.0]"
Case1058,1,PASS,results/20260726_care_fullinfo_nnunet_and_care_scf/care_scf_v1/mosaic_oof/fold1/oof_predictions/compact/Case1058.nii.gz,data/nnUNet/nnUNet_raw/Dataset501_CAREMyoPS/labelsTr/Case1058.nii.gz,"[256, 256, 20]",compact,"[1.3672000169754028, 1.3672000169754028, 5.0]"
Case1063,1,PASS,results/20260726_care_fullinfo_nnunet_and_care_scf/care_scf_v1/mosaic_oof/fold1/oof_predictions/official/Case1063.nii.gz,data/nnUNet/nnUNet_raw/Dataset501_CAREMyoPS/labelsTr/Case1063.nii.gz,"[256, 256, 20]",official,"[1.3280999660491943, 1.3280999660491943, 5.0]"
Case1063,1,PASS,results/20260726_care_fullinfo_nnunet_and_care_scf/care_scf_v1/mosaic_oof/fold1/oof_predictions/compact/Case1063.nii.gz,data/nnUNet/nnUNet_raw/Dataset501_CAREMyoPS/labelsTr/Case1063.nii.gz,"[256, 256, 20]",compact,"[1.3280999660491943, 1.3280999660491943, 5.0]"
Case1069,1,PASS,results/20260726_care_fullinfo_nnunet_and_care_scf/care_scf_v1/mosaic_oof/fold1/oof_predictions/official/Case1069.nii.gz,data/nnUNet/nnUNet_raw/Dataset501_CAREMyoPS/labelsTr/Case1069.nii.gz,"[256, 256, 20]",official,"[1.3280999660491943, 1.3280999660491943, 5.0]"
Case1069,1,PASS,results/20260726_care_fullinfo_nnunet_and_care_scf/care_scf_v1/mosaic_oof/fold1/oof_predictions/compact/Case1069.nii.gz,data/nnUNet/nnUNet_raw/Dataset501_CAREMyoPS/labelsTr/Case1069.nii.gz,"[256, 256, 20]",compact,"[1.3280999660491943, 1.3280999660491943, 5.0]"
Case1072,1,PASS,results/20260726_care_fullinfo_nnunet_and_care_scf/care_scf_v1/mosaic_oof/fold1/oof_predictions/official/Case1072.nii.gz,data/nnUNet/nnUNet_raw/Dataset501_CAREMyoPS/labelsTr/Case1072.nii.gz,"[256, 256, 9]",official,"[1.3672000169754028, 1.3672000169754028, 11.5]"
Case1072,1,PASS,results/20260726_care_fullinfo_nnunet_and_care_scf/care_scf_v1/mosaic_oof/fold1/oof_predictions/compact/Case1072.nii.gz,data/nnUNet/nnUNet_raw/Dataset501_CAREMyoPS/labelsTr/Case1072.nii.gz,"[256, 256, 9]",compact,"[1.3672000169754028, 1.3672000169754028, 11.5]"
Case1074,1,PASS,results/20260726_care_fullinfo_nnunet_and_care_scf/care_scf_v1/mosaic_oof/fold1/oof_predictions/official/Case1074.nii.gz,data/nnUNet/nnUNet_raw/Dataset501_CAREMyoPS/labelsTr/Case1074.nii.gz,"[256, 256, 9]",official,"[1.3672000169754028, 1.3672000169754028, 10.5]"
Case1074,1,PASS,results/20260726_care_fullinfo_nnunet_and_care_scf/care_scf_v1/mosaic_oof/fold1/oof_predictions/compact/Case1074.nii.gz,data/nnUNet/nnUNet_raw/Dataset501_CAREMyoPS/labelsTr/Case1074.nii.gz,"[256, 256, 9]",compact,"[1.3672000169754028, 1.3672000169754028, 10.5]"
Case1077,1,PASS,results/20260726_care_fullinfo_nnunet_and_care_scf/care_scf_v1/mosaic_oof/fold1/oof_predictions/official/Case1077.nii.gz,data/nnUNet/nnUNet_raw/Dataset501_CAREMyoPS/labelsTr/Case1077.nii.gz,"[256, 256, 28]",official,"[1.3672000169754028, 1.3672000169754028, 4.0]"
Case1077,1,PASS,results/20260726_care_fullinfo_nnunet_and_care_scf/care_scf_v1/mosaic_oof/fold1/oof_predictions/compact/Case1077.nii.gz,data/nnUNet/nnUNet_raw/Dataset501_CAREMyoPS/labelsTr/Case1077.nii.gz,"[256, 256, 28]",compact,"[1.3672000169754028, 1.3672000169754028, 4.0]"
Case2001,1,PASS,results/20260726_care_fullinfo_nnunet_and_care_scf/care_scf_v1/mosaic_oof/fold1/oof_predictions/official/Case2001.nii.gz,data/nnUNet/nnUNet_raw/Dataset501_CAREMyoPS/labelsTr/Case2001.nii.gz,"[258, 256, 6]",official,"[1.328125, 1.328125, 10.0]"
Case2001,1,PASS,results/20260726_care_fullinfo_nnunet_and_care_scf/care_scf_v1/mosaic_oof/fold1/oof_predictions/compact/Case2001.nii.gz,data/nnUNet/nnUNet_raw/Dataset501_CAREMyoPS/labelsTr/Case2001.nii.gz,"[258, 256, 6]",compact,"[1.328125, 1.328125, 10.0]"
Case2010,1,PASS,results/20260726_care_fullinfo_nnunet_and_care_scf/care_scf_v1/mosaic_oof/fold1/oof_predictions/official/Case2010.nii.gz,data/nnUNet/nnUNet_raw/Dataset501_CAREMyoPS/labelsTr/Case2010.nii.gz,"[259, 262, 6]",official,"[1.40625, 1.40625, 10.0]"
Case2010,1,PASS,results/20260726_care_fullinfo_nnunet_and_care_scf/care_scf_v1/mosaic_oof/fold1/oof_predictions/compact/Case2010.nii.gz,data/nnUNet/nnUNet_raw/Dataset501_CAREMyoPS/labelsTr/Case2010.nii.gz,"[259, 262, 6]",compact,"[1.40625, 1.40625, 10.0]"
Case2016,1,PASS,results/20260726_care_fullinfo_nnunet_and_care_scf/care_scf_v1/mosaic_oof/fold1/oof_predictions/official/Case2016.nii.gz,data/nnUNet/nnUNet_raw/Dataset501_CAREMyoPS/labelsTr/Case2016.nii.gz,"[254, 261, 5]",official,"[1.7708333730697632, 1.7708333730697632, 10.0]"
Case2016,1,PASS,results/20260726_care_fullinfo_nnunet_and_care_scf/care_scf_v1/mosaic_oof/fold1/oof_predictions/compact/Case2016.nii.gz,data/nnUNet/nnUNet_raw/Dataset501_CAREMyoPS/labelsTr/Case2016.nii.gz,"[254, 261, 5]",compact,"[1.7708333730697632, 1.7708333730697632, 10.0]"
Case2024,1,PASS,results/20260726_care_fullinfo_nnunet_and_care_scf/care_scf_v1/mosaic_oof/fold1/oof_predictions/official/Case2024.nii.gz,data/nnUNet/nnUNet_raw/Dataset501_CAREMyoPS/labelsTr/Case2024.nii.gz,"[260, 255, 6]",official,"[1.34375, 1.34375, 10.0]"
Case2024,1,PASS,results/20260726_care_fullinfo_nnunet_and_care_scf/care_scf_v1/mosaic_oof/fold1/oof_predictions/compact/Case2024.nii.gz,data/nnUNet/nnUNet_raw/Dataset501_CAREMyoPS/labelsTr/Case2024.nii.gz,"[260, 255, 6]",compact,"[1.34375, 1.34375, 10.0]"
Case2026,1,PASS,results/20260726_care_fullinfo_nnunet_and_care_scf/care_scf_v1/mosaic_oof/fold1/oof_predictions/official/Case2026.nii.gz,data/nnUNet/nnUNet_raw/Dataset501_CAREMyoPS/labelsTr/Case2026.nii.gz,"[171, 164, 5]",official,"[1.84375, 1.84375, 10.0]"
Case2026,1,PASS,results/20260726_care_fullinfo_nnunet_and_care_scf/care_scf_v1/mosaic_oof/fold1/oof_predictions/compact/Case2026.nii.gz,data/nnUNet/nnUNet_raw/Dataset501_CAREMyoPS/labelsTr/Case2026.nii.gz,"[171, 164, 5]",compact,"[1.84375, 1.84375, 10.0]"
Case2027,1,PASS,results/20260726_care_fullinfo_nnunet_and_care_scf/care_scf_v1/mosaic_oof/fold1/oof_predictions/official/Case2027.nii.gz,data/nnUNet/nnUNet_raw/Dataset501_CAREMyoPS/labelsTr/Case2027.nii.gz,"[252, 258, 6]",official,"[1.359375, 1.359375, 10.0]"
Case2027,1,PASS,results/20260726_care_fullinfo_nnunet_and_care_scf/care_scf_v1/mosaic_oof/fold1/oof_predictions/compact/Case2027.nii.gz,data/nnUNet/nnUNet_raw/Dataset501_CAREMyoPS/labelsTr/Case2027.nii.gz,"[252, 258, 6]",compact,"[1.359375, 1.359375, 10.0]"
Case2030,1,PASS,results/20260726_care_fullinfo_nnunet_and_care_scf/care_scf_v1/mosaic_oof/fold1/oof_predictions/official/Case2030.nii.gz,data/nnUNet/nnUNet_raw/Dataset501_CAREMyoPS/labelsTr/Case2030.nii.gz,"[251, 263, 3]",official,"[1.328125, 1.328125, 10.0]"
Case2030,1,PASS,results/20260726_care_fullinfo_nnunet_and_care_scf/care_scf_v1/mosaic_oof/fold1/oof_predictions/compact/Case2030.nii.gz,data/nnUNet/nnUNet_raw/Dataset501_CAREMyoPS/labelsTr/Case2030.nii.gz,"[251, 263, 3]",compact,"[1.328125, 1.328125, 10.0]"
Case3002,1,PASS,results/20260726_care_fullinfo_nnunet_and_care_scf/care_scf_v1/mosaic_oof/fold1/oof_predictions/official/Case3002.nii.gz,data/nnUNet/nnUNet_raw/Dataset501_CAREMyoPS/labelsTr/Case3002.nii.gz,"[511, 511, 3]",official,"[0.7421875, 0.7421875, 23.000001907348633]"
Case3002,1,PASS,results/20260726_care_fullinfo_nnunet_and_care_scf/care_scf_v1/mosaic_oof/fold1/oof_predictions/compact/Case3002.nii.gz,data/nnUNet/nnUNet_raw/Dataset501_CAREMyoPS/labelsTr/Case3002.nii.gz,"[511, 511, 3]",compact,"[0.7421875, 0.7421875, 23.000001907348633]"
Case3007,1,PASS,results/20260726_care_fullinfo_nnunet_and_care_scf/care_scf_v1/mosaic_oof/fold1/oof_predictions/official/Case3007.nii.gz,data/nnUNet/nnUNet_raw/Dataset501_CAREMyoPS/labelsTr/Case3007.nii.gz,"[512, 502, 3]",official,"[0.7421875, 0.7421875, 23.000001907348633]"
Case3007,1,PASS,results/20260726_care_fullinfo_nnunet_and_care_scf/care_scf_v1/mosaic_oof/fold1/oof_predictions/compact/Case3007.nii.gz,data/nnUNet/nnUNet_raw/Dataset501_CAREMyoPS/labelsTr/Case3007.nii.gz,"[512, 502, 3]",compact,"[0.7421875, 0.7421875, 23.000001907348633]"
Case3014,1,PASS,results/20260726_care_fullinfo_nnunet_and_care_scf/care_scf_v1/mosaic_oof/fold1/oof_predictions/official/Case3014.nii.gz,data/nnUNet/nnUNet_raw/Dataset501_CAREMyoPS/labelsTr/Case3014.nii.gz,"[479, 476, 5]",official,"[0.7290666699409485, 0.7290666699409485, 13.999999046325684]"
Case3014,1,PASS,results/20260726_care_fullinfo_nnunet_and_care_scf/care_scf_v1/mosaic_oof/fold1/oof_predictions/compact/Case3014.nii.gz,data/nnUNet/nnUNet_raw/Dataset501_CAREMyoPS/labelsTr/Case3014.nii.gz,"[479, 476, 5]",compact,"[0.7290666699409485, 0.7290666699409485, 13.999999046325684]"
Case3018,1,PASS,results/20260726_care_fullinfo_nnunet_and_care_scf/care_scf_v1/mosaic_oof/fold1/oof_predictions/official/Case3018.nii.gz,data/nnUNet/nnUNet_raw/Dataset501_CAREMyoPS/labelsTr/Case3018.nii.gz,"[494, 492, 3]",official,"[0.7291666865348816, 0.7291666865348816, 23.000001907348633]"
Case3018,1,PASS,results/20260726_care_fullinfo_nnunet_and_care_scf/care_scf_v1/mosaic_oof/fold1/oof_predictions/compact/Case3018.nii.gz,data/nnUNet/nnUNet_raw/Dataset501_CAREMyoPS/labelsTr/Case3018.nii.gz,"[494, 492, 3]",compact,"[0.7291666865348816, 0.7291666865348816, 23.000001907348633]"
Case3025,1,PASS,results/20260726_care_fullinfo_nnunet_and_care_scf/care_scf_v1/mosaic_oof/fold1/oof_predictions/official/Case3025.nii.gz,data/nnUNet/nnUNet_raw/Dataset501_CAREMyoPS/labelsTr/Case3025.nii.gz,"[485, 478, 4]",official,"[0.76171875, 0.76171875, 13.999999046325684]"
Case3025,1,PASS,results/20260726_care_fullinfo_nnunet_and_care_scf/care_scf_v1/mosaic_oof/fold1/oof_predictions/compact/Case3025.nii.gz,data/nnUNet/nnUNet_raw/Dataset501_CAREMyoPS/labelsTr/Case3025.nii.gz,"[485, 478, 4]",compact,"[0.76171875, 0.76171875, 13.999999046325684]"
Case3028,1,PASS,results/20260726_care_fullinfo_nnunet_and_care_scf/care_scf_v1/mosaic_oof/fold1/oof_predictions/official/Case3028.nii.gz,data/nnUNet/nnUNet_raw/Dataset501_CAREMyoPS/labelsTr/Case3028.nii.gz,"[512, 515, 3]",official,"[0.7414237260818481, 0.7414237260818481, 23.000001907348633]"
Case3028,1,PASS,results/20260726_care_fullinfo_nnunet_and_care_scf/care_scf_v1/mosaic_oof/fold1/oof_predictions/compact/Case3028.nii.gz,data/nnUNet/nnUNet_raw/Dataset501_CAREMyoPS/labelsTr/Case3028.nii.gz,"[512, 515, 3]",compact,"[0.7414237260818481, 0.7414237260818481, 23.000001907348633]"
Case3030,1,PASS,results/20260726_care_fullinfo_nnunet_and_care_scf/care_scf_v1/mosaic_oof/fold1/oof_predictions/official/Case3030.nii.gz,data/nnUNet/nnUNet_raw/Dataset501_CAREMyoPS/labelsTr/Case3030.nii.gz,"[481, 474, 4]",official,"[0.76171875, 0.76171875, 16.000003814697266]"
Case3030,1,PASS,results/20260726_care_fullinfo_nnunet_and_care_scf/care_scf_v1/mosaic_oof/fold1/oof_predictions/compact/Case3030.nii.gz,data/nnUNet/nnUNet_raw/Dataset501_CAREMyoPS/labelsTr/Case3030.nii.gz,"[481, 474, 4]",compact,"[0.76171875, 0.76171875, 16.000003814697266]"
Case3033,1,PASS,results/20260726_care_fullinfo_nnunet_and_care_scf/care_scf_v1/mosaic_oof/fold1/oof_predictions/official/Case3033.nii.gz,data/nnUNet/nnUNet_raw/Dataset501_CAREMyoPS/labelsTr/Case3033.nii.gz,"[481, 479, 6]",official,"[0.7290666699409485, 0.7290666699409485, 11.999994277954102]"
Case3033,1,PASS,results/20260726_care_fullinfo_nnunet_and_care_scf/care_scf_v1/mosaic_oof/fold1/oof_predictions/compact/Case3033.nii.gz,data/nnUNet/nnUNet_raw/Dataset501_CAREMyoPS/labelsTr/Case3033.nii.gz,"[481, 479, 6]",compact,"[0.7290666699409485, 0.7290666699409485, 11.999994277954102]"
Case3041,1,PASS,results/20260726_care_fullinfo_nnunet_and_care_scf/care_scf_v1/mosaic_oof/fold1/oof_predictions/official/Case3041.nii.gz,data/nnUNet/nnUNet_raw/Dataset501_CAREMyoPS/labelsTr/Case3041.nii.gz,"[474, 462, 3]",official,"[0.7291666865348816, 0.7291666865348816, 22.999998092651367]"
Case3041,1,PASS,results/20260726_care_fullinfo_nnunet_and_care_scf/care_scf_v1/mosaic_oof/fold1/oof_predictions/compact/Case3041.nii.gz,data/nnUNet/nnUNet_raw/Dataset501_CAREMyoPS/labelsTr/Case3041.nii.gz,"[474, 462, 3]",compact,"[0.7291666865348816, 0.7291666865348816, 22.999998092651367]"
Case5007,1,PASS,results/20260726_care_fullinfo_nnunet_and_care_scf/care_scf_v1/mosaic_oof/fold1/oof_predictions/official/Case5007.nii.gz,data/nnUNet/nnUNet_raw/Dataset501_CAREMyoPS/labelsTr/Case5007.nii.gz,"[288, 288, 7]",official,"[1.25, 1.25, 10.0]"
Case5007,1,PASS,results/20260726_care_fullinfo_nnunet_and_care_scf/care_scf_v1/mosaic_oof/fold1/oof_predictions/compact/Case5007.nii.gz,data/nnUNet/nnUNet_raw/Dataset501_CAREMyoPS/labelsTr/Case5007.nii.gz,"[288, 288, 7]",compact,"[1.25, 1.25, 10.0]"
Case5010,1,PASS,results/20260726_care_fullinfo_nnunet_and_care_scf/care_scf_v1/mosaic_oof/fold1/oof_predictions/official/Case5010.nii.gz,data/nnUNet/nnUNet_raw/Dataset501_CAREMyoPS/labelsTr/Case5010.nii.gz,"[288, 288, 4]",official,"[1.3671875, 1.3671875, 10.0]"
Case5010,1,PASS,results/20260726_care_fullinfo_nnunet_and_care_scf/care_scf_v1/mosaic_oof/fold1/oof_predictions/compact/Case5010.nii.gz,data/nnUNet/nnUNet_raw/Dataset501_CAREMyoPS/labelsTr/Case5010.nii.gz,"[288, 288, 4]",compact,"[1.3671875, 1.3671875, 10.0]"
Case6004,1,PASS,results/20260726_care_fullinfo_nnunet_and_care_scf/care_scf_v1/mosaic_oof/fold1/oof_predictions/official/Case6004.nii.gz,data/nnUNet/nnUNet_raw/Dataset501_CAREMyoPS/labelsTr/Case6004.nii.gz,"[256, 256, 8]",official,"[1.3671875, 1.3671875, 10.0]"
Case6004,1,PASS,results/20260726_care_fullinfo_nnunet_and_care_scf/care_scf_v1/mosaic_oof/fold1/oof_predictions/compact/Case6004.nii.gz,data/nnUNet/nnUNet_raw/Dataset501_CAREMyoPS/labelsTr/Case6004.nii.gz,"[256, 256, 8]",compact,"[1.3671875, 1.3671875, 10.0]"
Case6006,1,PASS,results/20260726_care_fullinfo_nnunet_and_care_scf/care_scf_v1/mosaic_oof/fold1/oof_predictions/official/Case6006.nii.gz,data/nnUNet/nnUNet_raw/Dataset501_CAREMyoPS/labelsTr/Case6006.nii.gz,"[288, 288, 12]",official,"[1.25, 1.25, 10.0]"
Case6006,1,PASS,results/20260726_care_fullinfo_nnunet_and_care_scf/care_scf_v1/mosaic_oof/fold1/oof_predictions/compact/Case6006.nii.gz,data/nnUNet/nnUNet_raw/Dataset501_CAREMyoPS/labelsTr/Case6006.nii.gz,"[288, 288, 12]",compact,"[1.25, 1.25, 10.0]"
Case7004,1,PASS,results/20260726_care_fullinfo_nnunet_and_care_scf/care_scf_v1/mosaic_oof/fold1/oof_predictions/official/Case7004.nii.gz,data/nnUNet/nnUNet_raw/Dataset501_CAREMyoPS/labelsTr/Case7004.nii.gz,"[200, 256, 8]",official,"[1.640625, 1.640625, 8.0]"
Case7004,1,PASS,results/20260726_care_fullinfo_nnunet_and_care_scf/care_scf_v1/mosaic_oof/fold1/oof_predictions/compact/Case7004.nii.gz,data/nnUNet/nnUNet_raw/Dataset501_CAREMyoPS/labelsTr/Case7004.nii.gz,"[200, 256, 8]",compact,"[1.640625, 1.640625, 8.0]"
Case8004,1,PASS,results/20260726_care_fullinfo_nnunet_and_care_scf/care_scf_v1/mosaic_oof/fold1/oof_predictions/official/Case8004.nii.gz,data/nnUNet/nnUNet_raw/Dataset501_CAREMyoPS/labelsTr/Case8004.nii.gz,"[192, 256, 8]",official,"[1.484375, 1.484375, 11.699999809265137]"
Case8004,1,PASS,results/20260726_care_fullinfo_nnunet_and_care_scf/care_scf_v1/mosaic_oof/fold1/oof_predictions/compact/Case8004.nii.gz,data/nnUNet/nnUNet_raw/Dataset501_CAREMyoPS/labelsTr/Case8004.nii.gz,"[192, 256, 8]",compact,"[1.484375, 1.484375, 11.699999809265137]"
Case8006,1,PASS,results/20260726_care_fullinfo_nnunet_and_care_scf/care_scf_v1/mosaic_oof/fold1/oof_predictions/official/Case8006.nii.gz,data/nnUNet/nnUNet_raw/Dataset501_CAREMyoPS/labelsTr/Case8006.nii.gz,"[192, 256, 8]",official,"[1.484375, 1.484375, 11.69999885559082]"
Case8006,1,PASS,results/20260726_care_fullinfo_nnunet_and_care_scf/care_scf_v1/mosaic_oof/fold1/oof_predictions/compact/Case8006.nii.gz,data/nnUNet/nnUNet_raw/Dataset501_CAREMyoPS/labelsTr/Case8006.nii.gz,"[192, 256, 8]",compact,"[1.484375, 1.484375, 11.69999885559082]"
Case8008,1,PASS,results/20260726_care_fullinfo_nnunet_and_care_scf/care_scf_v1/mosaic_oof/fold1/oof_predictions/official/Case8008.nii.gz,data/nnUNet/nnUNet_raw/Dataset501_CAREMyoPS/labelsTr/Case8008.nii.gz,"[192, 256, 8]",official,"[1.40625, 1.40625, 11.700000762939453]"
Case8008,1,PASS,results/20260726_care_fullinfo_nnunet_and_care_scf/care_scf_v1/mosaic_oof/fold1/oof_predictions/compact/Case8008.nii.gz,data/nnUNet/nnUNet_raw/Dataset501_CAREMyoPS/labelsTr/Case8008.nii.gz,"[192, 256, 8]",compact,"[1.40625, 1.40625, 11.700000762939453]"
Case8013,1,PASS,results/20260726_care_fullinfo_nnunet_and_care_scf/care_scf_v1/mosaic_oof/fold1/oof_predictions/official/Case8013.nii.gz,data/nnUNet/nnUNet_raw/Dataset501_CAREMyoPS/labelsTr/Case8013.nii.gz,"[192, 256, 8]",official,"[1.484375, 1.484375, 11.25]"
Case8013,1,PASS,results/20260726_care_fullinfo_nnunet_and_care_scf/care_scf_v1/mosaic_oof/fold1/oof_predictions/compact/Case8013.nii.gz,data/nnUNet/nnUNet_raw/Dataset501_CAREMyoPS/labelsTr/Case8013.nii.gz,"[192, 256, 8]",compact,"[1.484375, 1.484375, 11.25]"
Case8016,1,PASS,results/20260726_care_fullinfo_nnunet_and_care_scf/care_scf_v1/mosaic_oof/fold1/oof_predictions/official/Case8016.nii.gz,data/nnUNet/nnUNet_raw/Dataset501_CAREMyoPS/labelsTr/Case8016.nii.gz,"[192, 256, 7]",official,"[1.484375, 1.484375, 10.625]"
Case8016,1,PASS,results/20260726_care_fullinfo_nnunet_and_care_scf/care_scf_v1/mosaic_oof/fold1/oof_predictions/compact/Case8016.nii.gz,data/nnUNet/nnUNet_raw/Dataset501_CAREMyoPS/labelsTr/Case8016.nii.gz,"[192, 256, 7]",compact,"[1.484375, 1.484375, 10.625]"
Case8024,1,PASS,results/20260726_care_fullinfo_nnunet_and_care_scf/care_scf_v1/mosaic_oof/fold1/oof_predictions/official/Case8024.nii.gz,data/nnUNet/nnUNet_raw/Dataset501_CAREMyoPS/labelsTr/Case8024.nii.gz,"[192, 256, 8]",official,"[1.484375, 1.484375, 11.699999809265137]"
Case8024,1,PASS,results/20260726_care_fullinfo_nnunet_and_care_scf/care_scf_v1/mosaic_oof/fold1/oof_predictions/compact/Case8024.nii.gz,data/nnUNet/nnUNet_raw/Dataset501_CAREMyoPS/labelsTr/Case8024.nii.gz,"[192, 256, 8]",compact,"[1.484375, 1.484375, 11.699999809265137]"
Case8029,1,PASS,results/20260726_care_fullinfo_nnunet_and_care_scf/care_scf_v1/mosaic_oof/fold1/oof_predictions/official/Case8029.nii.gz,data/nnUNet/nnUNet_raw/Dataset501_CAREMyoPS/labelsTr/Case8029.nii.gz,"[192, 256, 8]",official,"[1.484375, 1.484375, 10.0]"
Case8029,1,PASS,results/20260726_care_fullinfo_nnunet_and_care_scf/care_scf_v1/mosaic_oof/fold1/oof_predictions/compact/Case8029.nii.gz,data/nnUNet/nnUNet_raw/Dataset501_CAREMyoPS/labelsTr/Case8029.nii.gz,"[192, 256, 8]",compact,"[1.484375, 1.484375, 10.0]"
Case1012,2,PASS,results/20260726_care_fullinfo_nnunet_and_care_scf/care_scf_v1/mosaic_oof/fold2/oof_predictions/official/Case1012.nii.gz,data/nnUNet/nnUNet_raw/Dataset501_CAREMyoPS/labelsTr/Case1012.nii.gz,"[256, 256, 9]",official,"[1.3672000169754028, 1.3672000169754028, 11.0]"
Case1012,2,PASS,results/20260726_care_fullinfo_nnunet_and_care_scf/care_scf_v1/mosaic_oof/fold2/oof_predictions/compact/Case1012.nii.gz,data/nnUNet/nnUNet_raw/Dataset501_CAREMyoPS/labelsTr/Case1012.nii.gz,"[256, 256, 9]",compact,"[1.3672000169754028, 1.3672000169754028, 11.0]"
Case1014,2,PASS,results/20260726_care_fullinfo_nnunet_and_care_scf/care_scf_v1/mosaic_oof/fold2/oof_predictions/official/Case1014.nii.gz,data/nnUNet/nnUNet_raw/Dataset501_CAREMyoPS/labelsTr/Case1014.nii.gz,"[256, 256, 9]",official,"[1.3672000169754028, 1.3672000169754028, 11.5]"
Case1014,2,PASS,results/20260726_care_fullinfo_nnunet_and_care_scf/care_scf_v1/mosaic_oof/fold2/oof_predictions/compact/Case1014.nii.gz,data/nnUNet/nnUNet_raw/Dataset501_CAREMyoPS/labelsTr/Case1014.nii.gz,"[256, 256, 9]",compact,"[1.3672000169754028, 1.3672000169754028, 11.5]"
Case1016,2,PASS,results/20260726_care_fullinfo_nnunet_and_care_scf/care_scf_v1/mosaic_oof/fold2/oof_predictions/official/Case1016.nii.gz,data/nnUNet/nnUNet_raw/Dataset501_CAREMyoPS/labelsTr/Case1016.nii.gz,"[256, 256, 24]",official,"[1.3280999660491943, 1.3280999660491943, 5.0]"
Case1016,2,PASS,results/20260726_care_fullinfo_nnunet_and_care_scf/care_scf_v1/mosaic_oof/fold2/oof_predictions/compact/Case1016.nii.gz,data/nnUNet/nnUNet_raw/Dataset501_CAREMyoPS/labelsTr/Case1016.nii.gz,"[256, 256, 24]",compact,"[1.3280999660491943, 1.3280999660491943, 5.0]"
Case1020,2,PASS,results/20260726_care_fullinfo_nnunet_and_care_scf/care_scf_v1/mosaic_oof/fold2/oof_predictions/official/Case1020.nii.gz,data/nnUNet/nnUNet_raw/Dataset501_CAREMyoPS/labelsTr/Case1020.nii.gz,"[256, 256, 16]",official,"[1.3280999660491943, 1.3280999660491943, 5.0]"
Case1020,2,PASS,results/20260726_care_fullinfo_nnunet_and_care_scf/care_scf_v1/mosaic_oof/fold2/oof_predictions/compact/Case1020.nii.gz,data/nnUNet/nnUNet_raw/Dataset501_CAREMyoPS/labelsTr/Case1020.nii.gz,"[256, 256, 16]",compact,"[1.3280999660491943, 1.3280999660491943, 5.0]"
Case1024,2,PASS,results/20260726_care_fullinfo_nnunet_and_care_scf/care_scf_v1/mosaic_oof/fold2/oof_predictions/official/Case1024.nii.gz,data/nnUNet/nnUNet_raw/Dataset501_CAREMyoPS/labelsTr/Case1024.nii.gz,"[256, 256, 20]",official,"[1.3280999660491943, 1.3280999660491943, 5.0]"
Case1024,2,PASS,results/20260726_care_fullinfo_nnunet_and_care_scf/care_scf_v1/mosaic_oof/fold2/oof_predictions/compact/Case1024.nii.gz,data/nnUNet/nnUNet_raw/Dataset501_CAREMyoPS/labelsTr/Case1024.nii.gz,"[256, 256, 20]",compact,"[1.3280999660491943, 1.3280999660491943, 5.0]"
Case1025,2,PASS,results/20260726_care_fullinfo_nnunet_and_care_scf/care_scf_v1/mosaic_oof/fold2/oof_predictions/official/Case1025.nii.gz,data/nnUNet/nnUNet_raw/Dataset501_CAREMyoPS/labelsTr/Case1025.nii.gz,"[256, 256, 24]",official,"[1.4062999486923218, 1.4062999486923218, 4.5]"
Case1025,2,PASS,results/20260726_care_fullinfo_nnunet_and_care_scf/care_scf_v1/mosaic_oof/fold2/oof_predictions/compact/Case1025.nii.gz,data/nnUNet/nnUNet_raw/Dataset501_CAREMyoPS/labelsTr/Case1025.nii.gz,"[256, 256, 24]",compact,"[1.4062999486923218, 1.4062999486923218, 4.5]"
Case1027,2,PASS,results/20260726_care_fullinfo_nnunet_and_care_scf/care_scf_v1/mosaic_oof/fold2/oof_predictions/official/Case1027.nii.gz,data/nnUNet/nnUNet_raw/Dataset501_CAREMyoPS/labelsTr/Case1027.nii.gz,"[256, 256, 20]",official,"[1.3280999660491943, 1.3280999660491943, 5.0]"
Case1027,2,PASS,results/20260726_care_fullinfo_nnunet_and_care_scf/care_scf_v1/mosaic_oof/fold2/oof_predictions/compact/Case1027.nii.gz,data/nnUNet/nnUNet_raw/Dataset501_CAREMyoPS/labelsTr/Case1027.nii.gz,"[256, 256, 20]",compact,"[1.3280999660491943, 1.3280999660491943, 5.0]"
Case1030,2,PASS,results/20260726_care_fullinfo_nnunet_and_care_scf/care_scf_v1/mosaic_oof/fold2/oof_predictions/official/Case1030.nii.gz,data/nnUNet/nnUNet_raw/Dataset501_CAREMyoPS/labelsTr/Case1030.nii.gz,"[256, 256, 20]",official,"[1.3280999660491943, 1.3280999660491943, 5.0]"
Case1030,2,PASS,results/20260726_care_fullinfo_nnunet_and_care_scf/care_scf_v1/mosaic_oof/fold2/oof_predictions/compact/Case1030.nii.gz,data/nnUNet/nnUNet_raw/Dataset501_CAREMyoPS/labelsTr/Case1030.nii.gz,"[256, 256, 20]",compact,"[1.3280999660491943, 1.3280999660491943, 5.0]"
Case1039,2,PASS,results/20260726_care_fullinfo_nnunet_and_care_scf/care_scf_v1/mosaic_oof/fold2/oof_predictions/official/Case1039.nii.gz,data/nnUNet/nnUNet_raw/Dataset501_CAREMyoPS/labelsTr/Case1039.nii.gz,"[256, 256, 20]",official,"[1.3280999660491943, 1.3280999660491943, 5.0]"
Case1039,2,PASS,results/20260726_care_fullinfo_nnunet_and_care_scf/care_scf_v1/mosaic_oof/fold2/oof_predictions/compact/Case1039.nii.gz,data/nnUNet/nnUNet_raw/Dataset501_CAREMyoPS/labelsTr/Case1039.nii.gz,"[256, 256, 20]",compact,"[1.3280999660491943, 1.3280999660491943, 5.0]"
Case1044,2,PASS,results/20260726_care_fullinfo_nnunet_and_care_scf/care_scf_v1/mosaic_oof/fold2/oof_predictions/official/Case1044.nii.gz,data/nnUNet/nnUNet_raw/Dataset501_CAREMyoPS/labelsTr/Case1044.nii.gz,"[256, 256, 20]",official,"[1.3280999660491943, 1.3280999660491943, 5.0]"
Case1044,2,PASS,results/20260726_care_fullinfo_nnunet_and_care_scf/care_scf_v1/mosaic_oof/fold2/oof_predictions/compact/Case1044.nii.gz,data/nnUNet/nnUNet_raw/Dataset501_CAREMyoPS/labelsTr/Case1044.nii.gz,"[256, 256, 20]",compact,"[1.3280999660491943, 1.3280999660491943, 5.0]"
Case1048,2,PASS,results/20260726_care_fullinfo_nnunet_and_care_scf/care_scf_v1/mosaic_oof/fold2/oof_predictions/official/Case1048.nii.gz,data/nnUNet/nnUNet_raw/Dataset501_CAREMyoPS/labelsTr/Case1048.nii.gz,"[256, 256, 20]",official,"[1.3280999660491943, 1.3280999660491943, 5.0]"
Case1048,2,PASS,results/20260726_care_fullinfo_nnunet_and_care_scf/care_scf_v1/mosaic_oof/fold2/oof_predictions/compact/Case1048.nii.gz,data/nnUNet/nnUNet_raw/Dataset501_CAREMyoPS/labelsTr/Case1048.nii.gz,"[256, 256, 20]",compact,"[1.3280999660491943, 1.3280999660491943, 5.0]"
Case1051,2,PASS,results/20260726_care_fullinfo_nnunet_and_care_scf/care_scf_v1/mosaic_oof/fold2/oof_predictions/official/Case1051.nii.gz,data/nnUNet/nnUNet_raw/Dataset501_CAREMyoPS/labelsTr/Case1051.nii.gz,"[256, 256, 24]",official,"[1.4062999486923218, 1.4062999486923218, 5.0]"
Case1051,2,PASS,results/20260726_care_fullinfo_nnunet_and_care_scf/care_scf_v1/mosaic_oof/fold2/oof_predictions/compact/Case1051.nii.gz,data/nnUNet/nnUNet_raw/Dataset501_CAREMyoPS/labelsTr/Case1051.nii.gz,"[256, 256, 24]",compact,"[1.4062999486923218, 1.4062999486923218, 5.0]"
Case1055,2,PASS,results/20260726_care_fullinfo_nnunet_and_care_scf/care_scf_v1/mosaic_oof/fold2/oof_predictions/official/Case1055.nii.gz,data/nnUNet/nnUNet_raw/Dataset501_CAREMyoPS/labelsTr/Case1055.nii.gz,"[256, 256, 15]",official,"[1.3672000169754028, 1.3672000169754028, 8.5]"
Case1055,2,PASS,results/20260726_care_fullinfo_nnunet_and_care_scf/care_scf_v1/mosaic_oof/fold2/oof_predictions/compact/Case1055.nii.gz,data/nnUNet/nnUNet_raw/Dataset501_CAREMyoPS/labelsTr/Case1055.nii.gz,"[256, 256, 15]",compact,"[1.3672000169754028, 1.3672000169754028, 8.5]"
Case1057,2,PASS,results/20260726_care_fullinfo_nnunet_and_care_scf/care_scf_v1/mosaic_oof/fold2/oof_predictions/official/Case1057.nii.gz,data/nnUNet/nnUNet_raw/Dataset501_CAREMyoPS/labelsTr/Case1057.nii.gz,"[256, 256, 9]",official,"[1.3672000169754028, 1.3672000169754028, 10.5]"
Case1057,2,PASS,results/20260726_care_fullinfo_nnunet_and_care_scf/care_scf_v1/mosaic_oof/fold2/oof_predictions/compact/Case1057.nii.gz,data/nnUNet/nnUNet_raw/Dataset501_CAREMyoPS/labelsTr/Case1057.nii.gz,"[256, 256, 9]",compact,"[1.3672000169754028, 1.3672000169754028, 10.5]"
Case1059,2,PASS,results/20260726_care_fullinfo_nnunet_and_care_scf/care_scf_v1/mosaic_oof/fold2/oof_predictions/official/Case1059.nii.gz,data/nnUNet/nnUNet_raw/Dataset501_CAREMyoPS/labelsTr/Case1059.nii.gz,"[256, 256, 10]",official,"[1.3672000169754028, 1.3672000169754028, 10.5]"
Case1059,2,PASS,results/20260726_care_fullinfo_nnunet_and_care_scf/care_scf_v1/mosaic_oof/fold2/oof_predictions/compact/Case1059.nii.gz,data/nnUNet/nnUNet_raw/Dataset501_CAREMyoPS/labelsTr/Case1059.nii.gz,"[256, 256, 10]",compact,"[1.3672000169754028, 1.3672000169754028, 10.5]"
Case1068,2,PASS,results/20260726_care_fullinfo_nnunet_and_care_scf/care_scf_v1/mosaic_oof/fold2/oof_predictions/official/Case1068.nii.gz,data/nnUNet/nnUNet_raw/Dataset501_CAREMyoPS/labelsTr/Case1068.nii.gz,"[256, 256, 24]",official,"[1.3280999660491943, 1.3280999660491943, 5.0]"
Case1068,2,PASS,results/20260726_care_fullinfo_nnunet_and_care_scf/care_scf_v1/mosaic_oof/fold2/oof_predictions/compact/Case1068.nii.gz,data/nnUNet/nnUNet_raw/Dataset501_CAREMyoPS/labelsTr/Case1068.nii.gz,"[256, 256, 24]",compact,"[1.3280999660491943, 1.3280999660491943, 5.0]"
Case2006,2,PASS,results/20260726_care_fullinfo_nnunet_and_care_scf/care_scf_v1/mosaic_oof/fold2/oof_predictions/official/Case2006.nii.gz,data/nnUNet/nnUNet_raw/Dataset501_CAREMyoPS/labelsTr/Case2006.nii.gz,"[260, 255, 6]",official,"[1.3359375, 1.3359375, 10.0]"
Case2006,2,PASS,results/20260726_care_fullinfo_nnunet_and_care_scf/care_scf_v1/mosaic_oof/fold2/oof_predictions/compact/Case2006.nii.gz,data/nnUNet/nnUNet_raw/Dataset501_CAREMyoPS/labelsTr/Case2006.nii.gz,"[260, 255, 6]",compact,"[1.3359375, 1.3359375, 10.0]"
Case2009,2,PASS,results/20260726_care_fullinfo_nnunet_and_care_scf/care_scf_v1/mosaic_oof/fold2/oof_predictions/official/Case2009.nii.gz,data/nnUNet/nnUNet_raw/Dataset501_CAREMyoPS/labelsTr/Case2009.nii.gz,"[261, 260, 4]",official,"[1.328125, 1.328125, 10.0]"
Case2009,2,PASS,results/20260726_care_fullinfo_nnunet_and_care_scf/care_scf_v1/mosaic_oof/fold2/oof_predictions/compact/Case2009.nii.gz,data/nnUNet/nnUNet_raw/Dataset501_CAREMyoPS/labelsTr/Case2009.nii.gz,"[261, 260, 4]",compact,"[1.328125, 1.328125, 10.0]"
Case2014,2,PASS,results/20260726_care_fullinfo_nnunet_and_care_scf/care_scf_v1/mosaic_oof/fold2/oof_predictions/official/Case2014.nii.gz,data/nnUNet/nnUNet_raw/Dataset501_CAREMyoPS/labelsTr/Case2014.nii.gz,"[257, 261, 5]",official,"[1.44921875, 1.44921875, 10.0]"
Case2014,2,PASS,results/20260726_care_fullinfo_nnunet_and_care_scf/care_scf_v1/mosaic_oof/fold2/oof_predictions/compact/Case2014.nii.gz,data/nnUNet/nnUNet_raw/Dataset501_CAREMyoPS/labelsTr/Case2014.nii.gz,"[257, 261, 5]",compact,"[1.44921875, 1.44921875, 10.0]"
Case2019,2,PASS,results/20260726_care_fullinfo_nnunet_and_care_scf/care_scf_v1/mosaic_oof/fold2/oof_predictions/official/Case2019.nii.gz,data/nnUNet/nnUNet_raw/Dataset501_CAREMyoPS/labelsTr/Case2019.nii.gz,"[161, 161, 5]",official,"[1.7708333730697632, 1.7708333730697632, 10.0]"
Case2019,2,PASS,results/20260726_care_fullinfo_nnunet_and_care_scf/care_scf_v1/mosaic_oof/fold2/oof_predictions/compact/Case2019.nii.gz,data/nnUNet/nnUNet_raw/Dataset501_CAREMyoPS/labelsTr/Case2019.nii.gz,"[161, 161, 5]",compact,"[1.7708333730697632, 1.7708333730697632, 10.0]"
Case2022,2,PASS,results/20260726_care_fullinfo_nnunet_and_care_scf/care_scf_v1/mosaic_oof/fold2/oof_predictions/official/Case2022.nii.gz,data/nnUNet/nnUNet_raw/Dataset501_CAREMyoPS/labelsTr/Case2022.nii.gz,"[241, 259, 6]",official,"[1.42578125, 1.42578125, 10.0]"
Case2022,2,PASS,results/20260726_care_fullinfo_nnunet_and_care_scf/care_scf_v1/mosaic_oof/fold2/oof_predictions/compact/Case2022.nii.gz,data/nnUNet/nnUNet_raw/Dataset501_CAREMyoPS/labelsTr/Case2022.nii.gz,"[241, 259, 6]",compact,"[1.42578125, 1.42578125, 10.0]"
Case2023,2,PASS,results/20260726_care_fullinfo_nnunet_and_care_scf/care_scf_v1/mosaic_oof/fold2/oof_predictions/official/Case2023.nii.gz,data/nnUNet/nnUNet_raw/Dataset501_CAREMyoPS/labelsTr/Case2023.nii.gz,"[217, 257, 5]",official,"[1.328125, 1.328125, 10.0]"
Case2023,2,PASS,results/20260726_care_fullinfo_nnunet_and_care_scf/care_scf_v1/mosaic_oof/fold2/oof_predictions/compact/Case2023.nii.gz,data/nnUNet/nnUNet_raw/Dataset501_CAREMyoPS/labelsTr/Case2023.nii.gz,"[217, 257, 5]",compact,"[1.328125, 1.328125, 10.0]"
Case2034,2,PASS,results/20260726_care_fullinfo_nnunet_and_care_scf/care_scf_v1/mosaic_oof/fold2/oof_predictions/official/Case2034.nii.gz,data/nnUNet/nnUNet_raw/Dataset501_CAREMyoPS/labelsTr/Case2034.nii.gz,"[226, 256, 5]",official,"[1.328125, 1.328125, 10.0]"
Case2034,2,PASS,results/20260726_care_fullinfo_nnunet_and_care_scf/care_scf_v1/mosaic_oof/fold2/oof_predictions/compact/Case2034.nii.gz,data/nnUNet/nnUNet_raw/Dataset501_CAREMyoPS/labelsTr/Case2034.nii.gz,"[226, 256, 5]",compact,"[1.328125, 1.328125, 10.0]"
Case3006,2,PASS,results/20260726_care_fullinfo_nnunet_and_care_scf/care_scf_v1/mosaic_oof/fold2/oof_predictions/official/Case3006.nii.gz,data/nnUNet/nnUNet_raw/Dataset501_CAREMyoPS/labelsTr/Case3006.nii.gz,"[412, 408, 3]",official,"[0.75, 0.75, 23.0]"
Case3006,2,PASS,results/20260726_care_fullinfo_nnunet_and_care_scf/care_scf_v1/mosaic_oof/fold2/oof_predictions/compact/Case3006.nii.gz,data/nnUNet/nnUNet_raw/Dataset501_CAREMyoPS/labelsTr/Case3006.nii.gz,"[412, 408, 3]",compact,"[0.75, 0.75, 23.0]"
Case3008,2,PASS,results/20260726_care_fullinfo_nnunet_and_care_scf/care_scf_v1/mosaic_oof/fold2/oof_predictions/official/Case3008.nii.gz,data/nnUNet/nnUNet_raw/Dataset501_CAREMyoPS/labelsTr/Case3008.nii.gz,"[499, 502, 3]",official,"[0.7290666699409485, 0.7290666699409485, 22.999998092651367]"
Case3008,2,PASS,results/20260726_care_fullinfo_nnunet_and_care_scf/care_scf_v1/mosaic_oof/fold2/oof_predictions/compact/Case3008.nii.gz,data/nnUNet/nnUNet_raw/Dataset501_CAREMyoPS/labelsTr/Case3008.nii.gz,"[499, 502, 3]",compact,"[0.7290666699409485, 0.7290666699409485, 22.999998092651367]"
Case3015,2,PASS,results/20260726_care_fullinfo_nnunet_and_care_scf/care_scf_v1/mosaic_oof/fold2/oof_predictions/official/Case3015.nii.gz,data/nnUNet/nnUNet_raw/Dataset501_CAREMyoPS/labelsTr/Case3015.nii.gz,"[482, 478, 5]",official,"[0.7290666699409485, 0.7290666699409485, 14.000000953674316]"
Case3015,2,PASS,results/20260726_care_fullinfo_nnunet_and_care_scf/care_scf_v1/mosaic_oof/fold2/oof_predictions/compact/Case3015.nii.gz,data/nnUNet/nnUNet_raw/Dataset501_CAREMyoPS/labelsTr/Case3015.nii.gz,"[482, 478, 5]",compact,"[0.7290666699409485, 0.7290666699409485, 14.000000953674316]"
Case3016,2,PASS,results/20260726_care_fullinfo_nnunet_and_care_scf/care_scf_v1/mosaic_oof/fold2/oof_predictions/official/Case3016.nii.gz,data/nnUNet/nnUNet_raw/Dataset501_CAREMyoPS/labelsTr/Case3016.nii.gz,"[481, 484, 4]",official,"[0.76171875, 0.76171875, 13.999999046325684]"
Case3016,2,PASS,results/20260726_care_fullinfo_nnunet_and_care_scf/care_scf_v1/mosaic_oof/fold2/oof_predictions/compact/Case3016.nii.gz,data/nnUNet/nnUNet_raw/Dataset501_CAREMyoPS/labelsTr/Case3016.nii.gz,"[481, 484, 4]",compact,"[0.76171875, 0.76171875, 13.999999046325684]"
Case3017,2,PASS,results/20260726_care_fullinfo_nnunet_and_care_scf/care_scf_v1/mosaic_oof/fold2/oof_predictions/official/Case3017.nii.gz,data/nnUNet/nnUNet_raw/Dataset501_CAREMyoPS/labelsTr/Case3017.nii.gz,"[479, 479, 6]",official,"[0.7290666699409485, 0.7290666699409485, 11.999998092651367]"
Case3017,2,PASS,results/20260726_care_fullinfo_nnunet_and_care_scf/care_scf_v1/mosaic_oof/fold2/oof_predictions/compact/Case3017.nii.gz,data/nnUNet/nnUNet_raw/Dataset501_CAREMyoPS/labelsTr/Case3017.nii.gz,"[479, 479, 6]",compact,"[0.7290666699409485, 0.7290666699409485, 11.999998092651367]"
Case3024,2,PASS,results/20260726_care_fullinfo_nnunet_and_care_scf/care_scf_v1/mosaic_oof/fold2/oof_predictions/official/Case3024.nii.gz,data/nnUNet/nnUNet_raw/Dataset501_CAREMyoPS/labelsTr/Case3024.nii.gz,"[408, 392, 4]",official,"[0.75, 0.75, 12.000001907348633]"
Case3024,2,PASS,results/20260726_care_fullinfo_nnunet_and_care_scf/care_scf_v1/mosaic_oof/fold2/oof_predictions/compact/Case3024.nii.gz,data/nnUNet/nnUNet_raw/Dataset501_CAREMyoPS/labelsTr/Case3024.nii.gz,"[408, 392, 4]",compact,"[0.75, 0.75, 12.000001907348633]"
Case3027,2,PASS,results/20260726_care_fullinfo_nnunet_and_care_scf/care_scf_v1/mosaic_oof/fold2/oof_predictions/official/Case3027.nii.gz,data/nnUNet/nnUNet_raw/Dataset501_CAREMyoPS/labelsTr/Case3027.nii.gz,"[454, 455, 3]",official,"[0.7542068958282471, 0.7542068958282471, 22.999996185302734]"
Case3027,2,PASS,results/20260726_care_fullinfo_nnunet_and_care_scf/care_scf_v1/mosaic_oof/fold2/oof_predictions/compact/Case3027.nii.gz,data/nnUNet/nnUNet_raw/Dataset501_CAREMyoPS/labelsTr/Case3027.nii.gz,"[454, 455, 3]",compact,"[0.7542068958282471, 0.7542068958282471, 22.999996185302734]"
Case3035,2,PASS,results/20260726_care_fullinfo_nnunet_and_care_scf/care_scf_v1/mosaic_oof/fold2/oof_predictions/official/Case3035.nii.gz,data/nnUNet/nnUNet_raw/Dataset501_CAREMyoPS/labelsTr/Case3035.nii.gz,"[505, 502, 3]",official,"[0.7290666699409485, 0.7290666699409485, 23.0]"
Case3035,2,PASS,results/20260726_care_fullinfo_nnunet_and_care_scf/care_scf_v1/mosaic_oof/fold2/oof_predictions/compact/Case3035.nii.gz,data/nnUNet/nnUNet_raw/Dataset501_CAREMyoPS/labelsTr/Case3035.nii.gz,"[505, 502, 3]",compact,"[0.7290666699409485, 0.7290666699409485, 23.0]"
Case3037,2,PASS,results/20260726_care_fullinfo_nnunet_and_care_scf/care_scf_v1/mosaic_oof/fold2/oof_predictions/official/Case3037.nii.gz,data/nnUNet/nnUNet_raw/Dataset501_CAREMyoPS/labelsTr/Case3037.nii.gz,"[480, 478, 3]",official,"[0.7290666699409485, 0.7290666699409485, 14.0]"
Case3037,2,PASS,results/20260726_care_fullinfo_nnunet_and_care_scf/care_scf_v1/mosaic_oof/fold2/oof_predictions/compact/Case3037.nii.gz,data/nnUNet/nnUNet_raw/Dataset501_CAREMyoPS/labelsTr/Case3037.nii.gz,"[480, 478, 3]",compact,"[0.7290666699409485, 0.7290666699409485, 14.0]"
Case5001,2,PASS,results/20260726_care_fullinfo_nnunet_and_care_scf/care_scf_v1/mosaic_oof/fold2/oof_predictions/official/Case5001.nii.gz,data/nnUNet/nnUNet_raw/Dataset501_CAREMyoPS/labelsTr/Case5001.nii.gz,"[288, 288, 5]",official,"[1.25, 1.25, 10.0]"
Case5001,2,PASS,results/20260726_care_fullinfo_nnunet_and_care_scf/care_scf_v1/mosaic_oof/fold2/oof_predictions/compact/Case5001.nii.gz,data/nnUNet/nnUNet_raw/Dataset501_CAREMyoPS/labelsTr/Case5001.nii.gz,"[288, 288, 5]",compact,"[1.25, 1.25, 10.0]"
Case5006,2,PASS,results/20260726_care_fullinfo_nnunet_and_care_scf/care_scf_v1/mosaic_oof/fold2/oof_predictions/official/Case5006.nii.gz,data/nnUNet/nnUNet_raw/Dataset501_CAREMyoPS/labelsTr/Case5006.nii.gz,"[288, 288, 3]",official,"[1.25, 1.25, 10.0]"
Case5006,2,PASS,results/20260726_care_fullinfo_nnunet_and_care_scf/care_scf_v1/mosaic_oof/fold2/oof_predictions/compact/Case5006.nii.gz,data/nnUNet/nnUNet_raw/Dataset501_CAREMyoPS/labelsTr/Case5006.nii.gz,"[288, 288, 3]",compact,"[1.25, 1.25, 10.0]"
Case6003,2,PASS,results/20260726_care_fullinfo_nnunet_and_care_scf/care_scf_v1/mosaic_oof/fold2/oof_predictions/official/Case6003.nii.gz,data/nnUNet/nnUNet_raw/Dataset501_CAREMyoPS/labelsTr/Case6003.nii.gz,"[288, 288, 7]",official,"[1.25, 1.25, 10.0]"
Case6003,2,PASS,results/20260726_care_fullinfo_nnunet_and_care_scf/care_scf_v1/mosaic_oof/fold2/oof_predictions/compact/Case6003.nii.gz,data/nnUNet/nnUNet_raw/Dataset501_CAREMyoPS/labelsTr/Case6003.nii.gz,"[288, 288, 7]",compact,"[1.25, 1.25, 10.0]"
Case7002,2,PASS,results/20260726_care_fullinfo_nnunet_and_care_scf/care_scf_v1/mosaic_oof/fold2/oof_predictions/official/Case7002.nii.gz,data/nnUNet/nnUNet_raw/Dataset501_CAREMyoPS/labelsTr/Case7002.nii.gz,"[200, 256, 8]",official,"[1.40625, 1.40625, 8.0]"
Case7002,2,PASS,results/20260726_care_fullinfo_nnunet_and_care_scf/care_scf_v1/mosaic_oof/fold2/oof_predictions/compact/Case7002.nii.gz,data/nnUNet/nnUNet_raw/Dataset501_CAREMyoPS/labelsTr/Case7002.nii.gz,"[200, 256, 8]",compact,"[1.40625, 1.40625, 8.0]"
Case7010,2,PASS,results/20260726_care_fullinfo_nnunet_and_care_scf/care_scf_v1/mosaic_oof/fold2/oof_predictions/official/Case7010.nii.gz,data/nnUNet/nnUNet_raw/Dataset501_CAREMyoPS/labelsTr/Case7010.nii.gz,"[200, 256, 5]",official,"[1.484375, 1.484375, 8.0]"
Case7010,2,PASS,results/20260726_care_fullinfo_nnunet_and_care_scf/care_scf_v1/mosaic_oof/fold2/oof_predictions/compact/Case7010.nii.gz,data/nnUNet/nnUNet_raw/Dataset501_CAREMyoPS/labelsTr/Case7010.nii.gz,"[200, 256, 5]",compact,"[1.484375, 1.484375, 8.0]"
Case8002,2,PASS,results/20260726_care_fullinfo_nnunet_and_care_scf/care_scf_v1/mosaic_oof/fold2/oof_predictions/official/Case8002.nii.gz,data/nnUNet/nnUNet_raw/Dataset501_CAREMyoPS/labelsTr/Case8002.nii.gz,"[192, 256, 6]",official,"[1.484375, 1.484375, 10.40000057220459]"
Case8002,2,PASS,results/20260726_care_fullinfo_nnunet_and_care_scf/care_scf_v1/mosaic_oof/fold2/oof_predictions/compact/Case8002.nii.gz,data/nnUNet/nnUNet_raw/Dataset501_CAREMyoPS/labelsTr/Case8002.nii.gz,"[192, 256, 6]",compact,"[1.484375, 1.484375, 10.40000057220459]"
Case8005,2,PASS,results/20260726_care_fullinfo_nnunet_and_care_scf/care_scf_v1/mosaic_oof/fold2/oof_predictions/official/Case8005.nii.gz,data/nnUNet/nnUNet_raw/Dataset501_CAREMyoPS/labelsTr/Case8005.nii.gz,"[192, 256, 8]",official,"[1.484375, 1.484375, 10.0]"
Case8005,2,PASS,results/20260726_care_fullinfo_nnunet_and_care_scf/care_scf_v1/mosaic_oof/fold2/oof_predictions/compact/Case8005.nii.gz,data/nnUNet/nnUNet_raw/Dataset501_CAREMyoPS/labelsTr/Case8005.nii.gz,"[192, 256, 8]",compact,"[1.484375, 1.484375, 10.0]"
Case8009,2,PASS,results/20260726_care_fullinfo_nnunet_and_care_scf/care_scf_v1/mosaic_oof/fold2/oof_predictions/official/Case8009.nii.gz,data/nnUNet/nnUNet_raw/Dataset501_CAREMyoPS/labelsTr/Case8009.nii.gz,"[192, 256, 6]",official,"[1.484375, 1.484375, 11.699999809265137]"
Case8009,2,PASS,results/20260726_care_fullinfo_nnunet_and_care_scf/care_scf_v1/mosaic_oof/fold2/oof_predictions/compact/Case8009.nii.gz,data/nnUNet/nnUNet_raw/Dataset501_CAREMyoPS/labelsTr/Case8009.nii.gz,"[192, 256, 6]",compact,"[1.484375, 1.484375, 11.699999809265137]"
Case8017,2,PASS,results/20260726_care_fullinfo_nnunet_and_care_scf/care_scf_v1/mosaic_oof/fold2/oof_predictions/official/Case8017.nii.gz,data/nnUNet/nnUNet_raw/Dataset501_CAREMyoPS/labelsTr/Case8017.nii.gz,"[192, 256, 8]",official,"[1.40625, 1.40625, 11.700003623962402]"
Case8017,2,PASS,results/20260726_care_fullinfo_nnunet_and_care_scf/care_scf_v1/mosaic_oof/fold2/oof_predictions/compact/Case8017.nii.gz,data/nnUNet/nnUNet_raw/Dataset501_CAREMyoPS/labelsTr/Case8017.nii.gz,"[192, 256, 8]",compact,"[1.40625, 1.40625, 11.700003623962402]"
Case8027,2,PASS,results/20260726_care_fullinfo_nnunet_and_care_scf/care_scf_v1/mosaic_oof/fold2/oof_predictions/official/Case8027.nii.gz,data/nnUNet/nnUNet_raw/Dataset501_CAREMyoPS/labelsTr/Case8027.nii.gz,"[192, 256, 8]",official,"[1.484375, 1.484375, 11.25]"
Case8027,2,PASS,results/20260726_care_fullinfo_nnunet_and_care_scf/care_scf_v1/mosaic_oof/fold2/oof_predictions/compact/Case8027.nii.gz,data/nnUNet/nnUNet_raw/Dataset501_CAREMyoPS/labelsTr/Case8027.nii.gz,"[192, 256, 8]",compact,"[1.484375, 1.484375, 11.25]"
Case8028,2,PASS,results/20260726_care_fullinfo_nnunet_and_care_scf/care_scf_v1/mosaic_oof/fold2/oof_predictions/official/Case8028.nii.gz,data/nnUNet/nnUNet_raw/Dataset501_CAREMyoPS/labelsTr/Case8028.nii.gz,"[192, 256, 8]",official,"[1.484375, 1.484375, 10.0]"
Case8028,2,PASS,results/20260726_care_fullinfo_nnunet_and_care_scf/care_scf_v1/mosaic_oof/fold2/oof_predictions/compact/Case8028.nii.gz,data/nnUNet/nnUNet_raw/Dataset501_CAREMyoPS/labelsTr/Case8028.nii.gz,"[192, 256, 8]",compact,"[1.484375, 1.484375, 10.0]"
Case8033,2,PASS,results/20260726_care_fullinfo_nnunet_and_care_scf/care_scf_v1/mosaic_oof/fold2/oof_predictions/official/Case8033.nii.gz,data/nnUNet/nnUNet_raw/Dataset501_CAREMyoPS/labelsTr/Case8033.nii.gz,"[192, 256, 8]",official,"[1.484375, 1.484375, 11.25]"
Case8033,2,PASS,results/20260726_care_fullinfo_nnunet_and_care_scf/care_scf_v1/mosaic_oof/fold2/oof_predictions/compact/Case8033.nii.gz,data/nnUNet/nnUNet_raw/Dataset501_CAREMyoPS/labelsTr/Case8033.nii.gz,"[192, 256, 8]",compact,"[1.484375, 1.484375, 11.25]"
Case1011,3,PASS,results/20260726_care_fullinfo_nnunet_and_care_scf/care_scf_v1/mosaic_oof/fold3/oof_predictions/official/Case1011.nii.gz,data/nnUNet/nnUNet_raw/Dataset501_CAREMyoPS/labelsTr/Case1011.nii.gz,"[256, 256, 9]",official,"[1.3672000169754028, 1.3672000169754028, 10.5]"
Case1011,3,PASS,results/20260726_care_fullinfo_nnunet_and_care_scf/care_scf_v1/mosaic_oof/fold3/oof_predictions/compact/Case1011.nii.gz,data/nnUNet/nnUNet_raw/Dataset501_CAREMyoPS/labelsTr/Case1011.nii.gz,"[256, 256, 9]",compact,"[1.3672000169754028, 1.3672000169754028, 10.5]"
Case1018,3,PASS,results/20260726_care_fullinfo_nnunet_and_care_scf/care_scf_v1/mosaic_oof/fold3/oof_predictions/official/Case1018.nii.gz,data/nnUNet/nnUNet_raw/Dataset501_CAREMyoPS/labelsTr/Case1018.nii.gz,"[256, 256, 9]",official,"[1.3672000169754028, 1.3672000169754028, 10.5]"
Case1018,3,PASS,results/20260726_care_fullinfo_nnunet_and_care_scf/care_scf_v1/mosaic_oof/fold3/oof_predictions/compact/Case1018.nii.gz,data/nnUNet/nnUNet_raw/Dataset501_CAREMyoPS/labelsTr/Case1018.nii.gz,"[256, 256, 9]",compact,"[1.3672000169754028, 1.3672000169754028, 10.5]"
Case1019,3,PASS,results/20260726_care_fullinfo_nnunet_and_care_scf/care_scf_v1/mosaic_oof/fold3/oof_predictions/official/Case1019.nii.gz,data/nnUNet/nnUNet_raw/Dataset501_CAREMyoPS/labelsTr/Case1019.nii.gz,"[256, 256, 9]",official,"[1.4844000339508057, 1.4844000339508057, 10.5]"
Case1019,3,PASS,results/20260726_care_fullinfo_nnunet_and_care_scf/care_scf_v1/mosaic_oof/fold3/oof_predictions/compact/Case1019.nii.gz,data/nnUNet/nnUNet_raw/Dataset501_CAREMyoPS/labelsTr/Case1019.nii.gz,"[256, 256, 9]",compact,"[1.4844000339508057, 1.4844000339508057, 10.5]"
Case1022,3,PASS,results/20260726_care_fullinfo_nnunet_and_care_scf/care_scf_v1/mosaic_oof/fold3/oof_predictions/official/Case1022.nii.gz,data/nnUNet/nnUNet_raw/Dataset501_CAREMyoPS/labelsTr/Case1022.nii.gz,"[256, 256, 20]",official,"[1.2891000509262085, 1.2891000509262085, 5.0]"
Case1022,3,PASS,results/20260726_care_fullinfo_nnunet_and_care_scf/care_scf_v1/mosaic_oof/fold3/oof_predictions/compact/Case1022.nii.gz,data/nnUNet/nnUNet_raw/Dataset501_CAREMyoPS/labelsTr/Case1022.nii.gz,"[256, 256, 20]",compact,"[1.2891000509262085, 1.2891000509262085, 5.0]"
Case1026,3,PASS,results/20260726_care_fullinfo_nnunet_and_care_scf/care_scf_v1/mosaic_oof/fold3/oof_predictions/official/Case1026.nii.gz,data/nnUNet/nnUNet_raw/Dataset501_CAREMyoPS/labelsTr/Case1026.nii.gz,"[256, 256, 24]",official,"[1.3280999660491943, 1.3280999660491943, 5.0]"
Case1026,3,PASS,results/20260726_care_fullinfo_nnunet_and_care_scf/care_scf_v1/mosaic_oof/fold3/oof_predictions/compact/Case1026.nii.gz,data/nnUNet/nnUNet_raw/Dataset501_CAREMyoPS/labelsTr/Case1026.nii.gz,"[256, 256, 24]",compact,"[1.3280999660491943, 1.3280999660491943, 5.0]"
Case1028,3,PASS,results/20260726_care_fullinfo_nnunet_and_care_scf/care_scf_v1/mosaic_oof/fold3/oof_predictions/official/Case1028.nii.gz,data/nnUNet/nnUNet_raw/Dataset501_CAREMyoPS/labelsTr/Case1028.nii.gz,"[256, 256, 21]",official,"[1.4844000339508057, 1.4844000339508057, 5.0]"
Case1028,3,PASS,results/20260726_care_fullinfo_nnunet_and_care_scf/care_scf_v1/mosaic_oof/fold3/oof_predictions/compact/Case1028.nii.gz,data/nnUNet/nnUNet_raw/Dataset501_CAREMyoPS/labelsTr/Case1028.nii.gz,"[256, 256, 21]",compact,"[1.4844000339508057, 1.4844000339508057, 5.0]"
Case1031,3,PASS,results/20260726_care_fullinfo_nnunet_and_care_scf/care_scf_v1/mosaic_oof/fold3/oof_predictions/official/Case1031.nii.gz,data/nnUNet/nnUNet_raw/Dataset501_CAREMyoPS/labelsTr/Case1031.nii.gz,"[256, 256, 20]",official,"[1.3280999660491943, 1.3280999660491943, 5.0]"
Case1031,3,PASS,results/20260726_care_fullinfo_nnunet_and_care_scf/care_scf_v1/mosaic_oof/fold3/oof_predictions/compact/Case1031.nii.gz,data/nnUNet/nnUNet_raw/Dataset501_CAREMyoPS/labelsTr/Case1031.nii.gz,"[256, 256, 20]",compact,"[1.3280999660491943, 1.3280999660491943, 5.0]"
Case1034,3,PASS,results/20260726_care_fullinfo_nnunet_and_care_scf/care_scf_v1/mosaic_oof/fold3/oof_predictions/official/Case1034.nii.gz,data/nnUNet/nnUNet_raw/Dataset501_CAREMyoPS/labelsTr/Case1034.nii.gz,"[256, 256, 20]",official,"[1.4062999486923218, 1.4062999486923218, 5.0]"
Case1034,3,PASS,results/20260726_care_fullinfo_nnunet_and_care_scf/care_scf_v1/mosaic_oof/fold3/oof_predictions/compact/Case1034.nii.gz,data/nnUNet/nnUNet_raw/Dataset501_CAREMyoPS/labelsTr/Case1034.nii.gz,"[256, 256, 20]",compact,"[1.4062999486923218, 1.4062999486923218, 5.0]"
Case1035,3,PASS,results/20260726_care_fullinfo_nnunet_and_care_scf/care_scf_v1/mosaic_oof/fold3/oof_predictions/official/Case1035.nii.gz,data/nnUNet/nnUNet_raw/Dataset501_CAREMyoPS/labelsTr/Case1035.nii.gz,"[256, 256, 20]",official,"[1.3280999660491943, 1.3280999660491943, 5.0]"
Case1035,3,PASS,results/20260726_care_fullinfo_nnunet_and_care_scf/care_scf_v1/mosaic_oof/fold3/oof_predictions/compact/Case1035.nii.gz,data/nnUNet/nnUNet_raw/Dataset501_CAREMyoPS/labelsTr/Case1035.nii.gz,"[256, 256, 20]",compact,"[1.3280999660491943, 1.3280999660491943, 5.0]"
Case1050,3,PASS,results/20260726_care_fullinfo_nnunet_and_care_scf/care_scf_v1/mosaic_oof/fold3/oof_predictions/official/Case1050.nii.gz,data/nnUNet/nnUNet_raw/Dataset501_CAREMyoPS/labelsTr/Case1050.nii.gz,"[256, 256, 20]",official,"[1.3280999660491943, 1.3280999660491943, 5.0]"
Case1050,3,PASS,results/20260726_care_fullinfo_nnunet_and_care_scf/care_scf_v1/mosaic_oof/fold3/oof_predictions/compact/Case1050.nii.gz,data/nnUNet/nnUNet_raw/Dataset501_CAREMyoPS/labelsTr/Case1050.nii.gz,"[256, 256, 20]",compact,"[1.3280999660491943, 1.3280999660491943, 5.0]"
Case1061,3,PASS,results/20260726_care_fullinfo_nnunet_and_care_scf/care_scf_v1/mosaic_oof/fold3/oof_predictions/official/Case1061.nii.gz,data/nnUNet/nnUNet_raw/Dataset501_CAREMyoPS/labelsTr/Case1061.nii.gz,"[256, 256, 20]",official,"[1.3280999660491943, 1.3280999660491943, 5.0]"
Case1061,3,PASS,results/20260726_care_fullinfo_nnunet_and_care_scf/care_scf_v1/mosaic_oof/fold3/oof_predictions/compact/Case1061.nii.gz,data/nnUNet/nnUNet_raw/Dataset501_CAREMyoPS/labelsTr/Case1061.nii.gz,"[256, 256, 20]",compact,"[1.3280999660491943, 1.3280999660491943, 5.0]"
Case1065,3,PASS,results/20260726_care_fullinfo_nnunet_and_care_scf/care_scf_v1/mosaic_oof/fold3/oof_predictions/official/Case1065.nii.gz,data/nnUNet/nnUNet_raw/Dataset501_CAREMyoPS/labelsTr/Case1065.nii.gz,"[256, 256, 8]",official,"[1.4844000339508057, 1.4844000339508057, 10.5]"
Case1065,3,PASS,results/20260726_care_fullinfo_nnunet_and_care_scf/care_scf_v1/mosaic_oof/fold3/oof_predictions/compact/Case1065.nii.gz,data/nnUNet/nnUNet_raw/Dataset501_CAREMyoPS/labelsTr/Case1065.nii.gz,"[256, 256, 8]",compact,"[1.4844000339508057, 1.4844000339508057, 10.5]"
Case1066,3,PASS,results/20260726_care_fullinfo_nnunet_and_care_scf/care_scf_v1/mosaic_oof/fold3/oof_predictions/official/Case1066.nii.gz,data/nnUNet/nnUNet_raw/Dataset501_CAREMyoPS/labelsTr/Case1066.nii.gz,"[256, 256, 20]",official,"[1.3280999660491943, 1.3280999660491943, 5.0]"
Case1066,3,PASS,results/20260726_care_fullinfo_nnunet_and_care_scf/care_scf_v1/mosaic_oof/fold3/oof_predictions/compact/Case1066.nii.gz,data/nnUNet/nnUNet_raw/Dataset501_CAREMyoPS/labelsTr/Case1066.nii.gz,"[256, 256, 20]",compact,"[1.3280999660491943, 1.3280999660491943, 5.0]"
Case1071,3,PASS,results/20260726_care_fullinfo_nnunet_and_care_scf/care_scf_v1/mosaic_oof/fold3/oof_predictions/official/Case1071.nii.gz,data/nnUNet/nnUNet_raw/Dataset501_CAREMyoPS/labelsTr/Case1071.nii.gz,"[256, 256, 20]",official,"[1.25, 1.25, 5.0]"
Case1071,3,PASS,results/20260726_care_fullinfo_nnunet_and_care_scf/care_scf_v1/mosaic_oof/fold3/oof_predictions/compact/Case1071.nii.gz,data/nnUNet/nnUNet_raw/Dataset501_CAREMyoPS/labelsTr/Case1071.nii.gz,"[256, 256, 20]",compact,"[1.25, 1.25, 5.0]"
Case1078,3,PASS,results/20260726_care_fullinfo_nnunet_and_care_scf/care_scf_v1/mosaic_oof/fold3/oof_predictions/official/Case1078.nii.gz,data/nnUNet/nnUNet_raw/Dataset501_CAREMyoPS/labelsTr/Case1078.nii.gz,"[256, 256, 28]",official,"[1.4452999830245972, 1.4452999830245972, 4.0]"
Case1078,3,PASS,results/20260726_care_fullinfo_nnunet_and_care_scf/care_scf_v1/mosaic_oof/fold3/oof_predictions/compact/Case1078.nii.gz,data/nnUNet/nnUNet_raw/Dataset501_CAREMyoPS/labelsTr/Case1078.nii.gz,"[256, 256, 28]",compact,"[1.4452999830245972, 1.4452999830245972, 4.0]"
Case1081,3,PASS,results/20260726_care_fullinfo_nnunet_and_care_scf/care_scf_v1/mosaic_oof/fold3/oof_predictions/official/Case1081.nii.gz,data/nnUNet/nnUNet_raw/Dataset501_CAREMyoPS/labelsTr/Case1081.nii.gz,"[256, 256, 5]",official,"[1.3672000169754028, 1.3672000169754028, 16.0]"
Case1081,3,PASS,results/20260726_care_fullinfo_nnunet_and_care_scf/care_scf_v1/mosaic_oof/fold3/oof_predictions/compact/Case1081.nii.gz,data/nnUNet/nnUNet_raw/Dataset501_CAREMyoPS/labelsTr/Case1081.nii.gz,"[256, 256, 5]",compact,"[1.3672000169754028, 1.3672000169754028, 16.0]"
Case2004,3,PASS,results/20260726_care_fullinfo_nnunet_and_care_scf/care_scf_v1/mosaic_oof/fold3/oof_predictions/official/Case2004.nii.gz,data/nnUNet/nnUNet_raw/Dataset501_CAREMyoPS/labelsTr/Case2004.nii.gz,"[249, 258, 6]",official,"[1.328125, 1.328125, 10.0]"
Case2004,3,PASS,results/20260726_care_fullinfo_nnunet_and_care_scf/care_scf_v1/mosaic_oof/fold3/oof_predictions/compact/Case2004.nii.gz,data/nnUNet/nnUNet_raw/Dataset501_CAREMyoPS/labelsTr/Case2004.nii.gz,"[249, 258, 6]",compact,"[1.328125, 1.328125, 10.0]"
Case2005,3,PASS,results/20260726_care_fullinfo_nnunet_and_care_scf/care_scf_v1/mosaic_oof/fold3/oof_predictions/official/Case2005.nii.gz,data/nnUNet/nnUNet_raw/Dataset501_CAREMyoPS/labelsTr/Case2005.nii.gz,"[260, 263, 5]",official,"[1.34375, 1.34375, 10.0]"
Case2005,3,PASS,results/20260726_care_fullinfo_nnunet_and_care_scf/care_scf_v1/mosaic_oof/fold3/oof_predictions/compact/Case2005.nii.gz,data/nnUNet/nnUNet_raw/Dataset501_CAREMyoPS/labelsTr/Case2005.nii.gz,"[260, 263, 5]",compact,"[1.34375, 1.34375, 10.0]"
Case2012,3,PASS,results/20260726_care_fullinfo_nnunet_and_care_scf/care_scf_v1/mosaic_oof/fold3/oof_predictions/official/Case2012.nii.gz,data/nnUNet/nnUNet_raw/Dataset501_CAREMyoPS/labelsTr/Case2012.nii.gz,"[255, 257, 1]",official,"[1.7708333730697632, 1.7708333730697632, 1.0]"
Case2012,3,PASS,results/20260726_care_fullinfo_nnunet_and_care_scf/care_scf_v1/mosaic_oof/fold3/oof_predictions/compact/Case2012.nii.gz,data/nnUNet/nnUNet_raw/Dataset501_CAREMyoPS/labelsTr/Case2012.nii.gz,"[255, 257, 1]",compact,"[1.7708333730697632, 1.7708333730697632, 1.0]"
Case2018,3,PASS,results/20260726_care_fullinfo_nnunet_and_care_scf/care_scf_v1/mosaic_oof/fold3/oof_predictions/official/Case2018.nii.gz,data/nnUNet/nnUNet_raw/Dataset501_CAREMyoPS/labelsTr/Case2018.nii.gz,"[260, 261, 6]",official,"[1.7708333730697632, 1.7708333730697632, 10.0]"
Case2018,3,PASS,results/20260726_care_fullinfo_nnunet_and_care_scf/care_scf_v1/mosaic_oof/fold3/oof_predictions/compact/Case2018.nii.gz,data/nnUNet/nnUNet_raw/Dataset501_CAREMyoPS/labelsTr/Case2018.nii.gz,"[260, 261, 6]",compact,"[1.7708333730697632, 1.7708333730697632, 10.0]"
Case2021,3,PASS,results/20260726_care_fullinfo_nnunet_and_care_scf/care_scf_v1/mosaic_oof/fold3/oof_predictions/official/Case2021.nii.gz,data/nnUNet/nnUNet_raw/Dataset501_CAREMyoPS/labelsTr/Case2021.nii.gz,"[261, 260, 5]",official,"[1.48828125, 1.48828125, 10.0]"
Case2021,3,PASS,results/20260726_care_fullinfo_nnunet_and_care_scf/care_scf_v1/mosaic_oof/fold3/oof_predictions/compact/Case2021.nii.gz,data/nnUNet/nnUNet_raw/Dataset501_CAREMyoPS/labelsTr/Case2021.nii.gz,"[261, 260, 5]",compact,"[1.48828125, 1.48828125, 10.0]"
Case2029,3,PASS,results/20260726_care_fullinfo_nnunet_and_care_scf/care_scf_v1/mosaic_oof/fold3/oof_predictions/official/Case2029.nii.gz,data/nnUNet/nnUNet_raw/Dataset501_CAREMyoPS/labelsTr/Case2029.nii.gz,"[263, 257, 6]",official,"[1.328125, 1.328125, 10.0]"
Case2029,3,PASS,results/20260726_care_fullinfo_nnunet_and_care_scf/care_scf_v1/mosaic_oof/fold3/oof_predictions/compact/Case2029.nii.gz,data/nnUNet/nnUNet_raw/Dataset501_CAREMyoPS/labelsTr/Case2029.nii.gz,"[263, 257, 6]",compact,"[1.328125, 1.328125, 10.0]"
Case2032,3,PASS,results/20260726_care_fullinfo_nnunet_and_care_scf/care_scf_v1/mosaic_oof/fold3/oof_predictions/official/Case2032.nii.gz,data/nnUNet/nnUNet_raw/Dataset501_CAREMyoPS/labelsTr/Case2032.nii.gz,"[258, 247, 6]",official,"[1.42578125, 1.42578125, 10.0]"
Case2032,3,PASS,results/20260726_care_fullinfo_nnunet_and_care_scf/care_scf_v1/mosaic_oof/fold3/oof_predictions/compact/Case2032.nii.gz,data/nnUNet/nnUNet_raw/Dataset501_CAREMyoPS/labelsTr/Case2032.nii.gz,"[258, 247, 6]",compact,"[1.42578125, 1.42578125, 10.0]"
Case3003,3,PASS,results/20260726_care_fullinfo_nnunet_and_care_scf/care_scf_v1/mosaic_oof/fold3/oof_predictions/official/Case3003.nii.gz,data/nnUNet/nnUNet_raw/Dataset501_CAREMyoPS/labelsTr/Case3003.nii.gz,"[483, 471, 3]",official,"[0.7290666699409485, 0.7290666699409485, 11.999998092651367]"
Case3003,3,PASS,results/20260726_care_fullinfo_nnunet_and_care_scf/care_scf_v1/mosaic_oof/fold3/oof_predictions/compact/Case3003.nii.gz,data/nnUNet/nnUNet_raw/Dataset501_CAREMyoPS/labelsTr/Case3003.nii.gz,"[483, 471, 3]",compact,"[0.7290666699409485, 0.7290666699409485, 11.999998092651367]"
Case3009,3,PASS,results/20260726_care_fullinfo_nnunet_and_care_scf/care_scf_v1/mosaic_oof/fold3/oof_predictions/official/Case3009.nii.gz,data/nnUNet/nnUNet_raw/Dataset501_CAREMyoPS/labelsTr/Case3009.nii.gz,"[485, 474, 5]",official,"[0.7290666699409485, 0.7290666699409485, 14.0]"
Case3009,3,PASS,results/20260726_care_fullinfo_nnunet_and_care_scf/care_scf_v1/mosaic_oof/fold3/oof_predictions/compact/Case3009.nii.gz,data/nnUNet/nnUNet_raw/Dataset501_CAREMyoPS/labelsTr/Case3009.nii.gz,"[485, 474, 5]",compact,"[0.7290666699409485, 0.7290666699409485, 14.0]"
Case3010,3,PASS,results/20260726_care_fullinfo_nnunet_and_care_scf/care_scf_v1/mosaic_oof/fold3/oof_predictions/official/Case3010.nii.gz,data/nnUNet/nnUNet_raw/Dataset501_CAREMyoPS/labelsTr/Case3010.nii.gz,"[479, 479, 5]",official,"[0.7290666699409485, 0.7290666699409485, 14.000000953674316]"
Case3010,3,PASS,results/20260726_care_fullinfo_nnunet_and_care_scf/care_scf_v1/mosaic_oof/fold3/oof_predictions/compact/Case3010.nii.gz,data/nnUNet/nnUNet_raw/Dataset501_CAREMyoPS/labelsTr/Case3010.nii.gz,"[479, 479, 5]",compact,"[0.7290666699409485, 0.7290666699409485, 14.000000953674316]"
Case3019,3,PASS,results/20260726_care_fullinfo_nnunet_and_care_scf/care_scf_v1/mosaic_oof/fold3/oof_predictions/official/Case3019.nii.gz,data/nnUNet/nnUNet_raw/Dataset501_CAREMyoPS/labelsTr/Case3019.nii.gz,"[485, 480, 5]",official,"[0.76171875, 0.76171875, 13.99999713897705]"
Case3019,3,PASS,results/20260726_care_fullinfo_nnunet_and_care_scf/care_scf_v1/mosaic_oof/fold3/oof_predictions/compact/Case3019.nii.gz,data/nnUNet/nnUNet_raw/Dataset501_CAREMyoPS/labelsTr/Case3019.nii.gz,"[485, 480, 5]",compact,"[0.76171875, 0.76171875, 13.99999713897705]"
Case3020,3,PASS,results/20260726_care_fullinfo_nnunet_and_care_scf/care_scf_v1/mosaic_oof/fold3/oof_predictions/official/Case3020.nii.gz,data/nnUNet/nnUNet_raw/Dataset501_CAREMyoPS/labelsTr/Case3020.nii.gz,"[484, 477, 6]",official,"[0.7290666699409485, 0.7290666699409485, 12.0]"
Case3020,3,PASS,results/20260726_care_fullinfo_nnunet_and_care_scf/care_scf_v1/mosaic_oof/fold3/oof_predictions/compact/Case3020.nii.gz,data/nnUNet/nnUNet_raw/Dataset501_CAREMyoPS/labelsTr/Case3020.nii.gz,"[484, 477, 6]",compact,"[0.7290666699409485, 0.7290666699409485, 12.0]"
Case3021,3,PASS,results/20260726_care_fullinfo_nnunet_and_care_scf/care_scf_v1/mosaic_oof/fold3/oof_predictions/official/Case3021.nii.gz,data/nnUNet/nnUNet_raw/Dataset501_CAREMyoPS/labelsTr/Case3021.nii.gz,"[499, 506, 3]",official,"[0.7290666699409485, 0.7290666699409485, 22.999998092651367]"
Case3021,3,PASS,results/20260726_care_fullinfo_nnunet_and_care_scf/care_scf_v1/mosaic_oof/fold3/oof_predictions/compact/Case3021.nii.gz,data/nnUNet/nnUNet_raw/Dataset501_CAREMyoPS/labelsTr/Case3021.nii.gz,"[499, 506, 3]",compact,"[0.7290666699409485, 0.7290666699409485, 22.999998092651367]"
Case3029,3,PASS,results/20260726_care_fullinfo_nnunet_and_care_scf/care_scf_v1/mosaic_oof/fold3/oof_predictions/official/Case3029.nii.gz,data/nnUNet/nnUNet_raw/Dataset501_CAREMyoPS/labelsTr/Case3029.nii.gz,"[432, 428, 5]",official,"[0.7407407164573669, 0.7407407164573669, 12.00000286102295]"
Case3029,3,PASS,results/20260726_care_fullinfo_nnunet_and_care_scf/care_scf_v1/mosaic_oof/fold3/oof_predictions/compact/Case3029.nii.gz,data/nnUNet/nnUNet_raw/Dataset501_CAREMyoPS/labelsTr/Case3029.nii.gz,"[432, 428, 5]",compact,"[0.7407407164573669, 0.7407407164573669, 12.00000286102295]"
Case3032,3,PASS,results/20260726_care_fullinfo_nnunet_and_care_scf/care_scf_v1/mosaic_oof/fold3/oof_predictions/official/Case3032.nii.gz,data/nnUNet/nnUNet_raw/Dataset501_CAREMyoPS/labelsTr/Case3032.nii.gz,"[481, 479, 3]",official,"[0.7290666699409485, 0.7290666699409485, 22.999998092651367]"
Case3032,3,PASS,results/20260726_care_fullinfo_nnunet_and_care_scf/care_scf_v1/mosaic_oof/fold3/oof_predictions/compact/Case3032.nii.gz,data/nnUNet/nnUNet_raw/Dataset501_CAREMyoPS/labelsTr/Case3032.nii.gz,"[481, 479, 3]",compact,"[0.7290666699409485, 0.7290666699409485, 22.999998092651367]"
Case3045,3,PASS,results/20260726_care_fullinfo_nnunet_and_care_scf/care_scf_v1/mosaic_oof/fold3/oof_predictions/official/Case3045.nii.gz,data/nnUNet/nnUNet_raw/Dataset501_CAREMyoPS/labelsTr/Case3045.nii.gz,"[518, 504, 3]",official,"[0.7421875, 0.7421875, 23.0]"
Case3045,3,PASS,results/20260726_care_fullinfo_nnunet_and_care_scf/care_scf_v1/mosaic_oof/fold3/oof_predictions/compact/Case3045.nii.gz,data/nnUNet/nnUNet_raw/Dataset501_CAREMyoPS/labelsTr/Case3045.nii.gz,"[518, 504, 3]",compact,"[0.7421875, 0.7421875, 23.0]"
Case5002,3,PASS,results/20260726_care_fullinfo_nnunet_and_care_scf/care_scf_v1/mosaic_oof/fold3/oof_predictions/official/Case5002.nii.gz,data/nnUNet/nnUNet_raw/Dataset501_CAREMyoPS/labelsTr/Case5002.nii.gz,"[256, 256, 6]",official,"[1.3671875, 1.3671875, 10.0]"
Case5002,3,PASS,results/20260726_care_fullinfo_nnunet_and_care_scf/care_scf_v1/mosaic_oof/fold3/oof_predictions/compact/Case5002.nii.gz,data/nnUNet/nnUNet_raw/Dataset501_CAREMyoPS/labelsTr/Case5002.nii.gz,"[256, 256, 6]",compact,"[1.3671875, 1.3671875, 10.0]"
Case6002,3,PASS,results/20260726_care_fullinfo_nnunet_and_care_scf/care_scf_v1/mosaic_oof/fold3/oof_predictions/official/Case6002.nii.gz,data/nnUNet/nnUNet_raw/Dataset501_CAREMyoPS/labelsTr/Case6002.nii.gz,"[288, 288, 8]",official,"[1.25, 1.25, 10.0]"
Case6002,3,PASS,results/20260726_care_fullinfo_nnunet_and_care_scf/care_scf_v1/mosaic_oof/fold3/oof_predictions/compact/Case6002.nii.gz,data/nnUNet/nnUNet_raw/Dataset501_CAREMyoPS/labelsTr/Case6002.nii.gz,"[288, 288, 8]",compact,"[1.25, 1.25, 10.0]"
Case6005,3,PASS,results/20260726_care_fullinfo_nnunet_and_care_scf/care_scf_v1/mosaic_oof/fold3/oof_predictions/official/Case6005.nii.gz,data/nnUNet/nnUNet_raw/Dataset501_CAREMyoPS/labelsTr/Case6005.nii.gz,"[448, 448, 8]",official,"[0.7045454382896423, 0.7045454382896423, 8.0]"
Case6005,3,PASS,results/20260726_care_fullinfo_nnunet_and_care_scf/care_scf_v1/mosaic_oof/fold3/oof_predictions/compact/Case6005.nii.gz,data/nnUNet/nnUNet_raw/Dataset501_CAREMyoPS/labelsTr/Case6005.nii.gz,"[448, 448, 8]",compact,"[0.7045454382896423, 0.7045454382896423, 8.0]"
Case7001,3,PASS,results/20260726_care_fullinfo_nnunet_and_care_scf/care_scf_v1/mosaic_oof/fold3/oof_predictions/official/Case7001.nii.gz,data/nnUNet/nnUNet_raw/Dataset501_CAREMyoPS/labelsTr/Case7001.nii.gz,"[200, 256, 7]",official,"[1.5625, 1.5625, 8.0]"
Case7001,3,PASS,results/20260726_care_fullinfo_nnunet_and_care_scf/care_scf_v1/mosaic_oof/fold3/oof_predictions/compact/Case7001.nii.gz,data/nnUNet/nnUNet_raw/Dataset501_CAREMyoPS/labelsTr/Case7001.nii.gz,"[200, 256, 7]",compact,"[1.5625, 1.5625, 8.0]"
Case7008,3,PASS,results/20260726_care_fullinfo_nnunet_and_care_scf/care_scf_v1/mosaic_oof/fold3/oof_predictions/official/Case7008.nii.gz,data/nnUNet/nnUNet_raw/Dataset501_CAREMyoPS/labelsTr/Case7008.nii.gz,"[200, 256, 6]",official,"[1.40625, 1.40625, 8.0]"
Case7008,3,PASS,results/20260726_care_fullinfo_nnunet_and_care_scf/care_scf_v1/mosaic_oof/fold3/oof_predictions/compact/Case7008.nii.gz,data/nnUNet/nnUNet_raw/Dataset501_CAREMyoPS/labelsTr/Case7008.nii.gz,"[200, 256, 6]",compact,"[1.40625, 1.40625, 8.0]"
Case8010,3,PASS,results/20260726_care_fullinfo_nnunet_and_care_scf/care_scf_v1/mosaic_oof/fold3/oof_predictions/official/Case8010.nii.gz,data/nnUNet/nnUNet_raw/Dataset501_CAREMyoPS/labelsTr/Case8010.nii.gz,"[192, 256, 8]",official,"[1.484375, 1.484375, 11.699999809265137]"
Case8010,3,PASS,results/20260726_care_fullinfo_nnunet_and_care_scf/care_scf_v1/mosaic_oof/fold3/oof_predictions/compact/Case8010.nii.gz,data/nnUNet/nnUNet_raw/Dataset501_CAREMyoPS/labelsTr/Case8010.nii.gz,"[192, 256, 8]",compact,"[1.484375, 1.484375, 11.699999809265137]"
Case8018,3,PASS,results/20260726_care_fullinfo_nnunet_and_care_scf/care_scf_v1/mosaic_oof/fold3/oof_predictions/official/Case8018.nii.gz,data/nnUNet/nnUNet_raw/Dataset501_CAREMyoPS/labelsTr/Case8018.nii.gz,"[192, 256, 8]",official,"[1.484375, 1.484375, 12.149999618530273]"
Case8018,3,PASS,results/20260726_care_fullinfo_nnunet_and_care_scf/care_scf_v1/mosaic_oof/fold3/oof_predictions/compact/Case8018.nii.gz,data/nnUNet/nnUNet_raw/Dataset501_CAREMyoPS/labelsTr/Case8018.nii.gz,"[192, 256, 8]",compact,"[1.484375, 1.484375, 12.149999618530273]"
Case8020,3,PASS,results/20260726_care_fullinfo_nnunet_and_care_scf/care_scf_v1/mosaic_oof/fold3/oof_predictions/official/Case8020.nii.gz,data/nnUNet/nnUNet_raw/Dataset501_CAREMyoPS/labelsTr/Case8020.nii.gz,"[192, 256, 8]",official,"[1.484375, 1.484375, 11.699999809265137]"
Case8020,3,PASS,results/20260726_care_fullinfo_nnunet_and_care_scf/care_scf_v1/mosaic_oof/fold3/oof_predictions/compact/Case8020.nii.gz,data/nnUNet/nnUNet_raw/Dataset501_CAREMyoPS/labelsTr/Case8020.nii.gz,"[192, 256, 8]",compact,"[1.484375, 1.484375, 11.699999809265137]"
Case8025,3,PASS,results/20260726_care_fullinfo_nnunet_and_care_scf/care_scf_v1/mosaic_oof/fold3/oof_predictions/official/Case8025.nii.gz,data/nnUNet/nnUNet_raw/Dataset501_CAREMyoPS/labelsTr/Case8025.nii.gz,"[192, 256, 9]",official,"[1.484375, 1.484375, 13.0]"
Case8025,3,PASS,results/20260726_care_fullinfo_nnunet_and_care_scf/care_scf_v1/mosaic_oof/fold3/oof_predictions/compact/Case8025.nii.gz,data/nnUNet/nnUNet_raw/Dataset501_CAREMyoPS/labelsTr/Case8025.nii.gz,"[192, 256, 9]",compact,"[1.484375, 1.484375, 13.0]"
Case8031,3,PASS,results/20260726_care_fullinfo_nnunet_and_care_scf/care_scf_v1/mosaic_oof/fold3/oof_predictions/official/Case8031.nii.gz,data/nnUNet/nnUNet_raw/Dataset501_CAREMyoPS/labelsTr/Case8031.nii.gz,"[192, 256, 7]",official,"[1.3671875, 1.3671875, 9.999999046325684]"
Case8031,3,PASS,results/20260726_care_fullinfo_nnunet_and_care_scf/care_scf_v1/mosaic_oof/fold3/oof_predictions/compact/Case8031.nii.gz,data/nnUNet/nnUNet_raw/Dataset501_CAREMyoPS/labelsTr/Case8031.nii.gz,"[192, 256, 7]",compact,"[1.3671875, 1.3671875, 9.999999046325684]"
Case8032,3,PASS,results/20260726_care_fullinfo_nnunet_and_care_scf/care_scf_v1/mosaic_oof/fold3/oof_predictions/official/Case8032.nii.gz,data/nnUNet/nnUNet_raw/Dataset501_CAREMyoPS/labelsTr/Case8032.nii.gz,"[192, 256, 8]",official,"[1.484375, 1.484375, 10.000000953674316]"
Case8032,3,PASS,results/20260726_care_fullinfo_nnunet_and_care_scf/care_scf_v1/mosaic_oof/fold3/oof_predictions/compact/Case8032.nii.gz,data/nnUNet/nnUNet_raw/Dataset501_CAREMyoPS/labelsTr/Case8032.nii.gz,"[192, 256, 8]",compact,"[1.484375, 1.484375, 10.000000953674316]"
Case8034,3,PASS,results/20260726_care_fullinfo_nnunet_and_care_scf/care_scf_v1/mosaic_oof/fold3/oof_predictions/official/Case8034.nii.gz,data/nnUNet/nnUNet_raw/Dataset501_CAREMyoPS/labelsTr/Case8034.nii.gz,"[192, 256, 8]",official,"[1.484375, 1.484375, 10.625]"
Case8034,3,PASS,results/20260726_care_fullinfo_nnunet_and_care_scf/care_scf_v1/mosaic_oof/fold3/oof_predictions/compact/Case8034.nii.gz,data/nnUNet/nnUNet_raw/Dataset501_CAREMyoPS/labelsTr/Case8034.nii.gz,"[192, 256, 8]",compact,"[1.484375, 1.484375, 10.625]"
Case1008,4,PASS,results/20260726_care_fullinfo_nnunet_and_care_scf/care_scf_v1/mosaic_oof/fold4/oof_predictions/official/Case1008.nii.gz,data/nnUNet/nnUNet_raw/Dataset501_CAREMyoPS/labelsTr/Case1008.nii.gz,"[256, 256, 20]",official,"[1.3672000169754028, 1.3672000169754028, 5.0]"
Case1008,4,PASS,results/20260726_care_fullinfo_nnunet_and_care_scf/care_scf_v1/mosaic_oof/fold4/oof_predictions/compact/Case1008.nii.gz,data/nnUNet/nnUNet_raw/Dataset501_CAREMyoPS/labelsTr/Case1008.nii.gz,"[256, 256, 20]",compact,"[1.3672000169754028, 1.3672000169754028, 5.0]"
Case1013,4,PASS,results/20260726_care_fullinfo_nnunet_and_care_scf/care_scf_v1/mosaic_oof/fold4/oof_predictions/official/Case1013.nii.gz,data/nnUNet/nnUNet_raw/Dataset501_CAREMyoPS/labelsTr/Case1013.nii.gz,"[256, 256, 20]",official,"[1.3672000169754028, 1.3672000169754028, 5.0]"
Case1013,4,PASS,results/20260726_care_fullinfo_nnunet_and_care_scf/care_scf_v1/mosaic_oof/fold4/oof_predictions/compact/Case1013.nii.gz,data/nnUNet/nnUNet_raw/Dataset501_CAREMyoPS/labelsTr/Case1013.nii.gz,"[256, 256, 20]",compact,"[1.3672000169754028, 1.3672000169754028, 5.0]"
Case1015,4,PASS,results/20260726_care_fullinfo_nnunet_and_care_scf/care_scf_v1/mosaic_oof/fold4/oof_predictions/official/Case1015.nii.gz,data/nnUNet/nnUNet_raw/Dataset501_CAREMyoPS/labelsTr/Case1015.nii.gz,"[256, 256, 9]",official,"[1.3672000169754028, 1.3672000169754028, 15.0]"
Case1015,4,PASS,results/20260726_care_fullinfo_nnunet_and_care_scf/care_scf_v1/mosaic_oof/fold4/oof_predictions/compact/Case1015.nii.gz,data/nnUNet/nnUNet_raw/Dataset501_CAREMyoPS/labelsTr/Case1015.nii.gz,"[256, 256, 9]",compact,"[1.3672000169754028, 1.3672000169754028, 15.0]"
Case1017,4,PASS,results/20260726_care_fullinfo_nnunet_and_care_scf/care_scf_v1/mosaic_oof/fold4/oof_predictions/official/Case1017.nii.gz,data/nnUNet/nnUNet_raw/Dataset501_CAREMyoPS/labelsTr/Case1017.nii.gz,"[256, 256, 9]",official,"[1.3672000169754028, 1.3672000169754028, 10.5]"
Case1017,4,PASS,results/20260726_care_fullinfo_nnunet_and_care_scf/care_scf_v1/mosaic_oof/fold4/oof_predictions/compact/Case1017.nii.gz,data/nnUNet/nnUNet_raw/Dataset501_CAREMyoPS/labelsTr/Case1017.nii.gz,"[256, 256, 9]",compact,"[1.3672000169754028, 1.3672000169754028, 10.5]"
Case1032,4,PASS,results/20260726_care_fullinfo_nnunet_and_care_scf/care_scf_v1/mosaic_oof/fold4/oof_predictions/official/Case1032.nii.gz,data/nnUNet/nnUNet_raw/Dataset501_CAREMyoPS/labelsTr/Case1032.nii.gz,"[256, 256, 15]",official,"[0.78125, 0.78125, 6.0]"
Case1032,4,PASS,results/20260726_care_fullinfo_nnunet_and_care_scf/care_scf_v1/mosaic_oof/fold4/oof_predictions/compact/Case1032.nii.gz,data/nnUNet/nnUNet_raw/Dataset501_CAREMyoPS/labelsTr/Case1032.nii.gz,"[256, 256, 15]",compact,"[0.78125, 0.78125, 6.0]"
Case1037,4,PASS,results/20260726_care_fullinfo_nnunet_and_care_scf/care_scf_v1/mosaic_oof/fold4/oof_predictions/official/Case1037.nii.gz,data/nnUNet/nnUNet_raw/Dataset501_CAREMyoPS/labelsTr/Case1037.nii.gz,"[256, 256, 20]",official,"[1.3280999660491943, 1.3280999660491943, 5.0]"
Case1037,4,PASS,results/20260726_care_fullinfo_nnunet_and_care_scf/care_scf_v1/mosaic_oof/fold4/oof_predictions/compact/Case1037.nii.gz,data/nnUNet/nnUNet_raw/Dataset501_CAREMyoPS/labelsTr/Case1037.nii.gz,"[256, 256, 20]",compact,"[1.3280999660491943, 1.3280999660491943, 5.0]"
Case1041,4,PASS,results/20260726_care_fullinfo_nnunet_and_care_scf/care_scf_v1/mosaic_oof/fold4/oof_predictions/official/Case1041.nii.gz,data/nnUNet/nnUNet_raw/Dataset501_CAREMyoPS/labelsTr/Case1041.nii.gz,"[256, 256, 12]",official,"[1.3672000169754028, 1.3672000169754028, 12.5]"
Case1041,4,PASS,results/20260726_care_fullinfo_nnunet_and_care_scf/care_scf_v1/mosaic_oof/fold4/oof_predictions/compact/Case1041.nii.gz,data/nnUNet/nnUNet_raw/Dataset501_CAREMyoPS/labelsTr/Case1041.nii.gz,"[256, 256, 12]",compact,"[1.3672000169754028, 1.3672000169754028, 12.5]"
Case1046,4,PASS,results/20260726_care_fullinfo_nnunet_and_care_scf/care_scf_v1/mosaic_oof/fold4/oof_predictions/official/Case1046.nii.gz,data/nnUNet/nnUNet_raw/Dataset501_CAREMyoPS/labelsTr/Case1046.nii.gz,"[256, 256, 8]",official,"[1.4844000339508057, 1.4844000339508057, 10.5]"
Case1046,4,PASS,results/20260726_care_fullinfo_nnunet_and_care_scf/care_scf_v1/mosaic_oof/fold4/oof_predictions/compact/Case1046.nii.gz,data/nnUNet/nnUNet_raw/Dataset501_CAREMyoPS/labelsTr/Case1046.nii.gz,"[256, 256, 8]",compact,"[1.4844000339508057, 1.4844000339508057, 10.5]"
Case1049,4,PASS,results/20260726_care_fullinfo_nnunet_and_care_scf/care_scf_v1/mosaic_oof/fold4/oof_predictions/official/Case1049.nii.gz,data/nnUNet/nnUNet_raw/Dataset501_CAREMyoPS/labelsTr/Case1049.nii.gz,"[256, 256, 20]",official,"[1.4062999486923218, 1.4062999486923218, 5.0]"
Case1049,4,PASS,results/20260726_care_fullinfo_nnunet_and_care_scf/care_scf_v1/mosaic_oof/fold4/oof_predictions/compact/Case1049.nii.gz,data/nnUNet/nnUNet_raw/Dataset501_CAREMyoPS/labelsTr/Case1049.nii.gz,"[256, 256, 20]",compact,"[1.4062999486923218, 1.4062999486923218, 5.0]"
Case1052,4,PASS,results/20260726_care_fullinfo_nnunet_and_care_scf/care_scf_v1/mosaic_oof/fold4/oof_predictions/official/Case1052.nii.gz,data/nnUNet/nnUNet_raw/Dataset501_CAREMyoPS/labelsTr/Case1052.nii.gz,"[256, 256, 9]",official,"[1.3672000169754028, 1.3672000169754028, 10.5]"
Case1052,4,PASS,results/20260726_care_fullinfo_nnunet_and_care_scf/care_scf_v1/mosaic_oof/fold4/oof_predictions/compact/Case1052.nii.gz,data/nnUNet/nnUNet_raw/Dataset501_CAREMyoPS/labelsTr/Case1052.nii.gz,"[256, 256, 9]",compact,"[1.3672000169754028, 1.3672000169754028, 10.5]"
Case1060,4,PASS,results/20260726_care_fullinfo_nnunet_and_care_scf/care_scf_v1/mosaic_oof/fold4/oof_predictions/official/Case1060.nii.gz,data/nnUNet/nnUNet_raw/Dataset501_CAREMyoPS/labelsTr/Case1060.nii.gz,"[256, 256, 20]",official,"[1.25, 1.25, 5.0]"
Case1060,4,PASS,results/20260726_care_fullinfo_nnunet_and_care_scf/care_scf_v1/mosaic_oof/fold4/oof_predictions/compact/Case1060.nii.gz,data/nnUNet/nnUNet_raw/Dataset501_CAREMyoPS/labelsTr/Case1060.nii.gz,"[256, 256, 20]",compact,"[1.25, 1.25, 5.0]"
Case1064,4,PASS,results/20260726_care_fullinfo_nnunet_and_care_scf/care_scf_v1/mosaic_oof/fold4/oof_predictions/official/Case1064.nii.gz,data/nnUNet/nnUNet_raw/Dataset501_CAREMyoPS/labelsTr/Case1064.nii.gz,"[256, 256, 28]",official,"[1.4452999830245972, 1.4452999830245972, 5.0]"
Case1064,4,PASS,results/20260726_care_fullinfo_nnunet_and_care_scf/care_scf_v1/mosaic_oof/fold4/oof_predictions/compact/Case1064.nii.gz,data/nnUNet/nnUNet_raw/Dataset501_CAREMyoPS/labelsTr/Case1064.nii.gz,"[256, 256, 28]",compact,"[1.4452999830245972, 1.4452999830245972, 5.0]"
Case1067,4,PASS,results/20260726_care_fullinfo_nnunet_and_care_scf/care_scf_v1/mosaic_oof/fold4/oof_predictions/official/Case1067.nii.gz,data/nnUNet/nnUNet_raw/Dataset501_CAREMyoPS/labelsTr/Case1067.nii.gz,"[256, 256, 16]",official,"[1.3672000169754028, 1.3672000169754028, 5.0]"
Case1067,4,PASS,results/20260726_care_fullinfo_nnunet_and_care_scf/care_scf_v1/mosaic_oof/fold4/oof_predictions/compact/Case1067.nii.gz,data/nnUNet/nnUNet_raw/Dataset501_CAREMyoPS/labelsTr/Case1067.nii.gz,"[256, 256, 16]",compact,"[1.3672000169754028, 1.3672000169754028, 5.0]"
Case1075,4,PASS,results/20260726_care_fullinfo_nnunet_and_care_scf/care_scf_v1/mosaic_oof/fold4/oof_predictions/official/Case1075.nii.gz,data/nnUNet/nnUNet_raw/Dataset501_CAREMyoPS/labelsTr/Case1075.nii.gz,"[256, 256, 32]",official,"[1.4452999830245972, 1.4452999830245972, 4.0]"
Case1075,4,PASS,results/20260726_care_fullinfo_nnunet_and_care_scf/care_scf_v1/mosaic_oof/fold4/oof_predictions/compact/Case1075.nii.gz,data/nnUNet/nnUNet_raw/Dataset501_CAREMyoPS/labelsTr/Case1075.nii.gz,"[256, 256, 32]",compact,"[1.4452999830245972, 1.4452999830245972, 4.0]"
Case1076,4,PASS,results/20260726_care_fullinfo_nnunet_and_care_scf/care_scf_v1/mosaic_oof/fold4/oof_predictions/official/Case1076.nii.gz,data/nnUNet/nnUNet_raw/Dataset501_CAREMyoPS/labelsTr/Case1076.nii.gz,"[256, 256, 28]",official,"[1.6016000509262085, 1.6016000509262085, 3.0]"
Case1076,4,PASS,results/20260726_care_fullinfo_nnunet_and_care_scf/care_scf_v1/mosaic_oof/fold4/oof_predictions/compact/Case1076.nii.gz,data/nnUNet/nnUNet_raw/Dataset501_CAREMyoPS/labelsTr/Case1076.nii.gz,"[256, 256, 28]",compact,"[1.6016000509262085, 1.6016000509262085, 3.0]"
Case1079,4,PASS,results/20260726_care_fullinfo_nnunet_and_care_scf/care_scf_v1/mosaic_oof/fold4/oof_predictions/official/Case1079.nii.gz,data/nnUNet/nnUNet_raw/Dataset501_CAREMyoPS/labelsTr/Case1079.nii.gz,"[256, 256, 36]",official,"[1.3672000169754028, 1.3672000169754028, 3.0]"
Case1079,4,PASS,results/20260726_care_fullinfo_nnunet_and_care_scf/care_scf_v1/mosaic_oof/fold4/oof_predictions/compact/Case1079.nii.gz,data/nnUNet/nnUNet_raw/Dataset501_CAREMyoPS/labelsTr/Case1079.nii.gz,"[256, 256, 36]",compact,"[1.3672000169754028, 1.3672000169754028, 3.0]"
Case2003,4,PASS,results/20260726_care_fullinfo_nnunet_and_care_scf/care_scf_v1/mosaic_oof/fold4/oof_predictions/official/Case2003.nii.gz,data/nnUNet/nnUNet_raw/Dataset501_CAREMyoPS/labelsTr/Case2003.nii.gz,"[210, 255, 5]",official,"[1.5625, 1.5625, 10.0]"
Case2003,4,PASS,results/20260726_care_fullinfo_nnunet_and_care_scf/care_scf_v1/mosaic_oof/fold4/oof_predictions/compact/Case2003.nii.gz,data/nnUNet/nnUNet_raw/Dataset501_CAREMyoPS/labelsTr/Case2003.nii.gz,"[210, 255, 5]",compact,"[1.5625, 1.5625, 10.0]"
Case2011,4,PASS,results/20260726_care_fullinfo_nnunet_and_care_scf/care_scf_v1/mosaic_oof/fold4/oof_predictions/official/Case2011.nii.gz,data/nnUNet/nnUNet_raw/Dataset501_CAREMyoPS/labelsTr/Case2011.nii.gz,"[256, 254, 6]",official,"[1.7708333730697632, 1.7708333730697632, 10.0]"
Case2011,4,PASS,results/20260726_care_fullinfo_nnunet_and_care_scf/care_scf_v1/mosaic_oof/fold4/oof_predictions/compact/Case2011.nii.gz,data/nnUNet/nnUNet_raw/Dataset501_CAREMyoPS/labelsTr/Case2011.nii.gz,"[256, 254, 6]",compact,"[1.7708333730697632, 1.7708333730697632, 10.0]"
Case2013,4,PASS,results/20260726_care_fullinfo_nnunet_and_care_scf/care_scf_v1/mosaic_oof/fold4/oof_predictions/official/Case2013.nii.gz,data/nnUNet/nnUNet_raw/Dataset501_CAREMyoPS/labelsTr/Case2013.nii.gz,"[258, 261, 6]",official,"[1.7708333730697632, 1.7708333730697632, 10.0]"
Case2013,4,PASS,results/20260726_care_fullinfo_nnunet_and_care_scf/care_scf_v1/mosaic_oof/fold4/oof_predictions/compact/Case2013.nii.gz,data/nnUNet/nnUNet_raw/Dataset501_CAREMyoPS/labelsTr/Case2013.nii.gz,"[258, 261, 6]",compact,"[1.7708333730697632, 1.7708333730697632, 10.0]"
Case2015,4,PASS,results/20260726_care_fullinfo_nnunet_and_care_scf/care_scf_v1/mosaic_oof/fold4/oof_predictions/official/Case2015.nii.gz,data/nnUNet/nnUNet_raw/Dataset501_CAREMyoPS/labelsTr/Case2015.nii.gz,"[259, 257, 5]",official,"[1.47265625, 1.47265625, 10.0]"
Case2015,4,PASS,results/20260726_care_fullinfo_nnunet_and_care_scf/care_scf_v1/mosaic_oof/fold4/oof_predictions/compact/Case2015.nii.gz,data/nnUNet/nnUNet_raw/Dataset501_CAREMyoPS/labelsTr/Case2015.nii.gz,"[259, 257, 5]",compact,"[1.47265625, 1.47265625, 10.0]"
Case2025,4,PASS,results/20260726_care_fullinfo_nnunet_and_care_scf/care_scf_v1/mosaic_oof/fold4/oof_predictions/official/Case2025.nii.gz,data/nnUNet/nnUNet_raw/Dataset501_CAREMyoPS/labelsTr/Case2025.nii.gz,"[248, 258, 6]",official,"[1.3828125, 1.3828125, 10.0]"
Case2025,4,PASS,results/20260726_care_fullinfo_nnunet_and_care_scf/care_scf_v1/mosaic_oof/fold4/oof_predictions/compact/Case2025.nii.gz,data/nnUNet/nnUNet_raw/Dataset501_CAREMyoPS/labelsTr/Case2025.nii.gz,"[248, 258, 6]",compact,"[1.3828125, 1.3828125, 10.0]"
Case2028,4,PASS,results/20260726_care_fullinfo_nnunet_and_care_scf/care_scf_v1/mosaic_oof/fold4/oof_predictions/official/Case2028.nii.gz,data/nnUNet/nnUNet_raw/Dataset501_CAREMyoPS/labelsTr/Case2028.nii.gz,"[210, 261, 6]",official,"[1.328125, 1.328125, 10.0]"
Case2028,4,PASS,results/20260726_care_fullinfo_nnunet_and_care_scf/care_scf_v1/mosaic_oof/fold4/oof_predictions/compact/Case2028.nii.gz,data/nnUNet/nnUNet_raw/Dataset501_CAREMyoPS/labelsTr/Case2028.nii.gz,"[210, 261, 6]",compact,"[1.328125, 1.328125, 10.0]"
Case2035,4,PASS,results/20260726_care_fullinfo_nnunet_and_care_scf/care_scf_v1/mosaic_oof/fold4/oof_predictions/official/Case2035.nii.gz,data/nnUNet/nnUNet_raw/Dataset501_CAREMyoPS/labelsTr/Case2035.nii.gz,"[271, 259, 5]",official,"[1.49609375, 1.49609375, 10.0]"
Case2035,4,PASS,results/20260726_care_fullinfo_nnunet_and_care_scf/care_scf_v1/mosaic_oof/fold4/oof_predictions/compact/Case2035.nii.gz,data/nnUNet/nnUNet_raw/Dataset501_CAREMyoPS/labelsTr/Case2035.nii.gz,"[271, 259, 5]",compact,"[1.49609375, 1.49609375, 10.0]"
Case3001,4,PASS,results/20260726_care_fullinfo_nnunet_and_care_scf/care_scf_v1/mosaic_oof/fold4/oof_predictions/official/Case3001.nii.gz,data/nnUNet/nnUNet_raw/Dataset501_CAREMyoPS/labelsTr/Case3001.nii.gz,"[478, 482, 5]",official,"[0.7290666699409485, 0.7290666699409485, 11.999993324279785]"
Case3001,4,PASS,results/20260726_care_fullinfo_nnunet_and_care_scf/care_scf_v1/mosaic_oof/fold4/oof_predictions/compact/Case3001.nii.gz,data/nnUNet/nnUNet_raw/Dataset501_CAREMyoPS/labelsTr/Case3001.nii.gz,"[478, 482, 5]",compact,"[0.7290666699409485, 0.7290666699409485, 11.999993324279785]"
Case3005,4,PASS,results/20260726_care_fullinfo_nnunet_and_care_scf/care_scf_v1/mosaic_oof/fold4/oof_predictions/official/Case3005.nii.gz,data/nnUNet/nnUNet_raw/Dataset501_CAREMyoPS/labelsTr/Case3005.nii.gz,"[504, 494, 3]",official,"[0.7290666699409485, 0.7290666699409485, 23.0]"
Case3005,4,PASS,results/20260726_care_fullinfo_nnunet_and_care_scf/care_scf_v1/mosaic_oof/fold4/oof_predictions/compact/Case3005.nii.gz,data/nnUNet/nnUNet_raw/Dataset501_CAREMyoPS/labelsTr/Case3005.nii.gz,"[504, 494, 3]",compact,"[0.7290666699409485, 0.7290666699409485, 23.0]"
Case3013,4,PASS,results/20260726_care_fullinfo_nnunet_and_care_scf/care_scf_v1/mosaic_oof/fold4/oof_predictions/official/Case3013.nii.gz,data/nnUNet/nnUNet_raw/Dataset501_CAREMyoPS/labelsTr/Case3013.nii.gz,"[503, 492, 3]",official,"[0.7290667295455933, 0.7290666699409485, 22.999998092651367]"
Case3013,4,PASS,results/20260726_care_fullinfo_nnunet_and_care_scf/care_scf_v1/mosaic_oof/fold4/oof_predictions/compact/Case3013.nii.gz,data/nnUNet/nnUNet_raw/Dataset501_CAREMyoPS/labelsTr/Case3013.nii.gz,"[503, 492, 3]",compact,"[0.7290667295455933, 0.7290666699409485, 22.999998092651367]"
Case3022,4,PASS,results/20260726_care_fullinfo_nnunet_and_care_scf/care_scf_v1/mosaic_oof/fold4/oof_predictions/official/Case3022.nii.gz,data/nnUNet/nnUNet_raw/Dataset501_CAREMyoPS/labelsTr/Case3022.nii.gz,"[481, 482, 5]",official,"[0.7290666699409485, 0.7290666699409485, 14.000001907348633]"
Case3022,4,PASS,results/20260726_care_fullinfo_nnunet_and_care_scf/care_scf_v1/mosaic_oof/fold4/oof_predictions/compact/Case3022.nii.gz,data/nnUNet/nnUNet_raw/Dataset501_CAREMyoPS/labelsTr/Case3022.nii.gz,"[481, 482, 5]",compact,"[0.7290666699409485, 0.7290666699409485, 14.000001907348633]"
Case3031,4,PASS,results/20260726_care_fullinfo_nnunet_and_care_scf/care_scf_v1/mosaic_oof/fold4/oof_predictions/official/Case3031.nii.gz,data/nnUNet/nnUNet_raw/Dataset501_CAREMyoPS/labelsTr/Case3031.nii.gz,"[452, 444, 5]",official,"[0.7291666865348816, 0.7291666865348816, 11.999998092651367]"
Case3031,4,PASS,results/20260726_care_fullinfo_nnunet_and_care_scf/care_scf_v1/mosaic_oof/fold4/oof_predictions/compact/Case3031.nii.gz,data/nnUNet/nnUNet_raw/Dataset501_CAREMyoPS/labelsTr/Case3031.nii.gz,"[452, 444, 5]",compact,"[0.7291666865348816, 0.7291666865348816, 11.999998092651367]"
Case3036,4,PASS,results/20260726_care_fullinfo_nnunet_and_care_scf/care_scf_v1/mosaic_oof/fold4/oof_predictions/official/Case3036.nii.gz,data/nnUNet/nnUNet_raw/Dataset501_CAREMyoPS/labelsTr/Case3036.nii.gz,"[483, 483, 4]",official,"[0.76171875, 0.76171875, 13.999996185302734]"
Case3036,4,PASS,results/20260726_care_fullinfo_nnunet_and_care_scf/care_scf_v1/mosaic_oof/fold4/oof_predictions/compact/Case3036.nii.gz,data/nnUNet/nnUNet_raw/Dataset501_CAREMyoPS/labelsTr/Case3036.nii.gz,"[483, 483, 4]",compact,"[0.76171875, 0.76171875, 13.999996185302734]"
Case3039,4,PASS,results/20260726_care_fullinfo_nnunet_and_care_scf/care_scf_v1/mosaic_oof/fold4/oof_predictions/official/Case3039.nii.gz,data/nnUNet/nnUNet_raw/Dataset501_CAREMyoPS/labelsTr/Case3039.nii.gz,"[473, 472, 3]",official,"[0.7290666699409485, 0.7290666699409485, 22.999998092651367]"
Case3039,4,PASS,results/20260726_care_fullinfo_nnunet_and_care_scf/care_scf_v1/mosaic_oof/fold4/oof_predictions/compact/Case3039.nii.gz,data/nnUNet/nnUNet_raw/Dataset501_CAREMyoPS/labelsTr/Case3039.nii.gz,"[473, 472, 3]",compact,"[0.7290666699409485, 0.7290666699409485, 22.999998092651367]"
Case3042,4,PASS,results/20260726_care_fullinfo_nnunet_and_care_scf/care_scf_v1/mosaic_oof/fold4/oof_predictions/official/Case3042.nii.gz,data/nnUNet/nnUNet_raw/Dataset501_CAREMyoPS/labelsTr/Case3042.nii.gz,"[512, 505, 3]",official,"[0.7414237260818481, 0.7414237260818481, 22.999998092651367]"
Case3042,4,PASS,results/20260726_care_fullinfo_nnunet_and_care_scf/care_scf_v1/mosaic_oof/fold4/oof_predictions/compact/Case3042.nii.gz,data/nnUNet/nnUNet_raw/Dataset501_CAREMyoPS/labelsTr/Case3042.nii.gz,"[512, 505, 3]",compact,"[0.7414237260818481, 0.7414237260818481, 22.999998092651367]"
Case3043,4,PASS,results/20260726_care_fullinfo_nnunet_and_care_scf/care_scf_v1/mosaic_oof/fold4/oof_predictions/official/Case3043.nii.gz,data/nnUNet/nnUNet_raw/Dataset501_CAREMyoPS/labelsTr/Case3043.nii.gz,"[476, 475, 3]",official,"[0.7290666699409485, 0.7290666699409485, 22.999998092651367]"
Case3043,4,PASS,results/20260726_care_fullinfo_nnunet_and_care_scf/care_scf_v1/mosaic_oof/fold4/oof_predictions/compact/Case3043.nii.gz,data/nnUNet/nnUNet_raw/Dataset501_CAREMyoPS/labelsTr/Case3043.nii.gz,"[476, 475, 3]",compact,"[0.7290666699409485, 0.7290666699409485, 22.999998092651367]"
Case5003,4,PASS,results/20260726_care_fullinfo_nnunet_and_care_scf/care_scf_v1/mosaic_oof/fold4/oof_predictions/official/Case5003.nii.gz,data/nnUNet/nnUNet_raw/Dataset501_CAREMyoPS/labelsTr/Case5003.nii.gz,"[256, 256, 7]",official,"[1.3157894611358643, 1.3157894611358643, 8.0]"
Case5003,4,PASS,results/20260726_care_fullinfo_nnunet_and_care_scf/care_scf_v1/mosaic_oof/fold4/oof_predictions/compact/Case5003.nii.gz,data/nnUNet/nnUNet_raw/Dataset501_CAREMyoPS/labelsTr/Case5003.nii.gz,"[256, 256, 7]",compact,"[1.3157894611358643, 1.3157894611358643, 8.0]"
Case6008,4,PASS,results/20260726_care_fullinfo_nnunet_and_care_scf/care_scf_v1/mosaic_oof/fold4/oof_predictions/official/Case6008.nii.gz,data/nnUNet/nnUNet_raw/Dataset501_CAREMyoPS/labelsTr/Case6008.nii.gz,"[288, 288, 9]",official,"[1.25, 1.25, 10.0]"
Case6008,4,PASS,results/20260726_care_fullinfo_nnunet_and_care_scf/care_scf_v1/mosaic_oof/fold4/oof_predictions/compact/Case6008.nii.gz,data/nnUNet/nnUNet_raw/Dataset501_CAREMyoPS/labelsTr/Case6008.nii.gz,"[288, 288, 9]",compact,"[1.25, 1.25, 10.0]"
Case6009,4,PASS,results/20260726_care_fullinfo_nnunet_and_care_scf/care_scf_v1/mosaic_oof/fold4/oof_predictions/official/Case6009.nii.gz,data/nnUNet/nnUNet_raw/Dataset501_CAREMyoPS/labelsTr/Case6009.nii.gz,"[288, 288, 7]",official,"[1.25, 1.25, 10.0]"
Case6009,4,PASS,results/20260726_care_fullinfo_nnunet_and_care_scf/care_scf_v1/mosaic_oof/fold4/oof_predictions/compact/Case6009.nii.gz,data/nnUNet/nnUNet_raw/Dataset501_CAREMyoPS/labelsTr/Case6009.nii.gz,"[288, 288, 7]",compact,"[1.25, 1.25, 10.0]"
Case7006,4,PASS,results/20260726_care_fullinfo_nnunet_and_care_scf/care_scf_v1/mosaic_oof/fold4/oof_predictions/official/Case7006.nii.gz,data/nnUNet/nnUNet_raw/Dataset501_CAREMyoPS/labelsTr/Case7006.nii.gz,"[200, 256, 9]",official,"[1.484375, 1.484375, 8.0]"
Case7006,4,PASS,results/20260726_care_fullinfo_nnunet_and_care_scf/care_scf_v1/mosaic_oof/fold4/oof_predictions/compact/Case7006.nii.gz,data/nnUNet/nnUNet_raw/Dataset501_CAREMyoPS/labelsTr/Case7006.nii.gz,"[200, 256, 9]",compact,"[1.484375, 1.484375, 8.0]"
Case7009,4,PASS,results/20260726_care_fullinfo_nnunet_and_care_scf/care_scf_v1/mosaic_oof/fold4/oof_predictions/official/Case7009.nii.gz,data/nnUNet/nnUNet_raw/Dataset501_CAREMyoPS/labelsTr/Case7009.nii.gz,"[200, 256, 7]",official,"[1.40625, 1.40625, 8.0]"
Case7009,4,PASS,results/20260726_care_fullinfo_nnunet_and_care_scf/care_scf_v1/mosaic_oof/fold4/oof_predictions/compact/Case7009.nii.gz,data/nnUNet/nnUNet_raw/Dataset501_CAREMyoPS/labelsTr/Case7009.nii.gz,"[200, 256, 7]",compact,"[1.40625, 1.40625, 8.0]"
Case8001,4,PASS,results/20260726_care_fullinfo_nnunet_and_care_scf/care_scf_v1/mosaic_oof/fold4/oof_predictions/official/Case8001.nii.gz,data/nnUNet/nnUNet_raw/Dataset501_CAREMyoPS/labelsTr/Case8001.nii.gz,"[192, 256, 8]",official,"[1.484375, 1.484375, 11.699999809265137]"
Case8001,4,PASS,results/20260726_care_fullinfo_nnunet_and_care_scf/care_scf_v1/mosaic_oof/fold4/oof_predictions/compact/Case8001.nii.gz,data/nnUNet/nnUNet_raw/Dataset501_CAREMyoPS/labelsTr/Case8001.nii.gz,"[192, 256, 8]",compact,"[1.484375, 1.484375, 11.699999809265137]"
Case8007,4,PASS,results/20260726_care_fullinfo_nnunet_and_care_scf/care_scf_v1/mosaic_oof/fold4/oof_predictions/official/Case8007.nii.gz,data/nnUNet/nnUNet_raw/Dataset501_CAREMyoPS/labelsTr/Case8007.nii.gz,"[192, 256, 8]",official,"[1.40625, 1.40625, 10.00000286102295]"
Case8007,4,PASS,results/20260726_care_fullinfo_nnunet_and_care_scf/care_scf_v1/mosaic_oof/fold4/oof_predictions/compact/Case8007.nii.gz,data/nnUNet/nnUNet_raw/Dataset501_CAREMyoPS/labelsTr/Case8007.nii.gz,"[192, 256, 8]",compact,"[1.40625, 1.40625, 10.00000286102295]"
Case8012,4,PASS,results/20260726_care_fullinfo_nnunet_and_care_scf/care_scf_v1/mosaic_oof/fold4/oof_predictions/official/Case8012.nii.gz,data/nnUNet/nnUNet_raw/Dataset501_CAREMyoPS/labelsTr/Case8012.nii.gz,"[192, 256, 8]",official,"[1.484375, 1.484375, 11.25]"
Case8012,4,PASS,results/20260726_care_fullinfo_nnunet_and_care_scf/care_scf_v1/mosaic_oof/fold4/oof_predictions/compact/Case8012.nii.gz,data/nnUNet/nnUNet_raw/Dataset501_CAREMyoPS/labelsTr/Case8012.nii.gz,"[192, 256, 8]",compact,"[1.484375, 1.484375, 11.25]"
Case8014,4,PASS,results/20260726_care_fullinfo_nnunet_and_care_scf/care_scf_v1/mosaic_oof/fold4/oof_predictions/official/Case8014.nii.gz,data/nnUNet/nnUNet_raw/Dataset501_CAREMyoPS/labelsTr/Case8014.nii.gz,"[192, 256, 8]",official,"[1.484375, 1.484375, 11.250004768371582]"
Case8014,4,PASS,results/20260726_care_fullinfo_nnunet_and_care_scf/care_scf_v1/mosaic_oof/fold4/oof_predictions/compact/Case8014.nii.gz,data/nnUNet/nnUNet_raw/Dataset501_CAREMyoPS/labelsTr/Case8014.nii.gz,"[192, 256, 8]",compact,"[1.484375, 1.484375, 11.250004768371582]"
Case8026,4,PASS,results/20260726_care_fullinfo_nnunet_and_care_scf/care_scf_v1/mosaic_oof/fold4/oof_predictions/official/Case8026.nii.gz,data/nnUNet/nnUNet_raw/Dataset501_CAREMyoPS/labelsTr/Case8026.nii.gz,"[192, 256, 7]",official,"[1.3671875, 1.3671875, 10.00000286102295]"
Case8026,4,PASS,results/20260726_care_fullinfo_nnunet_and_care_scf/care_scf_v1/mosaic_oof/fold4/oof_predictions/compact/Case8026.nii.gz,data/nnUNet/nnUNet_raw/Dataset501_CAREMyoPS/labelsTr/Case8026.nii.gz,"[192, 256, 7]",compact,"[1.3671875, 1.3671875, 10.00000286102295]"
Case8030,4,PASS,results/20260726_care_fullinfo_nnunet_and_care_scf/care_scf_v1/mosaic_oof/fold4/oof_predictions/official/Case8030.nii.gz,data/nnUNet/nnUNet_raw/Dataset501_CAREMyoPS/labelsTr/Case8030.nii.gz,"[192, 256, 7]",official,"[1.484375, 1.484375, 10.0]"
Case8030,4,PASS,results/20260726_care_fullinfo_nnunet_and_care_scf/care_scf_v1/mosaic_oof/fold4/oof_predictions/compact/Case8030.nii.gz,data/nnUNet/nnUNet_raw/Dataset501_CAREMyoPS/labelsTr/Case8030.nii.gz,"[192, 256, 7]",compact,"[1.484375, 1.484375, 10.0]"
Case8035,4,PASS,results/20260726_care_fullinfo_nnunet_and_care_scf/care_scf_v1/mosaic_oof/fold4/oof_predictions/official/Case8035.nii.gz,data/nnUNet/nnUNet_raw/Dataset501_CAREMyoPS/labelsTr/Case8035.nii.gz,"[192, 256, 8]",official,"[1.484375, 1.484375, 11.25]"
Case8035,4,PASS,results/20260726_care_fullinfo_nnunet_and_care_scf/care_scf_v1/mosaic_oof/fold4/oof_predictions/compact/Case8035.nii.gz,data/nnUNet/nnUNet_raw/Dataset501_CAREMyoPS/labelsTr/Case8035.nii.gz,"[192, 256, 8]",compact,"[1.484375, 1.484375, 11.25]"
