case_id,center,checkpoint_name,class_id,decode_mode,gt_coverage,gt_voxels,lesion_wise_recall,memory_negative_similarity_mean,metric_name,modality_group,neg_similarity_mean,outside_myocardium_fp_ratio,outside_myocardium_roi_ratio,pos_similarity_mean,pred_coverage,proposal_component_count,proposal_gate_mean,proposal_gate_p95,proposal_precision,proposal_recall,proposal_remote_fp_count,proposal_small_fp_count,proposal_threshold,proposal_voxels,residual_abs_mean,roi_mean,roi_threshold,roi_voxels,source_path,t2_present,variant
Case1002,CenterA,checkpoint_best,5,,,2062,1.0,0.10082576423883438,myops_scar,LGE-only,0.10176080465316772,0.7757423450829971,,-0.10576880723237991,,25,0.011538560502231121,0.05135768633335824,0.06391773030884201,0.937439379243453,22,17,0.05,30242,,,,,/users/a/e/aereinh/CARE/results/20260707_srr_v3_m8_editor_grade_leaderboard_sprint/runtime/variants/m8_full_srr_context_arbitration_longrun/proposal_pr_sweep_checkpoint_best.csv,False,m8_full_srr_context_arbitration_longrun
Case1002,CenterA,checkpoint_best,5,,,2062,1.0,0.10082576423883438,myops_scar,LGE-only,0.10176080465316772,0.5648166307119042,,-0.10576880723237991,,18,0.011538560502231121,0.05135768633335824,0.17768189841145324,0.8787584869059166,16,10,0.1,10198,,,,,/users/a/e/aereinh/CARE/results/20260707_srr_v3_m8_editor_grade_leaderboard_sprint/runtime/variants/m8_full_srr_context_arbitration_longrun/proposal_pr_sweep_checkpoint_best.csv,False,m8_full_srr_context_arbitration_longrun
Case1002,CenterA,checkpoint_best,5,,,2062,1.0,0.10082576423883438,myops_scar,LGE-only,0.10176080465316772,0.10275800711743772,,-0.10576880723237991,,8,0.011538560502231121,0.05135768633335824,0.6748220640569395,0.7356935014548982,0,7,0.2,2248,,,,,/users/a/e/aereinh/CARE/results/20260707_srr_v3_m8_editor_grade_leaderboard_sprint/runtime/variants/m8_full_srr_context_arbitration_longrun/proposal_pr_sweep_checkpoint_best.csv,False,m8_full_srr_context_arbitration_longrun
Case1002,CenterA,checkpoint_best,5,,,2062,1.0,0.10082576423883438,myops_scar,LGE-only,0.10176080465316772,0.09015112037519542,,-0.10576880723237991,,3,0.011538560502231121,0.05135768633335824,0.7285044293903075,0.6779825412221144,0,2,0.3,1919,,,,,/users/a/e/aereinh/CARE/results/20260707_srr_v3_m8_editor_grade_leaderboard_sprint/runtime/variants/m8_full_srr_context_arbitration_longrun/proposal_pr_sweep_checkpoint_best.csv,False,m8_full_srr_context_arbitration_longrun
Case1002,CenterA,checkpoint_best,5,,,2062,1.0,0.10082576423883438,myops_scar,LGE-only,0.10176080465316772,0.0836676217765043,,-0.10576880723237991,,2,0.011538560502231121,0.05135768633335824,0.7449856733524355,0.6304558680892337,0,1,0.4,1745,,,,,/users/a/e/aereinh/CARE/results/20260707_srr_v3_m8_editor_grade_leaderboard_sprint/runtime/variants/m8_full_srr_context_arbitration_longrun/proposal_pr_sweep_checkpoint_best.csv,False,m8_full_srr_context_arbitration_longrun
Case1002,CenterA,checkpoint_best,5,,,2062,1.0,0.10082576423883438,myops_scar,LGE-only,0.10176080465316772,0.08149509803921569,,-0.10576880723237991,,2,0.011538560502231121,0.05135768633335824,0.7561274509803921,0.5984481086323957,0,1,0.5,1632,,,,,/users/a/e/aereinh/CARE/results/20260707_srr_v3_m8_editor_grade_leaderboard_sprint/runtime/variants/m8_full_srr_context_arbitration_longrun/proposal_pr_sweep_checkpoint_best.csv,False,m8_full_srr_context_arbitration_longrun
Case1002,CenterA,checkpoint_best,5,,,2062,1.0,0.10082576423883438,myops_scar,LGE-only,0.10176080465316772,0.08366013071895424,,-0.10576880723237991,,2,0.011538560502231121,0.05135768633335824,0.7699346405228759,0.5712900096993211,0,1,0.6,1530,,,,,/users/a/e/aereinh/CARE/results/20260707_srr_v3_m8_editor_grade_leaderboard_sprint/runtime/variants/m8_full_srr_context_arbitration_longrun/proposal_pr_sweep_checkpoint_best.csv,False,m8_full_srr_context_arbitration_longrun
Case1002,CenterA,checkpoint_best,5,,,2062,1.0,0.10082576423883438,myops_scar,LGE-only,0.10176080465316772,0.0851360781577111,,-0.10576880723237991,,3,0.011538560502231121,0.05135768633335824,0.7773900907187719,0.5402521823472357,0,1,0.7,1433,,,,,/users/a/e/aereinh/CARE/results/20260707_srr_v3_m8_editor_grade_leaderboard_sprint/runtime/variants/m8_full_srr_context_arbitration_longrun/proposal_pr_sweep_checkpoint_best.csv,False,m8_full_srr_context_arbitration_longrun
Case1002,CenterA,checkpoint_best,5,,,2062,1.0,0.10082576423883438,myops_scar,LGE-only,0.10176080465316772,0.08621960206337509,,-0.10576880723237991,,3,0.011538560502231121,0.05135768633335824,0.782608695652174,0.5150339476236664,0,1,0.8,1357,,,,,/users/a/e/aereinh/CARE/results/20260707_srr_v3_m8_editor_grade_leaderboard_sprint/runtime/variants/m8_full_srr_context_arbitration_longrun/proposal_pr_sweep_checkpoint_best.csv,False,m8_full_srr_context_arbitration_longrun
Case1002,CenterA,checkpoint_best,5,,,2062,1.0,0.10082576423883438,myops_scar,LGE-only,0.10176080465316772,0.08711839166046165,,-0.10576880723237991,,3,0.011538560502231121,0.05135768633335824,0.7818317200297841,0.5092143549951503,0,1,0.9,1343,,,,,/users/a/e/aereinh/CARE/results/20260707_srr_v3_m8_editor_grade_leaderboard_sprint/runtime/variants/m8_full_srr_context_arbitration_longrun/proposal_pr_sweep_checkpoint_best.csv,False,m8_full_srr_context_arbitration_longrun
Case1002,CenterA,checkpoint_best,4,,,0,,0.11656861752271652,myops_edema,LGE-only,0.25662291049957275,,,0.16808396577835083,,0,2.0611552464799843e-09,2.061153470123145e-09,,,0,0,0.05,0,,,,,/users/a/e/aereinh/CARE/results/20260707_srr_v3_m8_editor_grade_leaderboard_sprint/runtime/variants/m8_full_srr_context_arbitration_longrun/proposal_pr_sweep_checkpoint_best.csv,False,m8_full_srr_context_arbitration_longrun
Case1002,CenterA,checkpoint_best,4,,,0,,0.11656861752271652,myops_edema,LGE-only,0.25662291049957275,,,0.16808396577835083,,0,2.0611552464799843e-09,2.061153470123145e-09,,,0,0,0.1,0,,,,,/users/a/e/aereinh/CARE/results/20260707_srr_v3_m8_editor_grade_leaderboard_sprint/runtime/variants/m8_full_srr_context_arbitration_longrun/proposal_pr_sweep_checkpoint_best.csv,False,m8_full_srr_context_arbitration_longrun
Case1002,CenterA,checkpoint_best,4,,,0,,0.11656861752271652,myops_edema,LGE-only,0.25662291049957275,,,0.16808396577835083,,0,2.0611552464799843e-09,2.061153470123145e-09,,,0,0,0.2,0,,,,,/users/a/e/aereinh/CARE/results/20260707_srr_v3_m8_editor_grade_leaderboard_sprint/runtime/variants/m8_full_srr_context_arbitration_longrun/proposal_pr_sweep_checkpoint_best.csv,False,m8_full_srr_context_arbitration_longrun
Case1002,CenterA,checkpoint_best,4,,,0,,0.11656861752271652,myops_edema,LGE-only,0.25662291049957275,,,0.16808396577835083,,0,2.0611552464799843e-09,2.061153470123145e-09,,,0,0,0.3,0,,,,,/users/a/e/aereinh/CARE/results/20260707_srr_v3_m8_editor_grade_leaderboard_sprint/runtime/variants/m8_full_srr_context_arbitration_longrun/proposal_pr_sweep_checkpoint_best.csv,False,m8_full_srr_context_arbitration_longrun
Case1002,CenterA,checkpoint_best,4,,,0,,0.11656861752271652,myops_edema,LGE-only,0.25662291049957275,,,0.16808396577835083,,0,2.0611552464799843e-09,2.061153470123145e-09,,,0,0,0.4,0,,,,,/users/a/e/aereinh/CARE/results/20260707_srr_v3_m8_editor_grade_leaderboard_sprint/runtime/variants/m8_full_srr_context_arbitration_longrun/proposal_pr_sweep_checkpoint_best.csv,False,m8_full_srr_context_arbitration_longrun
Case1002,CenterA,checkpoint_best,4,,,0,,0.11656861752271652,myops_edema,LGE-only,0.25662291049957275,,,0.16808396577835083,,0,2.0611552464799843e-09,2.061153470123145e-09,,,0,0,0.5,0,,,,,/users/a/e/aereinh/CARE/results/20260707_srr_v3_m8_editor_grade_leaderboard_sprint/runtime/variants/m8_full_srr_context_arbitration_longrun/proposal_pr_sweep_checkpoint_best.csv,False,m8_full_srr_context_arbitration_longrun
Case1002,CenterA,checkpoint_best,4,,,0,,0.11656861752271652,myops_edema,LGE-only,0.25662291049957275,,,0.16808396577835083,,0,2.0611552464799843e-09,2.061153470123145e-09,,,0,0,0.6,0,,,,,/users/a/e/aereinh/CARE/results/20260707_srr_v3_m8_editor_grade_leaderboard_sprint/runtime/variants/m8_full_srr_context_arbitration_longrun/proposal_pr_sweep_checkpoint_best.csv,False,m8_full_srr_context_arbitration_longrun
Case1002,CenterA,checkpoint_best,4,,,0,,0.11656861752271652,myops_edema,LGE-only,0.25662291049957275,,,0.16808396577835083,,0,2.0611552464799843e-09,2.061153470123145e-09,,,0,0,0.7,0,,,,,/users/a/e/aereinh/CARE/results/20260707_srr_v3_m8_editor_grade_leaderboard_sprint/runtime/variants/m8_full_srr_context_arbitration_longrun/proposal_pr_sweep_checkpoint_best.csv,False,m8_full_srr_context_arbitration_longrun
Case1002,CenterA,checkpoint_best,4,,,0,,0.11656861752271652,myops_edema,LGE-only,0.25662291049957275,,,0.16808396577835083,,0,2.0611552464799843e-09,2.061153470123145e-09,,,0,0,0.8,0,,,,,/users/a/e/aereinh/CARE/results/20260707_srr_v3_m8_editor_grade_leaderboard_sprint/runtime/variants/m8_full_srr_context_arbitration_longrun/proposal_pr_sweep_checkpoint_best.csv,False,m8_full_srr_context_arbitration_longrun
Case1002,CenterA,checkpoint_best,4,,,0,,0.11656861752271652,myops_edema,LGE-only,0.25662291049957275,,,0.16808396577835083,,0,2.0611552464799843e-09,2.061153470123145e-09,,,0,0,0.9,0,,,,,/users/a/e/aereinh/CARE/results/20260707_srr_v3_m8_editor_grade_leaderboard_sprint/runtime/variants/m8_full_srr_context_arbitration_longrun/proposal_pr_sweep_checkpoint_best.csv,False,m8_full_srr_context_arbitration_longrun
Case1007,CenterA,checkpoint_best,5,,,2509,0.7777777777777778,0.1000932976603508,myops_scar,LGE-only,0.10197072476148605,0.8758531647791016,,-0.10166894644498825,,27,0.0169252660125494,0.0947766438126564,0.015217513929540655,0.9677162216022319,16,16,0.05,159553,,,,,/users/a/e/aereinh/CARE/results/20260707_srr_v3_m8_editor_grade_leaderboard_sprint/runtime/variants/m8_full_srr_context_arbitration_longrun/proposal_pr_sweep_checkpoint_best.csv,False,m8_full_srr_context_arbitration_longrun
Case1007,CenterA,checkpoint_best,5,,,2509,0.6666666666666666,0.1000932976603508,myops_scar,LGE-only,0.10197072476148605,0.795549040887373,,-0.10166894644498825,,67,0.0169252660125494,0.0947766438126564,0.03340333469577596,0.9445994420087684,48,47,0.1,70951,,,,,/users/a/e/aereinh/CARE/results/20260707_srr_v3_m8_editor_grade_leaderboard_sprint/runtime/variants/m8_full_srr_context_arbitration_longrun/proposal_pr_sweep_checkpoint_best.csv,False,m8_full_srr_context_arbitration_longrun
Case1007,CenterA,checkpoint_best,5,,,2509,0.6666666666666666,0.1000932976603508,myops_scar,LGE-only,0.10197072476148605,0.2886649371382958,,-0.10166894644498825,,72,0.0169252660125494,0.0947766438126564,0.22700059868289763,0.9067357512953368,34,64,0.2,10022,,,,,/users/a/e/aereinh/CARE/results/20260707_srr_v3_m8_editor_grade_leaderboard_sprint/runtime/variants/m8_full_srr_context_arbitration_longrun/proposal_pr_sweep_checkpoint_best.csv,False,m8_full_srr_context_arbitration_longrun
Case1007,CenterA,checkpoint_best,5,,,2509,0.5555555555555556,0.1000932976603508,myops_scar,LGE-only,0.10197072476148605,0.17323072280066396,,-0.10166894644498825,,18,0.0169252660125494,0.0947766438126564,0.3342387203862985,0.8828218413710641,0,16,0.3,6627,,,,,/users/a/e/aereinh/CARE/results/20260707_srr_v3_m8_editor_grade_leaderboard_sprint/runtime/variants/m8_full_srr_context_arbitration_longrun/proposal_pr_sweep_checkpoint_best.csv,False,m8_full_srr_context_arbitration_longrun
Case1007,CenterA,checkpoint_best,5,,,2509,0.5555555555555556,0.1000932976603508,myops_scar,LGE-only,0.10197072476148605,0.15549872122762148,,-0.10166894644498825,,12,0.0169252660125494,0.0947766438126564,0.3703324808184143,0.8656835392586688,0,11,0.4,5865,,,,,/users/a/e/aereinh/CARE/results/20260707_srr_v3_m8_editor_grade_leaderboard_sprint/runtime/variants/m8_full_srr_context_arbitration_longrun/proposal_pr_sweep_checkpoint_best.csv,False,m8_full_srr_context_arbitration_longrun
Case1007,CenterA,checkpoint_best,5,,,2509,0.4444444444444444,0.1000932976603508,myops_scar,LGE-only,0.10197072476148605,0.13883225208526415,,-0.10166894644498825,,8,0.0169252660125494,0.0947766438126564,0.39425393883225207,0.8477481068154643,0,6,0.5,5395,,,,,/users/a/e/aereinh/CARE/results/20260707_srr_v3_m8_editor_grade_leaderboard_sprint/runtime/variants/m8_full_srr_context_arbitration_longrun/proposal_pr_sweep_checkpoint_best.csv,False,m8_full_srr_context_arbitration_longrun
Case1007,CenterA,checkpoint_best,5,,,2509,0.3333333333333333,0.1000932976603508,myops_scar,LGE-only,0.10197072476148605,0.12733042443474812,,-0.10166894644498825,,11,0.0169252660125494,0.0947766438126564,0.4147163823879413,0.8333997608609007,0,9,0.6,5042,,,,,/users/a/e/aereinh/CARE/results/20260707_srr_v3_m8_editor_grade_leaderboard_sprint/runtime/variants/m8_full_srr_context_arbitration_longrun/proposal_pr_sweep_checkpoint_best.csv,False,m8_full_srr_context_arbitration_longrun
Case1007,CenterA,checkpoint_best,5,,,2509,0.3333333333333333,0.1000932976603508,myops_scar,LGE-only,0.10197072476148605,0.11963835155592935,,-0.10166894644498825,,10,0.0169252660125494,0.0947766438126564,0.43166526492851137,0.8182542845755281,0,8,0.7,4756,,,,,/users/a/e/aereinh/CARE/results/20260707_srr_v3_m8_editor_grade_leaderboard_sprint/runtime/variants/m8_full_srr_context_arbitration_longrun/proposal_pr_sweep_checkpoint_best.csv,False,m8_full_srr_context_arbitration_longrun
Case1007,CenterA,checkpoint_best,5,,,2509,0.3333333333333333,0.1000932976603508,myops_scar,LGE-only,0.10197072476148605,0.1103202846975089,,-0.10166894644498825,,8,0.0169252660125494,0.0947766438126564,0.4499555160142349,0.8062973296133918,0,6,0.8,4496,,,,,/users/a/e/aereinh/CARE/results/20260707_srr_v3_m8_editor_grade_leaderboard_sprint/runtime/variants/m8_full_srr_context_arbitration_longrun/proposal_pr_sweep_checkpoint_best.csv,False,m8_full_srr_context_arbitration_longrun
Case1007,CenterA,checkpoint_best,5,,,2509,0.3333333333333333,0.1000932976603508,myops_scar,LGE-only,0.10197072476148605,0.10909503288727602,,-0.10166894644498825,,8,0.0169252660125494,0.0947766438126564,0.45588568836470855,0.8011159824631328,0,6,0.9,4409,,,,,/users/a/e/aereinh/CARE/results/20260707_srr_v3_m8_editor_grade_leaderboard_sprint/runtime/variants/m8_full_srr_context_arbitration_longrun/proposal_pr_sweep_checkpoint_best.csv,False,m8_full_srr_context_arbitration_longrun
Case1007,CenterA,checkpoint_best,4,,,0,,0.11391815543174744,myops_edema,LGE-only,0.2629747688770294,,,0.1743263602256775,,0,2.061150361498676e-09,2.061153470123145e-09,,,0,0,0.05,0,,,,,/users/a/e/aereinh/CARE/results/20260707_srr_v3_m8_editor_grade_leaderboard_sprint/runtime/variants/m8_full_srr_context_arbitration_longrun/proposal_pr_sweep_checkpoint_best.csv,False,m8_full_srr_context_arbitration_longrun
Case1007,CenterA,checkpoint_best,4,,,0,,0.11391815543174744,myops_edema,LGE-only,0.2629747688770294,,,0.1743263602256775,,0,2.061150361498676e-09,2.061153470123145e-09,,,0,0,0.1,0,,,,,/users/a/e/aereinh/CARE/results/20260707_srr_v3_m8_editor_grade_leaderboard_sprint/runtime/variants/m8_full_srr_context_arbitration_longrun/proposal_pr_sweep_checkpoint_best.csv,False,m8_full_srr_context_arbitration_longrun
Case1007,CenterA,checkpoint_best,4,,,0,,0.11391815543174744,myops_edema,LGE-only,0.2629747688770294,,,0.1743263602256775,,0,2.061150361498676e-09,2.061153470123145e-09,,,0,0,0.2,0,,,,,/users/a/e/aereinh/CARE/results/20260707_srr_v3_m8_editor_grade_leaderboard_sprint/runtime/variants/m8_full_srr_context_arbitration_longrun/proposal_pr_sweep_checkpoint_best.csv,False,m8_full_srr_context_arbitration_longrun
Case1007,CenterA,checkpoint_best,4,,,0,,0.11391815543174744,myops_edema,LGE-only,0.2629747688770294,,,0.1743263602256775,,0,2.061150361498676e-09,2.061153470123145e-09,,,0,0,0.3,0,,,,,/users/a/e/aereinh/CARE/results/20260707_srr_v3_m8_editor_grade_leaderboard_sprint/runtime/variants/m8_full_srr_context_arbitration_longrun/proposal_pr_sweep_checkpoint_best.csv,False,m8_full_srr_context_arbitration_longrun
Case1007,CenterA,checkpoint_best,4,,,0,,0.11391815543174744,myops_edema,LGE-only,0.2629747688770294,,,0.1743263602256775,,0,2.061150361498676e-09,2.061153470123145e-09,,,0,0,0.4,0,,,,,/users/a/e/aereinh/CARE/results/20260707_srr_v3_m8_editor_grade_leaderboard_sprint/runtime/variants/m8_full_srr_context_arbitration_longrun/proposal_pr_sweep_checkpoint_best.csv,False,m8_full_srr_context_arbitration_longrun
Case1007,CenterA,checkpoint_best,4,,,0,,0.11391815543174744,myops_edema,LGE-only,0.2629747688770294,,,0.1743263602256775,,0,2.061150361498676e-09,2.061153470123145e-09,,,0,0,0.5,0,,,,,/users/a/e/aereinh/CARE/results/20260707_srr_v3_m8_editor_grade_leaderboard_sprint/runtime/variants/m8_full_srr_context_arbitration_longrun/proposal_pr_sweep_checkpoint_best.csv,False,m8_full_srr_context_arbitration_longrun
Case1007,CenterA,checkpoint_best,4,,,0,,0.11391815543174744,myops_edema,LGE-only,0.2629747688770294,,,0.1743263602256775,,0,2.061150361498676e-09,2.061153470123145e-09,,,0,0,0.6,0,,,,,/users/a/e/aereinh/CARE/results/20260707_srr_v3_m8_editor_grade_leaderboard_sprint/runtime/variants/m8_full_srr_context_arbitration_longrun/proposal_pr_sweep_checkpoint_best.csv,False,m8_full_srr_context_arbitration_longrun
Case1007,CenterA,checkpoint_best,4,,,0,,0.11391815543174744,myops_edema,LGE-only,0.2629747688770294,,,0.1743263602256775,,0,2.061150361498676e-09,2.061153470123145e-09,,,0,0,0.7,0,,,,,/users/a/e/aereinh/CARE/results/20260707_srr_v3_m8_editor_grade_leaderboard_sprint/runtime/variants/m8_full_srr_context_arbitration_longrun/proposal_pr_sweep_checkpoint_best.csv,False,m8_full_srr_context_arbitration_longrun
Case1007,CenterA,checkpoint_best,4,,,0,,0.11391815543174744,myops_edema,LGE-only,0.2629747688770294,,,0.1743263602256775,,0,2.061150361498676e-09,2.061153470123145e-09,,,0,0,0.8,0,,,,,/users/a/e/aereinh/CARE/results/20260707_srr_v3_m8_editor_grade_leaderboard_sprint/runtime/variants/m8_full_srr_context_arbitration_longrun/proposal_pr_sweep_checkpoint_best.csv,False,m8_full_srr_context_arbitration_longrun
Case1007,CenterA,checkpoint_best,4,,,0,,0.11391815543174744,myops_edema,LGE-only,0.2629747688770294,,,0.1743263602256775,,0,2.061150361498676e-09,2.061153470123145e-09,,,0,0,0.9,0,,,,,/users/a/e/aereinh/CARE/results/20260707_srr_v3_m8_editor_grade_leaderboard_sprint/runtime/variants/m8_full_srr_context_arbitration_longrun/proposal_pr_sweep_checkpoint_best.csv,False,m8_full_srr_context_arbitration_longrun
Case1009,CenterA,checkpoint_best,5,,,4090,0.5714285714285714,0.09903966635465622,myops_scar,LGE-only,0.10098153352737427,0.8860384615384616,,-0.09954781085252762,,34,0.018292659893631935,0.09442689269781113,0.036528846153846155,0.9288508557457212,27,21,0.05,104000,,,,,/users/a/e/aereinh/CARE/results/20260707_srr_v3_m8_editor_grade_leaderboard_sprint/runtime/variants/m8_full_srr_context_arbitration_longrun/proposal_pr_sweep_checkpoint_best.csv,False,m8_full_srr_context_arbitration_longrun
Case1009,CenterA,checkpoint_best,5,,,4090,0.42857142857142855,0.09903966635465622,myops_scar,LGE-only,0.10098153352737427,0.8103287578376547,,-0.09954781085252762,,58,0.018292659893631935,0.09442689269781113,0.07411879342484325,0.8555012224938875,49,38,0.1,47208,,,,,/users/a/e/aereinh/CARE/results/20260707_srr_v3_m8_editor_grade_leaderboard_sprint/runtime/variants/m8_full_srr_context_arbitration_longrun/proposal_pr_sweep_checkpoint_best.csv,False,m8_full_srr_context_arbitration_longrun
Case1009,CenterA,checkpoint_best,5,,,4090,0.2857142857142857,0.09903966635465622,myops_scar,LGE-only,0.10098153352737427,0.2294826364280652,,-0.09954781085252762,,37,0.018292659893631935,0.09442689269781113,0.44734231041814315,0.7716381418092909,12,30,0.2,7055,,,,,/users/a/e/aereinh/CARE/results/20260707_srr_v3_m8_editor_grade_leaderboard_sprint/runtime/variants/m8_full_srr_context_arbitration_longrun/proposal_pr_sweep_checkpoint_best.csv,False,m8_full_srr_context_arbitration_longrun
Case1009,CenterA,checkpoint_best,5,,,4090,0.2857142857142857,0.09903966635465622,myops_scar,LGE-only,0.10098153352737427,0.1422307962118555,,-0.09954781085252762,,4,0.018292659893631935,0.09442689269781113,0.5263065591020695,0.7337408312958436,0,2,0.3,5702,,,,,/users/a/e/aereinh/CARE/results/20260707_srr_v3_m8_editor_grade_leaderboard_sprint/runtime/variants/m8_full_srr_context_arbitration_longrun/proposal_pr_sweep_checkpoint_best.csv,False,m8_full_srr_context_arbitration_longrun
Case1009,CenterA,checkpoint_best,5,,,4090,0.2857142857142857,0.09903966635465622,myops_scar,LGE-only,0.10098153352737427,0.11504424778761062,,-0.09954781085252762,,3,0.018292659893631935,0.09442689269781113,0.5507887649095806,0.7,0,2,0.4,5198,,,,,/users/a/e/aereinh/CARE/results/20260707_srr_v3_m8_editor_grade_leaderboard_sprint/runtime/variants/m8_full_srr_context_arbitration_longrun/proposal_pr_sweep_checkpoint_best.csv,False,m8_full_srr_context_arbitration_longrun
Case1009,CenterA,checkpoint_best,5,,,4090,0.2857142857142857,0.09903966635465622,myops_scar,LGE-only,0.10098153352737427,0.09541588881974694,,-0.09954781085252762,,1,0.018292659893631935,0.09442689269781113,0.5685542418585355,0.6701711491442542,0,0,0.5,4821,,,,,/users/a/e/aereinh/CARE/results/20260707_srr_v3_m8_editor_grade_leaderboard_sprint/runtime/variants/m8_full_srr_context_arbitration_longrun/proposal_pr_sweep_checkpoint_best.csv,False,m8_full_srr_context_arbitration_longrun
Case1009,CenterA,checkpoint_best,5,,,4090,0.2857142857142857,0.09903966635465622,myops_scar,LGE-only,0.10098153352737427,0.08065226972234464,,-0.09954781085252762,,5,0.018292659893631935,0.09442689269781113,0.5857205817540767,0.649877750611247,0,4,0.6,4538,,,,,/users/a/e/aereinh/CARE/results/20260707_srr_v3_m8_editor_grade_leaderboard_sprint/runtime/variants/m8_full_srr_context_arbitration_longrun/proposal_pr_sweep_checkpoint_best.csv,False,m8_full_srr_context_arbitration_longrun
Case1009,CenterA,checkpoint_best,5,,,4090,0.2857142857142857,0.09903966635465622,myops_scar,LGE-only,0.10098153352737427,0.06906976744186047,,-0.09954781085252762,,4,0.018292659893631935,0.09442689269781113,0.5983720930232558,0.6290953545232274,0,3,0.7,4300,,,,,/users/a/e/aereinh/CARE/results/20260707_srr_v3_m8_editor_grade_leaderboard_sprint/runtime/variants/m8_full_srr_context_arbitration_longrun/proposal_pr_sweep_checkpoint_best.csv,False,m8_full_srr_context_arbitration_longrun
Case1009,CenterA,checkpoint_best,5,,,4090,0.2857142857142857,0.09903966635465622,myops_scar,LGE-only,0.10098153352737427,0.06086531410413102,,-0.09954781085252762,,1,0.018292659893631935,0.09442689269781113,0.6084087020288438,0.6085574572127139,0,0,0.8,4091,,,,,/users/a/e/aereinh/CARE/results/20260707_srr_v3_m8_editor_grade_leaderboard_sprint/runtime/variants/m8_full_srr_context_arbitration_longrun/proposal_pr_sweep_checkpoint_best.csv,False,m8_full_srr_context_arbitration_longrun
Case1009,CenterA,checkpoint_best,5,,,4090,0.2857142857142857,0.09903966635465622,myops_scar,LGE-only,0.10098153352737427,0.05715705765407555,,-0.09954781085252762,,1,0.018292659893631935,0.09442689269781113,0.6098409542743539,0.6,0,0,0.9,4024,,,,,/users/a/e/aereinh/CARE/results/20260707_srr_v3_m8_editor_grade_leaderboard_sprint/runtime/variants/m8_full_srr_context_arbitration_longrun/proposal_pr_sweep_checkpoint_best.csv,False,m8_full_srr_context_arbitration_longrun
Case1009,CenterA,checkpoint_best,4,,,0,,0.11516154557466507,myops_edema,LGE-only,0.25924983620643616,,,0.17148460447788239,,0,2.0611543583015646e-09,2.061153470123145e-09,,,0,0,0.05,0,,,,,/users/a/e/aereinh/CARE/results/20260707_srr_v3_m8_editor_grade_leaderboard_sprint/runtime/variants/m8_full_srr_context_arbitration_longrun/proposal_pr_sweep_checkpoint_best.csv,False,m8_full_srr_context_arbitration_longrun
Case1009,CenterA,checkpoint_best,4,,,0,,0.11516154557466507,myops_edema,LGE-only,0.25924983620643616,,,0.17148460447788239,,0,2.0611543583015646e-09,2.061153470123145e-09,,,0,0,0.1,0,,,,,/users/a/e/aereinh/CARE/results/20260707_srr_v3_m8_editor_grade_leaderboard_sprint/runtime/variants/m8_full_srr_context_arbitration_longrun/proposal_pr_sweep_checkpoint_best.csv,False,m8_full_srr_context_arbitration_longrun
Case1009,CenterA,checkpoint_best,4,,,0,,0.11516154557466507,myops_edema,LGE-only,0.25924983620643616,,,0.17148460447788239,,0,2.0611543583015646e-09,2.061153470123145e-09,,,0,0,0.2,0,,,,,/users/a/e/aereinh/CARE/results/20260707_srr_v3_m8_editor_grade_leaderboard_sprint/runtime/variants/m8_full_srr_context_arbitration_longrun/proposal_pr_sweep_checkpoint_best.csv,False,m8_full_srr_context_arbitration_longrun
Case1009,CenterA,checkpoint_best,4,,,0,,0.11516154557466507,myops_edema,LGE-only,0.25924983620643616,,,0.17148460447788239,,0,2.0611543583015646e-09,2.061153470123145e-09,,,0,0,0.3,0,,,,,/users/a/e/aereinh/CARE/results/20260707_srr_v3_m8_editor_grade_leaderboard_sprint/runtime/variants/m8_full_srr_context_arbitration_longrun/proposal_pr_sweep_checkpoint_best.csv,False,m8_full_srr_context_arbitration_longrun
Case1009,CenterA,checkpoint_best,4,,,0,,0.11516154557466507,myops_edema,LGE-only,0.25924983620643616,,,0.17148460447788239,,0,2.0611543583015646e-09,2.061153470123145e-09,,,0,0,0.4,0,,,,,/users/a/e/aereinh/CARE/results/20260707_srr_v3_m8_editor_grade_leaderboard_sprint/runtime/variants/m8_full_srr_context_arbitration_longrun/proposal_pr_sweep_checkpoint_best.csv,False,m8_full_srr_context_arbitration_longrun
Case1009,CenterA,checkpoint_best,4,,,0,,0.11516154557466507,myops_edema,LGE-only,0.25924983620643616,,,0.17148460447788239,,0,2.0611543583015646e-09,2.061153470123145e-09,,,0,0,0.5,0,,,,,/users/a/e/aereinh/CARE/results/20260707_srr_v3_m8_editor_grade_leaderboard_sprint/runtime/variants/m8_full_srr_context_arbitration_longrun/proposal_pr_sweep_checkpoint_best.csv,False,m8_full_srr_context_arbitration_longrun
Case1009,CenterA,checkpoint_best,4,,,0,,0.11516154557466507,myops_edema,LGE-only,0.25924983620643616,,,0.17148460447788239,,0,2.0611543583015646e-09,2.061153470123145e-09,,,0,0,0.6,0,,,,,/users/a/e/aereinh/CARE/results/20260707_srr_v3_m8_editor_grade_leaderboard_sprint/runtime/variants/m8_full_srr_context_arbitration_longrun/proposal_pr_sweep_checkpoint_best.csv,False,m8_full_srr_context_arbitration_longrun
Case1009,CenterA,checkpoint_best,4,,,0,,0.11516154557466507,myops_edema,LGE-only,0.25924983620643616,,,0.17148460447788239,,0,2.0611543583015646e-09,2.061153470123145e-09,,,0,0,0.7,0,,,,,/users/a/e/aereinh/CARE/results/20260707_srr_v3_m8_editor_grade_leaderboard_sprint/runtime/variants/m8_full_srr_context_arbitration_longrun/proposal_pr_sweep_checkpoint_best.csv,False,m8_full_srr_context_arbitration_longrun
Case1009,CenterA,checkpoint_best,4,,,0,,0.11516154557466507,myops_edema,LGE-only,0.25924983620643616,,,0.17148460447788239,,0,2.0611543583015646e-09,2.061153470123145e-09,,,0,0,0.8,0,,,,,/users/a/e/aereinh/CARE/results/20260707_srr_v3_m8_editor_grade_leaderboard_sprint/runtime/variants/m8_full_srr_context_arbitration_longrun/proposal_pr_sweep_checkpoint_best.csv,False,m8_full_srr_context_arbitration_longrun
Case1009,CenterA,checkpoint_best,4,,,0,,0.11516154557466507,myops_edema,LGE-only,0.25924983620643616,,,0.17148460447788239,,0,2.0611543583015646e-09,2.061153470123145e-09,,,0,0,0.9,0,,,,,/users/a/e/aereinh/CARE/results/20260707_srr_v3_m8_editor_grade_leaderboard_sprint/runtime/variants/m8_full_srr_context_arbitration_longrun/proposal_pr_sweep_checkpoint_best.csv,False,m8_full_srr_context_arbitration_longrun
Case1010,CenterA,checkpoint_best,5,,,2012,0.3333333333333333,0.10260576754808426,myops_scar,LGE-only,0.10326694697141647,0.814280128725676,,-0.10891473293304443,,27,0.010365139693021774,0.042176979966461615,0.05031730277602334,0.8315109343936382,24,14,0.05,33249,,,,,/users/a/e/aereinh/CARE/results/20260707_srr_v3_m8_editor_grade_leaderboard_sprint/runtime/variants/m8_full_srr_context_arbitration_longrun/proposal_pr_sweep_checkpoint_best.csv,False,m8_full_srr_context_arbitration_longrun
Case1010,CenterA,checkpoint_best,5,,,2012,0.3333333333333333,0.10260576754808426,myops_scar,LGE-only,0.10326694697141647,0.58679706601467,,-0.10891473293304443,,48,0.010365139693021774,0.042176979966461615,0.15189486552567238,0.7410536779324056,36,37,0.1,9816,,,,,/users/a/e/aereinh/CARE/results/20260707_srr_v3_m8_editor_grade_leaderboard_sprint/runtime/variants/m8_full_srr_context_arbitration_longrun/proposal_pr_sweep_checkpoint_best.csv,False,m8_full_srr_context_arbitration_longrun
Case1010,CenterA,checkpoint_best,5,,,2012,0.3333333333333333,0.10260576754808426,myops_scar,LGE-only,0.10326694697141647,0.46217418944691674,,-0.10891473293304443,,7,0.010365139693021774,0.042176979966461615,0.4132231404958678,0.6461232604373758,0,5,0.2,3146,,,,,/users/a/e/aereinh/CARE/results/20260707_srr_v3_m8_editor_grade_leaderboard_sprint/runtime/variants/m8_full_srr_context_arbitration_longrun/proposal_pr_sweep_checkpoint_best.csv,False,m8_full_srr_context_arbitration_longrun
Case1010,CenterA,checkpoint_best,5,,,2012,0.3333333333333333,0.10260576754808426,myops_scar,LGE-only,0.10326694697141647,0.45564516129032256,,-0.10891473293304443,,3,0.010365139693021774,0.042176979966461615,0.43621700879765396,0.5914512922465208,0,2,0.3,2728,,,,,/users/a/e/aereinh/CARE/results/20260707_srr_v3_m8_editor_grade_leaderboard_sprint/runtime/variants/m8_full_srr_context_arbitration_longrun/proposal_pr_sweep_checkpoint_best.csv,False,m8_full_srr_context_arbitration_longrun
Case1010,CenterA,checkpoint_best,5,,,2012,0.3333333333333333,0.10260576754808426,myops_scar,LGE-only,0.10326694697141647,0.4468257177517186,,-0.10891473293304443,,1,0.010365139693021774,0.042176979966461615,0.4532955923978973,0.5571570576540755,0,0,0.4,2473,,,,,/users/a/e/aereinh/CARE/results/20260707_srr_v3_m8_editor_grade_leaderboard_sprint/runtime/variants/m8_full_srr_context_arbitration_longrun/proposal_pr_sweep_checkpoint_best.csv,False,m8_full_srr_context_arbitration_longrun
Case1010,CenterA,checkpoint_best,5,,,2012,0.3333333333333333,0.10260576754808426,myops_scar,LGE-only,0.10326694697141647,0.42971887550200805,,-0.10891473293304443,,4,0.010365139693021774,0.042176979966461615,0.4738955823293173,0.5278330019880716,0,2,0.5,2241,,,,,/users/a/e/aereinh/CARE/results/20260707_srr_v3_m8_editor_grade_leaderboard_sprint/runtime/variants/m8_full_srr_context_arbitration_longrun/proposal_pr_sweep_checkpoint_best.csv,False,m8_full_srr_context_arbitration_longrun
Case1010,CenterA,checkpoint_best,5,,,2012,0.3333333333333333,0.10260576754808426,myops_scar,LGE-only,0.10326694697141647,0.42720763723150357,,-0.10891473293304443,,5,0.010365139693021774,0.042176979966461615,0.48257756563245824,0.5024850894632207,0,3,0.6,2095,,,,,/users/a/e/aereinh/CARE/results/20260707_srr_v3_m8_editor_grade_leaderboard_sprint/runtime/variants/m8_full_srr_context_arbitration_longrun/proposal_pr_sweep_checkpoint_best.csv,False,m8_full_srr_context_arbitration_longrun
Case1010,CenterA,checkpoint_best,5,,,2012,0.3333333333333333,0.10260576754808426,myops_scar,LGE-only,0.10326694697141647,0.42922143579373107,,-0.10891473293304443,,6,0.010365139693021774,0.042176979966461615,0.487360970677452,0.47912524850894633,0,4,0.7,1978,,,,,/users/a/e/aereinh/CARE/results/20260707_srr_v3_m8_editor_grade_leaderboard_sprint/runtime/variants/m8_full_srr_context_arbitration_longrun/proposal_pr_sweep_checkpoint_best.csv,False,m8_full_srr_context_arbitration_longrun
Case1010,CenterA,checkpoint_best,5,,,2012,0.3333333333333333,0.10260576754808426,myops_scar,LGE-only,0.10326694697141647,0.4317825405122844,,-0.10891473293304443,,6,0.010365139693021774,0.042176979966461615,0.4960794563512807,0.4716699801192843,0,4,0.8,1913,,,,,/users/a/e/aereinh/CARE/results/20260707_srr_v3_m8_editor_grade_leaderboard_sprint/runtime/variants/m8_full_srr_context_arbitration_longrun/proposal_pr_sweep_checkpoint_best.csv,False,m8_full_srr_context_arbitration_longrun
Case1010,CenterA,checkpoint_best,5,,,2012,0.3333333333333333,0.10260576754808426,myops_scar,LGE-only,0.10326694697141647,0.43223443223443225,,-0.10891473293304443,,7,0.010365139693021774,0.042176979966461615,0.4955520669806384,0.470675944333996,0,4,0.9,1911,,,,,/users/a/e/aereinh/CARE/results/20260707_srr_v3_m8_editor_grade_leaderboard_sprint/runtime/variants/m8_full_srr_context_arbitration_longrun/proposal_pr_sweep_checkpoint_best.csv,False,m8_full_srr_context_arbitration_longrun
Case1010,CenterA,checkpoint_best,4,,,0,,0.11632900685071945,myops_edema,LGE-only,0.2580800950527191,,,0.1682138890028,,0,2.061155468524589e-09,2.061153470123145e-09,,,0,0,0.05,0,,,,,/users/a/e/aereinh/CARE/results/20260707_srr_v3_m8_editor_grade_leaderboard_sprint/runtime/variants/m8_full_srr_context_arbitration_longrun/proposal_pr_sweep_checkpoint_best.csv,False,m8_full_srr_context_arbitration_longrun
Case1010,CenterA,checkpoint_best,4,,,0,,0.11632900685071945,myops_edema,LGE-only,0.2580800950527191,,,0.1682138890028,,0,2.061155468524589e-09,2.061153470123145e-09,,,0,0,0.1,0,,,,,/users/a/e/aereinh/CARE/results/20260707_srr_v3_m8_editor_grade_leaderboard_sprint/runtime/variants/m8_full_srr_context_arbitration_longrun/proposal_pr_sweep_checkpoint_best.csv,False,m8_full_srr_context_arbitration_longrun
Case1010,CenterA,checkpoint_best,4,,,0,,0.11632900685071945,myops_edema,LGE-only,0.2580800950527191,,,0.1682138890028,,0,2.061155468524589e-09,2.061153470123145e-09,,,0,0,0.2,0,,,,,/users/a/e/aereinh/CARE/results/20260707_srr_v3_m8_editor_grade_leaderboard_sprint/runtime/variants/m8_full_srr_context_arbitration_longrun/proposal_pr_sweep_checkpoint_best.csv,False,m8_full_srr_context_arbitration_longrun
Case1010,CenterA,checkpoint_best,4,,,0,,0.11632900685071945,myops_edema,LGE-only,0.2580800950527191,,,0.1682138890028,,0,2.061155468524589e-09,2.061153470123145e-09,,,0,0,0.3,0,,,,,/users/a/e/aereinh/CARE/results/20260707_srr_v3_m8_editor_grade_leaderboard_sprint/runtime/variants/m8_full_srr_context_arbitration_longrun/proposal_pr_sweep_checkpoint_best.csv,False,m8_full_srr_context_arbitration_longrun
Case1010,CenterA,checkpoint_best,4,,,0,,0.11632900685071945,myops_edema,LGE-only,0.2580800950527191,,,0.1682138890028,,0,2.061155468524589e-09,2.061153470123145e-09,,,0,0,0.4,0,,,,,/users/a/e/aereinh/CARE/results/20260707_srr_v3_m8_editor_grade_leaderboard_sprint/runtime/variants/m8_full_srr_context_arbitration_longrun/proposal_pr_sweep_checkpoint_best.csv,False,m8_full_srr_context_arbitration_longrun
Case1010,CenterA,checkpoint_best,4,,,0,,0.11632900685071945,myops_edema,LGE-only,0.2580800950527191,,,0.1682138890028,,0,2.061155468524589e-09,2.061153470123145e-09,,,0,0,0.5,0,,,,,/users/a/e/aereinh/CARE/results/20260707_srr_v3_m8_editor_grade_leaderboard_sprint/runtime/variants/m8_full_srr_context_arbitration_longrun/proposal_pr_sweep_checkpoint_best.csv,False,m8_full_srr_context_arbitration_longrun
Case1010,CenterA,checkpoint_best,4,,,0,,0.11632900685071945,myops_edema,LGE-only,0.2580800950527191,,,0.1682138890028,,0,2.061155468524589e-09,2.061153470123145e-09,,,0,0,0.6,0,,,,,/users/a/e/aereinh/CARE/results/20260707_srr_v3_m8_editor_grade_leaderboard_sprint/runtime/variants/m8_full_srr_context_arbitration_longrun/proposal_pr_sweep_checkpoint_best.csv,False,m8_full_srr_context_arbitration_longrun
Case1010,CenterA,checkpoint_best,4,,,0,,0.11632900685071945,myops_edema,LGE-only,0.2580800950527191,,,0.1682138890028,,0,2.061155468524589e-09,2.061153470123145e-09,,,0,0,0.7,0,,,,,/users/a/e/aereinh/CARE/results/20260707_srr_v3_m8_editor_grade_leaderboard_sprint/runtime/variants/m8_full_srr_context_arbitration_longrun/proposal_pr_sweep_checkpoint_best.csv,False,m8_full_srr_context_arbitration_longrun
Case1010,CenterA,checkpoint_best,4,,,0,,0.11632900685071945,myops_edema,LGE-only,0.2580800950527191,,,0.1682138890028,,0,2.061155468524589e-09,2.061153470123145e-09,,,0,0,0.8,0,,,,,/users/a/e/aereinh/CARE/results/20260707_srr_v3_m8_editor_grade_leaderboard_sprint/runtime/variants/m8_full_srr_context_arbitration_longrun/proposal_pr_sweep_checkpoint_best.csv,False,m8_full_srr_context_arbitration_longrun
Case1010,CenterA,checkpoint_best,4,,,0,,0.11632900685071945,myops_edema,LGE-only,0.2580800950527191,,,0.1682138890028,,0,2.061155468524589e-09,2.061153470123145e-09,,,0,0,0.9,0,,,,,/users/a/e/aereinh/CARE/results/20260707_srr_v3_m8_editor_grade_leaderboard_sprint/runtime/variants/m8_full_srr_context_arbitration_longrun/proposal_pr_sweep_checkpoint_best.csv,False,m8_full_srr_context_arbitration_longrun
Case1021,CenterA,checkpoint_best,5,,,1766,0.75,0.10072403401136398,myops_scar,LGE-only,0.10180851072072983,0.8201954962179501,,-0.10195203870534897,,38,0.011400226503610611,0.05779429171234366,0.03370250763995752,0.8805209513023783,31,25,0.05,46139,,,,,/users/a/e/aereinh/CARE/results/20260707_srr_v3_m8_editor_grade_leaderboard_sprint/runtime/variants/m8_full_srr_context_arbitration_longrun/proposal_pr_sweep_checkpoint_best.csv,False,m8_full_srr_context_arbitration_longrun
Case1021,CenterA,checkpoint_best,5,,,1766,0.75,0.10072403401136398,myops_scar,LGE-only,0.10180851072072983,0.6174544419134397,,-0.10195203870534897,,41,0.011400226503610611,0.05779429171234366,0.10065489749430524,0.8006795016987542,37,26,0.1,14048,,,,,/users/a/e/aereinh/CARE/results/20260707_srr_v3_m8_editor_grade_leaderboard_sprint/runtime/variants/m8_full_srr_context_arbitration_longrun/proposal_pr_sweep_checkpoint_best.csv,False,m8_full_srr_context_arbitration_longrun
Case1021,CenterA,checkpoint_best,5,,,1766,0.75,0.10072403401136398,myops_scar,LGE-only,0.10180851072072983,0.12823834196891193,,-0.10195203870534897,,18,0.011400226503610611,0.05779429171234366,0.5293609671848014,0.6942242355605889,0,14,0.2,2316,,,,,/users/a/e/aereinh/CARE/results/20260707_srr_v3_m8_editor_grade_leaderboard_sprint/runtime/variants/m8_full_srr_context_arbitration_longrun/proposal_pr_sweep_checkpoint_best.csv,False,m8_full_srr_context_arbitration_longrun
Case1021,CenterA,checkpoint_best,5,,,1766,0.5833333333333334,0.10072403401136398,myops_scar,LGE-only,0.10180851072072983,0.12187659357470679,,-0.10195203870534897,,4,0.011400226503610611,0.05779429171234366,0.5818459969403366,0.646092865232163,0,1,0.3,1961,,,,,/users/a/e/aereinh/CARE/results/20260707_srr_v3_m8_editor_grade_leaderboard_sprint/runtime/variants/m8_full_srr_context_arbitration_longrun/proposal_pr_sweep_checkpoint_best.csv,False,m8_full_srr_context_arbitration_longrun
Case1021,CenterA,checkpoint_best,5,,,1766,0.5833333333333334,0.10072403401136398,myops_scar,LGE-only,0.10180851072072983,0.12169603524229075,,-0.10195203870534897,,3,0.011400226503610611,0.05779429171234366,0.5974669603524229,0.6143827859569649,0,0,0.4,1816,,,,,/users/a/e/aereinh/CARE/results/20260707_srr_v3_m8_editor_grade_leaderboard_sprint/runtime/variants/m8_full_srr_context_arbitration_longrun/proposal_pr_sweep_checkpoint_best.csv,False,m8_full_srr_context_arbitration_longrun
Case1021,CenterA,checkpoint_best,5,,,1766,0.5833333333333334,0.10072403401136398,myops_scar,LGE-only,0.10180851072072983,0.12254610350981558,,-0.10195203870534897,,4,0.011400226503610611,0.05779429171234366,0.6067816775728733,0.5775764439411099,0,1,0.5,1681,,,,,/users/a/e/aereinh/CARE/results/20260707_srr_v3_m8_editor_grade_leaderboard_sprint/runtime/variants/m8_full_srr_context_arbitration_longrun/proposal_pr_sweep_checkpoint_best.csv,False,m8_full_srr_context_arbitration_longrun
Case1021,CenterA,checkpoint_best,5,,,1766,0.5,0.10072403401136398,myops_scar,LGE-only,0.10180851072072983,0.12027707808564232,,-0.10195203870534897,,4,0.011400226503610611,0.05779429171234366,0.6146095717884131,0.5526613816534541,0,1,0.6,1588,,,,,/users/a/e/aereinh/CARE/results/20260707_srr_v3_m8_editor_grade_leaderboard_sprint/runtime/variants/m8_full_srr_context_arbitration_longrun/proposal_pr_sweep_checkpoint_best.csv,False,m8_full_srr_context_arbitration_longrun
Case1021,CenterA,checkpoint_best,5,,,1766,0.4166666666666667,0.10072403401136398,myops_scar,LGE-only,0.10180851072072983,0.11737400530503979,,-0.10195203870534897,,4,0.011400226503610611,0.05779429171234366,0.6226790450928382,0.5317100792751982,0,1,0.7,1508,,,,,/users/a/e/aereinh/CARE/results/20260707_srr_v3_m8_editor_grade_leaderboard_sprint/runtime/variants/m8_full_srr_context_arbitration_longrun/proposal_pr_sweep_checkpoint_best.csv,False,m8_full_srr_context_arbitration_longrun
Case1021,CenterA,checkpoint_best,5,,,1766,0.4166666666666667,0.10072403401136398,myops_scar,LGE-only,0.10180851072072983,0.11562284927735719,,-0.10195203870534897,,4,0.011400226503610611,0.05779429171234366,0.6311080523055747,0.5192525481313703,0,2,0.8,1453,,,,,/users/a/e/aereinh/CARE/results/20260707_srr_v3_m8_editor_grade_leaderboard_sprint/runtime/variants/m8_full_srr_context_arbitration_longrun/proposal_pr_sweep_checkpoint_best.csv,False,m8_full_srr_context_arbitration_longrun
Case1021,CenterA,checkpoint_best,5,,,1766,0.4166666666666667,0.10072403401136398,myops_scar,LGE-only,0.10180851072072983,0.11570247933884298,,-0.10195203870534897,,4,0.011400226503610611,0.05779429171234366,0.6315426997245179,0.5192525481313703,0,2,0.9,1452,,,,,/users/a/e/aereinh/CARE/results/20260707_srr_v3_m8_editor_grade_leaderboard_sprint/runtime/variants/m8_full_srr_context_arbitration_longrun/proposal_pr_sweep_checkpoint_best.csv,False,m8_full_srr_context_arbitration_longrun
Case1021,CenterA,checkpoint_best,4,,,0,,0.11626690626144409,myops_edema,LGE-only,0.2578637897968292,,,0.16970182955265045,,0,2.061155468524589e-09,2.061153470123145e-09,,,0,0,0.05,0,,,,,/users/a/e/aereinh/CARE/results/20260707_srr_v3_m8_editor_grade_leaderboard_sprint/runtime/variants/m8_full_srr_context_arbitration_longrun/proposal_pr_sweep_checkpoint_best.csv,False,m8_full_srr_context_arbitration_longrun
Case1021,CenterA,checkpoint_best,4,,,0,,0.11626690626144409,myops_edema,LGE-only,0.2578637897968292,,,0.16970182955265045,,0,2.061155468524589e-09,2.061153470123145e-09,,,0,0,0.1,0,,,,,/users/a/e/aereinh/CARE/results/20260707_srr_v3_m8_editor_grade_leaderboard_sprint/runtime/variants/m8_full_srr_context_arbitration_longrun/proposal_pr_sweep_checkpoint_best.csv,False,m8_full_srr_context_arbitration_longrun
Case1021,CenterA,checkpoint_best,4,,,0,,0.11626690626144409,myops_edema,LGE-only,0.2578637897968292,,,0.16970182955265045,,0,2.061155468524589e-09,2.061153470123145e-09,,,0,0,0.2,0,,,,,/users/a/e/aereinh/CARE/results/20260707_srr_v3_m8_editor_grade_leaderboard_sprint/runtime/variants/m8_full_srr_context_arbitration_longrun/proposal_pr_sweep_checkpoint_best.csv,False,m8_full_srr_context_arbitration_longrun
Case1021,CenterA,checkpoint_best,4,,,0,,0.11626690626144409,myops_edema,LGE-only,0.2578637897968292,,,0.16970182955265045,,0,2.061155468524589e-09,2.061153470123145e-09,,,0,0,0.3,0,,,,,/users/a/e/aereinh/CARE/results/20260707_srr_v3_m8_editor_grade_leaderboard_sprint/runtime/variants/m8_full_srr_context_arbitration_longrun/proposal_pr_sweep_checkpoint_best.csv,False,m8_full_srr_context_arbitration_longrun
Case1021,CenterA,checkpoint_best,4,,,0,,0.11626690626144409,myops_edema,LGE-only,0.2578637897968292,,,0.16970182955265045,,0,2.061155468524589e-09,2.061153470123145e-09,,,0,0,0.4,0,,,,,/users/a/e/aereinh/CARE/results/20260707_srr_v3_m8_editor_grade_leaderboard_sprint/runtime/variants/m8_full_srr_context_arbitration_longrun/proposal_pr_sweep_checkpoint_best.csv,False,m8_full_srr_context_arbitration_longrun
Case1021,CenterA,checkpoint_best,4,,,0,,0.11626690626144409,myops_edema,LGE-only,0.2578637897968292,,,0.16970182955265045,,0,2.061155468524589e-09,2.061153470123145e-09,,,0,0,0.5,0,,,,,/users/a/e/aereinh/CARE/results/20260707_srr_v3_m8_editor_grade_leaderboard_sprint/runtime/variants/m8_full_srr_context_arbitration_longrun/proposal_pr_sweep_checkpoint_best.csv,False,m8_full_srr_context_arbitration_longrun
Case1021,CenterA,checkpoint_best,4,,,0,,0.11626690626144409,myops_edema,LGE-only,0.2578637897968292,,,0.16970182955265045,,0,2.061155468524589e-09,2.061153470123145e-09,,,0,0,0.6,0,,,,,/users/a/e/aereinh/CARE/results/20260707_srr_v3_m8_editor_grade_leaderboard_sprint/runtime/variants/m8_full_srr_context_arbitration_longrun/proposal_pr_sweep_checkpoint_best.csv,False,m8_full_srr_context_arbitration_longrun
Case1021,CenterA,checkpoint_best,4,,,0,,0.11626690626144409,myops_edema,LGE-only,0.2578637897968292,,,0.16970182955265045,,0,2.061155468524589e-09,2.061153470123145e-09,,,0,0,0.7,0,,,,,/users/a/e/aereinh/CARE/results/20260707_srr_v3_m8_editor_grade_leaderboard_sprint/runtime/variants/m8_full_srr_context_arbitration_longrun/proposal_pr_sweep_checkpoint_best.csv,False,m8_full_srr_context_arbitration_longrun
Case1021,CenterA,checkpoint_best,4,,,0,,0.11626690626144409,myops_edema,LGE-only,0.2578637897968292,,,0.16970182955265045,,0,2.061155468524589e-09,2.061153470123145e-09,,,0,0,0.8,0,,,,,/users/a/e/aereinh/CARE/results/20260707_srr_v3_m8_editor_grade_leaderboard_sprint/runtime/variants/m8_full_srr_context_arbitration_longrun/proposal_pr_sweep_checkpoint_best.csv,False,m8_full_srr_context_arbitration_longrun
Case1021,CenterA,checkpoint_best,4,,,0,,0.11626690626144409,myops_edema,LGE-only,0.2578637897968292,,,0.16970182955265045,,0,2.061155468524589e-09,2.061153470123145e-09,,,0,0,0.9,0,,,,,/users/a/e/aereinh/CARE/results/20260707_srr_v3_m8_editor_grade_leaderboard_sprint/runtime/variants/m8_full_srr_context_arbitration_longrun/proposal_pr_sweep_checkpoint_best.csv,False,m8_full_srr_context_arbitration_longrun
Case1023,CenterA,checkpoint_best,5,,,2380,1.0,0.09745452553033829,myops_scar,LGE-only,0.09963666647672653,0.8843454790823212,,-0.0919092446565628,,46,0.01843220554292202,0.10632335767149925,0.013930806036069193,0.954201680672269,44,32,0.05,163020,,,,,/users/a/e/aereinh/CARE/results/20260707_srr_v3_m8_editor_grade_leaderboard_sprint/runtime/variants/m8_full_srr_context_arbitration_longrun/proposal_pr_sweep_checkpoint_best.csv,False,m8_full_srr_context_arbitration_longrun
Case1023,CenterA,checkpoint_best,5,,,2380,1.0,0.09745452553033829,myops_scar,LGE-only,0.09963666647672653,0.8423523723486824,,-0.0919092446565628,,82,0.01843220554292202,0.10632335767149925,0.028005038616670697,0.9247899159663866,47,69,0.1,78593,,,,,/users/a/e/aereinh/CARE/results/20260707_srr_v3_m8_editor_grade_leaderboard_sprint/runtime/variants/m8_full_srr_context_arbitration_longrun/proposal_pr_sweep_checkpoint_best.csv,False,m8_full_srr_context_arbitration_longrun
Case1023,CenterA,checkpoint_best,5,,,2380,1.0,0.09745452553033829,myops_scar,LGE-only,0.09963666647672653,0.27970252131325957,,-0.0919092446565628,,76,0.01843220554292202,0.10632335767149925,0.3705786323235988,0.8584033613445378,22,67,0.2,5513,,,,,/users/a/e/aereinh/CARE/results/20260707_srr_v3_m8_editor_grade_leaderboard_sprint/runtime/variants/m8_full_srr_context_arbitration_longrun/proposal_pr_sweep_checkpoint_best.csv,False,m8_full_srr_context_arbitration_longrun
Case1023,CenterA,checkpoint_best,5,,,2380,1.0,0.09745452553033829,myops_scar,LGE-only,0.09963666647672653,0.15641711229946523,,-0.0919092446565628,,14,0.01843220554292202,0.10632335767149925,0.516042780748663,0.8109243697478992,0,12,0.3,3740,,,,,/users/a/e/aereinh/CARE/results/20260707_srr_v3_m8_editor_grade_leaderboard_sprint/runtime/variants/m8_full_srr_context_arbitration_longrun/proposal_pr_sweep_checkpoint_best.csv,False,m8_full_srr_context_arbitration_longrun
Case1023,CenterA,checkpoint_best,5,,,2380,1.0,0.09745452553033829,myops_scar,LGE-only,0.09963666647672653,0.1370227878070435,,-0.0919092446565628,,8,0.01843220554292202,0.10632335767149925,0.5513465522343889,0.7827731092436975,0,7,0.4,3379,,,,,/users/a/e/aereinh/CARE/results/20260707_srr_v3_m8_editor_grade_leaderboard_sprint/runtime/variants/m8_full_srr_context_arbitration_longrun/proposal_pr_sweep_checkpoint_best.csv,False,m8_full_srr_context_arbitration_longrun
Case1023,CenterA,checkpoint_best,5,,,2380,1.0,0.09745452553033829,myops_scar,LGE-only,0.09963666647672653,0.1224025974025974,,-0.0919092446565628,,3,0.01843220554292202,0.10632335767149925,0.5798701298701299,0.7504201680672269,0,2,0.5,3080,,,,,/users/a/e/aereinh/CARE/results/20260707_srr_v3_m8_editor_grade_leaderboard_sprint/runtime/variants/m8_full_srr_context_arbitration_longrun/proposal_pr_sweep_checkpoint_best.csv,False,m8_full_srr_context_arbitration_longrun
Case1023,CenterA,checkpoint_best,5,,,2380,1.0,0.09745452553033829,myops_scar,LGE-only,0.09963666647672653,0.11289198606271778,,-0.0919092446565628,,3,0.01843220554292202,0.10632335767149925,0.6003484320557492,0.7239495798319328,0,1,0.6,2870,,,,,/users/a/e/aereinh/CARE/results/20260707_srr_v3_m8_editor_grade_leaderboard_sprint/runtime/variants/m8_full_srr_context_arbitration_longrun/proposal_pr_sweep_checkpoint_best.csv,False,m8_full_srr_context_arbitration_longrun
Case1023,CenterA,checkpoint_best,5,,,2380,1.0,0.09745452553033829,myops_scar,LGE-only,0.09963666647672653,0.10724852071005918,,-0.0919092446565628,,4,0.01843220554292202,0.10632335767149925,0.6153846153846154,0.6991596638655462,0,2,0.7,2704,,,,,/users/a/e/aereinh/CARE/results/20260707_srr_v3_m8_editor_grade_leaderboard_sprint/runtime/variants/m8_full_srr_context_arbitration_longrun/proposal_pr_sweep_checkpoint_best.csv,False,m8_full_srr_context_arbitration_longrun
Case1023,CenterA,checkpoint_best,5,,,2380,1.0,0.09745452553033829,myops_scar,LGE-only,0.09963666647672653,0.09641873278236915,,-0.0919092446565628,,4,0.01843220554292202,0.10632335767149925,0.6273120818575364,0.6697478991596638,0,2,0.8,2541,,,,,/users/a/e/aereinh/CARE/results/20260707_srr_v3_m8_editor_grade_leaderboard_sprint/runtime/variants/m8_full_srr_context_arbitration_longrun/proposal_pr_sweep_checkpoint_best.csv,False,m8_full_srr_context_arbitration_longrun
Case1023,CenterA,checkpoint_best,5,,,2380,1.0,0.09745452553033829,myops_scar,LGE-only,0.09963666647672653,0.09185303514376997,,-0.0919092446565628,,5,0.01843220554292202,0.10632335767149925,0.630591054313099,0.6634453781512605,0,3,0.9,2504,,,,,/users/a/e/aereinh/CARE/results/20260707_srr_v3_m8_editor_grade_leaderboard_sprint/runtime/variants/m8_full_srr_context_arbitration_longrun/proposal_pr_sweep_checkpoint_best.csv,False,m8_full_srr_context_arbitration_longrun
Case1023,CenterA,checkpoint_best,4,,,0,,0.11225169897079468,myops_edema,LGE-only,0.2592912018299103,,,0.17400574684143066,,0,2.0611514717217005e-09,2.061153470123145e-09,,,0,0,0.05,0,,,,,/users/a/e/aereinh/CARE/results/20260707_srr_v3_m8_editor_grade_leaderboard_sprint/runtime/variants/m8_full_srr_context_arbitration_longrun/proposal_pr_sweep_checkpoint_best.csv,False,m8_full_srr_context_arbitration_longrun
Case1023,CenterA,checkpoint_best,4,,,0,,0.11225169897079468,myops_edema,LGE-only,0.2592912018299103,,,0.17400574684143066,,0,2.0611514717217005e-09,2.061153470123145e-09,,,0,0,0.1,0,,,,,/users/a/e/aereinh/CARE/results/20260707_srr_v3_m8_editor_grade_leaderboard_sprint/runtime/variants/m8_full_srr_context_arbitration_longrun/proposal_pr_sweep_checkpoint_best.csv,False,m8_full_srr_context_arbitration_longrun
Case1023,CenterA,checkpoint_best,4,,,0,,0.11225169897079468,myops_edema,LGE-only,0.2592912018299103,,,0.17400574684143066,,0,2.0611514717217005e-09,2.061153470123145e-09,,,0,0,0.2,0,,,,,/users/a/e/aereinh/CARE/results/20260707_srr_v3_m8_editor_grade_leaderboard_sprint/runtime/variants/m8_full_srr_context_arbitration_longrun/proposal_pr_sweep_checkpoint_best.csv,False,m8_full_srr_context_arbitration_longrun
Case1023,CenterA,checkpoint_best,4,,,0,,0.11225169897079468,myops_edema,LGE-only,0.2592912018299103,,,0.17400574684143066,,0,2.0611514717217005e-09,2.061153470123145e-09,,,0,0,0.3,0,,,,,/users/a/e/aereinh/CARE/results/20260707_srr_v3_m8_editor_grade_leaderboard_sprint/runtime/variants/m8_full_srr_context_arbitration_longrun/proposal_pr_sweep_checkpoint_best.csv,False,m8_full_srr_context_arbitration_longrun
Case1023,CenterA,checkpoint_best,4,,,0,,0.11225169897079468,myops_edema,LGE-only,0.2592912018299103,,,0.17400574684143066,,0,2.0611514717217005e-09,2.061153470123145e-09,,,0,0,0.4,0,,,,,/users/a/e/aereinh/CARE/results/20260707_srr_v3_m8_editor_grade_leaderboard_sprint/runtime/variants/m8_full_srr_context_arbitration_longrun/proposal_pr_sweep_checkpoint_best.csv,False,m8_full_srr_context_arbitration_longrun
Case1023,CenterA,checkpoint_best,4,,,0,,0.11225169897079468,myops_edema,LGE-only,0.2592912018299103,,,0.17400574684143066,,0,2.0611514717217005e-09,2.061153470123145e-09,,,0,0,0.5,0,,,,,/users/a/e/aereinh/CARE/results/20260707_srr_v3_m8_editor_grade_leaderboard_sprint/runtime/variants/m8_full_srr_context_arbitration_longrun/proposal_pr_sweep_checkpoint_best.csv,False,m8_full_srr_context_arbitration_longrun
Case1023,CenterA,checkpoint_best,4,,,0,,0.11225169897079468,myops_edema,LGE-only,0.2592912018299103,,,0.17400574684143066,,0,2.0611514717217005e-09,2.061153470123145e-09,,,0,0,0.6,0,,,,,/users/a/e/aereinh/CARE/results/20260707_srr_v3_m8_editor_grade_leaderboard_sprint/runtime/variants/m8_full_srr_context_arbitration_longrun/proposal_pr_sweep_checkpoint_best.csv,False,m8_full_srr_context_arbitration_longrun
Case1023,CenterA,checkpoint_best,4,,,0,,0.11225169897079468,myops_edema,LGE-only,0.2592912018299103,,,0.17400574684143066,,0,2.0611514717217005e-09,2.061153470123145e-09,,,0,0,0.7,0,,,,,/users/a/e/aereinh/CARE/results/20260707_srr_v3_m8_editor_grade_leaderboard_sprint/runtime/variants/m8_full_srr_context_arbitration_longrun/proposal_pr_sweep_checkpoint_best.csv,False,m8_full_srr_context_arbitration_longrun
Case1023,CenterA,checkpoint_best,4,,,0,,0.11225169897079468,myops_edema,LGE-only,0.2592912018299103,,,0.17400574684143066,,0,2.0611514717217005e-09,2.061153470123145e-09,,,0,0,0.8,0,,,,,/users/a/e/aereinh/CARE/results/20260707_srr_v3_m8_editor_grade_leaderboard_sprint/runtime/variants/m8_full_srr_context_arbitration_longrun/proposal_pr_sweep_checkpoint_best.csv,False,m8_full_srr_context_arbitration_longrun
Case1023,CenterA,checkpoint_best,4,,,0,,0.11225169897079468,myops_edema,LGE-only,0.2592912018299103,,,0.17400574684143066,,0,2.0611514717217005e-09,2.061153470123145e-09,,,0,0,0.9,0,,,,,/users/a/e/aereinh/CARE/results/20260707_srr_v3_m8_editor_grade_leaderboard_sprint/runtime/variants/m8_full_srr_context_arbitration_longrun/proposal_pr_sweep_checkpoint_best.csv,False,m8_full_srr_context_arbitration_longrun
Case1029,CenterA,checkpoint_best,5,,,585,1.0,0.09755776822566986,myops_scar,LGE-only,0.09994784742593765,0.8867063304687254,,-0.09452030807733536,,14,0.022013643756508827,0.11330685690045345,0.0036641798092359994,0.9948717948717949,12,10,0.05,158835,,,,,/users/a/e/aereinh/CARE/results/20260707_srr_v3_m8_editor_grade_leaderboard_sprint/runtime/variants/m8_full_srr_context_arbitration_longrun/proposal_pr_sweep_checkpoint_best.csv,False,m8_full_srr_context_arbitration_longrun
Case1029,CenterA,checkpoint_best,5,,,585,1.0,0.09755776822566986,myops_scar,LGE-only,0.09994784742593765,0.8209645035420692,,-0.09452030807733536,,66,0.022013643756508827,0.11330685690045345,0.007286181510525186,0.9863247863247864,62,50,0.1,79191,,,,,/users/a/e/aereinh/CARE/results/20260707_srr_v3_m8_editor_grade_leaderboard_sprint/runtime/variants/m8_full_srr_context_arbitration_longrun/proposal_pr_sweep_checkpoint_best.csv,False,m8_full_srr_context_arbitration_longrun
Case1029,CenterA,checkpoint_best,5,,,585,1.0,0.09755776822566986,myops_scar,LGE-only,0.09994784742593765,0.35517068273092367,,-0.09452030807733536,,31,0.022013643756508827,0.11330685690045345,0.04794176706827309,0.9794871794871794,26,27,0.2,11952,,,,,/users/a/e/aereinh/CARE/results/20260707_srr_v3_m8_editor_grade_leaderboard_sprint/runtime/variants/m8_full_srr_context_arbitration_longrun/proposal_pr_sweep_checkpoint_best.csv,False,m8_full_srr_context_arbitration_longrun
Case1029,CenterA,checkpoint_best,5,,,585,1.0,0.09755776822566986,myops_scar,LGE-only,0.09994784742593765,0.22748700592288165,,-0.09452030807733536,,8,0.022013643756508827,0.11330685690045345,0.0678109512873202,0.958974358974359,2,6,0.3,8273,,,,,/users/a/e/aereinh/CARE/results/20260707_srr_v3_m8_editor_grade_leaderboard_sprint/runtime/variants/m8_full_srr_context_arbitration_longrun/proposal_pr_sweep_checkpoint_best.csv,False,m8_full_srr_context_arbitration_longrun
Case1029,CenterA,checkpoint_best,5,,,585,1.0,0.09755776822566986,myops_scar,LGE-only,0.09994784742593765,0.22366992399565688,,-0.09452030807733536,,4,0.022013643756508827,0.11330685690045345,0.0745114006514658,0.9384615384615385,0,3,0.4,7368,,,,,/users/a/e/aereinh/CARE/results/20260707_srr_v3_m8_editor_grade_leaderboard_sprint/runtime/variants/m8_full_srr_context_arbitration_longrun/proposal_pr_sweep_checkpoint_best.csv,False,m8_full_srr_context_arbitration_longrun
Case1029,CenterA,checkpoint_best,5,,,585,1.0,0.09755776822566986,myops_scar,LGE-only,0.09994784742593765,0.22610128858255918,,-0.09452030807733536,,6,0.022013643756508827,0.11330685690045345,0.07881330536409949,0.8991452991452992,2,5,0.5,6674,,,,,/users/a/e/aereinh/CARE/results/20260707_srr_v3_m8_editor_grade_leaderboard_sprint/runtime/variants/m8_full_srr_context_arbitration_longrun/proposal_pr_sweep_checkpoint_best.csv,False,m8_full_srr_context_arbitration_longrun
Case1029,CenterA,checkpoint_best,5,,,585,1.0,0.09755776822566986,myops_scar,LGE-only,0.09994784742593765,0.22578512396694214,,-0.09452030807733536,,4,0.022013643756508827,0.11330685690045345,0.08330578512396694,0.8615384615384616,2,1,0.6,6050,,,,,/users/a/e/aereinh/CARE/results/20260707_srr_v3_m8_editor_grade_leaderboard_sprint/runtime/variants/m8_full_srr_context_arbitration_longrun/proposal_pr_sweep_checkpoint_best.csv,False,m8_full_srr_context_arbitration_longrun
Case1029,CenterA,checkpoint_best,5,,,585,1.0,0.09755776822566986,myops_scar,LGE-only,0.09994784742593765,0.22939262472885033,,-0.09452030807733536,,9,0.022013643756508827,0.11330685690045345,0.08767172812725958,0.8290598290598291,5,7,0.7,5532,,,,,/users/a/e/aereinh/CARE/results/20260707_srr_v3_m8_editor_grade_leaderboard_sprint/runtime/variants/m8_full_srr_context_arbitration_longrun/proposal_pr_sweep_checkpoint_best.csv,False,m8_full_srr_context_arbitration_longrun
Case1029,CenterA,checkpoint_best,5,,,585,0.75,0.09755776822566986,myops_scar,LGE-only,0.09994784742593765,0.2337406385494679,,-0.09452030807733536,,13,0.022013643756508827,0.11330685690045345,0.09164367363027197,0.7948717948717948,7,12,0.8,5074,,,,,/users/a/e/aereinh/CARE/results/20260707_srr_v3_m8_editor_grade_leaderboard_sprint/runtime/variants/m8_full_srr_context_arbitration_longrun/proposal_pr_sweep_checkpoint_best.csv,False,m8_full_srr_context_arbitration_longrun
Case1029,CenterA,checkpoint_best,5,,,585,0.75,0.09755776822566986,myops_scar,LGE-only,0.09994784742593765,0.23320478993302213,,-0.09452030807733536,,12,0.022013643756508827,0.11330685690045345,0.09194235843312361,0.7743589743589744,4,11,0.9,4927,,,,,/users/a/e/aereinh/CARE/results/20260707_srr_v3_m8_editor_grade_leaderboard_sprint/runtime/variants/m8_full_srr_context_arbitration_longrun/proposal_pr_sweep_checkpoint_best.csv,False,m8_full_srr_context_arbitration_longrun
Case1029,CenterA,checkpoint_best,4,,,0,,0.11297627538442612,myops_edema,LGE-only,0.26178380846977234,,,0.17385409772396088,,0,2.0611523599001202e-09,2.061153470123145e-09,,,0,0,0.05,0,,,,,/users/a/e/aereinh/CARE/results/20260707_srr_v3_m8_editor_grade_leaderboard_sprint/runtime/variants/m8_full_srr_context_arbitration_longrun/proposal_pr_sweep_checkpoint_best.csv,False,m8_full_srr_context_arbitration_longrun
Case1029,CenterA,checkpoint_best,4,,,0,,0.11297627538442612,myops_edema,LGE-only,0.26178380846977234,,,0.17385409772396088,,0,2.0611523599001202e-09,2.061153470123145e-09,,,0,0,0.1,0,,,,,/users/a/e/aereinh/CARE/results/20260707_srr_v3_m8_editor_grade_leaderboard_sprint/runtime/variants/m8_full_srr_context_arbitration_longrun/proposal_pr_sweep_checkpoint_best.csv,False,m8_full_srr_context_arbitration_longrun
Case1029,CenterA,checkpoint_best,4,,,0,,0.11297627538442612,myops_edema,LGE-only,0.26178380846977234,,,0.17385409772396088,,0,2.0611523599001202e-09,2.061153470123145e-09,,,0,0,0.2,0,,,,,/users/a/e/aereinh/CARE/results/20260707_srr_v3_m8_editor_grade_leaderboard_sprint/runtime/variants/m8_full_srr_context_arbitration_longrun/proposal_pr_sweep_checkpoint_best.csv,False,m8_full_srr_context_arbitration_longrun
Case1029,CenterA,checkpoint_best,4,,,0,,0.11297627538442612,myops_edema,LGE-only,0.26178380846977234,,,0.17385409772396088,,0,2.0611523599001202e-09,2.061153470123145e-09,,,0,0,0.3,0,,,,,/users/a/e/aereinh/CARE/results/20260707_srr_v3_m8_editor_grade_leaderboard_sprint/runtime/variants/m8_full_srr_context_arbitration_longrun/proposal_pr_sweep_checkpoint_best.csv,False,m8_full_srr_context_arbitration_longrun
Case1029,CenterA,checkpoint_best,4,,,0,,0.11297627538442612,myops_edema,LGE-only,0.26178380846977234,,,0.17385409772396088,,0,2.0611523599001202e-09,2.061153470123145e-09,,,0,0,0.4,0,,,,,/users/a/e/aereinh/CARE/results/20260707_srr_v3_m8_editor_grade_leaderboard_sprint/runtime/variants/m8_full_srr_context_arbitration_longrun/proposal_pr_sweep_checkpoint_best.csv,False,m8_full_srr_context_arbitration_longrun
Case1029,CenterA,checkpoint_best,4,,,0,,0.11297627538442612,myops_edema,LGE-only,0.26178380846977234,,,0.17385409772396088,,0,2.0611523599001202e-09,2.061153470123145e-09,,,0,0,0.5,0,,,,,/users/a/e/aereinh/CARE/results/20260707_srr_v3_m8_editor_grade_leaderboard_sprint/runtime/variants/m8_full_srr_context_arbitration_longrun/proposal_pr_sweep_checkpoint_best.csv,False,m8_full_srr_context_arbitration_longrun
Case1029,CenterA,checkpoint_best,4,,,0,,0.11297627538442612,myops_edema,LGE-only,0.26178380846977234,,,0.17385409772396088,,0,2.0611523599001202e-09,2.061153470123145e-09,,,0,0,0.6,0,,,,,/users/a/e/aereinh/CARE/results/20260707_srr_v3_m8_editor_grade_leaderboard_sprint/runtime/variants/m8_full_srr_context_arbitration_longrun/proposal_pr_sweep_checkpoint_best.csv,False,m8_full_srr_context_arbitration_longrun
Case1029,CenterA,checkpoint_best,4,,,0,,0.11297627538442612,myops_edema,LGE-only,0.26178380846977234,,,0.17385409772396088,,0,2.0611523599001202e-09,2.061153470123145e-09,,,0,0,0.7,0,,,,,/users/a/e/aereinh/CARE/results/20260707_srr_v3_m8_editor_grade_leaderboard_sprint/runtime/variants/m8_full_srr_context_arbitration_longrun/proposal_pr_sweep_checkpoint_best.csv,False,m8_full_srr_context_arbitration_longrun
Case1029,CenterA,checkpoint_best,4,,,0,,0.11297627538442612,myops_edema,LGE-only,0.26178380846977234,,,0.17385409772396088,,0,2.0611523599001202e-09,2.061153470123145e-09,,,0,0,0.8,0,,,,,/users/a/e/aereinh/CARE/results/20260707_srr_v3_m8_editor_grade_leaderboard_sprint/runtime/variants/m8_full_srr_context_arbitration_longrun/proposal_pr_sweep_checkpoint_best.csv,False,m8_full_srr_context_arbitration_longrun
Case1029,CenterA,checkpoint_best,4,,,0,,0.11297627538442612,myops_edema,LGE-only,0.26178380846977234,,,0.17385409772396088,,0,2.0611523599001202e-09,2.061153470123145e-09,,,0,0,0.9,0,,,,,/users/a/e/aereinh/CARE/results/20260707_srr_v3_m8_editor_grade_leaderboard_sprint/runtime/variants/m8_full_srr_context_arbitration_longrun/proposal_pr_sweep_checkpoint_best.csv,False,m8_full_srr_context_arbitration_longrun
Case1033,CenterA,checkpoint_best,5,,,4081,0.16666666666666666,0.10527845472097397,myops_scar,LGE-only,0.1059519499540329,0.7462221156152554,,-0.12159447371959686,,33,0.010519593022763729,0.03191522043198348,0.08170697136876076,0.9181573143837295,27,29,0.05,45859,,,,,/users/a/e/aereinh/CARE/results/20260707_srr_v3_m8_editor_grade_leaderboard_sprint/runtime/variants/m8_full_srr_context_arbitration_longrun/proposal_pr_sweep_checkpoint_best.csv,False,m8_full_srr_context_arbitration_longrun
Case1033,CenterA,checkpoint_best,5,,,4081,0.16666666666666666,0.10527845472097397,myops_scar,LGE-only,0.1059519499540329,0.4757775683317625,,-0.12159447371959686,,52,0.010519593022763729,0.03191522043198348,0.22946905435124096,0.894878706199461,40,42,0.1,15915,,,,,/users/a/e/aereinh/CARE/results/20260707_srr_v3_m8_editor_grade_leaderboard_sprint/runtime/variants/m8_full_srr_context_arbitration_longrun/proposal_pr_sweep_checkpoint_best.csv,False,m8_full_srr_context_arbitration_longrun
Case1033,CenterA,checkpoint_best,5,,,4081,0.16666666666666666,0.10527845472097397,myops_scar,LGE-only,0.1059519499540329,0.18784382128002147,,-0.12159447371959686,,19,0.010519593022763729,0.03191522043198348,0.47376895209982556,0.8652291105121294,9,18,0.2,7453,,,,,/users/a/e/aereinh/CARE/results/20260707_srr_v3_m8_editor_grade_leaderboard_sprint/runtime/variants/m8_full_srr_context_arbitration_longrun/proposal_pr_sweep_checkpoint_best.csv,False,m8_full_srr_context_arbitration_longrun
Case1033,CenterA,checkpoint_best,5,,,4081,0.16666666666666666,0.10527845472097397,myops_scar,LGE-only,0.1059519499540329,0.16328630217519105,,-0.12159447371959686,,5,0.010519593022763729,0.03191522043198348,0.5092592592592593,0.8490566037735849,0,4,0.3,6804,,,,,/users/a/e/aereinh/CARE/results/20260707_srr_v3_m8_editor_grade_leaderboard_sprint/runtime/variants/m8_full_srr_context_arbitration_longrun/proposal_pr_sweep_checkpoint_best.csv,False,m8_full_srr_context_arbitration_longrun
Case1033,CenterA,checkpoint_best,5,,,4081,0.16666666666666666,0.10527845472097397,myops_scar,LGE-only,0.1059519499540329,0.15248721524872152,,-0.12159447371959686,,10,0.010519593022763729,0.03191522043198348,0.5287463195412986,0.836069590786572,0,8,0.4,6453,,,,,/users/a/e/aereinh/CARE/results/20260707_srr_v3_m8_editor_grade_leaderboard_sprint/runtime/variants/m8_full_srr_context_arbitration_longrun/proposal_pr_sweep_checkpoint_best.csv,False,m8_full_srr_context_arbitration_longrun
Case1033,CenterA,checkpoint_best,5,,,4081,0.16666666666666666,0.10527845472097397,myops_scar,LGE-only,0.1059519499540329,0.14409917887618742,,-0.12159447371959686,,9,0.010519593022763729,0.03191522043198348,0.5445177910159394,0.8287184513599608,0,8,0.5,6211,,,,,/users/a/e/aereinh/CARE/results/20260707_srr_v3_m8_editor_grade_leaderboard_sprint/runtime/variants/m8_full_srr_context_arbitration_longrun/proposal_pr_sweep_checkpoint_best.csv,False,m8_full_srr_context_arbitration_longrun
Case1033,CenterA,checkpoint_best,5,,,4081,0.16666666666666666,0.10527845472097397,myops_scar,LGE-only,0.1059519499540329,0.1380794701986755,,-0.12159447371959686,,8,0.010519593022763729,0.03191522043198348,0.5567880794701987,0.8240627297231071,0,7,0.6,6040,,,,,/users/a/e/aereinh/CARE/results/20260707_srr_v3_m8_editor_grade_leaderboard_sprint/runtime/variants/m8_full_srr_context_arbitration_longrun/proposal_pr_sweep_checkpoint_best.csv,False,m8_full_srr_context_arbitration_longrun
Case1033,CenterA,checkpoint_best,5,,,4081,0.16666666666666666,0.10527845472097397,myops_scar,LGE-only,0.1059519499540329,0.1325545962417471,,-0.12159447371959686,,7,0.010519593022763729,0.03191522043198348,0.5661080074487895,0.8194070080862533,0,6,0.7,5907,,,,,/users/a/e/aereinh/CARE/results/20260707_srr_v3_m8_editor_grade_leaderboard_sprint/runtime/variants/m8_full_srr_context_arbitration_longrun/proposal_pr_sweep_checkpoint_best.csv,False,m8_full_srr_context_arbitration_longrun
Case1033,CenterA,checkpoint_best,5,,,4081,0.16666666666666666,0.10527845472097397,myops_scar,LGE-only,0.1059519499540329,0.129252863737391,,-0.12159447371959686,,6,0.010519593022763729,0.03191522043198348,0.5696700290647974,0.8164665523156089,0,5,0.8,5849,,,,,/users/a/e/aereinh/CARE/results/20260707_srr_v3_m8_editor_grade_leaderboard_sprint/runtime/variants/m8_full_srr_context_arbitration_longrun/proposal_pr_sweep_checkpoint_best.csv,False,m8_full_srr_context_arbitration_longrun
Case1033,CenterA,checkpoint_best,5,,,4081,0.16666666666666666,0.10527845472097397,myops_scar,LGE-only,0.1059519499540329,0.12784286698828395,,-0.12159447371959686,,6,0.010519593022763729,0.03191522043198348,0.5699517574086836,0.81058564077432,0,5,0.9,5804,,,,,/users/a/e/aereinh/CARE/results/20260707_srr_v3_m8_editor_grade_leaderboard_sprint/runtime/variants/m8_full_srr_context_arbitration_longrun/proposal_pr_sweep_checkpoint_best.csv,False,m8_full_srr_context_arbitration_longrun
Case1033,CenterA,checkpoint_best,4,,,0,,0.12205153703689575,myops_edema,LGE-only,0.2505360245704651,,,0.15551309287548065,,0,2.0611519158109104e-09,2.061153470123145e-09,,,0,0,0.05,0,,,,,/users/a/e/aereinh/CARE/results/20260707_srr_v3_m8_editor_grade_leaderboard_sprint/runtime/variants/m8_full_srr_context_arbitration_longrun/proposal_pr_sweep_checkpoint_best.csv,False,m8_full_srr_context_arbitration_longrun
Case1033,CenterA,checkpoint_best,4,,,0,,0.12205153703689575,myops_edema,LGE-only,0.2505360245704651,,,0.15551309287548065,,0,2.0611519158109104e-09,2.061153470123145e-09,,,0,0,0.1,0,,,,,/users/a/e/aereinh/CARE/results/20260707_srr_v3_m8_editor_grade_leaderboard_sprint/runtime/variants/m8_full_srr_context_arbitration_longrun/proposal_pr_sweep_checkpoint_best.csv,False,m8_full_srr_context_arbitration_longrun
Case1033,CenterA,checkpoint_best,4,,,0,,0.12205153703689575,myops_edema,LGE-only,0.2505360245704651,,,0.15551309287548065,,0,2.0611519158109104e-09,2.061153470123145e-09,,,0,0,0.2,0,,,,,/users/a/e/aereinh/CARE/results/20260707_srr_v3_m8_editor_grade_leaderboard_sprint/runtime/variants/m8_full_srr_context_arbitration_longrun/proposal_pr_sweep_checkpoint_best.csv,False,m8_full_srr_context_arbitration_longrun
Case1033,CenterA,checkpoint_best,4,,,0,,0.12205153703689575,myops_edema,LGE-only,0.2505360245704651,,,0.15551309287548065,,0,2.0611519158109104e-09,2.061153470123145e-09,,,0,0,0.3,0,,,,,/users/a/e/aereinh/CARE/results/20260707_srr_v3_m8_editor_grade_leaderboard_sprint/runtime/variants/m8_full_srr_context_arbitration_longrun/proposal_pr_sweep_checkpoint_best.csv,False,m8_full_srr_context_arbitration_longrun
Case1033,CenterA,checkpoint_best,4,,,0,,0.12205153703689575,myops_edema,LGE-only,0.2505360245704651,,,0.15551309287548065,,0,2.0611519158109104e-09,2.061153470123145e-09,,,0,0,0.4,0,,,,,/users/a/e/aereinh/CARE/results/20260707_srr_v3_m8_editor_grade_leaderboard_sprint/runtime/variants/m8_full_srr_context_arbitration_longrun/proposal_pr_sweep_checkpoint_best.csv,False,m8_full_srr_context_arbitration_longrun
Case1033,CenterA,checkpoint_best,4,,,0,,0.12205153703689575,myops_edema,LGE-only,0.2505360245704651,,,0.15551309287548065,,0,2.0611519158109104e-09,2.061153470123145e-09,,,0,0,0.5,0,,,,,/users/a/e/aereinh/CARE/results/20260707_srr_v3_m8_editor_grade_leaderboard_sprint/runtime/variants/m8_full_srr_context_arbitration_longrun/proposal_pr_sweep_checkpoint_best.csv,False,m8_full_srr_context_arbitration_longrun
Case1033,CenterA,checkpoint_best,4,,,0,,0.12205153703689575,myops_edema,LGE-only,0.2505360245704651,,,0.15551309287548065,,0,2.0611519158109104e-09,2.061153470123145e-09,,,0,0,0.6,0,,,,,/users/a/e/aereinh/CARE/results/20260707_srr_v3_m8_editor_grade_leaderboard_sprint/runtime/variants/m8_full_srr_context_arbitration_longrun/proposal_pr_sweep_checkpoint_best.csv,False,m8_full_srr_context_arbitration_longrun
Case1033,CenterA,checkpoint_best,4,,,0,,0.12205153703689575,myops_edema,LGE-only,0.2505360245704651,,,0.15551309287548065,,0,2.0611519158109104e-09,2.061153470123145e-09,,,0,0,0.7,0,,,,,/users/a/e/aereinh/CARE/results/20260707_srr_v3_m8_editor_grade_leaderboard_sprint/runtime/variants/m8_full_srr_context_arbitration_longrun/proposal_pr_sweep_checkpoint_best.csv,False,m8_full_srr_context_arbitration_longrun
Case1033,CenterA,checkpoint_best,4,,,0,,0.12205153703689575,myops_edema,LGE-only,0.2505360245704651,,,0.15551309287548065,,0,2.0611519158109104e-09,2.061153470123145e-09,,,0,0,0.8,0,,,,,/users/a/e/aereinh/CARE/results/20260707_srr_v3_m8_editor_grade_leaderboard_sprint/runtime/variants/m8_full_srr_context_arbitration_longrun/proposal_pr_sweep_checkpoint_best.csv,False,m8_full_srr_context_arbitration_longrun
Case1033,CenterA,checkpoint_best,4,,,0,,0.12205153703689575,myops_edema,LGE-only,0.2505360245704651,,,0.15551309287548065,,0,2.0611519158109104e-09,2.061153470123145e-09,,,0,0,0.9,0,,,,,/users/a/e/aereinh/CARE/results/20260707_srr_v3_m8_editor_grade_leaderboard_sprint/runtime/variants/m8_full_srr_context_arbitration_longrun/proposal_pr_sweep_checkpoint_best.csv,False,m8_full_srr_context_arbitration_longrun
Case1040,CenterA,checkpoint_best,5,,,2164,0.75,0.09918072074651718,myops_scar,LGE-only,0.10059250146150589,0.8702914523634583,,-0.09693963080644608,,33,0.015625925734639168,0.07464744262397285,0.028981957710833537,0.8202402957486137,26,21,0.05,61245,,,,,/users/a/e/aereinh/CARE/results/20260707_srr_v3_m8_editor_grade_leaderboard_sprint/runtime/variants/m8_full_srr_context_arbitration_longrun/proposal_pr_sweep_checkpoint_best.csv,False,m8_full_srr_context_arbitration_longrun
Case1040,CenterA,checkpoint_best,5,,,2164,0.75,0.09918072074651718,myops_scar,LGE-only,0.10059250146150589,0.7382950530035336,,-0.09693963080644608,,47,0.015625925734639168,0.07464744262397285,0.07124558303886926,0.7453789279112755,42,35,0.1,22640,,,,,/users/a/e/aereinh/CARE/results/20260707_srr_v3_m8_editor_grade_leaderboard_sprint/runtime/variants/m8_full_srr_context_arbitration_longrun/proposal_pr_sweep_checkpoint_best.csv,False,m8_full_srr_context_arbitration_longrun
Case1040,CenterA,checkpoint_best,5,,,2164,0.75,0.09918072074651718,myops_scar,LGE-only,0.10059250146150589,0.4061144391654617,,-0.09693963080644608,,23,0.015625925734639168,0.07464744262397285,0.29477380706465606,0.6594269870609981,0,22,0.2,4841,,,,,/users/a/e/aereinh/CARE/results/20260707_srr_v3_m8_editor_grade_leaderboard_sprint/runtime/variants/m8_full_srr_context_arbitration_longrun/proposal_pr_sweep_checkpoint_best.csv,False,m8_full_srr_context_arbitration_longrun
Case1040,CenterA,checkpoint_best,5,,,2164,0.75,0.09918072074651718,myops_scar,LGE-only,0.10059250146150589,0.40162721893491127,,-0.09693963080644608,,8,0.015625925734639168,0.07464744262397285,0.32889546351084814,0.6164510166358595,0,7,0.3,4056,,,,,/users/a/e/aereinh/CARE/results/20260707_srr_v3_m8_editor_grade_leaderboard_sprint/runtime/variants/m8_full_srr_context_arbitration_longrun/proposal_pr_sweep_checkpoint_best.csv,False,m8_full_srr_context_arbitration_longrun
Case1040,CenterA,checkpoint_best,5,,,2164,0.75,0.09918072074651718,myops_scar,LGE-only,0.10059250146150589,0.3982181425485961,,-0.09693963080644608,,2,0.015625925734639168,0.07464744262397285,0.34152267818574517,0.5845656192236599,0,1,0.4,3704,,,,,/users/a/e/aereinh/CARE/results/20260707_srr_v3_m8_editor_grade_leaderboard_sprint/runtime/variants/m8_full_srr_context_arbitration_longrun/proposal_pr_sweep_checkpoint_best.csv,False,m8_full_srr_context_arbitration_longrun
Case1040,CenterA,checkpoint_best,5,,,2164,0.75,0.09918072074651718,myops_scar,LGE-only,0.10059250146150589,0.39622641509433965,,-0.09693963080644608,,3,0.015625925734639168,0.07464744262397285,0.35442670537010157,0.5642329020332717,0,2,0.5,3445,,,,,/users/a/e/aereinh/CARE/results/20260707_srr_v3_m8_editor_grade_leaderboard_sprint/runtime/variants/m8_full_srr_context_arbitration_longrun/proposal_pr_sweep_checkpoint_best.csv,False,m8_full_srr_context_arbitration_longrun
Case1040,CenterA,checkpoint_best,5,,,2164,0.75,0.09918072074651718,myops_scar,LGE-only,0.10059250146150589,0.39819987585350713,,-0.09693963080644608,,7,0.015625925734639168,0.07464744262397285,0.36281812538795777,0.5402033271719039,0,3,0.6,3222,,,,,/users/a/e/aereinh/CARE/results/20260707_srr_v3_m8_editor_grade_leaderboard_sprint/runtime/variants/m8_full_srr_context_arbitration_longrun/proposal_pr_sweep_checkpoint_best.csv,False,m8_full_srr_context_arbitration_longrun
Case1040,CenterA,checkpoint_best,5,,,2164,0.75,0.09918072074651718,myops_scar,LGE-only,0.10059250146150589,0.40039447731755423,,-0.09693963080644608,,6,0.015625925734639168,0.07464744262397285,0.3685075608152531,0.5180221811460258,0,3,0.7,3042,,,,,/users/a/e/aereinh/CARE/results/20260707_srr_v3_m8_editor_grade_leaderboard_sprint/runtime/variants/m8_full_srr_context_arbitration_longrun/proposal_pr_sweep_checkpoint_best.csv,False,m8_full_srr_context_arbitration_longrun
Case1040,CenterA,checkpoint_best,5,,,2164,0.75,0.09918072074651718,myops_scar,LGE-only,0.10059250146150589,0.4024640657084189,,-0.09693963080644608,,7,0.015625925734639168,0.07464744262397285,0.3726899383983573,0.5032347504621072,0,3,0.8,2922,,,,,/users/a/e/aereinh/CARE/results/20260707_srr_v3_m8_editor_grade_leaderboard_sprint/runtime/variants/m8_full_srr_context_arbitration_longrun/proposal_pr_sweep_checkpoint_best.csv,False,m8_full_srr_context_arbitration_longrun
Case1040,CenterA,checkpoint_best,5,,,2164,0.75,0.09918072074651718,myops_scar,LGE-only,0.10059250146150589,0.4040647605924905,,-0.09693963080644608,,6,0.015625925734639168,0.07464744262397285,0.3727178780571822,0.5,0,2,0.9,2903,,,,,/users/a/e/aereinh/CARE/results/20260707_srr_v3_m8_editor_grade_leaderboard_sprint/runtime/variants/m8_full_srr_context_arbitration_longrun/proposal_pr_sweep_checkpoint_best.csv,False,m8_full_srr_context_arbitration_longrun
Case1040,CenterA,checkpoint_best,4,,,0,,0.11536488682031631,myops_edema,LGE-only,0.25570690631866455,,,0.1713014394044876,,0,2.061155468524589e-09,2.061153470123145e-09,,,0,0,0.05,0,,,,,/users/a/e/aereinh/CARE/results/20260707_srr_v3_m8_editor_grade_leaderboard_sprint/runtime/variants/m8_full_srr_context_arbitration_longrun/proposal_pr_sweep_checkpoint_best.csv,False,m8_full_srr_context_arbitration_longrun
Case1040,CenterA,checkpoint_best,4,,,0,,0.11536488682031631,myops_edema,LGE-only,0.25570690631866455,,,0.1713014394044876,,0,2.061155468524589e-09,2.061153470123145e-09,,,0,0,0.1,0,,,,,/users/a/e/aereinh/CARE/results/20260707_srr_v3_m8_editor_grade_leaderboard_sprint/runtime/variants/m8_full_srr_context_arbitration_longrun/proposal_pr_sweep_checkpoint_best.csv,False,m8_full_srr_context_arbitration_longrun
Case1040,CenterA,checkpoint_best,4,,,0,,0.11536488682031631,myops_edema,LGE-only,0.25570690631866455,,,0.1713014394044876,,0,2.061155468524589e-09,2.061153470123145e-09,,,0,0,0.2,0,,,,,/users/a/e/aereinh/CARE/results/20260707_srr_v3_m8_editor_grade_leaderboard_sprint/runtime/variants/m8_full_srr_context_arbitration_longrun/proposal_pr_sweep_checkpoint_best.csv,False,m8_full_srr_context_arbitration_longrun
Case1040,CenterA,checkpoint_best,4,,,0,,0.11536488682031631,myops_edema,LGE-only,0.25570690631866455,,,0.1713014394044876,,0,2.061155468524589e-09,2.061153470123145e-09,,,0,0,0.3,0,,,,,/users/a/e/aereinh/CARE/results/20260707_srr_v3_m8_editor_grade_leaderboard_sprint/runtime/variants/m8_full_srr_context_arbitration_longrun/proposal_pr_sweep_checkpoint_best.csv,False,m8_full_srr_context_arbitration_longrun
Case1040,CenterA,checkpoint_best,4,,,0,,0.11536488682031631,myops_edema,LGE-only,0.25570690631866455,,,0.1713014394044876,,0,2.061155468524589e-09,2.061153470123145e-09,,,0,0,0.4,0,,,,,/users/a/e/aereinh/CARE/results/20260707_srr_v3_m8_editor_grade_leaderboard_sprint/runtime/variants/m8_full_srr_context_arbitration_longrun/proposal_pr_sweep_checkpoint_best.csv,False,m8_full_srr_context_arbitration_longrun
Case1040,CenterA,checkpoint_best,4,,,0,,0.11536488682031631,myops_edema,LGE-only,0.25570690631866455,,,0.1713014394044876,,0,2.061155468524589e-09,2.061153470123145e-09,,,0,0,0.5,0,,,,,/users/a/e/aereinh/CARE/results/20260707_srr_v3_m8_editor_grade_leaderboard_sprint/runtime/variants/m8_full_srr_context_arbitration_longrun/proposal_pr_sweep_checkpoint_best.csv,False,m8_full_srr_context_arbitration_longrun
Case1040,CenterA,checkpoint_best,4,,,0,,0.11536488682031631,myops_edema,LGE-only,0.25570690631866455,,,0.1713014394044876,,0,2.061155468524589e-09,2.061153470123145e-09,,,0,0,0.6,0,,,,,/users/a/e/aereinh/CARE/results/20260707_srr_v3_m8_editor_grade_leaderboard_sprint/runtime/variants/m8_full_srr_context_arbitration_longrun/proposal_pr_sweep_checkpoint_best.csv,False,m8_full_srr_context_arbitration_longrun
Case1040,CenterA,checkpoint_best,4,,,0,,0.11536488682031631,myops_edema,LGE-only,0.25570690631866455,,,0.1713014394044876,,0,2.061155468524589e-09,2.061153470123145e-09,,,0,0,0.7,0,,,,,/users/a/e/aereinh/CARE/results/20260707_srr_v3_m8_editor_grade_leaderboard_sprint/runtime/variants/m8_full_srr_context_arbitration_longrun/proposal_pr_sweep_checkpoint_best.csv,False,m8_full_srr_context_arbitration_longrun
Case1040,CenterA,checkpoint_best,4,,,0,,0.11536488682031631,myops_edema,LGE-only,0.25570690631866455,,,0.1713014394044876,,0,2.061155468524589e-09,2.061153470123145e-09,,,0,0,0.8,0,,,,,/users/a/e/aereinh/CARE/results/20260707_srr_v3_m8_editor_grade_leaderboard_sprint/runtime/variants/m8_full_srr_context_arbitration_longrun/proposal_pr_sweep_checkpoint_best.csv,False,m8_full_srr_context_arbitration_longrun
Case1040,CenterA,checkpoint_best,4,,,0,,0.11536488682031631,myops_edema,LGE-only,0.25570690631866455,,,0.1713014394044876,,0,2.061155468524589e-09,2.061153470123145e-09,,,0,0,0.9,0,,,,,/users/a/e/aereinh/CARE/results/20260707_srr_v3_m8_editor_grade_leaderboard_sprint/runtime/variants/m8_full_srr_context_arbitration_longrun/proposal_pr_sweep_checkpoint_best.csv,False,m8_full_srr_context_arbitration_longrun
Case1042,CenterA,checkpoint_best,5,,,906,1.0,0.09958212077617645,myops_scar,LGE-only,0.10170473903417587,0.8578994703707404,,-0.09503976255655289,,12,0.013471112586557865,0.07301645278930662,0.022384330968322173,0.9889624724061811,6,9,0.05,40028,,,,,/users/a/e/aereinh/CARE/results/20260707_srr_v3_m8_editor_grade_leaderboard_sprint/runtime/variants/m8_full_srr_context_arbitration_longrun/proposal_pr_sweep_checkpoint_best.csv,False,m8_full_srr_context_arbitration_longrun
Case1042,CenterA,checkpoint_best,5,,,906,1.0,0.09958212077617645,myops_scar,LGE-only,0.10170473903417587,0.6611884958412667,,-0.09503976255655289,,35,0.013471112586557865,0.07301645278930662,0.08738350536125865,0.9624724061810155,24,24,0.1,9979,,,,,/users/a/e/aereinh/CARE/results/20260707_srr_v3_m8_editor_grade_leaderboard_sprint/runtime/variants/m8_full_srr_context_arbitration_longrun/proposal_pr_sweep_checkpoint_best.csv,False,m8_full_srr_context_arbitration_longrun
Case1042,CenterA,checkpoint_best,5,,,906,1.0,0.09958212077617645,myops_scar,LGE-only,0.10170473903417587,0.1965065502183406,,-0.09503976255655289,,8,0.013471112586557865,0.07301645278930662,0.5938864628820961,0.9006622516556292,0,6,0.2,1374,,,,,/users/a/e/aereinh/CARE/results/20260707_srr_v3_m8_editor_grade_leaderboard_sprint/runtime/variants/m8_full_srr_context_arbitration_longrun/proposal_pr_sweep_checkpoint_best.csv,False,m8_full_srr_context_arbitration_longrun
Case1042,CenterA,checkpoint_best,5,,,906,1.0,0.09958212077617645,myops_scar,LGE-only,0.10170473903417587,0.17019543973941367,,-0.09503976255655289,,1,0.013471112586557865,0.07301645278930662,0.6425081433224755,0.8708609271523179,0,0,0.3,1228,,,,,/users/a/e/aereinh/CARE/results/20260707_srr_v3_m8_editor_grade_leaderboard_sprint/runtime/variants/m8_full_srr_context_arbitration_longrun/proposal_pr_sweep_checkpoint_best.csv,False,m8_full_srr_context_arbitration_longrun
Case1042,CenterA,checkpoint_best,5,,,906,1.0,0.09958212077617645,myops_scar,LGE-only,0.10170473903417587,0.15729349736379614,,-0.09503976255655289,,2,0.013471112586557865,0.07301645278930662,0.6731107205623902,0.8454746136865342,0,0,0.4,1138,,,,,/users/a/e/aereinh/CARE/results/20260707_srr_v3_m8_editor_grade_leaderboard_sprint/runtime/variants/m8_full_srr_context_arbitration_longrun/proposal_pr_sweep_checkpoint_best.csv,False,m8_full_srr_context_arbitration_longrun
Case1042,CenterA,checkpoint_best,5,,,906,1.0,0.09958212077617645,myops_scar,LGE-only,0.10170473903417587,0.1482889733840304,,-0.09503976255655289,,2,0.013471112586557865,0.07301645278930662,0.7015209125475285,0.8145695364238411,0,0,0.5,1052,,,,,/users/a/e/aereinh/CARE/results/20260707_srr_v3_m8_editor_grade_leaderboard_sprint/runtime/variants/m8_full_srr_context_arbitration_longrun/proposal_pr_sweep_checkpoint_best.csv,False,m8_full_srr_context_arbitration_longrun
Case1042,CenterA,checkpoint_best,5,,,906,1.0,0.09958212077617645,myops_scar,LGE-only,0.10170473903417587,0.137,,-0.09503976255655289,,3,0.013471112586557865,0.07301645278930662,0.725,0.8002207505518764,0,1,0.6,1000,,,,,/users/a/e/aereinh/CARE/results/20260707_srr_v3_m8_editor_grade_leaderboard_sprint/runtime/variants/m8_full_srr_context_arbitration_longrun/proposal_pr_sweep_checkpoint_best.csv,False,m8_full_srr_context_arbitration_longrun
Case1042,CenterA,checkpoint_best,5,,,906,1.0,0.09958212077617645,myops_scar,LGE-only,0.10170473903417587,0.12708333333333333,,-0.09503976255655289,,3,0.013471112586557865,0.07301645278930662,0.7385416666666667,0.782560706401766,0,1,0.7,960,,,,,/users/a/e/aereinh/CARE/results/20260707_srr_v3_m8_editor_grade_leaderboard_sprint/runtime/variants/m8_full_srr_context_arbitration_longrun/proposal_pr_sweep_checkpoint_best.csv,False,m8_full_srr_context_arbitration_longrun
Case1042,CenterA,checkpoint_best,5,,,906,1.0,0.09958212077617645,myops_scar,LGE-only,0.10170473903417587,0.1206896551724138,,-0.09503976255655289,,4,0.013471112586557865,0.07301645278930662,0.75,0.7682119205298014,0,2,0.8,928,,,,,/users/a/e/aereinh/CARE/results/20260707_srr_v3_m8_editor_grade_leaderboard_sprint/runtime/variants/m8_full_srr_context_arbitration_longrun/proposal_pr_sweep_checkpoint_best.csv,False,m8_full_srr_context_arbitration_longrun
Case1042,CenterA,checkpoint_best,5,,,906,1.0,0.09958212077617645,myops_scar,LGE-only,0.10170473903417587,0.12121212121212122,,-0.09503976255655289,,4,0.013471112586557865,0.07301645278930662,0.75,0.7649006622516556,0,2,0.9,924,,,,,/users/a/e/aereinh/CARE/results/20260707_srr_v3_m8_editor_grade_leaderboard_sprint/runtime/variants/m8_full_srr_context_arbitration_longrun/proposal_pr_sweep_checkpoint_best.csv,False,m8_full_srr_context_arbitration_longrun
Case1042,CenterA,checkpoint_best,4,,,0,,0.11718519032001495,myops_edema,LGE-only,0.2531317472457886,,,0.16418075561523438,,0,2.0611548023907744e-09,2.061153470123145e-09,,,0,0,0.05,0,,,,,/users/a/e/aereinh/CARE/results/20260707_srr_v3_m8_editor_grade_leaderboard_sprint/runtime/variants/m8_full_srr_context_arbitration_longrun/proposal_pr_sweep_checkpoint_best.csv,False,m8_full_srr_context_arbitration_longrun
Case1042,CenterA,checkpoint_best,4,,,0,,0.11718519032001495,myops_edema,LGE-only,0.2531317472457886,,,0.16418075561523438,,0,2.0611548023907744e-09,2.061153470123145e-09,,,0,0,0.1,0,,,,,/users/a/e/aereinh/CARE/results/20260707_srr_v3_m8_editor_grade_leaderboard_sprint/runtime/variants/m8_full_srr_context_arbitration_longrun/proposal_pr_sweep_checkpoint_best.csv,False,m8_full_srr_context_arbitration_longrun
Case1042,CenterA,checkpoint_best,4,,,0,,0.11718519032001495,myops_edema,LGE-only,0.2531317472457886,,,0.16418075561523438,,0,2.0611548023907744e-09,2.061153470123145e-09,,,0,0,0.2,0,,,,,/users/a/e/aereinh/CARE/results/20260707_srr_v3_m8_editor_grade_leaderboard_sprint/runtime/variants/m8_full_srr_context_arbitration_longrun/proposal_pr_sweep_checkpoint_best.csv,False,m8_full_srr_context_arbitration_longrun
Case1042,CenterA,checkpoint_best,4,,,0,,0.11718519032001495,myops_edema,LGE-only,0.2531317472457886,,,0.16418075561523438,,0,2.0611548023907744e-09,2.061153470123145e-09,,,0,0,0.3,0,,,,,/users/a/e/aereinh/CARE/results/20260707_srr_v3_m8_editor_grade_leaderboard_sprint/runtime/variants/m8_full_srr_context_arbitration_longrun/proposal_pr_sweep_checkpoint_best.csv,False,m8_full_srr_context_arbitration_longrun
Case1042,CenterA,checkpoint_best,4,,,0,,0.11718519032001495,myops_edema,LGE-only,0.2531317472457886,,,0.16418075561523438,,0,2.0611548023907744e-09,2.061153470123145e-09,,,0,0,0.4,0,,,,,/users/a/e/aereinh/CARE/results/20260707_srr_v3_m8_editor_grade_leaderboard_sprint/runtime/variants/m8_full_srr_context_arbitration_longrun/proposal_pr_sweep_checkpoint_best.csv,False,m8_full_srr_context_arbitration_longrun
Case1042,CenterA,checkpoint_best,4,,,0,,0.11718519032001495,myops_edema,LGE-only,0.2531317472457886,,,0.16418075561523438,,0,2.0611548023907744e-09,2.061153470123145e-09,,,0,0,0.5,0,,,,,/users/a/e/aereinh/CARE/results/20260707_srr_v3_m8_editor_grade_leaderboard_sprint/runtime/variants/m8_full_srr_context_arbitration_longrun/proposal_pr_sweep_checkpoint_best.csv,False,m8_full_srr_context_arbitration_longrun
Case1042,CenterA,checkpoint_best,4,,,0,,0.11718519032001495,myops_edema,LGE-only,0.2531317472457886,,,0.16418075561523438,,0,2.0611548023907744e-09,2.061153470123145e-09,,,0,0,0.6,0,,,,,/users/a/e/aereinh/CARE/results/20260707_srr_v3_m8_editor_grade_leaderboard_sprint/runtime/variants/m8_full_srr_context_arbitration_longrun/proposal_pr_sweep_checkpoint_best.csv,False,m8_full_srr_context_arbitration_longrun
Case1042,CenterA,checkpoint_best,4,,,0,,0.11718519032001495,myops_edema,LGE-only,0.2531317472457886,,,0.16418075561523438,,0,2.0611548023907744e-09,2.061153470123145e-09,,,0,0,0.7,0,,,,,/users/a/e/aereinh/CARE/results/20260707_srr_v3_m8_editor_grade_leaderboard_sprint/runtime/variants/m8_full_srr_context_arbitration_longrun/proposal_pr_sweep_checkpoint_best.csv,False,m8_full_srr_context_arbitration_longrun
Case1042,CenterA,checkpoint_best,4,,,0,,0.11718519032001495,myops_edema,LGE-only,0.2531317472457886,,,0.16418075561523438,,0,2.0611548023907744e-09,2.061153470123145e-09,,,0,0,0.8,0,,,,,/users/a/e/aereinh/CARE/results/20260707_srr_v3_m8_editor_grade_leaderboard_sprint/runtime/variants/m8_full_srr_context_arbitration_longrun/proposal_pr_sweep_checkpoint_best.csv,False,m8_full_srr_context_arbitration_longrun
Case1042,CenterA,checkpoint_best,4,,,0,,0.11718519032001495,myops_edema,LGE-only,0.2531317472457886,,,0.16418075561523438,,0,2.0611548023907744e-09,2.061153470123145e-09,,,0,0,0.9,0,,,,,/users/a/e/aereinh/CARE/results/20260707_srr_v3_m8_editor_grade_leaderboard_sprint/runtime/variants/m8_full_srr_context_arbitration_longrun/proposal_pr_sweep_checkpoint_best.csv,False,m8_full_srr_context_arbitration_longrun
Case1045,CenterA,checkpoint_best,5,,,1488,0.7142857142857143,0.10657867789268494,myops_scar,LGE-only,0.10758893936872482,0.5177174120491126,,-0.11924783140420914,,10,0.005833970382809639,0.020018030423671004,0.04402315668935683,0.4650537634408602,6,7,0.05,15719,,,,,/users/a/e/aereinh/CARE/results/20260707_srr_v3_m8_editor_grade_leaderboard_sprint/runtime/variants/m8_full_srr_context_arbitration_longrun/proposal_pr_sweep_checkpoint_best.csv,False,m8_full_srr_context_arbitration_longrun
Case1045,CenterA,checkpoint_best,5,,,1488,0.5714285714285714,0.10657867789268494,myops_scar,LGE-only,0.10758893936872482,0.27225806451612905,,-0.11924783140420914,,41,0.005833970382809639,0.020018030423671004,0.07664516129032257,0.19959677419354838,3,36,0.1,3875,,,,,/users/a/e/aereinh/CARE/results/20260707_srr_v3_m8_editor_grade_leaderboard_sprint/runtime/variants/m8_full_srr_context_arbitration_longrun/proposal_pr_sweep_checkpoint_best.csv,False,m8_full_srr_context_arbitration_longrun
Case1045,CenterA,checkpoint_best,5,,,1488,0.5714285714285714,0.10657867789268494,myops_scar,LGE-only,0.10758893936872482,0.023391812865497075,,-0.11924783140420914,,19,0.005833970382809639,0.020018030423671004,0.19395711500974658,0.13373655913978494,1,18,0.2,1026,,,,,/users/a/e/aereinh/CARE/results/20260707_srr_v3_m8_editor_grade_leaderboard_sprint/runtime/variants/m8_full_srr_context_arbitration_longrun/proposal_pr_sweep_checkpoint_best.csv,False,m8_full_srr_context_arbitration_longrun
Case1045,CenterA,checkpoint_best,5,,,1488,0.5714285714285714,0.10657867789268494,myops_scar,LGE-only,0.10758893936872482,0.022277227722772276,,-0.11924783140420914,,11,0.005833970382809639,0.020018030423671004,0.20668316831683167,0.11223118279569892,1,7,0.3,808,,,,,/users/a/e/aereinh/CARE/results/20260707_srr_v3_m8_editor_grade_leaderboard_sprint/runtime/variants/m8_full_srr_context_arbitration_longrun/proposal_pr_sweep_checkpoint_best.csv,False,m8_full_srr_context_arbitration_longrun
Case1045,CenterA,checkpoint_best,5,,,1488,0.5714285714285714,0.10657867789268494,myops_scar,LGE-only,0.10758893936872482,0.02148997134670487,,-0.11924783140420914,,8,0.005833970382809639,0.020018030423671004,0.20773638968481375,0.09744623655913978,2,3,0.4,698,,,,,/users/a/e/aereinh/CARE/results/20260707_srr_v3_m8_editor_grade_leaderboard_sprint/runtime/variants/m8_full_srr_context_arbitration_longrun/proposal_pr_sweep_checkpoint_best.csv,False,m8_full_srr_context_arbitration_longrun
Case1045,CenterA,checkpoint_best,5,,,1488,0.5714285714285714,0.10657867789268494,myops_scar,LGE-only,0.10758893936872482,0.0208,,-0.11924783140420914,,4,0.005833970382809639,0.020018030423671004,0.208,0.08736559139784947,1,1,0.5,625,,,,,/users/a/e/aereinh/CARE/results/20260707_srr_v3_m8_editor_grade_leaderboard_sprint/runtime/variants/m8_full_srr_context_arbitration_longrun/proposal_pr_sweep_checkpoint_best.csv,False,m8_full_srr_context_arbitration_longrun
Case1045,CenterA,checkpoint_best,5,,,1488,0.5714285714285714,0.10657867789268494,myops_scar,LGE-only,0.10758893936872482,0.02355072463768116,,-0.11924783140420914,,6,0.005833970382809639,0.020018030423671004,0.2028985507246377,0.07526881720430108,1,2,0.6,552,,,,,/users/a/e/aereinh/CARE/results/20260707_srr_v3_m8_editor_grade_leaderboard_sprint/runtime/variants/m8_full_srr_context_arbitration_longrun/proposal_pr_sweep_checkpoint_best.csv,False,m8_full_srr_context_arbitration_longrun
Case1045,CenterA,checkpoint_best,5,,,1488,0.5714285714285714,0.10657867789268494,myops_scar,LGE-only,0.10758893936872482,0.027083333333333334,,-0.11924783140420914,,7,0.005833970382809639,0.020018030423671004,0.20625,0.06653225806451613,2,3,0.7,480,,,,,/users/a/e/aereinh/CARE/results/20260707_srr_v3_m8_editor_grade_leaderboard_sprint/runtime/variants/m8_full_srr_context_arbitration_longrun/proposal_pr_sweep_checkpoint_best.csv,False,m8_full_srr_context_arbitration_longrun
Case1045,CenterA,checkpoint_best,5,,,1488,0.5714285714285714,0.10657867789268494,myops_scar,LGE-only,0.10758893936872482,0.027149321266968326,,-0.11924783140420914,,7,0.005833970382809639,0.020018030423671004,0.2171945701357466,0.06451612903225806,2,3,0.8,442,,,,,/users/a/e/aereinh/CARE/results/20260707_srr_v3_m8_editor_grade_leaderboard_sprint/runtime/variants/m8_full_srr_context_arbitration_longrun/proposal_pr_sweep_checkpoint_best.csv,False,m8_full_srr_context_arbitration_longrun
Case1045,CenterA,checkpoint_best,5,,,1488,0.5714285714285714,0.10657867789268494,myops_scar,LGE-only,0.10758893936872482,0.0273972602739726,,-0.11924783140420914,,7,0.005833970382809639,0.020018030423671004,0.2191780821917808,0.06451612903225806,2,3,0.9,438,,,,,/users/a/e/aereinh/CARE/results/20260707_srr_v3_m8_editor_grade_leaderboard_sprint/runtime/variants/m8_full_srr_context_arbitration_longrun/proposal_pr_sweep_checkpoint_best.csv,False,m8_full_srr_context_arbitration_longrun
Case1045,CenterA,checkpoint_best,4,,,0,,0.11917269229888916,myops_edema,LGE-only,0.25570178031921387,,,0.1616080403327942,,0,2.0611552464799843e-09,2.061153470123145e-09,,,0,0,0.05,0,,,,,/users/a/e/aereinh/CARE/results/20260707_srr_v3_m8_editor_grade_leaderboard_sprint/runtime/variants/m8_full_srr_context_arbitration_longrun/proposal_pr_sweep_checkpoint_best.csv,False,m8_full_srr_context_arbitration_longrun
Case1045,CenterA,checkpoint_best,4,,,0,,0.11917269229888916,myops_edema,LGE-only,0.25570178031921387,,,0.1616080403327942,,0,2.0611552464799843e-09,2.061153470123145e-09,,,0,0,0.1,0,,,,,/users/a/e/aereinh/CARE/results/20260707_srr_v3_m8_editor_grade_leaderboard_sprint/runtime/variants/m8_full_srr_context_arbitration_longrun/proposal_pr_sweep_checkpoint_best.csv,False,m8_full_srr_context_arbitration_longrun
Case1045,CenterA,checkpoint_best,4,,,0,,0.11917269229888916,myops_edema,LGE-only,0.25570178031921387,,,0.1616080403327942,,0,2.0611552464799843e-09,2.061153470123145e-09,,,0,0,0.2,0,,,,,/users/a/e/aereinh/CARE/results/20260707_srr_v3_m8_editor_grade_leaderboard_sprint/runtime/variants/m8_full_srr_context_arbitration_longrun/proposal_pr_sweep_checkpoint_best.csv,False,m8_full_srr_context_arbitration_longrun
Case1045,CenterA,checkpoint_best,4,,,0,,0.11917269229888916,myops_edema,LGE-only,0.25570178031921387,,,0.1616080403327942,,0,2.0611552464799843e-09,2.061153470123145e-09,,,0,0,0.3,0,,,,,/users/a/e/aereinh/CARE/results/20260707_srr_v3_m8_editor_grade_leaderboard_sprint/runtime/variants/m8_full_srr_context_arbitration_longrun/proposal_pr_sweep_checkpoint_best.csv,False,m8_full_srr_context_arbitration_longrun
Case1045,CenterA,checkpoint_best,4,,,0,,0.11917269229888916,myops_edema,LGE-only,0.25570178031921387,,,0.1616080403327942,,0,2.0611552464799843e-09,2.061153470123145e-09,,,0,0,0.4,0,,,,,/users/a/e/aereinh/CARE/results/20260707_srr_v3_m8_editor_grade_leaderboard_sprint/runtime/variants/m8_full_srr_context_arbitration_longrun/proposal_pr_sweep_checkpoint_best.csv,False,m8_full_srr_context_arbitration_longrun
Case1045,CenterA,checkpoint_best,4,,,0,,0.11917269229888916,myops_edema,LGE-only,0.25570178031921387,,,0.1616080403327942,,0,2.0611552464799843e-09,2.061153470123145e-09,,,0,0,0.5,0,,,,,/users/a/e/aereinh/CARE/results/20260707_srr_v3_m8_editor_grade_leaderboard_sprint/runtime/variants/m8_full_srr_context_arbitration_longrun/proposal_pr_sweep_checkpoint_best.csv,False,m8_full_srr_context_arbitration_longrun
Case1045,CenterA,checkpoint_best,4,,,0,,0.11917269229888916,myops_edema,LGE-only,0.25570178031921387,,,0.1616080403327942,,0,2.0611552464799843e-09,2.061153470123145e-09,,,0,0,0.6,0,,,,,/users/a/e/aereinh/CARE/results/20260707_srr_v3_m8_editor_grade_leaderboard_sprint/runtime/variants/m8_full_srr_context_arbitration_longrun/proposal_pr_sweep_checkpoint_best.csv,False,m8_full_srr_context_arbitration_longrun
Case1045,CenterA,checkpoint_best,4,,,0,,0.11917269229888916,myops_edema,LGE-only,0.25570178031921387,,,0.1616080403327942,,0,2.0611552464799843e-09,2.061153470123145e-09,,,0,0,0.7,0,,,,,/users/a/e/aereinh/CARE/results/20260707_srr_v3_m8_editor_grade_leaderboard_sprint/runtime/variants/m8_full_srr_context_arbitration_longrun/proposal_pr_sweep_checkpoint_best.csv,False,m8_full_srr_context_arbitration_longrun
Case1045,CenterA,checkpoint_best,4,,,0,,0.11917269229888916,myops_edema,LGE-only,0.25570178031921387,,,0.1616080403327942,,0,2.0611552464799843e-09,2.061153470123145e-09,,,0,0,0.8,0,,,,,/users/a/e/aereinh/CARE/results/20260707_srr_v3_m8_editor_grade_leaderboard_sprint/runtime/variants/m8_full_srr_context_arbitration_longrun/proposal_pr_sweep_checkpoint_best.csv,False,m8_full_srr_context_arbitration_longrun
Case1045,CenterA,checkpoint_best,4,,,0,,0.11917269229888916,myops_edema,LGE-only,0.25570178031921387,,,0.1616080403327942,,0,2.0611552464799843e-09,2.061153470123145e-09,,,0,0,0.9,0,,,,,/users/a/e/aereinh/CARE/results/20260707_srr_v3_m8_editor_grade_leaderboard_sprint/runtime/variants/m8_full_srr_context_arbitration_longrun/proposal_pr_sweep_checkpoint_best.csv,False,m8_full_srr_context_arbitration_longrun
Case1047,CenterA,checkpoint_best,5,,,6704,0.5714285714285714,0.09928909689188004,myops_scar,LGE-only,0.1012711301445961,0.8345913586673608,,-0.1066633090376854,,36,0.014549053274095058,0.08395532816648468,0.0449291116759041,0.8754474940334129,28,28,0.05,130628,,,,,/users/a/e/aereinh/CARE/results/20260707_srr_v3_m8_editor_grade_leaderboard_sprint/runtime/variants/m8_full_srr_context_arbitration_longrun/proposal_pr_sweep_checkpoint_best.csv,False,m8_full_srr_context_arbitration_longrun
Case1047,CenterA,checkpoint_best,5,,,6704,0.42857142857142855,0.09928909689188004,myops_scar,LGE-only,0.1012711301445961,0.7131902108407427,,-0.1066633090376854,,53,0.014549053274095058,0.08395532816648468,0.095865285517145,0.8186157517899761,37,38,0.1,57247,,,,,/users/a/e/aereinh/CARE/results/20260707_srr_v3_m8_editor_grade_leaderboard_sprint/runtime/variants/m8_full_srr_context_arbitration_longrun/proposal_pr_sweep_checkpoint_best.csv,False,m8_full_srr_context_arbitration_longrun
Case1047,CenterA,checkpoint_best,5,,,6704,0.14285714285714285,0.09928909689188004,myops_scar,LGE-only,0.1012711301445961,0.20082725590508327,,-0.1066633090376854,,31,0.014549053274095058,0.08395532816648468,0.5130075106128225,0.7030131264916468,6,27,0.2,9187,,,,,/users/a/e/aereinh/CARE/results/20260707_srr_v3_m8_editor_grade_leaderboard_sprint/runtime/variants/m8_full_srr_context_arbitration_longrun/proposal_pr_sweep_checkpoint_best.csv,False,m8_full_srr_context_arbitration_longrun
Case1047,CenterA,checkpoint_best,5,,,6704,0.14285714285714285,0.09928909689188004,myops_scar,LGE-only,0.1012711301445961,0.11714241148026829,,-0.1066633090376854,,21,0.014549053274095058,0.08395532816648468,0.682264857276556,0.6524463007159904,0,14,0.3,6411,,,,,/users/a/e/aereinh/CARE/results/20260707_srr_v3_m8_editor_grade_leaderboard_sprint/runtime/variants/m8_full_srr_context_arbitration_longrun/proposal_pr_sweep_checkpoint_best.csv,False,m8_full_srr_context_arbitration_longrun
Case1047,CenterA,checkpoint_best,5,,,6704,0.14285714285714285,0.09928909689188004,myops_scar,LGE-only,0.1012711301445961,0.1026320438085144,,-0.1066633090376854,,11,0.014549053274095058,0.08395532816648468,0.7332626744391451,0.6191825775656324,0,3,0.4,5661,,,,,/users/a/e/aereinh/CARE/results/20260707_srr_v3_m8_editor_grade_leaderboard_sprint/runtime/variants/m8_full_srr_context_arbitration_longrun/proposal_pr_sweep_checkpoint_best.csv,False,m8_full_srr_context_arbitration_longrun
Case1047,CenterA,checkpoint_best,5,,,6704,0.14285714285714285,0.09928909689188004,myops_scar,LGE-only,0.1012711301445961,0.09437943602532131,,-0.1066633090376854,,10,0.014549053274095058,0.08395532816648468,0.7607903318626511,0.5915871121718377,0,6,0.5,5213,,,,,/users/a/e/aereinh/CARE/results/20260707_srr_v3_m8_editor_grade_leaderboard_sprint/runtime/variants/m8_full_srr_context_arbitration_longrun/proposal_pr_sweep_checkpoint_best.csv,False,m8_full_srr_context_arbitration_longrun
Case1047,CenterA,checkpoint_best,5,,,6704,0.14285714285714285,0.09928909689188004,myops_scar,LGE-only,0.1012711301445961,0.08497818408477041,,-0.1066633090376854,,11,0.014549053274095058,0.08395532816648468,0.7868273426137544,0.5648866348448688,0,5,0.6,4813,,,,,/users/a/e/aereinh/CARE/results/20260707_srr_v3_m8_editor_grade_leaderboard_sprint/runtime/variants/m8_full_srr_context_arbitration_longrun/proposal_pr_sweep_checkpoint_best.csv,False,m8_full_srr_context_arbitration_longrun
Case1047,CenterA,checkpoint_best,5,,,6704,0.14285714285714285,0.09928909689188004,myops_scar,LGE-only,0.1012711301445961,0.07615230460921844,,-0.1066633090376854,,12,0.014549053274095058,0.08395532816648468,0.807392562903585,0.540871121718377,0,4,0.7,4491,,,,,/users/a/e/aereinh/CARE/results/20260707_srr_v3_m8_editor_grade_leaderboard_sprint/runtime/variants/m8_full_srr_context_arbitration_longrun/proposal_pr_sweep_checkpoint_best.csv,False,m8_full_srr_context_arbitration_longrun
Case1047,CenterA,checkpoint_best,5,,,6704,0.14285714285714285,0.09928909689188004,myops_scar,LGE-only,0.1012711301445961,0.07110582639714626,,-0.1066633090376854,,13,0.014549053274095058,0.08395532816648468,0.8228299643281808,0.516109785202864,0,1,0.8,4205,,,,,/users/a/e/aereinh/CARE/results/20260707_srr_v3_m8_editor_grade_leaderboard_sprint/runtime/variants/m8_full_srr_context_arbitration_longrun/proposal_pr_sweep_checkpoint_best.csv,False,m8_full_srr_context_arbitration_longrun
Case1047,CenterA,checkpoint_best,5,,,6704,0.14285714285714285,0.09928909689188004,myops_scar,LGE-only,0.1012711301445961,0.06924394421335943,,-0.1066633090376854,,13,0.014549053274095058,0.08395532816648468,0.8289699045754833,0.5053699284009546,0,1,0.9,4087,,,,,/users/a/e/aereinh/CARE/results/20260707_srr_v3_m8_editor_grade_leaderboard_sprint/runtime/variants/m8_full_srr_context_arbitration_longrun/proposal_pr_sweep_checkpoint_best.csv,False,m8_full_srr_context_arbitration_longrun
Case1047,CenterA,checkpoint_best,4,,,0,,0.11578413844108582,myops_edema,LGE-only,0.25838854908943176,,,0.16806836426258087,,0,2.061150361498676e-09,2.061153470123145e-09,,,0,0,0.05,0,,,,,/users/a/e/aereinh/CARE/results/20260707_srr_v3_m8_editor_grade_leaderboard_sprint/runtime/variants/m8_full_srr_context_arbitration_longrun/proposal_pr_sweep_checkpoint_best.csv,False,m8_full_srr_context_arbitration_longrun
Case1047,CenterA,checkpoint_best,4,,,0,,0.11578413844108582,myops_edema,LGE-only,0.25838854908943176,,,0.16806836426258087,,0,2.061150361498676e-09,2.061153470123145e-09,,,0,0,0.1,0,,,,,/users/a/e/aereinh/CARE/results/20260707_srr_v3_m8_editor_grade_leaderboard_sprint/runtime/variants/m8_full_srr_context_arbitration_longrun/proposal_pr_sweep_checkpoint_best.csv,False,m8_full_srr_context_arbitration_longrun
Case1047,CenterA,checkpoint_best,4,,,0,,0.11578413844108582,myops_edema,LGE-only,0.25838854908943176,,,0.16806836426258087,,0,2.061150361498676e-09,2.061153470123145e-09,,,0,0,0.2,0,,,,,/users/a/e/aereinh/CARE/results/20260707_srr_v3_m8_editor_grade_leaderboard_sprint/runtime/variants/m8_full_srr_context_arbitration_longrun/proposal_pr_sweep_checkpoint_best.csv,False,m8_full_srr_context_arbitration_longrun
Case1047,CenterA,checkpoint_best,4,,,0,,0.11578413844108582,myops_edema,LGE-only,0.25838854908943176,,,0.16806836426258087,,0,2.061150361498676e-09,2.061153470123145e-09,,,0,0,0.3,0,,,,,/users/a/e/aereinh/CARE/results/20260707_srr_v3_m8_editor_grade_leaderboard_sprint/runtime/variants/m8_full_srr_context_arbitration_longrun/proposal_pr_sweep_checkpoint_best.csv,False,m8_full_srr_context_arbitration_longrun
Case1047,CenterA,checkpoint_best,4,,,0,,0.11578413844108582,myops_edema,LGE-only,0.25838854908943176,,,0.16806836426258087,,0,2.061150361498676e-09,2.061153470123145e-09,,,0,0,0.4,0,,,,,/users/a/e/aereinh/CARE/results/20260707_srr_v3_m8_editor_grade_leaderboard_sprint/runtime/variants/m8_full_srr_context_arbitration_longrun/proposal_pr_sweep_checkpoint_best.csv,False,m8_full_srr_context_arbitration_longrun
Case1047,CenterA,checkpoint_best,4,,,0,,0.11578413844108582,myops_edema,LGE-only,0.25838854908943176,,,0.16806836426258087,,0,2.061150361498676e-09,2.061153470123145e-09,,,0,0,0.5,0,,,,,/users/a/e/aereinh/CARE/results/20260707_srr_v3_m8_editor_grade_leaderboard_sprint/runtime/variants/m8_full_srr_context_arbitration_longrun/proposal_pr_sweep_checkpoint_best.csv,False,m8_full_srr_context_arbitration_longrun
Case1047,CenterA,checkpoint_best,4,,,0,,0.11578413844108582,myops_edema,LGE-only,0.25838854908943176,,,0.16806836426258087,,0,2.061150361498676e-09,2.061153470123145e-09,,,0,0,0.6,0,,,,,/users/a/e/aereinh/CARE/results/20260707_srr_v3_m8_editor_grade_leaderboard_sprint/runtime/variants/m8_full_srr_context_arbitration_longrun/proposal_pr_sweep_checkpoint_best.csv,False,m8_full_srr_context_arbitration_longrun
Case1047,CenterA,checkpoint_best,4,,,0,,0.11578413844108582,myops_edema,LGE-only,0.25838854908943176,,,0.16806836426258087,,0,2.061150361498676e-09,2.061153470123145e-09,,,0,0,0.7,0,,,,,/users/a/e/aereinh/CARE/results/20260707_srr_v3_m8_editor_grade_leaderboard_sprint/runtime/variants/m8_full_srr_context_arbitration_longrun/proposal_pr_sweep_checkpoint_best.csv,False,m8_full_srr_context_arbitration_longrun
Case1047,CenterA,checkpoint_best,4,,,0,,0.11578413844108582,myops_edema,LGE-only,0.25838854908943176,,,0.16806836426258087,,0,2.061150361498676e-09,2.061153470123145e-09,,,0,0,0.8,0,,,,,/users/a/e/aereinh/CARE/results/20260707_srr_v3_m8_editor_grade_leaderboard_sprint/runtime/variants/m8_full_srr_context_arbitration_longrun/proposal_pr_sweep_checkpoint_best.csv,False,m8_full_srr_context_arbitration_longrun
Case1047,CenterA,checkpoint_best,4,,,0,,0.11578413844108582,myops_edema,LGE-only,0.25838854908943176,,,0.16806836426258087,,0,2.061150361498676e-09,2.061153470123145e-09,,,0,0,0.9,0,,,,,/users/a/e/aereinh/CARE/results/20260707_srr_v3_m8_editor_grade_leaderboard_sprint/runtime/variants/m8_full_srr_context_arbitration_longrun/proposal_pr_sweep_checkpoint_best.csv,False,m8_full_srr_context_arbitration_longrun
Case2002,CenterB,checkpoint_best,5,,,998,1.0,0.10635029524564743,myops_scar,C0+LGE+T2,0.10710716247558594,0.8925783180156142,,-0.07251172512769699,,31,0.0077978866174817085,0.02872458873316644,0.057416740784662516,0.5821643286573146,23,17,0.05,10119,,,,,/users/a/e/aereinh/CARE/results/20260707_srr_v3_m8_editor_grade_leaderboard_sprint/runtime/broad_eval/variants/m8_full_srr_context_arbitration_longrun/proposal_pr_sweep_checkpoint_best.csv,True,m8_full_srr_context_arbitration_longrun
Case2002,CenterB,checkpoint_best,5,,,998,1.0,0.10635029524564743,myops_scar,C0+LGE+T2,0.10710716247558594,0.5763527054108216,,-0.07251172512769699,,16,0.0077978866174817085,0.02872458873316644,0.23286573146292586,0.5821643286573146,13,7,0.1,2495,,,,,/users/a/e/aereinh/CARE/results/20260707_srr_v3_m8_editor_grade_leaderboard_sprint/runtime/broad_eval/variants/m8_full_srr_context_arbitration_longrun/proposal_pr_sweep_checkpoint_best.csv,True,m8_full_srr_context_arbitration_longrun
Case2002,CenterB,checkpoint_best,5,,,998,1.0,0.10635029524564743,myops_scar,C0+LGE+T2,0.10710716247558594,0.06672678088367899,,-0.07251172512769699,,4,0.0077978866174817085,0.02872458873316644,0.5220919747520288,0.5801603206412825,0,0,0.2,1109,,,,,/users/a/e/aereinh/CARE/results/20260707_srr_v3_m8_editor_grade_leaderboard_sprint/runtime/broad_eval/variants/m8_full_srr_context_arbitration_longrun/proposal_pr_sweep_checkpoint_best.csv,True,m8_full_srr_context_arbitration_longrun
Case2002,CenterB,checkpoint_best,5,,,998,1.0,0.10635029524564743,myops_scar,C0+LGE+T2,0.10710716247558594,0.047036688617121354,,-0.07251172512769699,,4,0.0077978866174817085,0.02872458873316644,0.5399811853245532,0.5751503006012024,0,1,0.3,1063,,,,,/users/a/e/aereinh/CARE/results/20260707_srr_v3_m8_editor_grade_leaderboard_sprint/runtime/broad_eval/variants/m8_full_srr_context_arbitration_longrun/proposal_pr_sweep_checkpoint_best.csv,True,m8_full_srr_context_arbitration_longrun
Case2002,CenterB,checkpoint_best,5,,,998,1.0,0.10635029524564743,myops_scar,C0+LGE+T2,0.10710716247558594,0.040776699029126215,,-0.07251172512769699,,4,0.0077978866174817085,0.02872458873316644,0.5485436893203883,0.5661322645290581,0,1,0.4,1030,,,,,/users/a/e/aereinh/CARE/results/20260707_srr_v3_m8_editor_grade_leaderboard_sprint/runtime/broad_eval/variants/m8_full_srr_context_arbitration_longrun/proposal_pr_sweep_checkpoint_best.csv,True,m8_full_srr_context_arbitration_longrun
Case2002,CenterB,checkpoint_best,5,,,998,1.0,0.10635029524564743,myops_scar,C0+LGE+T2,0.10710716247558594,0.031313131313131314,,-0.07251172512769699,,5,0.0077978866174817085,0.02872458873316644,0.5616161616161616,0.5571142284569138,0,3,0.5,990,,,,,/users/a/e/aereinh/CARE/results/20260707_srr_v3_m8_editor_grade_leaderboard_sprint/runtime/broad_eval/variants/m8_full_srr_context_arbitration_longrun/proposal_pr_sweep_checkpoint_best.csv,True,m8_full_srr_context_arbitration_longrun
Case2002,CenterB,checkpoint_best,5,,,998,1.0,0.10635029524564743,myops_scar,C0+LGE+T2,0.10710716247558594,0.03138075313807531,,-0.07251172512769699,,5,0.0077978866174817085,0.02872458873316644,0.5711297071129707,0.5470941883767535,0,3,0.6,956,,,,,/users/a/e/aereinh/CARE/results/20260707_srr_v3_m8_editor_grade_leaderboard_sprint/runtime/broad_eval/variants/m8_full_srr_context_arbitration_longrun/proposal_pr_sweep_checkpoint_best.csv,True,m8_full_srr_context_arbitration_longrun
Case2002,CenterB,checkpoint_best,5,,,998,1.0,0.10635029524564743,myops_scar,C0+LGE+T2,0.10710716247558594,0.030204962243797196,,-0.07251172512769699,,5,0.0077978866174817085,0.02872458873316644,0.5738942826321467,0.533066132264529,0,3,0.7,927,,,,,/users/a/e/aereinh/CARE/results/20260707_srr_v3_m8_editor_grade_leaderboard_sprint/runtime/broad_eval/variants/m8_full_srr_context_arbitration_longrun/proposal_pr_sweep_checkpoint_best.csv,True,m8_full_srr_context_arbitration_longrun
Case2002,CenterB,checkpoint_best,5,,,998,1.0,0.10635029524564743,myops_scar,C0+LGE+T2,0.10710716247558594,0.03379224030037547,,-0.07251172512769699,,4,0.0077978866174817085,0.02872458873316644,0.5794743429286608,0.46392785571142287,0,3,0.8,799,,,,,/users/a/e/aereinh/CARE/results/20260707_srr_v3_m8_editor_grade_leaderboard_sprint/runtime/broad_eval/variants/m8_full_srr_context_arbitration_longrun/proposal_pr_sweep_checkpoint_best.csv,True,m8_full_srr_context_arbitration_longrun
Case2002,CenterB,checkpoint_best,5,,,998,1.0,0.10635029524564743,myops_scar,C0+LGE+T2,0.10710716247558594,0.045454545454545456,,-0.07251172512769699,,9,0.0077978866174817085,0.02872458873316644,0.5509090909090909,0.30360721442885774,0,4,0.9,550,,,,,/users/a/e/aereinh/CARE/results/20260707_srr_v3_m8_editor_grade_leaderboard_sprint/runtime/broad_eval/variants/m8_full_srr_context_arbitration_longrun/proposal_pr_sweep_checkpoint_best.csv,True,m8_full_srr_context_arbitration_longrun
Case2002,CenterB,checkpoint_best,4,,,3016,0.6,0.10729045420885086,myops_edema,C0+LGE+T2,0.1895027756690979,0.8154424585876199,,0.12761445343494415,,68,0.015212020836770535,0.04682707749307152,0.11295771578029642,0.6873342175066313,56,34,0.05,18352,,,,,/users/a/e/aereinh/CARE/results/20260707_srr_v3_m8_editor_grade_leaderboard_sprint/runtime/broad_eval/variants/m8_full_srr_context_arbitration_longrun/proposal_pr_sweep_checkpoint_best.csv,True,m8_full_srr_context_arbitration_longrun
Case2002,CenterB,checkpoint_best,4,,,3016,0.6,0.10729045420885086,myops_edema,C0+LGE+T2,0.1895027756690979,0.6254477908982353,,0.12761445343494415,,44,0.015212020836770535,0.04682707749307152,0.2499668303038344,0.6246684350132626,37,18,0.1,7537,,,,,/users/a/e/aereinh/CARE/results/20260707_srr_v3_m8_editor_grade_leaderboard_sprint/runtime/broad_eval/variants/m8_full_srr_context_arbitration_longrun/proposal_pr_sweep_checkpoint_best.csv,True,m8_full_srr_context_arbitration_longrun
Case2002,CenterB,checkpoint_best,4,,,3016,0.6,0.10729045420885086,myops_edema,C0+LGE+T2,0.1895027756690979,0.36229712858926344,,0.12761445343494415,,17,0.015212020836770535,0.04682707749307152,0.4369538077403246,0.580238726790451,9,8,0.2,4005,,,,,/users/a/e/aereinh/CARE/results/20260707_srr_v3_m8_editor_grade_leaderboard_sprint/runtime/broad_eval/variants/m8_full_srr_context_arbitration_longrun/proposal_pr_sweep_checkpoint_best.csv,True,m8_full_srr_context_arbitration_longrun
Case2002,CenterB,checkpoint_best,4,,,3016,0.6,0.10729045420885086,myops_edema,C0+LGE+T2,0.1895027756690979,0.25819418676561534,,0.12761445343494415,,7,0.015212020836770535,0.04682707749307152,0.518243661100804,0.5557029177718833,3,3,0.3,3234,,,,,/users/a/e/aereinh/CARE/results/20260707_srr_v3_m8_editor_grade_leaderboard_sprint/runtime/broad_eval/variants/m8_full_srr_context_arbitration_longrun/proposal_pr_sweep_checkpoint_best.csv,True,m8_full_srr_context_arbitration_longrun
Case2002,CenterB,checkpoint_best,4,,,3016,0.6,0.10729045420885086,myops_edema,C0+LGE+T2,0.1895027756690979,0.21562606618901398,,0.12761445343494415,,5,0.015212020836770535,0.04682707749307152,0.5520300238826339,0.536472148541114,1,4,0.4,2931,,,,,/users/a/e/aereinh/CARE/results/20260707_srr_v3_m8_editor_grade_leaderboard_sprint/runtime/broad_eval/variants/m8_full_srr_context_arbitration_longrun/proposal_pr_sweep_checkpoint_best.csv,True,m8_full_srr_context_arbitration_longrun
Case2002,CenterB,checkpoint_best,4,,,3016,0.6,0.10729045420885086,myops_edema,C0+LGE+T2,0.1895027756690979,0.21037769149311683,,0.12761445343494415,,5,0.015212020836770535,0.04682707749307152,0.5587716201906107,0.524867374005305,0,4,0.5,2833,,,,,/users/a/e/aereinh/CARE/results/20260707_srr_v3_m8_editor_grade_leaderboard_sprint/runtime/broad_eval/variants/m8_full_srr_context_arbitration_longrun/proposal_pr_sweep_checkpoint_best.csv,True,m8_full_srr_context_arbitration_longrun
Case2002,CenterB,checkpoint_best,4,,,3016,0.4,0.10729045420885086,myops_edema,C0+LGE+T2,0.1895027756690979,0.2069214131218457,,0.12761445343494415,,5,0.015212020836770535,0.04682707749307152,0.5648882480173035,0.5195623342175066,0,4,0.6,2774,,,,,/users/a/e/aereinh/CARE/results/20260707_srr_v3_m8_editor_grade_leaderboard_sprint/runtime/broad_eval/variants/m8_full_srr_context_arbitration_longrun/proposal_pr_sweep_checkpoint_best.csv,True,m8_full_srr_context_arbitration_longrun
Case2002,CenterB,checkpoint_best,4,,,3016,0.4,0.10729045420885086,myops_edema,C0+LGE+T2,0.1895027756690979,0.2031421264157837,,0.12761445343494415,,5,0.015212020836770535,0.04682707749307152,0.5688710266715382,0.5162466843501327,0,4,0.7,2737,,,,,/users/a/e/aereinh/CARE/results/20260707_srr_v3_m8_editor_grade_leaderboard_sprint/runtime/broad_eval/variants/m8_full_srr_context_arbitration_longrun/proposal_pr_sweep_checkpoint_best.csv,True,m8_full_srr_context_arbitration_longrun
Case2002,CenterB,checkpoint_best,4,,,3016,0.4,0.10729045420885086,myops_edema,C0+LGE+T2,0.1895027756690979,0.2011029411764706,,0.12761445343494415,,5,0.015212020836770535,0.04682707749307152,0.5698529411764706,0.5139257294429708,0,4,0.8,2720,,,,,/users/a/e/aereinh/CARE/results/20260707_srr_v3_m8_editor_grade_leaderboard_sprint/runtime/broad_eval/variants/m8_full_srr_context_arbitration_longrun/proposal_pr_sweep_checkpoint_best.csv,True,m8_full_srr_context_arbitration_longrun
Case2002,CenterB,checkpoint_best,4,,,3016,0.4,0.10729045420885086,myops_edema,C0+LGE+T2,0.1895027756690979,0.20029563932002956,,0.12761445343494415,,5,0.015212020836770535,0.04682707749307152,0.5694752402069475,0.5109416445623343,0,4,0.9,2706,,,,,/users/a/e/aereinh/CARE/results/20260707_srr_v3_m8_editor_grade_leaderboard_sprint/runtime/broad_eval/variants/m8_full_srr_context_arbitration_longrun/proposal_pr_sweep_checkpoint_best.csv,True,m8_full_srr_context_arbitration_longrun
Case2007,CenterB,checkpoint_best,5,,,1303,1.0,0.10436399281024933,myops_scar,C0+LGE+T2,0.10544678568840027,0.6543990799309948,,-0.0788150429725647,,22,0.009886438958346844,0.026344955712556822,0.17481311098332375,0.46661550268610896,13,12,0.05,3478,,,,,/users/a/e/aereinh/CARE/results/20260707_srr_v3_m8_editor_grade_leaderboard_sprint/runtime/broad_eval/variants/m8_full_srr_context_arbitration_longrun/proposal_pr_sweep_checkpoint_best.csv,True,m8_full_srr_context_arbitration_longrun
Case2007,CenterB,checkpoint_best,5,,,1303,1.0,0.10436399281024933,myops_scar,C0+LGE+T2,0.10544678568840027,0.3358954650269024,,-0.0788150429725647,,7,0.009886438958346844,0.026344955712556822,0.42198308993082245,0.42133537989255565,0,2,0.1,1301,,,,,/users/a/e/aereinh/CARE/results/20260707_srr_v3_m8_editor_grade_leaderboard_sprint/runtime/broad_eval/variants/m8_full_srr_context_arbitration_longrun/proposal_pr_sweep_checkpoint_best.csv,True,m8_full_srr_context_arbitration_longrun
Case2007,CenterB,checkpoint_best,5,,,1303,1.0,0.10436399281024933,myops_scar,C0+LGE+T2,0.10544678568840027,0.0,,-0.0788150429725647,,3,0.009886438958346844,0.026344955712556822,0.639225181598063,0.40521872601688413,0,1,0.2,826,,,,,/users/a/e/aereinh/CARE/results/20260707_srr_v3_m8_editor_grade_leaderboard_sprint/runtime/broad_eval/variants/m8_full_srr_context_arbitration_longrun/proposal_pr_sweep_checkpoint_best.csv,True,m8_full_srr_context_arbitration_longrun
Case2007,CenterB,checkpoint_best,5,,,1303,1.0,0.10436399281024933,myops_scar,C0+LGE+T2,0.10544678568840027,0.0,,-0.0788150429725647,,3,0.009886438958346844,0.026344955712556822,0.6435643564356436,0.3990790483499616,0,1,0.3,808,,,,,/users/a/e/aereinh/CARE/results/20260707_srr_v3_m8_editor_grade_leaderboard_sprint/runtime/broad_eval/variants/m8_full_srr_context_arbitration_longrun/proposal_pr_sweep_checkpoint_best.csv,True,m8_full_srr_context_arbitration_longrun
Case2007,CenterB,checkpoint_best,5,,,1303,1.0,0.10436399281024933,myops_scar,C0+LGE+T2,0.10544678568840027,0.0,,-0.0788150429725647,,4,0.009886438958346844,0.026344955712556822,0.6398996235884568,0.3914044512663085,0,1,0.4,797,,,,,/users/a/e/aereinh/CARE/results/20260707_srr_v3_m8_editor_grade_leaderboard_sprint/runtime/broad_eval/variants/m8_full_srr_context_arbitration_longrun/proposal_pr_sweep_checkpoint_best.csv,True,m8_full_srr_context_arbitration_longrun
Case2007,CenterB,checkpoint_best,5,,,1303,1.0,0.10436399281024933,myops_scar,C0+LGE+T2,0.10544678568840027,0.0,,-0.0788150429725647,,4,0.009886438958346844,0.026344955712556822,0.6437659033078881,0.3883346124328473,0,1,0.5,786,,,,,/users/a/e/aereinh/CARE/results/20260707_srr_v3_m8_editor_grade_leaderboard_sprint/runtime/broad_eval/variants/m8_full_srr_context_arbitration_longrun/proposal_pr_sweep_checkpoint_best.csv,True,m8_full_srr_context_arbitration_longrun
Case2007,CenterB,checkpoint_best,5,,,1303,1.0,0.10436399281024933,myops_scar,C0+LGE+T2,0.10544678568840027,0.0,,-0.0788150429725647,,4,0.009886438958346844,0.026344955712556822,0.6432291666666666,0.3791250959324635,0,1,0.6,768,,,,,/users/a/e/aereinh/CARE/results/20260707_srr_v3_m8_editor_grade_leaderboard_sprint/runtime/broad_eval/variants/m8_full_srr_context_arbitration_longrun/proposal_pr_sweep_checkpoint_best.csv,True,m8_full_srr_context_arbitration_longrun
Case2007,CenterB,checkpoint_best,5,,,1303,1.0,0.10436399281024933,myops_scar,C0+LGE+T2,0.10544678568840027,0.0,,-0.0788150429725647,,4,0.009886438958346844,0.026344955712556822,0.646505376344086,0.36914811972371453,0,1,0.7,744,,,,,/users/a/e/aereinh/CARE/results/20260707_srr_v3_m8_editor_grade_leaderboard_sprint/runtime/broad_eval/variants/m8_full_srr_context_arbitration_longrun/proposal_pr_sweep_checkpoint_best.csv,True,m8_full_srr_context_arbitration_longrun
Case2007,CenterB,checkpoint_best,5,,,1303,1.0,0.10436399281024933,myops_scar,C0+LGE+T2,0.10544678568840027,0.0,,-0.0788150429725647,,4,0.009886438958346844,0.026344955712556822,0.6587183308494784,0.3392171910974674,0,1,0.8,671,,,,,/users/a/e/aereinh/CARE/results/20260707_srr_v3_m8_editor_grade_leaderboard_sprint/runtime/broad_eval/variants/m8_full_srr_context_arbitration_longrun/proposal_pr_sweep_checkpoint_best.csv,True,m8_full_srr_context_arbitration_longrun
Case2007,CenterB,checkpoint_best,5,,,1303,1.0,0.10436399281024933,myops_scar,C0+LGE+T2,0.10544678568840027,0.0,,-0.0788150429725647,,14,0.009886438958346844,0.026344955712556822,0.6604127579737336,0.2701458173445894,0,3,0.9,533,,,,,/users/a/e/aereinh/CARE/results/20260707_srr_v3_m8_editor_grade_leaderboard_sprint/runtime/broad_eval/variants/m8_full_srr_context_arbitration_longrun/proposal_pr_sweep_checkpoint_best.csv,True,m8_full_srr_context_arbitration_longrun
Case2007,CenterB,checkpoint_best,4,,,1462,0.75,0.11244288831949234,myops_edema,C0+LGE+T2,0.19350425899028778,0.6957794208256316,,0.12087978422641754,,30,0.014621373265981674,0.040285392850637404,0.15557609365372765,0.6908344733242134,21,19,0.05,6492,,,,,/users/a/e/aereinh/CARE/results/20260707_srr_v3_m8_editor_grade_leaderboard_sprint/runtime/broad_eval/variants/m8_full_srr_context_arbitration_longrun/proposal_pr_sweep_checkpoint_best.csv,True,m8_full_srr_context_arbitration_longrun
Case2007,CenterB,checkpoint_best,4,,,1462,0.75,0.11244288831949234,myops_edema,C0+LGE+T2,0.19350425899028778,0.5071931435567799,,0.12087978422641754,,27,0.014621373265981674,0.040285392850637404,0.28435873890419344,0.6354309165526676,11,13,0.1,3267,,,,,/users/a/e/aereinh/CARE/results/20260707_srr_v3_m8_editor_grade_leaderboard_sprint/runtime/broad_eval/variants/m8_full_srr_context_arbitration_longrun/proposal_pr_sweep_checkpoint_best.csv,True,m8_full_srr_context_arbitration_longrun
Case2007,CenterB,checkpoint_best,4,,,1462,0.625,0.11244288831949234,myops_edema,C0+LGE+T2,0.19350425899028778,0.1679340937896071,,0.12087978422641754,,22,0.014621373265981674,0.040285392850637404,0.5367553865652726,0.579343365253078,4,12,0.2,1578,,,,,/users/a/e/aereinh/CARE/results/20260707_srr_v3_m8_editor_grade_leaderboard_sprint/runtime/broad_eval/variants/m8_full_srr_context_arbitration_longrun/proposal_pr_sweep_checkpoint_best.csv,True,m8_full_srr_context_arbitration_longrun
Case2007,CenterB,checkpoint_best,4,,,1462,0.625,0.11244288831949234,myops_edema,C0+LGE+T2,0.19350425899028778,0.053804765564950036,,0.12087978422641754,,14,0.014621373265981674,0.040285392850637404,0.6156802459646425,0.5478796169630643,1,7,0.3,1301,,,,,/users/a/e/aereinh/CARE/results/20260707_srr_v3_m8_editor_grade_leaderboard_sprint/runtime/broad_eval/variants/m8_full_srr_context_arbitration_longrun/proposal_pr_sweep_checkpoint_best.csv,True,m8_full_srr_context_arbitration_longrun
Case2007,CenterB,checkpoint_best,4,,,1462,0.625,0.11244288831949234,myops_edema,C0+LGE+T2,0.19350425899028778,0.04153354632587859,,0.12087978422641754,,14,0.014621373265981674,0.040285392850637404,0.6277955271565495,0.5376196990424077,1,8,0.4,1252,,,,,/users/a/e/aereinh/CARE/results/20260707_srr_v3_m8_editor_grade_leaderboard_sprint/runtime/broad_eval/variants/m8_full_srr_context_arbitration_longrun/proposal_pr_sweep_checkpoint_best.csv,True,m8_full_srr_context_arbitration_longrun
Case2007,CenterB,checkpoint_best,4,,,1462,0.625,0.11244288831949234,myops_edema,C0+LGE+T2,0.19350425899028778,0.03510204081632653,,0.12087978422641754,,13,0.014621373265981674,0.040285392850637404,0.6359183673469387,0.5328317373461012,0,7,0.5,1225,,,,,/users/a/e/aereinh/CARE/results/20260707_srr_v3_m8_editor_grade_leaderboard_sprint/runtime/broad_eval/variants/m8_full_srr_context_arbitration_longrun/proposal_pr_sweep_checkpoint_best.csv,True,m8_full_srr_context_arbitration_longrun
Case2007,CenterB,checkpoint_best,4,,,1462,0.625,0.11244288831949234,myops_edema,C0+LGE+T2,0.19350425899028778,0.034739454094292806,,0.12087978422641754,,13,0.014621373265981674,0.040285392850637404,0.6360628618693135,0.5259917920656635,0,7,0.6,1209,,,,,/users/a/e/aereinh/CARE/results/20260707_srr_v3_m8_editor_grade_leaderboard_sprint/runtime/broad_eval/variants/m8_full_srr_context_arbitration_longrun/proposal_pr_sweep_checkpoint_best.csv,True,m8_full_srr_context_arbitration_longrun
Case2007,CenterB,checkpoint_best,4,,,1462,0.625,0.11244288831949234,myops_edema,C0+LGE+T2,0.19350425899028778,0.035,,0.12087978422641754,,13,0.014621373265981674,0.040285392850637404,0.635,0.521203830369357,0,7,0.7,1200,,,,,/users/a/e/aereinh/CARE/results/20260707_srr_v3_m8_editor_grade_leaderboard_sprint/runtime/broad_eval/variants/m8_full_srr_context_arbitration_longrun/proposal_pr_sweep_checkpoint_best.csv,True,m8_full_srr_context_arbitration_longrun
Case2007,CenterB,checkpoint_best,4,,,1462,0.625,0.11244288831949234,myops_edema,C0+LGE+T2,0.19350425899028778,0.035146443514644354,,0.12087978422641754,,13,0.014621373265981674,0.040285392850637404,0.6343096234309623,0.518467852257182,0,7,0.8,1195,,,,,/users/a/e/aereinh/CARE/results/20260707_srr_v3_m8_editor_grade_leaderboard_sprint/runtime/broad_eval/variants/m8_full_srr_context_arbitration_longrun/proposal_pr_sweep_checkpoint_best.csv,True,m8_full_srr_context_arbitration_longrun
Case2007,CenterB,checkpoint_best,4,,,1462,0.625,0.11244288831949234,myops_edema,C0+LGE+T2,0.19350425899028778,0.03529411764705882,,0.12087978422641754,,14,0.014621373265981674,0.040285392850637404,0.6352941176470588,0.5170998632010944,0,8,0.9,1190,,,,,/users/a/e/aereinh/CARE/results/20260707_srr_v3_m8_editor_grade_leaderboard_sprint/runtime/broad_eval/variants/m8_full_srr_context_arbitration_longrun/proposal_pr_sweep_checkpoint_best.csv,True,m8_full_srr_context_arbitration_longrun
Case2008,CenterB,checkpoint_best,5,,,1016,1.0,0.10354233533143997,myops_scar,C0+LGE+T2,0.10459340363740921,0.9045308773949511,,-0.07238838821649551,,25,0.010880962014198303,0.04308455586433409,0.0647150727736206,0.7746062992125984,18,14,0.05,12161,,,,,/users/a/e/aereinh/CARE/results/20260707_srr_v3_m8_editor_grade_leaderboard_sprint/runtime/broad_eval/variants/m8_full_srr_context_arbitration_longrun/proposal_pr_sweep_checkpoint_best.csv,True,m8_full_srr_context_arbitration_longrun
Case2008,CenterB,checkpoint_best,5,,,1016,1.0,0.10354233533143997,myops_scar,C0+LGE+T2,0.10459340363740921,0.6611367127496159,,-0.07238838821649551,,11,0.010880962014198303,0.04308455586433409,0.2411674347158218,0.7726377952755905,10,6,0.1,3255,,,,,/users/a/e/aereinh/CARE/results/20260707_srr_v3_m8_editor_grade_leaderboard_sprint/runtime/broad_eval/variants/m8_full_srr_context_arbitration_longrun/proposal_pr_sweep_checkpoint_best.csv,True,m8_full_srr_context_arbitration_longrun
Case2008,CenterB,checkpoint_best,5,,,1016,1.0,0.10354233533143997,myops_scar,C0+LGE+T2,0.10459340363740921,0.0,,-0.07238838821649551,,1,0.010880962014198303,0.04308455586433409,0.7314553990610329,0.7667322834645669,0,0,0.2,1065,,,,,/users/a/e/aereinh/CARE/results/20260707_srr_v3_m8_editor_grade_leaderboard_sprint/runtime/broad_eval/variants/m8_full_srr_context_arbitration_longrun/proposal_pr_sweep_checkpoint_best.csv,True,m8_full_srr_context_arbitration_longrun
Case2008,CenterB,checkpoint_best,5,,,1016,1.0,0.10354233533143997,myops_scar,C0+LGE+T2,0.10459340363740921,0.0,,-0.07238838821649551,,1,0.010880962014198303,0.04308455586433409,0.7404580152671756,0.7637795275590551,0,0,0.3,1048,,,,,/users/a/e/aereinh/CARE/results/20260707_srr_v3_m8_editor_grade_leaderboard_sprint/runtime/broad_eval/variants/m8_full_srr_context_arbitration_longrun/proposal_pr_sweep_checkpoint_best.csv,True,m8_full_srr_context_arbitration_longrun
Case2008,CenterB,checkpoint_best,5,,,1016,1.0,0.10354233533143997,myops_scar,C0+LGE+T2,0.10459340363740921,0.0,,-0.07238838821649551,,1,0.010880962014198303,0.04308455586433409,0.7478260869565218,0.7618110236220472,0,0,0.4,1035,,,,,/users/a/e/aereinh/CARE/results/20260707_srr_v3_m8_editor_grade_leaderboard_sprint/runtime/broad_eval/variants/m8_full_srr_context_arbitration_longrun/proposal_pr_sweep_checkpoint_best.csv,True,m8_full_srr_context_arbitration_longrun
Case2008,CenterB,checkpoint_best,5,,,1016,1.0,0.10354233533143997,myops_scar,C0+LGE+T2,0.10459340363740921,0.0,,-0.07238838821649551,,1,0.010880962014198303,0.04308455586433409,0.7512147716229349,0.7608267716535433,0,0,0.5,1029,,,,,/users/a/e/aereinh/CARE/results/20260707_srr_v3_m8_editor_grade_leaderboard_sprint/runtime/broad_eval/variants/m8_full_srr_context_arbitration_longrun/proposal_pr_sweep_checkpoint_best.csv,True,m8_full_srr_context_arbitration_longrun
Case2008,CenterB,checkpoint_best,5,,,1016,1.0,0.10354233533143997,myops_scar,C0+LGE+T2,0.10459340363740921,0.0,,-0.07238838821649551,,1,0.010880962014198303,0.04308455586433409,0.7514734774066798,0.7529527559055118,0,0,0.6,1018,,,,,/users/a/e/aereinh/CARE/results/20260707_srr_v3_m8_editor_grade_leaderboard_sprint/runtime/broad_eval/variants/m8_full_srr_context_arbitration_longrun/proposal_pr_sweep_checkpoint_best.csv,True,m8_full_srr_context_arbitration_longrun
Case2008,CenterB,checkpoint_best,5,,,1016,1.0,0.10354233533143997,myops_scar,C0+LGE+T2,0.10459340363740921,0.0,,-0.07238838821649551,,1,0.010880962014198303,0.04308455586433409,0.7552447552447552,0.7440944881889764,0,0,0.7,1001,,,,,/users/a/e/aereinh/CARE/results/20260707_srr_v3_m8_editor_grade_leaderboard_sprint/runtime/broad_eval/variants/m8_full_srr_context_arbitration_longrun/proposal_pr_sweep_checkpoint_best.csv,True,m8_full_srr_context_arbitration_longrun
Case2008,CenterB,checkpoint_best,5,,,1016,1.0,0.10354233533143997,myops_scar,C0+LGE+T2,0.10459340363740921,0.0,,-0.07238838821649551,,1,0.010880962014198303,0.04308455586433409,0.7568947906026557,0.7293307086614174,0,0,0.8,979,,,,,/users/a/e/aereinh/CARE/results/20260707_srr_v3_m8_editor_grade_leaderboard_sprint/runtime/broad_eval/variants/m8_full_srr_context_arbitration_longrun/proposal_pr_sweep_checkpoint_best.csv,True,m8_full_srr_context_arbitration_longrun
Case2008,CenterB,checkpoint_best,5,,,1016,1.0,0.10354233533143997,myops_scar,C0+LGE+T2,0.10459340363740921,0.0,,-0.07238838821649551,,1,0.010880962014198303,0.04308455586433409,0.767467248908297,0.6919291338582677,0,0,0.9,916,,,,,/users/a/e/aereinh/CARE/results/20260707_srr_v3_m8_editor_grade_leaderboard_sprint/runtime/broad_eval/variants/m8_full_srr_context_arbitration_longrun/proposal_pr_sweep_checkpoint_best.csv,True,m8_full_srr_context_arbitration_longrun
Case2008,CenterB,checkpoint_best,4,,,3603,0.6,0.11246684193611145,myops_edema,C0+LGE+T2,0.19764292240142822,0.7411532924149428,,0.12784028053283691,,51,0.012534337118268013,0.04594835340976712,0.17988936879593848,0.6588953649736331,32,24,0.05,13197,,,,,/users/a/e/aereinh/CARE/results/20260707_srr_v3_m8_editor_grade_leaderboard_sprint/runtime/broad_eval/variants/m8_full_srr_context_arbitration_longrun/proposal_pr_sweep_checkpoint_best.csv,True,m8_full_srr_context_arbitration_longrun
Case2008,CenterB,checkpoint_best,4,,,3603,0.6,0.11246684193611145,myops_edema,C0+LGE+T2,0.19764292240142822,0.5848897863032139,,0.12784028053283691,,30,0.012534337118268013,0.04594835340976712,0.29715631835773176,0.49014709963918957,22,13,0.1,5943,,,,,/users/a/e/aereinh/CARE/results/20260707_srr_v3_m8_editor_grade_leaderboard_sprint/runtime/broad_eval/variants/m8_full_srr_context_arbitration_longrun/proposal_pr_sweep_checkpoint_best.csv,True,m8_full_srr_context_arbitration_longrun
Case2008,CenterB,checkpoint_best,4,,,3603,0.6,0.11246684193611145,myops_edema,C0+LGE+T2,0.19764292240142822,0.15835777126099707,,0.12784028053283691,,16,0.012534337118268013,0.04594835340976712,0.603128054740958,0.3424923674715515,8,7,0.2,2046,,,,,/users/a/e/aereinh/CARE/results/20260707_srr_v3_m8_editor_grade_leaderboard_sprint/runtime/broad_eval/variants/m8_full_srr_context_arbitration_longrun/proposal_pr_sweep_checkpoint_best.csv,True,m8_full_srr_context_arbitration_longrun
Case2008,CenterB,checkpoint_best,4,,,3603,0.6,0.11246684193611145,myops_edema,C0+LGE+T2,0.19764292240142822,0.046235138705416116,,0.12784028053283691,,8,0.012534337118268013,0.04594835340976712,0.6922060766182299,0.2908687205106855,2,1,0.3,1514,,,,,/users/a/e/aereinh/CARE/results/20260707_srr_v3_m8_editor_grade_leaderboard_sprint/runtime/broad_eval/variants/m8_full_srr_context_arbitration_longrun/proposal_pr_sweep_checkpoint_best.csv,True,m8_full_srr_context_arbitration_longrun
Case2008,CenterB,checkpoint_best,4,,,3603,0.6,0.11246684193611145,myops_edema,C0+LGE+T2,0.19764292240142822,0.01991150442477876,,0.12784028053283691,,6,0.012534337118268013,0.04594835340976712,0.7123893805309734,0.2681099084096586,0,0,0.4,1356,,,,,/users/a/e/aereinh/CARE/results/20260707_srr_v3_m8_editor_grade_leaderboard_sprint/runtime/broad_eval/variants/m8_full_srr_context_arbitration_longrun/proposal_pr_sweep_checkpoint_best.csv,True,m8_full_srr_context_arbitration_longrun
Case2008,CenterB,checkpoint_best,4,,,3603,0.6,0.11246684193611145,myops_edema,C0+LGE+T2,0.19764292240142822,0.015019762845849802,,0.12784028053283691,,4,0.012534337118268013,0.04594835340976712,0.7106719367588933,0.2495142936441854,0,0,0.5,1265,,,,,/users/a/e/aereinh/CARE/results/20260707_srr_v3_m8_editor_grade_leaderboard_sprint/runtime/broad_eval/variants/m8_full_srr_context_arbitration_longrun/proposal_pr_sweep_checkpoint_best.csv,True,m8_full_srr_context_arbitration_longrun
Case2008,CenterB,checkpoint_best,4,,,3603,0.6,0.11246684193611145,myops_edema,C0+LGE+T2,0.19764292240142822,0.012145748987854251,,0.12784028053283691,,4,0.012534337118268013,0.04594835340976712,0.7117408906882591,0.24396336386344714,0,0,0.6,1235,,,,,/users/a/e/aereinh/CARE/results/20260707_srr_v3_m8_editor_grade_leaderboard_sprint/runtime/broad_eval/variants/m8_full_srr_context_arbitration_longrun/proposal_pr_sweep_checkpoint_best.csv,True,m8_full_srr_context_arbitration_longrun
Case2008,CenterB,checkpoint_best,4,,,3603,0.6,0.11246684193611145,myops_edema,C0+LGE+T2,0.19764292240142822,0.010788381742738589,,0.12784028053283691,,5,0.012534337118268013,0.04594835340976712,0.7078838174273859,0.23674715514848738,0,0,0.7,1205,,,,,/users/a/e/aereinh/CARE/results/20260707_srr_v3_m8_editor_grade_leaderboard_sprint/runtime/broad_eval/variants/m8_full_srr_context_arbitration_longrun/proposal_pr_sweep_checkpoint_best.csv,True,m8_full_srr_context_arbitration_longrun
Case2008,CenterB,checkpoint_best,4,,,3603,0.6,0.11246684193611145,myops_edema,C0+LGE+T2,0.19764292240142822,0.007601351351351352,,0.12784028053283691,,5,0.012534337118268013,0.04594835340976712,0.7094594594594594,0.2331390507910075,0,0,0.8,1184,,,,,/users/a/e/aereinh/CARE/results/20260707_srr_v3_m8_editor_grade_leaderboard_sprint/runtime/broad_eval/variants/m8_full_srr_context_arbitration_longrun/proposal_pr_sweep_checkpoint_best.csv,True,m8_full_srr_context_arbitration_longrun
Case2008,CenterB,checkpoint_best,4,,,3603,0.6,0.11246684193611145,myops_edema,C0+LGE+T2,0.19764292240142822,0.005123825789923143,,0.12784028053283691,,5,0.012534337118268013,0.04594835340976712,0.7105038428693424,0.23091867887871217,0,0,0.9,1171,,,,,/users/a/e/aereinh/CARE/results/20260707_srr_v3_m8_editor_grade_leaderboard_sprint/runtime/broad_eval/variants/m8_full_srr_context_arbitration_longrun/proposal_pr_sweep_checkpoint_best.csv,True,m8_full_srr_context_arbitration_longrun
Case2017,CenterB,checkpoint_best,5,,,810,1.0,0.10578407347202301,myops_scar,C0+LGE+T2,0.10710040479898453,0.6103053435114504,,-0.07742416858673096,,29,0.007364457938820124,0.019957461021840563,0.10973282442748092,0.7098765432098766,20,13,0.05,5240,,,,,/users/a/e/aereinh/CARE/results/20260707_srr_v3_m8_editor_grade_leaderboard_sprint/runtime/broad_eval/variants/m8_full_srr_context_arbitration_longrun/proposal_pr_sweep_checkpoint_best.csv,True,m8_full_srr_context_arbitration_longrun
Case2017,CenterB,checkpoint_best,5,,,810,1.0,0.10578407347202301,myops_scar,C0+LGE+T2,0.10710040479898453,0.23024948024948025,,-0.07742416858673096,,12,0.007364457938820124,0.019957461021840563,0.2926195426195426,0.6950617283950618,7,8,0.1,1924,,,,,/users/a/e/aereinh/CARE/results/20260707_srr_v3_m8_editor_grade_leaderboard_sprint/runtime/broad_eval/variants/m8_full_srr_context_arbitration_longrun/proposal_pr_sweep_checkpoint_best.csv,True,m8_full_srr_context_arbitration_longrun
Case2017,CenterB,checkpoint_best,5,,,810,1.0,0.10578407347202301,myops_scar,C0+LGE+T2,0.10710040479898453,0.0071146245059288534,,-0.07742416858673096,,8,0.007364457938820124,0.019957461021840563,0.4379446640316206,0.6839506172839506,3,7,0.2,1265,,,,,/users/a/e/aereinh/CARE/results/20260707_srr_v3_m8_editor_grade_leaderboard_sprint/runtime/broad_eval/variants/m8_full_srr_context_arbitration_longrun/proposal_pr_sweep_checkpoint_best.csv,True,m8_full_srr_context_arbitration_longrun
Case2017,CenterB,checkpoint_best,5,,,810,1.0,0.10578407347202301,myops_scar,C0+LGE+T2,0.10710040479898453,0.00741962077493817,,-0.07742416858673096,,3,0.007364457938820124,0.019957461021840563,0.4476504534212696,0.6703703703703704,1,2,0.3,1213,,,,,/users/a/e/aereinh/CARE/results/20260707_srr_v3_m8_editor_grade_leaderboard_sprint/runtime/broad_eval/variants/m8_full_srr_context_arbitration_longrun/proposal_pr_sweep_checkpoint_best.csv,True,m8_full_srr_context_arbitration_longrun
Case2017,CenterB,checkpoint_best,5,,,810,1.0,0.10578407347202301,myops_scar,C0+LGE+T2,0.10710040479898453,0.007640067911714771,,-0.07742416858673096,,3,0.007364457938820124,0.019957461021840563,0.45585738539898135,0.662962962962963,0,2,0.4,1178,,,,,/users/a/e/aereinh/CARE/results/20260707_srr_v3_m8_editor_grade_leaderboard_sprint/runtime/broad_eval/variants/m8_full_srr_context_arbitration_longrun/proposal_pr_sweep_checkpoint_best.csv,True,m8_full_srr_context_arbitration_longrun
Case2017,CenterB,checkpoint_best,5,,,810,1.0,0.10578407347202301,myops_scar,C0+LGE+T2,0.10710040479898453,0.007832898172323759,,-0.07742416858673096,,3,0.007364457938820124,0.019957461021840563,0.453437771975631,0.6432098765432098,0,2,0.5,1149,,,,,/users/a/e/aereinh/CARE/results/20260707_srr_v3_m8_editor_grade_leaderboard_sprint/runtime/broad_eval/variants/m8_full_srr_context_arbitration_longrun/proposal_pr_sweep_checkpoint_best.csv,True,m8_full_srr_context_arbitration_longrun
Case2017,CenterB,checkpoint_best,5,,,810,1.0,0.10578407347202301,myops_scar,C0+LGE+T2,0.10710040479898453,0.008028545941123996,,-0.07742416858673096,,2,0.007364457938820124,0.019957461021840563,0.4567350579839429,0.6320987654320988,0,1,0.6,1121,,,,,/users/a/e/aereinh/CARE/results/20260707_srr_v3_m8_editor_grade_leaderboard_sprint/runtime/broad_eval/variants/m8_full_srr_context_arbitration_longrun/proposal_pr_sweep_checkpoint_best.csv,True,m8_full_srr_context_arbitration_longrun
Case2017,CenterB,checkpoint_best,5,,,810,1.0,0.10578407347202301,myops_scar,C0+LGE+T2,0.10710040479898453,0.008294930875576038,,-0.07742416858673096,,1,0.007364457938820124,0.019957461021840563,0.4589861751152074,0.6148148148148148,0,0,0.7,1085,,,,,/users/a/e/aereinh/CARE/results/20260707_srr_v3_m8_editor_grade_leaderboard_sprint/runtime/broad_eval/variants/m8_full_srr_context_arbitration_longrun/proposal_pr_sweep_checkpoint_best.csv,True,m8_full_srr_context_arbitration_longrun
Case2017,CenterB,checkpoint_best,5,,,810,1.0,0.10578407347202301,myops_scar,C0+LGE+T2,0.10710040479898453,0.009635974304068522,,-0.07742416858673096,,1,0.007364457938820124,0.019957461021840563,0.40471092077087795,0.4666666666666667,0,0,0.8,934,,,,,/users/a/e/aereinh/CARE/results/20260707_srr_v3_m8_editor_grade_leaderboard_sprint/runtime/broad_eval/variants/m8_full_srr_context_arbitration_longrun/proposal_pr_sweep_checkpoint_best.csv,True,m8_full_srr_context_arbitration_longrun
Case2017,CenterB,checkpoint_best,5,,,810,1.0,0.10578407347202301,myops_scar,C0+LGE+T2,0.10710040479898453,0.008298755186721992,,-0.07742416858673096,,5,0.007364457938820124,0.019957461021840563,0.35131396957123096,0.3135802469135803,0,1,0.9,723,,,,,/users/a/e/aereinh/CARE/results/20260707_srr_v3_m8_editor_grade_leaderboard_sprint/runtime/broad_eval/variants/m8_full_srr_context_arbitration_longrun/proposal_pr_sweep_checkpoint_best.csv,True,m8_full_srr_context_arbitration_longrun
Case2017,CenterB,checkpoint_best,4,,,2211,1.0,0.10809903591871262,myops_edema,C0+LGE+T2,0.19033829867839813,0.740439449849044,,0.11990809440612793,,63,0.013659383170306683,0.038870154134929155,0.14693056021469306,0.7924016282225237,45,28,0.05,11924,,,,,/users/a/e/aereinh/CARE/results/20260707_srr_v3_m8_editor_grade_leaderboard_sprint/runtime/broad_eval/variants/m8_full_srr_context_arbitration_longrun/proposal_pr_sweep_checkpoint_best.csv,True,m8_full_srr_context_arbitration_longrun
Case2017,CenterB,checkpoint_best,4,,,2211,1.0,0.10809903591871262,myops_edema,C0+LGE+T2,0.19033829867839813,0.46945273631840795,,0.11990809440612793,,39,0.013659383170306683,0.038870154134929155,0.33174129353233833,0.7539574853007689,26,15,0.1,5025,,,,,/users/a/e/aereinh/CARE/results/20260707_srr_v3_m8_editor_grade_leaderboard_sprint/runtime/broad_eval/variants/m8_full_srr_context_arbitration_longrun/proposal_pr_sweep_checkpoint_best.csv,True,m8_full_srr_context_arbitration_longrun
Case2017,CenterB,checkpoint_best,4,,,2211,1.0,0.10809903591871262,myops_edema,C0+LGE+T2,0.19033829867839813,0.09717987804878049,,0.11990809440612793,,10,0.013659383170306683,0.038870154134929155,0.6120426829268293,0.7263681592039801,6,8,0.2,2624,,,,,/users/a/e/aereinh/CARE/results/20260707_srr_v3_m8_editor_grade_leaderboard_sprint/runtime/broad_eval/variants/m8_full_srr_context_arbitration_longrun/proposal_pr_sweep_checkpoint_best.csv,True,m8_full_srr_context_arbitration_longrun
Case2017,CenterB,checkpoint_best,4,,,2211,1.0,0.10809903591871262,myops_edema,C0+LGE+T2,0.19033829867839813,0.06688687035507845,,0.11990809440612793,,5,0.013659383170306683,0.038870154134929155,0.643682906688687,0.7051108095884215,1,2,0.3,2422,,,,,/users/a/e/aereinh/CARE/results/20260707_srr_v3_m8_editor_grade_leaderboard_sprint/runtime/broad_eval/variants/m8_full_srr_context_arbitration_longrun/proposal_pr_sweep_checkpoint_best.csv,True,m8_full_srr_context_arbitration_longrun
Case2017,CenterB,checkpoint_best,4,,,2211,1.0,0.10809903591871262,myops_edema,C0+LGE+T2,0.19033829867839813,0.06000857265323618,,0.11990809440612793,,6,0.013659383170306683,0.038870154134929155,0.6605229318474067,0.696969696969697,0,2,0.4,2333,,,,,/users/a/e/aereinh/CARE/results/20260707_srr_v3_m8_editor_grade_leaderboard_sprint/runtime/broad_eval/variants/m8_full_srr_context_arbitration_longrun/proposal_pr_sweep_checkpoint_best.csv,True,m8_full_srr_context_arbitration_longrun
Case2017,CenterB,checkpoint_best,4,,,2211,1.0,0.10809903591871262,myops_edema,C0+LGE+T2,0.19033829867839813,0.056719022687609075,,0.11990809440612793,,6,0.013659383170306683,0.038870154134929155,0.6662303664921466,0.6906377204884667,0,2,0.5,2292,,,,,/users/a/e/aereinh/CARE/results/20260707_srr_v3_m8_editor_grade_leaderboard_sprint/runtime/broad_eval/variants/m8_full_srr_context_arbitration_longrun/proposal_pr_sweep_checkpoint_best.csv,True,m8_full_srr_context_arbitration_longrun
Case2017,CenterB,checkpoint_best,4,,,2211,1.0,0.10809903591871262,myops_edema,C0+LGE+T2,0.19033829867839813,0.055433347998240214,,0.11990809440612793,,6,0.013659383170306683,0.038870154134929155,0.6700395952485702,0.6888285843509724,0,2,0.6,2273,,,,,/users/a/e/aereinh/CARE/results/20260707_srr_v3_m8_editor_grade_leaderboard_sprint/runtime/broad_eval/variants/m8_full_srr_context_arbitration_longrun/proposal_pr_sweep_checkpoint_best.csv,True,m8_full_srr_context_arbitration_longrun
Case2017,CenterB,checkpoint_best,4,,,2211,1.0,0.10809903591871262,myops_edema,C0+LGE+T2,0.19033829867839813,0.05555555555555555,,0.11990809440612793,,6,0.013659383170306683,0.038870154134929155,0.6715167548500882,0.6888285843509724,0,2,0.7,2268,,,,,/users/a/e/aereinh/CARE/results/20260707_srr_v3_m8_editor_grade_leaderboard_sprint/runtime/broad_eval/variants/m8_full_srr_context_arbitration_longrun/proposal_pr_sweep_checkpoint_best.csv,True,m8_full_srr_context_arbitration_longrun
Case2017,CenterB,checkpoint_best,4,,,2211,1.0,0.10809903591871262,myops_edema,C0+LGE+T2,0.19033829867839813,0.05562913907284768,,0.11990809440612793,,6,0.013659383170306683,0.038870154134929155,0.671523178807947,0.6879240162822252,0,2,0.8,2265,,,,,/users/a/e/aereinh/CARE/results/20260707_srr_v3_m8_editor_grade_leaderboard_sprint/runtime/broad_eval/variants/m8_full_srr_context_arbitration_longrun/proposal_pr_sweep_checkpoint_best.csv,True,m8_full_srr_context_arbitration_longrun
Case2017,CenterB,checkpoint_best,4,,,2211,1.0,0.10809903591871262,myops_edema,C0+LGE+T2,0.19033829867839813,0.05562913907284768,,0.11990809440612793,,6,0.013659383170306683,0.038870154134929155,0.671523178807947,0.6879240162822252,0,2,0.9,2265,,,,,/users/a/e/aereinh/CARE/results/20260707_srr_v3_m8_editor_grade_leaderboard_sprint/runtime/broad_eval/variants/m8_full_srr_context_arbitration_longrun/proposal_pr_sweep_checkpoint_best.csv,True,m8_full_srr_context_arbitration_longrun
Case2020,CenterB,checkpoint_best,5,,,561,1.0,0.10583854466676712,myops_scar,C0+LGE+T2,0.10617674887180328,0.9359972908906197,,-0.09215683490037918,,17,0.006080733612179756,0.024143442884087544,0.05350491026075178,0.2816399286987522,16,8,0.05,2953,,,,,/users/a/e/aereinh/CARE/results/20260707_srr_v3_m8_editor_grade_leaderboard_sprint/runtime/broad_eval/variants/m8_full_srr_context_arbitration_longrun/proposal_pr_sweep_checkpoint_best.csv,True,m8_full_srr_context_arbitration_longrun
Case2020,CenterB,checkpoint_best,5,,,561,1.0,0.10583854466676712,myops_scar,C0+LGE+T2,0.10617674887180328,0.7452415812591509,,-0.09215683490037918,,9,0.006080733612179756,0.024143442884087544,0.22693997071742314,0.27629233511586454,7,4,0.1,683,,,,,/users/a/e/aereinh/CARE/results/20260707_srr_v3_m8_editor_grade_leaderboard_sprint/runtime/broad_eval/variants/m8_full_srr_context_arbitration_longrun/proposal_pr_sweep_checkpoint_best.csv,True,m8_full_srr_context_arbitration_longrun
Case2020,CenterB,checkpoint_best,5,,,561,1.0,0.10583854466676712,myops_scar,C0+LGE+T2,0.10617674887180328,0.0,,-0.09215683490037918,,1,0.006080733612179756,0.024143442884087544,0.8988095238095238,0.26916221033868093,0,0,0.2,168,,,,,/users/a/e/aereinh/CARE/results/20260707_srr_v3_m8_editor_grade_leaderboard_sprint/runtime/broad_eval/variants/m8_full_srr_context_arbitration_longrun/proposal_pr_sweep_checkpoint_best.csv,True,m8_full_srr_context_arbitration_longrun
Case2020,CenterB,checkpoint_best,5,,,561,1.0,0.10583854466676712,myops_scar,C0+LGE+T2,0.10617674887180328,0.0,,-0.09215683490037918,,1,0.006080733612179756,0.024143442884087544,0.9316770186335404,0.26737967914438504,0,0,0.3,161,,,,,/users/a/e/aereinh/CARE/results/20260707_srr_v3_m8_editor_grade_leaderboard_sprint/runtime/broad_eval/variants/m8_full_srr_context_arbitration_longrun/proposal_pr_sweep_checkpoint_best.csv,True,m8_full_srr_context_arbitration_longrun
Case2020,CenterB,checkpoint_best,5,,,561,1.0,0.10583854466676712,myops_scar,C0+LGE+T2,0.10617674887180328,0.0,,-0.09215683490037918,,1,0.006080733612179756,0.024143442884087544,0.9299363057324841,0.26024955436720143,0,0,0.4,157,,,,,/users/a/e/aereinh/CARE/results/20260707_srr_v3_m8_editor_grade_leaderboard_sprint/runtime/broad_eval/variants/m8_full_srr_context_arbitration_longrun/proposal_pr_sweep_checkpoint_best.csv,True,m8_full_srr_context_arbitration_longrun
Case2020,CenterB,checkpoint_best,5,,,561,1.0,0.10583854466676712,myops_scar,C0+LGE+T2,0.10617674887180328,0.0,,-0.09215683490037918,,1,0.006080733612179756,0.024143442884087544,0.9473684210526315,0.25668449197860965,0,0,0.5,152,,,,,/users/a/e/aereinh/CARE/results/20260707_srr_v3_m8_editor_grade_leaderboard_sprint/runtime/broad_eval/variants/m8_full_srr_context_arbitration_longrun/proposal_pr_sweep_checkpoint_best.csv,True,m8_full_srr_context_arbitration_longrun
Case2020,CenterB,checkpoint_best,5,,,561,1.0,0.10583854466676712,myops_scar,C0+LGE+T2,0.10617674887180328,0.0,,-0.09215683490037918,,1,0.006080733612179756,0.024143442884087544,0.965034965034965,0.24598930481283424,0,0,0.6,143,,,,,/users/a/e/aereinh/CARE/results/20260707_srr_v3_m8_editor_grade_leaderboard_sprint/runtime/broad_eval/variants/m8_full_srr_context_arbitration_longrun/proposal_pr_sweep_checkpoint_best.csv,True,m8_full_srr_context_arbitration_longrun
Case2020,CenterB,checkpoint_best,5,,,561,1.0,0.10583854466676712,myops_scar,C0+LGE+T2,0.10617674887180328,0.0,,-0.09215683490037918,,3,0.006080733612179756,0.024143442884087544,0.983739837398374,0.21568627450980393,0,0,0.7,123,,,,,/users/a/e/aereinh/CARE/results/20260707_srr_v3_m8_editor_grade_leaderboard_sprint/runtime/broad_eval/variants/m8_full_srr_context_arbitration_longrun/proposal_pr_sweep_checkpoint_best.csv,True,m8_full_srr_context_arbitration_longrun
Case2020,CenterB,checkpoint_best,5,,,561,1.0,0.10583854466676712,myops_scar,C0+LGE+T2,0.10617674887180328,0.0,,-0.09215683490037918,,2,0.006080733612179756,0.024143442884087544,1.0,0.16399286987522282,0,0,0.8,92,,,,,/users/a/e/aereinh/CARE/results/20260707_srr_v3_m8_editor_grade_leaderboard_sprint/runtime/broad_eval/variants/m8_full_srr_context_arbitration_longrun/proposal_pr_sweep_checkpoint_best.csv,True,m8_full_srr_context_arbitration_longrun
Case2020,CenterB,checkpoint_best,5,,,561,1.0,0.10583854466676712,myops_scar,C0+LGE+T2,0.10617674887180328,0.0,,-0.09215683490037918,,4,0.006080733612179756,0.024143442884087544,1.0,0.09269162210338681,0,0,0.9,52,,,,,/users/a/e/aereinh/CARE/results/20260707_srr_v3_m8_editor_grade_leaderboard_sprint/runtime/broad_eval/variants/m8_full_srr_context_arbitration_longrun/proposal_pr_sweep_checkpoint_best.csv,True,m8_full_srr_context_arbitration_longrun
Case2020,CenterB,checkpoint_best,4,,,1032,0.6666666666666666,0.11249423772096634,myops_edema,C0+LGE+T2,0.19696807861328125,0.7438683638621546,,0.12716981768608093,,36,0.013778435066342354,0.043078964576125124,0.11595777708786091,0.7238372093023255,32,15,0.05,6442,,,,,/users/a/e/aereinh/CARE/results/20260707_srr_v3_m8_editor_grade_leaderboard_sprint/runtime/broad_eval/variants/m8_full_srr_context_arbitration_longrun/proposal_pr_sweep_checkpoint_best.csv,True,m8_full_srr_context_arbitration_longrun
Case2020,CenterB,checkpoint_best,4,,,1032,0.6666666666666666,0.11249423772096634,myops_edema,C0+LGE+T2,0.19696807861328125,0.5178041543026706,,0.12716981768608093,,28,0.013778435066342354,0.043078964576125124,0.24814540059347182,0.6482558139534884,22,19,0.1,2696,,,,,/users/a/e/aereinh/CARE/results/20260707_srr_v3_m8_editor_grade_leaderboard_sprint/runtime/broad_eval/variants/m8_full_srr_context_arbitration_longrun/proposal_pr_sweep_checkpoint_best.csv,True,m8_full_srr_context_arbitration_longrun
Case2020,CenterB,checkpoint_best,4,,,1032,0.6666666666666666,0.11249423772096634,myops_edema,C0+LGE+T2,0.19696807861328125,0.1753846153846154,,0.12716981768608093,,9,0.013778435066342354,0.043078964576125124,0.46153846153846156,0.5813953488372093,5,5,0.2,1300,,,,,/users/a/e/aereinh/CARE/results/20260707_srr_v3_m8_editor_grade_leaderboard_sprint/runtime/broad_eval/variants/m8_full_srr_context_arbitration_longrun/proposal_pr_sweep_checkpoint_best.csv,True,m8_full_srr_context_arbitration_longrun
Case2020,CenterB,checkpoint_best,4,,,1032,0.6666666666666666,0.11249423772096634,myops_edema,C0+LGE+T2,0.19696807861328125,0.06565176022835395,,0.12716981768608093,,8,0.013778435066342354,0.043078964576125124,0.5518553758325404,0.562015503875969,4,4,0.3,1051,,,,,/users/a/e/aereinh/CARE/results/20260707_srr_v3_m8_editor_grade_leaderboard_sprint/runtime/broad_eval/variants/m8_full_srr_context_arbitration_longrun/proposal_pr_sweep_checkpoint_best.csv,True,m8_full_srr_context_arbitration_longrun
Case2020,CenterB,checkpoint_best,4,,,1032,0.5833333333333334,0.11249423772096634,myops_edema,C0+LGE+T2,0.19696807861328125,0.034170854271356785,,0.12716981768608093,,5,0.013778435066342354,0.043078964576125124,0.5708542713567839,0.5503875968992248,1,1,0.4,995,,,,,/users/a/e/aereinh/CARE/results/20260707_srr_v3_m8_editor_grade_leaderboard_sprint/runtime/broad_eval/variants/m8_full_srr_context_arbitration_longrun/proposal_pr_sweep_checkpoint_best.csv,True,m8_full_srr_context_arbitration_longrun
Case2020,CenterB,checkpoint_best,4,,,1032,0.5833333333333334,0.11249423772096634,myops_edema,C0+LGE+T2,0.19696807861328125,0.021604938271604937,,0.12716981768608093,,4,0.013778435066342354,0.043078964576125124,0.5781893004115226,0.5445736434108527,0,0,0.5,972,,,,,/users/a/e/aereinh/CARE/results/20260707_srr_v3_m8_editor_grade_leaderboard_sprint/runtime/broad_eval/variants/m8_full_srr_context_arbitration_longrun/proposal_pr_sweep_checkpoint_best.csv,True,m8_full_srr_context_arbitration_longrun
Case2020,CenterB,checkpoint_best,4,,,1032,0.5833333333333334,0.11249423772096634,myops_edema,C0+LGE+T2,0.19696807861328125,0.021784232365145227,,0.12716981768608093,,4,0.013778435066342354,0.043078964576125124,0.578838174273859,0.5406976744186046,0,0,0.6,964,,,,,/users/a/e/aereinh/CARE/results/20260707_srr_v3_m8_editor_grade_leaderboard_sprint/runtime/broad_eval/variants/m8_full_srr_context_arbitration_longrun/proposal_pr_sweep_checkpoint_best.csv,True,m8_full_srr_context_arbitration_longrun
Case2020,CenterB,checkpoint_best,4,,,1032,0.5833333333333334,0.11249423772096634,myops_edema,C0+LGE+T2,0.19696807861328125,0.021852237252861603,,0.12716981768608093,,4,0.013778435066342354,0.043078964576125124,0.5806451612903226,0.5406976744186046,0,0,0.7,961,,,,,/users/a/e/aereinh/CARE/results/20260707_srr_v3_m8_editor_grade_leaderboard_sprint/runtime/broad_eval/variants/m8_full_srr_context_arbitration_longrun/proposal_pr_sweep_checkpoint_best.csv,True,m8_full_srr_context_arbitration_longrun
Case2020,CenterB,checkpoint_best,4,,,1032,0.5833333333333334,0.11249423772096634,myops_edema,C0+LGE+T2,0.19696807861328125,0.0219435736677116,,0.12716981768608093,,4,0.013778435066342354,0.043078964576125124,0.5830721003134797,0.5406976744186046,0,0,0.8,957,,,,,/users/a/e/aereinh/CARE/results/20260707_srr_v3_m8_editor_grade_leaderboard_sprint/runtime/broad_eval/variants/m8_full_srr_context_arbitration_longrun/proposal_pr_sweep_checkpoint_best.csv,True,m8_full_srr_context_arbitration_longrun
Case2020,CenterB,checkpoint_best,4,,,1032,0.5833333333333334,0.11249423772096634,myops_edema,C0+LGE+T2,0.19696807861328125,0.022035676810073453,,0.12716981768608093,,4,0.013778435066342354,0.043078964576125124,0.5855194123819517,0.5406976744186046,0,0,0.9,953,,,,,/users/a/e/aereinh/CARE/results/20260707_srr_v3_m8_editor_grade_leaderboard_sprint/runtime/broad_eval/variants/m8_full_srr_context_arbitration_longrun/proposal_pr_sweep_checkpoint_best.csv,True,m8_full_srr_context_arbitration_longrun
Case2031,CenterB,checkpoint_best,5,,,864,1.0,0.10625971853733063,myops_scar,C0+LGE+T2,0.10671983659267426,0.6532137518684604,,-0.0861048698425293,,15,0.007779303938150406,0.015661769546568383,0.26644245142002987,0.8252314814814815,12,9,0.05,2676,,,,,/users/a/e/aereinh/CARE/results/20260707_srr_v3_m8_editor_grade_leaderboard_sprint/runtime/broad_eval/variants/m8_full_srr_context_arbitration_longrun/proposal_pr_sweep_checkpoint_best.csv,True,m8_full_srr_context_arbitration_longrun
Case2031,CenterB,checkpoint_best,5,,,864,1.0,0.10625971853733063,myops_scar,C0+LGE+T2,0.10671983659267426,0.17748091603053434,,-0.0861048698425293,,8,0.007779303938150406,0.015661769546568383,0.6698473282442748,0.8125,6,4,0.1,1048,,,,,/users/a/e/aereinh/CARE/results/20260707_srr_v3_m8_editor_grade_leaderboard_sprint/runtime/broad_eval/variants/m8_full_srr_context_arbitration_longrun/proposal_pr_sweep_checkpoint_best.csv,True,m8_full_srr_context_arbitration_longrun
Case2031,CenterB,checkpoint_best,5,,,864,1.0,0.10625971853733063,myops_scar,C0+LGE+T2,0.10671983659267426,0.018604651162790697,,-0.0861048698425293,,2,0.007779303938150406,0.015661769546568383,0.8023255813953488,0.7986111111111112,0,1,0.2,860,,,,,/users/a/e/aereinh/CARE/results/20260707_srr_v3_m8_editor_grade_leaderboard_sprint/runtime/broad_eval/variants/m8_full_srr_context_arbitration_longrun/proposal_pr_sweep_checkpoint_best.csv,True,m8_full_srr_context_arbitration_longrun
Case2031,CenterB,checkpoint_best,5,,,864,1.0,0.10625971853733063,myops_scar,C0+LGE+T2,0.10671983659267426,0.01873536299765808,,-0.0861048698425293,,2,0.007779303938150406,0.015661769546568383,0.8067915690866511,0.7974537037037037,0,1,0.3,854,,,,,/users/a/e/aereinh/CARE/results/20260707_srr_v3_m8_editor_grade_leaderboard_sprint/runtime/broad_eval/variants/m8_full_srr_context_arbitration_longrun/proposal_pr_sweep_checkpoint_best.csv,True,m8_full_srr_context_arbitration_longrun
Case2031,CenterB,checkpoint_best,5,,,864,1.0,0.10625971853733063,myops_scar,C0+LGE+T2,0.10671983659267426,0.018912529550827423,,-0.0861048698425293,,2,0.007779303938150406,0.015661769546568383,0.8108747044917257,0.7939814814814815,0,1,0.4,846,,,,,/users/a/e/aereinh/CARE/results/20260707_srr_v3_m8_editor_grade_leaderboard_sprint/runtime/broad_eval/variants/m8_full_srr_context_arbitration_longrun/proposal_pr_sweep_checkpoint_best.csv,True,m8_full_srr_context_arbitration_longrun
Case2031,CenterB,checkpoint_best,5,,,864,1.0,0.10625971853733063,myops_scar,C0+LGE+T2,0.10671983659267426,0.01904761904761905,,-0.0861048698425293,,2,0.007779303938150406,0.015661769546568383,0.8130952380952381,0.7905092592592593,0,1,0.5,840,,,,,/users/a/e/aereinh/CARE/results/20260707_srr_v3_m8_editor_grade_leaderboard_sprint/runtime/broad_eval/variants/m8_full_srr_context_arbitration_longrun/proposal_pr_sweep_checkpoint_best.csv,True,m8_full_srr_context_arbitration_longrun
Case2031,CenterB,checkpoint_best,5,,,864,1.0,0.10625971853733063,myops_scar,C0+LGE+T2,0.10671983659267426,0.01937046004842615,,-0.0861048698425293,,2,0.007779303938150406,0.015661769546568383,0.8196125907990315,0.7835648148148148,0,1,0.6,826,,,,,/users/a/e/aereinh/CARE/results/20260707_srr_v3_m8_editor_grade_leaderboard_sprint/runtime/broad_eval/variants/m8_full_srr_context_arbitration_longrun/proposal_pr_sweep_checkpoint_best.csv,True,m8_full_srr_context_arbitration_longrun
Case2031,CenterB,checkpoint_best,5,,,864,1.0,0.10625971853733063,myops_scar,C0+LGE+T2,0.10671983659267426,0.01982651796778191,,-0.0861048698425293,,2,0.007779303938150406,0.015661769546568383,0.8302354399008675,0.7754629629629629,0,1,0.7,807,,,,,/users/a/e/aereinh/CARE/results/20260707_srr_v3_m8_editor_grade_leaderboard_sprint/runtime/broad_eval/variants/m8_full_srr_context_arbitration_longrun/proposal_pr_sweep_checkpoint_best.csv,True,m8_full_srr_context_arbitration_longrun
Case2031,CenterB,checkpoint_best,5,,,864,1.0,0.10625971853733063,myops_scar,C0+LGE+T2,0.10671983659267426,0.021220159151193633,,-0.0861048698425293,,2,0.007779303938150406,0.015661769546568383,0.843501326259947,0.7361111111111112,0,1,0.8,754,,,,,/users/a/e/aereinh/CARE/results/20260707_srr_v3_m8_editor_grade_leaderboard_sprint/runtime/broad_eval/variants/m8_full_srr_context_arbitration_longrun/proposal_pr_sweep_checkpoint_best.csv,True,m8_full_srr_context_arbitration_longrun
Case2031,CenterB,checkpoint_best,5,,,864,1.0,0.10625971853733063,myops_scar,C0+LGE+T2,0.10671983659267426,0.023289665211062592,,-0.0861048698425293,,2,0.007779303938150406,0.015661769546568383,0.8558951965065502,0.6805555555555556,0,1,0.9,687,,,,,/users/a/e/aereinh/CARE/results/20260707_srr_v3_m8_editor_grade_leaderboard_sprint/runtime/broad_eval/variants/m8_full_srr_context_arbitration_longrun/proposal_pr_sweep_checkpoint_best.csv,True,m8_full_srr_context_arbitration_longrun
Case2031,CenterB,checkpoint_best,4,,,307,0.3076923076923077,0.10623861104249954,myops_edema,C0+LGE+T2,0.18166287243366241,0.9003840335156523,,0.11947935819625854,,51,0.009006180800497532,0.04638319946825504,0.016990573722797626,0.4755700325732899,35,21,0.05,8593,,,,,/users/a/e/aereinh/CARE/results/20260707_srr_v3_m8_editor_grade_leaderboard_sprint/runtime/broad_eval/variants/m8_full_srr_context_arbitration_longrun/proposal_pr_sweep_checkpoint_best.csv,True,m8_full_srr_context_arbitration_longrun
Case2031,CenterB,checkpoint_best,4,,,307,0.23076923076923078,0.10623861104249954,myops_edema,C0+LGE+T2,0.18166287243366241,0.778558052434457,,0.11947935819625854,,51,0.009006180800497532,0.04638319946825504,0.05945692883895131,0.41368078175895767,34,32,0.1,2136,,,,,/users/a/e/aereinh/CARE/results/20260707_srr_v3_m8_editor_grade_leaderboard_sprint/runtime/broad_eval/variants/m8_full_srr_context_arbitration_longrun/proposal_pr_sweep_checkpoint_best.csv,True,m8_full_srr_context_arbitration_longrun
Case2031,CenterB,checkpoint_best,4,,,307,0.23076923076923078,0.10623861104249954,myops_edema,C0+LGE+T2,0.18166287243366241,0.4246031746031746,,0.11947935819625854,,24,0.009006180800497532,0.04638319946825504,0.21428571428571427,0.3517915309446254,5,14,0.2,504,,,,,/users/a/e/aereinh/CARE/results/20260707_srr_v3_m8_editor_grade_leaderboard_sprint/runtime/broad_eval/variants/m8_full_srr_context_arbitration_longrun/proposal_pr_sweep_checkpoint_best.csv,True,m8_full_srr_context_arbitration_longrun
Case2031,CenterB,checkpoint_best,4,,,307,0.23076923076923078,0.10623861104249954,myops_edema,C0+LGE+T2,0.18166287243366241,0.02390438247011952,,0.11947935819625854,,18,0.009006180800497532,0.04638319946825504,0.3665338645418327,0.2996742671009772,1,12,0.3,251,,,,,/users/a/e/aereinh/CARE/results/20260707_srr_v3_m8_editor_grade_leaderboard_sprint/runtime/broad_eval/variants/m8_full_srr_context_arbitration_longrun/proposal_pr_sweep_checkpoint_best.csv,True,m8_full_srr_context_arbitration_longrun
Case2031,CenterB,checkpoint_best,4,,,307,0.23076923076923078,0.10623861104249954,myops_edema,C0+LGE+T2,0.18166287243366241,0.018018018018018018,,0.11947935819625854,,16,0.009006180800497532,0.04638319946825504,0.36936936936936937,0.2671009771986971,0,8,0.4,222,,,,,/users/a/e/aereinh/CARE/results/20260707_srr_v3_m8_editor_grade_leaderboard_sprint/runtime/broad_eval/variants/m8_full_srr_context_arbitration_longrun/proposal_pr_sweep_checkpoint_best.csv,True,m8_full_srr_context_arbitration_longrun
Case2031,CenterB,checkpoint_best,4,,,307,0.23076923076923078,0.10623861104249954,myops_edema,C0+LGE+T2,0.18166287243366241,0.014492753623188406,,0.11947935819625854,,16,0.009006180800497532,0.04638319946825504,0.38164251207729466,0.25732899022801303,0,9,0.5,207,,,,,/users/a/e/aereinh/CARE/results/20260707_srr_v3_m8_editor_grade_leaderboard_sprint/runtime/broad_eval/variants/m8_full_srr_context_arbitration_longrun/proposal_pr_sweep_checkpoint_best.csv,True,m8_full_srr_context_arbitration_longrun
Case2031,CenterB,checkpoint_best,4,,,307,0.23076923076923078,0.10623861104249954,myops_edema,C0+LGE+T2,0.18166287243366241,0.015151515151515152,,0.11947935819625854,,16,0.009006180800497532,0.04638319946825504,0.3838383838383838,0.247557003257329,0,8,0.6,198,,,,,/users/a/e/aereinh/CARE/results/20260707_srr_v3_m8_editor_grade_leaderboard_sprint/runtime/broad_eval/variants/m8_full_srr_context_arbitration_longrun/proposal_pr_sweep_checkpoint_best.csv,True,m8_full_srr_context_arbitration_longrun
Case2031,CenterB,checkpoint_best,4,,,307,0.23076923076923078,0.10623861104249954,myops_edema,C0+LGE+T2,0.18166287243366241,0.015306122448979591,,0.11947935819625854,,16,0.009006180800497532,0.04638319946825504,0.3877551020408163,0.247557003257329,0,8,0.7,196,,,,,/users/a/e/aereinh/CARE/results/20260707_srr_v3_m8_editor_grade_leaderboard_sprint/runtime/broad_eval/variants/m8_full_srr_context_arbitration_longrun/proposal_pr_sweep_checkpoint_best.csv,True,m8_full_srr_context_arbitration_longrun
Case2031,CenterB,checkpoint_best,4,,,307,0.23076923076923078,0.10623861104249954,myops_edema,C0+LGE+T2,0.18166287243366241,0.015384615384615385,,0.11947935819625854,,16,0.009006180800497532,0.04638319946825504,0.38461538461538464,0.24429967426710097,0,8,0.8,195,,,,,/users/a/e/aereinh/CARE/results/20260707_srr_v3_m8_editor_grade_leaderboard_sprint/runtime/broad_eval/variants/m8_full_srr_context_arbitration_longrun/proposal_pr_sweep_checkpoint_best.csv,True,m8_full_srr_context_arbitration_longrun
Case2031,CenterB,checkpoint_best,4,,,307,0.23076923076923078,0.10623861104249954,myops_edema,C0+LGE+T2,0.18166287243366241,0.015384615384615385,,0.11947935819625854,,16,0.009006180800497532,0.04638319946825504,0.38461538461538464,0.24429967426710097,0,8,0.9,195,,,,,/users/a/e/aereinh/CARE/results/20260707_srr_v3_m8_editor_grade_leaderboard_sprint/runtime/broad_eval/variants/m8_full_srr_context_arbitration_longrun/proposal_pr_sweep_checkpoint_best.csv,True,m8_full_srr_context_arbitration_longrun
Case2033,CenterB,checkpoint_best,5,,,1100,1.0,0.10641606152057648,myops_scar,C0+LGE+T2,0.10722918808460236,0.6341408195607878,,-0.08318892866373062,,29,0.006676932331174612,0.018998470902442933,0.19470228661987773,0.7818181818181819,20,16,0.05,4417,,,,,/users/a/e/aereinh/CARE/results/20260707_srr_v3_m8_editor_grade_leaderboard_sprint/runtime/broad_eval/variants/m8_full_srr_context_arbitration_longrun/proposal_pr_sweep_checkpoint_best.csv,True,m8_full_srr_context_arbitration_longrun
Case2033,CenterB,checkpoint_best,5,,,1100,1.0,0.10641606152057648,myops_scar,C0+LGE+T2,0.10722918808460236,0.052307692307692305,,-0.08318892866373062,,6,0.006676932331174612,0.018998470902442933,0.6453846153846153,0.7627272727272727,3,2,0.1,1300,,,,,/users/a/e/aereinh/CARE/results/20260707_srr_v3_m8_editor_grade_leaderboard_sprint/runtime/broad_eval/variants/m8_full_srr_context_arbitration_longrun/proposal_pr_sweep_checkpoint_best.csv,True,m8_full_srr_context_arbitration_longrun
Case2033,CenterB,checkpoint_best,5,,,1100,1.0,0.10641606152057648,myops_scar,C0+LGE+T2,0.10722918808460236,0.0,,-0.08318892866373062,,2,0.006676932331174612,0.018998470902442933,0.6919831223628692,0.7454545454545455,0,0,0.2,1185,,,,,/users/a/e/aereinh/CARE/results/20260707_srr_v3_m8_editor_grade_leaderboard_sprint/runtime/broad_eval/variants/m8_full_srr_context_arbitration_longrun/proposal_pr_sweep_checkpoint_best.csv,True,m8_full_srr_context_arbitration_longrun
Case2033,CenterB,checkpoint_best,5,,,1100,1.0,0.10641606152057648,myops_scar,C0+LGE+T2,0.10722918808460236,0.0,,-0.08318892866373062,,2,0.006676932331174612,0.018998470902442933,0.7033824804856895,0.7372727272727273,0,0,0.3,1153,,,,,/users/a/e/aereinh/CARE/results/20260707_srr_v3_m8_editor_grade_leaderboard_sprint/runtime/broad_eval/variants/m8_full_srr_context_arbitration_longrun/proposal_pr_sweep_checkpoint_best.csv,True,m8_full_srr_context_arbitration_longrun
Case2033,CenterB,checkpoint_best,5,,,1100,1.0,0.10641606152057648,myops_scar,C0+LGE+T2,0.10722918808460236,0.0,,-0.08318892866373062,,2,0.006676932331174612,0.018998470902442933,0.7065026362038664,0.730909090909091,0,0,0.4,1138,,,,,/users/a/e/aereinh/CARE/results/20260707_srr_v3_m8_editor_grade_leaderboard_sprint/runtime/broad_eval/variants/m8_full_srr_context_arbitration_longrun/proposal_pr_sweep_checkpoint_best.csv,True,m8_full_srr_context_arbitration_longrun
Case2033,CenterB,checkpoint_best,5,,,1100,1.0,0.10641606152057648,myops_scar,C0+LGE+T2,0.10722918808460236,0.0,,-0.08318892866373062,,1,0.006676932331174612,0.018998470902442933,0.7074468085106383,0.7254545454545455,0,0,0.5,1128,,,,,/users/a/e/aereinh/CARE/results/20260707_srr_v3_m8_editor_grade_leaderboard_sprint/runtime/broad_eval/variants/m8_full_srr_context_arbitration_longrun/proposal_pr_sweep_checkpoint_best.csv,True,m8_full_srr_context_arbitration_longrun
Case2033,CenterB,checkpoint_best,5,,,1100,1.0,0.10641606152057648,myops_scar,C0+LGE+T2,0.10722918808460236,0.0,,-0.08318892866373062,,1,0.006676932331174612,0.018998470902442933,0.7101967799642218,0.7218181818181818,0,0,0.6,1118,,,,,/users/a/e/aereinh/CARE/results/20260707_srr_v3_m8_editor_grade_leaderboard_sprint/runtime/broad_eval/variants/m8_full_srr_context_arbitration_longrun/proposal_pr_sweep_checkpoint_best.csv,True,m8_full_srr_context_arbitration_longrun
Case2033,CenterB,checkpoint_best,5,,,1100,1.0,0.10641606152057648,myops_scar,C0+LGE+T2,0.10722918808460236,0.0,,-0.08318892866373062,,1,0.006676932331174612,0.018998470902442933,0.7107887579329103,0.7127272727272728,0,0,0.7,1103,,,,,/users/a/e/aereinh/CARE/results/20260707_srr_v3_m8_editor_grade_leaderboard_sprint/runtime/broad_eval/variants/m8_full_srr_context_arbitration_longrun/proposal_pr_sweep_checkpoint_best.csv,True,m8_full_srr_context_arbitration_longrun
Case2033,CenterB,checkpoint_best,5,,,1100,1.0,0.10641606152057648,myops_scar,C0+LGE+T2,0.10722918808460236,0.0,,-0.08318892866373062,,1,0.006676932331174612,0.018998470902442933,0.7133699633699634,0.7081818181818181,0,0,0.8,1092,,,,,/users/a/e/aereinh/CARE/results/20260707_srr_v3_m8_editor_grade_leaderboard_sprint/runtime/broad_eval/variants/m8_full_srr_context_arbitration_longrun/proposal_pr_sweep_checkpoint_best.csv,True,m8_full_srr_context_arbitration_longrun
Case2033,CenterB,checkpoint_best,5,,,1100,1.0,0.10641606152057648,myops_scar,C0+LGE+T2,0.10722918808460236,0.0,,-0.08318892866373062,,1,0.006676932331174612,0.018998470902442933,0.7243346007604563,0.6927272727272727,0,0,0.9,1052,,,,,/users/a/e/aereinh/CARE/results/20260707_srr_v3_m8_editor_grade_leaderboard_sprint/runtime/broad_eval/variants/m8_full_srr_context_arbitration_longrun/proposal_pr_sweep_checkpoint_best.csv,True,m8_full_srr_context_arbitration_longrun
Case2033,CenterB,checkpoint_best,4,,,1009,1.0,0.10823161900043488,myops_edema,C0+LGE+T2,0.19146010279655457,0.7399769141977683,,0.12098710238933563,,57,0.011186790652573109,0.03425642773509025,0.06348595613697576,0.817641228939544,42,24,0.05,12995,,,,,/users/a/e/aereinh/CARE/results/20260707_srr_v3_m8_editor_grade_leaderboard_sprint/runtime/broad_eval/variants/m8_full_srr_context_arbitration_longrun/proposal_pr_sweep_checkpoint_best.csv,True,m8_full_srr_context_arbitration_longrun
Case2033,CenterB,checkpoint_best,4,,,1009,0.9444444444444444,0.10823161900043488,myops_edema,C0+LGE+T2,0.19146010279655457,0.5123809523809524,,0.12098710238933563,,41,0.011186790652573109,0.03425642773509025,0.1518095238095238,0.7898909811694748,33,23,0.1,5250,,,,,/users/a/e/aereinh/CARE/results/20260707_srr_v3_m8_editor_grade_leaderboard_sprint/runtime/broad_eval/variants/m8_full_srr_context_arbitration_longrun/proposal_pr_sweep_checkpoint_best.csv,True,m8_full_srr_context_arbitration_longrun
Case2033,CenterB,checkpoint_best,4,,,1009,0.8888888888888888,0.10823161900043488,myops_edema,C0+LGE+T2,0.19146010279655457,0.1672514619883041,,0.12098710238933563,,18,0.011186790652573109,0.03425642773509025,0.2990253411306043,0.7601585728444004,13,12,0.2,2565,,,,,/users/a/e/aereinh/CARE/results/20260707_srr_v3_m8_editor_grade_leaderboard_sprint/runtime/broad_eval/variants/m8_full_srr_context_arbitration_longrun/proposal_pr_sweep_checkpoint_best.csv,True,m8_full_srr_context_arbitration_longrun
Case2033,CenterB,checkpoint_best,4,,,1009,0.8888888888888888,0.10823161900043488,myops_edema,C0+LGE+T2,0.19146010279655457,0.03431372549019608,,0.12098710238933563,,6,0.011186790652573109,0.03425642773509025,0.3700980392156863,0.7482656095143707,2,4,0.3,2040,,,,,/users/a/e/aereinh/CARE/results/20260707_srr_v3_m8_editor_grade_leaderboard_sprint/runtime/broad_eval/variants/m8_full_srr_context_arbitration_longrun/proposal_pr_sweep_checkpoint_best.csv,True,m8_full_srr_context_arbitration_longrun
Case2033,CenterB,checkpoint_best,4,,,1009,0.8888888888888888,0.10823161900043488,myops_edema,C0+LGE+T2,0.19146010279655457,0.027532467532467533,,0.12098710238933563,,3,0.011186790652573109,0.03425642773509025,0.3890909090909091,0.7423191278493558,0,1,0.4,1925,,,,,/users/a/e/aereinh/CARE/results/20260707_srr_v3_m8_editor_grade_leaderboard_sprint/runtime/broad_eval/variants/m8_full_srr_context_arbitration_longrun/proposal_pr_sweep_checkpoint_best.csv,True,m8_full_srr_context_arbitration_longrun
Case2033,CenterB,checkpoint_best,4,,,1009,0.8888888888888888,0.10823161900043488,myops_edema,C0+LGE+T2,0.19146010279655457,0.0255863539445629,,0.12098710238933563,,3,0.011186790652573109,0.03425642773509025,0.3976545842217484,0.7393458870168483,0,1,0.5,1876,,,,,/users/a/e/aereinh/CARE/results/20260707_srr_v3_m8_editor_grade_leaderboard_sprint/runtime/broad_eval/variants/m8_full_srr_context_arbitration_longrun/proposal_pr_sweep_checkpoint_best.csv,True,m8_full_srr_context_arbitration_longrun
Case2033,CenterB,checkpoint_best,4,,,1009,0.8888888888888888,0.10823161900043488,myops_edema,C0+LGE+T2,0.19146010279655457,0.026072786529060293,,0.12098710238933563,,4,0.011186790652573109,0.03425642773509025,0.40195545898967955,0.7333994053518335,0,1,0.6,1841,,,,,/users/a/e/aereinh/CARE/results/20260707_srr_v3_m8_editor_grade_leaderboard_sprint/runtime/broad_eval/variants/m8_full_srr_context_arbitration_longrun/proposal_pr_sweep_checkpoint_best.csv,True,m8_full_srr_context_arbitration_longrun
Case2033,CenterB,checkpoint_best,4,,,1009,0.8888888888888888,0.10823161900043488,myops_edema,C0+LGE+T2,0.19146010279655457,0.025824175824175823,,0.12098710238933563,,4,0.011186790652573109,0.03425642773509025,0.4054945054945055,0.7314172447968286,0,1,0.7,1820,,,,,/users/a/e/aereinh/CARE/results/20260707_srr_v3_m8_editor_grade_leaderboard_sprint/runtime/broad_eval/variants/m8_full_srr_context_arbitration_longrun/proposal_pr_sweep_checkpoint_best.csv,True,m8_full_srr_context_arbitration_longrun
Case2033,CenterB,checkpoint_best,4,,,1009,0.8888888888888888,0.10823161900043488,myops_edema,C0+LGE+T2,0.19146010279655457,0.025881057268722467,,0.12098710238933563,,4,0.011186790652573109,0.03425642773509025,0.4063876651982379,0.7314172447968286,0,1,0.8,1816,,,,,/users/a/e/aereinh/CARE/results/20260707_srr_v3_m8_editor_grade_leaderboard_sprint/runtime/broad_eval/variants/m8_full_srr_context_arbitration_longrun/proposal_pr_sweep_checkpoint_best.csv,True,m8_full_srr_context_arbitration_longrun
Case2033,CenterB,checkpoint_best,4,,,1009,0.8888888888888888,0.10823161900043488,myops_edema,C0+LGE+T2,0.19146010279655457,0.02592388306674021,,0.12098710238933563,,4,0.011186790652573109,0.03425642773509025,0.40706012134583563,0.7314172447968286,0,1,0.9,1813,,,,,/users/a/e/aereinh/CARE/results/20260707_srr_v3_m8_editor_grade_leaderboard_sprint/runtime/broad_eval/variants/m8_full_srr_context_arbitration_longrun/proposal_pr_sweep_checkpoint_best.csv,True,m8_full_srr_context_arbitration_longrun
Case3004,CenterC,checkpoint_best,5,,,2326,1.0,0.10860575735569,myops_scar,C0+LGE+T2,0.10876113921403885,0.13721490821435195,,-0.10818371176719666,,23,0.004252098500728607,0.01302581964991986,0.3042833302429075,0.7055030094582975,17,14,0.05,5393,,,,,/users/a/e/aereinh/CARE/results/20260707_srr_v3_m8_editor_grade_leaderboard_sprint/runtime/broad_eval/variants/m8_full_srr_context_arbitration_longrun/proposal_pr_sweep_checkpoint_best.csv,True,m8_full_srr_context_arbitration_longrun
Case3004,CenterC,checkpoint_best,5,,,2326,1.0,0.10860575735569,myops_scar,C0+LGE+T2,0.10876113921403885,0.003450655624568668,,-0.10818371176719666,,6,0.004252098500728607,0.01302581964991986,0.5462387853692201,0.680567497850387,1,3,0.1,2898,,,,,/users/a/e/aereinh/CARE/results/20260707_srr_v3_m8_editor_grade_leaderboard_sprint/runtime/broad_eval/variants/m8_full_srr_context_arbitration_longrun/proposal_pr_sweep_checkpoint_best.csv,True,m8_full_srr_context_arbitration_longrun
Case3004,CenterC,checkpoint_best,5,,,2326,1.0,0.10860575735569,myops_scar,C0+LGE+T2,0.10876113921403885,0.0,,-0.10818371176719666,,1,0.004252098500728607,0.01302581964991986,0.582701062215478,0.6603611349957008,0,0,0.2,2636,,,,,/users/a/e/aereinh/CARE/results/20260707_srr_v3_m8_editor_grade_leaderboard_sprint/runtime/broad_eval/variants/m8_full_srr_context_arbitration_longrun/proposal_pr_sweep_checkpoint_best.csv,True,m8_full_srr_context_arbitration_longrun
Case3004,CenterC,checkpoint_best,5,,,2326,1.0,0.10860575735569,myops_scar,C0+LGE+T2,0.10876113921403885,0.0,,-0.10818371176719666,,1,0.004252098500728607,0.01302581964991986,0.5857087075361187,0.6448839208942391,0,0,0.3,2561,,,,,/users/a/e/aereinh/CARE/results/20260707_srr_v3_m8_editor_grade_leaderboard_sprint/runtime/broad_eval/variants/m8_full_srr_context_arbitration_longrun/proposal_pr_sweep_checkpoint_best.csv,True,m8_full_srr_context_arbitration_longrun
Case3004,CenterC,checkpoint_best,5,,,2326,1.0,0.10860575735569,myops_scar,C0+LGE+T2,0.10876113921403885,0.0,,-0.10818371176719666,,1,0.004252098500728607,0.01302581964991986,0.5873844917637605,0.6285468615649183,0,0,0.4,2489,,,,,/users/a/e/aereinh/CARE/results/20260707_srr_v3_m8_editor_grade_leaderboard_sprint/runtime/broad_eval/variants/m8_full_srr_context_arbitration_longrun/proposal_pr_sweep_checkpoint_best.csv,True,m8_full_srr_context_arbitration_longrun
Case3004,CenterC,checkpoint_best,5,,,2326,1.0,0.10860575735569,myops_scar,C0+LGE+T2,0.10876113921403885,0.0,,-0.10818371176719666,,1,0.004252098500728607,0.01302581964991986,0.590289608177172,0.5958727429062769,0,0,0.5,2348,,,,,/users/a/e/aereinh/CARE/results/20260707_srr_v3_m8_editor_grade_leaderboard_sprint/runtime/broad_eval/variants/m8_full_srr_context_arbitration_longrun/proposal_pr_sweep_checkpoint_best.csv,True,m8_full_srr_context_arbitration_longrun
Case3004,CenterC,checkpoint_best,5,,,2326,1.0,0.10860575735569,myops_scar,C0+LGE+T2,0.10876113921403885,0.0,,-0.10818371176719666,,2,0.004252098500728607,0.01302581964991986,0.6154249737670514,0.5042992261392949,0,1,0.6,1906,,,,,/users/a/e/aereinh/CARE/results/20260707_srr_v3_m8_editor_grade_leaderboard_sprint/runtime/broad_eval/variants/m8_full_srr_context_arbitration_longrun/proposal_pr_sweep_checkpoint_best.csv,True,m8_full_srr_context_arbitration_longrun
Case3004,CenterC,checkpoint_best,5,,,2326,1.0,0.10860575735569,myops_scar,C0+LGE+T2,0.10876113921403885,0.0,,-0.10818371176719666,,1,0.004252098500728607,0.01302581964991986,0.6283048211508554,0.3473774720550301,0,0,0.7,1286,,,,,/users/a/e/aereinh/CARE/results/20260707_srr_v3_m8_editor_grade_leaderboard_sprint/runtime/broad_eval/variants/m8_full_srr_context_arbitration_longrun/proposal_pr_sweep_checkpoint_best.csv,True,m8_full_srr_context_arbitration_longrun
Case3004,CenterC,checkpoint_best,5,,,2326,1.0,0.10860575735569,myops_scar,C0+LGE+T2,0.10876113921403885,0.0,,-0.10818371176719666,,4,0.004252098500728607,0.01302581964991986,0.6548042704626335,0.23731728288907997,0,1,0.8,843,,,,,/users/a/e/aereinh/CARE/results/20260707_srr_v3_m8_editor_grade_leaderboard_sprint/runtime/broad_eval/variants/m8_full_srr_context_arbitration_longrun/proposal_pr_sweep_checkpoint_best.csv,True,m8_full_srr_context_arbitration_longrun
Case3004,CenterC,checkpoint_best,5,,,2326,1.0,0.10860575735569,myops_scar,C0+LGE+T2,0.10876113921403885,0.0,,-0.10818371176719666,,6,0.004252098500728607,0.01302581964991986,0.7423887587822015,0.1362854686156492,0,2,0.9,427,,,,,/users/a/e/aereinh/CARE/results/20260707_srr_v3_m8_editor_grade_leaderboard_sprint/runtime/broad_eval/variants/m8_full_srr_context_arbitration_longrun/proposal_pr_sweep_checkpoint_best.csv,True,m8_full_srr_context_arbitration_longrun
Case3004,CenterC,checkpoint_best,4,,,3347,0.42857142857142855,0.10996215790510178,myops_edema,C0+LGE+T2,0.19647131860256195,0.9497225854779529,,0.12455333024263382,,127,0.010358993895351887,0.059283690527081476,0.021647220141436968,0.509411413205856,121,68,0.05,78763,,,,,/users/a/e/aereinh/CARE/results/20260707_srr_v3_m8_editor_grade_leaderboard_sprint/runtime/broad_eval/variants/m8_full_srr_context_arbitration_longrun/proposal_pr_sweep_checkpoint_best.csv,True,m8_full_srr_context_arbitration_longrun
Case3004,CenterC,checkpoint_best,4,,,3347,0.35714285714285715,0.10996215790510178,myops_edema,C0+LGE+T2,0.19647131860256195,0.8374058004110527,,0.12455333024263382,,86,0.010358993895351887,0.059283690527081476,0.08740580041105275,0.45742455930684195,83,33,0.1,17516,,,,,/users/a/e/aereinh/CARE/results/20260707_srr_v3_m8_editor_grade_leaderboard_sprint/runtime/broad_eval/variants/m8_full_srr_context_arbitration_longrun/proposal_pr_sweep_checkpoint_best.csv,True,m8_full_srr_context_arbitration_longrun
Case3004,CenterC,checkpoint_best,4,,,3347,0.2857142857142857,0.10996215790510178,myops_edema,C0+LGE+T2,0.19647131860256195,0.5264147003549802,,0.12455333024263382,,47,0.010358993895351887,0.059283690527081476,0.2946335351847985,0.42157155661786677,46,26,0.2,4789,,,,,/users/a/e/aereinh/CARE/results/20260707_srr_v3_m8_editor_grade_leaderboard_sprint/runtime/broad_eval/variants/m8_full_srr_context_arbitration_longrun/proposal_pr_sweep_checkpoint_best.csv,True,m8_full_srr_context_arbitration_longrun
Case3004,CenterC,checkpoint_best,4,,,3347,0.2857142857142857,0.10996215790510178,myops_edema,C0+LGE+T2,0.19647131860256195,0.21078998073217725,,0.12455333024263382,,20,0.010358993895351887,0.059283690527081476,0.5067437379576107,0.3928891544666866,18,13,0.3,2595,,,,,/users/a/e/aereinh/CARE/results/20260707_srr_v3_m8_editor_grade_leaderboard_sprint/runtime/broad_eval/variants/m8_full_srr_context_arbitration_longrun/proposal_pr_sweep_checkpoint_best.csv,True,m8_full_srr_context_arbitration_longrun
Case3004,CenterC,checkpoint_best,4,,,3347,0.2857142857142857,0.10996215790510178,myops_edema,C0+LGE+T2,0.19647131860256195,0.08738781294284365,,0.12455333024263382,,5,0.010358993895351887,0.059283690527081476,0.5947094945677845,0.3761577532118315,3,1,0.4,2117,,,,,/users/a/e/aereinh/CARE/results/20260707_srr_v3_m8_editor_grade_leaderboard_sprint/runtime/broad_eval/variants/m8_full_srr_context_arbitration_longrun/proposal_pr_sweep_checkpoint_best.csv,True,m8_full_srr_context_arbitration_longrun
Case3004,CenterC,checkpoint_best,4,,,3347,0.2857142857142857,0.10996215790510178,myops_edema,C0+LGE+T2,0.19647131860256195,0.03303618248557944,,0.12455333024263382,,5,0.010358993895351887,0.059283690527081476,0.631882538017829,0.36002390200179263,2,1,0.5,1907,,,,,/users/a/e/aereinh/CARE/results/20260707_srr_v3_m8_editor_grade_leaderboard_sprint/runtime/broad_eval/variants/m8_full_srr_context_arbitration_longrun/proposal_pr_sweep_checkpoint_best.csv,True,m8_full_srr_context_arbitration_longrun
Case3004,CenterC,checkpoint_best,4,,,3347,0.21428571428571427,0.10996215790510178,myops_edema,C0+LGE+T2,0.19647131860256195,0.0,,0.12455333024263382,,3,0.010358993895351887,0.059283690527081476,0.6577181208053692,0.351359426351957,0,0,0.6,1788,,,,,/users/a/e/aereinh/CARE/results/20260707_srr_v3_m8_editor_grade_leaderboard_sprint/runtime/broad_eval/variants/m8_full_srr_context_arbitration_longrun/proposal_pr_sweep_checkpoint_best.csv,True,m8_full_srr_context_arbitration_longrun
Case3004,CenterC,checkpoint_best,4,,,3347,0.21428571428571427,0.10996215790510178,myops_edema,C0+LGE+T2,0.19647131860256195,0.0,,0.12455333024263382,,3,0.010358993895351887,0.059283690527081476,0.6609686609686609,0.34657902599342694,0,0,0.7,1755,,,,,/users/a/e/aereinh/CARE/results/20260707_srr_v3_m8_editor_grade_leaderboard_sprint/runtime/broad_eval/variants/m8_full_srr_context_arbitration_longrun/proposal_pr_sweep_checkpoint_best.csv,True,m8_full_srr_context_arbitration_longrun
Case3004,CenterC,checkpoint_best,4,,,3347,0.21428571428571427,0.10996215790510178,myops_edema,C0+LGE+T2,0.19647131860256195,0.0,,0.12455333024263382,,4,0.010358993895351887,0.059283690527081476,0.6615031554790591,0.34448760083657004,0,1,0.8,1743,,,,,/users/a/e/aereinh/CARE/results/20260707_srr_v3_m8_editor_grade_leaderboard_sprint/runtime/broad_eval/variants/m8_full_srr_context_arbitration_longrun/proposal_pr_sweep_checkpoint_best.csv,True,m8_full_srr_context_arbitration_longrun
Case3004,CenterC,checkpoint_best,4,,,3347,0.21428571428571427,0.10996215790510178,myops_edema,C0+LGE+T2,0.19647131860256195,0.0,,0.12455333024263382,,4,0.010358993895351887,0.059283690527081476,0.6618746405980449,0.34389005079175383,0,1,0.9,1739,,,,,/users/a/e/aereinh/CARE/results/20260707_srr_v3_m8_editor_grade_leaderboard_sprint/runtime/broad_eval/variants/m8_full_srr_context_arbitration_longrun/proposal_pr_sweep_checkpoint_best.csv,True,m8_full_srr_context_arbitration_longrun
Case3011,CenterC,checkpoint_best,5,,,3126,1.0,0.10485687851905823,myops_scar,C0+LGE+T2,0.10542751848697662,0.42642388312513235,,-0.09918432682752609,,49,0.007887708954513073,0.01439176248386502,0.39508786788058436,0.5969289827255279,39,29,0.05,4723,,,,,/users/a/e/aereinh/CARE/results/20260707_srr_v3_m8_editor_grade_leaderboard_sprint/runtime/broad_eval/variants/m8_full_srr_context_arbitration_longrun/proposal_pr_sweep_checkpoint_best.csv,True,m8_full_srr_context_arbitration_longrun
Case3011,CenterC,checkpoint_best,5,,,3126,1.0,0.10485687851905823,myops_scar,C0+LGE+T2,0.10542751848697662,0.19814637264301693,,-0.09918432682752609,,10,0.007887708954513073,0.01439176248386502,0.5819750719079578,0.5825335892514395,7,3,0.1,3129,,,,,/users/a/e/aereinh/CARE/results/20260707_srr_v3_m8_editor_grade_leaderboard_sprint/runtime/broad_eval/variants/m8_full_srr_context_arbitration_longrun/proposal_pr_sweep_checkpoint_best.csv,True,m8_full_srr_context_arbitration_longrun
Case3011,CenterC,checkpoint_best,5,,,3126,1.0,0.10485687851905823,myops_scar,C0+LGE+T2,0.10542751848697662,0.0004051863857374392,,-0.09918432682752609,,3,0.007887708954513073,0.01439176248386502,0.7293354943273906,0.5758157389635317,0,0,0.2,2468,,,,,/users/a/e/aereinh/CARE/results/20260707_srr_v3_m8_editor_grade_leaderboard_sprint/runtime/broad_eval/variants/m8_full_srr_context_arbitration_longrun/proposal_pr_sweep_checkpoint_best.csv,True,m8_full_srr_context_arbitration_longrun
Case3011,CenterC,checkpoint_best,5,,,3126,1.0,0.10485687851905823,myops_scar,C0+LGE+T2,0.10542751848697662,0.0004123711340206186,,-0.09918432682752609,,3,0.007887708954513073,0.01439176248386502,0.7319587628865979,0.5678182981445937,0,0,0.3,2425,,,,,/users/a/e/aereinh/CARE/results/20260707_srr_v3_m8_editor_grade_leaderboard_sprint/runtime/broad_eval/variants/m8_full_srr_context_arbitration_longrun/proposal_pr_sweep_checkpoint_best.csv,True,m8_full_srr_context_arbitration_longrun
Case3011,CenterC,checkpoint_best,5,,,3126,1.0,0.10485687851905823,myops_scar,C0+LGE+T2,0.10542751848697662,0.0004192872117400419,,-0.09918432682752609,,3,0.007887708954513073,0.01439176248386502,0.7341719077568134,0.5601407549584133,0,0,0.4,2385,,,,,/users/a/e/aereinh/CARE/results/20260707_srr_v3_m8_editor_grade_leaderboard_sprint/runtime/broad_eval/variants/m8_full_srr_context_arbitration_longrun/proposal_pr_sweep_checkpoint_best.csv,True,m8_full_srr_context_arbitration_longrun
Case3011,CenterC,checkpoint_best,5,,,3126,1.0,0.10485687851905823,myops_scar,C0+LGE+T2,0.10542751848697662,0.000429000429000429,,-0.09918432682752609,,3,0.007887708954513073,0.01439176248386502,0.7374517374517374,0.5499040307101728,0,0,0.5,2331,,,,,/users/a/e/aereinh/CARE/results/20260707_srr_v3_m8_editor_grade_leaderboard_sprint/runtime/broad_eval/variants/m8_full_srr_context_arbitration_longrun/proposal_pr_sweep_checkpoint_best.csv,True,m8_full_srr_context_arbitration_longrun
Case3011,CenterC,checkpoint_best,5,,,3126,1.0,0.10485687851905823,myops_scar,C0+LGE+T2,0.10542751848697662,0.00043725404459991256,,-0.09918432682752609,,3,0.007887708954513073,0.01439176248386502,0.7424573677306515,0.5431861804222649,0,0,0.6,2287,,,,,/users/a/e/aereinh/CARE/results/20260707_srr_v3_m8_editor_grade_leaderboard_sprint/runtime/broad_eval/variants/m8_full_srr_context_arbitration_longrun/proposal_pr_sweep_checkpoint_best.csv,True,m8_full_srr_context_arbitration_longrun
Case3011,CenterC,checkpoint_best,5,,,3126,1.0,0.10485687851905823,myops_scar,C0+LGE+T2,0.10542751848697662,0.0004508566275924256,,-0.09918432682752609,,3,0.007887708954513073,0.01439176248386502,0.7484220018034266,0.5310300703774792,0,0,0.7,2218,,,,,/users/a/e/aereinh/CARE/results/20260707_srr_v3_m8_editor_grade_leaderboard_sprint/runtime/broad_eval/variants/m8_full_srr_context_arbitration_longrun/proposal_pr_sweep_checkpoint_best.csv,True,m8_full_srr_context_arbitration_longrun
Case3011,CenterC,checkpoint_best,5,,,3126,1.0,0.10485687851905823,myops_scar,C0+LGE+T2,0.10542751848697662,0.0005083884087442806,,-0.09918432682752609,,2,0.007887708954513073,0.01439176248386502,0.7447890188103711,0.4686500319897633,0,0,0.8,1967,,,,,/users/a/e/aereinh/CARE/results/20260707_srr_v3_m8_editor_grade_leaderboard_sprint/runtime/broad_eval/variants/m8_full_srr_context_arbitration_longrun/proposal_pr_sweep_checkpoint_best.csv,True,m8_full_srr_context_arbitration_longrun
Case3011,CenterC,checkpoint_best,5,,,3126,1.0,0.10485687851905823,myops_scar,C0+LGE+T2,0.10542751848697662,0.0009832841691248771,,-0.09918432682752609,,9,0.007887708954513073,0.01439176248386502,0.6076696165191741,0.19769673704414586,0,1,0.9,1017,,,,,/users/a/e/aereinh/CARE/results/20260707_srr_v3_m8_editor_grade_leaderboard_sprint/runtime/broad_eval/variants/m8_full_srr_context_arbitration_longrun/proposal_pr_sweep_checkpoint_best.csv,True,m8_full_srr_context_arbitration_longrun
Case3011,CenterC,checkpoint_best,4,,,868,0.15384615384615385,0.11680619418621063,myops_edema,C0+LGE+T2,0.18504299223423004,0.7582159624413145,,0.09276263415813446,,40,0.008018997497856617,0.017960012704133943,0.03051643192488263,0.44930875576036866,31,15,0.05,12780,,,,,/users/a/e/aereinh/CARE/results/20260707_srr_v3_m8_editor_grade_leaderboard_sprint/runtime/broad_eval/variants/m8_full_srr_context_arbitration_longrun/proposal_pr_sweep_checkpoint_best.csv,True,m8_full_srr_context_arbitration_longrun
Case3011,CenterC,checkpoint_best,4,,,868,0.15384615384615385,0.11680619418621063,myops_edema,C0+LGE+T2,0.18504299223423004,0.6810774858663119,,0.09276263415813446,,41,0.008018997497856617,0.017960012704133943,0.05803126039241769,0.402073732718894,34,22,0.1,6014,,,,,/users/a/e/aereinh/CARE/results/20260707_srr_v3_m8_editor_grade_leaderboard_sprint/runtime/broad_eval/variants/m8_full_srr_context_arbitration_longrun/proposal_pr_sweep_checkpoint_best.csv,True,m8_full_srr_context_arbitration_longrun
Case3011,CenterC,checkpoint_best,4,,,868,0.07692307692307693,0.11680619418621063,myops_edema,C0+LGE+T2,0.18504299223423004,0.4444858420268256,,0.09276263415813446,,20,0.008018997497856617,0.017960012704133943,0.12481371087928465,0.3859447004608295,12,14,0.2,2684,,,,,/users/a/e/aereinh/CARE/results/20260707_srr_v3_m8_editor_grade_leaderboard_sprint/runtime/broad_eval/variants/m8_full_srr_context_arbitration_longrun/proposal_pr_sweep_checkpoint_best.csv,True,m8_full_srr_context_arbitration_longrun
Case3011,CenterC,checkpoint_best,4,,,868,0.07692307692307693,0.11680619418621063,myops_edema,C0+LGE+T2,0.18504299223423004,0.3369360902255639,,0.09276263415813446,,10,0.008018997497856617,0.017960012704133943,0.15225563909774437,0.37327188940092165,3,6,0.3,2128,,,,,/users/a/e/aereinh/CARE/results/20260707_srr_v3_m8_editor_grade_leaderboard_sprint/runtime/broad_eval/variants/m8_full_srr_context_arbitration_longrun/proposal_pr_sweep_checkpoint_best.csv,True,m8_full_srr_context_arbitration_longrun
Case3011,CenterC,checkpoint_best,4,,,868,0.07692307692307693,0.11680619418621063,myops_edema,C0+LGE+T2,0.18504299223423004,0.22540045766590389,,0.09276263415813446,,10,0.008018997497856617,0.017960012704133943,0.17848970251716248,0.35944700460829493,3,7,0.4,1748,,,,,/users/a/e/aereinh/CARE/results/20260707_srr_v3_m8_editor_grade_leaderboard_sprint/runtime/broad_eval/variants/m8_full_srr_context_arbitration_longrun/proposal_pr_sweep_checkpoint_best.csv,True,m8_full_srr_context_arbitration_longrun
Case3011,CenterC,checkpoint_best,4,,,868,0.07692307692307693,0.11680619418621063,myops_edema,C0+LGE+T2,0.18504299223423004,0.15884244372990353,,0.09276263415813446,,9,0.008018997497856617,0.017960012704133943,0.19485530546623794,0.3490783410138249,2,5,0.5,1555,,,,,/users/a/e/aereinh/CARE/results/20260707_srr_v3_m8_editor_grade_leaderboard_sprint/runtime/broad_eval/variants/m8_full_srr_context_arbitration_longrun/proposal_pr_sweep_checkpoint_best.csv,True,m8_full_srr_context_arbitration_longrun
Case3011,CenterC,checkpoint_best,4,,,868,0.07692307692307693,0.11680619418621063,myops_edema,C0+LGE+T2,0.18504299223423004,0.08513708513708514,,0.09276263415813446,,8,0.008018997497856617,0.017960012704133943,0.215007215007215,0.3433179723502304,1,6,0.6,1386,,,,,/users/a/e/aereinh/CARE/results/20260707_srr_v3_m8_editor_grade_leaderboard_sprint/runtime/broad_eval/variants/m8_full_srr_context_arbitration_longrun/proposal_pr_sweep_checkpoint_best.csv,True,m8_full_srr_context_arbitration_longrun
Case3011,CenterC,checkpoint_best,4,,,868,0.07692307692307693,0.11680619418621063,myops_edema,C0+LGE+T2,0.18504299223423004,0.08320950965824665,,0.09276263415813446,,7,0.008018997497856617,0.017960012704133943,0.2199108469539376,0.34101382488479265,0,5,0.7,1346,,,,,/users/a/e/aereinh/CARE/results/20260707_srr_v3_m8_editor_grade_leaderboard_sprint/runtime/broad_eval/variants/m8_full_srr_context_arbitration_longrun/proposal_pr_sweep_checkpoint_best.csv,True,m8_full_srr_context_arbitration_longrun
Case3011,CenterC,checkpoint_best,4,,,868,0.07692307692307693,0.11680619418621063,myops_edema,C0+LGE+T2,0.18504299223423004,0.08376963350785341,,0.09276263415813446,,7,0.008018997497856617,0.017960012704133943,0.2198952879581152,0.3387096774193548,0,5,0.8,1337,,,,,/users/a/e/aereinh/CARE/results/20260707_srr_v3_m8_editor_grade_leaderboard_sprint/runtime/broad_eval/variants/m8_full_srr_context_arbitration_longrun/proposal_pr_sweep_checkpoint_best.csv,True,m8_full_srr_context_arbitration_longrun
Case3011,CenterC,checkpoint_best,4,,,868,0.07692307692307693,0.11680619418621063,myops_edema,C0+LGE+T2,0.18504299223423004,0.0811419984973704,,0.09276263415813446,,6,0.008018997497856617,0.017960012704133943,0.22088655146506386,0.3387096774193548,0,4,0.9,1331,,,,,/users/a/e/aereinh/CARE/results/20260707_srr_v3_m8_editor_grade_leaderboard_sprint/runtime/broad_eval/variants/m8_full_srr_context_arbitration_longrun/proposal_pr_sweep_checkpoint_best.csv,True,m8_full_srr_context_arbitration_longrun
Case3012,CenterC,checkpoint_best,5,,,2818,1.0,0.10790592432022095,myops_scar,C0+LGE+T2,0.10801327228546143,0.21089049338146812,,-0.1091444119811058,,24,0.004452448338270187,0.014340519160032279,0.660950661853189,0.7796309439318666,20,9,0.05,3324,,,,,/users/a/e/aereinh/CARE/results/20260707_srr_v3_m8_editor_grade_leaderboard_sprint/runtime/broad_eval/variants/m8_full_srr_context_arbitration_longrun/proposal_pr_sweep_checkpoint_best.csv,True,m8_full_srr_context_arbitration_longrun
Case3012,CenterC,checkpoint_best,5,,,2818,1.0,0.10790592432022095,myops_scar,C0+LGE+T2,0.10801327228546143,0.002042483660130719,,-0.1091444119811058,,3,0.004452448338270187,0.014340519160032279,0.8888888888888888,0.7721788502484032,2,2,0.1,2448,,,,,/users/a/e/aereinh/CARE/results/20260707_srr_v3_m8_editor_grade_leaderboard_sprint/runtime/broad_eval/variants/m8_full_srr_context_arbitration_longrun/proposal_pr_sweep_checkpoint_best.csv,True,m8_full_srr_context_arbitration_longrun
Case3012,CenterC,checkpoint_best,5,,,2818,1.0,0.10790592432022095,myops_scar,C0+LGE+T2,0.10801327228546143,0.0016849199663016006,,-0.1091444119811058,,2,0.004452448338270187,0.014340519160032279,0.8976411120471778,0.7562100780695529,1,1,0.2,2374,,,,,/users/a/e/aereinh/CARE/results/20260707_srr_v3_m8_editor_grade_leaderboard_sprint/runtime/broad_eval/variants/m8_full_srr_context_arbitration_longrun/proposal_pr_sweep_checkpoint_best.csv,True,m8_full_srr_context_arbitration_longrun
Case3012,CenterC,checkpoint_best,5,,,2818,1.0,0.10790592432022095,myops_scar,C0+LGE+T2,0.10801327228546143,0.00130605137135394,,-0.1091444119811058,,2,0.004452448338270187,0.014340519160032279,0.9098824553765782,0.7416607523066004,1,1,0.3,2297,,,,,/users/a/e/aereinh/CARE/results/20260707_srr_v3_m8_editor_grade_leaderboard_sprint/runtime/broad_eval/variants/m8_full_srr_context_arbitration_longrun/proposal_pr_sweep_checkpoint_best.csv,True,m8_full_srr_context_arbitration_longrun
Case3012,CenterC,checkpoint_best,5,,,2818,1.0,0.10790592432022095,myops_scar,C0+LGE+T2,0.10801327228546143,0.001405152224824356,,-0.1091444119811058,,2,0.004452448338270187,0.014340519160032279,0.9250585480093677,0.7008516678495387,1,1,0.4,2135,,,,,/users/a/e/aereinh/CARE/results/20260707_srr_v3_m8_editor_grade_leaderboard_sprint/runtime/broad_eval/variants/m8_full_srr_context_arbitration_longrun/proposal_pr_sweep_checkpoint_best.csv,True,m8_full_srr_context_arbitration_longrun
Case3012,CenterC,checkpoint_best,5,,,2818,1.0,0.10790592432022095,myops_scar,C0+LGE+T2,0.10801327228546143,0.001610305958132045,,-0.1091444119811058,,2,0.004452448338270187,0.014340519160032279,0.9323671497584541,0.6163946061036196,1,1,0.5,1863,,,,,/users/a/e/aereinh/CARE/results/20260707_srr_v3_m8_editor_grade_leaderboard_sprint/runtime/broad_eval/variants/m8_full_srr_context_arbitration_longrun/proposal_pr_sweep_checkpoint_best.csv,True,m8_full_srr_context_arbitration_longrun
Case3012,CenterC,checkpoint_best,5,,,2818,1.0,0.10790592432022095,myops_scar,C0+LGE+T2,0.10801327228546143,0.001936733376371853,,-0.1091444119811058,,2,0.004452448338270187,0.014340519160032279,0.9386701097482246,0.5159687721788503,1,1,0.6,1549,,,,,/users/a/e/aereinh/CARE/results/20260707_srr_v3_m8_editor_grade_leaderboard_sprint/runtime/broad_eval/variants/m8_full_srr_context_arbitration_longrun/proposal_pr_sweep_checkpoint_best.csv,True,m8_full_srr_context_arbitration_longrun
Case3012,CenterC,checkpoint_best,5,,,2818,1.0,0.10790592432022095,myops_scar,C0+LGE+T2,0.10801327228546143,0.0028089887640449437,,-0.1091444119811058,,5,0.004452448338270187,0.014340519160032279,0.9325842696629213,0.3534421575585522,1,1,0.7,1068,,,,,/users/a/e/aereinh/CARE/results/20260707_srr_v3_m8_editor_grade_leaderboard_sprint/runtime/broad_eval/variants/m8_full_srr_context_arbitration_longrun/proposal_pr_sweep_checkpoint_best.csv,True,m8_full_srr_context_arbitration_longrun
Case3012,CenterC,checkpoint_best,5,,,2818,1.0,0.10790592432022095,myops_scar,C0+LGE+T2,0.10801327228546143,0.006060606060606061,,-0.1091444119811058,,19,0.004452448338270187,0.014340519160032279,0.9151515151515152,0.16075230660042583,1,2,0.8,495,,,,,/users/a/e/aereinh/CARE/results/20260707_srr_v3_m8_editor_grade_leaderboard_sprint/runtime/broad_eval/variants/m8_full_srr_context_arbitration_longrun/proposal_pr_sweep_checkpoint_best.csv,True,m8_full_srr_context_arbitration_longrun
Case3012,CenterC,checkpoint_best,5,,,2818,1.0,0.10790592432022095,myops_scar,C0+LGE+T2,0.10801327228546143,0.0234375,,-0.1091444119811058,,12,0.004452448338270187,0.014340519160032279,0.7734375,0.035131298793470545,2,2,0.9,128,,,,,/users/a/e/aereinh/CARE/results/20260707_srr_v3_m8_editor_grade_leaderboard_sprint/runtime/broad_eval/variants/m8_full_srr_context_arbitration_longrun/proposal_pr_sweep_checkpoint_best.csv,True,m8_full_srr_context_arbitration_longrun
Case3012,CenterC,checkpoint_best,4,,,4092,0.8333333333333334,0.10943949967622757,myops_edema,C0+LGE+T2,0.19290320575237274,0.8575124356013502,,0.12281746417284012,,116,0.012355162762105465,0.07169079929590229,0.04021584650914905,0.8851417399804496,107,45,0.05,90064,,,,,/users/a/e/aereinh/CARE/results/20260707_srr_v3_m8_editor_grade_leaderboard_sprint/runtime/broad_eval/variants/m8_full_srr_context_arbitration_longrun/proposal_pr_sweep_checkpoint_best.csv,True,m8_full_srr_context_arbitration_longrun
Case3012,CenterC,checkpoint_best,4,,,4092,0.6666666666666666,0.10943949967622757,myops_edema,C0+LGE+T2,0.19290320575237274,0.6991355907986855,,0.12281746417284012,,95,0.012355162762105465,0.07169079929590229,0.11044434919274182,0.7556207233626588,82,49,0.1,27996,,,,,/users/a/e/aereinh/CARE/results/20260707_srr_v3_m8_editor_grade_leaderboard_sprint/runtime/broad_eval/variants/m8_full_srr_context_arbitration_longrun/proposal_pr_sweep_checkpoint_best.csv,True,m8_full_srr_context_arbitration_longrun
Case3012,CenterC,checkpoint_best,4,,,4092,0.3333333333333333,0.10943949967622757,myops_edema,C0+LGE+T2,0.19290320575237274,0.1171280276816609,,0.12281746417284012,,34,0.012355162762105465,0.07169079929590229,0.4166089965397924,0.5884652981427175,22,23,0.2,5780,,,,,/users/a/e/aereinh/CARE/results/20260707_srr_v3_m8_editor_grade_leaderboard_sprint/runtime/broad_eval/variants/m8_full_srr_context_arbitration_longrun/proposal_pr_sweep_checkpoint_best.csv,True,m8_full_srr_context_arbitration_longrun
Case3012,CenterC,checkpoint_best,4,,,4092,0.3333333333333333,0.10943949967622757,myops_edema,C0+LGE+T2,0.19290320575237274,0.013161502604880724,,0.12281746417284012,,15,0.012355162762105465,0.07169079929590229,0.581573896353167,0.5183284457478006,5,10,0.3,3647,,,,,/users/a/e/aereinh/CARE/results/20260707_srr_v3_m8_editor_grade_leaderboard_sprint/runtime/broad_eval/variants/m8_full_srr_context_arbitration_longrun/proposal_pr_sweep_checkpoint_best.csv,True,m8_full_srr_context_arbitration_longrun
Case3012,CenterC,checkpoint_best,4,,,4092,0.3333333333333333,0.10943949967622757,myops_edema,C0+LGE+T2,0.19290320575237274,0.003089598352214212,,0.12281746417284012,,16,0.012355162762105465,0.07169079929590229,0.6594576038448335,0.4694525904203324,0,9,0.4,2913,,,,,/users/a/e/aereinh/CARE/results/20260707_srr_v3_m8_editor_grade_leaderboard_sprint/runtime/broad_eval/variants/m8_full_srr_context_arbitration_longrun/proposal_pr_sweep_checkpoint_best.csv,True,m8_full_srr_context_arbitration_longrun
Case3012,CenterC,checkpoint_best,4,,,4092,0.3333333333333333,0.10943949967622757,myops_edema,C0+LGE+T2,0.19290320575237274,0.0028305701577031944,,0.12281746417284012,,17,0.012355162762105465,0.07169079929590229,0.6793368378487666,0.41055718475073316,0,10,0.5,2473,,,,,/users/a/e/aereinh/CARE/results/20260707_srr_v3_m8_editor_grade_leaderboard_sprint/runtime/broad_eval/variants/m8_full_srr_context_arbitration_longrun/proposal_pr_sweep_checkpoint_best.csv,True,m8_full_srr_context_arbitration_longrun
Case3012,CenterC,checkpoint_best,4,,,4092,0.3333333333333333,0.10943949967622757,myops_edema,C0+LGE+T2,0.19290320575237274,0.003143242029636282,,0.12281746417284012,,21,0.012355162762105465,0.07169079929590229,0.6960035922766054,0.3787878787878788,0,12,0.6,2227,,,,,/users/a/e/aereinh/CARE/results/20260707_srr_v3_m8_editor_grade_leaderboard_sprint/runtime/broad_eval/variants/m8_full_srr_context_arbitration_longrun/proposal_pr_sweep_checkpoint_best.csv,True,m8_full_srr_context_arbitration_longrun
Case3012,CenterC,checkpoint_best,4,,,4092,0.3333333333333333,0.10943949967622757,myops_edema,C0+LGE+T2,0.19290320575237274,0.0033238366571699905,,0.12281746417284012,,18,0.012355162762105465,0.07169079929590229,0.7018043684710351,0.36119257086999024,0,12,0.7,2106,,,,,/users/a/e/aereinh/CARE/results/20260707_srr_v3_m8_editor_grade_leaderboard_sprint/runtime/broad_eval/variants/m8_full_srr_context_arbitration_longrun/proposal_pr_sweep_checkpoint_best.csv,True,m8_full_srr_context_arbitration_longrun
Case3012,CenterC,checkpoint_best,4,,,4092,0.3333333333333333,0.10943949967622757,myops_edema,C0+LGE+T2,0.19290320575237274,0.0034482758620689655,,0.12281746417284012,,18,0.012355162762105465,0.07169079929590229,0.7044334975369458,0.34946236559139787,0,13,0.8,2030,,,,,/users/a/e/aereinh/CARE/results/20260707_srr_v3_m8_editor_grade_leaderboard_sprint/runtime/broad_eval/variants/m8_full_srr_context_arbitration_longrun/proposal_pr_sweep_checkpoint_best.csv,True,m8_full_srr_context_arbitration_longrun
Case3012,CenterC,checkpoint_best,4,,,4092,0.3333333333333333,0.10943949967622757,myops_edema,C0+LGE+T2,0.19290320575237274,0.003564154786150713,,0.12281746417284012,,18,0.012355162762105465,0.07169079929590229,0.709775967413442,0.34066471163245354,0,13,0.9,1964,,,,,/users/a/e/aereinh/CARE/results/20260707_srr_v3_m8_editor_grade_leaderboard_sprint/runtime/broad_eval/variants/m8_full_srr_context_arbitration_longrun/proposal_pr_sweep_checkpoint_best.csv,True,m8_full_srr_context_arbitration_longrun
Case3023,CenterC,checkpoint_best,5,,,1935,1.0,0.10561750084161758,myops_scar,C0+LGE+T2,0.10579826682806015,0.47711373176094346,,-0.10307881236076355,,41,0.006316176615655422,0.012801360525190823,0.30441734959024586,0.7870801033591731,37,21,0.05,5003,,,,,/users/a/e/aereinh/CARE/results/20260707_srr_v3_m8_editor_grade_leaderboard_sprint/runtime/broad_eval/variants/m8_full_srr_context_arbitration_longrun/proposal_pr_sweep_checkpoint_best.csv,True,m8_full_srr_context_arbitration_longrun
Case3023,CenterC,checkpoint_best,5,,,1935,1.0,0.10561750084161758,myops_scar,C0+LGE+T2,0.10579826682806015,0.16379613356766257,,-0.10307881236076355,,11,0.006316176615655422,0.012801360525190823,0.5307557117750439,0.7803617571059431,10,8,0.1,2845,,,,,/users/a/e/aereinh/CARE/results/20260707_srr_v3_m8_editor_grade_leaderboard_sprint/runtime/broad_eval/variants/m8_full_srr_context_arbitration_longrun/proposal_pr_sweep_checkpoint_best.csv,True,m8_full_srr_context_arbitration_longrun
Case3023,CenterC,checkpoint_best,5,,,1935,1.0,0.10561750084161758,myops_scar,C0+LGE+T2,0.10579826682806015,0.10960495739736638,,-0.10307881236076355,,3,0.006316176615655422,0.012801360525190823,0.5774593338497289,0.7705426356589147,2,2,0.2,2582,,,,,/users/a/e/aereinh/CARE/results/20260707_srr_v3_m8_editor_grade_leaderboard_sprint/runtime/broad_eval/variants/m8_full_srr_context_arbitration_longrun/proposal_pr_sweep_checkpoint_best.csv,True,m8_full_srr_context_arbitration_longrun
Case3023,CenterC,checkpoint_best,5,,,1935,1.0,0.10561750084161758,myops_scar,C0+LGE+T2,0.10579826682806015,0.10410849621061029,,-0.10307881236076355,,2,0.006316176615655422,0.012801360525190823,0.5867570801755085,0.7602067183462532,1,1,0.3,2507,,,,,/users/a/e/aereinh/CARE/results/20260707_srr_v3_m8_editor_grade_leaderboard_sprint/runtime/broad_eval/variants/m8_full_srr_context_arbitration_longrun/proposal_pr_sweep_checkpoint_best.csv,True,m8_full_srr_context_arbitration_longrun
Case3023,CenterC,checkpoint_best,5,,,1935,1.0,0.10561750084161758,myops_scar,C0+LGE+T2,0.10579826682806015,0.10149130074565037,,-0.10307881236076355,,2,0.006316176615655422,0.012801360525190823,0.5994200497100248,0.7478036175710594,1,1,0.4,2414,,,,,/users/a/e/aereinh/CARE/results/20260707_srr_v3_m8_editor_grade_leaderboard_sprint/runtime/broad_eval/variants/m8_full_srr_context_arbitration_longrun/proposal_pr_sweep_checkpoint_best.csv,True,m8_full_srr_context_arbitration_longrun
Case3023,CenterC,checkpoint_best,5,,,1935,1.0,0.10561750084161758,myops_scar,C0+LGE+T2,0.10579826682806015,0.10017421602787456,,-0.10307881236076355,,2,0.006316176615655422,0.012801360525190823,0.6123693379790941,0.7266149870801034,1,1,0.5,2296,,,,,/users/a/e/aereinh/CARE/results/20260707_srr_v3_m8_editor_grade_leaderboard_sprint/runtime/broad_eval/variants/m8_full_srr_context_arbitration_longrun/proposal_pr_sweep_checkpoint_best.csv,True,m8_full_srr_context_arbitration_longrun
Case3023,CenterC,checkpoint_best,5,,,1935,1.0,0.10561750084161758,myops_scar,C0+LGE+T2,0.10579826682806015,0.1054421768707483,,-0.10307881236076355,,2,0.006316176615655422,0.012801360525190823,0.5991253644314869,0.6372093023255814,1,1,0.6,2058,,,,,/users/a/e/aereinh/CARE/results/20260707_srr_v3_m8_editor_grade_leaderboard_sprint/runtime/broad_eval/variants/m8_full_srr_context_arbitration_longrun/proposal_pr_sweep_checkpoint_best.csv,True,m8_full_srr_context_arbitration_longrun
Case3023,CenterC,checkpoint_best,5,,,1935,1.0,0.10561750084161758,myops_scar,C0+LGE+T2,0.10579826682806015,0.1041312959818902,,-0.10307881236076355,,4,0.006316176615655422,0.012801360525190823,0.6021505376344086,0.5498708010335918,1,1,0.7,1767,,,,,/users/a/e/aereinh/CARE/results/20260707_srr_v3_m8_editor_grade_leaderboard_sprint/runtime/broad_eval/variants/m8_full_srr_context_arbitration_longrun/proposal_pr_sweep_checkpoint_best.csv,True,m8_full_srr_context_arbitration_longrun
Case3023,CenterC,checkpoint_best,5,,,1935,1.0,0.10561750084161758,myops_scar,C0+LGE+T2,0.10579826682806015,0.10641296687808316,,-0.10307881236076355,,5,0.006316176615655422,0.012801360525190823,0.6152219873150105,0.4511627906976744,1,2,0.8,1419,,,,,/users/a/e/aereinh/CARE/results/20260707_srr_v3_m8_editor_grade_leaderboard_sprint/runtime/broad_eval/variants/m8_full_srr_context_arbitration_longrun/proposal_pr_sweep_checkpoint_best.csv,True,m8_full_srr_context_arbitration_longrun
Case3023,CenterC,checkpoint_best,5,,,1935,1.0,0.10561750084161758,myops_scar,C0+LGE+T2,0.10579826682806015,0.1068062827225131,,-0.10307881236076355,,4,0.006316176615655422,0.012801360525190823,0.5602094240837696,0.27648578811369506,0,0,0.9,955,,,,,/users/a/e/aereinh/CARE/results/20260707_srr_v3_m8_editor_grade_leaderboard_sprint/runtime/broad_eval/variants/m8_full_srr_context_arbitration_longrun/proposal_pr_sweep_checkpoint_best.csv,True,m8_full_srr_context_arbitration_longrun
Case3023,CenterC,checkpoint_best,4,,,764,0.7,0.10680961608886719,myops_edema,C0+LGE+T2,0.18562334775924683,0.8728770708783201,,0.11573696881532669,,189,0.010345562361180782,0.04983018413186073,0.012343475803813094,0.5431937172774869,187,137,0.05,33621,,,,,/users/a/e/aereinh/CARE/results/20260707_srr_v3_m8_editor_grade_leaderboard_sprint/runtime/broad_eval/variants/m8_full_srr_context_arbitration_longrun/proposal_pr_sweep_checkpoint_best.csv,True,m8_full_srr_context_arbitration_longrun
Case3023,CenterC,checkpoint_best,4,,,764,0.6,0.10680961608886719,myops_edema,C0+LGE+T2,0.18562334775924683,0.8037359479333953,,0.11573696881532669,,67,0.010345562361180782,0.04983018413186073,0.01884878708477728,0.2918848167539267,58,27,0.1,11831,,,,,/users/a/e/aereinh/CARE/results/20260707_srr_v3_m8_editor_grade_leaderboard_sprint/runtime/broad_eval/variants/m8_full_srr_context_arbitration_longrun/proposal_pr_sweep_checkpoint_best.csv,True,m8_full_srr_context_arbitration_longrun
Case3023,CenterC,checkpoint_best,4,,,764,0.6,0.10680961608886719,myops_edema,C0+LGE+T2,0.18562334775924683,0.47312198483804274,,0.11573696881532669,,45,0.010345562361180782,0.04983018413186073,0.059269469331495524,0.225130890052356,30,22,0.2,2902,,,,,/users/a/e/aereinh/CARE/results/20260707_srr_v3_m8_editor_grade_leaderboard_sprint/runtime/broad_eval/variants/m8_full_srr_context_arbitration_longrun/proposal_pr_sweep_checkpoint_best.csv,True,m8_full_srr_context_arbitration_longrun
Case3023,CenterC,checkpoint_best,4,,,764,0.6,0.10680961608886719,myops_edema,C0+LGE+T2,0.18562334775924683,0.12237237237237238,,0.11573696881532669,,18,0.010345562361180782,0.04983018413186073,0.11561561561561562,0.20157068062827224,8,13,0.3,1332,,,,,/users/a/e/aereinh/CARE/results/20260707_srr_v3_m8_editor_grade_leaderboard_sprint/runtime/broad_eval/variants/m8_full_srr_context_arbitration_longrun/proposal_pr_sweep_checkpoint_best.csv,True,m8_full_srr_context_arbitration_longrun
Case3023,CenterC,checkpoint_best,4,,,764,0.6,0.10680961608886719,myops_edema,C0+LGE+T2,0.18562334775924683,0.07764265668849392,,0.11573696881532669,,13,0.010345562361180782,0.04983018413186073,0.13376987839101964,0.18717277486910994,1,8,0.4,1069,,,,,/users/a/e/aereinh/CARE/results/20260707_srr_v3_m8_editor_grade_leaderboard_sprint/runtime/broad_eval/variants/m8_full_srr_context_arbitration_longrun/proposal_pr_sweep_checkpoint_best.csv,True,m8_full_srr_context_arbitration_longrun
Case3023,CenterC,checkpoint_best,4,,,764,0.6,0.10680961608886719,myops_edema,C0+LGE+T2,0.18562334775924683,0.07014028056112225,,0.11573696881532669,,14,0.010345562361180782,0.04983018413186073,0.13927855711422846,0.18193717277486912,1,8,0.5,998,,,,,/users/a/e/aereinh/CARE/results/20260707_srr_v3_m8_editor_grade_leaderboard_sprint/runtime/broad_eval/variants/m8_full_srr_context_arbitration_longrun/proposal_pr_sweep_checkpoint_best.csv,True,m8_full_srr_context_arbitration_longrun
Case3023,CenterC,checkpoint_best,4,,,764,0.6,0.10680961608886719,myops_edema,C0+LGE+T2,0.18562334775924683,0.07030430220356768,,0.11573696881532669,,12,0.010345562361180782,0.04983018413186073,0.14375655823714587,0.1793193717277487,1,6,0.6,953,,,,,/users/a/e/aereinh/CARE/results/20260707_srr_v3_m8_editor_grade_leaderboard_sprint/runtime/broad_eval/variants/m8_full_srr_context_arbitration_longrun/proposal_pr_sweep_checkpoint_best.csv,True,m8_full_srr_context_arbitration_longrun
Case3023,CenterC,checkpoint_best,4,,,764,0.6,0.10680961608886719,myops_edema,C0+LGE+T2,0.18562334775924683,0.06476399560922064,,0.11573696881532669,,13,0.010345562361180782,0.04983018413186073,0.14818880351262348,0.17670157068062828,1,7,0.7,911,,,,,/users/a/e/aereinh/CARE/results/20260707_srr_v3_m8_editor_grade_leaderboard_sprint/runtime/broad_eval/variants/m8_full_srr_context_arbitration_longrun/proposal_pr_sweep_checkpoint_best.csv,True,m8_full_srr_context_arbitration_longrun
Case3023,CenterC,checkpoint_best,4,,,764,0.6,0.10680961608886719,myops_edema,C0+LGE+T2,0.18562334775924683,0.057432432432432436,,0.11573696881532669,,13,0.010345562361180782,0.04983018413186073,0.15090090090090091,0.17539267015706805,1,7,0.8,888,,,,,/users/a/e/aereinh/CARE/results/20260707_srr_v3_m8_editor_grade_leaderboard_sprint/runtime/broad_eval/variants/m8_full_srr_context_arbitration_longrun/proposal_pr_sweep_checkpoint_best.csv,True,m8_full_srr_context_arbitration_longrun
Case3023,CenterC,checkpoint_best,4,,,764,0.6,0.10680961608886719,myops_edema,C0+LGE+T2,0.18562334775924683,0.05788876276958002,,0.11573696881532669,,13,0.010345562361180782,0.04983018413186073,0.15209988649262202,0.17539267015706805,1,7,0.9,881,,,,,/users/a/e/aereinh/CARE/results/20260707_srr_v3_m8_editor_grade_leaderboard_sprint/runtime/broad_eval/variants/m8_full_srr_context_arbitration_longrun/proposal_pr_sweep_checkpoint_best.csv,True,m8_full_srr_context_arbitration_longrun
Case3026,CenterC,checkpoint_best,5,,,4353,1.0,0.10582318156957626,myops_scar,C0+LGE+T2,0.10590621083974838,0.08155339805825243,,-0.11140278726816177,,14,0.006234804168343544,0.017161063198000193,0.863245492371706,0.7149092579830002,11,10,0.05,3605,,,,,/users/a/e/aereinh/CARE/results/20260707_srr_v3_m8_editor_grade_leaderboard_sprint/runtime/broad_eval/variants/m8_full_srr_context_arbitration_longrun/proposal_pr_sweep_checkpoint_best.csv,True,m8_full_srr_context_arbitration_longrun
Case3026,CenterC,checkpoint_best,5,,,4353,1.0,0.10582318156957626,myops_scar,C0+LGE+T2,0.10590621083974838,0.003676470588235294,,-0.11140278726816177,,2,0.006234804168343544,0.017161063198000193,0.9448529411764706,0.7084769124741558,0,1,0.1,3264,,,,,/users/a/e/aereinh/CARE/results/20260707_srr_v3_m8_editor_grade_leaderboard_sprint/runtime/broad_eval/variants/m8_full_srr_context_arbitration_longrun/proposal_pr_sweep_checkpoint_best.csv,True,m8_full_srr_context_arbitration_longrun
Case3026,CenterC,checkpoint_best,5,,,4353,1.0,0.10582318156957626,myops_scar,C0+LGE+T2,0.10590621083974838,0.0,,-0.11140278726816177,,1,0.006234804168343544,0.017161063198000193,0.9516483516483516,0.6963014013324145,0,0,0.2,3185,,,,,/users/a/e/aereinh/CARE/results/20260707_srr_v3_m8_editor_grade_leaderboard_sprint/runtime/broad_eval/variants/m8_full_srr_context_arbitration_longrun/proposal_pr_sweep_checkpoint_best.csv,True,m8_full_srr_context_arbitration_longrun
Case3026,CenterC,checkpoint_best,5,,,4353,1.0,0.10582318156957626,myops_scar,C0+LGE+T2,0.10590621083974838,0.0,,-0.11140278726816177,,1,0.006234804168343544,0.017161063198000193,0.9562700964630225,0.6832069836894096,0,0,0.3,3110,,,,,/users/a/e/aereinh/CARE/results/20260707_srr_v3_m8_editor_grade_leaderboard_sprint/runtime/broad_eval/variants/m8_full_srr_context_arbitration_longrun/proposal_pr_sweep_checkpoint_best.csv,True,m8_full_srr_context_arbitration_longrun
Case3026,CenterC,checkpoint_best,5,,,4353,1.0,0.10582318156957626,myops_scar,C0+LGE+T2,0.10590621083974838,0.0,,-0.11140278726816177,,1,0.006234804168343544,0.017161063198000193,0.9585238406270411,0.6742476453020905,0,0,0.4,3062,,,,,/users/a/e/aereinh/CARE/results/20260707_srr_v3_m8_editor_grade_leaderboard_sprint/runtime/broad_eval/variants/m8_full_srr_context_arbitration_longrun/proposal_pr_sweep_checkpoint_best.csv,True,m8_full_srr_context_arbitration_longrun
Case3026,CenterC,checkpoint_best,5,,,4353,1.0,0.10582318156957626,myops_scar,C0+LGE+T2,0.10590621083974838,0.0,,-0.11140278726816177,,1,0.006234804168343544,0.017161063198000193,0.9602157788267026,0.6542614288996095,0,0,0.5,2966,,,,,/users/a/e/aereinh/CARE/results/20260707_srr_v3_m8_editor_grade_leaderboard_sprint/runtime/broad_eval/variants/m8_full_srr_context_arbitration_longrun/proposal_pr_sweep_checkpoint_best.csv,True,m8_full_srr_context_arbitration_longrun
Case3026,CenterC,checkpoint_best,5,,,4353,1.0,0.10582318156957626,myops_scar,C0+LGE+T2,0.10590621083974838,0.0,,-0.11140278726816177,,1,0.006234804168343544,0.017161063198000193,0.9607483492296405,0.6016540317022743,0,0,0.6,2726,,,,,/users/a/e/aereinh/CARE/results/20260707_srr_v3_m8_editor_grade_leaderboard_sprint/runtime/broad_eval/variants/m8_full_srr_context_arbitration_longrun/proposal_pr_sweep_checkpoint_best.csv,True,m8_full_srr_context_arbitration_longrun
Case3026,CenterC,checkpoint_best,5,,,4353,1.0,0.10582318156957626,myops_scar,C0+LGE+T2,0.10590621083974838,0.0,,-0.11140278726816177,,1,0.006234804168343544,0.017161063198000193,0.958670260557053,0.49023661842407534,0,0,0.7,2226,,,,,/users/a/e/aereinh/CARE/results/20260707_srr_v3_m8_editor_grade_leaderboard_sprint/runtime/broad_eval/variants/m8_full_srr_context_arbitration_longrun/proposal_pr_sweep_checkpoint_best.csv,True,m8_full_srr_context_arbitration_longrun
Case3026,CenterC,checkpoint_best,5,,,4353,1.0,0.10582318156957626,myops_scar,C0+LGE+T2,0.10590621083974838,0.0,,-0.11140278726816177,,6,0.006234804168343544,0.017161063198000193,0.952857984678845,0.3714679531357684,0,0,0.8,1697,,,,,/users/a/e/aereinh/CARE/results/20260707_srr_v3_m8_editor_grade_leaderboard_sprint/runtime/broad_eval/variants/m8_full_srr_context_arbitration_longrun/proposal_pr_sweep_checkpoint_best.csv,True,m8_full_srr_context_arbitration_longrun
Case3026,CenterC,checkpoint_best,5,,,4353,1.0,0.10582318156957626,myops_scar,C0+LGE+T2,0.10590621083974838,0.0,,-0.11140278726816177,,9,0.006234804168343544,0.017161063198000193,0.9223416965352449,0.17734895474385481,0,0,0.9,837,,,,,/users/a/e/aereinh/CARE/results/20260707_srr_v3_m8_editor_grade_leaderboard_sprint/runtime/broad_eval/variants/m8_full_srr_context_arbitration_longrun/proposal_pr_sweep_checkpoint_best.csv,True,m8_full_srr_context_arbitration_longrun
Case3026,CenterC,checkpoint_best,4,,,1828,0.7647058823529411,0.10830613970756531,myops_edema,C0+LGE+T2,0.19870838522911072,0.9329085806254239,,0.12486125528812408,,45,0.010813835076987743,0.073024931922555,0.013620462616884585,0.5601750547045952,38,14,0.05,75181,,,,,/users/a/e/aereinh/CARE/results/20260707_srr_v3_m8_editor_grade_leaderboard_sprint/runtime/broad_eval/variants/m8_full_srr_context_arbitration_longrun/proposal_pr_sweep_checkpoint_best.csv,True,m8_full_srr_context_arbitration_longrun
Case3026,CenterC,checkpoint_best,4,,,1828,0.6470588235294118,0.10830613970756531,myops_edema,C0+LGE+T2,0.19870838522911072,0.6606770229538604,,0.12486125528812408,,44,0.010813835076987743,0.073024931922555,0.07291908184558311,0.3440919037199125,36,12,0.1,8626,,,,,/users/a/e/aereinh/CARE/results/20260707_srr_v3_m8_editor_grade_leaderboard_sprint/runtime/broad_eval/variants/m8_full_srr_context_arbitration_longrun/proposal_pr_sweep_checkpoint_best.csv,True,m8_full_srr_context_arbitration_longrun
Case3026,CenterC,checkpoint_best,4,,,1828,0.5294117647058824,0.10830613970756531,myops_edema,C0+LGE+T2,0.19870838522911072,0.3149152542372881,,0.12486125528812408,,39,0.010813835076987743,0.073024931922555,0.16474576271186442,0.2658643326039387,31,23,0.2,2950,,,,,/users/a/e/aereinh/CARE/results/20260707_srr_v3_m8_editor_grade_leaderboard_sprint/runtime/broad_eval/variants/m8_full_srr_context_arbitration_longrun/proposal_pr_sweep_checkpoint_best.csv,True,m8_full_srr_context_arbitration_longrun
Case3026,CenterC,checkpoint_best,4,,,1828,0.5294117647058824,0.10830613970756531,myops_edema,C0+LGE+T2,0.19870838522911072,0.02650081124932396,,0.12486125528812408,,12,0.010813835076987743,0.073024931922555,0.24175229853975122,0.24452954048140044,4,9,0.3,1849,,,,,/users/a/e/aereinh/CARE/results/20260707_srr_v3_m8_editor_grade_leaderboard_sprint/runtime/broad_eval/variants/m8_full_srr_context_arbitration_longrun/proposal_pr_sweep_checkpoint_best.csv,True,m8_full_srr_context_arbitration_longrun
Case3026,CenterC,checkpoint_best,4,,,1828,0.47058823529411764,0.10830613970756531,myops_edema,C0+LGE+T2,0.19870838522911072,0.0017889087656529517,,0.12486125528812408,,6,0.010813835076987743,0.073024931922555,0.24865831842576028,0.22811816192560175,1,4,0.4,1677,,,,,/users/a/e/aereinh/CARE/results/20260707_srr_v3_m8_editor_grade_leaderboard_sprint/runtime/broad_eval/variants/m8_full_srr_context_arbitration_longrun/proposal_pr_sweep_checkpoint_best.csv,True,m8_full_srr_context_arbitration_longrun
Case3026,CenterC,checkpoint_best,4,,,1828,0.47058823529411764,0.10830613970756531,myops_edema,C0+LGE+T2,0.19870838522911072,0.0,,0.12486125528812408,,3,0.010813835076987743,0.073024931922555,0.2498402555910543,0.21389496717724288,0,2,0.5,1565,,,,,/users/a/e/aereinh/CARE/results/20260707_srr_v3_m8_editor_grade_leaderboard_sprint/runtime/broad_eval/variants/m8_full_srr_context_arbitration_longrun/proposal_pr_sweep_checkpoint_best.csv,True,m8_full_srr_context_arbitration_longrun
Case3026,CenterC,checkpoint_best,4,,,1828,0.47058823529411764,0.10830613970756531,myops_edema,C0+LGE+T2,0.19870838522911072,0.0,,0.12486125528812408,,4,0.010813835076987743,0.073024931922555,0.2472972972972973,0.20021881838074398,0,2,0.6,1480,,,,,/users/a/e/aereinh/CARE/results/20260707_srr_v3_m8_editor_grade_leaderboard_sprint/runtime/broad_eval/variants/m8_full_srr_context_arbitration_longrun/proposal_pr_sweep_checkpoint_best.csv,True,m8_full_srr_context_arbitration_longrun
Case3026,CenterC,checkpoint_best,4,,,1828,0.47058823529411764,0.10830613970756531,myops_edema,C0+LGE+T2,0.19870838522911072,0.0,,0.12486125528812408,,4,0.010813835076987743,0.073024931922555,0.2491252624212736,0.19474835886214442,0,2,0.7,1429,,,,,/users/a/e/aereinh/CARE/results/20260707_srr_v3_m8_editor_grade_leaderboard_sprint/runtime/broad_eval/variants/m8_full_srr_context_arbitration_longrun/proposal_pr_sweep_checkpoint_best.csv,True,m8_full_srr_context_arbitration_longrun
Case3026,CenterC,checkpoint_best,4,,,1828,0.47058823529411764,0.10830613970756531,myops_edema,C0+LGE+T2,0.19870838522911072,0.0,,0.12486125528812408,,4,0.010813835076987743,0.073024931922555,0.25195729537366546,0.1936542669584245,0,2,0.8,1405,,,,,/users/a/e/aereinh/CARE/results/20260707_srr_v3_m8_editor_grade_leaderboard_sprint/runtime/broad_eval/variants/m8_full_srr_context_arbitration_longrun/proposal_pr_sweep_checkpoint_best.csv,True,m8_full_srr_context_arbitration_longrun
Case3026,CenterC,checkpoint_best,4,,,1828,0.47058823529411764,0.10830613970756531,myops_edema,C0+LGE+T2,0.19870838522911072,0.0,,0.12486125528812408,,4,0.010813835076987743,0.073024931922555,0.2524964336661912,0.1936542669584245,0,2,0.9,1402,,,,,/users/a/e/aereinh/CARE/results/20260707_srr_v3_m8_editor_grade_leaderboard_sprint/runtime/broad_eval/variants/m8_full_srr_context_arbitration_longrun/proposal_pr_sweep_checkpoint_best.csv,True,m8_full_srr_context_arbitration_longrun
Case1002,CenterA,checkpoint_best,5,,,2062,1.0,0.3113154172897339,myops_scar,LGE-only,0.31187188625335693,0.6252541466024613,,0.1697133630514145,,54,0.012530181556940079,0.05372917745262383,0.18576779026217227,0.8419010669253152,44,40,0.1,9345,,,,,/users/a/e/aereinh/CARE/results/20260707_srr_v3_m8_editor_grade_leaderboard_sprint/runtime/variants/m8_scar_precision_edema_safe_longrun/proposal_pr_sweep_checkpoint_best.csv,False,m8_scar_precision_edema_safe_longrun
Case1002,CenterA,checkpoint_best,5,,,2062,1.0,0.3113154172897339,myops_scar,LGE-only,0.31187188625335693,0.14382402707275804,,0.1697133630514145,,11,0.012530181556940079,0.05372917745262383,0.6484771573604061,0.7434529582929195,4,9,0.2,2364,,,,,/users/a/e/aereinh/CARE/results/20260707_srr_v3_m8_editor_grade_leaderboard_sprint/runtime/variants/m8_scar_precision_edema_safe_longrun/proposal_pr_sweep_checkpoint_best.csv,False,m8_scar_precision_edema_safe_longrun
Case1002,CenterA,checkpoint_best,5,,,2062,1.0,0.3113154172897339,myops_scar,LGE-only,0.31187188625335693,0.1080669710806697,,0.1697133630514145,,4,0.012530181556940079,0.05372917745262383,0.7204464738711314,0.6886517943743938,0,3,0.3,1971,,,,,/users/a/e/aereinh/CARE/results/20260707_srr_v3_m8_editor_grade_leaderboard_sprint/runtime/variants/m8_scar_precision_edema_safe_longrun/proposal_pr_sweep_checkpoint_best.csv,False,m8_scar_precision_edema_safe_longrun
Case1002,CenterA,checkpoint_best,5,,,2062,1.0,0.3113154172897339,myops_scar,LGE-only,0.31187188625335693,0.10199556541019955,,0.1697133630514145,,2,0.012530181556940079,0.05372917745262383,0.7339246119733924,0.6420950533462657,0,1,0.4,1804,,,,,/users/a/e/aereinh/CARE/results/20260707_srr_v3_m8_editor_grade_leaderboard_sprint/runtime/variants/m8_scar_precision_edema_safe_longrun/proposal_pr_sweep_checkpoint_best.csv,False,m8_scar_precision_edema_safe_longrun
Case1002,CenterA,checkpoint_best,5,,,2062,1.0,0.3113154172897339,myops_scar,LGE-only,0.31187188625335693,0.09448818897637795,,0.1697133630514145,,3,0.012530181556940079,0.05372917745262383,0.7480314960629921,0.5989330746847721,0,1,0.5,1651,,,,,/users/a/e/aereinh/CARE/results/20260707_srr_v3_m8_editor_grade_leaderboard_sprint/runtime/variants/m8_scar_precision_edema_safe_longrun/proposal_pr_sweep_checkpoint_best.csv,False,m8_scar_precision_edema_safe_longrun
Case1002,CenterA,checkpoint_best,5,,,2062,1.0,0.3113154172897339,myops_scar,LGE-only,0.31187188625335693,0.09025506867233486,,0.1697133630514145,,3,0.012530181556940079,0.05372917745262383,0.76324395029431,0.5659553831231814,0,1,0.6,1529,,,,,/users/a/e/aereinh/CARE/results/20260707_srr_v3_m8_editor_grade_leaderboard_sprint/runtime/variants/m8_scar_precision_edema_safe_longrun/proposal_pr_sweep_checkpoint_best.csv,False,m8_scar_precision_edema_safe_longrun
Case1002,CenterA,checkpoint_best,5,,,2062,1.0,0.3113154172897339,myops_scar,LGE-only,0.31187188625335693,0.08698677800974251,,0.1697133630514145,,3,0.012530181556940079,0.05372917745262383,0.7759220598469033,0.5407371483996121,0,1,0.7,1437,,,,,/users/a/e/aereinh/CARE/results/20260707_srr_v3_m8_editor_grade_leaderboard_sprint/runtime/variants/m8_scar_precision_edema_safe_longrun/proposal_pr_sweep_checkpoint_best.csv,False,m8_scar_precision_edema_safe_longrun
Case1002,CenterA,checkpoint_best,5,,,2062,1.0,0.3113154172897339,myops_scar,LGE-only,0.31187188625335693,0.08533916849015317,,0.1697133630514145,,3,0.012530181556940079,0.05372917745262383,0.7833698030634574,0.5208535402521823,0,1,0.8,1371,,,,,/users/a/e/aereinh/CARE/results/20260707_srr_v3_m8_editor_grade_leaderboard_sprint/runtime/variants/m8_scar_precision_edema_safe_longrun/proposal_pr_sweep_checkpoint_best.csv,False,m8_scar_precision_edema_safe_longrun
Case1002,CenterA,checkpoint_best,5,,,2062,1.0,0.3113154172897339,myops_scar,LGE-only,0.31187188625335693,0.08705357142857142,,0.1697133630514145,,3,0.012530181556940079,0.05372917745262383,0.7819940476190477,0.5096993210475267,0,1,0.9,1344,,,,,/users/a/e/aereinh/CARE/results/20260707_srr_v3_m8_editor_grade_leaderboard_sprint/runtime/variants/m8_scar_precision_edema_safe_longrun/proposal_pr_sweep_checkpoint_best.csv,False,m8_scar_precision_edema_safe_longrun
Case1002,CenterA,checkpoint_best,4,,,0,,0.17136064171791077,myops_edema,LGE-only,0.17137064039707184,,,-0.026920514181256294,,0,2.0611552464799843e-09,2.061153470123145e-09,,,0,0,0.1,0,,,,,/users/a/e/aereinh/CARE/results/20260707_srr_v3_m8_editor_grade_leaderboard_sprint/runtime/variants/m8_scar_precision_edema_safe_longrun/proposal_pr_sweep_checkpoint_best.csv,False,m8_scar_precision_edema_safe_longrun
Case1002,CenterA,checkpoint_best,4,,,0,,0.17136064171791077,myops_edema,LGE-only,0.17137064039707184,,,-0.026920514181256294,,0,2.0611552464799843e-09,2.061153470123145e-09,,,0,0,0.2,0,,,,,/users/a/e/aereinh/CARE/results/20260707_srr_v3_m8_editor_grade_leaderboard_sprint/runtime/variants/m8_scar_precision_edema_safe_longrun/proposal_pr_sweep_checkpoint_best.csv,False,m8_scar_precision_edema_safe_longrun
Case1002,CenterA,checkpoint_best,4,,,0,,0.17136064171791077,myops_edema,LGE-only,0.17137064039707184,,,-0.026920514181256294,,0,2.0611552464799843e-09,2.061153470123145e-09,,,0,0,0.3,0,,,,,/users/a/e/aereinh/CARE/results/20260707_srr_v3_m8_editor_grade_leaderboard_sprint/runtime/variants/m8_scar_precision_edema_safe_longrun/proposal_pr_sweep_checkpoint_best.csv,False,m8_scar_precision_edema_safe_longrun
Case1002,CenterA,checkpoint_best,4,,,0,,0.17136064171791077,myops_edema,LGE-only,0.17137064039707184,,,-0.026920514181256294,,0,2.0611552464799843e-09,2.061153470123145e-09,,,0,0,0.4,0,,,,,/users/a/e/aereinh/CARE/results/20260707_srr_v3_m8_editor_grade_leaderboard_sprint/runtime/variants/m8_scar_precision_edema_safe_longrun/proposal_pr_sweep_checkpoint_best.csv,False,m8_scar_precision_edema_safe_longrun
Case1002,CenterA,checkpoint_best,4,,,0,,0.17136064171791077,myops_edema,LGE-only,0.17137064039707184,,,-0.026920514181256294,,0,2.0611552464799843e-09,2.061153470123145e-09,,,0,0,0.5,0,,,,,/users/a/e/aereinh/CARE/results/20260707_srr_v3_m8_editor_grade_leaderboard_sprint/runtime/variants/m8_scar_precision_edema_safe_longrun/proposal_pr_sweep_checkpoint_best.csv,False,m8_scar_precision_edema_safe_longrun
Case1002,CenterA,checkpoint_best,4,,,0,,0.17136064171791077,myops_edema,LGE-only,0.17137064039707184,,,-0.026920514181256294,,0,2.0611552464799843e-09,2.061153470123145e-09,,,0,0,0.6,0,,,,,/users/a/e/aereinh/CARE/results/20260707_srr_v3_m8_editor_grade_leaderboard_sprint/runtime/variants/m8_scar_precision_edema_safe_longrun/proposal_pr_sweep_checkpoint_best.csv,False,m8_scar_precision_edema_safe_longrun
Case1002,CenterA,checkpoint_best,4,,,0,,0.17136064171791077,myops_edema,LGE-only,0.17137064039707184,,,-0.026920514181256294,,0,2.0611552464799843e-09,2.061153470123145e-09,,,0,0,0.7,0,,,,,/users/a/e/aereinh/CARE/results/20260707_srr_v3_m8_editor_grade_leaderboard_sprint/runtime/variants/m8_scar_precision_edema_safe_longrun/proposal_pr_sweep_checkpoint_best.csv,False,m8_scar_precision_edema_safe_longrun
Case1002,CenterA,checkpoint_best,4,,,0,,0.17136064171791077,myops_edema,LGE-only,0.17137064039707184,,,-0.026920514181256294,,0,2.0611552464799843e-09,2.061153470123145e-09,,,0,0,0.8,0,,,,,/users/a/e/aereinh/CARE/results/20260707_srr_v3_m8_editor_grade_leaderboard_sprint/runtime/variants/m8_scar_precision_edema_safe_longrun/proposal_pr_sweep_checkpoint_best.csv,False,m8_scar_precision_edema_safe_longrun
Case1002,CenterA,checkpoint_best,4,,,0,,0.17136064171791077,myops_edema,LGE-only,0.17137064039707184,,,-0.026920514181256294,,0,2.0611552464799843e-09,2.061153470123145e-09,,,0,0,0.9,0,,,,,/users/a/e/aereinh/CARE/results/20260707_srr_v3_m8_editor_grade_leaderboard_sprint/runtime/variants/m8_scar_precision_edema_safe_longrun/proposal_pr_sweep_checkpoint_best.csv,False,m8_scar_precision_edema_safe_longrun
Case1007,CenterA,checkpoint_best,5,,,2509,0.5555555555555556,0.31046703457832336,myops_scar,LGE-only,0.3110139071941376,0.6716940060639042,,0.16898439824581146,,221,0.014310050755739212,0.06182103697210544,0.06201249060613128,0.9537664408130729,159,204,0.1,38589,,,,,/users/a/e/aereinh/CARE/results/20260707_srr_v3_m8_editor_grade_leaderboard_sprint/runtime/variants/m8_scar_precision_edema_safe_longrun/proposal_pr_sweep_checkpoint_best.csv,False,m8_scar_precision_edema_safe_longrun
Case1007,CenterA,checkpoint_best,5,,,2509,0.5555555555555556,0.31046703457832336,myops_scar,LGE-only,0.3110139071941376,0.4131939105028448,,0.16898439824581146,,53,0.014310050755739212,0.06182103697210544,0.17714900815008458,0.9182941410920685,24,49,0.2,13006,,,,,/users/a/e/aereinh/CARE/results/20260707_srr_v3_m8_editor_grade_leaderboard_sprint/runtime/variants/m8_scar_precision_edema_safe_longrun/proposal_pr_sweep_checkpoint_best.csv,False,m8_scar_precision_edema_safe_longrun
Case1007,CenterA,checkpoint_best,5,,,2509,0.5555555555555556,0.31046703457832336,myops_scar,LGE-only,0.3110139071941376,0.2803936223218734,,0.16898439824581146,,37,0.014310050755739212,0.06182103697210544,0.27927254608868957,0.8935831008369869,14,32,0.3,8028,,,,,/users/a/e/aereinh/CARE/results/20260707_srr_v3_m8_editor_grade_leaderboard_sprint/runtime/variants/m8_scar_precision_edema_safe_longrun/proposal_pr_sweep_checkpoint_best.csv,False,m8_scar_precision_edema_safe_longrun
Case1007,CenterA,checkpoint_best,5,,,2509,0.5555555555555556,0.31046703457832336,myops_scar,LGE-only,0.3110139071941376,0.18364047849983833,,0.16898439824581146,,31,0.014310050755739212,0.06182103697210544,0.35499515033947626,0.8752491032283778,4,28,0.4,6186,,,,,/users/a/e/aereinh/CARE/results/20260707_srr_v3_m8_editor_grade_leaderboard_sprint/runtime/variants/m8_scar_precision_edema_safe_longrun/proposal_pr_sweep_checkpoint_best.csv,False,m8_scar_precision_edema_safe_longrun
Case1007,CenterA,checkpoint_best,5,,,2509,0.5555555555555556,0.31046703457832336,myops_scar,LGE-only,0.3110139071941376,0.14521149972532504,,0.16898439824581146,,13,0.014310050755739212,0.06182103697210544,0.3931514374656656,0.8557194101235552,1,12,0.5,5461,,,,,/users/a/e/aereinh/CARE/results/20260707_srr_v3_m8_editor_grade_leaderboard_sprint/runtime/variants/m8_scar_precision_edema_safe_longrun/proposal_pr_sweep_checkpoint_best.csv,False,m8_scar_precision_edema_safe_longrun
Case1007,CenterA,checkpoint_best,5,,,2509,0.4444444444444444,0.31046703457832336,myops_scar,LGE-only,0.3110139071941376,0.1331752618059672,,0.16898439824581146,,15,0.014310050755739212,0.06182103697210544,0.4161232957913456,0.8393782383419689,0,13,0.6,5061,,,,,/users/a/e/aereinh/CARE/results/20260707_srr_v3_m8_editor_grade_leaderboard_sprint/runtime/variants/m8_scar_precision_edema_safe_longrun/proposal_pr_sweep_checkpoint_best.csv,False,m8_scar_precision_edema_safe_longrun
Case1007,CenterA,checkpoint_best,5,,,2509,0.4444444444444444,0.31046703457832336,myops_scar,LGE-only,0.3110139071941376,0.12087450073575783,,0.16898439824581146,,10,0.014310050755739212,0.06182103697210544,0.43577885221778434,0.826225587883619,0,8,0.7,4757,,,,,/users/a/e/aereinh/CARE/results/20260707_srr_v3_m8_editor_grade_leaderboard_sprint/runtime/variants/m8_scar_precision_edema_safe_longrun/proposal_pr_sweep_checkpoint_best.csv,False,m8_scar_precision_edema_safe_longrun
Case1007,CenterA,checkpoint_best,5,,,2509,0.3333333333333333,0.31046703457832336,myops_scar,LGE-only,0.3110139071941376,0.11534252571678705,,0.16898439824581146,,9,0.014310050755739212,0.06182103697210544,0.44714379514116875,0.8142686329214827,0,7,0.8,4569,,,,,/users/a/e/aereinh/CARE/results/20260707_srr_v3_m8_editor_grade_leaderboard_sprint/runtime/variants/m8_scar_precision_edema_safe_longrun/proposal_pr_sweep_checkpoint_best.csv,False,m8_scar_precision_edema_safe_longrun
Case1007,CenterA,checkpoint_best,5,,,2509,0.3333333333333333,0.31046703457832336,myops_scar,LGE-only,0.3110139071941376,0.10948411804460464,,0.16898439824581146,,7,0.014310050755739212,0.06182103697210544,0.45393106555530527,0.8031088082901554,0,5,0.9,4439,,,,,/users/a/e/aereinh/CARE/results/20260707_srr_v3_m8_editor_grade_leaderboard_sprint/runtime/variants/m8_scar_precision_edema_safe_longrun/proposal_pr_sweep_checkpoint_best.csv,False,m8_scar_precision_edema_safe_longrun
Case1007,CenterA,checkpoint_best,4,,,0,,0.17011237144470215,myops_edema,LGE-only,0.17014651000499725,,,-0.02782273292541504,,0,2.061150361498676e-09,2.061153470123145e-09,,,0,0,0.1,0,,,,,/users/a/e/aereinh/CARE/results/20260707_srr_v3_m8_editor_grade_leaderboard_sprint/runtime/variants/m8_scar_precision_edema_safe_longrun/proposal_pr_sweep_checkpoint_best.csv,False,m8_scar_precision_edema_safe_longrun
Case1007,CenterA,checkpoint_best,4,,,0,,0.17011237144470215,myops_edema,LGE-only,0.17014651000499725,,,-0.02782273292541504,,0,2.061150361498676e-09,2.061153470123145e-09,,,0,0,0.2,0,,,,,/users/a/e/aereinh/CARE/results/20260707_srr_v3_m8_editor_grade_leaderboard_sprint/runtime/variants/m8_scar_precision_edema_safe_longrun/proposal_pr_sweep_checkpoint_best.csv,False,m8_scar_precision_edema_safe_longrun
Case1007,CenterA,checkpoint_best,4,,,0,,0.17011237144470215,myops_edema,LGE-only,0.17014651000499725,,,-0.02782273292541504,,0,2.061150361498676e-09,2.061153470123145e-09,,,0,0,0.3,0,,,,,/users/a/e/aereinh/CARE/results/20260707_srr_v3_m8_editor_grade_leaderboard_sprint/runtime/variants/m8_scar_precision_edema_safe_longrun/proposal_pr_sweep_checkpoint_best.csv,False,m8_scar_precision_edema_safe_longrun
Case1007,CenterA,checkpoint_best,4,,,0,,0.17011237144470215,myops_edema,LGE-only,0.17014651000499725,,,-0.02782273292541504,,0,2.061150361498676e-09,2.061153470123145e-09,,,0,0,0.4,0,,,,,/users/a/e/aereinh/CARE/results/20260707_srr_v3_m8_editor_grade_leaderboard_sprint/runtime/variants/m8_scar_precision_edema_safe_longrun/proposal_pr_sweep_checkpoint_best.csv,False,m8_scar_precision_edema_safe_longrun
Case1007,CenterA,checkpoint_best,4,,,0,,0.17011237144470215,myops_edema,LGE-only,0.17014651000499725,,,-0.02782273292541504,,0,2.061150361498676e-09,2.061153470123145e-09,,,0,0,0.5,0,,,,,/users/a/e/aereinh/CARE/results/20260707_srr_v3_m8_editor_grade_leaderboard_sprint/runtime/variants/m8_scar_precision_edema_safe_longrun/proposal_pr_sweep_checkpoint_best.csv,False,m8_scar_precision_edema_safe_longrun
Case1007,CenterA,checkpoint_best,4,,,0,,0.17011237144470215,myops_edema,LGE-only,0.17014651000499725,,,-0.02782273292541504,,0,2.061150361498676e-09,2.061153470123145e-09,,,0,0,0.6,0,,,,,/users/a/e/aereinh/CARE/results/20260707_srr_v3_m8_editor_grade_leaderboard_sprint/runtime/variants/m8_scar_precision_edema_safe_longrun/proposal_pr_sweep_checkpoint_best.csv,False,m8_scar_precision_edema_safe_longrun
Case1007,CenterA,checkpoint_best,4,,,0,,0.17011237144470215,myops_edema,LGE-only,0.17014651000499725,,,-0.02782273292541504,,0,2.061150361498676e-09,2.061153470123145e-09,,,0,0,0.7,0,,,,,/users/a/e/aereinh/CARE/results/20260707_srr_v3_m8_editor_grade_leaderboard_sprint/runtime/variants/m8_scar_precision_edema_safe_longrun/proposal_pr_sweep_checkpoint_best.csv,False,m8_scar_precision_edema_safe_longrun
Case1007,CenterA,checkpoint_best,4,,,0,,0.17011237144470215,myops_edema,LGE-only,0.17014651000499725,,,-0.02782273292541504,,0,2.061150361498676e-09,2.061153470123145e-09,,,0,0,0.8,0,,,,,/users/a/e/aereinh/CARE/results/20260707_srr_v3_m8_editor_grade_leaderboard_sprint/runtime/variants/m8_scar_precision_edema_safe_longrun/proposal_pr_sweep_checkpoint_best.csv,False,m8_scar_precision_edema_safe_longrun
Case1007,CenterA,checkpoint_best,4,,,0,,0.17011237144470215,myops_edema,LGE-only,0.17014651000499725,,,-0.02782273292541504,,0,2.061150361498676e-09,2.061153470123145e-09,,,0,0,0.9,0,,,,,/users/a/e/aereinh/CARE/results/20260707_srr_v3_m8_editor_grade_leaderboard_sprint/runtime/variants/m8_scar_precision_edema_safe_longrun/proposal_pr_sweep_checkpoint_best.csv,False,m8_scar_precision_edema_safe_longrun
Case1009,CenterA,checkpoint_best,5,,,4090,0.42857142857142855,0.3111337721347809,myops_scar,LGE-only,0.31168031692504883,0.6533457661737934,,0.17089444398880005,,183,0.01512452308088541,0.06243104953318834,0.15243550464011368,0.8393643031784841,142,164,0.1,22521,,,,,/users/a/e/aereinh/CARE/results/20260707_srr_v3_m8_editor_grade_leaderboard_sprint/runtime/variants/m8_scar_precision_edema_safe_longrun/proposal_pr_sweep_checkpoint_best.csv,False,m8_scar_precision_edema_safe_longrun
Case1009,CenterA,checkpoint_best,5,,,4090,0.2857142857142857,0.3111337721347809,myops_scar,LGE-only,0.31168031692504883,0.2390422077922078,,0.17089444398880005,,31,0.01512452308088541,0.06243104953318834,0.42397186147186144,0.7662591687041564,12,25,0.2,7392,,,,,/users/a/e/aereinh/CARE/results/20260707_srr_v3_m8_editor_grade_leaderboard_sprint/runtime/variants/m8_scar_precision_edema_safe_longrun/proposal_pr_sweep_checkpoint_best.csv,False,m8_scar_precision_edema_safe_longrun
Case1009,CenterA,checkpoint_best,5,,,4090,0.2857142857142857,0.3111337721347809,myops_scar,LGE-only,0.31168031692504883,0.14248067463106115,,0.17089444398880005,,11,0.01512452308088541,0.06243104953318834,0.5228390723822909,0.7276283618581907,2,8,0.3,5692,,,,,/users/a/e/aereinh/CARE/results/20260707_srr_v3_m8_editor_grade_leaderboard_sprint/runtime/variants/m8_scar_precision_edema_safe_longrun/proposal_pr_sweep_checkpoint_best.csv,False,m8_scar_precision_edema_safe_longrun
Case1009,CenterA,checkpoint_best,5,,,4090,0.2857142857142857,0.3111337721347809,myops_scar,LGE-only,0.31168031692504883,0.11544401544401545,,0.17089444398880005,,2,0.01512452308088541,0.06243104953318834,0.5521235521235521,0.6992665036674817,0,1,0.4,5180,,,,,/users/a/e/aereinh/CARE/results/20260707_srr_v3_m8_editor_grade_leaderboard_sprint/runtime/variants/m8_scar_precision_edema_safe_longrun/proposal_pr_sweep_checkpoint_best.csv,False,m8_scar_precision_edema_safe_longrun
Case1009,CenterA,checkpoint_best,5,,,4090,0.2857142857142857,0.3111337721347809,myops_scar,LGE-only,0.31168031692504883,0.0934521342726896,,0.17089444398880005,,3,0.01512452308088541,0.06243104953318834,0.5698300870285951,0.6723716381418093,0,2,0.5,4826,,,,,/users/a/e/aereinh/CARE/results/20260707_srr_v3_m8_editor_grade_leaderboard_sprint/runtime/variants/m8_scar_precision_edema_safe_longrun/proposal_pr_sweep_checkpoint_best.csv,False,m8_scar_precision_edema_safe_longrun
Case1009,CenterA,checkpoint_best,5,,,4090,0.2857142857142857,0.3111337721347809,myops_scar,LGE-only,0.31168031692504883,0.07868852459016394,,0.17089444398880005,,3,0.01512452308088541,0.06243104953318834,0.5822950819672131,0.6513447432762837,0,2,0.6,4575,,,,,/users/a/e/aereinh/CARE/results/20260707_srr_v3_m8_editor_grade_leaderboard_sprint/runtime/variants/m8_scar_precision_edema_safe_longrun/proposal_pr_sweep_checkpoint_best.csv,False,m8_scar_precision_edema_safe_longrun
Case1009,CenterA,checkpoint_best,5,,,4090,0.2857142857142857,0.3111337721347809,myops_scar,LGE-only,0.31168031692504883,0.06758620689655172,,0.17089444398880005,,4,0.01512452308088541,0.06243104953318834,0.5937931034482758,0.6315403422982885,0,3,0.7,4350,,,,,/users/a/e/aereinh/CARE/results/20260707_srr_v3_m8_editor_grade_leaderboard_sprint/runtime/variants/m8_scar_precision_edema_safe_longrun/proposal_pr_sweep_checkpoint_best.csv,False,m8_scar_precision_edema_safe_longrun
Case1009,CenterA,checkpoint_best,5,,,4090,0.2857142857142857,0.3111337721347809,myops_scar,LGE-only,0.31168031692504883,0.06258958432871477,,0.17089444398880005,,3,0.01512452308088541,0.06243104953318834,0.6015289058767319,0.6156479217603912,0,2,0.8,4186,,,,,/users/a/e/aereinh/CARE/results/20260707_srr_v3_m8_editor_grade_leaderboard_sprint/runtime/variants/m8_scar_precision_edema_safe_longrun/proposal_pr_sweep_checkpoint_best.csv,False,m8_scar_precision_edema_safe_longrun
Case1009,CenterA,checkpoint_best,5,,,4090,0.2857142857142857,0.3111337721347809,myops_scar,LGE-only,0.31168031692504883,0.05779204741911583,,0.17089444398880005,,1,0.01512452308088541,0.06243104953318834,0.6075574215855767,0.6014669926650367,0,0,0.9,4049,,,,,/users/a/e/aereinh/CARE/results/20260707_srr_v3_m8_editor_grade_leaderboard_sprint/runtime/variants/m8_scar_precision_edema_safe_longrun/proposal_pr_sweep_checkpoint_best.csv,False,m8_scar_precision_edema_safe_longrun
Case1009,CenterA,checkpoint_best,4,,,0,,0.17017580568790436,myops_edema,LGE-only,0.17019812762737274,,,-0.027652736753225327,,0,2.0611543583015646e-09,2.061153470123145e-09,,,0,0,0.1,0,,,,,/users/a/e/aereinh/CARE/results/20260707_srr_v3_m8_editor_grade_leaderboard_sprint/runtime/variants/m8_scar_precision_edema_safe_longrun/proposal_pr_sweep_checkpoint_best.csv,False,m8_scar_precision_edema_safe_longrun
Case1009,CenterA,checkpoint_best,4,,,0,,0.17017580568790436,myops_edema,LGE-only,0.17019812762737274,,,-0.027652736753225327,,0,2.0611543583015646e-09,2.061153470123145e-09,,,0,0,0.2,0,,,,,/users/a/e/aereinh/CARE/results/20260707_srr_v3_m8_editor_grade_leaderboard_sprint/runtime/variants/m8_scar_precision_edema_safe_longrun/proposal_pr_sweep_checkpoint_best.csv,False,m8_scar_precision_edema_safe_longrun
Case1009,CenterA,checkpoint_best,4,,,0,,0.17017580568790436,myops_edema,LGE-only,0.17019812762737274,,,-0.027652736753225327,,0,2.0611543583015646e-09,2.061153470123145e-09,,,0,0,0.3,0,,,,,/users/a/e/aereinh/CARE/results/20260707_srr_v3_m8_editor_grade_leaderboard_sprint/runtime/variants/m8_scar_precision_edema_safe_longrun/proposal_pr_sweep_checkpoint_best.csv,False,m8_scar_precision_edema_safe_longrun
Case1009,CenterA,checkpoint_best,4,,,0,,0.17017580568790436,myops_edema,LGE-only,0.17019812762737274,,,-0.027652736753225327,,0,2.0611543583015646e-09,2.061153470123145e-09,,,0,0,0.4,0,,,,,/users/a/e/aereinh/CARE/results/20260707_srr_v3_m8_editor_grade_leaderboard_sprint/runtime/variants/m8_scar_precision_edema_safe_longrun/proposal_pr_sweep_checkpoint_best.csv,False,m8_scar_precision_edema_safe_longrun
Case1009,CenterA,checkpoint_best,4,,,0,,0.17017580568790436,myops_edema,LGE-only,0.17019812762737274,,,-0.027652736753225327,,0,2.0611543583015646e-09,2.061153470123145e-09,,,0,0,0.5,0,,,,,/users/a/e/aereinh/CARE/results/20260707_srr_v3_m8_editor_grade_leaderboard_sprint/runtime/variants/m8_scar_precision_edema_safe_longrun/proposal_pr_sweep_checkpoint_best.csv,False,m8_scar_precision_edema_safe_longrun
Case1009,CenterA,checkpoint_best,4,,,0,,0.17017580568790436,myops_edema,LGE-only,0.17019812762737274,,,-0.027652736753225327,,0,2.0611543583015646e-09,2.061153470123145e-09,,,0,0,0.6,0,,,,,/users/a/e/aereinh/CARE/results/20260707_srr_v3_m8_editor_grade_leaderboard_sprint/runtime/variants/m8_scar_precision_edema_safe_longrun/proposal_pr_sweep_checkpoint_best.csv,False,m8_scar_precision_edema_safe_longrun
Case1009,CenterA,checkpoint_best,4,,,0,,0.17017580568790436,myops_edema,LGE-only,0.17019812762737274,,,-0.027652736753225327,,0,2.0611543583015646e-09,2.061153470123145e-09,,,0,0,0.7,0,,,,,/users/a/e/aereinh/CARE/results/20260707_srr_v3_m8_editor_grade_leaderboard_sprint/runtime/variants/m8_scar_precision_edema_safe_longrun/proposal_pr_sweep_checkpoint_best.csv,False,m8_scar_precision_edema_safe_longrun
Case1009,CenterA,checkpoint_best,4,,,0,,0.17017580568790436,myops_edema,LGE-only,0.17019812762737274,,,-0.027652736753225327,,0,2.0611543583015646e-09,2.061153470123145e-09,,,0,0,0.8,0,,,,,/users/a/e/aereinh/CARE/results/20260707_srr_v3_m8_editor_grade_leaderboard_sprint/runtime/variants/m8_scar_precision_edema_safe_longrun/proposal_pr_sweep_checkpoint_best.csv,False,m8_scar_precision_edema_safe_longrun
Case1009,CenterA,checkpoint_best,4,,,0,,0.17017580568790436,myops_edema,LGE-only,0.17019812762737274,,,-0.027652736753225327,,0,2.0611543583015646e-09,2.061153470123145e-09,,,0,0,0.9,0,,,,,/users/a/e/aereinh/CARE/results/20260707_srr_v3_m8_editor_grade_leaderboard_sprint/runtime/variants/m8_scar_precision_edema_safe_longrun/proposal_pr_sweep_checkpoint_best.csv,False,m8_scar_precision_edema_safe_longrun
Case1010,CenterA,checkpoint_best,5,,,2012,0.3333333333333333,0.31064891815185547,myops_scar,LGE-only,0.31102606654167175,0.6647887323943662,,0.16910260915756226,,63,0.011387734673917294,0.04410126060247414,0.1420523138832998,0.7017892644135189,44,48,0.1,9940,,,,,/users/a/e/aereinh/CARE/results/20260707_srr_v3_m8_editor_grade_leaderboard_sprint/runtime/variants/m8_scar_precision_edema_safe_longrun/proposal_pr_sweep_checkpoint_best.csv,False,m8_scar_precision_edema_safe_longrun
Case1010,CenterA,checkpoint_best,5,,,2012,0.3333333333333333,0.31064891815185547,myops_scar,LGE-only,0.31102606654167175,0.4858490566037736,,0.16910260915756226,,34,0.011387734673917294,0.04410126060247414,0.34267480577136517,0.6138170974155069,19,32,0.2,3604,,,,,/users/a/e/aereinh/CARE/results/20260707_srr_v3_m8_editor_grade_leaderboard_sprint/runtime/variants/m8_scar_precision_edema_safe_longrun/proposal_pr_sweep_checkpoint_best.csv,False,m8_scar_precision_edema_safe_longrun
Case1010,CenterA,checkpoint_best,5,,,2012,0.3333333333333333,0.31064891815185547,myops_scar,LGE-only,0.31102606654167175,0.4437037037037037,,0.16910260915756226,,5,0.011387734673917294,0.04410126060247414,0.42592592592592593,0.5715705765407555,0,4,0.3,2700,,,,,/users/a/e/aereinh/CARE/results/20260707_srr_v3_m8_editor_grade_leaderboard_sprint/runtime/variants/m8_scar_precision_edema_safe_longrun/proposal_pr_sweep_checkpoint_best.csv,False,m8_scar_precision_edema_safe_longrun
Case1010,CenterA,checkpoint_best,5,,,2012,0.3333333333333333,0.31064891815185547,myops_scar,LGE-only,0.31102606654167175,0.4414983164983165,,0.16910260915756226,,4,0.011387734673917294,0.04410126060247414,0.4503367003367003,0.5318091451292246,0,2,0.4,2376,,,,,/users/a/e/aereinh/CARE/results/20260707_srr_v3_m8_editor_grade_leaderboard_sprint/runtime/variants/m8_scar_precision_edema_safe_longrun/proposal_pr_sweep_checkpoint_best.csv,False,m8_scar_precision_edema_safe_longrun
Case1010,CenterA,checkpoint_best,5,,,2012,0.3333333333333333,0.31064891815185547,myops_scar,LGE-only,0.31102606654167175,0.4387008234217749,,0.16910260915756226,,3,0.011387734673917294,0.04410126060247414,0.464775846294602,0.5049701789264414,0,1,0.5,2186,,,,,/users/a/e/aereinh/CARE/results/20260707_srr_v3_m8_editor_grade_leaderboard_sprint/runtime/variants/m8_scar_precision_edema_safe_longrun/proposal_pr_sweep_checkpoint_best.csv,False,m8_scar_precision_edema_safe_longrun
Case1010,CenterA,checkpoint_best,5,,,2012,0.3333333333333333,0.31064891815185547,myops_scar,LGE-only,0.31102606654167175,0.4308666017526777,,0.16910260915756226,,5,0.011387734673917294,0.04410126060247414,0.47857838364167476,0.4885685884691849,0,3,0.6,2054,,,,,/users/a/e/aereinh/CARE/results/20260707_srr_v3_m8_editor_grade_leaderboard_sprint/runtime/variants/m8_scar_precision_edema_safe_longrun/proposal_pr_sweep_checkpoint_best.csv,False,m8_scar_precision_edema_safe_longrun
Case1010,CenterA,checkpoint_best,5,,,2012,0.3333333333333333,0.31064891815185547,myops_scar,LGE-only,0.31102606654167175,0.4300151591712986,,0.16910260915756226,,5,0.011387734673917294,0.04410126060247414,0.48559878726629613,0.47763419483101394,0,3,0.7,1979,,,,,/users/a/e/aereinh/CARE/results/20260707_srr_v3_m8_editor_grade_leaderboard_sprint/runtime/variants/m8_scar_precision_edema_safe_longrun/proposal_pr_sweep_checkpoint_best.csv,False,m8_scar_precision_edema_safe_longrun
Case1010,CenterA,checkpoint_best,5,,,2012,0.3333333333333333,0.31064891815185547,myops_scar,LGE-only,0.31102606654167175,0.43034055727554177,,0.16910260915756226,,6,0.011387734673917294,0.04410126060247414,0.4917440660474716,0.47365805168986086,0,4,0.8,1938,,,,,/users/a/e/aereinh/CARE/results/20260707_srr_v3_m8_editor_grade_leaderboard_sprint/runtime/variants/m8_scar_precision_edema_safe_longrun/proposal_pr_sweep_checkpoint_best.csv,False,m8_scar_precision_edema_safe_longrun
Case1010,CenterA,checkpoint_best,5,,,2012,0.3333333333333333,0.31064891815185547,myops_scar,LGE-only,0.31102606654167175,0.43133159268929505,,0.16910260915756226,,6,0.011387734673917294,0.04410126060247414,0.4960835509138381,0.4721669980119284,0,4,0.9,1915,,,,,/users/a/e/aereinh/CARE/results/20260707_srr_v3_m8_editor_grade_leaderboard_sprint/runtime/variants/m8_scar_precision_edema_safe_longrun/proposal_pr_sweep_checkpoint_best.csv,False,m8_scar_precision_edema_safe_longrun
Case1010,CenterA,checkpoint_best,4,,,0,,0.1689283847808838,myops_edema,LGE-only,0.16896438598632812,,,-0.0273270383477211,,0,2.061155468524589e-09,2.061153470123145e-09,,,0,0,0.1,0,,,,,/users/a/e/aereinh/CARE/results/20260707_srr_v3_m8_editor_grade_leaderboard_sprint/runtime/variants/m8_scar_precision_edema_safe_longrun/proposal_pr_sweep_checkpoint_best.csv,False,m8_scar_precision_edema_safe_longrun
Case1010,CenterA,checkpoint_best,4,,,0,,0.1689283847808838,myops_edema,LGE-only,0.16896438598632812,,,-0.0273270383477211,,0,2.061155468524589e-09,2.061153470123145e-09,,,0,0,0.2,0,,,,,/users/a/e/aereinh/CARE/results/20260707_srr_v3_m8_editor_grade_leaderboard_sprint/runtime/variants/m8_scar_precision_edema_safe_longrun/proposal_pr_sweep_checkpoint_best.csv,False,m8_scar_precision_edema_safe_longrun
Case1010,CenterA,checkpoint_best,4,,,0,,0.1689283847808838,myops_edema,LGE-only,0.16896438598632812,,,-0.0273270383477211,,0,2.061155468524589e-09,2.061153470123145e-09,,,0,0,0.3,0,,,,,/users/a/e/aereinh/CARE/results/20260707_srr_v3_m8_editor_grade_leaderboard_sprint/runtime/variants/m8_scar_precision_edema_safe_longrun/proposal_pr_sweep_checkpoint_best.csv,False,m8_scar_precision_edema_safe_longrun
Case1010,CenterA,checkpoint_best,4,,,0,,0.1689283847808838,myops_edema,LGE-only,0.16896438598632812,,,-0.0273270383477211,,0,2.061155468524589e-09,2.061153470123145e-09,,,0,0,0.4,0,,,,,/users/a/e/aereinh/CARE/results/20260707_srr_v3_m8_editor_grade_leaderboard_sprint/runtime/variants/m8_scar_precision_edema_safe_longrun/proposal_pr_sweep_checkpoint_best.csv,False,m8_scar_precision_edema_safe_longrun
Case1010,CenterA,checkpoint_best,4,,,0,,0.1689283847808838,myops_edema,LGE-only,0.16896438598632812,,,-0.0273270383477211,,0,2.061155468524589e-09,2.061153470123145e-09,,,0,0,0.5,0,,,,,/users/a/e/aereinh/CARE/results/20260707_srr_v3_m8_editor_grade_leaderboard_sprint/runtime/variants/m8_scar_precision_edema_safe_longrun/proposal_pr_sweep_checkpoint_best.csv,False,m8_scar_precision_edema_safe_longrun
Case1010,CenterA,checkpoint_best,4,,,0,,0.1689283847808838,myops_edema,LGE-only,0.16896438598632812,,,-0.0273270383477211,,0,2.061155468524589e-09,2.061153470123145e-09,,,0,0,0.6,0,,,,,/users/a/e/aereinh/CARE/results/20260707_srr_v3_m8_editor_grade_leaderboard_sprint/runtime/variants/m8_scar_precision_edema_safe_longrun/proposal_pr_sweep_checkpoint_best.csv,False,m8_scar_precision_edema_safe_longrun
Case1010,CenterA,checkpoint_best,4,,,0,,0.1689283847808838,myops_edema,LGE-only,0.16896438598632812,,,-0.0273270383477211,,0,2.061155468524589e-09,2.061153470123145e-09,,,0,0,0.7,0,,,,,/users/a/e/aereinh/CARE/results/20260707_srr_v3_m8_editor_grade_leaderboard_sprint/runtime/variants/m8_scar_precision_edema_safe_longrun/proposal_pr_sweep_checkpoint_best.csv,False,m8_scar_precision_edema_safe_longrun
Case1010,CenterA,checkpoint_best,4,,,0,,0.1689283847808838,myops_edema,LGE-only,0.16896438598632812,,,-0.0273270383477211,,0,2.061155468524589e-09,2.061153470123145e-09,,,0,0,0.8,0,,,,,/users/a/e/aereinh/CARE/results/20260707_srr_v3_m8_editor_grade_leaderboard_sprint/runtime/variants/m8_scar_precision_edema_safe_longrun/proposal_pr_sweep_checkpoint_best.csv,False,m8_scar_precision_edema_safe_longrun
Case1010,CenterA,checkpoint_best,4,,,0,,0.1689283847808838,myops_edema,LGE-only,0.16896438598632812,,,-0.0273270383477211,,0,2.061155468524589e-09,2.061153470123145e-09,,,0,0,0.9,0,,,,,/users/a/e/aereinh/CARE/results/20260707_srr_v3_m8_editor_grade_leaderboard_sprint/runtime/variants/m8_scar_precision_edema_safe_longrun/proposal_pr_sweep_checkpoint_best.csv,False,m8_scar_precision_edema_safe_longrun
Case1021,CenterA,checkpoint_best,5,,,1766,0.75,0.31148561835289,myops_scar,LGE-only,0.31199488043785095,0.664308890330954,,0.16957812011241913,,83,0.012514449656009674,0.05554769113659855,0.0900713822193381,0.7859569648924122,71,72,0.1,15410,,,,,/users/a/e/aereinh/CARE/results/20260707_srr_v3_m8_editor_grade_leaderboard_sprint/runtime/variants/m8_scar_precision_edema_safe_longrun/proposal_pr_sweep_checkpoint_best.csv,False,m8_scar_precision_edema_safe_longrun
Case1021,CenterA,checkpoint_best,5,,,1766,0.6666666666666666,0.31148561835289,myops_scar,LGE-only,0.31199488043785095,0.3193170234454638,,0.16957812011241913,,47,0.012514449656009674,0.05554769113659855,0.3116717635066259,0.6925254813137033,24,40,0.2,3924,,,,,/users/a/e/aereinh/CARE/results/20260707_srr_v3_m8_editor_grade_leaderboard_sprint/runtime/variants/m8_scar_precision_edema_safe_longrun/proposal_pr_sweep_checkpoint_best.csv,False,m8_scar_precision_edema_safe_longrun
Case1021,CenterA,checkpoint_best,5,,,1766,0.6666666666666666,0.31148561835289,myops_scar,LGE-only,0.31199488043785095,0.22866750735603195,,0.16957812011241913,,10,0.012514449656009674,0.05554769113659855,0.474989491382934,0.6398640996602492,2,6,0.3,2379,,,,,/users/a/e/aereinh/CARE/results/20260707_srr_v3_m8_editor_grade_leaderboard_sprint/runtime/variants/m8_scar_precision_edema_safe_longrun/proposal_pr_sweep_checkpoint_best.csv,False,m8_scar_precision_edema_safe_longrun
Case1021,CenterA,checkpoint_best,5,,,1766,0.6666666666666666,0.31148561835289,myops_scar,LGE-only,0.31199488043785095,0.13969425408539798,,0.16957812011241913,,10,0.012514449656009674,0.05554769113659855,0.5635213494992093,0.6053227633069083,5,5,0.4,1897,,,,,/users/a/e/aereinh/CARE/results/20260707_srr_v3_m8_editor_grade_leaderboard_sprint/runtime/variants/m8_scar_precision_edema_safe_longrun/proposal_pr_sweep_checkpoint_best.csv,False,m8_scar_precision_edema_safe_longrun
Case1021,CenterA,checkpoint_best,5,,,1766,0.6666666666666666,0.31148561835289,myops_scar,LGE-only,0.31199488043785095,0.1200937316930287,,0.16957812011241913,,4,0.012514449656009674,0.05554769113659855,0.6010544815465729,0.580973952434881,0,1,0.5,1707,,,,,/users/a/e/aereinh/CARE/results/20260707_srr_v3_m8_editor_grade_leaderboard_sprint/runtime/variants/m8_scar_precision_edema_safe_longrun/proposal_pr_sweep_checkpoint_best.csv,False,m8_scar_precision_edema_safe_longrun
Case1021,CenterA,checkpoint_best,5,,,1766,0.5833333333333334,0.31148561835289,myops_scar,LGE-only,0.31199488043785095,0.11834690043832186,,0.16957812011241913,,4,0.012514449656009674,0.05554769113659855,0.617407639323732,0.5583238958097395,0,1,0.6,1597,,,,,/users/a/e/aereinh/CARE/results/20260707_srr_v3_m8_editor_grade_leaderboard_sprint/runtime/variants/m8_scar_precision_edema_safe_longrun/proposal_pr_sweep_checkpoint_best.csv,False,m8_scar_precision_edema_safe_longrun
Case1021,CenterA,checkpoint_best,5,,,1766,0.5,0.31148561835289,myops_scar,LGE-only,0.31199488043785095,0.11818778726198292,,0.16957812011241913,,4,0.012514449656009674,0.05554769113659855,0.618516086671044,0.5334088335220838,0,1,0.7,1523,,,,,/users/a/e/aereinh/CARE/results/20260707_srr_v3_m8_editor_grade_leaderboard_sprint/runtime/variants/m8_scar_precision_edema_safe_longrun/proposal_pr_sweep_checkpoint_best.csv,False,m8_scar_precision_edema_safe_longrun
Case1021,CenterA,checkpoint_best,5,,,1766,0.4166666666666667,0.31148561835289,myops_scar,LGE-only,0.31199488043785095,0.11541072640868975,,0.16957812011241913,,4,0.012514449656009674,0.05554769113659855,0.626612355736592,0.5226500566251415,0,2,0.8,1473,,,,,/users/a/e/aereinh/CARE/results/20260707_srr_v3_m8_editor_grade_leaderboard_sprint/runtime/variants/m8_scar_precision_edema_safe_longrun/proposal_pr_sweep_checkpoint_best.csv,False,m8_scar_precision_edema_safe_longrun
Case1021,CenterA,checkpoint_best,5,,,1766,0.4166666666666667,0.31148561835289,myops_scar,LGE-only,0.31199488043785095,0.11562284927735719,,0.16957812011241913,,4,0.012514449656009674,0.05554769113659855,0.6317962835512733,0.5198187995469988,0,2,0.9,1453,,,,,/users/a/e/aereinh/CARE/results/20260707_srr_v3_m8_editor_grade_leaderboard_sprint/runtime/variants/m8_scar_precision_edema_safe_longrun/proposal_pr_sweep_checkpoint_best.csv,False,m8_scar_precision_edema_safe_longrun
Case1021,CenterA,checkpoint_best,4,,,0,,0.16889791190624237,myops_edema,LGE-only,0.1689281314611435,,,-0.026472024619579315,,0,2.061155468524589e-09,2.061153470123145e-09,,,0,0,0.1,0,,,,,/users/a/e/aereinh/CARE/results/20260707_srr_v3_m8_editor_grade_leaderboard_sprint/runtime/variants/m8_scar_precision_edema_safe_longrun/proposal_pr_sweep_checkpoint_best.csv,False,m8_scar_precision_edema_safe_longrun
Case1021,CenterA,checkpoint_best,4,,,0,,0.16889791190624237,myops_edema,LGE-only,0.1689281314611435,,,-0.026472024619579315,,0,2.061155468524589e-09,2.061153470123145e-09,,,0,0,0.2,0,,,,,/users/a/e/aereinh/CARE/results/20260707_srr_v3_m8_editor_grade_leaderboard_sprint/runtime/variants/m8_scar_precision_edema_safe_longrun/proposal_pr_sweep_checkpoint_best.csv,False,m8_scar_precision_edema_safe_longrun
Case1021,CenterA,checkpoint_best,4,,,0,,0.16889791190624237,myops_edema,LGE-only,0.1689281314611435,,,-0.026472024619579315,,0,2.061155468524589e-09,2.061153470123145e-09,,,0,0,0.3,0,,,,,/users/a/e/aereinh/CARE/results/20260707_srr_v3_m8_editor_grade_leaderboard_sprint/runtime/variants/m8_scar_precision_edema_safe_longrun/proposal_pr_sweep_checkpoint_best.csv,False,m8_scar_precision_edema_safe_longrun
Case1021,CenterA,checkpoint_best,4,,,0,,0.16889791190624237,myops_edema,LGE-only,0.1689281314611435,,,-0.026472024619579315,,0,2.061155468524589e-09,2.061153470123145e-09,,,0,0,0.4,0,,,,,/users/a/e/aereinh/CARE/results/20260707_srr_v3_m8_editor_grade_leaderboard_sprint/runtime/variants/m8_scar_precision_edema_safe_longrun/proposal_pr_sweep_checkpoint_best.csv,False,m8_scar_precision_edema_safe_longrun
Case1021,CenterA,checkpoint_best,4,,,0,,0.16889791190624237,myops_edema,LGE-only,0.1689281314611435,,,-0.026472024619579315,,0,2.061155468524589e-09,2.061153470123145e-09,,,0,0,0.5,0,,,,,/users/a/e/aereinh/CARE/results/20260707_srr_v3_m8_editor_grade_leaderboard_sprint/runtime/variants/m8_scar_precision_edema_safe_longrun/proposal_pr_sweep_checkpoint_best.csv,False,m8_scar_precision_edema_safe_longrun
Case1021,CenterA,checkpoint_best,4,,,0,,0.16889791190624237,myops_edema,LGE-only,0.1689281314611435,,,-0.026472024619579315,,0,2.061155468524589e-09,2.061153470123145e-09,,,0,0,0.6,0,,,,,/users/a/e/aereinh/CARE/results/20260707_srr_v3_m8_editor_grade_leaderboard_sprint/runtime/variants/m8_scar_precision_edema_safe_longrun/proposal_pr_sweep_checkpoint_best.csv,False,m8_scar_precision_edema_safe_longrun
Case1021,CenterA,checkpoint_best,4,,,0,,0.16889791190624237,myops_edema,LGE-only,0.1689281314611435,,,-0.026472024619579315,,0,2.061155468524589e-09,2.061153470123145e-09,,,0,0,0.7,0,,,,,/users/a/e/aereinh/CARE/results/20260707_srr_v3_m8_editor_grade_leaderboard_sprint/runtime/variants/m8_scar_precision_edema_safe_longrun/proposal_pr_sweep_checkpoint_best.csv,False,m8_scar_precision_edema_safe_longrun
Case1021,CenterA,checkpoint_best,4,,,0,,0.16889791190624237,myops_edema,LGE-only,0.1689281314611435,,,-0.026472024619579315,,0,2.061155468524589e-09,2.061153470123145e-09,,,0,0,0.8,0,,,,,/users/a/e/aereinh/CARE/results/20260707_srr_v3_m8_editor_grade_leaderboard_sprint/runtime/variants/m8_scar_precision_edema_safe_longrun/proposal_pr_sweep_checkpoint_best.csv,False,m8_scar_precision_edema_safe_longrun
Case1021,CenterA,checkpoint_best,4,,,0,,0.16889791190624237,myops_edema,LGE-only,0.1689281314611435,,,-0.026472024619579315,,0,2.061155468524589e-09,2.061153470123145e-09,,,0,0,0.9,0,,,,,/users/a/e/aereinh/CARE/results/20260707_srr_v3_m8_editor_grade_leaderboard_sprint/runtime/variants/m8_scar_precision_edema_safe_longrun/proposal_pr_sweep_checkpoint_best.csv,False,m8_scar_precision_edema_safe_longrun
Case1023,CenterA,checkpoint_best,5,,,2380,1.0,0.316520094871521,myops_scar,LGE-only,0.3172450363636017,0.8152613639983436,,0.1718602478504181,,112,0.018197650089859962,0.0939737819135189,0.035167075462682766,0.9277310924369748,68,96,0.1,62786,,,,,/users/a/e/aereinh/CARE/results/20260707_srr_v3_m8_editor_grade_leaderboard_sprint/runtime/variants/m8_scar_precision_edema_safe_longrun/proposal_pr_sweep_checkpoint_best.csv,False,m8_scar_precision_edema_safe_longrun
Case1023,CenterA,checkpoint_best,5,,,2380,1.0,0.316520094871521,myops_scar,LGE-only,0.3172450363636017,0.6924038406908698,,0.1718602478504181,,80,0.018197650089859962,0.0939737819135189,0.11987955229816488,0.8865546218487395,24,72,0.2,17601,,,,,/users/a/e/aereinh/CARE/results/20260707_srr_v3_m8_editor_grade_leaderboard_sprint/runtime/variants/m8_scar_precision_edema_safe_longrun/proposal_pr_sweep_checkpoint_best.csv,False,m8_scar_precision_edema_safe_longrun
Case1023,CenterA,checkpoint_best,5,,,2380,1.0,0.316520094871521,myops_scar,LGE-only,0.3172450363636017,0.40353954081632654,,0.1718602478504181,,43,0.018197650089859962,0.0939737819135189,0.31760204081632654,0.8369747899159664,4,40,0.3,6272,,,,,/users/a/e/aereinh/CARE/results/20260707_srr_v3_m8_editor_grade_leaderboard_sprint/runtime/variants/m8_scar_precision_edema_safe_longrun/proposal_pr_sweep_checkpoint_best.csv,False,m8_scar_precision_edema_safe_longrun
Case1023,CenterA,checkpoint_best,5,,,2380,1.0,0.316520094871521,myops_scar,LGE-only,0.3172450363636017,0.19594594594594594,,0.1718602478504181,,13,0.018197650089859962,0.0939737819135189,0.4981808731808732,0.8054621848739496,0,11,0.4,3848,,,,,/users/a/e/aereinh/CARE/results/20260707_srr_v3_m8_editor_grade_leaderboard_sprint/runtime/variants/m8_scar_precision_edema_safe_longrun/proposal_pr_sweep_checkpoint_best.csv,False,m8_scar_precision_edema_safe_longrun
Case1023,CenterA,checkpoint_best,5,,,2380,1.0,0.316520094871521,myops_scar,LGE-only,0.3172450363636017,0.16372066067806432,,0.1718602478504181,,9,0.018197650089859962,0.0939737819135189,0.5363662706461895,0.7777310924369748,0,7,0.5,3451,,,,,/users/a/e/aereinh/CARE/results/20260707_srr_v3_m8_editor_grade_leaderboard_sprint/runtime/variants/m8_scar_precision_edema_safe_longrun/proposal_pr_sweep_checkpoint_best.csv,False,m8_scar_precision_edema_safe_longrun
Case1023,CenterA,checkpoint_best,5,,,2380,1.0,0.316520094871521,myops_scar,LGE-only,0.3172450363636017,0.144349477682811,,0.1718602478504181,,5,0.018197650089859962,0.0939737819135189,0.5625197847420069,0.7466386554621849,0,3,0.6,3159,,,,,/users/a/e/aereinh/CARE/results/20260707_srr_v3_m8_editor_grade_leaderboard_sprint/runtime/variants/m8_scar_precision_edema_safe_longrun/proposal_pr_sweep_checkpoint_best.csv,False,m8_scar_precision_edema_safe_longrun
Case1023,CenterA,checkpoint_best,5,,,2380,1.0,0.316520094871521,myops_scar,LGE-only,0.3172450363636017,0.12868908716540836,,0.1718602478504181,,5,0.018197650089859962,0.0939737819135189,0.5857927247769389,0.7172268907563025,0,3,0.7,2914,,,,,/users/a/e/aereinh/CARE/results/20260707_srr_v3_m8_editor_grade_leaderboard_sprint/runtime/variants/m8_scar_precision_edema_safe_longrun/proposal_pr_sweep_checkpoint_best.csv,False,m8_scar_precision_edema_safe_longrun
Case1023,CenterA,checkpoint_best,5,,,2380,1.0,0.316520094871521,myops_scar,LGE-only,0.3172450363636017,0.11582441903356695,,0.1718602478504181,,4,0.018197650089859962,0.0939737819135189,0.6056805606787163,0.6899159663865546,0,2,0.8,2711,,,,,/users/a/e/aereinh/CARE/results/20260707_srr_v3_m8_editor_grade_leaderboard_sprint/runtime/variants/m8_scar_precision_edema_safe_longrun/proposal_pr_sweep_checkpoint_best.csv,False,m8_scar_precision_edema_safe_longrun
Case1023,CenterA,checkpoint_best,5,,,2380,1.0,0.316520094871521,myops_scar,LGE-only,0.3172450363636017,0.09897879025923016,,0.1718602478504181,,5,0.018197650089859962,0.0939737819135189,0.6237234878240377,0.6672268907563025,0,3,0.9,2546,,,,,/users/a/e/aereinh/CARE/results/20260707_srr_v3_m8_editor_grade_leaderboard_sprint/runtime/variants/m8_scar_precision_edema_safe_longrun/proposal_pr_sweep_checkpoint_best.csv,False,m8_scar_precision_edema_safe_longrun
Case1023,CenterA,checkpoint_best,4,,,0,,0.16900493204593658,myops_edema,LGE-only,0.169016495347023,,,-0.028594544157385826,,0,2.0611514717217005e-09,2.061153470123145e-09,,,0,0,0.1,0,,,,,/users/a/e/aereinh/CARE/results/20260707_srr_v3_m8_editor_grade_leaderboard_sprint/runtime/variants/m8_scar_precision_edema_safe_longrun/proposal_pr_sweep_checkpoint_best.csv,False,m8_scar_precision_edema_safe_longrun
Case1023,CenterA,checkpoint_best,4,,,0,,0.16900493204593658,myops_edema,LGE-only,0.169016495347023,,,-0.028594544157385826,,0,2.0611514717217005e-09,2.061153470123145e-09,,,0,0,0.2,0,,,,,/users/a/e/aereinh/CARE/results/20260707_srr_v3_m8_editor_grade_leaderboard_sprint/runtime/variants/m8_scar_precision_edema_safe_longrun/proposal_pr_sweep_checkpoint_best.csv,False,m8_scar_precision_edema_safe_longrun
Case1023,CenterA,checkpoint_best,4,,,0,,0.16900493204593658,myops_edema,LGE-only,0.169016495347023,,,-0.028594544157385826,,0,2.0611514717217005e-09,2.061153470123145e-09,,,0,0,0.3,0,,,,,/users/a/e/aereinh/CARE/results/20260707_srr_v3_m8_editor_grade_leaderboard_sprint/runtime/variants/m8_scar_precision_edema_safe_longrun/proposal_pr_sweep_checkpoint_best.csv,False,m8_scar_precision_edema_safe_longrun
Case1023,CenterA,checkpoint_best,4,,,0,,0.16900493204593658,myops_edema,LGE-only,0.169016495347023,,,-0.028594544157385826,,0,2.0611514717217005e-09,2.061153470123145e-09,,,0,0,0.4,0,,,,,/users/a/e/aereinh/CARE/results/20260707_srr_v3_m8_editor_grade_leaderboard_sprint/runtime/variants/m8_scar_precision_edema_safe_longrun/proposal_pr_sweep_checkpoint_best.csv,False,m8_scar_precision_edema_safe_longrun
Case1023,CenterA,checkpoint_best,4,,,0,,0.16900493204593658,myops_edema,LGE-only,0.169016495347023,,,-0.028594544157385826,,0,2.0611514717217005e-09,2.061153470123145e-09,,,0,0,0.5,0,,,,,/users/a/e/aereinh/CARE/results/20260707_srr_v3_m8_editor_grade_leaderboard_sprint/runtime/variants/m8_scar_precision_edema_safe_longrun/proposal_pr_sweep_checkpoint_best.csv,False,m8_scar_precision_edema_safe_longrun
Case1023,CenterA,checkpoint_best,4,,,0,,0.16900493204593658,myops_edema,LGE-only,0.169016495347023,,,-0.028594544157385826,,0,2.0611514717217005e-09,2.061153470123145e-09,,,0,0,0.6,0,,,,,/users/a/e/aereinh/CARE/results/20260707_srr_v3_m8_editor_grade_leaderboard_sprint/runtime/variants/m8_scar_precision_edema_safe_longrun/proposal_pr_sweep_checkpoint_best.csv,False,m8_scar_precision_edema_safe_longrun
Case1023,CenterA,checkpoint_best,4,,,0,,0.16900493204593658,myops_edema,LGE-only,0.169016495347023,,,-0.028594544157385826,,0,2.0611514717217005e-09,2.061153470123145e-09,,,0,0,0.7,0,,,,,/users/a/e/aereinh/CARE/results/20260707_srr_v3_m8_editor_grade_leaderboard_sprint/runtime/variants/m8_scar_precision_edema_safe_longrun/proposal_pr_sweep_checkpoint_best.csv,False,m8_scar_precision_edema_safe_longrun
Case1023,CenterA,checkpoint_best,4,,,0,,0.16900493204593658,myops_edema,LGE-only,0.169016495347023,,,-0.028594544157385826,,0,2.0611514717217005e-09,2.061153470123145e-09,,,0,0,0.8,0,,,,,/users/a/e/aereinh/CARE/results/20260707_srr_v3_m8_editor_grade_leaderboard_sprint/runtime/variants/m8_scar_precision_edema_safe_longrun/proposal_pr_sweep_checkpoint_best.csv,False,m8_scar_precision_edema_safe_longrun
Case1023,CenterA,checkpoint_best,4,,,0,,0.16900493204593658,myops_edema,LGE-only,0.169016495347023,,,-0.028594544157385826,,0,2.0611514717217005e-09,2.061153470123145e-09,,,0,0,0.9,0,,,,,/users/a/e/aereinh/CARE/results/20260707_srr_v3_m8_editor_grade_leaderboard_sprint/runtime/variants/m8_scar_precision_edema_safe_longrun/proposal_pr_sweep_checkpoint_best.csv,False,m8_scar_precision_edema_safe_longrun
Case1029,CenterA,checkpoint_best,5,,,585,1.0,0.3138854503631592,myops_scar,LGE-only,0.31460636854171753,0.8078212833514231,,0.17076483368873596,,85,0.021306460723280907,0.09942355528473808,0.009347308396377716,0.9863247863247864,81,72,0.1,61729,,,,,/users/a/e/aereinh/CARE/results/20260707_srr_v3_m8_editor_grade_leaderboard_sprint/runtime/variants/m8_scar_precision_edema_safe_longrun/proposal_pr_sweep_checkpoint_best.csv,False,m8_scar_precision_edema_safe_longrun
Case1029,CenterA,checkpoint_best,5,,,585,1.0,0.3138854503631592,myops_scar,LGE-only,0.31460636854171753,0.5781630170316302,,0.17076483368873596,,51,0.021306460723280907,0.09942355528473808,0.029095701540957017,0.9811965811965812,35,40,0.2,19728,,,,,/users/a/e/aereinh/CARE/results/20260707_srr_v3_m8_editor_grade_leaderboard_sprint/runtime/variants/m8_scar_precision_edema_safe_longrun/proposal_pr_sweep_checkpoint_best.csv,False,m8_scar_precision_edema_safe_longrun
Case1029,CenterA,checkpoint_best,5,,,585,1.0,0.3138854503631592,myops_scar,LGE-only,0.31460636854171753,0.3496397421312097,,0.17076483368873596,,28,0.021306460723280907,0.09942355528473808,0.0540386803185438,0.9743589743589743,20,19,0.3,10548,,,,,/users/a/e/aereinh/CARE/results/20260707_srr_v3_m8_editor_grade_leaderboard_sprint/runtime/variants/m8_scar_precision_edema_safe_longrun/proposal_pr_sweep_checkpoint_best.csv,False,m8_scar_precision_edema_safe_longrun
Case1029,CenterA,checkpoint_best,5,,,585,1.0,0.3138854503631592,myops_scar,LGE-only,0.31460636854171753,0.2513382298020665,,0.17076483368873596,,16,0.021306460723280907,0.09942355528473808,0.07008589568031869,0.9623931623931624,11,14,0.4,8033,,,,,/users/a/e/aereinh/CARE/results/20260707_srr_v3_m8_editor_grade_leaderboard_sprint/runtime/variants/m8_scar_precision_edema_safe_longrun/proposal_pr_sweep_checkpoint_best.csv,False,m8_scar_precision_edema_safe_longrun
Case1029,CenterA,checkpoint_best,5,,,585,1.0,0.3138854503631592,myops_scar,LGE-only,0.31460636854171753,0.2313570114617235,,0.17076483368873596,,7,0.021306460723280907,0.09942355528473808,0.07754351209848592,0.9367521367521368,3,6,0.5,7067,,,,,/users/a/e/aereinh/CARE/results/20260707_srr_v3_m8_editor_grade_leaderboard_sprint/runtime/variants/m8_scar_precision_edema_safe_longrun/proposal_pr_sweep_checkpoint_best.csv,False,m8_scar_precision_edema_safe_longrun
Case1029,CenterA,checkpoint_best,5,,,585,1.0,0.3138854503631592,myops_scar,LGE-only,0.31460636854171753,0.22851380701210053,,0.17076483368873596,,10,0.021306460723280907,0.09942355528473808,0.0826869376357431,0.9111111111111111,8,8,0.6,6446,,,,,/users/a/e/aereinh/CARE/results/20260707_srr_v3_m8_editor_grade_leaderboard_sprint/runtime/variants/m8_scar_precision_edema_safe_longrun/proposal_pr_sweep_checkpoint_best.csv,False,m8_scar_precision_edema_safe_longrun
Case1029,CenterA,checkpoint_best,5,,,585,1.0,0.3138854503631592,myops_scar,LGE-only,0.31460636854171753,0.2292715676401477,,0.17076483368873596,,7,0.021306460723280907,0.09942355528473808,0.08610271903323263,0.8769230769230769,4,6,0.7,5958,,,,,/users/a/e/aereinh/CARE/results/20260707_srr_v3_m8_editor_grade_leaderboard_sprint/runtime/variants/m8_scar_precision_edema_safe_longrun/proposal_pr_sweep_checkpoint_best.csv,False,m8_scar_precision_edema_safe_longrun
Case1029,CenterA,checkpoint_best,5,,,585,1.0,0.3138854503631592,myops_scar,LGE-only,0.31460636854171753,0.23015148749771855,,0.17076483368873596,,9,0.021306460723280907,0.09942355528473808,0.08979740828618361,0.841025641025641,4,7,0.8,5479,,,,,/users/a/e/aereinh/CARE/results/20260707_srr_v3_m8_editor_grade_leaderboard_sprint/runtime/variants/m8_scar_precision_edema_safe_longrun/proposal_pr_sweep_checkpoint_best.csv,False,m8_scar_precision_edema_safe_longrun
Case1029,CenterA,checkpoint_best,5,,,585,0.75,0.3138854503631592,myops_scar,LGE-only,0.31460636854171753,0.23110321689362542,,0.17076483368873596,,12,0.021306460723280907,0.09942355528473808,0.09177027827116636,0.7948717948717948,4,11,0.9,5067,,,,,/users/a/e/aereinh/CARE/results/20260707_srr_v3_m8_editor_grade_leaderboard_sprint/runtime/variants/m8_scar_precision_edema_safe_longrun/proposal_pr_sweep_checkpoint_best.csv,False,m8_scar_precision_edema_safe_longrun
Case1029,CenterA,checkpoint_best,4,,,0,,0.17248877882957458,myops_edema,LGE-only,0.17250652611255646,,,-0.029771121218800545,,0,2.0611523599001202e-09,2.061153470123145e-09,,,0,0,0.1,0,,,,,/users/a/e/aereinh/CARE/results/20260707_srr_v3_m8_editor_grade_leaderboard_sprint/runtime/variants/m8_scar_precision_edema_safe_longrun/proposal_pr_sweep_checkpoint_best.csv,False,m8_scar_precision_edema_safe_longrun
Case1029,CenterA,checkpoint_best,4,,,0,,0.17248877882957458,myops_edema,LGE-only,0.17250652611255646,,,-0.029771121218800545,,0,2.0611523599001202e-09,2.061153470123145e-09,,,0,0,0.2,0,,,,,/users/a/e/aereinh/CARE/results/20260707_srr_v3_m8_editor_grade_leaderboard_sprint/runtime/variants/m8_scar_precision_edema_safe_longrun/proposal_pr_sweep_checkpoint_best.csv,False,m8_scar_precision_edema_safe_longrun
Case1029,CenterA,checkpoint_best,4,,,0,,0.17248877882957458,myops_edema,LGE-only,0.17250652611255646,,,-0.029771121218800545,,0,2.0611523599001202e-09,2.061153470123145e-09,,,0,0,0.3,0,,,,,/users/a/e/aereinh/CARE/results/20260707_srr_v3_m8_editor_grade_leaderboard_sprint/runtime/variants/m8_scar_precision_edema_safe_longrun/proposal_pr_sweep_checkpoint_best.csv,False,m8_scar_precision_edema_safe_longrun
Case1029,CenterA,checkpoint_best,4,,,0,,0.17248877882957458,myops_edema,LGE-only,0.17250652611255646,,,-0.029771121218800545,,0,2.0611523599001202e-09,2.061153470123145e-09,,,0,0,0.4,0,,,,,/users/a/e/aereinh/CARE/results/20260707_srr_v3_m8_editor_grade_leaderboard_sprint/runtime/variants/m8_scar_precision_edema_safe_longrun/proposal_pr_sweep_checkpoint_best.csv,False,m8_scar_precision_edema_safe_longrun
Case1029,CenterA,checkpoint_best,4,,,0,,0.17248877882957458,myops_edema,LGE-only,0.17250652611255646,,,-0.029771121218800545,,0,2.0611523599001202e-09,2.061153470123145e-09,,,0,0,0.5,0,,,,,/users/a/e/aereinh/CARE/results/20260707_srr_v3_m8_editor_grade_leaderboard_sprint/runtime/variants/m8_scar_precision_edema_safe_longrun/proposal_pr_sweep_checkpoint_best.csv,False,m8_scar_precision_edema_safe_longrun
Case1029,CenterA,checkpoint_best,4,,,0,,0.17248877882957458,myops_edema,LGE-only,0.17250652611255646,,,-0.029771121218800545,,0,2.0611523599001202e-09,2.061153470123145e-09,,,0,0,0.6,0,,,,,/users/a/e/aereinh/CARE/results/20260707_srr_v3_m8_editor_grade_leaderboard_sprint/runtime/variants/m8_scar_precision_edema_safe_longrun/proposal_pr_sweep_checkpoint_best.csv,False,m8_scar_precision_edema_safe_longrun
Case1029,CenterA,checkpoint_best,4,,,0,,0.17248877882957458,myops_edema,LGE-only,0.17250652611255646,,,-0.029771121218800545,,0,2.0611523599001202e-09,2.061153470123145e-09,,,0,0,0.7,0,,,,,/users/a/e/aereinh/CARE/results/20260707_srr_v3_m8_editor_grade_leaderboard_sprint/runtime/variants/m8_scar_precision_edema_safe_longrun/proposal_pr_sweep_checkpoint_best.csv,False,m8_scar_precision_edema_safe_longrun
Case1029,CenterA,checkpoint_best,4,,,0,,0.17248877882957458,myops_edema,LGE-only,0.17250652611255646,,,-0.029771121218800545,,0,2.0611523599001202e-09,2.061153470123145e-09,,,0,0,0.8,0,,,,,/users/a/e/aereinh/CARE/results/20260707_srr_v3_m8_editor_grade_leaderboard_sprint/runtime/variants/m8_scar_precision_edema_safe_longrun/proposal_pr_sweep_checkpoint_best.csv,False,m8_scar_precision_edema_safe_longrun
Case1029,CenterA,checkpoint_best,4,,,0,,0.17248877882957458,myops_edema,LGE-only,0.17250652611255646,,,-0.029771121218800545,,0,2.0611523599001202e-09,2.061153470123145e-09,,,0,0,0.9,0,,,,,/users/a/e/aereinh/CARE/results/20260707_srr_v3_m8_editor_grade_leaderboard_sprint/runtime/variants/m8_scar_precision_edema_safe_longrun/proposal_pr_sweep_checkpoint_best.csv,False,m8_scar_precision_edema_safe_longrun
Case1033,CenterA,checkpoint_best,5,,,4081,0.16666666666666666,0.30471906065940857,myops_scar,LGE-only,0.3050996661186218,0.36456726048534155,,0.1586340367794037,,99,0.011309746652841568,0.030486710742116015,0.2705849347734605,0.9453565302621907,58,90,0.1,14258,,,,,/users/a/e/aereinh/CARE/results/20260707_srr_v3_m8_editor_grade_leaderboard_sprint/runtime/variants/m8_scar_precision_edema_safe_longrun/proposal_pr_sweep_checkpoint_best.csv,False,m8_scar_precision_edema_safe_longrun
Case1033,CenterA,checkpoint_best,5,,,4081,0.16666666666666666,0.30471906065940857,myops_scar,LGE-only,0.3050996661186218,0.21084618980832165,,0.1586340367794037,,16,0.011309746652841568,0.030486710742116015,0.43384759233286585,0.9095809850526831,0,15,0.2,8556,,,,,/users/a/e/aereinh/CARE/results/20260707_srr_v3_m8_editor_grade_leaderboard_sprint/runtime/variants/m8_scar_precision_edema_safe_longrun/proposal_pr_sweep_checkpoint_best.csv,False,m8_scar_precision_edema_safe_longrun
Case1033,CenterA,checkpoint_best,5,,,4081,0.16666666666666666,0.30471906065940857,myops_scar,LGE-only,0.3050996661186218,0.1862204724409449,,0.1586340367794037,,12,0.011309746652841568,0.030486710742116015,0.4755905511811024,0.8880176427346239,0,11,0.3,7620,,,,,/users/a/e/aereinh/CARE/results/20260707_srr_v3_m8_editor_grade_leaderboard_sprint/runtime/variants/m8_scar_precision_edema_safe_longrun/proposal_pr_sweep_checkpoint_best.csv,False,m8_scar_precision_edema_safe_longrun
Case1033,CenterA,checkpoint_best,5,,,4081,0.16666666666666666,0.30471906065940857,myops_scar,LGE-only,0.3050996661186218,0.16942148760330578,,0.1586340367794037,,10,0.011309746652841568,0.030486710742116015,0.5064120832145911,0.8708649840725312,0,9,0.4,7018,,,,,/users/a/e/aereinh/CARE/results/20260707_srr_v3_m8_editor_grade_leaderboard_sprint/runtime/variants/m8_scar_precision_edema_safe_longrun/proposal_pr_sweep_checkpoint_best.csv,False,m8_scar_precision_edema_safe_longrun
Case1033,CenterA,checkpoint_best,5,,,4081,0.16666666666666666,0.30471906065940857,myops_scar,LGE-only,0.3050996661186218,0.15649666059502126,,0.1586340367794037,,10,0.011309746652841568,0.030486710742116015,0.5283849423193685,0.8529772114677775,0,9,0.5,6588,,,,,/users/a/e/aereinh/CARE/results/20260707_srr_v3_m8_editor_grade_leaderboard_sprint/runtime/variants/m8_scar_precision_edema_safe_longrun/proposal_pr_sweep_checkpoint_best.csv,False,m8_scar_precision_edema_safe_longrun
Case1033,CenterA,checkpoint_best,5,,,4081,0.16666666666666666,0.30471906065940857,myops_scar,LGE-only,0.3050996661186218,0.14601344860710855,,0.1586340367794037,,6,0.011309746652841568,0.030486710742116015,0.5461095100864554,0.8358245528056849,0,5,0.6,6246,,,,,/users/a/e/aereinh/CARE/results/20260707_srr_v3_m8_editor_grade_leaderboard_sprint/runtime/variants/m8_scar_precision_edema_safe_longrun/proposal_pr_sweep_checkpoint_best.csv,False,m8_scar_precision_edema_safe_longrun
Case1033,CenterA,checkpoint_best,5,,,4081,0.16666666666666666,0.30471906065940857,myops_scar,LGE-only,0.3050996661186218,0.13873694679264048,,0.1586340367794037,,6,0.011309746652841568,0.030486710742116015,0.5590916625227913,0.8265131095319774,0,5,0.7,6033,,,,,/users/a/e/aereinh/CARE/results/20260707_srr_v3_m8_editor_grade_leaderboard_sprint/runtime/variants/m8_scar_precision_edema_safe_longrun/proposal_pr_sweep_checkpoint_best.csv,False,m8_scar_precision_edema_safe_longrun
Case1033,CenterA,checkpoint_best,5,,,4081,0.16666666666666666,0.30471906065940857,myops_scar,LGE-only,0.3050996661186218,0.1316012905416879,,0.1586340367794037,,6,0.011309746652841568,0.030486710742116015,0.5681779589064357,0.8198970840480274,0,5,0.8,5889,,,,,/users/a/e/aereinh/CARE/results/20260707_srr_v3_m8_editor_grade_leaderboard_sprint/runtime/variants/m8_scar_precision_edema_safe_longrun/proposal_pr_sweep_checkpoint_best.csv,False,m8_scar_precision_edema_safe_longrun
Case1033,CenterA,checkpoint_best,5,,,4081,0.16666666666666666,0.30471906065940857,myops_scar,LGE-only,0.3050996661186218,0.13003412969283276,,0.1586340367794037,,6,0.011309746652841568,0.030486710742116015,0.5694539249146757,0.8176917422200441,0,5,0.9,5860,,,,,/users/a/e/aereinh/CARE/results/20260707_srr_v3_m8_editor_grade_leaderboard_sprint/runtime/variants/m8_scar_precision_edema_safe_longrun/proposal_pr_sweep_checkpoint_best.csv,False,m8_scar_precision_edema_safe_longrun
Case1033,CenterA,checkpoint_best,4,,,0,,0.1727817803621292,myops_edema,LGE-only,0.1727817803621292,,,-0.03109036386013031,,0,2.0611519158109104e-09,2.061153470123145e-09,,,0,0,0.1,0,,,,,/users/a/e/aereinh/CARE/results/20260707_srr_v3_m8_editor_grade_leaderboard_sprint/runtime/variants/m8_scar_precision_edema_safe_longrun/proposal_pr_sweep_checkpoint_best.csv,False,m8_scar_precision_edema_safe_longrun
Case1033,CenterA,checkpoint_best,4,,,0,,0.1727817803621292,myops_edema,LGE-only,0.1727817803621292,,,-0.03109036386013031,,0,2.0611519158109104e-09,2.061153470123145e-09,,,0,0,0.2,0,,,,,/users/a/e/aereinh/CARE/results/20260707_srr_v3_m8_editor_grade_leaderboard_sprint/runtime/variants/m8_scar_precision_edema_safe_longrun/proposal_pr_sweep_checkpoint_best.csv,False,m8_scar_precision_edema_safe_longrun
Case1033,CenterA,checkpoint_best,4,,,0,,0.1727817803621292,myops_edema,LGE-only,0.1727817803621292,,,-0.03109036386013031,,0,2.0611519158109104e-09,2.061153470123145e-09,,,0,0,0.3,0,,,,,/users/a/e/aereinh/CARE/results/20260707_srr_v3_m8_editor_grade_leaderboard_sprint/runtime/variants/m8_scar_precision_edema_safe_longrun/proposal_pr_sweep_checkpoint_best.csv,False,m8_scar_precision_edema_safe_longrun
Case1033,CenterA,checkpoint_best,4,,,0,,0.1727817803621292,myops_edema,LGE-only,0.1727817803621292,,,-0.03109036386013031,,0,2.0611519158109104e-09,2.061153470123145e-09,,,0,0,0.4,0,,,,,/users/a/e/aereinh/CARE/results/20260707_srr_v3_m8_editor_grade_leaderboard_sprint/runtime/variants/m8_scar_precision_edema_safe_longrun/proposal_pr_sweep_checkpoint_best.csv,False,m8_scar_precision_edema_safe_longrun
Case1033,CenterA,checkpoint_best,4,,,0,,0.1727817803621292,myops_edema,LGE-only,0.1727817803621292,,,-0.03109036386013031,,0,2.0611519158109104e-09,2.061153470123145e-09,,,0,0,0.5,0,,,,,/users/a/e/aereinh/CARE/results/20260707_srr_v3_m8_editor_grade_leaderboard_sprint/runtime/variants/m8_scar_precision_edema_safe_longrun/proposal_pr_sweep_checkpoint_best.csv,False,m8_scar_precision_edema_safe_longrun
Case1033,CenterA,checkpoint_best,4,,,0,,0.1727817803621292,myops_edema,LGE-only,0.1727817803621292,,,-0.03109036386013031,,0,2.0611519158109104e-09,2.061153470123145e-09,,,0,0,0.6,0,,,,,/users/a/e/aereinh/CARE/results/20260707_srr_v3_m8_editor_grade_leaderboard_sprint/runtime/variants/m8_scar_precision_edema_safe_longrun/proposal_pr_sweep_checkpoint_best.csv,False,m8_scar_precision_edema_safe_longrun
Case1033,CenterA,checkpoint_best,4,,,0,,0.1727817803621292,myops_edema,LGE-only,0.1727817803621292,,,-0.03109036386013031,,0,2.0611519158109104e-09,2.061153470123145e-09,,,0,0,0.7,0,,,,,/users/a/e/aereinh/CARE/results/20260707_srr_v3_m8_editor_grade_leaderboard_sprint/runtime/variants/m8_scar_precision_edema_safe_longrun/proposal_pr_sweep_checkpoint_best.csv,False,m8_scar_precision_edema_safe_longrun
Case1033,CenterA,checkpoint_best,4,,,0,,0.1727817803621292,myops_edema,LGE-only,0.1727817803621292,,,-0.03109036386013031,,0,2.0611519158109104e-09,2.061153470123145e-09,,,0,0,0.8,0,,,,,/users/a/e/aereinh/CARE/results/20260707_srr_v3_m8_editor_grade_leaderboard_sprint/runtime/variants/m8_scar_precision_edema_safe_longrun/proposal_pr_sweep_checkpoint_best.csv,False,m8_scar_precision_edema_safe_longrun
Case1033,CenterA,checkpoint_best,4,,,0,,0.1727817803621292,myops_edema,LGE-only,0.1727817803621292,,,-0.03109036386013031,,0,2.0611519158109104e-09,2.061153470123145e-09,,,0,0,0.9,0,,,,,/users/a/e/aereinh/CARE/results/20260707_srr_v3_m8_editor_grade_leaderboard_sprint/runtime/variants/m8_scar_precision_edema_safe_longrun/proposal_pr_sweep_checkpoint_best.csv,False,m8_scar_precision_edema_safe_longrun
Case1040,CenterA,checkpoint_best,5,,,2164,0.75,0.3097153604030609,myops_scar,LGE-only,0.31040534377098083,0.6862472567666423,,0.17192013561725616,,116,0.01407556887716055,0.05555342528969048,0.1119239209948793,0.7070240295748613,92,99,0.1,13670,,,,,/users/a/e/aereinh/CARE/results/20260707_srr_v3_m8_editor_grade_leaderboard_sprint/runtime/variants/m8_scar_precision_edema_safe_longrun/proposal_pr_sweep_checkpoint_best.csv,False,m8_scar_precision_edema_safe_longrun
Case1040,CenterA,checkpoint_best,5,,,2164,0.75,0.3097153604030609,myops_scar,LGE-only,0.31040534377098083,0.4427514148889856,,0.17192013561725616,,21,0.01407556887716055,0.05555342528969048,0.2990857640400522,0.6349353049907579,14,15,0.2,4594,,,,,/users/a/e/aereinh/CARE/results/20260707_srr_v3_m8_editor_grade_leaderboard_sprint/runtime/variants/m8_scar_precision_edema_safe_longrun/proposal_pr_sweep_checkpoint_best.csv,False,m8_scar_precision_edema_safe_longrun
Case1040,CenterA,checkpoint_best,5,,,2164,0.75,0.3097153604030609,myops_scar,LGE-only,0.31040534377098083,0.413312286240463,,0.17192013561725616,,12,0.01407556887716055,0.05555342528969048,0.3406998158379374,0.5984288354898336,0,9,0.3,3801,,,,,/users/a/e/aereinh/CARE/results/20260707_srr_v3_m8_editor_grade_leaderboard_sprint/runtime/variants/m8_scar_precision_edema_safe_longrun/proposal_pr_sweep_checkpoint_best.csv,False,m8_scar_precision_edema_safe_longrun
Case1040,CenterA,checkpoint_best,5,,,2164,0.75,0.3097153604030609,myops_scar,LGE-only,0.31040534377098083,0.40671641791044777,,0.17192013561725616,,8,0.01407556887716055,0.05555342528969048,0.35706084959816303,0.5748613678373382,0,5,0.4,3484,,,,,/users/a/e/aereinh/CARE/results/20260707_srr_v3_m8_editor_grade_leaderboard_sprint/runtime/variants/m8_scar_precision_edema_safe_longrun/proposal_pr_sweep_checkpoint_best.csv,False,m8_scar_precision_edema_safe_longrun
Case1040,CenterA,checkpoint_best,5,,,2164,0.75,0.3097153604030609,myops_scar,LGE-only,0.31040534377098083,0.40152905198776756,,0.17192013561725616,,8,0.01407556887716055,0.05555342528969048,0.36483180428134554,0.5512939001848429,0,5,0.5,3270,,,,,/users/a/e/aereinh/CARE/results/20260707_srr_v3_m8_editor_grade_leaderboard_sprint/runtime/variants/m8_scar_precision_edema_safe_longrun/proposal_pr_sweep_checkpoint_best.csv,False,m8_scar_precision_edema_safe_longrun
Case1040,CenterA,checkpoint_best,5,,,2164,0.75,0.3097153604030609,myops_scar,LGE-only,0.31040534377098083,0.3996138996138996,,0.17192013561725616,,6,0.01407556887716055,0.05555342528969048,0.36904761904761907,0.5300369685767098,0,3,0.6,3108,,,,,/users/a/e/aereinh/CARE/results/20260707_srr_v3_m8_editor_grade_leaderboard_sprint/runtime/variants/m8_scar_precision_edema_safe_longrun/proposal_pr_sweep_checkpoint_best.csv,False,m8_scar_precision_edema_safe_longrun
Case1040,CenterA,checkpoint_best,5,,,2164,0.75,0.3097153604030609,myops_scar,LGE-only,0.31040534377098083,0.40106951871657753,,0.17192013561725616,,5,0.01407556887716055,0.05555342528969048,0.3719919786096257,0.5143253234750462,0,2,0.7,2992,,,,,/users/a/e/aereinh/CARE/results/20260707_srr_v3_m8_editor_grade_leaderboard_sprint/runtime/variants/m8_scar_precision_edema_safe_longrun/proposal_pr_sweep_checkpoint_best.csv,False,m8_scar_precision_edema_safe_longrun
Case1040,CenterA,checkpoint_best,5,,,2164,0.75,0.3097153604030609,myops_scar,LGE-only,0.31040534377098083,0.4025351147653306,,0.17192013561725616,,4,0.01407556887716055,0.05555342528969048,0.37307297019527236,0.5032347504621072,0,1,0.8,2919,,,,,/users/a/e/aereinh/CARE/results/20260707_srr_v3_m8_editor_grade_leaderboard_sprint/runtime/variants/m8_scar_precision_edema_safe_longrun/proposal_pr_sweep_checkpoint_best.csv,False,m8_scar_precision_edema_safe_longrun
Case1040,CenterA,checkpoint_best,5,,,2164,0.75,0.3097153604030609,myops_scar,LGE-only,0.31040534377098083,0.40364762560220235,,0.17192013561725616,,6,0.01407556887716055,0.05555342528969048,0.37336545079146594,0.5013863216266173,0,2,0.9,2906,,,,,/users/a/e/aereinh/CARE/results/20260707_srr_v3_m8_editor_grade_leaderboard_sprint/runtime/variants/m8_scar_precision_edema_safe_longrun/proposal_pr_sweep_checkpoint_best.csv,False,m8_scar_precision_edema_safe_longrun
Case1040,CenterA,checkpoint_best,4,,,0,,0.17015044391155243,myops_edema,LGE-only,0.17017404735088348,,,-0.026659006252884865,,0,2.061155468524589e-09,2.061153470123145e-09,,,0,0,0.1,0,,,,,/users/a/e/aereinh/CARE/results/20260707_srr_v3_m8_editor_grade_leaderboard_sprint/runtime/variants/m8_scar_precision_edema_safe_longrun/proposal_pr_sweep_checkpoint_best.csv,False,m8_scar_precision_edema_safe_longrun
Case1040,CenterA,checkpoint_best,4,,,0,,0.17015044391155243,myops_edema,LGE-only,0.17017404735088348,,,-0.026659006252884865,,0,2.061155468524589e-09,2.061153470123145e-09,,,0,0,0.2,0,,,,,/users/a/e/aereinh/CARE/results/20260707_srr_v3_m8_editor_grade_leaderboard_sprint/runtime/variants/m8_scar_precision_edema_safe_longrun/proposal_pr_sweep_checkpoint_best.csv,False,m8_scar_precision_edema_safe_longrun
Case1040,CenterA,checkpoint_best,4,,,0,,0.17015044391155243,myops_edema,LGE-only,0.17017404735088348,,,-0.026659006252884865,,0,2.061155468524589e-09,2.061153470123145e-09,,,0,0,0.3,0,,,,,/users/a/e/aereinh/CARE/results/20260707_srr_v3_m8_editor_grade_leaderboard_sprint/runtime/variants/m8_scar_precision_edema_safe_longrun/proposal_pr_sweep_checkpoint_best.csv,False,m8_scar_precision_edema_safe_longrun
Case1040,CenterA,checkpoint_best,4,,,0,,0.17015044391155243,myops_edema,LGE-only,0.17017404735088348,,,-0.026659006252884865,,0,2.061155468524589e-09,2.061153470123145e-09,,,0,0,0.4,0,,,,,/users/a/e/aereinh/CARE/results/20260707_srr_v3_m8_editor_grade_leaderboard_sprint/runtime/variants/m8_scar_precision_edema_safe_longrun/proposal_pr_sweep_checkpoint_best.csv,False,m8_scar_precision_edema_safe_longrun
Case1040,CenterA,checkpoint_best,4,,,0,,0.17015044391155243,myops_edema,LGE-only,0.17017404735088348,,,-0.026659006252884865,,0,2.061155468524589e-09,2.061153470123145e-09,,,0,0,0.5,0,,,,,/users/a/e/aereinh/CARE/results/20260707_srr_v3_m8_editor_grade_leaderboard_sprint/runtime/variants/m8_scar_precision_edema_safe_longrun/proposal_pr_sweep_checkpoint_best.csv,False,m8_scar_precision_edema_safe_longrun
Case1040,CenterA,checkpoint_best,4,,,0,,0.17015044391155243,myops_edema,LGE-only,0.17017404735088348,,,-0.026659006252884865,,0,2.061155468524589e-09,2.061153470123145e-09,,,0,0,0.6,0,,,,,/users/a/e/aereinh/CARE/results/20260707_srr_v3_m8_editor_grade_leaderboard_sprint/runtime/variants/m8_scar_precision_edema_safe_longrun/proposal_pr_sweep_checkpoint_best.csv,False,m8_scar_precision_edema_safe_longrun
Case1040,CenterA,checkpoint_best,4,,,0,,0.17015044391155243,myops_edema,LGE-only,0.17017404735088348,,,-0.026659006252884865,,0,2.061155468524589e-09,2.061153470123145e-09,,,0,0,0.7,0,,,,,/users/a/e/aereinh/CARE/results/20260707_srr_v3_m8_editor_grade_leaderboard_sprint/runtime/variants/m8_scar_precision_edema_safe_longrun/proposal_pr_sweep_checkpoint_best.csv,False,m8_scar_precision_edema_safe_longrun
Case1040,CenterA,checkpoint_best,4,,,0,,0.17015044391155243,myops_edema,LGE-only,0.17017404735088348,,,-0.026659006252884865,,0,2.061155468524589e-09,2.061153470123145e-09,,,0,0,0.8,0,,,,,/users/a/e/aereinh/CARE/results/20260707_srr_v3_m8_editor_grade_leaderboard_sprint/runtime/variants/m8_scar_precision_edema_safe_longrun/proposal_pr_sweep_checkpoint_best.csv,False,m8_scar_precision_edema_safe_longrun
Case1040,CenterA,checkpoint_best,4,,,0,,0.17015044391155243,myops_edema,LGE-only,0.17017404735088348,,,-0.026659006252884865,,0,2.061155468524589e-09,2.061153470123145e-09,,,0,0,0.9,0,,,,,/users/a/e/aereinh/CARE/results/20260707_srr_v3_m8_editor_grade_leaderboard_sprint/runtime/variants/m8_scar_precision_edema_safe_longrun/proposal_pr_sweep_checkpoint_best.csv,False,m8_scar_precision_edema_safe_longrun
Case1042,CenterA,checkpoint_best,5,,,906,1.0,0.3088151812553406,myops_scar,LGE-only,0.3093300461769104,0.5522840441654038,,0.17270991206169128,,53,0.010899893008172512,0.045107658952474594,0.1874864689326694,0.9558498896247241,35,45,0.1,4619,,,,,/users/a/e/aereinh/CARE/results/20260707_srr_v3_m8_editor_grade_leaderboard_sprint/runtime/variants/m8_scar_precision_edema_safe_longrun/proposal_pr_sweep_checkpoint_best.csv,False,m8_scar_precision_edema_safe_longrun
Case1042,CenterA,checkpoint_best,5,,,906,1.0,0.3088151812553406,myops_scar,LGE-only,0.3093300461769104,0.21767810026385223,,0.17270991206169128,,5,0.010899893008172512,0.045107658952474594,0.5435356200527705,0.9094922737306843,0,3,0.2,1516,,,,,/users/a/e/aereinh/CARE/results/20260707_srr_v3_m8_editor_grade_leaderboard_sprint/runtime/variants/m8_scar_precision_edema_safe_longrun/proposal_pr_sweep_checkpoint_best.csv,False,m8_scar_precision_edema_safe_longrun
Case1042,CenterA,checkpoint_best,5,,,906,1.0,0.3088151812553406,myops_scar,LGE-only,0.3093300461769104,0.1774716369529984,,0.17270991206169128,,2,0.010899893008172512,0.045107658952474594,0.6377633711507293,0.8686534216335541,0,0,0.3,1234,,,,,/users/a/e/aereinh/CARE/results/20260707_srr_v3_m8_editor_grade_leaderboard_sprint/runtime/variants/m8_scar_precision_edema_safe_longrun/proposal_pr_sweep_checkpoint_best.csv,False,m8_scar_precision_edema_safe_longrun
Case1042,CenterA,checkpoint_best,5,,,906,1.0,0.3088151812553406,myops_scar,LGE-only,0.3093300461769104,0.16652136006974716,,0.17270991206169128,,2,0.010899893008172512,0.045107658952474594,0.6713164777680907,0.8498896247240618,0,0,0.4,1147,,,,,/users/a/e/aereinh/CARE/results/20260707_srr_v3_m8_editor_grade_leaderboard_sprint/runtime/variants/m8_scar_precision_edema_safe_longrun/proposal_pr_sweep_checkpoint_best.csv,False,m8_scar_precision_edema_safe_longrun
Case1042,CenterA,checkpoint_best,5,,,906,1.0,0.3088151812553406,myops_scar,LGE-only,0.3093300461769104,0.15462962962962962,,0.17270991206169128,,2,0.010899893008172512,0.045107658952474594,0.6944444444444444,0.8278145695364238,0,0,0.5,1080,,,,,/users/a/e/aereinh/CARE/results/20260707_srr_v3_m8_editor_grade_leaderboard_sprint/runtime/variants/m8_scar_precision_edema_safe_longrun/proposal_pr_sweep_checkpoint_best.csv,False,m8_scar_precision_edema_safe_longrun
Case1042,CenterA,checkpoint_best,5,,,906,1.0,0.3088151812553406,myops_scar,LGE-only,0.3093300461769104,0.1460564751703992,,0.17270991206169128,,3,0.010899893008172512,0.045107658952474594,0.7117818889970788,0.8068432671081678,0,1,0.6,1027,,,,,/users/a/e/aereinh/CARE/results/20260707_srr_v3_m8_editor_grade_leaderboard_sprint/runtime/variants/m8_scar_precision_edema_safe_longrun/proposal_pr_sweep_checkpoint_best.csv,False,m8_scar_precision_edema_safe_longrun
Case1042,CenterA,checkpoint_best,5,,,906,1.0,0.3088151812553406,myops_scar,LGE-only,0.3093300461769104,0.13737373737373737,,0.17270991206169128,,4,0.010899893008172512,0.045107658952474594,0.7282828282828283,0.7958057395143487,0,2,0.7,990,,,,,/users/a/e/aereinh/CARE/results/20260707_srr_v3_m8_editor_grade_leaderboard_sprint/runtime/variants/m8_scar_precision_edema_safe_longrun/proposal_pr_sweep_checkpoint_best.csv,False,m8_scar_precision_edema_safe_longrun
Case1042,CenterA,checkpoint_best,5,,,906,1.0,0.3088151812553406,myops_scar,LGE-only,0.3093300461769104,0.129979035639413,,0.17270991206169128,,4,0.010899893008172512,0.045107658952474594,0.7379454926624738,0.7770419426048565,0,2,0.8,954,,,,,/users/a/e/aereinh/CARE/results/20260707_srr_v3_m8_editor_grade_leaderboard_sprint/runtime/variants/m8_scar_precision_edema_safe_longrun/proposal_pr_sweep_checkpoint_best.csv,False,m8_scar_precision_edema_safe_longrun
Case1042,CenterA,checkpoint_best,5,,,906,1.0,0.3088151812553406,myops_scar,LGE-only,0.3093300461769104,0.12121212121212122,,0.17270991206169128,,4,0.010899893008172512,0.045107658952474594,0.75,0.7649006622516556,0,2,0.9,924,,,,,/users/a/e/aereinh/CARE/results/20260707_srr_v3_m8_editor_grade_leaderboard_sprint/runtime/variants/m8_scar_precision_edema_safe_longrun/proposal_pr_sweep_checkpoint_best.csv,False,m8_scar_precision_edema_safe_longrun
Case1042,CenterA,checkpoint_best,4,,,0,,0.17326481640338898,myops_edema,LGE-only,0.1733037680387497,,,-0.02533765695989132,,0,2.0611548023907744e-09,2.061153470123145e-09,,,0,0,0.1,0,,,,,/users/a/e/aereinh/CARE/results/20260707_srr_v3_m8_editor_grade_leaderboard_sprint/runtime/variants/m8_scar_precision_edema_safe_longrun/proposal_pr_sweep_checkpoint_best.csv,False,m8_scar_precision_edema_safe_longrun
Case1042,CenterA,checkpoint_best,4,,,0,,0.17326481640338898,myops_edema,LGE-only,0.1733037680387497,,,-0.02533765695989132,,0,2.0611548023907744e-09,2.061153470123145e-09,,,0,0,0.2,0,,,,,/users/a/e/aereinh/CARE/results/20260707_srr_v3_m8_editor_grade_leaderboard_sprint/runtime/variants/m8_scar_precision_edema_safe_longrun/proposal_pr_sweep_checkpoint_best.csv,False,m8_scar_precision_edema_safe_longrun
Case1042,CenterA,checkpoint_best,4,,,0,,0.17326481640338898,myops_edema,LGE-only,0.1733037680387497,,,-0.02533765695989132,,0,2.0611548023907744e-09,2.061153470123145e-09,,,0,0,0.3,0,,,,,/users/a/e/aereinh/CARE/results/20260707_srr_v3_m8_editor_grade_leaderboard_sprint/runtime/variants/m8_scar_precision_edema_safe_longrun/proposal_pr_sweep_checkpoint_best.csv,False,m8_scar_precision_edema_safe_longrun
Case1042,CenterA,checkpoint_best,4,,,0,,0.17326481640338898,myops_edema,LGE-only,0.1733037680387497,,,-0.02533765695989132,,0,2.0611548023907744e-09,2.061153470123145e-09,,,0,0,0.4,0,,,,,/users/a/e/aereinh/CARE/results/20260707_srr_v3_m8_editor_grade_leaderboard_sprint/runtime/variants/m8_scar_precision_edema_safe_longrun/proposal_pr_sweep_checkpoint_best.csv,False,m8_scar_precision_edema_safe_longrun
Case1042,CenterA,checkpoint_best,4,,,0,,0.17326481640338898,myops_edema,LGE-only,0.1733037680387497,,,-0.02533765695989132,,0,2.0611548023907744e-09,2.061153470123145e-09,,,0,0,0.5,0,,,,,/users/a/e/aereinh/CARE/results/20260707_srr_v3_m8_editor_grade_leaderboard_sprint/runtime/variants/m8_scar_precision_edema_safe_longrun/proposal_pr_sweep_checkpoint_best.csv,False,m8_scar_precision_edema_safe_longrun
Case1042,CenterA,checkpoint_best,4,,,0,,0.17326481640338898,myops_edema,LGE-only,0.1733037680387497,,,-0.02533765695989132,,0,2.0611548023907744e-09,2.061153470123145e-09,,,0,0,0.6,0,,,,,/users/a/e/aereinh/CARE/results/20260707_srr_v3_m8_editor_grade_leaderboard_sprint/runtime/variants/m8_scar_precision_edema_safe_longrun/proposal_pr_sweep_checkpoint_best.csv,False,m8_scar_precision_edema_safe_longrun
Case1042,CenterA,checkpoint_best,4,,,0,,0.17326481640338898,myops_edema,LGE-only,0.1733037680387497,,,-0.02533765695989132,,0,2.0611548023907744e-09,2.061153470123145e-09,,,0,0,0.7,0,,,,,/users/a/e/aereinh/CARE/results/20260707_srr_v3_m8_editor_grade_leaderboard_sprint/runtime/variants/m8_scar_precision_edema_safe_longrun/proposal_pr_sweep_checkpoint_best.csv,False,m8_scar_precision_edema_safe_longrun
Case1042,CenterA,checkpoint_best,4,,,0,,0.17326481640338898,myops_edema,LGE-only,0.1733037680387497,,,-0.02533765695989132,,0,2.0611548023907744e-09,2.061153470123145e-09,,,0,0,0.8,0,,,,,/users/a/e/aereinh/CARE/results/20260707_srr_v3_m8_editor_grade_leaderboard_sprint/runtime/variants/m8_scar_precision_edema_safe_longrun/proposal_pr_sweep_checkpoint_best.csv,False,m8_scar_precision_edema_safe_longrun
Case1042,CenterA,checkpoint_best,4,,,0,,0.17326481640338898,myops_edema,LGE-only,0.1733037680387497,,,-0.02533765695989132,,0,2.0611548023907744e-09,2.061153470123145e-09,,,0,0,0.9,0,,,,,/users/a/e/aereinh/CARE/results/20260707_srr_v3_m8_editor_grade_leaderboard_sprint/runtime/variants/m8_scar_precision_edema_safe_longrun/proposal_pr_sweep_checkpoint_best.csv,False,m8_scar_precision_edema_safe_longrun
Case1045,CenterA,checkpoint_best,5,,,1488,0.5714285714285714,0.30750977993011475,myops_scar,LGE-only,0.30815401673316956,0.5696843119929311,,0.1659962683916092,,35,0.010883805342018604,0.046802251413464536,0.10362278094626075,0.8669354838709677,6,32,0.1,12449,,,,,/users/a/e/aereinh/CARE/results/20260707_srr_v3_m8_editor_grade_leaderboard_sprint/runtime/variants/m8_scar_precision_edema_safe_longrun/proposal_pr_sweep_checkpoint_best.csv,False,m8_scar_precision_edema_safe_longrun
Case1045,CenterA,checkpoint_best,5,,,1488,0.5714285714285714,0.30750977993011475,myops_scar,LGE-only,0.30815401673316956,0.2597132284921369,,0.1659962683916092,,31,0.010883805342018604,0.046802251413464536,0.1977335800185014,0.5745967741935484,2,29,0.2,4324,,,,,/users/a/e/aereinh/CARE/results/20260707_srr_v3_m8_editor_grade_leaderboard_sprint/runtime/variants/m8_scar_precision_edema_safe_longrun/proposal_pr_sweep_checkpoint_best.csv,False,m8_scar_precision_edema_safe_longrun
Case1045,CenterA,checkpoint_best,5,,,1488,0.5714285714285714,0.30750977993011475,myops_scar,LGE-only,0.30815401673316956,0.11084905660377359,,0.1659962683916092,,11,0.010883805342018604,0.046802251413464536,0.20471698113207548,0.2916666666666667,0,9,0.3,2120,,,,,/users/a/e/aereinh/CARE/results/20260707_srr_v3_m8_editor_grade_leaderboard_sprint/runtime/variants/m8_scar_precision_edema_safe_longrun/proposal_pr_sweep_checkpoint_best.csv,False,m8_scar_precision_edema_safe_longrun
Case1045,CenterA,checkpoint_best,5,,,1488,0.5714285714285714,0.30750977993011475,myops_scar,LGE-only,0.30815401673316956,0.06209850107066381,,0.1659962683916092,,13,0.010883805342018604,0.046802251413464536,0.21270521056388295,0.20026881720430106,1,12,0.4,1401,,,,,/users/a/e/aereinh/CARE/results/20260707_srr_v3_m8_editor_grade_leaderboard_sprint/runtime/variants/m8_scar_precision_edema_safe_longrun/proposal_pr_sweep_checkpoint_best.csv,False,m8_scar_precision_edema_safe_longrun
Case1045,CenterA,checkpoint_best,5,,,1488,0.5714285714285714,0.30750977993011475,myops_scar,LGE-only,0.30815401673316956,0.03188405797101449,,0.1659962683916092,,17,0.010883805342018604,0.046802251413464536,0.242512077294686,0.16868279569892472,4,16,0.5,1035,,,,,/users/a/e/aereinh/CARE/results/20260707_srr_v3_m8_editor_grade_leaderboard_sprint/runtime/variants/m8_scar_precision_edema_safe_longrun/proposal_pr_sweep_checkpoint_best.csv,False,m8_scar_precision_edema_safe_longrun
Case1045,CenterA,checkpoint_best,5,,,1488,0.5714285714285714,0.30750977993011475,myops_scar,LGE-only,0.30815401673316956,0.029988465974625143,,0.1659962683916092,,12,0.010883805342018604,0.046802251413464536,0.2549019607843137,0.1485215053763441,5,10,0.6,867,,,,,/users/a/e/aereinh/CARE/results/20260707_srr_v3_m8_editor_grade_leaderboard_sprint/runtime/variants/m8_scar_precision_edema_safe_longrun/proposal_pr_sweep_checkpoint_best.csv,False,m8_scar_precision_edema_safe_longrun
Case1045,CenterA,checkpoint_best,5,,,1488,0.5714285714285714,0.30750977993011475,myops_scar,LGE-only,0.30815401673316956,0.03087248322147651,,0.1659962683916092,,6,0.010883805342018604,0.046802251413464536,0.2697986577181208,0.1350806451612903,2,3,0.7,745,,,,,/users/a/e/aereinh/CARE/results/20260707_srr_v3_m8_editor_grade_leaderboard_sprint/runtime/variants/m8_scar_precision_edema_safe_longrun/proposal_pr_sweep_checkpoint_best.csv,False,m8_scar_precision_edema_safe_longrun
Case1045,CenterA,checkpoint_best,5,,,1488,0.5714285714285714,0.30750977993011475,myops_scar,LGE-only,0.30815401673316956,0.025974025974025976,,0.1659962683916092,,8,0.010883805342018604,0.046802251413464536,0.262987012987013,0.10887096774193548,1,4,0.8,616,,,,,/users/a/e/aereinh/CARE/results/20260707_srr_v3_m8_editor_grade_leaderboard_sprint/runtime/variants/m8_scar_precision_edema_safe_longrun/proposal_pr_sweep_checkpoint_best.csv,False,m8_scar_precision_edema_safe_longrun
Case1045,CenterA,checkpoint_best,5,,,1488,0.5714285714285714,0.30750977993011475,myops_scar,LGE-only,0.30815401673316956,0.026156941649899398,,0.1659962683916092,,8,0.010883805342018604,0.046802251413464536,0.24748490945674045,0.08266129032258064,2,3,0.9,497,,,,,/users/a/e/aereinh/CARE/results/20260707_srr_v3_m8_editor_grade_leaderboard_sprint/runtime/variants/m8_scar_precision_edema_safe_longrun/proposal_pr_sweep_checkpoint_best.csv,False,m8_scar_precision_edema_safe_longrun
Case1045,CenterA,checkpoint_best,4,,,0,,0.1646731197834015,myops_edema,LGE-only,0.1650351732969284,,,-0.01907973736524582,,0,2.0611552464799843e-09,2.061153470123145e-09,,,0,0,0.1,0,,,,,/users/a/e/aereinh/CARE/results/20260707_srr_v3_m8_editor_grade_leaderboard_sprint/runtime/variants/m8_scar_precision_edema_safe_longrun/proposal_pr_sweep_checkpoint_best.csv,False,m8_scar_precision_edema_safe_longrun
Case1045,CenterA,checkpoint_best,4,,,0,,0.1646731197834015,myops_edema,LGE-only,0.1650351732969284,,,-0.01907973736524582,,0,2.0611552464799843e-09,2.061153470123145e-09,,,0,0,0.2,0,,,,,/users/a/e/aereinh/CARE/results/20260707_srr_v3_m8_editor_grade_leaderboard_sprint/runtime/variants/m8_scar_precision_edema_safe_longrun/proposal_pr_sweep_checkpoint_best.csv,False,m8_scar_precision_edema_safe_longrun
Case1045,CenterA,checkpoint_best,4,,,0,,0.1646731197834015,myops_edema,LGE-only,0.1650351732969284,,,-0.01907973736524582,,0,2.0611552464799843e-09,2.061153470123145e-09,,,0,0,0.3,0,,,,,/users/a/e/aereinh/CARE/results/20260707_srr_v3_m8_editor_grade_leaderboard_sprint/runtime/variants/m8_scar_precision_edema_safe_longrun/proposal_pr_sweep_checkpoint_best.csv,False,m8_scar_precision_edema_safe_longrun
Case1045,CenterA,checkpoint_best,4,,,0,,0.1646731197834015,myops_edema,LGE-only,0.1650351732969284,,,-0.01907973736524582,,0,2.0611552464799843e-09,2.061153470123145e-09,,,0,0,0.4,0,,,,,/users/a/e/aereinh/CARE/results/20260707_srr_v3_m8_editor_grade_leaderboard_sprint/runtime/variants/m8_scar_precision_edema_safe_longrun/proposal_pr_sweep_checkpoint_best.csv,False,m8_scar_precision_edema_safe_longrun
Case1045,CenterA,checkpoint_best,4,,,0,,0.1646731197834015,myops_edema,LGE-only,0.1650351732969284,,,-0.01907973736524582,,0,2.0611552464799843e-09,2.061153470123145e-09,,,0,0,0.5,0,,,,,/users/a/e/aereinh/CARE/results/20260707_srr_v3_m8_editor_grade_leaderboard_sprint/runtime/variants/m8_scar_precision_edema_safe_longrun/proposal_pr_sweep_checkpoint_best.csv,False,m8_scar_precision_edema_safe_longrun
Case1045,CenterA,checkpoint_best,4,,,0,,0.1646731197834015,myops_edema,LGE-only,0.1650351732969284,,,-0.01907973736524582,,0,2.0611552464799843e-09,2.061153470123145e-09,,,0,0,0.6,0,,,,,/users/a/e/aereinh/CARE/results/20260707_srr_v3_m8_editor_grade_leaderboard_sprint/runtime/variants/m8_scar_precision_edema_safe_longrun/proposal_pr_sweep_checkpoint_best.csv,False,m8_scar_precision_edema_safe_longrun
Case1045,CenterA,checkpoint_best,4,,,0,,0.1646731197834015,myops_edema,LGE-only,0.1650351732969284,,,-0.01907973736524582,,0,2.0611552464799843e-09,2.061153470123145e-09,,,0,0,0.7,0,,,,,/users/a/e/aereinh/CARE/results/20260707_srr_v3_m8_editor_grade_leaderboard_sprint/runtime/variants/m8_scar_precision_edema_safe_longrun/proposal_pr_sweep_checkpoint_best.csv,False,m8_scar_precision_edema_safe_longrun
Case1045,CenterA,checkpoint_best,4,,,0,,0.1646731197834015,myops_edema,LGE-only,0.1650351732969284,,,-0.01907973736524582,,0,2.0611552464799843e-09,2.061153470123145e-09,,,0,0,0.8,0,,,,,/users/a/e/aereinh/CARE/results/20260707_srr_v3_m8_editor_grade_leaderboard_sprint/runtime/variants/m8_scar_precision_edema_safe_longrun/proposal_pr_sweep_checkpoint_best.csv,False,m8_scar_precision_edema_safe_longrun
Case1045,CenterA,checkpoint_best,4,,,0,,0.1646731197834015,myops_edema,LGE-only,0.1650351732969284,,,-0.01907973736524582,,0,2.0611552464799843e-09,2.061153470123145e-09,,,0,0,0.9,0,,,,,/users/a/e/aereinh/CARE/results/20260707_srr_v3_m8_editor_grade_leaderboard_sprint/runtime/variants/m8_scar_precision_edema_safe_longrun/proposal_pr_sweep_checkpoint_best.csv,False,m8_scar_precision_edema_safe_longrun
Case1047,CenterA,checkpoint_best,5,,,6704,0.5714285714285714,0.3087794780731201,myops_scar,LGE-only,0.30946066975593567,0.6198192798856669,,0.16642257571220398,,192,0.014299258589744568,0.06547466143965718,0.12947766354709325,0.8378579952267303,122,175,0.1,43382,,,,,/users/a/e/aereinh/CARE/results/20260707_srr_v3_m8_editor_grade_leaderboard_sprint/runtime/variants/m8_scar_precision_edema_safe_longrun/proposal_pr_sweep_checkpoint_best.csv,False,m8_scar_precision_edema_safe_longrun
Case1047,CenterA,checkpoint_best,5,,,6704,0.14285714285714285,0.3087794780731201,myops_scar,LGE-only,0.30946066975593567,0.25439228110599077,,0.16642257571220398,,63,0.014299258589744568,0.06547466143965718,0.36326324884792627,0.752535799522673,6,57,0.2,13888,,,,,/users/a/e/aereinh/CARE/results/20260707_srr_v3_m8_editor_grade_leaderboard_sprint/runtime/variants/m8_scar_precision_edema_safe_longrun/proposal_pr_sweep_checkpoint_best.csv,False,m8_scar_precision_edema_safe_longrun
Case1047,CenterA,checkpoint_best,5,,,6704,0.14285714285714285,0.3087794780731201,myops_scar,LGE-only,0.30946066975593567,0.11072705601907032,,0.16642257571220398,,24,0.014299258589744568,0.06547466143965718,0.5545887961859356,0.6940632458233891,2,21,0.3,8390,,,,,/users/a/e/aereinh/CARE/results/20260707_srr_v3_m8_editor_grade_leaderboard_sprint/runtime/variants/m8_scar_precision_edema_safe_longrun/proposal_pr_sweep_checkpoint_best.csv,False,m8_scar_precision_edema_safe_longrun
Case1047,CenterA,checkpoint_best,5,,,6704,0.14285714285714285,0.3087794780731201,myops_scar,LGE-only,0.30946066975593567,0.08632097245730112,,0.16642257571220398,,14,0.014299258589744568,0.06547466143965718,0.6713340513925219,0.6508054892601431,0,13,0.4,6499,,,,,/users/a/e/aereinh/CARE/results/20260707_srr_v3_m8_editor_grade_leaderboard_sprint/runtime/variants/m8_scar_precision_edema_safe_longrun/proposal_pr_sweep_checkpoint_best.csv,False,m8_scar_precision_edema_safe_longrun
Case1047,CenterA,checkpoint_best,5,,,6704,0.14285714285714285,0.3087794780731201,myops_scar,LGE-only,0.30946066975593567,0.08125445473984319,,0.16642257571220398,,12,0.014299258589744568,0.06547466143965718,0.7348538845331433,0.6151551312649165,0,9,0.5,5612,,,,,/users/a/e/aereinh/CARE/results/20260707_srr_v3_m8_editor_grade_leaderboard_sprint/runtime/variants/m8_scar_precision_edema_safe_longrun/proposal_pr_sweep_checkpoint_best.csv,False,m8_scar_precision_edema_safe_longrun
Case1047,CenterA,checkpoint_best,5,,,6704,0.14285714285714285,0.3087794780731201,myops_scar,LGE-only,0.30946066975593567,0.07674236491777604,,0.16642257571220398,,13,0.014299258589744568,0.06547466143965718,0.7717306186374315,0.5880071599045346,0,8,0.6,5108,,,,,/users/a/e/aereinh/CARE/results/20260707_srr_v3_m8_editor_grade_leaderboard_sprint/runtime/variants/m8_scar_precision_edema_safe_longrun/proposal_pr_sweep_checkpoint_best.csv,False,m8_scar_precision_edema_safe_longrun
Case1047,CenterA,checkpoint_best,5,,,6704,0.14285714285714285,0.3087794780731201,myops_scar,LGE-only,0.30946066975593567,0.07203751065643649,,0.16642257571220398,,13,0.014299258589744568,0.06547466143965718,0.8005115089514067,0.5602625298329356,0,8,0.7,4692,,,,,/users/a/e/aereinh/CARE/results/20260707_srr_v3_m8_editor_grade_leaderboard_sprint/runtime/variants/m8_scar_precision_edema_safe_longrun/proposal_pr_sweep_checkpoint_best.csv,False,m8_scar_precision_edema_safe_longrun
Case1047,CenterA,checkpoint_best,5,,,6704,0.14285714285714285,0.3087794780731201,myops_scar,LGE-only,0.30946066975593567,0.06762295081967214,,0.16642257571220398,,16,0.014299258589744568,0.06547466143965718,0.8176229508196722,0.5356503579952268,0,5,0.8,4392,,,,,/users/a/e/aereinh/CARE/results/20260707_srr_v3_m8_editor_grade_leaderboard_sprint/runtime/variants/m8_scar_precision_edema_safe_longrun/proposal_pr_sweep_checkpoint_best.csv,False,m8_scar_precision_edema_safe_longrun
Case1047,CenterA,checkpoint_best,5,,,6704,0.14285714285714285,0.3087794780731201,myops_scar,LGE-only,0.30946066975593567,0.06825856246985046,,0.16642257571220398,,11,0.014299258589744568,0.06547466143965718,0.8273034249879402,0.5116348448687351,0,1,0.9,4146,,,,,/users/a/e/aereinh/CARE/results/20260707_srr_v3_m8_editor_grade_leaderboard_sprint/runtime/variants/m8_scar_precision_edema_safe_longrun/proposal_pr_sweep_checkpoint_best.csv,False,m8_scar_precision_edema_safe_longrun
Case1047,CenterA,checkpoint_best,4,,,0,,0.16972769796848297,myops_edema,LGE-only,0.1698353886604309,,,-0.027521951124072075,,0,2.061150361498676e-09,2.061153470123145e-09,,,0,0,0.1,0,,,,,/users/a/e/aereinh/CARE/results/20260707_srr_v3_m8_editor_grade_leaderboard_sprint/runtime/variants/m8_scar_precision_edema_safe_longrun/proposal_pr_sweep_checkpoint_best.csv,False,m8_scar_precision_edema_safe_longrun
Case1047,CenterA,checkpoint_best,4,,,0,,0.16972769796848297,myops_edema,LGE-only,0.1698353886604309,,,-0.027521951124072075,,0,2.061150361498676e-09,2.061153470123145e-09,,,0,0,0.2,0,,,,,/users/a/e/aereinh/CARE/results/20260707_srr_v3_m8_editor_grade_leaderboard_sprint/runtime/variants/m8_scar_precision_edema_safe_longrun/proposal_pr_sweep_checkpoint_best.csv,False,m8_scar_precision_edema_safe_longrun
Case1047,CenterA,checkpoint_best,4,,,0,,0.16972769796848297,myops_edema,LGE-only,0.1698353886604309,,,-0.027521951124072075,,0,2.061150361498676e-09,2.061153470123145e-09,,,0,0,0.3,0,,,,,/users/a/e/aereinh/CARE/results/20260707_srr_v3_m8_editor_grade_leaderboard_sprint/runtime/variants/m8_scar_precision_edema_safe_longrun/proposal_pr_sweep_checkpoint_best.csv,False,m8_scar_precision_edema_safe_longrun
Case1047,CenterA,checkpoint_best,4,,,0,,0.16972769796848297,myops_edema,LGE-only,0.1698353886604309,,,-0.027521951124072075,,0,2.061150361498676e-09,2.061153470123145e-09,,,0,0,0.4,0,,,,,/users/a/e/aereinh/CARE/results/20260707_srr_v3_m8_editor_grade_leaderboard_sprint/runtime/variants/m8_scar_precision_edema_safe_longrun/proposal_pr_sweep_checkpoint_best.csv,False,m8_scar_precision_edema_safe_longrun
Case1047,CenterA,checkpoint_best,4,,,0,,0.16972769796848297,myops_edema,LGE-only,0.1698353886604309,,,-0.027521951124072075,,0,2.061150361498676e-09,2.061153470123145e-09,,,0,0,0.5,0,,,,,/users/a/e/aereinh/CARE/results/20260707_srr_v3_m8_editor_grade_leaderboard_sprint/runtime/variants/m8_scar_precision_edema_safe_longrun/proposal_pr_sweep_checkpoint_best.csv,False,m8_scar_precision_edema_safe_longrun
Case1047,CenterA,checkpoint_best,4,,,0,,0.16972769796848297,myops_edema,LGE-only,0.1698353886604309,,,-0.027521951124072075,,0,2.061150361498676e-09,2.061153470123145e-09,,,0,0,0.6,0,,,,,/users/a/e/aereinh/CARE/results/20260707_srr_v3_m8_editor_grade_leaderboard_sprint/runtime/variants/m8_scar_precision_edema_safe_longrun/proposal_pr_sweep_checkpoint_best.csv,False,m8_scar_precision_edema_safe_longrun
Case1047,CenterA,checkpoint_best,4,,,0,,0.16972769796848297,myops_edema,LGE-only,0.1698353886604309,,,-0.027521951124072075,,0,2.061150361498676e-09,2.061153470123145e-09,,,0,0,0.7,0,,,,,/users/a/e/aereinh/CARE/results/20260707_srr_v3_m8_editor_grade_leaderboard_sprint/runtime/variants/m8_scar_precision_edema_safe_longrun/proposal_pr_sweep_checkpoint_best.csv,False,m8_scar_precision_edema_safe_longrun
Case1047,CenterA,checkpoint_best,4,,,0,,0.16972769796848297,myops_edema,LGE-only,0.1698353886604309,,,-0.027521951124072075,,0,2.061150361498676e-09,2.061153470123145e-09,,,0,0,0.8,0,,,,,/users/a/e/aereinh/CARE/results/20260707_srr_v3_m8_editor_grade_leaderboard_sprint/runtime/variants/m8_scar_precision_edema_safe_longrun/proposal_pr_sweep_checkpoint_best.csv,False,m8_scar_precision_edema_safe_longrun
Case1047,CenterA,checkpoint_best,4,,,0,,0.16972769796848297,myops_edema,LGE-only,0.1698353886604309,,,-0.027521951124072075,,0,2.061150361498676e-09,2.061153470123145e-09,,,0,0,0.9,0,,,,,/users/a/e/aereinh/CARE/results/20260707_srr_v3_m8_editor_grade_leaderboard_sprint/runtime/variants/m8_scar_precision_edema_safe_longrun/proposal_pr_sweep_checkpoint_best.csv,False,m8_scar_precision_edema_safe_longrun
Case2002,CenterB,checkpoint_best,5,,,998,1.0,0.2969569265842438,myops_scar,C0+LGE+T2,0.2974655032157898,0.3299101412066752,,0.1614370495080948,,12,0.007262218743562698,0.0178729903884232,0.37291399229781774,0.5821643286573146,7,6,0.1,1558,,,,,/users/a/e/aereinh/CARE/results/20260707_srr_v3_m8_editor_grade_leaderboard_sprint/runtime/broad_eval/variants/m8_scar_precision_edema_safe_longrun/proposal_pr_sweep_checkpoint_best.csv,True,m8_scar_precision_edema_safe_longrun
Case2002,CenterB,checkpoint_best,5,,,998,1.0,0.2969569265842438,myops_scar,C0+LGE+T2,0.2974655032157898,0.031569173630454965,,0.1614370495080948,,5,0.007262218743562698,0.0178729903884232,0.5394614670380687,0.5821643286573146,0,3,0.2,1077,,,,,/users/a/e/aereinh/CARE/results/20260707_srr_v3_m8_editor_grade_leaderboard_sprint/runtime/broad_eval/variants/m8_scar_precision_edema_safe_longrun/proposal_pr_sweep_checkpoint_best.csv,True,m8_scar_precision_edema_safe_longrun
Case2002,CenterB,checkpoint_best,5,,,998,1.0,0.2969569265842438,myops_scar,C0+LGE+T2,0.2974655032157898,0.031598513011152414,,0.1614370495080948,,5,0.007262218743562698,0.0178729903884232,0.5399628252788105,0.5821643286573146,0,3,0.3,1076,,,,,/users/a/e/aereinh/CARE/results/20260707_srr_v3_m8_editor_grade_leaderboard_sprint/runtime/broad_eval/variants/m8_scar_precision_edema_safe_longrun/proposal_pr_sweep_checkpoint_best.csv,True,m8_scar_precision_edema_safe_longrun
Case2002,CenterB,checkpoint_best,5,,,998,1.0,0.2969569265842438,myops_scar,C0+LGE+T2,0.2974655032157898,0.031598513011152414,,0.1614370495080948,,5,0.007262218743562698,0.0178729903884232,0.5399628252788105,0.5821643286573146,0,3,0.4,1076,,,,,/users/a/e/aereinh/CARE/results/20260707_srr_v3_m8_editor_grade_leaderboard_sprint/runtime/broad_eval/variants/m8_scar_precision_edema_safe_longrun/proposal_pr_sweep_checkpoint_best.csv,True,m8_scar_precision_edema_safe_longrun
Case2002,CenterB,checkpoint_best,5,,,998,1.0,0.2969569265842438,myops_scar,C0+LGE+T2,0.2974655032157898,0.031835205992509365,,0.1614370495080948,,5,0.007262218743562698,0.0178729903884232,0.5440074906367042,0.5821643286573146,0,3,0.5,1068,,,,,/users/a/e/aereinh/CARE/results/20260707_srr_v3_m8_editor_grade_leaderboard_sprint/runtime/broad_eval/variants/m8_scar_precision_edema_safe_longrun/proposal_pr_sweep_checkpoint_best.csv,True,m8_scar_precision_edema_safe_longrun
Case2002,CenterB,checkpoint_best,5,,,998,1.0,0.2969569265842438,myops_scar,C0+LGE+T2,0.2974655032157898,0.032196969696969696,,0.1614370495080948,,5,0.007262218743562698,0.0178729903884232,0.5492424242424242,0.5811623246492986,0,3,0.6,1056,,,,,/users/a/e/aereinh/CARE/results/20260707_srr_v3_m8_editor_grade_leaderboard_sprint/runtime/broad_eval/variants/m8_scar_precision_edema_safe_longrun/proposal_pr_sweep_checkpoint_best.csv,True,m8_scar_precision_edema_safe_longrun
Case2002,CenterB,checkpoint_best,5,,,998,1.0,0.2969569265842438,myops_scar,C0+LGE+T2,0.2974655032157898,0.03330068560235064,,0.1614370495080948,,5,0.007262218743562698,0.0178729903884232,0.5592556317335945,0.5721442885771543,0,3,0.7,1021,,,,,/users/a/e/aereinh/CARE/results/20260707_srr_v3_m8_editor_grade_leaderboard_sprint/runtime/broad_eval/variants/m8_scar_precision_edema_safe_longrun/proposal_pr_sweep_checkpoint_best.csv,True,m8_scar_precision_edema_safe_longrun
Case2002,CenterB,checkpoint_best,5,,,998,1.0,0.2969569265842438,myops_scar,C0+LGE+T2,0.2974655032157898,0.033023735810113516,,0.1614370495080948,,5,0.007262218743562698,0.0178729903884232,0.5768833849329206,0.5601202404809619,0,3,0.8,969,,,,,/users/a/e/aereinh/CARE/results/20260707_srr_v3_m8_editor_grade_leaderboard_sprint/runtime/broad_eval/variants/m8_scar_precision_edema_safe_longrun/proposal_pr_sweep_checkpoint_best.csv,True,m8_scar_precision_edema_safe_longrun
Case2002,CenterB,checkpoint_best,5,,,998,1.0,0.2969569265842438,myops_scar,C0+LGE+T2,0.2974655032157898,0.02696629213483146,,0.1614370495080948,,5,0.007262218743562698,0.0178729903884232,0.5943820224719101,0.530060120240481,0,3,0.9,890,,,,,/users/a/e/aereinh/CARE/results/20260707_srr_v3_m8_editor_grade_leaderboard_sprint/runtime/broad_eval/variants/m8_scar_precision_edema_safe_longrun/proposal_pr_sweep_checkpoint_best.csv,True,m8_scar_precision_edema_safe_longrun
Case2002,CenterB,checkpoint_best,4,,,3016,0.6,0.16407372057437897,myops_edema,C0+LGE+T2,0.1734602451324463,0.7095486644151059,,-0.003845760365948081,,73,0.018172815442085266,0.06062567289918656,0.1946576604237028,0.6306366047745358,62,46,0.1,9771,,,,,/users/a/e/aereinh/CARE/results/20260707_srr_v3_m8_editor_grade_leaderboard_sprint/runtime/broad_eval/variants/m8_scar_precision_edema_safe_longrun/proposal_pr_sweep_checkpoint_best.csv,True,m8_scar_precision_edema_safe_longrun
Case2002,CenterB,checkpoint_best,4,,,3016,0.6,0.16407372057437897,myops_edema,C0+LGE+T2,0.1734602451324463,0.4296413980935089,,-0.003845760365948081,,19,0.018172815442085266,0.06062567289918656,0.39559691330004537,0.5779177718832891,12,16,0.2,4406,,,,,/users/a/e/aereinh/CARE/results/20260707_srr_v3_m8_editor_grade_leaderboard_sprint/runtime/broad_eval/variants/m8_scar_precision_edema_safe_longrun/proposal_pr_sweep_checkpoint_best.csv,True,m8_scar_precision_edema_safe_longrun
Case2002,CenterB,checkpoint_best,4,,,3016,0.6,0.16407372057437897,myops_edema,C0+LGE+T2,0.1734602451324463,0.3070683661645423,,-0.003845760365948081,,8,0.018172815442085266,0.06062567289918656,0.48754345307068364,0.5580238726790451,4,6,0.3,3452,,,,,/users/a/e/aereinh/CARE/results/20260707_srr_v3_m8_editor_grade_leaderboard_sprint/runtime/broad_eval/variants/m8_scar_precision_edema_safe_longrun/proposal_pr_sweep_checkpoint_best.csv,True,m8_scar_precision_edema_safe_longrun
Case2002,CenterB,checkpoint_best,4,,,3016,0.6,0.16407372057437897,myops_edema,C0+LGE+T2,0.1734602451324463,0.25137852740836847,,-0.003845760365948081,,5,0.018172815442085266,0.06062567289918656,0.530003243593902,0.5417771883289124,1,3,0.4,3083,,,,,/users/a/e/aereinh/CARE/results/20260707_srr_v3_m8_editor_grade_leaderboard_sprint/runtime/broad_eval/variants/m8_scar_precision_edema_safe_longrun/proposal_pr_sweep_checkpoint_best.csv,True,m8_scar_precision_edema_safe_longrun
Case2002,CenterB,checkpoint_best,4,,,3016,0.6,0.16407372057437897,myops_edema,C0+LGE+T2,0.1734602451324463,0.21309192200557103,,-0.003845760365948081,,4,0.018172815442085266,0.06062567289918656,0.5584958217270195,0.5318302387267905,0,3,0.5,2872,,,,,/users/a/e/aereinh/CARE/results/20260707_srr_v3_m8_editor_grade_leaderboard_sprint/runtime/broad_eval/variants/m8_scar_precision_edema_safe_longrun/proposal_pr_sweep_checkpoint_best.csv,True,m8_scar_precision_edema_safe_longrun
Case2002,CenterB,checkpoint_best,4,,,3016,0.4,0.16407372057437897,myops_edema,C0+LGE+T2,0.1734602451324463,0.2073170731707317,,-0.003845760365948081,,5,0.018172815442085266,0.06062567289918656,0.5627690100430416,0.5202254641909815,0,4,0.6,2788,,,,,/users/a/e/aereinh/CARE/results/20260707_srr_v3_m8_editor_grade_leaderboard_sprint/runtime/broad_eval/variants/m8_scar_precision_edema_safe_longrun/proposal_pr_sweep_checkpoint_best.csv,True,m8_scar_precision_edema_safe_longrun
Case2002,CenterB,checkpoint_best,4,,,3016,0.4,0.16407372057437897,myops_edema,C0+LGE+T2,0.1734602451324463,0.2027818448023426,,-0.003845760365948081,,5,0.018172815442085266,0.06062567289918656,0.5669838945827232,0.5135941644562334,0,4,0.7,2732,,,,,/users/a/e/aereinh/CARE/results/20260707_srr_v3_m8_editor_grade_leaderboard_sprint/runtime/broad_eval/variants/m8_scar_precision_edema_safe_longrun/proposal_pr_sweep_checkpoint_best.csv,True,m8_scar_precision_edema_safe_longrun
Case2002,CenterB,checkpoint_best,4,,,3016,0.4,0.16407372057437897,myops_edema,C0+LGE+T2,0.1734602451324463,0.2014016967908521,,-0.003845760365948081,,5,0.018172815442085266,0.06062567289918656,0.567687200295094,0.5102785145888594,0,4,0.8,2711,,,,,/users/a/e/aereinh/CARE/results/20260707_srr_v3_m8_editor_grade_leaderboard_sprint/runtime/broad_eval/variants/m8_scar_precision_edema_safe_longrun/proposal_pr_sweep_checkpoint_best.csv,True,m8_scar_precision_edema_safe_longrun
Case2002,CenterB,checkpoint_best,4,,,3016,0.4,0.16407372057437897,myops_edema,C0+LGE+T2,0.1734602451324463,0.20156191892896988,,-0.003845760365948081,,5,0.018172815442085266,0.06062567289918656,0.5686128672368911,0.5069628647214854,0,4,0.9,2689,,,,,/users/a/e/aereinh/CARE/results/20260707_srr_v3_m8_editor_grade_leaderboard_sprint/runtime/broad_eval/variants/m8_scar_precision_edema_safe_longrun/proposal_pr_sweep_checkpoint_best.csv,True,m8_scar_precision_edema_safe_longrun
Case2007,CenterB,checkpoint_best,5,,,1303,1.0,0.293957382440567,myops_scar,C0+LGE+T2,0.29444801807403564,0.008036739380022962,,0.15950968861579895,,5,0.008911201730370522,0.013807407394051547,0.6257175660160735,0.4182655410590944,0,3,0.1,871,,,,,/users/a/e/aereinh/CARE/results/20260707_srr_v3_m8_editor_grade_leaderboard_sprint/runtime/broad_eval/variants/m8_scar_precision_edema_safe_longrun/proposal_pr_sweep_checkpoint_best.csv,True,m8_scar_precision_edema_safe_longrun
Case2007,CenterB,checkpoint_best,5,,,1303,1.0,0.293957382440567,myops_scar,C0+LGE+T2,0.29444801807403564,0.0,,0.15950968861579895,,3,0.008911201730370522,0.013807407394051547,0.6311377245508982,0.4044512663085188,0,1,0.2,835,,,,,/users/a/e/aereinh/CARE/results/20260707_srr_v3_m8_editor_grade_leaderboard_sprint/runtime/broad_eval/variants/m8_scar_precision_edema_safe_longrun/proposal_pr_sweep_checkpoint_best.csv,True,m8_scar_precision_edema_safe_longrun
Case2007,CenterB,checkpoint_best,5,,,1303,1.0,0.293957382440567,myops_scar,C0+LGE+T2,0.29444801807403564,0.0,,0.15950968861579895,,3,0.008911201730370522,0.013807407394051547,0.6304347826086957,0.4006139677666922,0,1,0.3,828,,,,,/users/a/e/aereinh/CARE/results/20260707_srr_v3_m8_editor_grade_leaderboard_sprint/runtime/broad_eval/variants/m8_scar_precision_edema_safe_longrun/proposal_pr_sweep_checkpoint_best.csv,True,m8_scar_precision_edema_safe_longrun
Case2007,CenterB,checkpoint_best,5,,,1303,1.0,0.293957382440567,myops_scar,C0+LGE+T2,0.29444801807403564,0.0,,0.15950968861579895,,3,0.008911201730370522,0.013807407394051547,0.633373934226553,0.3990790483499616,0,1,0.4,821,,,,,/users/a/e/aereinh/CARE/results/20260707_srr_v3_m8_editor_grade_leaderboard_sprint/runtime/broad_eval/variants/m8_scar_precision_edema_safe_longrun/proposal_pr_sweep_checkpoint_best.csv,True,m8_scar_precision_edema_safe_longrun
Case2007,CenterB,checkpoint_best,5,,,1303,1.0,0.293957382440567,myops_scar,C0+LGE+T2,0.29444801807403564,0.0,,0.15950968861579895,,3,0.008911201730370522,0.013807407394051547,0.6344743276283619,0.3983115886415963,0,1,0.5,818,,,,,/users/a/e/aereinh/CARE/results/20260707_srr_v3_m8_editor_grade_leaderboard_sprint/runtime/broad_eval/variants/m8_scar_precision_edema_safe_longrun/proposal_pr_sweep_checkpoint_best.csv,True,m8_scar_precision_edema_safe_longrun
Case2007,CenterB,checkpoint_best,5,,,1303,1.0,0.293957382440567,myops_scar,C0+LGE+T2,0.29444801807403564,0.0,,0.15950968861579895,,3,0.008911201730370522,0.013807407394051547,0.6348039215686274,0.397544128933231,0,1,0.6,816,,,,,/users/a/e/aereinh/CARE/results/20260707_srr_v3_m8_editor_grade_leaderboard_sprint/runtime/broad_eval/variants/m8_scar_precision_edema_safe_longrun/proposal_pr_sweep_checkpoint_best.csv,True,m8_scar_precision_edema_safe_longrun
Case2007,CenterB,checkpoint_best,5,,,1303,1.0,0.293957382440567,myops_scar,C0+LGE+T2,0.29444801807403564,0.0,,0.15950968861579895,,3,0.008911201730370522,0.013807407394051547,0.6389578163771712,0.3952417498081351,0,1,0.7,806,,,,,/users/a/e/aereinh/CARE/results/20260707_srr_v3_m8_editor_grade_leaderboard_sprint/runtime/broad_eval/variants/m8_scar_precision_edema_safe_longrun/proposal_pr_sweep_checkpoint_best.csv,True,m8_scar_precision_edema_safe_longrun
Case2007,CenterB,checkpoint_best,5,,,1303,1.0,0.293957382440567,myops_scar,C0+LGE+T2,0.29444801807403564,0.0,,0.15950968861579895,,4,0.008911201730370522,0.013807407394051547,0.6418485237483954,0.3837298541826554,0,1,0.8,779,,,,,/users/a/e/aereinh/CARE/results/20260707_srr_v3_m8_editor_grade_leaderboard_sprint/runtime/broad_eval/variants/m8_scar_precision_edema_safe_longrun/proposal_pr_sweep_checkpoint_best.csv,True,m8_scar_precision_edema_safe_longrun
Case2007,CenterB,checkpoint_best,5,,,1303,1.0,0.293957382440567,myops_scar,C0+LGE+T2,0.29444801807403564,0.0,,0.15950968861579895,,5,0.008911201730370522,0.013807407394051547,0.6530054644808743,0.3668457405986186,0,1,0.9,732,,,,,/users/a/e/aereinh/CARE/results/20260707_srr_v3_m8_editor_grade_leaderboard_sprint/runtime/broad_eval/variants/m8_scar_precision_edema_safe_longrun/proposal_pr_sweep_checkpoint_best.csv,True,m8_scar_precision_edema_safe_longrun
Case2007,CenterB,checkpoint_best,4,,,1462,0.625,0.1675771325826645,myops_edema,C0+LGE+T2,0.17582935094833374,0.606787445776984,,-0.006723854225128889,,51,0.01829669065773487,0.060682767815887884,0.24470528195968358,0.6559507523939808,24,30,0.1,3919,,,,,/users/a/e/aereinh/CARE/results/20260707_srr_v3_m8_editor_grade_leaderboard_sprint/runtime/broad_eval/variants/m8_scar_precision_edema_safe_longrun/proposal_pr_sweep_checkpoint_best.csv,True,m8_scar_precision_edema_safe_longrun
Case2007,CenterB,checkpoint_best,4,,,1462,0.625,0.1675771325826645,myops_edema,C0+LGE+T2,0.17582935094833374,0.12370466321243523,,-0.006723854225128889,,19,0.01829669065773487,0.060682767815887884,0.5751295336787565,0.6073871409028728,4,11,0.2,1544,,,,,/users/a/e/aereinh/CARE/results/20260707_srr_v3_m8_editor_grade_leaderboard_sprint/runtime/broad_eval/variants/m8_scar_precision_edema_safe_longrun/proposal_pr_sweep_checkpoint_best.csv,True,m8_scar_precision_edema_safe_longrun
Case2007,CenterB,checkpoint_best,4,,,1462,0.625,0.1675771325826645,myops_edema,C0+LGE+T2,0.17582935094833374,0.037121212121212124,,-0.006723854225128889,,12,0.01829669065773487,0.060682767815887884,0.6333333333333333,0.5718194254445964,0,7,0.3,1320,,,,,/users/a/e/aereinh/CARE/results/20260707_srr_v3_m8_editor_grade_leaderboard_sprint/runtime/broad_eval/variants/m8_scar_precision_edema_safe_longrun/proposal_pr_sweep_checkpoint_best.csv,True,m8_scar_precision_edema_safe_longrun
Case2007,CenterB,checkpoint_best,4,,,1462,0.625,0.1675771325826645,myops_edema,C0+LGE+T2,0.17582935094833374,0.03383162863886703,,-0.006723854225128889,,13,0.01829669065773487,0.060682767815887884,0.6388670338316287,0.5554035567715458,0,7,0.4,1271,,,,,/users/a/e/aereinh/CARE/results/20260707_srr_v3_m8_editor_grade_leaderboard_sprint/runtime/broad_eval/variants/m8_scar_precision_edema_safe_longrun/proposal_pr_sweep_checkpoint_best.csv,True,m8_scar_precision_edema_safe_longrun
Case2007,CenterB,checkpoint_best,4,,,1462,0.625,0.1675771325826645,myops_edema,C0+LGE+T2,0.17582935094833374,0.033707865168539325,,-0.006723854225128889,,13,0.01829669065773487,0.060682767815887884,0.6404494382022472,0.5458276333789329,0,7,0.5,1246,,,,,/users/a/e/aereinh/CARE/results/20260707_srr_v3_m8_editor_grade_leaderboard_sprint/runtime/broad_eval/variants/m8_scar_precision_edema_safe_longrun/proposal_pr_sweep_checkpoint_best.csv,True,m8_scar_precision_edema_safe_longrun
Case2007,CenterB,checkpoint_best,4,,,1462,0.625,0.1675771325826645,myops_edema,C0+LGE+T2,0.17582935094833374,0.034229828850855744,,-0.006723854225128889,,13,0.01829669065773487,0.060682767815887884,0.6365118174409128,0.5341997264021888,0,7,0.6,1227,,,,,/users/a/e/aereinh/CARE/results/20260707_srr_v3_m8_editor_grade_leaderboard_sprint/runtime/broad_eval/variants/m8_scar_precision_edema_safe_longrun/proposal_pr_sweep_checkpoint_best.csv,True,m8_scar_precision_edema_safe_longrun
Case2007,CenterB,checkpoint_best,4,,,1462,0.625,0.1675771325826645,myops_edema,C0+LGE+T2,0.17582935094833374,0.03482587064676617,,-0.006723854225128889,,14,0.01829669065773487,0.060682767815887884,0.6401326699834162,0.5280437756497948,0,8,0.7,1206,,,,,/users/a/e/aereinh/CARE/results/20260707_srr_v3_m8_editor_grade_leaderboard_sprint/runtime/broad_eval/variants/m8_scar_precision_edema_safe_longrun/proposal_pr_sweep_checkpoint_best.csv,True,m8_scar_precision_edema_safe_longrun
Case2007,CenterB,checkpoint_best,4,,,1462,0.625,0.1675771325826645,myops_edema,C0+LGE+T2,0.17582935094833374,0.03535353535353535,,-0.006723854225128889,,16,0.01829669065773487,0.060682767815887884,0.6380471380471381,0.518467852257182,0,10,0.8,1188,,,,,/users/a/e/aereinh/CARE/results/20260707_srr_v3_m8_editor_grade_leaderboard_sprint/runtime/broad_eval/variants/m8_scar_precision_edema_safe_longrun/proposal_pr_sweep_checkpoint_best.csv,True,m8_scar_precision_edema_safe_longrun
Case2007,CenterB,checkpoint_best,4,,,1462,0.625,0.1675771325826645,myops_edema,C0+LGE+T2,0.17582935094833374,0.036395147313691506,,-0.006723854225128889,,14,0.01829669065773487,0.060682767815887884,0.6412478336221837,0.506155950752394,0,9,0.9,1154,,,,,/users/a/e/aereinh/CARE/results/20260707_srr_v3_m8_editor_grade_leaderboard_sprint/runtime/broad_eval/variants/m8_scar_precision_edema_safe_longrun/proposal_pr_sweep_checkpoint_best.csv,True,m8_scar_precision_edema_safe_longrun
Case2008,CenterB,checkpoint_best,5,,,1016,1.0,0.29409971833229065,myops_scar,C0+LGE+T2,0.2944875657558441,0.1592920353982301,,0.15908552706241608,,12,0.008345648646354675,0.018801543861627575,0.6242960579243765,0.7637795275590551,11,7,0.1,1243,,,,,/users/a/e/aereinh/CARE/results/20260707_srr_v3_m8_editor_grade_leaderboard_sprint/runtime/broad_eval/variants/m8_scar_precision_edema_safe_longrun/proposal_pr_sweep_checkpoint_best.csv,True,m8_scar_precision_edema_safe_longrun
Case2008,CenterB,checkpoint_best,5,,,1016,1.0,0.29409971833229065,myops_scar,C0+LGE+T2,0.2944875657558441,0.0,,0.15908552706241608,,1,0.008345648646354675,0.018801543861627575,0.7437619961612284,0.7627952755905512,0,0,0.2,1042,,,,,/users/a/e/aereinh/CARE/results/20260707_srr_v3_m8_editor_grade_leaderboard_sprint/runtime/broad_eval/variants/m8_scar_precision_edema_safe_longrun/proposal_pr_sweep_checkpoint_best.csv,True,m8_scar_precision_edema_safe_longrun
Case2008,CenterB,checkpoint_best,5,,,1016,1.0,0.29409971833229065,myops_scar,C0+LGE+T2,0.2944875657558441,0.0,,0.15908552706241608,,1,0.008345648646354675,0.018801543861627575,0.7437619961612284,0.7627952755905512,0,0,0.3,1042,,,,,/users/a/e/aereinh/CARE/results/20260707_srr_v3_m8_editor_grade_leaderboard_sprint/runtime/broad_eval/variants/m8_scar_precision_edema_safe_longrun/proposal_pr_sweep_checkpoint_best.csv,True,m8_scar_precision_edema_safe_longrun
Case2008,CenterB,checkpoint_best,5,,,1016,1.0,0.29409971833229065,myops_scar,C0+LGE+T2,0.2944875657558441,0.0,,0.15908552706241608,,1,0.008345648646354675,0.018801543861627575,0.7437619961612284,0.7627952755905512,0,0,0.4,1042,,,,,/users/a/e/aereinh/CARE/results/20260707_srr_v3_m8_editor_grade_leaderboard_sprint/runtime/broad_eval/variants/m8_scar_precision_edema_safe_longrun/proposal_pr_sweep_checkpoint_best.csv,True,m8_scar_precision_edema_safe_longrun
Case2008,CenterB,checkpoint_best,5,,,1016,1.0,0.29409971833229065,myops_scar,C0+LGE+T2,0.2944875657558441,0.0,,0.15908552706241608,,1,0.008345648646354675,0.018801543861627575,0.7437619961612284,0.7627952755905512,0,0,0.5,1042,,,,,/users/a/e/aereinh/CARE/results/20260707_srr_v3_m8_editor_grade_leaderboard_sprint/runtime/broad_eval/variants/m8_scar_precision_edema_safe_longrun/proposal_pr_sweep_checkpoint_best.csv,True,m8_scar_precision_edema_safe_longrun
Case2008,CenterB,checkpoint_best,5,,,1016,1.0,0.29409971833229065,myops_scar,C0+LGE+T2,0.2944875657558441,0.0,,0.15908552706241608,,1,0.008345648646354675,0.018801543861627575,0.7451923076923077,0.7627952755905512,0,0,0.6,1040,,,,,/users/a/e/aereinh/CARE/results/20260707_srr_v3_m8_editor_grade_leaderboard_sprint/runtime/broad_eval/variants/m8_scar_precision_edema_safe_longrun/proposal_pr_sweep_checkpoint_best.csv,True,m8_scar_precision_edema_safe_longrun
Case2008,CenterB,checkpoint_best,5,,,1016,1.0,0.29409971833229065,myops_scar,C0+LGE+T2,0.2944875657558441,0.0,,0.15908552706241608,,1,0.008345648646354675,0.018801543861627575,0.748792270531401,0.7627952755905512,0,0,0.7,1035,,,,,/users/a/e/aereinh/CARE/results/20260707_srr_v3_m8_editor_grade_leaderboard_sprint/runtime/broad_eval/variants/m8_scar_precision_edema_safe_longrun/proposal_pr_sweep_checkpoint_best.csv,True,m8_scar_precision_edema_safe_longrun
Case2008,CenterB,checkpoint_best,5,,,1016,1.0,0.29409971833229065,myops_scar,C0+LGE+T2,0.2944875657558441,0.0,,0.15908552706241608,,1,0.008345648646354675,0.018801543861627575,0.7517106549364614,0.7568897637795275,0,0,0.8,1023,,,,,/users/a/e/aereinh/CARE/results/20260707_srr_v3_m8_editor_grade_leaderboard_sprint/runtime/broad_eval/variants/m8_scar_precision_edema_safe_longrun/proposal_pr_sweep_checkpoint_best.csv,True,m8_scar_precision_edema_safe_longrun
Case2008,CenterB,checkpoint_best,5,,,1016,1.0,0.29409971833229065,myops_scar,C0+LGE+T2,0.2944875657558441,0.0,,0.15908552706241608,,1,0.008345648646354675,0.018801543861627575,0.7580971659919028,0.7372047244094488,0,0,0.9,988,,,,,/users/a/e/aereinh/CARE/results/20260707_srr_v3_m8_editor_grade_leaderboard_sprint/runtime/broad_eval/variants/m8_scar_precision_edema_safe_longrun/proposal_pr_sweep_checkpoint_best.csv,True,m8_scar_precision_edema_safe_longrun
Case2008,CenterB,checkpoint_best,4,,,3603,0.6,0.1698649823665619,myops_edema,C0+LGE+T2,0.17831261456012726,0.7841634738186463,,-0.007012448739260435,,29,0.01603986695408821,0.06477376222610469,0.15442741592166878,0.40271995559256174,20,13,0.1,9396,,,,,/users/a/e/aereinh/CARE/results/20260707_srr_v3_m8_editor_grade_leaderboard_sprint/runtime/broad_eval/variants/m8_scar_precision_edema_safe_longrun/proposal_pr_sweep_checkpoint_best.csv,True,m8_scar_precision_edema_safe_longrun
Case2008,CenterB,checkpoint_best,4,,,3603,0.6,0.1698649823665619,myops_edema,C0+LGE+T2,0.17831261456012726,0.3686051595977263,,-0.007012448739260435,,17,0.01603986695408821,0.06477376222610469,0.46261477918670746,0.2936441854010547,8,3,0.2,2287,,,,,/users/a/e/aereinh/CARE/results/20260707_srr_v3_m8_editor_grade_leaderboard_sprint/runtime/broad_eval/variants/m8_scar_precision_edema_safe_longrun/proposal_pr_sweep_checkpoint_best.csv,True,m8_scar_precision_edema_safe_longrun
Case2008,CenterB,checkpoint_best,4,,,3603,0.6,0.1698649823665619,myops_edema,C0+LGE+T2,0.17831261456012726,0.027591349739000747,,-0.007012448739260435,,8,0.01603986695408821,0.06477376222610469,0.7076808351976137,0.26339161809603107,2,1,0.3,1341,,,,,/users/a/e/aereinh/CARE/results/20260707_srr_v3_m8_editor_grade_leaderboard_sprint/runtime/broad_eval/variants/m8_scar_precision_edema_safe_longrun/proposal_pr_sweep_checkpoint_best.csv,True,m8_scar_precision_edema_safe_longrun
Case2008,CenterB,checkpoint_best,4,,,3603,0.6,0.1698649823665619,myops_edema,C0+LGE+T2,0.17831261456012726,0.006405124099279423,,-0.007012448739260435,,6,0.01603986695408821,0.06477376222610469,0.7197758206565252,0.2495142936441854,0,0,0.4,1249,,,,,/users/a/e/aereinh/CARE/results/20260707_srr_v3_m8_editor_grade_leaderboard_sprint/runtime/broad_eval/variants/m8_scar_precision_edema_safe_longrun/proposal_pr_sweep_checkpoint_best.csv,True,m8_scar_precision_edema_safe_longrun
Case2008,CenterB,checkpoint_best,4,,,3603,0.6,0.1698649823665619,myops_edema,C0+LGE+T2,0.17831261456012726,0.004966887417218543,,-0.007012448739260435,,5,0.01603986695408821,0.06477376222610469,0.7168874172185431,0.24035525950596726,0,0,0.5,1208,,,,,/users/a/e/aereinh/CARE/results/20260707_srr_v3_m8_editor_grade_leaderboard_sprint/runtime/broad_eval/variants/m8_scar_precision_edema_safe_longrun/proposal_pr_sweep_checkpoint_best.csv,True,m8_scar_precision_edema_safe_longrun
Case2008,CenterB,checkpoint_best,4,,,3603,0.6,0.1698649823665619,myops_edema,C0+LGE+T2,0.17831261456012726,0.005089058524173028,,-0.007012448739260435,,5,0.01603986695408821,0.06477376222610469,0.7116200169635284,0.23286150430197058,0,0,0.6,1179,,,,,/users/a/e/aereinh/CARE/results/20260707_srr_v3_m8_editor_grade_leaderboard_sprint/runtime/broad_eval/variants/m8_scar_precision_edema_safe_longrun/proposal_pr_sweep_checkpoint_best.csv,True,m8_scar_precision_edema_safe_longrun
Case2008,CenterB,checkpoint_best,4,,,3603,0.6,0.1698649823665619,myops_edema,C0+LGE+T2,0.17831261456012726,0.005106382978723404,,-0.007012448739260435,,5,0.01603986695408821,0.06477376222610469,0.7114893617021276,0.23202886483485985,0,0,0.7,1175,,,,,/users/a/e/aereinh/CARE/results/20260707_srr_v3_m8_editor_grade_leaderboard_sprint/runtime/broad_eval/variants/m8_scar_precision_edema_safe_longrun/proposal_pr_sweep_checkpoint_best.csv,True,m8_scar_precision_edema_safe_longrun
Case2008,CenterB,checkpoint_best,4,,,3603,0.6,0.1698649823665619,myops_edema,C0+LGE+T2,0.17831261456012726,0.005123825789923143,,-0.007012448739260435,,5,0.01603986695408821,0.06477376222610469,0.7105038428693424,0.23091867887871217,0,0,0.8,1171,,,,,/users/a/e/aereinh/CARE/results/20260707_srr_v3_m8_editor_grade_leaderboard_sprint/runtime/broad_eval/variants/m8_scar_precision_edema_safe_longrun/proposal_pr_sweep_checkpoint_best.csv,True,m8_scar_precision_edema_safe_longrun
Case2008,CenterB,checkpoint_best,4,,,3603,0.6,0.1698649823665619,myops_edema,C0+LGE+T2,0.17831261456012726,0.005123825789923143,,-0.007012448739260435,,5,0.01603986695408821,0.06477376222610469,0.7105038428693424,0.23091867887871217,0,0,0.9,1171,,,,,/users/a/e/aereinh/CARE/results/20260707_srr_v3_m8_editor_grade_leaderboard_sprint/runtime/broad_eval/variants/m8_scar_precision_edema_safe_longrun/proposal_pr_sweep_checkpoint_best.csv,True,m8_scar_precision_edema_safe_longrun
Case2017,CenterB,checkpoint_best,5,,,810,1.0,0.29310300946235657,myops_scar,C0+LGE+T2,0.2935506999492645,0.02773497688751926,,0.15934236347675323,,10,0.007671500090509653,0.014466946292668573,0.42989214175654855,0.6888888888888889,8,8,0.1,1298,,,,,/users/a/e/aereinh/CARE/results/20260707_srr_v3_m8_editor_grade_leaderboard_sprint/runtime/broad_eval/variants/m8_scar_precision_edema_safe_longrun/proposal_pr_sweep_checkpoint_best.csv,True,m8_scar_precision_edema_safe_longrun
Case2017,CenterB,checkpoint_best,5,,,810,1.0,0.29310300946235657,myops_scar,C0+LGE+T2,0.2935506999492645,0.0072874493927125505,,0.15934236347675323,,3,0.007671500090509653,0.014466946292668573,0.4518218623481781,0.6888888888888889,1,2,0.2,1235,,,,,/users/a/e/aereinh/CARE/results/20260707_srr_v3_m8_editor_grade_leaderboard_sprint/runtime/broad_eval/variants/m8_scar_precision_edema_safe_longrun/proposal_pr_sweep_checkpoint_best.csv,True,m8_scar_precision_edema_safe_longrun
Case2017,CenterB,checkpoint_best,5,,,810,1.0,0.29310300946235657,myops_scar,C0+LGE+T2,0.2935506999492645,0.007317073170731708,,0.15934236347675323,,2,0.007671500090509653,0.014466946292668573,0.45365853658536587,0.6888888888888889,0,1,0.3,1230,,,,,/users/a/e/aereinh/CARE/results/20260707_srr_v3_m8_editor_grade_leaderboard_sprint/runtime/broad_eval/variants/m8_scar_precision_edema_safe_longrun/proposal_pr_sweep_checkpoint_best.csv,True,m8_scar_precision_edema_safe_longrun
Case2017,CenterB,checkpoint_best,5,,,810,1.0,0.29310300946235657,myops_scar,C0+LGE+T2,0.2935506999492645,0.00734094616639478,,0.15934236347675323,,2,0.007671500090509653,0.014466946292668573,0.4526916802610114,0.6851851851851852,0,1,0.4,1226,,,,,/users/a/e/aereinh/CARE/results/20260707_srr_v3_m8_editor_grade_leaderboard_sprint/runtime/broad_eval/variants/m8_scar_precision_edema_safe_longrun/proposal_pr_sweep_checkpoint_best.csv,True,m8_scar_precision_edema_safe_longrun
Case2017,CenterB,checkpoint_best,5,,,810,1.0,0.29310300946235657,myops_scar,C0+LGE+T2,0.2935506999492645,0.007371007371007371,,0.15934236347675323,,2,0.007671500090509653,0.014466946292668573,0.4520884520884521,0.6814814814814815,0,1,0.5,1221,,,,,/users/a/e/aereinh/CARE/results/20260707_srr_v3_m8_editor_grade_leaderboard_sprint/runtime/broad_eval/variants/m8_scar_precision_edema_safe_longrun/proposal_pr_sweep_checkpoint_best.csv,True,m8_scar_precision_edema_safe_longrun
Case2017,CenterB,checkpoint_best,5,,,810,1.0,0.29310300946235657,myops_scar,C0+LGE+T2,0.2935506999492645,0.00749375520399667,,0.15934236347675323,,2,0.007671500090509653,0.014466946292668573,0.4562864279766861,0.6765432098765433,0,1,0.6,1201,,,,,/users/a/e/aereinh/CARE/results/20260707_srr_v3_m8_editor_grade_leaderboard_sprint/runtime/broad_eval/variants/m8_scar_precision_edema_safe_longrun/proposal_pr_sweep_checkpoint_best.csv,True,m8_scar_precision_edema_safe_longrun
Case2017,CenterB,checkpoint_best,5,,,810,1.0,0.29310300946235657,myops_scar,C0+LGE+T2,0.2935506999492645,0.007758620689655172,,0.15934236347675323,,3,0.007671500090509653,0.014466946292668573,0.45775862068965517,0.6555555555555556,0,2,0.7,1160,,,,,/users/a/e/aereinh/CARE/results/20260707_srr_v3_m8_editor_grade_leaderboard_sprint/runtime/broad_eval/variants/m8_scar_precision_edema_safe_longrun/proposal_pr_sweep_checkpoint_best.csv,True,m8_scar_precision_edema_safe_longrun
Case2017,CenterB,checkpoint_best,5,,,810,1.0,0.29310300946235657,myops_scar,C0+LGE+T2,0.2935506999492645,0.00818926296633303,,0.15934236347675323,,2,0.007671500090509653,0.014466946292668573,0.4695177434030937,0.6370370370370371,0,1,0.8,1099,,,,,/users/a/e/aereinh/CARE/results/20260707_srr_v3_m8_editor_grade_leaderboard_sprint/runtime/broad_eval/variants/m8_scar_precision_edema_safe_longrun/proposal_pr_sweep_checkpoint_best.csv,True,m8_scar_precision_edema_safe_longrun
Case2017,CenterB,checkpoint_best,5,,,810,1.0,0.29310300946235657,myops_scar,C0+LGE+T2,0.2935506999492645,0.009109311740890687,,0.15934236347675323,,1,0.007671500090509653,0.014466946292668573,0.4807692307692308,0.5864197530864198,0,0,0.9,988,,,,,/users/a/e/aereinh/CARE/results/20260707_srr_v3_m8_editor_grade_leaderboard_sprint/runtime/broad_eval/variants/m8_scar_precision_edema_safe_longrun/proposal_pr_sweep_checkpoint_best.csv,True,m8_scar_precision_edema_safe_longrun
Case2017,CenterB,checkpoint_best,4,,,2211,1.0,0.1687944531440735,myops_edema,C0+LGE+T2,0.17986328899860382,0.6732334908030958,,-0.0018417693208903074,,89,0.01932760514318943,0.0740587957203388,0.18102321841391095,0.8145635459068294,68,52,0.1,9949,,,,,/users/a/e/aereinh/CARE/results/20260707_srr_v3_m8_editor_grade_leaderboard_sprint/runtime/broad_eval/variants/m8_scar_precision_edema_safe_longrun/proposal_pr_sweep_checkpoint_best.csv,True,m8_scar_precision_edema_safe_longrun
Case2017,CenterB,checkpoint_best,4,,,2211,1.0,0.1687944531440735,myops_edema,C0+LGE+T2,0.17986328899860382,0.208067940552017,,-0.0018417693208903074,,30,0.01932760514318943,0.0740587957203388,0.5122838944494995,0.7639077340569878,23,22,0.2,3297,,,,,/users/a/e/aereinh/CARE/results/20260707_srr_v3_m8_editor_grade_leaderboard_sprint/runtime/broad_eval/variants/m8_scar_precision_edema_safe_longrun/proposal_pr_sweep_checkpoint_best.csv,True,m8_scar_precision_edema_safe_longrun
Case2017,CenterB,checkpoint_best,4,,,2211,1.0,0.1687944531440735,myops_edema,C0+LGE+T2,0.17986328899860382,0.08445440956651719,,-0.0018417693208903074,,9,0.01932760514318943,0.0740587957203388,0.6065022421524664,0.7340569877883311,4,6,0.3,2676,,,,,/users/a/e/aereinh/CARE/results/20260707_srr_v3_m8_editor_grade_leaderboard_sprint/runtime/broad_eval/variants/m8_scar_precision_edema_safe_longrun/proposal_pr_sweep_checkpoint_best.csv,True,m8_scar_precision_edema_safe_longrun
Case2017,CenterB,checkpoint_best,4,,,2211,1.0,0.1687944531440735,myops_edema,C0+LGE+T2,0.17986328899860382,0.0627498001598721,,-0.0018417693208903074,,6,0.01932760514318943,0.0740587957203388,0.6278976818545163,0.7105382180009046,1,3,0.4,2502,,,,,/users/a/e/aereinh/CARE/results/20260707_srr_v3_m8_editor_grade_leaderboard_sprint/runtime/broad_eval/variants/m8_scar_precision_edema_safe_longrun/proposal_pr_sweep_checkpoint_best.csv,True,m8_scar_precision_edema_safe_longrun
Case2017,CenterB,checkpoint_best,4,,,2211,1.0,0.1687944531440735,myops_edema,C0+LGE+T2,0.17986328899860382,0.05746176105828855,,-0.0018417693208903074,,6,0.01932760514318943,0.0740587957203388,0.6420008267879289,0.70239710538218,0,2,0.5,2419,,,,,/users/a/e/aereinh/CARE/results/20260707_srr_v3_m8_editor_grade_leaderboard_sprint/runtime/broad_eval/variants/m8_scar_precision_edema_safe_longrun/proposal_pr_sweep_checkpoint_best.csv,True,m8_scar_precision_edema_safe_longrun
Case2017,CenterB,checkpoint_best,4,,,2211,1.0,0.1687944531440735,myops_edema,C0+LGE+T2,0.17986328899860382,0.05576679340937896,,-0.0018417693208903074,,6,0.01932760514318943,0.0740587957203388,0.6501901140684411,0.6960651289009498,0,2,0.6,2367,,,,,/users/a/e/aereinh/CARE/results/20260707_srr_v3_m8_editor_grade_leaderboard_sprint/runtime/broad_eval/variants/m8_scar_precision_edema_safe_longrun/proposal_pr_sweep_checkpoint_best.csv,True,m8_scar_precision_edema_safe_longrun
Case2017,CenterB,checkpoint_best,4,,,2211,1.0,0.1687944531440735,myops_edema,C0+LGE+T2,0.17986328899860382,0.05649717514124294,,-0.0018417693208903074,,6,0.01932760514318943,0.0740587957203388,0.6644936983920035,0.6915422885572139,0,2,0.7,2301,,,,,/users/a/e/aereinh/CARE/results/20260707_srr_v3_m8_editor_grade_leaderboard_sprint/runtime/broad_eval/variants/m8_scar_precision_edema_safe_longrun/proposal_pr_sweep_checkpoint_best.csv,True,m8_scar_precision_edema_safe_longrun
Case2017,CenterB,checkpoint_best,4,,,2211,1.0,0.1687944531440735,myops_edema,C0+LGE+T2,0.17986328899860382,0.05545774647887324,,-0.0018417693208903074,,6,0.01932760514318943,0.0740587957203388,0.6694542253521126,0.6879240162822252,0,2,0.8,2272,,,,,/users/a/e/aereinh/CARE/results/20260707_srr_v3_m8_editor_grade_leaderboard_sprint/runtime/broad_eval/variants/m8_scar_precision_edema_safe_longrun/proposal_pr_sweep_checkpoint_best.csv,True,m8_scar_precision_edema_safe_longrun
Case2017,CenterB,checkpoint_best,4,,,2211,1.0,0.1687944531440735,myops_edema,C0+LGE+T2,0.17986328899860382,0.05516014234875445,,-0.0018417693208903074,,6,0.01932760514318943,0.0740587957203388,0.6717081850533808,0.6829488919041158,0,2,0.9,2248,,,,,/users/a/e/aereinh/CARE/results/20260707_srr_v3_m8_editor_grade_leaderboard_sprint/runtime/broad_eval/variants/m8_scar_precision_edema_safe_longrun/proposal_pr_sweep_checkpoint_best.csv,True,m8_scar_precision_edema_safe_longrun
Case2020,CenterB,checkpoint_best,5,,,561,1.0,0.2977621853351593,myops_scar,C0+LGE+T2,0.29787009954452515,0.03225806451612903,,0.1566304713487625,,3,0.004902373533695936,0.012965861661359655,0.8548387096774194,0.28342245989304815,1,2,0.1,186,,,,,/users/a/e/aereinh/CARE/results/20260707_srr_v3_m8_editor_grade_leaderboard_sprint/runtime/broad_eval/variants/m8_scar_precision_edema_safe_longrun/proposal_pr_sweep_checkpoint_best.csv,True,m8_scar_precision_edema_safe_longrun
Case2020,CenterB,checkpoint_best,5,,,561,1.0,0.2977621853351593,myops_scar,C0+LGE+T2,0.29787009954452515,0.0,,0.1566304713487625,,1,0.004902373533695936,0.012965861661359655,0.8914285714285715,0.27807486631016043,0,0,0.2,175,,,,,/users/a/e/aereinh/CARE/results/20260707_srr_v3_m8_editor_grade_leaderboard_sprint/runtime/broad_eval/variants/m8_scar_precision_edema_safe_longrun/proposal_pr_sweep_checkpoint_best.csv,True,m8_scar_precision_edema_safe_longrun
Case2020,CenterB,checkpoint_best,5,,,561,1.0,0.2977621853351593,myops_scar,C0+LGE+T2,0.29787009954452515,0.0,,0.1566304713487625,,1,0.004902373533695936,0.012965861661359655,0.8901734104046243,0.27450980392156865,0,0,0.3,173,,,,,/users/a/e/aereinh/CARE/results/20260707_srr_v3_m8_editor_grade_leaderboard_sprint/runtime/broad_eval/variants/m8_scar_precision_edema_safe_longrun/proposal_pr_sweep_checkpoint_best.csv,True,m8_scar_precision_edema_safe_longrun
Case2020,CenterB,checkpoint_best,5,,,561,1.0,0.2977621853351593,myops_scar,C0+LGE+T2,0.29787009954452515,0.0,,0.1566304713487625,,1,0.004902373533695936,0.012965861661359655,0.8901734104046243,0.27450980392156865,0,0,0.4,173,,,,,/users/a/e/aereinh/CARE/results/20260707_srr_v3_m8_editor_grade_leaderboard_sprint/runtime/broad_eval/variants/m8_scar_precision_edema_safe_longrun/proposal_pr_sweep_checkpoint_best.csv,True,m8_scar_precision_edema_safe_longrun
Case2020,CenterB,checkpoint_best,5,,,561,1.0,0.2977621853351593,myops_scar,C0+LGE+T2,0.29787009954452515,0.0,,0.1566304713487625,,1,0.004902373533695936,0.012965861661359655,0.8895348837209303,0.2727272727272727,0,0,0.5,172,,,,,/users/a/e/aereinh/CARE/results/20260707_srr_v3_m8_editor_grade_leaderboard_sprint/runtime/broad_eval/variants/m8_scar_precision_edema_safe_longrun/proposal_pr_sweep_checkpoint_best.csv,True,m8_scar_precision_edema_safe_longrun
Case2020,CenterB,checkpoint_best,5,,,561,1.0,0.2977621853351593,myops_scar,C0+LGE+T2,0.29787009954452515,0.0,,0.1566304713487625,,1,0.004902373533695936,0.012965861661359655,0.8895348837209303,0.2727272727272727,0,0,0.6,172,,,,,/users/a/e/aereinh/CARE/results/20260707_srr_v3_m8_editor_grade_leaderboard_sprint/runtime/broad_eval/variants/m8_scar_precision_edema_safe_longrun/proposal_pr_sweep_checkpoint_best.csv,True,m8_scar_precision_edema_safe_longrun
Case2020,CenterB,checkpoint_best,5,,,561,1.0,0.2977621853351593,myops_scar,C0+LGE+T2,0.29787009954452515,0.0,,0.1566304713487625,,1,0.004902373533695936,0.012965861661359655,0.8895348837209303,0.2727272727272727,0,0,0.7,172,,,,,/users/a/e/aereinh/CARE/results/20260707_srr_v3_m8_editor_grade_leaderboard_sprint/runtime/broad_eval/variants/m8_scar_precision_edema_safe_longrun/proposal_pr_sweep_checkpoint_best.csv,True,m8_scar_precision_edema_safe_longrun
Case2020,CenterB,checkpoint_best,5,,,561,1.0,0.2977621853351593,myops_scar,C0+LGE+T2,0.29787009954452515,0.0,,0.1566304713487625,,1,0.004902373533695936,0.012965861661359655,0.8869047619047619,0.26559714795008915,0,0,0.8,168,,,,,/users/a/e/aereinh/CARE/results/20260707_srr_v3_m8_editor_grade_leaderboard_sprint/runtime/broad_eval/variants/m8_scar_precision_edema_safe_longrun/proposal_pr_sweep_checkpoint_best.csv,True,m8_scar_precision_edema_safe_longrun
Case2020,CenterB,checkpoint_best,5,,,561,1.0,0.2977621853351593,myops_scar,C0+LGE+T2,0.29787009954452515,0.0,,0.1566304713487625,,1,0.004902373533695936,0.012965861661359655,0.8819875776397516,0.2531194295900178,0,0,0.9,161,,,,,/users/a/e/aereinh/CARE/results/20260707_srr_v3_m8_editor_grade_leaderboard_sprint/runtime/broad_eval/variants/m8_scar_precision_edema_safe_longrun/proposal_pr_sweep_checkpoint_best.csv,True,m8_scar_precision_edema_safe_longrun
Case2020,CenterB,checkpoint_best,4,,,1032,0.6666666666666666,0.16644561290740967,myops_edema,C0+LGE+T2,0.1737293303012848,0.7732919254658385,,-0.008738785982131958,,45,0.018572457134723663,0.07410156093537808,0.13291925465838508,0.622093023255814,35,29,0.1,4830,,,,,/users/a/e/aereinh/CARE/results/20260707_srr_v3_m8_editor_grade_leaderboard_sprint/runtime/broad_eval/variants/m8_scar_precision_edema_safe_longrun/proposal_pr_sweep_checkpoint_best.csv,True,m8_scar_precision_edema_safe_longrun
Case2020,CenterB,checkpoint_best,4,,,1032,0.5833333333333334,0.16644561290740967,myops_edema,C0+LGE+T2,0.1737293303012848,0.35547122074636306,,-0.008738785982131958,,6,0.018572457134723663,0.07410156093537808,0.38140417457305503,0.5843023255813954,4,2,0.2,1581,,,,,/users/a/e/aereinh/CARE/results/20260707_srr_v3_m8_editor_grade_leaderboard_sprint/runtime/broad_eval/variants/m8_scar_precision_edema_safe_longrun/proposal_pr_sweep_checkpoint_best.csv,True,m8_scar_precision_edema_safe_longrun
Case2020,CenterB,checkpoint_best,4,,,1032,0.5833333333333334,0.16644561290740967,myops_edema,C0+LGE+T2,0.1737293303012848,0.11801801801801802,,-0.008738785982131958,,7,0.018572457134723663,0.07410156093537808,0.527027027027027,0.5668604651162791,3,2,0.3,1110,,,,,/users/a/e/aereinh/CARE/results/20260707_srr_v3_m8_editor_grade_leaderboard_sprint/runtime/broad_eval/variants/m8_scar_precision_edema_safe_longrun/proposal_pr_sweep_checkpoint_best.csv,True,m8_scar_precision_edema_safe_longrun
Case2020,CenterB,checkpoint_best,4,,,1032,0.5833333333333334,0.16644561290740967,myops_edema,C0+LGE+T2,0.1737293303012848,0.024615384615384615,,-0.008738785982131958,,6,0.018572457134723663,0.07410156093537808,0.5794871794871795,0.5474806201550387,0,2,0.4,975,,,,,/users/a/e/aereinh/CARE/results/20260707_srr_v3_m8_editor_grade_leaderboard_sprint/runtime/broad_eval/variants/m8_scar_precision_edema_safe_longrun/proposal_pr_sweep_checkpoint_best.csv,True,m8_scar_precision_edema_safe_longrun
Case2020,CenterB,checkpoint_best,4,,,1032,0.5833333333333334,0.16644561290740967,myops_edema,C0+LGE+T2,0.1737293303012848,0.021761658031088083,,-0.008738785982131958,,4,0.018572457134723663,0.07410156093537808,0.5792746113989637,0.5416666666666666,0,0,0.5,965,,,,,/users/a/e/aereinh/CARE/results/20260707_srr_v3_m8_editor_grade_leaderboard_sprint/runtime/broad_eval/variants/m8_scar_precision_edema_safe_longrun/proposal_pr_sweep_checkpoint_best.csv,True,m8_scar_precision_edema_safe_longrun
Case2020,CenterB,checkpoint_best,4,,,1032,0.5833333333333334,0.16644561290740967,myops_edema,C0+LGE+T2,0.1737293303012848,0.021875,,-0.008738785982131958,,4,0.018572457134723663,0.07410156093537808,0.58125,0.5406976744186046,0,0,0.6,960,,,,,/users/a/e/aereinh/CARE/results/20260707_srr_v3_m8_editor_grade_leaderboard_sprint/runtime/broad_eval/variants/m8_scar_precision_edema_safe_longrun/proposal_pr_sweep_checkpoint_best.csv,True,m8_scar_precision_edema_safe_longrun
Case2020,CenterB,checkpoint_best,4,,,1032,0.5833333333333334,0.16644561290740967,myops_edema,C0+LGE+T2,0.1737293303012848,0.022035676810073453,,-0.008738785982131958,,4,0.018572457134723663,0.07410156093537808,0.5855194123819517,0.5406976744186046,0,0,0.7,953,,,,,/users/a/e/aereinh/CARE/results/20260707_srr_v3_m8_editor_grade_leaderboard_sprint/runtime/broad_eval/variants/m8_scar_precision_edema_safe_longrun/proposal_pr_sweep_checkpoint_best.csv,True,m8_scar_precision_edema_safe_longrun
Case2020,CenterB,checkpoint_best,4,,,1032,0.5833333333333334,0.16644561290740967,myops_edema,C0+LGE+T2,0.1737293303012848,0.022105263157894735,,-0.008738785982131958,,4,0.018572457134723663,0.07410156093537808,0.5873684210526315,0.5406976744186046,0,0,0.8,950,,,,,/users/a/e/aereinh/CARE/results/20260707_srr_v3_m8_editor_grade_leaderboard_sprint/runtime/broad_eval/variants/m8_scar_precision_edema_safe_longrun/proposal_pr_sweep_checkpoint_best.csv,True,m8_scar_precision_edema_safe_longrun
Case2020,CenterB,checkpoint_best,4,,,1032,0.5833333333333334,0.16644561290740967,myops_edema,C0+LGE+T2,0.1737293303012848,0.022175290390707498,,-0.008738785982131958,,4,0.018572457134723663,0.07410156093537808,0.5881731784582893,0.5397286821705426,0,0,0.9,947,,,,,/users/a/e/aereinh/CARE/results/20260707_srr_v3_m8_editor_grade_leaderboard_sprint/runtime/broad_eval/variants/m8_scar_precision_edema_safe_longrun/proposal_pr_sweep_checkpoint_best.csv,True,m8_scar_precision_edema_safe_longrun
Case2031,CenterB,checkpoint_best,5,,,864,1.0,0.29711344838142395,myops_scar,C0+LGE+T2,0.29767507314682007,0.020594965675057208,,0.16353853046894073,,3,0.009001374244689941,0.018192178942263104,0.7974828375286042,0.8067129629629629,1,2,0.1,874,,,,,/users/a/e/aereinh/CARE/results/20260707_srr_v3_m8_editor_grade_leaderboard_sprint/runtime/broad_eval/variants/m8_scar_precision_edema_safe_longrun/proposal_pr_sweep_checkpoint_best.csv,True,m8_scar_precision_edema_safe_longrun
Case2031,CenterB,checkpoint_best,5,,,864,1.0,0.29711344838142395,myops_scar,C0+LGE+T2,0.29767507314682007,0.018648018648018648,,0.16353853046894073,,2,0.009001374244689941,0.018192178942263104,0.8041958041958042,0.7986111111111112,0,1,0.2,858,,,,,/users/a/e/aereinh/CARE/results/20260707_srr_v3_m8_editor_grade_leaderboard_sprint/runtime/broad_eval/variants/m8_scar_precision_edema_safe_longrun/proposal_pr_sweep_checkpoint_best.csv,True,m8_scar_precision_edema_safe_longrun
Case2031,CenterB,checkpoint_best,5,,,864,1.0,0.29711344838142395,myops_scar,C0+LGE+T2,0.29767507314682007,0.018648018648018648,,0.16353853046894073,,2,0.009001374244689941,0.018192178942263104,0.8041958041958042,0.7986111111111112,0,1,0.3,858,,,,,/users/a/e/aereinh/CARE/results/20260707_srr_v3_m8_editor_grade_leaderboard_sprint/runtime/broad_eval/variants/m8_scar_precision_edema_safe_longrun/proposal_pr_sweep_checkpoint_best.csv,True,m8_scar_precision_edema_safe_longrun
Case2031,CenterB,checkpoint_best,5,,,864,1.0,0.29711344838142395,myops_scar,C0+LGE+T2,0.29767507314682007,0.018648018648018648,,0.16353853046894073,,2,0.009001374244689941,0.018192178942263104,0.8041958041958042,0.7986111111111112,0,1,0.4,858,,,,,/users/a/e/aereinh/CARE/results/20260707_srr_v3_m8_editor_grade_leaderboard_sprint/runtime/broad_eval/variants/m8_scar_precision_edema_safe_longrun/proposal_pr_sweep_checkpoint_best.csv,True,m8_scar_precision_edema_safe_longrun
Case2031,CenterB,checkpoint_best,5,,,864,1.0,0.29711344838142395,myops_scar,C0+LGE+T2,0.29767507314682007,0.018648018648018648,,0.16353853046894073,,2,0.009001374244689941,0.018192178942263104,0.8041958041958042,0.7986111111111112,0,1,0.5,858,,,,,/users/a/e/aereinh/CARE/results/20260707_srr_v3_m8_editor_grade_leaderboard_sprint/runtime/broad_eval/variants/m8_scar_precision_edema_safe_longrun/proposal_pr_sweep_checkpoint_best.csv,True,m8_scar_precision_edema_safe_longrun
Case2031,CenterB,checkpoint_best,5,,,864,1.0,0.29711344838142395,myops_scar,C0+LGE+T2,0.29767507314682007,0.018648018648018648,,0.16353853046894073,,2,0.009001374244689941,0.018192178942263104,0.8041958041958042,0.7986111111111112,0,1,0.6,858,,,,,/users/a/e/aereinh/CARE/results/20260707_srr_v3_m8_editor_grade_leaderboard_sprint/runtime/broad_eval/variants/m8_scar_precision_edema_safe_longrun/proposal_pr_sweep_checkpoint_best.csv,True,m8_scar_precision_edema_safe_longrun
Case2031,CenterB,checkpoint_best,5,,,864,1.0,0.29711344838142395,myops_scar,C0+LGE+T2,0.29767507314682007,0.018648018648018648,,0.16353853046894073,,2,0.009001374244689941,0.018192178942263104,0.8041958041958042,0.7986111111111112,0,1,0.7,858,,,,,/users/a/e/aereinh/CARE/results/20260707_srr_v3_m8_editor_grade_leaderboard_sprint/runtime/broad_eval/variants/m8_scar_precision_edema_safe_longrun/proposal_pr_sweep_checkpoint_best.csv,True,m8_scar_precision_edema_safe_longrun
Case2031,CenterB,checkpoint_best,5,,,864,1.0,0.29711344838142395,myops_scar,C0+LGE+T2,0.29767507314682007,0.018648018648018648,,0.16353853046894073,,2,0.009001374244689941,0.018192178942263104,0.8041958041958042,0.7986111111111112,0,1,0.8,858,,,,,/users/a/e/aereinh/CARE/results/20260707_srr_v3_m8_editor_grade_leaderboard_sprint/runtime/broad_eval/variants/m8_scar_precision_edema_safe_longrun/proposal_pr_sweep_checkpoint_best.csv,True,m8_scar_precision_edema_safe_longrun
Case2031,CenterB,checkpoint_best,5,,,864,1.0,0.29711344838142395,myops_scar,C0+LGE+T2,0.29767507314682007,0.018691588785046728,,0.16353853046894073,,2,0.009001374244689941,0.018192178942263104,0.8049065420560748,0.7974537037037037,0,1,0.9,856,,,,,/users/a/e/aereinh/CARE/results/20260707_srr_v3_m8_editor_grade_leaderboard_sprint/runtime/broad_eval/variants/m8_scar_precision_edema_safe_longrun/proposal_pr_sweep_checkpoint_best.csv,True,m8_scar_precision_edema_safe_longrun
Case2031,CenterB,checkpoint_best,4,,,307,0.23076923076923078,0.18504759669303894,myops_edema,C0+LGE+T2,0.19664785265922546,0.8931034482758621,,-0.0009114068234339356,,48,0.013101851567626,0.051805901154875746,0.030344827586206897,0.42996742671009774,33,27,0.1,4350,,,,,/users/a/e/aereinh/CARE/results/20260707_srr_v3_m8_editor_grade_leaderboard_sprint/runtime/broad_eval/variants/m8_scar_precision_edema_safe_longrun/proposal_pr_sweep_checkpoint_best.csv,True,m8_scar_precision_edema_safe_longrun
Case2031,CenterB,checkpoint_best,4,,,307,0.23076923076923078,0.18504759669303894,myops_edema,C0+LGE+T2,0.19664785265922546,0.8497876857749469,,-0.0009114068234339356,,27,0.013101851567626,0.051805901154875746,0.058386411889596604,0.3583061889250814,14,13,0.2,1884,,,,,/users/a/e/aereinh/CARE/results/20260707_srr_v3_m8_editor_grade_leaderboard_sprint/runtime/broad_eval/variants/m8_scar_precision_edema_safe_longrun/proposal_pr_sweep_checkpoint_best.csv,True,m8_scar_precision_edema_safe_longrun
Case2031,CenterB,checkpoint_best,4,,,307,0.23076923076923078,0.18504759669303894,myops_edema,C0+LGE+T2,0.19664785265922546,0.8175775480059084,,-0.0009114068234339356,,21,0.013101851567626,0.051805901154875746,0.07016248153618906,0.30944625407166126,5,10,0.3,1354,,,,,/users/a/e/aereinh/CARE/results/20260707_srr_v3_m8_editor_grade_leaderboard_sprint/runtime/broad_eval/variants/m8_scar_precision_edema_safe_longrun/proposal_pr_sweep_checkpoint_best.csv,True,m8_scar_precision_edema_safe_longrun
Case2031,CenterB,checkpoint_best,4,,,307,0.23076923076923078,0.18504759669303894,myops_edema,C0+LGE+T2,0.19664785265922546,0.7691500524658972,,-0.0009114068234339356,,24,0.013101851567626,0.051805901154875746,0.08814270724029381,0.2736156351791531,6,12,0.4,953,,,,,/users/a/e/aereinh/CARE/results/20260707_srr_v3_m8_editor_grade_leaderboard_sprint/runtime/broad_eval/variants/m8_scar_precision_edema_safe_longrun/proposal_pr_sweep_checkpoint_best.csv,True,m8_scar_precision_edema_safe_longrun
Case2031,CenterB,checkpoint_best,4,,,307,0.23076923076923078,0.18504759669303894,myops_edema,C0+LGE+T2,0.19664785265922546,0.6338028169014085,,-0.0009114068234339356,,23,0.013101851567626,0.051805901154875746,0.13908450704225353,0.25732899022801303,7,10,0.5,568,,,,,/users/a/e/aereinh/CARE/results/20260707_srr_v3_m8_editor_grade_leaderboard_sprint/runtime/broad_eval/variants/m8_scar_precision_edema_safe_longrun/proposal_pr_sweep_checkpoint_best.csv,True,m8_scar_precision_edema_safe_longrun
Case2031,CenterB,checkpoint_best,4,,,307,0.23076923076923078,0.18504759669303894,myops_edema,C0+LGE+T2,0.19664785265922546,0.3559870550161812,,-0.0009114068234339356,,23,0.013101851567626,0.051805901154875746,0.24919093851132687,0.250814332247557,6,13,0.6,309,,,,,/users/a/e/aereinh/CARE/results/20260707_srr_v3_m8_editor_grade_leaderboard_sprint/runtime/broad_eval/variants/m8_scar_precision_edema_safe_longrun/proposal_pr_sweep_checkpoint_best.csv,True,m8_scar_precision_edema_safe_longrun
Case2031,CenterB,checkpoint_best,4,,,307,0.23076923076923078,0.18504759669303894,myops_edema,C0+LGE+T2,0.19664785265922546,0.09389671361502347,,-0.0009114068234339356,,20,0.013101851567626,0.051805901154875746,0.352112676056338,0.24429967426710097,4,12,0.7,213,,,,,/users/a/e/aereinh/CARE/results/20260707_srr_v3_m8_editor_grade_leaderboard_sprint/runtime/broad_eval/variants/m8_scar_precision_edema_safe_longrun/proposal_pr_sweep_checkpoint_best.csv,True,m8_scar_precision_edema_safe_longrun
Case2031,CenterB,checkpoint_best,4,,,307,0.23076923076923078,0.18504759669303894,myops_edema,C0+LGE+T2,0.19664785265922546,0.015384615384615385,,-0.0009114068234339356,,16,0.013101851567626,0.051805901154875746,0.38461538461538464,0.24429967426710097,0,8,0.8,195,,,,,/users/a/e/aereinh/CARE/results/20260707_srr_v3_m8_editor_grade_leaderboard_sprint/runtime/broad_eval/variants/m8_scar_precision_edema_safe_longrun/proposal_pr_sweep_checkpoint_best.csv,True,m8_scar_precision_edema_safe_longrun
Case2031,CenterB,checkpoint_best,4,,,307,0.23076923076923078,0.18504759669303894,myops_edema,C0+LGE+T2,0.19664785265922546,0.015463917525773196,,-0.0009114068234339356,,16,0.013101851567626,0.051805901154875746,0.3865979381443299,0.24429967426710097,0,8,0.9,194,,,,,/users/a/e/aereinh/CARE/results/20260707_srr_v3_m8_editor_grade_leaderboard_sprint/runtime/broad_eval/variants/m8_scar_precision_edema_safe_longrun/proposal_pr_sweep_checkpoint_best.csv,True,m8_scar_precision_edema_safe_longrun
Case2033,CenterB,checkpoint_best,5,,,1100,1.0,0.2943199872970581,myops_scar,C0+LGE+T2,0.294721782207489,0.08537549407114625,,0.1585703194141388,,5,0.006846122909337282,0.015190017037093629,0.6411067193675889,0.7372727272727273,3,2,0.1,1265,,,,,/users/a/e/aereinh/CARE/results/20260707_srr_v3_m8_editor_grade_leaderboard_sprint/runtime/broad_eval/variants/m8_scar_precision_edema_safe_longrun/proposal_pr_sweep_checkpoint_best.csv,True,m8_scar_precision_edema_safe_longrun
Case2033,CenterB,checkpoint_best,5,,,1100,1.0,0.2943199872970581,myops_scar,C0+LGE+T2,0.294721782207489,0.0,,0.1585703194141388,,2,0.006846122909337282,0.015190017037093629,0.7065026362038664,0.730909090909091,0,0,0.2,1138,,,,,/users/a/e/aereinh/CARE/results/20260707_srr_v3_m8_editor_grade_leaderboard_sprint/runtime/broad_eval/variants/m8_scar_precision_edema_safe_longrun/proposal_pr_sweep_checkpoint_best.csv,True,m8_scar_precision_edema_safe_longrun
Case2033,CenterB,checkpoint_best,5,,,1100,1.0,0.2943199872970581,myops_scar,C0+LGE+T2,0.294721782207489,0.0,,0.1585703194141388,,2,0.006846122909337282,0.015190017037093629,0.7084805653710248,0.7290909090909091,0,0,0.3,1132,,,,,/users/a/e/aereinh/CARE/results/20260707_srr_v3_m8_editor_grade_leaderboard_sprint/runtime/broad_eval/variants/m8_scar_precision_edema_safe_longrun/proposal_pr_sweep_checkpoint_best.csv,True,m8_scar_precision_edema_safe_longrun
Case2033,CenterB,checkpoint_best,5,,,1100,1.0,0.2943199872970581,myops_scar,C0+LGE+T2,0.294721782207489,0.0,,0.1585703194141388,,2,0.006846122909337282,0.015190017037093629,0.7116237799467613,0.7290909090909091,0,0,0.4,1127,,,,,/users/a/e/aereinh/CARE/results/20260707_srr_v3_m8_editor_grade_leaderboard_sprint/runtime/broad_eval/variants/m8_scar_precision_edema_safe_longrun/proposal_pr_sweep_checkpoint_best.csv,True,m8_scar_precision_edema_safe_longrun
Case2033,CenterB,checkpoint_best,5,,,1100,1.0,0.2943199872970581,myops_scar,C0+LGE+T2,0.294721782207489,0.0,,0.1585703194141388,,2,0.006846122909337282,0.015190017037093629,0.7135231316725978,0.7290909090909091,0,0,0.5,1124,,,,,/users/a/e/aereinh/CARE/results/20260707_srr_v3_m8_editor_grade_leaderboard_sprint/runtime/broad_eval/variants/m8_scar_precision_edema_safe_longrun/proposal_pr_sweep_checkpoint_best.csv,True,m8_scar_precision_edema_safe_longrun
Case2033,CenterB,checkpoint_best,5,,,1100,1.0,0.2943199872970581,myops_scar,C0+LGE+T2,0.294721782207489,0.0,,0.1585703194141388,,2,0.006846122909337282,0.015190017037093629,0.7127564674397859,0.7263636363636363,0,0,0.6,1121,,,,,/users/a/e/aereinh/CARE/results/20260707_srr_v3_m8_editor_grade_leaderboard_sprint/runtime/broad_eval/variants/m8_scar_precision_edema_safe_longrun/proposal_pr_sweep_checkpoint_best.csv,True,m8_scar_precision_edema_safe_longrun
Case2033,CenterB,checkpoint_best,5,,,1100,1.0,0.2943199872970581,myops_scar,C0+LGE+T2,0.294721782207489,0.0,,0.1585703194141388,,1,0.006846122909337282,0.015190017037093629,0.7136445242369839,0.7227272727272728,0,0,0.7,1114,,,,,/users/a/e/aereinh/CARE/results/20260707_srr_v3_m8_editor_grade_leaderboard_sprint/runtime/broad_eval/variants/m8_scar_precision_edema_safe_longrun/proposal_pr_sweep_checkpoint_best.csv,True,m8_scar_precision_edema_safe_longrun
Case2033,CenterB,checkpoint_best,5,,,1100,1.0,0.2943199872970581,myops_scar,C0+LGE+T2,0.294721782207489,0.0,,0.1585703194141388,,1,0.006846122909337282,0.015190017037093629,0.7125912408759124,0.71,0,0,0.8,1096,,,,,/users/a/e/aereinh/CARE/results/20260707_srr_v3_m8_editor_grade_leaderboard_sprint/runtime/broad_eval/variants/m8_scar_precision_edema_safe_longrun/proposal_pr_sweep_checkpoint_best.csv,True,m8_scar_precision_edema_safe_longrun
Case2033,CenterB,checkpoint_best,5,,,1100,1.0,0.2943199872970581,myops_scar,C0+LGE+T2,0.294721782207489,0.0,,0.1585703194141388,,1,0.006846122909337282,0.015190017037093629,0.720226843100189,0.6927272727272727,0,0,0.9,1058,,,,,/users/a/e/aereinh/CARE/results/20260707_srr_v3_m8_editor_grade_leaderboard_sprint/runtime/broad_eval/variants/m8_scar_precision_edema_safe_longrun/proposal_pr_sweep_checkpoint_best.csv,True,m8_scar_precision_edema_safe_longrun
Case2033,CenterB,checkpoint_best,4,,,1009,0.8888888888888888,0.16784632205963135,myops_edema,C0+LGE+T2,0.17829564213752747,0.6439746805207214,,-0.0003290002350695431,,77,0.015313316136598587,0.058407457917928673,0.09566463633106413,0.7938553022794846,68,38,0.1,8373,,,,,/users/a/e/aereinh/CARE/results/20260707_srr_v3_m8_editor_grade_leaderboard_sprint/runtime/broad_eval/variants/m8_scar_precision_edema_safe_longrun/proposal_pr_sweep_checkpoint_best.csv,True,m8_scar_precision_edema_safe_longrun
Case2033,CenterB,checkpoint_best,4,,,1009,0.8888888888888888,0.16784632205963135,myops_edema,C0+LGE+T2,0.17829564213752747,0.31391478029294273,,-0.0003290002350695431,,17,0.015313316136598587,0.058407457917928673,0.26065246338215714,0.77601585728444,9,10,0.2,3004,,,,,/users/a/e/aereinh/CARE/results/20260707_srr_v3_m8_editor_grade_leaderboard_sprint/runtime/broad_eval/variants/m8_scar_precision_edema_safe_longrun/proposal_pr_sweep_checkpoint_best.csv,True,m8_scar_precision_edema_safe_longrun
Case2033,CenterB,checkpoint_best,4,,,1009,0.8888888888888888,0.16784632205963135,myops_edema,C0+LGE+T2,0.17829564213752747,0.11545454545454545,,-0.0003290002350695431,,4,0.015313316136598587,0.058407457917928673,0.34863636363636363,0.7601585728444004,3,0,0.3,2200,,,,,/users/a/e/aereinh/CARE/results/20260707_srr_v3_m8_editor_grade_leaderboard_sprint/runtime/broad_eval/variants/m8_scar_precision_edema_safe_longrun/proposal_pr_sweep_checkpoint_best.csv,True,m8_scar_precision_edema_safe_longrun
Case2033,CenterB,checkpoint_best,4,,,1009,0.8888888888888888,0.16784632205963135,myops_edema,C0+LGE+T2,0.17829564213752747,0.046898638426626324,,-0.0003290002350695431,,2,0.015313316136598587,0.058407457917928673,0.383761976802824,0.7542120911793855,1,0,0.4,1983,,,,,/users/a/e/aereinh/CARE/results/20260707_srr_v3_m8_editor_grade_leaderboard_sprint/runtime/broad_eval/variants/m8_scar_precision_edema_safe_longrun/proposal_pr_sweep_checkpoint_best.csv,True,m8_scar_precision_edema_safe_longrun
Case2033,CenterB,checkpoint_best,4,,,1009,0.8888888888888888,0.16784632205963135,myops_edema,C0+LGE+T2,0.17829564213752747,0.028027498677948175,,-0.0003290002350695431,,2,0.015313316136598587,0.058407457917928673,0.40031729243786357,0.7502477700693756,0,1,0.5,1891,,,,,/users/a/e/aereinh/CARE/results/20260707_srr_v3_m8_editor_grade_leaderboard_sprint/runtime/broad_eval/variants/m8_scar_precision_edema_safe_longrun/proposal_pr_sweep_checkpoint_best.csv,True,m8_scar_precision_edema_safe_longrun
Case2033,CenterB,checkpoint_best,4,,,1009,0.8888888888888888,0.16784632205963135,myops_edema,C0+LGE+T2,0.17829564213752747,0.025364274150026983,,-0.0003290002350695431,,2,0.015313316136598587,0.058407457917928673,0.4025903939557474,0.7393458870168483,0,0,0.6,1853,,,,,/users/a/e/aereinh/CARE/results/20260707_srr_v3_m8_editor_grade_leaderboard_sprint/runtime/broad_eval/variants/m8_scar_precision_edema_safe_longrun/proposal_pr_sweep_checkpoint_best.csv,True,m8_scar_precision_edema_safe_longrun
Case2033,CenterB,checkpoint_best,4,,,1009,0.8888888888888888,0.16784632205963135,myops_edema,C0+LGE+T2,0.17829564213752747,0.02585258525852585,,-0.0003290002350695431,,3,0.015313316136598587,0.058407457917928673,0.40484048404840484,0.7294350842418236,0,1,0.7,1818,,,,,/users/a/e/aereinh/CARE/results/20260707_srr_v3_m8_editor_grade_leaderboard_sprint/runtime/broad_eval/variants/m8_scar_precision_edema_safe_longrun/proposal_pr_sweep_checkpoint_best.csv,True,m8_scar_precision_edema_safe_longrun
Case2033,CenterB,checkpoint_best,4,,,1009,0.8888888888888888,0.16784632205963135,myops_edema,C0+LGE+T2,0.17829564213752747,0.025111607142857144,,-0.0003290002350695431,,4,0.015313316136598587,0.058407457917928673,0.40625,0.7215064420218038,0,1,0.8,1792,,,,,/users/a/e/aereinh/CARE/results/20260707_srr_v3_m8_editor_grade_leaderboard_sprint/runtime/broad_eval/variants/m8_scar_precision_edema_safe_longrun/proposal_pr_sweep_checkpoint_best.csv,True,m8_scar_precision_edema_safe_longrun
Case2033,CenterB,checkpoint_best,4,,,1009,0.8333333333333334,0.16784632205963135,myops_edema,C0+LGE+T2,0.17829564213752747,0.02451539338654504,,-0.0003290002350695431,,5,0.015313316136598587,0.058407457917928673,0.40763968072976053,0.7086223984142715,0,2,0.9,1754,,,,,/users/a/e/aereinh/CARE/results/20260707_srr_v3_m8_editor_grade_leaderboard_sprint/runtime/broad_eval/variants/m8_scar_precision_edema_safe_longrun/proposal_pr_sweep_checkpoint_best.csv,True,m8_scar_precision_edema_safe_longrun
Case3004,CenterC,checkpoint_best,5,,,2326,1.0,0.29990434646606445,myops_scar,C0+LGE+T2,0.30001217126846313,0.0,,0.1495838314294815,,1,0.006384820677340031,0.020449134428054083,0.5773530472412549,0.6883061049011178,0,0,0.1,2773,,,,,/users/a/e/aereinh/CARE/results/20260707_srr_v3_m8_editor_grade_leaderboard_sprint/runtime/broad_eval/variants/m8_scar_precision_edema_safe_longrun/proposal_pr_sweep_checkpoint_best.csv,True,m8_scar_precision_edema_safe_longrun
Case3004,CenterC,checkpoint_best,5,,,2326,1.0,0.29990434646606445,myops_scar,C0+LGE+T2,0.30001217126846313,0.0,,0.1495838314294815,,1,0.006384820677340031,0.020449134428054083,0.5773158278628738,0.680567497850387,0,0,0.2,2742,,,,,/users/a/e/aereinh/CARE/results/20260707_srr_v3_m8_editor_grade_leaderboard_sprint/runtime/broad_eval/variants/m8_scar_precision_edema_safe_longrun/proposal_pr_sweep_checkpoint_best.csv,True,m8_scar_precision_edema_safe_longrun
Case3004,CenterC,checkpoint_best,5,,,2326,1.0,0.29990434646606445,myops_scar,C0+LGE+T2,0.30001217126846313,0.0,,0.1495838314294815,,1,0.006384820677340031,0.020449134428054083,0.5773158278628738,0.680567497850387,0,0,0.3,2742,,,,,/users/a/e/aereinh/CARE/results/20260707_srr_v3_m8_editor_grade_leaderboard_sprint/runtime/broad_eval/variants/m8_scar_precision_edema_safe_longrun/proposal_pr_sweep_checkpoint_best.csv,True,m8_scar_precision_edema_safe_longrun
Case3004,CenterC,checkpoint_best,5,,,2326,1.0,0.29990434646606445,myops_scar,C0+LGE+T2,0.30001217126846313,0.0,,0.1495838314294815,,1,0.006384820677340031,0.020449134428054083,0.5777372262773722,0.680567497850387,0,0,0.4,2740,,,,,/users/a/e/aereinh/CARE/results/20260707_srr_v3_m8_editor_grade_leaderboard_sprint/runtime/broad_eval/variants/m8_scar_precision_edema_safe_longrun/proposal_pr_sweep_checkpoint_best.csv,True,m8_scar_precision_edema_safe_longrun
Case3004,CenterC,checkpoint_best,5,,,2326,1.0,0.29990434646606445,myops_scar,C0+LGE+T2,0.30001217126846313,0.0,,0.1495838314294815,,1,0.006384820677340031,0.020449134428054083,0.5790051207022677,0.680567497850387,0,0,0.5,2734,,,,,/users/a/e/aereinh/CARE/results/20260707_srr_v3_m8_editor_grade_leaderboard_sprint/runtime/broad_eval/variants/m8_scar_precision_edema_safe_longrun/proposal_pr_sweep_checkpoint_best.csv,True,m8_scar_precision_edema_safe_longrun
Case3004,CenterC,checkpoint_best,5,,,2326,1.0,0.29990434646606445,myops_scar,C0+LGE+T2,0.30001217126846313,0.0,,0.1495838314294815,,1,0.006384820677340031,0.020449134428054083,0.5802785923753666,0.680567497850387,0,0,0.6,2728,,,,,/users/a/e/aereinh/CARE/results/20260707_srr_v3_m8_editor_grade_leaderboard_sprint/runtime/broad_eval/variants/m8_scar_precision_edema_safe_longrun/proposal_pr_sweep_checkpoint_best.csv,True,m8_scar_precision_edema_safe_longrun
Case3004,CenterC,checkpoint_best,5,,,2326,1.0,0.29990434646606445,myops_scar,C0+LGE+T2,0.30001217126846313,0.0,,0.1495838314294815,,1,0.006384820677340031,0.020449134428054083,0.583055863854976,0.6775580395528805,0,0,0.7,2703,,,,,/users/a/e/aereinh/CARE/results/20260707_srr_v3_m8_editor_grade_leaderboard_sprint/runtime/broad_eval/variants/m8_scar_precision_edema_safe_longrun/proposal_pr_sweep_checkpoint_best.csv,True,m8_scar_precision_edema_safe_longrun
Case3004,CenterC,checkpoint_best,5,,,2326,1.0,0.29990434646606445,myops_scar,C0+LGE+T2,0.30001217126846313,0.0,,0.1495838314294815,,1,0.006384820677340031,0.020449134428054083,0.5889268107698142,0.6676698194325021,0,0,0.8,2637,,,,,/users/a/e/aereinh/CARE/results/20260707_srr_v3_m8_editor_grade_leaderboard_sprint/runtime/broad_eval/variants/m8_scar_precision_edema_safe_longrun/proposal_pr_sweep_checkpoint_best.csv,True,m8_scar_precision_edema_safe_longrun
Case3004,CenterC,checkpoint_best,5,,,2326,1.0,0.29990434646606445,myops_scar,C0+LGE+T2,0.30001217126846313,0.0,,0.1495838314294815,,1,0.006384820677340031,0.020449134428054083,0.598,0.6427343078245916,0,0,0.9,2500,,,,,/users/a/e/aereinh/CARE/results/20260707_srr_v3_m8_editor_grade_leaderboard_sprint/runtime/broad_eval/variants/m8_scar_precision_edema_safe_longrun/proposal_pr_sweep_checkpoint_best.csv,True,m8_scar_precision_edema_safe_longrun
Case3004,CenterC,checkpoint_best,4,,,3347,0.8571428571428571,0.15334072709083557,myops_edema,C0+LGE+T2,0.16259630024433136,0.8748814012893809,,-0.0024909323547035456,,182,0.016218237578868866,0.0820047572255134,0.05101569152171269,0.6265312219898417,169,97,0.1,41105,,,,,/users/a/e/aereinh/CARE/results/20260707_srr_v3_m8_editor_grade_leaderboard_sprint/runtime/broad_eval/variants/m8_scar_precision_edema_safe_longrun/proposal_pr_sweep_checkpoint_best.csv,True,m8_scar_precision_edema_safe_longrun
Case3004,CenterC,checkpoint_best,4,,,3347,0.5714285714285714,0.15334072709083557,myops_edema,C0+LGE+T2,0.16259630024433136,0.4602213766862677,,-0.0024909323547035456,,54,0.016218237578868866,0.0820047572255134,0.27274299550328607,0.4711682103376158,41,34,0.2,5782,,,,,/users/a/e/aereinh/CARE/results/20260707_srr_v3_m8_editor_grade_leaderboard_sprint/runtime/broad_eval/variants/m8_scar_precision_edema_safe_longrun/proposal_pr_sweep_checkpoint_best.csv,True,m8_scar_precision_edema_safe_longrun
Case3004,CenterC,checkpoint_best,4,,,3347,0.42857142857142855,0.15334072709083557,myops_edema,C0+LGE+T2,0.16259630024433136,0.20652173913043478,,-0.0024909323547035456,,27,0.016218237578868866,0.0820047572255134,0.44440993788819877,0.4275470570660293,21,19,0.3,3220,,,,,/users/a/e/aereinh/CARE/results/20260707_srr_v3_m8_editor_grade_leaderboard_sprint/runtime/broad_eval/variants/m8_scar_precision_edema_safe_longrun/proposal_pr_sweep_checkpoint_best.csv,True,m8_scar_precision_edema_safe_longrun
Case3004,CenterC,checkpoint_best,4,,,3347,0.42857142857142855,0.15334072709083557,myops_edema,C0+LGE+T2,0.16259630024433136,0.09634290208415258,,-0.0024909323547035456,,7,0.016218237578868866,0.0820047572255134,0.5340149429807314,0.405736480430236,4,3,0.4,2543,,,,,/users/a/e/aereinh/CARE/results/20260707_srr_v3_m8_editor_grade_leaderboard_sprint/runtime/broad_eval/variants/m8_scar_precision_edema_safe_longrun/proposal_pr_sweep_checkpoint_best.csv,True,m8_scar_precision_edema_safe_longrun
Case3004,CenterC,checkpoint_best,4,,,3347,0.42857142857142855,0.15334072709083557,myops_edema,C0+LGE+T2,0.16259630024433136,0.04533213644524237,,-0.0024909323547035456,,3,0.016218237578868866,0.0820047572255134,0.5776481149012568,0.384523453839259,2,1,0.5,2228,,,,,/users/a/e/aereinh/CARE/results/20260707_srr_v3_m8_editor_grade_leaderboard_sprint/runtime/broad_eval/variants/m8_scar_precision_edema_safe_longrun/proposal_pr_sweep_checkpoint_best.csv,True,m8_scar_precision_edema_safe_longrun
Case3004,CenterC,checkpoint_best,4,,,3347,0.42857142857142855,0.15334072709083557,myops_edema,C0+LGE+T2,0.16259630024433136,0.018756169792694965,,-0.0024909323547035456,,3,0.016218237578868866,0.0820047572255134,0.6140177690029615,0.3716761278757096,1,0,0.6,2026,,,,,/users/a/e/aereinh/CARE/results/20260707_srr_v3_m8_editor_grade_leaderboard_sprint/runtime/broad_eval/variants/m8_scar_precision_edema_safe_longrun/proposal_pr_sweep_checkpoint_best.csv,True,m8_scar_precision_edema_safe_longrun
Case3004,CenterC,checkpoint_best,4,,,3347,0.42857142857142855,0.15334072709083557,myops_edema,C0+LGE+T2,0.16259630024433136,0.0,,-0.0024909323547035456,,3,0.016218237578868866,0.0820047572255134,0.6397648316408338,0.3576337018225276,0,1,0.7,1871,,,,,/users/a/e/aereinh/CARE/results/20260707_srr_v3_m8_editor_grade_leaderboard_sprint/runtime/broad_eval/variants/m8_scar_precision_edema_safe_longrun/proposal_pr_sweep_checkpoint_best.csv,True,m8_scar_precision_edema_safe_longrun
Case3004,CenterC,checkpoint_best,4,,,3347,0.21428571428571427,0.15334072709083557,myops_edema,C0+LGE+T2,0.16259630024433136,0.0,,-0.0024909323547035456,,4,0.016218237578868866,0.0820047572255134,0.6494960806270996,0.34657902599342694,0,1,0.8,1786,,,,,/users/a/e/aereinh/CARE/results/20260707_srr_v3_m8_editor_grade_leaderboard_sprint/runtime/broad_eval/variants/m8_scar_precision_edema_safe_longrun/proposal_pr_sweep_checkpoint_best.csv,True,m8_scar_precision_edema_safe_longrun
Case3004,CenterC,checkpoint_best,4,,,3347,0.21428571428571427,0.15334072709083557,myops_edema,C0+LGE+T2,0.16259630024433136,0.0,,-0.0024909323547035456,,4,0.016218237578868866,0.0820047572255134,0.659988551803091,0.34448760083657004,0,1,0.9,1747,,,,,/users/a/e/aereinh/CARE/results/20260707_srr_v3_m8_editor_grade_leaderboard_sprint/runtime/broad_eval/variants/m8_scar_precision_edema_safe_longrun/proposal_pr_sweep_checkpoint_best.csv,True,m8_scar_precision_edema_safe_longrun
Case3011,CenterC,checkpoint_best,5,,,3126,1.0,0.2986670434474945,myops_scar,C0+LGE+T2,0.2992730736732483,0.06572120373573158,,0.15367646515369415,,11,0.008634808473289013,0.009962796559557317,0.6620546523694223,0.6122840690978887,8,3,0.1,2891,,,,,/users/a/e/aereinh/CARE/results/20260707_srr_v3_m8_editor_grade_leaderboard_sprint/runtime/broad_eval/variants/m8_scar_precision_edema_safe_longrun/proposal_pr_sweep_checkpoint_best.csv,True,m8_scar_precision_edema_safe_longrun
Case3011,CenterC,checkpoint_best,5,,,3126,1.0,0.2986670434474945,myops_scar,C0+LGE+T2,0.2992730736732483,0.0019447685725398677,,0.15367646515369415,,3,0.008634808473289013,0.009962796559557317,0.721509140412291,0.5934101087651952,0,0,0.2,2571,,,,,/users/a/e/aereinh/CARE/results/20260707_srr_v3_m8_editor_grade_leaderboard_sprint/runtime/broad_eval/variants/m8_scar_precision_edema_safe_longrun/proposal_pr_sweep_checkpoint_best.csv,True,m8_scar_precision_edema_safe_longrun
Case3011,CenterC,checkpoint_best,5,,,3126,1.0,0.2986670434474945,myops_scar,C0+LGE+T2,0.2992730736732483,0.0007927070947284979,,0.15367646515369415,,3,0.008634808473289013,0.009962796559557317,0.7249306381292112,0.5850927703134997,0,0,0.3,2523,,,,,/users/a/e/aereinh/CARE/results/20260707_srr_v3_m8_editor_grade_leaderboard_sprint/runtime/broad_eval/variants/m8_scar_precision_edema_safe_longrun/proposal_pr_sweep_checkpoint_best.csv,True,m8_scar_precision_edema_safe_longrun
Case3011,CenterC,checkpoint_best,5,,,3126,1.0,0.2986670434474945,myops_scar,C0+LGE+T2,0.2992730736732483,0.0004027386226339106,,0.15367646515369415,,3,0.008634808473289013,0.009962796559557317,0.7277486910994765,0.5780550223928342,0,0,0.4,2483,,,,,/users/a/e/aereinh/CARE/results/20260707_srr_v3_m8_editor_grade_leaderboard_sprint/runtime/broad_eval/variants/m8_scar_precision_edema_safe_longrun/proposal_pr_sweep_checkpoint_best.csv,True,m8_scar_precision_edema_safe_longrun
Case3011,CenterC,checkpoint_best,5,,,3126,1.0,0.2986670434474945,myops_scar,C0+LGE+T2,0.2992730736732483,0.00040567951318458417,,0.15367646515369415,,3,0.008634808473289013,0.009962796559557317,0.7273833671399594,0.5735764555342291,0,0,0.5,2465,,,,,/users/a/e/aereinh/CARE/results/20260707_srr_v3_m8_editor_grade_leaderboard_sprint/runtime/broad_eval/variants/m8_scar_precision_edema_safe_longrun/proposal_pr_sweep_checkpoint_best.csv,True,m8_scar_precision_edema_safe_longrun
Case3011,CenterC,checkpoint_best,5,,,3126,1.0,0.2986670434474945,myops_scar,C0+LGE+T2,0.2992730736732483,0.000407000407000407,,0.15367646515369415,,3,0.008634808473289013,0.009962796559557317,0.7264957264957265,0.5710172744721689,0,0,0.6,2457,,,,,/users/a/e/aereinh/CARE/results/20260707_srr_v3_m8_editor_grade_leaderboard_sprint/runtime/broad_eval/variants/m8_scar_precision_edema_safe_longrun/proposal_pr_sweep_checkpoint_best.csv,True,m8_scar_precision_edema_safe_longrun
Case3011,CenterC,checkpoint_best,5,,,3126,1.0,0.2986670434474945,myops_scar,C0+LGE+T2,0.2992730736732483,0.0004073319755600815,,0.15367646515369415,,3,0.008634808473289013,0.009962796559557317,0.7262729124236252,0.5703774792066538,0,0,0.7,2455,,,,,/users/a/e/aereinh/CARE/results/20260707_srr_v3_m8_editor_grade_leaderboard_sprint/runtime/broad_eval/variants/m8_scar_precision_edema_safe_longrun/proposal_pr_sweep_checkpoint_best.csv,True,m8_scar_precision_edema_safe_longrun
Case3011,CenterC,checkpoint_best,5,,,3126,1.0,0.2986670434474945,myops_scar,C0+LGE+T2,0.2992730736732483,0.0004084967320261438,,0.15367646515369415,,3,0.008634808473289013,0.009962796559557317,0.7279411764705882,0.5700575815738963,0,0,0.8,2448,,,,,/users/a/e/aereinh/CARE/results/20260707_srr_v3_m8_editor_grade_leaderboard_sprint/runtime/broad_eval/variants/m8_scar_precision_edema_safe_longrun/proposal_pr_sweep_checkpoint_best.csv,True,m8_scar_precision_edema_safe_longrun
Case3011,CenterC,checkpoint_best,5,,,3126,1.0,0.2986670434474945,myops_scar,C0+LGE+T2,0.2992730736732483,0.00041649312786339027,,0.15367646515369415,,3,0.008634808473289013,0.009962796559557317,0.736359850062474,0.5655790147152912,0,0,0.9,2401,,,,,/users/a/e/aereinh/CARE/results/20260707_srr_v3_m8_editor_grade_leaderboard_sprint/runtime/broad_eval/variants/m8_scar_precision_edema_safe_longrun/proposal_pr_sweep_checkpoint_best.csv,True,m8_scar_precision_edema_safe_longrun
Case3011,CenterC,checkpoint_best,4,,,868,0.3076923076923077,0.1816863864660263,myops_edema,C0+LGE+T2,0.19885951280593872,0.6518760195758564,,0.019355710595846176,,87,0.015240953303873539,0.06426982469856737,0.0478520935290919,0.5069124423963134,80,44,0.1,9195,,,,,/users/a/e/aereinh/CARE/results/20260707_srr_v3_m8_editor_grade_leaderboard_sprint/runtime/broad_eval/variants/m8_scar_precision_edema_safe_longrun/proposal_pr_sweep_checkpoint_best.csv,True,m8_scar_precision_edema_safe_longrun
Case3011,CenterC,checkpoint_best,4,,,868,0.23076923076923078,0.1816863864660263,myops_edema,C0+LGE+T2,0.19885951280593872,0.5048102618920364,,0.019355710595846176,,43,0.015240953303873539,0.06426982469856737,0.09166221272047034,0.3951612903225806,30,21,0.2,3742,,,,,/users/a/e/aereinh/CARE/results/20260707_srr_v3_m8_editor_grade_leaderboard_sprint/runtime/broad_eval/variants/m8_scar_precision_edema_safe_longrun/proposal_pr_sweep_checkpoint_best.csv,True,m8_scar_precision_edema_safe_longrun
Case3011,CenterC,checkpoint_best,4,,,868,0.07692307692307693,0.1816863864660263,myops_edema,C0+LGE+T2,0.19885951280593872,0.4409937888198758,,0.019355710595846176,,24,0.015240953303873539,0.06426982469856737,0.11399342345633906,0.35944700460829493,17,15,0.3,2737,,,,,/users/a/e/aereinh/CARE/results/20260707_srr_v3_m8_editor_grade_leaderboard_sprint/runtime/broad_eval/variants/m8_scar_precision_edema_safe_longrun/proposal_pr_sweep_checkpoint_best.csv,True,m8_scar_precision_edema_safe_longrun
Case3011,CenterC,checkpoint_best,4,,,868,0.07692307692307693,0.1816863864660263,myops_edema,C0+LGE+T2,0.19885951280593872,0.38421733505821476,,0.019355710595846176,,15,0.015240953303873539,0.06426982469856737,0.13022854678740836,0.347926267281106,9,6,0.4,2319,,,,,/users/a/e/aereinh/CARE/results/20260707_srr_v3_m8_editor_grade_leaderboard_sprint/runtime/broad_eval/variants/m8_scar_precision_edema_safe_longrun/proposal_pr_sweep_checkpoint_best.csv,True,m8_scar_precision_edema_safe_longrun
Case3011,CenterC,checkpoint_best,4,,,868,0.07692307692307693,0.1816863864660263,myops_edema,C0+LGE+T2,0.19885951280593872,0.3160804020100503,,0.019355710595846176,,12,0.015240953303873539,0.06426982469856737,0.1487437185929648,0.34101382488479265,6,5,0.5,1990,,,,,/users/a/e/aereinh/CARE/results/20260707_srr_v3_m8_editor_grade_leaderboard_sprint/runtime/broad_eval/variants/m8_scar_precision_edema_safe_longrun/proposal_pr_sweep_checkpoint_best.csv,True,m8_scar_precision_edema_safe_longrun
Case3011,CenterC,checkpoint_best,4,,,868,0.07692307692307693,0.1816863864660263,myops_edema,C0+LGE+T2,0.19885951280593872,0.20205686630369027,,0.019355710595846176,,11,0.015240953303873539,0.06426982469856737,0.17846339987900786,0.33986175115207373,5,6,0.6,1653,,,,,/users/a/e/aereinh/CARE/results/20260707_srr_v3_m8_editor_grade_leaderboard_sprint/runtime/broad_eval/variants/m8_scar_precision_edema_safe_longrun/proposal_pr_sweep_checkpoint_best.csv,True,m8_scar_precision_edema_safe_longrun
Case3011,CenterC,checkpoint_best,4,,,868,0.07692307692307693,0.1816863864660263,myops_edema,C0+LGE+T2,0.19885951280593872,0.08922198429693076,,0.019355710595846176,,7,0.015240953303873539,0.06426982469856737,0.2105638829407566,0.33986175115207373,1,4,0.7,1401,,,,,/users/a/e/aereinh/CARE/results/20260707_srr_v3_m8_editor_grade_leaderboard_sprint/runtime/broad_eval/variants/m8_scar_precision_edema_safe_longrun/proposal_pr_sweep_checkpoint_best.csv,True,m8_scar_precision_edema_safe_longrun
Case3011,CenterC,checkpoint_best,4,,,868,0.07692307692307693,0.1816863864660263,myops_edema,C0+LGE+T2,0.19885951280593872,0.07949479940564635,,0.019355710595846176,,7,0.015240953303873539,0.06426982469856737,0.21768202080237742,0.33755760368663595,0,5,0.8,1346,,,,,/users/a/e/aereinh/CARE/results/20260707_srr_v3_m8_editor_grade_leaderboard_sprint/runtime/broad_eval/variants/m8_scar_precision_edema_safe_longrun/proposal_pr_sweep_checkpoint_best.csv,True,m8_scar_precision_edema_safe_longrun
Case3011,CenterC,checkpoint_best,4,,,868,0.07692307692307693,0.1816863864660263,myops_edema,C0+LGE+T2,0.19885951280593872,0.07808946171341925,,0.019355710595846176,,7,0.015240953303873539,0.06426982469856737,0.21834723275208492,0.3317972350230415,0,5,0.9,1319,,,,,/users/a/e/aereinh/CARE/results/20260707_srr_v3_m8_editor_grade_leaderboard_sprint/runtime/broad_eval/variants/m8_scar_precision_edema_safe_longrun/proposal_pr_sweep_checkpoint_best.csv,True,m8_scar_precision_edema_safe_longrun
Case3012,CenterC,checkpoint_best,5,,,2818,1.0,0.3000712990760803,myops_scar,C0+LGE+T2,0.30017518997192383,0.0015904572564612327,,0.15239743888378143,,2,0.006704425904899836,0.0218674845993519,0.8763419483101391,0.7821149751596878,1,1,0.1,2515,,,,,/users/a/e/aereinh/CARE/results/20260707_srr_v3_m8_editor_grade_leaderboard_sprint/runtime/broad_eval/variants/m8_scar_precision_edema_safe_longrun/proposal_pr_sweep_checkpoint_best.csv,True,m8_scar_precision_edema_safe_longrun
Case3012,CenterC,checkpoint_best,5,,,2818,1.0,0.3000712990760803,myops_scar,C0+LGE+T2,0.30017518997192383,0.0015910898965791568,,0.15239743888378143,,2,0.006704425904899836,0.0218674845993519,0.8766905330151153,0.7821149751596878,1,1,0.2,2514,,,,,/users/a/e/aereinh/CARE/results/20260707_srr_v3_m8_editor_grade_leaderboard_sprint/runtime/broad_eval/variants/m8_scar_precision_edema_safe_longrun/proposal_pr_sweep_checkpoint_best.csv,True,m8_scar_precision_edema_safe_longrun
Case3012,CenterC,checkpoint_best,5,,,2818,1.0,0.3000712990760803,myops_scar,C0+LGE+T2,0.30017518997192383,0.0015910898965791568,,0.15239743888378143,,2,0.006704425904899836,0.0218674845993519,0.8766905330151153,0.7821149751596878,1,1,0.3,2514,,,,,/users/a/e/aereinh/CARE/results/20260707_srr_v3_m8_editor_grade_leaderboard_sprint/runtime/broad_eval/variants/m8_scar_precision_edema_safe_longrun/proposal_pr_sweep_checkpoint_best.csv,True,m8_scar_precision_edema_safe_longrun
Case3012,CenterC,checkpoint_best,5,,,2818,1.0,0.3000712990760803,myops_scar,C0+LGE+T2,0.30017518997192383,0.0015910898965791568,,0.15239743888378143,,2,0.006704425904899836,0.0218674845993519,0.8766905330151153,0.7821149751596878,1,1,0.4,2514,,,,,/users/a/e/aereinh/CARE/results/20260707_srr_v3_m8_editor_grade_leaderboard_sprint/runtime/broad_eval/variants/m8_scar_precision_edema_safe_longrun/proposal_pr_sweep_checkpoint_best.csv,True,m8_scar_precision_edema_safe_longrun
Case3012,CenterC,checkpoint_best,5,,,2818,1.0,0.3000712990760803,myops_scar,C0+LGE+T2,0.30017518997192383,0.0015936254980079682,,0.15239743888378143,,2,0.006704425904899836,0.0218674845993519,0.8768924302788844,0.7810503903477644,1,1,0.5,2510,,,,,/users/a/e/aereinh/CARE/results/20260707_srr_v3_m8_editor_grade_leaderboard_sprint/runtime/broad_eval/variants/m8_scar_precision_edema_safe_longrun/proposal_pr_sweep_checkpoint_best.csv,True,m8_scar_precision_edema_safe_longrun
Case3012,CenterC,checkpoint_best,5,,,2818,1.0,0.3000712990760803,myops_scar,C0+LGE+T2,0.30017518997192383,0.001607717041800643,,0.15239743888378143,,2,0.006704425904899836,0.0218674845993519,0.8794212218649518,0.7764371894960965,1,1,0.6,2488,,,,,/users/a/e/aereinh/CARE/results/20260707_srr_v3_m8_editor_grade_leaderboard_sprint/runtime/broad_eval/variants/m8_scar_precision_edema_safe_longrun/proposal_pr_sweep_checkpoint_best.csv,True,m8_scar_precision_edema_safe_longrun
Case3012,CenterC,checkpoint_best,5,,,2818,1.0,0.3000712990760803,myops_scar,C0+LGE+T2,0.30017518997192383,0.0012219959266802445,,0.15239743888378143,,2,0.006704425904899836,0.0218674845993519,0.8839103869653768,0.7700496806245565,1,1,0.7,2455,,,,,/users/a/e/aereinh/CARE/results/20260707_srr_v3_m8_editor_grade_leaderboard_sprint/runtime/broad_eval/variants/m8_scar_precision_edema_safe_longrun/proposal_pr_sweep_checkpoint_best.csv,True,m8_scar_precision_edema_safe_longrun
Case3012,CenterC,checkpoint_best,5,,,2818,1.0,0.3000712990760803,myops_scar,C0+LGE+T2,0.30017518997192383,0.0012520868113522537,,0.15239743888378143,,2,0.006704425904899836,0.0218674845993519,0.8898163606010017,0.7565649396735273,1,1,0.8,2396,,,,,/users/a/e/aereinh/CARE/results/20260707_srr_v3_m8_editor_grade_leaderboard_sprint/runtime/broad_eval/variants/m8_scar_precision_edema_safe_longrun/proposal_pr_sweep_checkpoint_best.csv,True,m8_scar_precision_edema_safe_longrun
Case3012,CenterC,checkpoint_best,5,,,2818,1.0,0.3000712990760803,myops_scar,C0+LGE+T2,0.30017518997192383,0.001323918799646955,,0.15239743888378143,,2,0.006704425904899836,0.0218674845993519,0.9020300088261254,0.7253371185237757,1,1,0.9,2266,,,,,/users/a/e/aereinh/CARE/results/20260707_srr_v3_m8_editor_grade_leaderboard_sprint/runtime/broad_eval/variants/m8_scar_precision_edema_safe_longrun/proposal_pr_sweep_checkpoint_best.csv,True,m8_scar_precision_edema_safe_longrun
Case3012,CenterC,checkpoint_best,4,,,4092,0.6666666666666666,0.1518348753452301,myops_edema,C0+LGE+T2,0.16064618527889252,0.7684850984840672,,-0.002892877906560898,,192,0.01836312934756279,0.08670630455017092,0.0860833247396102,0.8159824046920822,169,111,0.1,38788,,,,,/users/a/e/aereinh/CARE/results/20260707_srr_v3_m8_editor_grade_leaderboard_sprint/runtime/broad_eval/variants/m8_scar_precision_edema_safe_longrun/proposal_pr_sweep_checkpoint_best.csv,True,m8_scar_precision_edema_safe_longrun
Case3012,CenterC,checkpoint_best,4,,,4092,0.3333333333333333,0.1518348753452301,myops_edema,C0+LGE+T2,0.16064618527889252,0.5451661067562523,,-0.002892877906560898,,59,0.01836312934756279,0.08670630455017092,0.24449421425905188,0.6402737047898338,42,32,0.2,10716,,,,,/users/a/e/aereinh/CARE/results/20260707_srr_v3_m8_editor_grade_leaderboard_sprint/runtime/broad_eval/variants/m8_scar_precision_edema_safe_longrun/proposal_pr_sweep_checkpoint_best.csv,True,m8_scar_precision_edema_safe_longrun
Case3012,CenterC,checkpoint_best,4,,,4092,0.3333333333333333,0.1518348753452301,myops_edema,C0+LGE+T2,0.16064618527889252,0.44424721639502984,,-0.002892877906560898,,29,0.01836312934756279,0.08670630455017092,0.3459738583185412,0.5239491691104594,19,19,0.3,6197,,,,,/users/a/e/aereinh/CARE/results/20260707_srr_v3_m8_editor_grade_leaderboard_sprint/runtime/broad_eval/variants/m8_scar_precision_edema_safe_longrun/proposal_pr_sweep_checkpoint_best.csv,True,m8_scar_precision_edema_safe_longrun
Case3012,CenterC,checkpoint_best,4,,,4092,0.3333333333333333,0.1518348753452301,myops_edema,C0+LGE+T2,0.16064618527889252,0.36304700162074555,,-0.002892877906560898,,25,0.01836312934756279,0.08670630455017092,0.4426950683028479,0.46725317693059626,6,19,0.4,4319,,,,,/users/a/e/aereinh/CARE/results/20260707_srr_v3_m8_editor_grade_leaderboard_sprint/runtime/broad_eval/variants/m8_scar_precision_edema_safe_longrun/proposal_pr_sweep_checkpoint_best.csv,True,m8_scar_precision_edema_safe_longrun
Case3012,CenterC,checkpoint_best,4,,,4092,0.3333333333333333,0.1518348753452301,myops_edema,C0+LGE+T2,0.16064618527889252,0.14884840151254727,,-0.002892877906560898,,19,0.01836312934756279,0.08670630455017092,0.6060501890684084,0.43084066471163246,4,12,0.5,2909,,,,,/users/a/e/aereinh/CARE/results/20260707_srr_v3_m8_editor_grade_leaderboard_sprint/runtime/broad_eval/variants/m8_scar_precision_edema_safe_longrun/proposal_pr_sweep_checkpoint_best.csv,True,m8_scar_precision_edema_safe_longrun
Case3012,CenterC,checkpoint_best,4,,,4092,0.3333333333333333,0.1518348753452301,myops_edema,C0+LGE+T2,0.16064618527889252,0.012929112795363353,,-0.002892877906560898,,28,0.01836312934756279,0.08670630455017092,0.6950512706197057,0.38098729227761485,2,16,0.6,2243,,,,,/users/a/e/aereinh/CARE/results/20260707_srr_v3_m8_editor_grade_leaderboard_sprint/runtime/broad_eval/variants/m8_scar_precision_edema_safe_longrun/proposal_pr_sweep_checkpoint_best.csv,True,m8_scar_precision_edema_safe_longrun
Case3012,CenterC,checkpoint_best,4,,,4092,0.3333333333333333,0.1518348753452301,myops_edema,C0+LGE+T2,0.16064618527889252,0.004343629343629344,,-0.002892877906560898,,17,0.01836312934756279,0.08670630455017092,0.7041505791505791,0.35654936461388076,0,13,0.7,2072,,,,,/users/a/e/aereinh/CARE/results/20260707_srr_v3_m8_editor_grade_leaderboard_sprint/runtime/broad_eval/variants/m8_scar_precision_edema_safe_longrun/proposal_pr_sweep_checkpoint_best.csv,True,m8_scar_precision_edema_safe_longrun
Case3012,CenterC,checkpoint_best,4,,,4092,0.3333333333333333,0.1518348753452301,myops_edema,C0+LGE+T2,0.16064618527889252,0.0034965034965034965,,-0.002892877906560898,,17,0.01836312934756279,0.08670630455017092,0.7087912087912088,0.3467741935483871,0,13,0.8,2002,,,,,/users/a/e/aereinh/CARE/results/20260707_srr_v3_m8_editor_grade_leaderboard_sprint/runtime/broad_eval/variants/m8_scar_precision_edema_safe_longrun/proposal_pr_sweep_checkpoint_best.csv,True,m8_scar_precision_edema_safe_longrun
Case3012,CenterC,checkpoint_best,4,,,4092,0.3333333333333333,0.1518348753452301,myops_edema,C0+LGE+T2,0.16064618527889252,0.00360082304526749,,-0.002892877906560898,,18,0.01836312934756279,0.08670630455017092,0.7042181069958847,0.33455522971652,0,13,0.9,1944,,,,,/users/a/e/aereinh/CARE/results/20260707_srr_v3_m8_editor_grade_leaderboard_sprint/runtime/broad_eval/variants/m8_scar_precision_edema_safe_longrun/proposal_pr_sweep_checkpoint_best.csv,True,m8_scar_precision_edema_safe_longrun
Case3023,CenterC,checkpoint_best,5,,,1935,1.0,0.30125224590301514,myops_scar,C0+LGE+T2,0.3013860285282135,0.10464259395725865,,0.157476007938385,,4,0.008779331110417843,0.027575114741921408,0.5567428150331614,0.7808785529715763,3,2,0.1,2714,,,,,/users/a/e/aereinh/CARE/results/20260707_srr_v3_m8_editor_grade_leaderboard_sprint/runtime/broad_eval/variants/m8_scar_precision_edema_safe_longrun/proposal_pr_sweep_checkpoint_best.csv,True,m8_scar_precision_edema_safe_longrun
Case3023,CenterC,checkpoint_best,5,,,1935,1.0,0.30125224590301514,myops_scar,C0+LGE+T2,0.3013860285282135,0.10446631339894019,,0.157476007938385,,2,0.008779331110417843,0.027575114741921408,0.5719152157456472,0.7808785529715763,1,1,0.2,2642,,,,,/users/a/e/aereinh/CARE/results/20260707_srr_v3_m8_editor_grade_leaderboard_sprint/runtime/broad_eval/variants/m8_scar_precision_edema_safe_longrun/proposal_pr_sweep_checkpoint_best.csv,True,m8_scar_precision_edema_safe_longrun
Case3023,CenterC,checkpoint_best,5,,,1935,1.0,0.30125224590301514,myops_scar,C0+LGE+T2,0.3013860285282135,0.10474383301707779,,0.157476007938385,,2,0.008779331110417843,0.027575114741921408,0.5734345351043644,0.7808785529715763,1,1,0.3,2635,,,,,/users/a/e/aereinh/CARE/results/20260707_srr_v3_m8_editor_grade_leaderboard_sprint/runtime/broad_eval/variants/m8_scar_precision_edema_safe_longrun/proposal_pr_sweep_checkpoint_best.csv,True,m8_scar_precision_edema_safe_longrun
Case3023,CenterC,checkpoint_best,5,,,1935,1.0,0.30125224590301514,myops_scar,C0+LGE+T2,0.3013860285282135,0.10486322188449848,,0.157476007938385,,2,0.008779331110417843,0.027575114741921408,0.5740881458966566,0.7808785529715763,1,1,0.4,2632,,,,,/users/a/e/aereinh/CARE/results/20260707_srr_v3_m8_editor_grade_leaderboard_sprint/runtime/broad_eval/variants/m8_scar_precision_edema_safe_longrun/proposal_pr_sweep_checkpoint_best.csv,True,m8_scar_precision_edema_safe_longrun
Case3023,CenterC,checkpoint_best,5,,,1935,1.0,0.30125224590301514,myops_scar,C0+LGE+T2,0.3013860285282135,0.10460251046025104,,0.157476007938385,,2,0.008779331110417843,0.027575114741921408,0.5747432483834157,0.7808785529715763,1,1,0.5,2629,,,,,/users/a/e/aereinh/CARE/results/20260707_srr_v3_m8_editor_grade_leaderboard_sprint/runtime/broad_eval/variants/m8_scar_precision_edema_safe_longrun/proposal_pr_sweep_checkpoint_best.csv,True,m8_scar_precision_edema_safe_longrun
Case3023,CenterC,checkpoint_best,5,,,1935,1.0,0.30125224590301514,myops_scar,C0+LGE+T2,0.3013860285282135,0.10434120335110435,,0.157476007938385,,2,0.008779331110417843,0.027575114741921408,0.5753998476770754,0.7808785529715763,1,1,0.6,2626,,,,,/users/a/e/aereinh/CARE/results/20260707_srr_v3_m8_editor_grade_leaderboard_sprint/runtime/broad_eval/variants/m8_scar_precision_edema_safe_longrun/proposal_pr_sweep_checkpoint_best.csv,True,m8_scar_precision_edema_safe_longrun
Case3023,CenterC,checkpoint_best,5,,,1935,1.0,0.30125224590301514,myops_scar,C0+LGE+T2,0.3013860285282135,0.10264266564534662,,0.157476007938385,,2,0.008779331110417843,0.027575114741921408,0.5787054768288012,0.7808785529715763,1,1,0.7,2611,,,,,/users/a/e/aereinh/CARE/results/20260707_srr_v3_m8_editor_grade_leaderboard_sprint/runtime/broad_eval/variants/m8_scar_precision_edema_safe_longrun/proposal_pr_sweep_checkpoint_best.csv,True,m8_scar_precision_edema_safe_longrun
Case3023,CenterC,checkpoint_best,5,,,1935,1.0,0.30125224590301514,myops_scar,C0+LGE+T2,0.3013860285282135,0.10046728971962617,,0.157476007938385,,2,0.008779331110417843,0.027575114741921408,0.5860591900311527,0.7777777777777778,1,1,0.8,2568,,,,,/users/a/e/aereinh/CARE/results/20260707_srr_v3_m8_editor_grade_leaderboard_sprint/runtime/broad_eval/variants/m8_scar_precision_edema_safe_longrun/proposal_pr_sweep_checkpoint_best.csv,True,m8_scar_precision_edema_safe_longrun
Case3023,CenterC,checkpoint_best,5,,,1935,1.0,0.30125224590301514,myops_scar,C0+LGE+T2,0.3013860285282135,0.09669621273166801,,0.157476007938385,,1,0.008779331110417843,0.027575114741921408,0.5958904109589042,0.7643410852713178,0,0,0.9,2482,,,,,/users/a/e/aereinh/CARE/results/20260707_srr_v3_m8_editor_grade_leaderboard_sprint/runtime/broad_eval/variants/m8_scar_precision_edema_safe_longrun/proposal_pr_sweep_checkpoint_best.csv,True,m8_scar_precision_edema_safe_longrun
Case3023,CenterC,checkpoint_best,4,,,764,0.6,0.16032667458057404,myops_edema,C0+LGE+T2,0.16957134008407593,0.7784398699891658,,-0.00046714182826690376,,112,0.014588754624128342,0.07096068561077107,0.01733477789815818,0.3769633507853403,102,52,0.1,16614,,,,,/users/a/e/aereinh/CARE/results/20260707_srr_v3_m8_editor_grade_leaderboard_sprint/runtime/broad_eval/variants/m8_scar_precision_edema_safe_longrun/proposal_pr_sweep_checkpoint_best.csv,True,m8_scar_precision_edema_safe_longrun
Case3023,CenterC,checkpoint_best,4,,,764,0.6,0.16032667458057404,myops_edema,C0+LGE+T2,0.16957134008407593,0.30070859167404784,,-0.00046714182826690376,,38,0.014588754624128342,0.07096068561077107,0.08148804251550044,0.24083769633507854,19,24,0.2,2258,,,,,/users/a/e/aereinh/CARE/results/20260707_srr_v3_m8_editor_grade_leaderboard_sprint/runtime/broad_eval/variants/m8_scar_precision_edema_safe_longrun/proposal_pr_sweep_checkpoint_best.csv,True,m8_scar_precision_edema_safe_longrun
Case3023,CenterC,checkpoint_best,4,,,764,0.6,0.16032667458057404,myops_edema,C0+LGE+T2,0.16957134008407593,0.12349639133921411,,-0.00046714182826690376,,17,0.014588754624128342,0.07096068561077107,0.12590216519647154,0.2054973821989529,4,10,0.3,1247,,,,,/users/a/e/aereinh/CARE/results/20260707_srr_v3_m8_editor_grade_leaderboard_sprint/runtime/broad_eval/variants/m8_scar_precision_edema_safe_longrun/proposal_pr_sweep_checkpoint_best.csv,True,m8_scar_precision_edema_safe_longrun
Case3023,CenterC,checkpoint_best,4,,,764,0.6,0.16032667458057404,myops_edema,C0+LGE+T2,0.16957134008407593,0.0660377358490566,,-0.00046714182826690376,,13,0.014588754624128342,0.07096068561077107,0.13773584905660377,0.19109947643979058,1,8,0.4,1060,,,,,/users/a/e/aereinh/CARE/results/20260707_srr_v3_m8_editor_grade_leaderboard_sprint/runtime/broad_eval/variants/m8_scar_precision_edema_safe_longrun/proposal_pr_sweep_checkpoint_best.csv,True,m8_scar_precision_edema_safe_longrun
Case3023,CenterC,checkpoint_best,4,,,764,0.6,0.16032667458057404,myops_edema,C0+LGE+T2,0.16957134008407593,0.06363636363636363,,-0.00046714182826690376,,13,0.014588754624128342,0.07096068561077107,0.1404040404040404,0.18193717277486912,1,7,0.5,990,,,,,/users/a/e/aereinh/CARE/results/20260707_srr_v3_m8_editor_grade_leaderboard_sprint/runtime/broad_eval/variants/m8_scar_precision_edema_safe_longrun/proposal_pr_sweep_checkpoint_best.csv,True,m8_scar_precision_edema_safe_longrun
Case3023,CenterC,checkpoint_best,4,,,764,0.6,0.16032667458057404,myops_edema,C0+LGE+T2,0.16957134008407593,0.0625,,-0.00046714182826690376,,13,0.014588754624128342,0.07096068561077107,0.1451271186440678,0.1793193717277487,1,7,0.6,944,,,,,/users/a/e/aereinh/CARE/results/20260707_srr_v3_m8_editor_grade_leaderboard_sprint/runtime/broad_eval/variants/m8_scar_precision_edema_safe_longrun/proposal_pr_sweep_checkpoint_best.csv,True,m8_scar_precision_edema_safe_longrun
Case3023,CenterC,checkpoint_best,4,,,764,0.6,0.16032667458057404,myops_edema,C0+LGE+T2,0.16957134008407593,0.059800664451827246,,-0.00046714182826690376,,13,0.014588754624128342,0.07096068561077107,0.14839424141749724,0.17539267015706805,1,7,0.7,903,,,,,/users/a/e/aereinh/CARE/results/20260707_srr_v3_m8_editor_grade_leaderboard_sprint/runtime/broad_eval/variants/m8_scar_precision_edema_safe_longrun/proposal_pr_sweep_checkpoint_best.csv,True,m8_scar_precision_edema_safe_longrun
Case3023,CenterC,checkpoint_best,4,,,764,0.6,0.16032667458057404,myops_edema,C0+LGE+T2,0.16957134008407593,0.05782312925170068,,-0.00046714182826690376,,13,0.014588754624128342,0.07096068561077107,0.15192743764172337,0.17539267015706805,1,7,0.8,882,,,,,/users/a/e/aereinh/CARE/results/20260707_srr_v3_m8_editor_grade_leaderboard_sprint/runtime/broad_eval/variants/m8_scar_precision_edema_safe_longrun/proposal_pr_sweep_checkpoint_best.csv,True,m8_scar_precision_edema_safe_longrun
Case3023,CenterC,checkpoint_best,4,,,764,0.6,0.16032667458057404,myops_edema,C0+LGE+T2,0.16957134008407593,0.05802047781569966,,-0.00046714182826690376,,13,0.014588754624128342,0.07096068561077107,0.15244596131968147,0.17539267015706805,1,7,0.9,879,,,,,/users/a/e/aereinh/CARE/results/20260707_srr_v3_m8_editor_grade_leaderboard_sprint/runtime/broad_eval/variants/m8_scar_precision_edema_safe_longrun/proposal_pr_sweep_checkpoint_best.csv,True,m8_scar_precision_edema_safe_longrun
Case3026,CenterC,checkpoint_best,5,,,4353,1.0,0.3026755452156067,myops_scar,C0+LGE+T2,0.30282992124557495,0.15805865559304438,,0.1523454189300537,,9,0.007668574806302786,0.02234967779368164,0.7978198806125097,0.706179646220997,8,5,0.1,3853,,,,,/users/a/e/aereinh/CARE/results/20260707_srr_v3_m8_editor_grade_leaderboard_sprint/runtime/broad_eval/variants/m8_scar_precision_edema_safe_longrun/proposal_pr_sweep_checkpoint_best.csv,True,m8_scar_precision_edema_safe_longrun
Case3026,CenterC,checkpoint_best,5,,,4353,1.0,0.3026755452156067,myops_scar,C0+LGE+T2,0.30282992124557495,0.058823529411764705,,0.1523454189300537,,4,0.007668574806302786,0.02234967779368164,0.8925451368666278,0.7041121065931542,3,0,0.2,3434,,,,,/users/a/e/aereinh/CARE/results/20260707_srr_v3_m8_editor_grade_leaderboard_sprint/runtime/broad_eval/variants/m8_scar_precision_edema_safe_longrun/proposal_pr_sweep_checkpoint_best.csv,True,m8_scar_precision_edema_safe_longrun
Case3026,CenterC,checkpoint_best,5,,,4353,1.0,0.3026755452156067,myops_scar,C0+LGE+T2,0.30282992124557495,0.005538461538461538,,0.1523454189300537,,2,0.007668574806302786,0.02234967779368164,0.943076923076923,0.7041121065931542,1,1,0.3,3250,,,,,/users/a/e/aereinh/CARE/results/20260707_srr_v3_m8_editor_grade_leaderboard_sprint/runtime/broad_eval/variants/m8_scar_precision_edema_safe_longrun/proposal_pr_sweep_checkpoint_best.csv,True,m8_scar_precision_edema_safe_longrun
Case3026,CenterC,checkpoint_best,5,,,4353,1.0,0.3026755452156067,myops_scar,C0+LGE+T2,0.30282992124557495,0.0,,0.1523454189300537,,1,0.007668574806302786,0.02234967779368164,0.9486227174249459,0.7041121065931542,0,0,0.4,3231,,,,,/users/a/e/aereinh/CARE/results/20260707_srr_v3_m8_editor_grade_leaderboard_sprint/runtime/broad_eval/variants/m8_scar_precision_edema_safe_longrun/proposal_pr_sweep_checkpoint_best.csv,True,m8_scar_precision_edema_safe_longrun
Case3026,CenterC,checkpoint_best,5,,,4353,1.0,0.3026755452156067,myops_scar,C0+LGE+T2,0.30282992124557495,0.0,,0.1523454189300537,,1,0.007668574806302786,0.02234967779368164,0.9499689247980112,0.7022742935906272,0,0,0.5,3218,,,,,/users/a/e/aereinh/CARE/results/20260707_srr_v3_m8_editor_grade_leaderboard_sprint/runtime/broad_eval/variants/m8_scar_precision_edema_safe_longrun/proposal_pr_sweep_checkpoint_best.csv,True,m8_scar_precision_edema_safe_longrun
Case3026,CenterC,checkpoint_best,5,,,4353,1.0,0.3026755452156067,myops_scar,C0+LGE+T2,0.30282992124557495,0.0,,0.1523454189300537,,1,0.007668574806302786,0.02234967779368164,0.951143125587222,0.6976797610843096,0,0,0.6,3193,,,,,/users/a/e/aereinh/CARE/results/20260707_srr_v3_m8_editor_grade_leaderboard_sprint/runtime/broad_eval/variants/m8_scar_precision_edema_safe_longrun/proposal_pr_sweep_checkpoint_best.csv,True,m8_scar_precision_edema_safe_longrun
Case3026,CenterC,checkpoint_best,5,,,4353,1.0,0.3026755452156067,myops_scar,C0+LGE+T2,0.30282992124557495,0.0,,0.1523454189300537,,1,0.007668574806302786,0.02234967779368164,0.9591184924944107,0.6898690558235699,0,0,0.7,3131,,,,,/users/a/e/aereinh/CARE/results/20260707_srr_v3_m8_editor_grade_leaderboard_sprint/runtime/broad_eval/variants/m8_scar_precision_edema_safe_longrun/proposal_pr_sweep_checkpoint_best.csv,True,m8_scar_precision_edema_safe_longrun
Case3026,CenterC,checkpoint_best,5,,,4353,1.0,0.3026755452156067,myops_scar,C0+LGE+T2,0.30282992124557495,0.0,,0.1523454189300537,,1,0.007668574806302786,0.02234967779368164,0.967986798679868,0.6737881920514588,0,0,0.8,3030,,,,,/users/a/e/aereinh/CARE/results/20260707_srr_v3_m8_editor_grade_leaderboard_sprint/runtime/broad_eval/variants/m8_scar_precision_edema_safe_longrun/proposal_pr_sweep_checkpoint_best.csv,True,m8_scar_precision_edema_safe_longrun
Case3026,CenterC,checkpoint_best,5,,,4353,1.0,0.3026755452156067,myops_scar,C0+LGE+T2,0.30282992124557495,0.0,,0.1523454189300537,,1,0.007668574806302786,0.02234967779368164,0.9768421052631578,0.6395589248793935,0,0,0.9,2850,,,,,/users/a/e/aereinh/CARE/results/20260707_srr_v3_m8_editor_grade_leaderboard_sprint/runtime/broad_eval/variants/m8_scar_precision_edema_safe_longrun/proposal_pr_sweep_checkpoint_best.csv,True,m8_scar_precision_edema_safe_longrun
Case3026,CenterC,checkpoint_best,4,,,1828,0.5882352941176471,0.15412330627441406,myops_edema,C0+LGE+T2,0.159928098320961,0.9288287378379289,,-0.005269629880785942,,113,0.018550077453255653,0.1021716441959143,0.012035821297512036,0.3911378555798687,102,64,0.1,59406,,,,,/users/a/e/aereinh/CARE/results/20260707_srr_v3_m8_editor_grade_leaderboard_sprint/runtime/broad_eval/variants/m8_scar_precision_edema_safe_longrun/proposal_pr_sweep_checkpoint_best.csv,True,m8_scar_precision_edema_safe_longrun
Case3026,CenterC,checkpoint_best,4,,,1828,0.5882352941176471,0.15412330627441406,myops_edema,C0+LGE+T2,0.159928098320961,0.3425669436749769,,-0.005269629880785942,,31,0.018550077453255653,0.1021716441959143,0.15851031086488152,0.2817286652078775,19,14,0.2,3249,,,,,/users/a/e/aereinh/CARE/results/20260707_srr_v3_m8_editor_grade_leaderboard_sprint/runtime/broad_eval/variants/m8_scar_precision_edema_safe_longrun/proposal_pr_sweep_checkpoint_best.csv,True,m8_scar_precision_edema_safe_longrun
Case3026,CenterC,checkpoint_best,4,,,1828,0.5294117647058824,0.15412330627441406,myops_edema,C0+LGE+T2,0.159928098320961,0.23941150245207313,,-0.005269629880785942,,11,0.018550077453255653,0.1021716441959143,0.20062416406598305,0.2461706783369803,6,4,0.3,2243,,,,,/users/a/e/aereinh/CARE/results/20260707_srr_v3_m8_editor_grade_leaderboard_sprint/runtime/broad_eval/variants/m8_scar_precision_edema_safe_longrun/proposal_pr_sweep_checkpoint_best.csv,True,m8_scar_precision_edema_safe_longrun
Case3026,CenterC,checkpoint_best,4,,,1828,0.5294117647058824,0.15412330627441406,myops_edema,C0+LGE+T2,0.159928098320961,0.15972588297311544,,-0.005269629880785942,,9,0.018550077453255653,0.1021716441959143,0.21823932525039536,0.22647702407002188,4,3,0.4,1897,,,,,/users/a/e/aereinh/CARE/results/20260707_srr_v3_m8_editor_grade_leaderboard_sprint/runtime/broad_eval/variants/m8_scar_precision_edema_safe_longrun/proposal_pr_sweep_checkpoint_best.csv,True,m8_scar_precision_edema_safe_longrun
Case3026,CenterC,checkpoint_best,4,,,1828,0.47058823529411764,0.15412330627441406,myops_edema,C0+LGE+T2,0.159928098320961,0.09386281588447654,,-0.005269629880785942,,4,0.018550077453255653,0.1021716441959143,0.23345367027677497,0.212253829321663,1,2,0.5,1662,,,,,/users/a/e/aereinh/CARE/results/20260707_srr_v3_m8_editor_grade_leaderboard_sprint/runtime/broad_eval/variants/m8_scar_precision_edema_safe_longrun/proposal_pr_sweep_checkpoint_best.csv,True,m8_scar_precision_edema_safe_longrun
Case3026,CenterC,checkpoint_best,4,,,1828,0.47058823529411764,0.15412330627441406,myops_edema,C0+LGE+T2,0.159928098320961,0.030343897505057317,,-0.005269629880785942,,4,0.018550077453255653,0.1021716441959143,0.24814565070802427,0.2013129102844639,1,2,0.6,1483,,,,,/users/a/e/aereinh/CARE/results/20260707_srr_v3_m8_editor_grade_leaderboard_sprint/runtime/broad_eval/variants/m8_scar_precision_edema_safe_longrun/proposal_pr_sweep_checkpoint_best.csv,True,m8_scar_precision_edema_safe_longrun
Case3026,CenterC,checkpoint_best,4,,,1828,0.47058823529411764,0.15412330627441406,myops_edema,C0+LGE+T2,0.159928098320961,0.0,,-0.005269629880785942,,4,0.018550077453255653,0.1021716441959143,0.25195729537366546,0.1936542669584245,0,2,0.7,1405,,,,,/users/a/e/aereinh/CARE/results/20260707_srr_v3_m8_editor_grade_leaderboard_sprint/runtime/broad_eval/variants/m8_scar_precision_edema_safe_longrun/proposal_pr_sweep_checkpoint_best.csv,True,m8_scar_precision_edema_safe_longrun
Case3026,CenterC,checkpoint_best,4,,,1828,0.47058823529411764,0.15412330627441406,myops_edema,C0+LGE+T2,0.159928098320961,0.0,,-0.005269629880785942,,4,0.018550077453255653,0.1021716441959143,0.2524964336661912,0.1936542669584245,0,2,0.8,1402,,,,,/users/a/e/aereinh/CARE/results/20260707_srr_v3_m8_editor_grade_leaderboard_sprint/runtime/broad_eval/variants/m8_scar_precision_edema_safe_longrun/proposal_pr_sweep_checkpoint_best.csv,True,m8_scar_precision_edema_safe_longrun
Case3026,CenterC,checkpoint_best,4,,,1828,0.47058823529411764,0.15412330627441406,myops_edema,C0+LGE+T2,0.159928098320961,0.0,,-0.005269629880785942,,4,0.018550077453255653,0.1021716441959143,0.2524964336661912,0.1936542669584245,0,2,0.9,1402,,,,,/users/a/e/aereinh/CARE/results/20260707_srr_v3_m8_editor_grade_leaderboard_sprint/runtime/broad_eval/variants/m8_scar_precision_edema_safe_longrun/proposal_pr_sweep_checkpoint_best.csv,True,m8_scar_precision_edema_safe_longrun
Case1002,CenterA,checkpoint_best,5,,,2062,1.0,0.15886139869689941,myops_scar,LGE-only,0.16114675998687744,0.8579382278837853,,-0.02717720903456211,,35,0.012753762304782867,0.06624103412032112,0.03546699085575347,0.9762366634335596,34,22,0.03,56757,,,,,/users/a/e/aereinh/CARE/results/20260707_srr_v3_m8_editor_grade_leaderboard_sprint/runtime/variants/m8_t2_centerC_edema_repair_longrun/proposal_pr_sweep_checkpoint_best.csv,False,m8_t2_centerC_edema_repair_longrun
Case1002,CenterA,checkpoint_best,5,,,2062,1.0,0.15886139869689941,myops_scar,LGE-only,0.16114675998687744,0.8383438062211561,,-0.02717720903456211,,47,0.012753762304782867,0.06624103412032112,0.050504523766067844,0.9393792434529583,44,30,0.05,38353,,,,,/users/a/e/aereinh/CARE/results/20260707_srr_v3_m8_editor_grade_leaderboard_sprint/runtime/variants/m8_t2_centerC_edema_repair_longrun/proposal_pr_sweep_checkpoint_best.csv,False,m8_t2_centerC_edema_repair_longrun
Case1002,CenterA,checkpoint_best,5,,,2062,1.0,0.15886139869689941,myops_scar,LGE-only,0.16114675998687744,0.7646977737955751,,-0.02717720903456211,,49,0.012753762304782867,0.06624103412032112,0.1183403404783238,0.8326867119301649,40,34,0.1,14509,,,,,/users/a/e/aereinh/CARE/results/20260707_srr_v3_m8_editor_grade_leaderboard_sprint/runtime/variants/m8_t2_centerC_edema_repair_longrun/proposal_pr_sweep_checkpoint_best.csv,False,m8_t2_centerC_edema_repair_longrun
Case1002,CenterA,checkpoint_best,5,,,2062,1.0,0.15886139869689941,myops_scar,LGE-only,0.16114675998687744,0.20524193548387096,,-0.02717720903456211,,16,0.012753762304782867,0.06624103412032112,0.6096774193548387,0.7332686711930165,10,13,0.2,2480,,,,,/users/a/e/aereinh/CARE/results/20260707_srr_v3_m8_editor_grade_leaderboard_sprint/runtime/variants/m8_t2_centerC_edema_repair_longrun/proposal_pr_sweep_checkpoint_best.csv,False,m8_t2_centerC_edema_repair_longrun
Case1002,CenterA,checkpoint_best,5,,,2062,1.0,0.15886139869689941,myops_scar,LGE-only,0.16114675998687744,0.127,,-0.02717720903456211,,2,0.012753762304782867,0.06624103412032112,0.697,0.6760426770126091,0,1,0.3,2000,,,,,/users/a/e/aereinh/CARE/results/20260707_srr_v3_m8_editor_grade_leaderboard_sprint/runtime/variants/m8_t2_centerC_edema_repair_longrun/proposal_pr_sweep_checkpoint_best.csv,False,m8_t2_centerC_edema_repair_longrun
Case1002,CenterA,checkpoint_best,5,,,2062,1.0,0.15886139869689941,myops_scar,LGE-only,0.16114675998687744,0.11745334796926454,,-0.02717720903456211,,5,0.012753762304782867,0.06624103412032112,0.7178924259055982,0.6343355965082444,0,3,0.4,1822,,,,,/users/a/e/aereinh/CARE/results/20260707_srr_v3_m8_editor_grade_leaderboard_sprint/runtime/variants/m8_t2_centerC_edema_repair_longrun/proposal_pr_sweep_checkpoint_best.csv,False,m8_t2_centerC_edema_repair_longrun
Case1002,CenterA,checkpoint_best,5,,,2062,1.0,0.15886139869689941,myops_scar,LGE-only,0.16114675998687744,0.11157768446310738,,-0.02717720903456211,,3,0.012753762304782867,0.06624103412032112,0.7384523095380924,0.5969932104752668,0,1,0.5,1667,,,,,/users/a/e/aereinh/CARE/results/20260707_srr_v3_m8_editor_grade_leaderboard_sprint/runtime/variants/m8_t2_centerC_edema_repair_longrun/proposal_pr_sweep_checkpoint_best.csv,False,m8_t2_centerC_edema_repair_longrun
Case1002,CenterA,checkpoint_best,5,,,2062,1.0,0.15886139869689941,myops_scar,LGE-only,0.16114675998687744,0.10284605433376455,,-0.02717720903456211,,3,0.012753762304782867,0.06624103412032112,0.7561448900388098,0.566925315227934,0,1,0.6,1546,,,,,/users/a/e/aereinh/CARE/results/20260707_srr_v3_m8_editor_grade_leaderboard_sprint/runtime/variants/m8_t2_centerC_edema_repair_longrun/proposal_pr_sweep_checkpoint_best.csv,False,m8_t2_centerC_edema_repair_longrun
Case1002,CenterA,checkpoint_best,5,,,2062,1.0,0.15886139869689941,myops_scar,LGE-only,0.16114675998687744,0.09643605870020965,,-0.02717720903456211,,3,0.012753762304782867,0.06624103412032112,0.7721872816212438,0.5358874878758487,0,1,0.7,1431,,,,,/users/a/e/aereinh/CARE/results/20260707_srr_v3_m8_editor_grade_leaderboard_sprint/runtime/variants/m8_t2_centerC_edema_repair_longrun/proposal_pr_sweep_checkpoint_best.csv,False,m8_t2_centerC_edema_repair_longrun
Case1002,CenterA,checkpoint_best,4,,,0,,0.34289371967315674,myops_edema,LGE-only,0.42056551575660706,,,0.26846182346343994,,0,2.0611552464799843e-09,2.061153470123145e-09,,,0,0,0.03,0,,,,,/users/a/e/aereinh/CARE/results/20260707_srr_v3_m8_editor_grade_leaderboard_sprint/runtime/variants/m8_t2_centerC_edema_repair_longrun/proposal_pr_sweep_checkpoint_best.csv,False,m8_t2_centerC_edema_repair_longrun
Case1002,CenterA,checkpoint_best,4,,,0,,0.34289371967315674,myops_edema,LGE-only,0.42056551575660706,,,0.26846182346343994,,0,2.0611552464799843e-09,2.061153470123145e-09,,,0,0,0.05,0,,,,,/users/a/e/aereinh/CARE/results/20260707_srr_v3_m8_editor_grade_leaderboard_sprint/runtime/variants/m8_t2_centerC_edema_repair_longrun/proposal_pr_sweep_checkpoint_best.csv,False,m8_t2_centerC_edema_repair_longrun
Case1002,CenterA,checkpoint_best,4,,,0,,0.34289371967315674,myops_edema,LGE-only,0.42056551575660706,,,0.26846182346343994,,0,2.0611552464799843e-09,2.061153470123145e-09,,,0,0,0.1,0,,,,,/users/a/e/aereinh/CARE/results/20260707_srr_v3_m8_editor_grade_leaderboard_sprint/runtime/variants/m8_t2_centerC_edema_repair_longrun/proposal_pr_sweep_checkpoint_best.csv,False,m8_t2_centerC_edema_repair_longrun
Case1002,CenterA,checkpoint_best,4,,,0,,0.34289371967315674,myops_edema,LGE-only,0.42056551575660706,,,0.26846182346343994,,0,2.0611552464799843e-09,2.061153470123145e-09,,,0,0,0.2,0,,,,,/users/a/e/aereinh/CARE/results/20260707_srr_v3_m8_editor_grade_leaderboard_sprint/runtime/variants/m8_t2_centerC_edema_repair_longrun/proposal_pr_sweep_checkpoint_best.csv,False,m8_t2_centerC_edema_repair_longrun
Case1002,CenterA,checkpoint_best,4,,,0,,0.34289371967315674,myops_edema,LGE-only,0.42056551575660706,,,0.26846182346343994,,0,2.0611552464799843e-09,2.061153470123145e-09,,,0,0,0.3,0,,,,,/users/a/e/aereinh/CARE/results/20260707_srr_v3_m8_editor_grade_leaderboard_sprint/runtime/variants/m8_t2_centerC_edema_repair_longrun/proposal_pr_sweep_checkpoint_best.csv,False,m8_t2_centerC_edema_repair_longrun
Case1002,CenterA,checkpoint_best,4,,,0,,0.34289371967315674,myops_edema,LGE-only,0.42056551575660706,,,0.26846182346343994,,0,2.0611552464799843e-09,2.061153470123145e-09,,,0,0,0.4,0,,,,,/users/a/e/aereinh/CARE/results/20260707_srr_v3_m8_editor_grade_leaderboard_sprint/runtime/variants/m8_t2_centerC_edema_repair_longrun/proposal_pr_sweep_checkpoint_best.csv,False,m8_t2_centerC_edema_repair_longrun
Case1002,CenterA,checkpoint_best,4,,,0,,0.34289371967315674,myops_edema,LGE-only,0.42056551575660706,,,0.26846182346343994,,0,2.0611552464799843e-09,2.061153470123145e-09,,,0,0,0.5,0,,,,,/users/a/e/aereinh/CARE/results/20260707_srr_v3_m8_editor_grade_leaderboard_sprint/runtime/variants/m8_t2_centerC_edema_repair_longrun/proposal_pr_sweep_checkpoint_best.csv,False,m8_t2_centerC_edema_repair_longrun
Case1002,CenterA,checkpoint_best,4,,,0,,0.34289371967315674,myops_edema,LGE-only,0.42056551575660706,,,0.26846182346343994,,0,2.0611552464799843e-09,2.061153470123145e-09,,,0,0,0.6,0,,,,,/users/a/e/aereinh/CARE/results/20260707_srr_v3_m8_editor_grade_leaderboard_sprint/runtime/variants/m8_t2_centerC_edema_repair_longrun/proposal_pr_sweep_checkpoint_best.csv,False,m8_t2_centerC_edema_repair_longrun
Case1002,CenterA,checkpoint_best,4,,,0,,0.34289371967315674,myops_edema,LGE-only,0.42056551575660706,,,0.26846182346343994,,0,2.0611552464799843e-09,2.061153470123145e-09,,,0,0,0.7,0,,,,,/users/a/e/aereinh/CARE/results/20260707_srr_v3_m8_editor_grade_leaderboard_sprint/runtime/variants/m8_t2_centerC_edema_repair_longrun/proposal_pr_sweep_checkpoint_best.csv,False,m8_t2_centerC_edema_repair_longrun
Case1007,CenterA,checkpoint_best,5,,,2509,1.0,0.16681627929210663,myops_scar,LGE-only,0.16926424205303192,0.8449489186854063,,-0.029936499893665314,,57,0.014499001204967499,0.08683202713727924,0.01651486271690597,0.9980071741729772,48,49,0.03,151621,,,,,/users/a/e/aereinh/CARE/results/20260707_srr_v3_m8_editor_grade_leaderboard_sprint/runtime/variants/m8_t2_centerC_edema_repair_longrun/proposal_pr_sweep_checkpoint_best.csv,False,m8_t2_centerC_edema_repair_longrun
Case1007,CenterA,checkpoint_best,5,,,2509,0.8888888888888888,0.16681627929210663,myops_scar,LGE-only,0.16926424205303192,0.8335127226249138,,-0.029936499893665314,,47,0.014499001204967499,0.08683202713727924,0.020963320495787155,0.9936229573535273,39,34,0.05,118922,,,,,/users/a/e/aereinh/CARE/results/20260707_srr_v3_m8_editor_grade_leaderboard_sprint/runtime/variants/m8_t2_centerC_edema_repair_longrun/proposal_pr_sweep_checkpoint_best.csv,False,m8_t2_centerC_edema_repair_longrun
Case1007,CenterA,checkpoint_best,5,,,2509,0.6666666666666666,0.16681627929210663,myops_scar,LGE-only,0.16926424205303192,0.7832876199975065,,-0.029936499893665314,,195,0.014499001204967499,0.08683202713727924,0.037947263433487095,0.9705061777600638,129,180,0.1,64168,,,,,/users/a/e/aereinh/CARE/results/20260707_srr_v3_m8_editor_grade_leaderboard_sprint/runtime/variants/m8_t2_centerC_edema_repair_longrun/proposal_pr_sweep_checkpoint_best.csv,False,m8_t2_centerC_edema_repair_longrun
Case1007,CenterA,checkpoint_best,5,,,2509,0.5555555555555556,0.16681627929210663,myops_scar,LGE-only,0.16926424205303192,0.43061341174548723,,-0.029936499893665314,,238,0.014499001204967499,0.08683202713727924,0.19170138038062567,0.935432443204464,175,211,0.2,12243,,,,,/users/a/e/aereinh/CARE/results/20260707_srr_v3_m8_editor_grade_leaderboard_sprint/runtime/variants/m8_t2_centerC_edema_repair_longrun/proposal_pr_sweep_checkpoint_best.csv,False,m8_t2_centerC_edema_repair_longrun
Case1007,CenterA,checkpoint_best,5,,,2509,0.5555555555555556,0.16681627929210663,myops_scar,LGE-only,0.16926424205303192,0.17751572327044024,,-0.029936499893665314,,23,0.014499001204967499,0.08683202713727924,0.35864779874213837,0.909127142287764,4,21,0.3,6360,,,,,/users/a/e/aereinh/CARE/results/20260707_srr_v3_m8_editor_grade_leaderboard_sprint/runtime/variants/m8_t2_centerC_edema_repair_longrun/proposal_pr_sweep_checkpoint_best.csv,False,m8_t2_centerC_edema_repair_longrun
Case1007,CenterA,checkpoint_best,5,,,2509,0.5555555555555556,0.16681627929210663,myops_scar,LGE-only,0.16926424205303192,0.15693112467306017,,-0.029936499893665314,,7,0.014499001204967499,0.08683202713727924,0.3876198779424586,0.8860103626943006,0,5,0.4,5735,,,,,/users/a/e/aereinh/CARE/results/20260707_srr_v3_m8_editor_grade_leaderboard_sprint/runtime/variants/m8_t2_centerC_edema_repair_longrun/proposal_pr_sweep_checkpoint_best.csv,False,m8_t2_centerC_edema_repair_longrun
Case1007,CenterA,checkpoint_best,5,,,2509,0.5555555555555556,0.16681627929210663,myops_scar,LGE-only,0.16926424205303192,0.14065438134637082,,-0.029936499893665314,,11,0.014499001204967499,0.08683202713727924,0.4091763820985333,0.867277799920287,0,9,0.5,5318,,,,,/users/a/e/aereinh/CARE/results/20260707_srr_v3_m8_editor_grade_leaderboard_sprint/runtime/variants/m8_t2_centerC_edema_repair_longrun/proposal_pr_sweep_checkpoint_best.csv,False,m8_t2_centerC_edema_repair_longrun
Case1007,CenterA,checkpoint_best,5,,,2509,0.5555555555555556,0.16681627929210663,myops_scar,LGE-only,0.16926424205303192,0.12818455366098294,,-0.029936499893665314,,15,0.014499001204967499,0.08683202713727924,0.4272818455366098,0.848943802311678,0,13,0.6,4985,,,,,/users/a/e/aereinh/CARE/results/20260707_srr_v3_m8_editor_grade_leaderboard_sprint/runtime/variants/m8_t2_centerC_edema_repair_longrun/proposal_pr_sweep_checkpoint_best.csv,False,m8_t2_centerC_edema_repair_longrun
Case1007,CenterA,checkpoint_best,5,,,2509,0.5555555555555556,0.16681627929210663,myops_scar,LGE-only,0.16926424205303192,0.12134688691232529,,-0.029936499893665314,,9,0.014499001204967499,0.08683202713727924,0.4407030919102075,0.8294141092068553,0,7,0.7,4722,,,,,/users/a/e/aereinh/CARE/results/20260707_srr_v3_m8_editor_grade_leaderboard_sprint/runtime/variants/m8_t2_centerC_edema_repair_longrun/proposal_pr_sweep_checkpoint_best.csv,False,m8_t2_centerC_edema_repair_longrun
Case1007,CenterA,checkpoint_best,4,,,0,,0.32686153054237366,myops_edema,LGE-only,0.41388583183288574,,,0.26297107338905334,,0,2.061150361498676e-09,2.061153470123145e-09,,,0,0,0.03,0,,,,,/users/a/e/aereinh/CARE/results/20260707_srr_v3_m8_editor_grade_leaderboard_sprint/runtime/variants/m8_t2_centerC_edema_repair_longrun/proposal_pr_sweep_checkpoint_best.csv,False,m8_t2_centerC_edema_repair_longrun
Case1007,CenterA,checkpoint_best,4,,,0,,0.32686153054237366,myops_edema,LGE-only,0.41388583183288574,,,0.26297107338905334,,0,2.061150361498676e-09,2.061153470123145e-09,,,0,0,0.05,0,,,,,/users/a/e/aereinh/CARE/results/20260707_srr_v3_m8_editor_grade_leaderboard_sprint/runtime/variants/m8_t2_centerC_edema_repair_longrun/proposal_pr_sweep_checkpoint_best.csv,False,m8_t2_centerC_edema_repair_longrun
Case1007,CenterA,checkpoint_best,4,,,0,,0.32686153054237366,myops_edema,LGE-only,0.41388583183288574,,,0.26297107338905334,,0,2.061150361498676e-09,2.061153470123145e-09,,,0,0,0.1,0,,,,,/users/a/e/aereinh/CARE/results/20260707_srr_v3_m8_editor_grade_leaderboard_sprint/runtime/variants/m8_t2_centerC_edema_repair_longrun/proposal_pr_sweep_checkpoint_best.csv,False,m8_t2_centerC_edema_repair_longrun
Case1007,CenterA,checkpoint_best,4,,,0,,0.32686153054237366,myops_edema,LGE-only,0.41388583183288574,,,0.26297107338905334,,0,2.061150361498676e-09,2.061153470123145e-09,,,0,0,0.2,0,,,,,/users/a/e/aereinh/CARE/results/20260707_srr_v3_m8_editor_grade_leaderboard_sprint/runtime/variants/m8_t2_centerC_edema_repair_longrun/proposal_pr_sweep_checkpoint_best.csv,False,m8_t2_centerC_edema_repair_longrun
Case1007,CenterA,checkpoint_best,4,,,0,,0.32686153054237366,myops_edema,LGE-only,0.41388583183288574,,,0.26297107338905334,,0,2.061150361498676e-09,2.061153470123145e-09,,,0,0,0.3,0,,,,,/users/a/e/aereinh/CARE/results/20260707_srr_v3_m8_editor_grade_leaderboard_sprint/runtime/variants/m8_t2_centerC_edema_repair_longrun/proposal_pr_sweep_checkpoint_best.csv,False,m8_t2_centerC_edema_repair_longrun
Case1007,CenterA,checkpoint_best,4,,,0,,0.32686153054237366,myops_edema,LGE-only,0.41388583183288574,,,0.26297107338905334,,0,2.061150361498676e-09,2.061153470123145e-09,,,0,0,0.4,0,,,,,/users/a/e/aereinh/CARE/results/20260707_srr_v3_m8_editor_grade_leaderboard_sprint/runtime/variants/m8_t2_centerC_edema_repair_longrun/proposal_pr_sweep_checkpoint_best.csv,False,m8_t2_centerC_edema_repair_longrun
Case1007,CenterA,checkpoint_best,4,,,0,,0.32686153054237366,myops_edema,LGE-only,0.41388583183288574,,,0.26297107338905334,,0,2.061150361498676e-09,2.061153470123145e-09,,,0,0,0.5,0,,,,,/users/a/e/aereinh/CARE/results/20260707_srr_v3_m8_editor_grade_leaderboard_sprint/runtime/variants/m8_t2_centerC_edema_repair_longrun/proposal_pr_sweep_checkpoint_best.csv,False,m8_t2_centerC_edema_repair_longrun
Case1007,CenterA,checkpoint_best,4,,,0,,0.32686153054237366,myops_edema,LGE-only,0.41388583183288574,,,0.26297107338905334,,0,2.061150361498676e-09,2.061153470123145e-09,,,0,0,0.6,0,,,,,/users/a/e/aereinh/CARE/results/20260707_srr_v3_m8_editor_grade_leaderboard_sprint/runtime/variants/m8_t2_centerC_edema_repair_longrun/proposal_pr_sweep_checkpoint_best.csv,False,m8_t2_centerC_edema_repair_longrun
Case1007,CenterA,checkpoint_best,4,,,0,,0.32686153054237366,myops_edema,LGE-only,0.41388583183288574,,,0.26297107338905334,,0,2.061150361498676e-09,2.061153470123145e-09,,,0,0,0.7,0,,,,,/users/a/e/aereinh/CARE/results/20260707_srr_v3_m8_editor_grade_leaderboard_sprint/runtime/variants/m8_t2_centerC_edema_repair_longrun/proposal_pr_sweep_checkpoint_best.csv,False,m8_t2_centerC_edema_repair_longrun
Case1009,CenterA,checkpoint_best,5,,,4090,1.0,0.16231663525104523,myops_scar,LGE-only,0.165435791015625,0.8778849117245631,,-0.02666725218296051,,35,0.017025509849190712,0.09435238130390644,0.03540703561836833,0.9831295843520782,29,28,0.03,113565,,,,,/users/a/e/aereinh/CARE/results/20260707_srr_v3_m8_editor_grade_leaderboard_sprint/runtime/variants/m8_t2_centerC_edema_repair_longrun/proposal_pr_sweep_checkpoint_best.csv,False,m8_t2_centerC_edema_repair_longrun
Case1009,CenterA,checkpoint_best,5,,,4090,1.0,0.16231663525104523,myops_scar,LGE-only,0.165435791015625,0.8600233650108962,,-0.02666725218296051,,35,0.017025509849190712,0.09435238130390644,0.04419132349306913,0.9618581907090464,32,26,0.05,89022,,,,,/users/a/e/aereinh/CARE/results/20260707_srr_v3_m8_editor_grade_leaderboard_sprint/runtime/variants/m8_t2_centerC_edema_repair_longrun/proposal_pr_sweep_checkpoint_best.csv,False,m8_t2_centerC_edema_repair_longrun
Case1009,CenterA,checkpoint_best,5,,,4090,0.7142857142857143,0.16231663525104523,myops_scar,LGE-only,0.165435791015625,0.7997835272568324,,-0.02666725218296051,,132,0.017025509849190712,0.09435238130390644,0.07757633786399684,0.9112469437652811,114,121,0.1,48043,,,,,/users/a/e/aereinh/CARE/results/20260707_srr_v3_m8_editor_grade_leaderboard_sprint/runtime/variants/m8_t2_centerC_edema_repair_longrun/proposal_pr_sweep_checkpoint_best.csv,False,m8_t2_centerC_edema_repair_longrun
Case1009,CenterA,checkpoint_best,5,,,4090,0.2857142857142857,0.16231663525104523,myops_scar,LGE-only,0.165435791015625,0.447431412262935,,-0.02666725218296051,,163,0.017025509849190712,0.09435238130390644,0.3038114527711287,0.8068459657701712,128,141,0.2,10862,,,,,/users/a/e/aereinh/CARE/results/20260707_srr_v3_m8_editor_grade_leaderboard_sprint/runtime/variants/m8_t2_centerC_edema_repair_longrun/proposal_pr_sweep_checkpoint_best.csv,False,m8_t2_centerC_edema_repair_longrun
Case1009,CenterA,checkpoint_best,5,,,4090,0.2857142857142857,0.16231663525104523,myops_scar,LGE-only,0.165435791015625,0.15029199587770525,,-0.02666725218296051,,13,0.017025509849190712,0.09435238130390644,0.5350395053246307,0.7616136919315404,3,11,0.3,5822,,,,,/users/a/e/aereinh/CARE/results/20260707_srr_v3_m8_editor_grade_leaderboard_sprint/runtime/variants/m8_t2_centerC_edema_repair_longrun/proposal_pr_sweep_checkpoint_best.csv,False,m8_t2_centerC_edema_repair_longrun
Case1009,CenterA,checkpoint_best,5,,,4090,0.2857142857142857,0.16231663525104523,myops_scar,LGE-only,0.165435791015625,0.12109815720195562,,-0.02666725218296051,,3,0.017025509849190712,0.09435238130390644,0.5635577284693494,0.732762836185819,0,2,0.4,5318,,,,,/users/a/e/aereinh/CARE/results/20260707_srr_v3_m8_editor_grade_leaderboard_sprint/runtime/variants/m8_t2_centerC_edema_repair_longrun/proposal_pr_sweep_checkpoint_best.csv,False,m8_t2_centerC_edema_repair_longrun
Case1009,CenterA,checkpoint_best,5,,,4090,0.2857142857142857,0.16231663525104523,myops_scar,LGE-only,0.165435791015625,0.09577063847092314,,-0.02666725218296051,,6,0.017025509849190712,0.09435238130390644,0.5843838958926393,0.7026894865525672,0,3,0.5,4918,,,,,/users/a/e/aereinh/CARE/results/20260707_srr_v3_m8_editor_grade_leaderboard_sprint/runtime/variants/m8_t2_centerC_edema_repair_longrun/proposal_pr_sweep_checkpoint_best.csv,False,m8_t2_centerC_edema_repair_longrun
Case1009,CenterA,checkpoint_best,5,,,4090,0.2857142857142857,0.16231663525104523,myops_scar,LGE-only,0.165435791015625,0.07573784722222222,,-0.02666725218296051,,5,0.017025509849190712,0.09435238130390644,0.5993923611111112,0.6753056234718826,0,3,0.6,4608,,,,,/users/a/e/aereinh/CARE/results/20260707_srr_v3_m8_editor_grade_leaderboard_sprint/runtime/variants/m8_t2_centerC_edema_repair_longrun/proposal_pr_sweep_checkpoint_best.csv,False,m8_t2_centerC_edema_repair_longrun
Case1009,CenterA,checkpoint_best,5,,,4090,0.2857142857142857,0.16231663525104523,myops_scar,LGE-only,0.165435791015625,0.06926605504587156,,-0.02666725218296051,,5,0.017025509849190712,0.09435238130390644,0.6057339449541285,0.645721271393643,0,4,0.7,4360,,,,,/users/a/e/aereinh/CARE/results/20260707_srr_v3_m8_editor_grade_leaderboard_sprint/runtime/variants/m8_t2_centerC_edema_repair_longrun/proposal_pr_sweep_checkpoint_best.csv,False,m8_t2_centerC_edema_repair_longrun
Case1009,CenterA,checkpoint_best,4,,,0,,0.33225321769714355,myops_edema,LGE-only,0.41589638590812683,,,0.2665453255176544,,0,2.0611543583015646e-09,2.061153470123145e-09,,,0,0,0.03,0,,,,,/users/a/e/aereinh/CARE/results/20260707_srr_v3_m8_editor_grade_leaderboard_sprint/runtime/variants/m8_t2_centerC_edema_repair_longrun/proposal_pr_sweep_checkpoint_best.csv,False,m8_t2_centerC_edema_repair_longrun
Case1009,CenterA,checkpoint_best,4,,,0,,0.33225321769714355,myops_edema,LGE-only,0.41589638590812683,,,0.2665453255176544,,0,2.0611543583015646e-09,2.061153470123145e-09,,,0,0,0.05,0,,,,,/users/a/e/aereinh/CARE/results/20260707_srr_v3_m8_editor_grade_leaderboard_sprint/runtime/variants/m8_t2_centerC_edema_repair_longrun/proposal_pr_sweep_checkpoint_best.csv,False,m8_t2_centerC_edema_repair_longrun
Case1009,CenterA,checkpoint_best,4,,,0,,0.33225321769714355,myops_edema,LGE-only,0.41589638590812683,,,0.2665453255176544,,0,2.0611543583015646e-09,2.061153470123145e-09,,,0,0,0.1,0,,,,,/users/a/e/aereinh/CARE/results/20260707_srr_v3_m8_editor_grade_leaderboard_sprint/runtime/variants/m8_t2_centerC_edema_repair_longrun/proposal_pr_sweep_checkpoint_best.csv,False,m8_t2_centerC_edema_repair_longrun
Case1009,CenterA,checkpoint_best,4,,,0,,0.33225321769714355,myops_edema,LGE-only,0.41589638590812683,,,0.2665453255176544,,0,2.0611543583015646e-09,2.061153470123145e-09,,,0,0,0.2,0,,,,,/users/a/e/aereinh/CARE/results/20260707_srr_v3_m8_editor_grade_leaderboard_sprint/runtime/variants/m8_t2_centerC_edema_repair_longrun/proposal_pr_sweep_checkpoint_best.csv,False,m8_t2_centerC_edema_repair_longrun
Case1009,CenterA,checkpoint_best,4,,,0,,0.33225321769714355,myops_edema,LGE-only,0.41589638590812683,,,0.2665453255176544,,0,2.0611543583015646e-09,2.061153470123145e-09,,,0,0,0.3,0,,,,,/users/a/e/aereinh/CARE/results/20260707_srr_v3_m8_editor_grade_leaderboard_sprint/runtime/variants/m8_t2_centerC_edema_repair_longrun/proposal_pr_sweep_checkpoint_best.csv,False,m8_t2_centerC_edema_repair_longrun
Case1009,CenterA,checkpoint_best,4,,,0,,0.33225321769714355,myops_edema,LGE-only,0.41589638590812683,,,0.2665453255176544,,0,2.0611543583015646e-09,2.061153470123145e-09,,,0,0,0.4,0,,,,,/users/a/e/aereinh/CARE/results/20260707_srr_v3_m8_editor_grade_leaderboard_sprint/runtime/variants/m8_t2_centerC_edema_repair_longrun/proposal_pr_sweep_checkpoint_best.csv,False,m8_t2_centerC_edema_repair_longrun
Case1009,CenterA,checkpoint_best,4,,,0,,0.33225321769714355,myops_edema,LGE-only,0.41589638590812683,,,0.2665453255176544,,0,2.0611543583015646e-09,2.061153470123145e-09,,,0,0,0.5,0,,,,,/users/a/e/aereinh/CARE/results/20260707_srr_v3_m8_editor_grade_leaderboard_sprint/runtime/variants/m8_t2_centerC_edema_repair_longrun/proposal_pr_sweep_checkpoint_best.csv,False,m8_t2_centerC_edema_repair_longrun
Case1009,CenterA,checkpoint_best,4,,,0,,0.33225321769714355,myops_edema,LGE-only,0.41589638590812683,,,0.2665453255176544,,0,2.0611543583015646e-09,2.061153470123145e-09,,,0,0,0.6,0,,,,,/users/a/e/aereinh/CARE/results/20260707_srr_v3_m8_editor_grade_leaderboard_sprint/runtime/variants/m8_t2_centerC_edema_repair_longrun/proposal_pr_sweep_checkpoint_best.csv,False,m8_t2_centerC_edema_repair_longrun
Case1009,CenterA,checkpoint_best,4,,,0,,0.33225321769714355,myops_edema,LGE-only,0.41589638590812683,,,0.2665453255176544,,0,2.0611543583015646e-09,2.061153470123145e-09,,,0,0,0.7,0,,,,,/users/a/e/aereinh/CARE/results/20260707_srr_v3_m8_editor_grade_leaderboard_sprint/runtime/variants/m8_t2_centerC_edema_repair_longrun/proposal_pr_sweep_checkpoint_best.csv,False,m8_t2_centerC_edema_repair_longrun
Case1010,CenterA,checkpoint_best,5,,,2012,0.3333333333333333,0.16353709995746613,myops_scar,LGE-only,0.16562992334365845,0.9160745507979614,,-0.029411444440484047,,35,0.01399631705135107,0.07768983840942383,0.0206837543246159,0.8290258449304175,31,24,0.03,80643,,,,,/users/a/e/aereinh/CARE/results/20260707_srr_v3_m8_editor_grade_leaderboard_sprint/runtime/variants/m8_t2_centerC_edema_repair_longrun/proposal_pr_sweep_checkpoint_best.csv,False,m8_t2_centerC_edema_repair_longrun
Case1010,CenterA,checkpoint_best,5,,,2012,0.3333333333333333,0.16353709995746613,myops_scar,LGE-only,0.16562992334365845,0.9111858620343408,,-0.029411444440484047,,26,0.01399631705135107,0.07768983840942383,0.026140509421963384,0.7763419483101391,23,18,0.05,59754,,,,,/users/a/e/aereinh/CARE/results/20260707_srr_v3_m8_editor_grade_leaderboard_sprint/runtime/variants/m8_t2_centerC_edema_repair_longrun/proposal_pr_sweep_checkpoint_best.csv,False,m8_t2_centerC_edema_repair_longrun
Case1010,CenterA,checkpoint_best,5,,,2012,0.3333333333333333,0.16353709995746613,myops_scar,LGE-only,0.16562992334365845,0.8837456552852178,,-0.029411444440484047,,103,0.01399631705135107,0.07768983840942383,0.05806583520752402,0.705765407554672,70,79,0.1,24455,,,,,/users/a/e/aereinh/CARE/results/20260707_srr_v3_m8_editor_grade_leaderboard_sprint/runtime/variants/m8_t2_centerC_edema_repair_longrun/proposal_pr_sweep_checkpoint_best.csv,False,m8_t2_centerC_edema_repair_longrun
Case1010,CenterA,checkpoint_best,5,,,2012,0.3333333333333333,0.16353709995746613,myops_scar,LGE-only,0.16562992334365845,0.5568669527896996,,-0.029411444440484047,,33,0.01399631705135107,0.07768983840942383,0.34334763948497854,0.6361829025844931,17,28,0.2,3728,,,,,/users/a/e/aereinh/CARE/results/20260707_srr_v3_m8_editor_grade_leaderboard_sprint/runtime/variants/m8_t2_centerC_edema_repair_longrun/proposal_pr_sweep_checkpoint_best.csv,False,m8_t2_centerC_edema_repair_longrun
Case1010,CenterA,checkpoint_best,5,,,2012,0.3333333333333333,0.16353709995746613,myops_scar,LGE-only,0.16562992334365845,0.4947117024906175,,-0.029411444440484047,,1,0.01399631705135107,0.07768983840942383,0.4060047765267827,0.5914512922465208,0,0,0.3,2931,,,,,/users/a/e/aereinh/CARE/results/20260707_srr_v3_m8_editor_grade_leaderboard_sprint/runtime/variants/m8_t2_centerC_edema_repair_longrun/proposal_pr_sweep_checkpoint_best.csv,False,m8_t2_centerC_edema_repair_longrun
Case1010,CenterA,checkpoint_best,5,,,2012,0.3333333333333333,0.16353709995746613,myops_scar,LGE-only,0.16562992334365845,0.4748173779315648,,-0.029411444440484047,,1,0.01399631705135107,0.07768983840942383,0.43137254901960786,0.5576540755467196,0,0,0.4,2601,,,,,/users/a/e/aereinh/CARE/results/20260707_srr_v3_m8_editor_grade_leaderboard_sprint/runtime/variants/m8_t2_centerC_edema_repair_longrun/proposal_pr_sweep_checkpoint_best.csv,False,m8_t2_centerC_edema_repair_longrun
Case1010,CenterA,checkpoint_best,5,,,2012,0.3333333333333333,0.16353709995746613,myops_scar,LGE-only,0.16562992334365845,0.455945252352438,,-0.029411444440484047,,4,0.01399631705135107,0.07768983840942383,0.45637296834901625,0.5303180914512923,0,3,0.5,2338,,,,,/users/a/e/aereinh/CARE/results/20260707_srr_v3_m8_editor_grade_leaderboard_sprint/runtime/variants/m8_t2_centerC_edema_repair_longrun/proposal_pr_sweep_checkpoint_best.csv,False,m8_t2_centerC_edema_repair_longrun
Case1010,CenterA,checkpoint_best,5,,,2012,0.3333333333333333,0.16353709995746613,myops_scar,LGE-only,0.16562992334365845,0.44408502772643255,,-0.029411444440484047,,5,0.01399631705135107,0.07768983840942383,0.4722735674676525,0.5079522862823062,0,3,0.6,2164,,,,,/users/a/e/aereinh/CARE/results/20260707_srr_v3_m8_editor_grade_leaderboard_sprint/runtime/variants/m8_t2_centerC_edema_repair_longrun/proposal_pr_sweep_checkpoint_best.csv,False,m8_t2_centerC_edema_repair_longrun
Case1010,CenterA,checkpoint_best,5,,,2012,0.3333333333333333,0.16353709995746613,myops_scar,LGE-only,0.16562992334365845,0.4393034825870647,,-0.029411444440484047,,6,0.01399631705135107,0.07768983840942383,0.4845771144278607,0.4840954274353877,0,4,0.7,2010,,,,,/users/a/e/aereinh/CARE/results/20260707_srr_v3_m8_editor_grade_leaderboard_sprint/runtime/variants/m8_t2_centerC_edema_repair_longrun/proposal_pr_sweep_checkpoint_best.csv,False,m8_t2_centerC_edema_repair_longrun
Case1010,CenterA,checkpoint_best,4,,,0,,0.3428172171115875,myops_edema,LGE-only,0.421872615814209,,,0.2701012194156647,,0,2.061155468524589e-09,2.061153470123145e-09,,,0,0,0.03,0,,,,,/users/a/e/aereinh/CARE/results/20260707_srr_v3_m8_editor_grade_leaderboard_sprint/runtime/variants/m8_t2_centerC_edema_repair_longrun/proposal_pr_sweep_checkpoint_best.csv,False,m8_t2_centerC_edema_repair_longrun
Case1010,CenterA,checkpoint_best,4,,,0,,0.3428172171115875,myops_edema,LGE-only,0.421872615814209,,,0.2701012194156647,,0,2.061155468524589e-09,2.061153470123145e-09,,,0,0,0.05,0,,,,,/users/a/e/aereinh/CARE/results/20260707_srr_v3_m8_editor_grade_leaderboard_sprint/runtime/variants/m8_t2_centerC_edema_repair_longrun/proposal_pr_sweep_checkpoint_best.csv,False,m8_t2_centerC_edema_repair_longrun
Case1010,CenterA,checkpoint_best,4,,,0,,0.3428172171115875,myops_edema,LGE-only,0.421872615814209,,,0.2701012194156647,,0,2.061155468524589e-09,2.061153470123145e-09,,,0,0,0.1,0,,,,,/users/a/e/aereinh/CARE/results/20260707_srr_v3_m8_editor_grade_leaderboard_sprint/runtime/variants/m8_t2_centerC_edema_repair_longrun/proposal_pr_sweep_checkpoint_best.csv,False,m8_t2_centerC_edema_repair_longrun
Case1010,CenterA,checkpoint_best,4,,,0,,0.3428172171115875,myops_edema,LGE-only,0.421872615814209,,,0.2701012194156647,,0,2.061155468524589e-09,2.061153470123145e-09,,,0,0,0.2,0,,,,,/users/a/e/aereinh/CARE/results/20260707_srr_v3_m8_editor_grade_leaderboard_sprint/runtime/variants/m8_t2_centerC_edema_repair_longrun/proposal_pr_sweep_checkpoint_best.csv,False,m8_t2_centerC_edema_repair_longrun
Case1010,CenterA,checkpoint_best,4,,,0,,0.3428172171115875,myops_edema,LGE-only,0.421872615814209,,,0.2701012194156647,,0,2.061155468524589e-09,2.061153470123145e-09,,,0,0,0.3,0,,,,,/users/a/e/aereinh/CARE/results/20260707_srr_v3_m8_editor_grade_leaderboard_sprint/runtime/variants/m8_t2_centerC_edema_repair_longrun/proposal_pr_sweep_checkpoint_best.csv,False,m8_t2_centerC_edema_repair_longrun
Case1010,CenterA,checkpoint_best,4,,,0,,0.3428172171115875,myops_edema,LGE-only,0.421872615814209,,,0.2701012194156647,,0,2.061155468524589e-09,2.061153470123145e-09,,,0,0,0.4,0,,,,,/users/a/e/aereinh/CARE/results/20260707_srr_v3_m8_editor_grade_leaderboard_sprint/runtime/variants/m8_t2_centerC_edema_repair_longrun/proposal_pr_sweep_checkpoint_best.csv,False,m8_t2_centerC_edema_repair_longrun
Case1010,CenterA,checkpoint_best,4,,,0,,0.3428172171115875,myops_edema,LGE-only,0.421872615814209,,,0.2701012194156647,,0,2.061155468524589e-09,2.061153470123145e-09,,,0,0,0.5,0,,,,,/users/a/e/aereinh/CARE/results/20260707_srr_v3_m8_editor_grade_leaderboard_sprint/runtime/variants/m8_t2_centerC_edema_repair_longrun/proposal_pr_sweep_checkpoint_best.csv,False,m8_t2_centerC_edema_repair_longrun
Case1010,CenterA,checkpoint_best,4,,,0,,0.3428172171115875,myops_edema,LGE-only,0.421872615814209,,,0.2701012194156647,,0,2.061155468524589e-09,2.061153470123145e-09,,,0,0,0.6,0,,,,,/users/a/e/aereinh/CARE/results/20260707_srr_v3_m8_editor_grade_leaderboard_sprint/runtime/variants/m8_t2_centerC_edema_repair_longrun/proposal_pr_sweep_checkpoint_best.csv,False,m8_t2_centerC_edema_repair_longrun
Case1010,CenterA,checkpoint_best,4,,,0,,0.3428172171115875,myops_edema,LGE-only,0.421872615814209,,,0.2701012194156647,,0,2.061155468524589e-09,2.061153470123145e-09,,,0,0,0.7,0,,,,,/users/a/e/aereinh/CARE/results/20260707_srr_v3_m8_editor_grade_leaderboard_sprint/runtime/variants/m8_t2_centerC_edema_repair_longrun/proposal_pr_sweep_checkpoint_best.csv,False,m8_t2_centerC_edema_repair_longrun
Case1021,CenterA,checkpoint_best,5,,,1766,0.8333333333333334,0.15767140686511993,myops_scar,LGE-only,0.16040998697280884,0.8776632625480357,,-0.0245120357722044,,35,0.013564069755375385,0.08001845218241212,0.019649089819374098,0.9467723669309174,30,28,0.03,85093,,,,,/users/a/e/aereinh/CARE/results/20260707_srr_v3_m8_editor_grade_leaderboard_sprint/runtime/variants/m8_t2_centerC_edema_repair_longrun/proposal_pr_sweep_checkpoint_best.csv,False,m8_t2_centerC_edema_repair_longrun
Case1021,CenterA,checkpoint_best,5,,,1766,0.75,0.15767140686511993,myops_scar,LGE-only,0.16040998697280884,0.863640743952973,,-0.0245120357722044,,41,0.013564069755375385,0.08001845218241212,0.025890591371944365,0.912797281993205,36,25,0.05,62262,,,,,/users/a/e/aereinh/CARE/results/20260707_srr_v3_m8_editor_grade_leaderboard_sprint/runtime/variants/m8_t2_centerC_edema_repair_longrun/proposal_pr_sweep_checkpoint_best.csv,False,m8_t2_centerC_edema_repair_longrun
Case1021,CenterA,checkpoint_best,5,,,1766,0.75,0.15767140686511993,myops_scar,LGE-only,0.16040998697280884,0.7985270301534665,,-0.0245120357722044,,101,0.013564069755375385,0.08001845218241212,0.05741497647875376,0.8431483578708947,84,78,0.1,25934,,,,,/users/a/e/aereinh/CARE/results/20260707_srr_v3_m8_editor_grade_leaderboard_sprint/runtime/variants/m8_t2_centerC_edema_repair_longrun/proposal_pr_sweep_checkpoint_best.csv,False,m8_t2_centerC_edema_repair_longrun
Case1021,CenterA,checkpoint_best,5,,,1766,0.75,0.15767140686511993,myops_scar,LGE-only,0.16040998697280884,0.24774020756611986,,-0.0245120357722044,,69,0.013564069755375385,0.08001845218241212,0.43454971543354537,0.7349943374858438,41,64,0.2,2987,,,,,/users/a/e/aereinh/CARE/results/20260707_srr_v3_m8_editor_grade_leaderboard_sprint/runtime/variants/m8_t2_centerC_edema_repair_longrun/proposal_pr_sweep_checkpoint_best.csv,False,m8_t2_centerC_edema_repair_longrun
Case1021,CenterA,checkpoint_best,5,,,1766,0.75,0.15767140686511993,myops_scar,LGE-only,0.16040998697280884,0.13568773234200743,,-0.0245120357722044,,9,0.013564069755375385,0.08001845218241212,0.5539033457249071,0.6749716874292185,0,5,0.3,2152,,,,,/users/a/e/aereinh/CARE/results/20260707_srr_v3_m8_editor_grade_leaderboard_sprint/runtime/variants/m8_t2_centerC_edema_repair_longrun/proposal_pr_sweep_checkpoint_best.csv,False,m8_t2_centerC_edema_repair_longrun
Case1021,CenterA,checkpoint_best,5,,,1766,0.75,0.15767140686511993,myops_scar,LGE-only,0.16040998697280884,0.13556701030927834,,-0.0245120357722044,,3,0.013564069755375385,0.08001845218241212,0.5762886597938144,0.6330690826727067,0,0,0.4,1940,,,,,/users/a/e/aereinh/CARE/results/20260707_srr_v3_m8_editor_grade_leaderboard_sprint/runtime/variants/m8_t2_centerC_edema_repair_longrun/proposal_pr_sweep_checkpoint_best.csv,False,m8_t2_centerC_edema_repair_longrun
Case1021,CenterA,checkpoint_best,5,,,1766,0.75,0.15767140686511993,myops_scar,LGE-only,0.16040998697280884,0.13135830072666294,,-0.0245120357722044,,3,0.013564069755375385,0.08001845218241212,0.5930687534935718,0.60079275198188,0,0,0.5,1789,,,,,/users/a/e/aereinh/CARE/results/20260707_srr_v3_m8_editor_grade_leaderboard_sprint/runtime/variants/m8_t2_centerC_edema_repair_longrun/proposal_pr_sweep_checkpoint_best.csv,False,m8_t2_centerC_edema_repair_longrun
Case1021,CenterA,checkpoint_best,5,,,1766,0.6666666666666666,0.15767140686511993,myops_scar,LGE-only,0.16040998697280884,0.12545018007202882,,-0.0245120357722044,,3,0.013564069755375385,0.08001845218241212,0.6038415366146459,0.5696489241223103,0,0,0.6,1666,,,,,/users/a/e/aereinh/CARE/results/20260707_srr_v3_m8_editor_grade_leaderboard_sprint/runtime/variants/m8_t2_centerC_edema_repair_longrun/proposal_pr_sweep_checkpoint_best.csv,False,m8_t2_centerC_edema_repair_longrun
Case1021,CenterA,checkpoint_best,5,,,1766,0.5833333333333334,0.15767140686511993,myops_scar,LGE-only,0.16040998697280884,0.12146529562982006,,-0.0245120357722044,,3,0.013564069755375385,0.08001845218241212,0.62146529562982,0.5475651189127972,0,1,0.7,1556,,,,,/users/a/e/aereinh/CARE/results/20260707_srr_v3_m8_editor_grade_leaderboard_sprint/runtime/variants/m8_t2_centerC_edema_repair_longrun/proposal_pr_sweep_checkpoint_best.csv,False,m8_t2_centerC_edema_repair_longrun
Case1021,CenterA,checkpoint_best,4,,,0,,0.33707931637763977,myops_edema,LGE-only,0.4183811843395233,,,0.26889944076538086,,0,2.061155468524589e-09,2.061153470123145e-09,,,0,0,0.03,0,,,,,/users/a/e/aereinh/CARE/results/20260707_srr_v3_m8_editor_grade_leaderboard_sprint/runtime/variants/m8_t2_centerC_edema_repair_longrun/proposal_pr_sweep_checkpoint_best.csv,False,m8_t2_centerC_edema_repair_longrun
Case1021,CenterA,checkpoint_best,4,,,0,,0.33707931637763977,myops_edema,LGE-only,0.4183811843395233,,,0.26889944076538086,,0,2.061155468524589e-09,2.061153470123145e-09,,,0,0,0.05,0,,,,,/users/a/e/aereinh/CARE/results/20260707_srr_v3_m8_editor_grade_leaderboard_sprint/runtime/variants/m8_t2_centerC_edema_repair_longrun/proposal_pr_sweep_checkpoint_best.csv,False,m8_t2_centerC_edema_repair_longrun
Case1021,CenterA,checkpoint_best,4,,,0,,0.33707931637763977,myops_edema,LGE-only,0.4183811843395233,,,0.26889944076538086,,0,2.061155468524589e-09,2.061153470123145e-09,,,0,0,0.1,0,,,,,/users/a/e/aereinh/CARE/results/20260707_srr_v3_m8_editor_grade_leaderboard_sprint/runtime/variants/m8_t2_centerC_edema_repair_longrun/proposal_pr_sweep_checkpoint_best.csv,False,m8_t2_centerC_edema_repair_longrun
Case1021,CenterA,checkpoint_best,4,,,0,,0.33707931637763977,myops_edema,LGE-only,0.4183811843395233,,,0.26889944076538086,,0,2.061155468524589e-09,2.061153470123145e-09,,,0,0,0.2,0,,,,,/users/a/e/aereinh/CARE/results/20260707_srr_v3_m8_editor_grade_leaderboard_sprint/runtime/variants/m8_t2_centerC_edema_repair_longrun/proposal_pr_sweep_checkpoint_best.csv,False,m8_t2_centerC_edema_repair_longrun
Case1021,CenterA,checkpoint_best,4,,,0,,0.33707931637763977,myops_edema,LGE-only,0.4183811843395233,,,0.26889944076538086,,0,2.061155468524589e-09,2.061153470123145e-09,,,0,0,0.3,0,,,,,/users/a/e/aereinh/CARE/results/20260707_srr_v3_m8_editor_grade_leaderboard_sprint/runtime/variants/m8_t2_centerC_edema_repair_longrun/proposal_pr_sweep_checkpoint_best.csv,False,m8_t2_centerC_edema_repair_longrun
Case1021,CenterA,checkpoint_best,4,,,0,,0.33707931637763977,myops_edema,LGE-only,0.4183811843395233,,,0.26889944076538086,,0,2.061155468524589e-09,2.061153470123145e-09,,,0,0,0.4,0,,,,,/users/a/e/aereinh/CARE/results/20260707_srr_v3_m8_editor_grade_leaderboard_sprint/runtime/variants/m8_t2_centerC_edema_repair_longrun/proposal_pr_sweep_checkpoint_best.csv,False,m8_t2_centerC_edema_repair_longrun
Case1021,CenterA,checkpoint_best,4,,,0,,0.33707931637763977,myops_edema,LGE-only,0.4183811843395233,,,0.26889944076538086,,0,2.061155468524589e-09,2.061153470123145e-09,,,0,0,0.5,0,,,,,/users/a/e/aereinh/CARE/results/20260707_srr_v3_m8_editor_grade_leaderboard_sprint/runtime/variants/m8_t2_centerC_edema_repair_longrun/proposal_pr_sweep_checkpoint_best.csv,False,m8_t2_centerC_edema_repair_longrun
Case1021,CenterA,checkpoint_best,4,,,0,,0.33707931637763977,myops_edema,LGE-only,0.4183811843395233,,,0.26889944076538086,,0,2.061155468524589e-09,2.061153470123145e-09,,,0,0,0.6,0,,,,,/users/a/e/aereinh/CARE/results/20260707_srr_v3_m8_editor_grade_leaderboard_sprint/runtime/variants/m8_t2_centerC_edema_repair_longrun/proposal_pr_sweep_checkpoint_best.csv,False,m8_t2_centerC_edema_repair_longrun
Case1021,CenterA,checkpoint_best,4,,,0,,0.33707931637763977,myops_edema,LGE-only,0.4183811843395233,,,0.26889944076538086,,0,2.061155468524589e-09,2.061153470123145e-09,,,0,0,0.7,0,,,,,/users/a/e/aereinh/CARE/results/20260707_srr_v3_m8_editor_grade_leaderboard_sprint/runtime/variants/m8_t2_centerC_edema_repair_longrun/proposal_pr_sweep_checkpoint_best.csv,False,m8_t2_centerC_edema_repair_longrun
Case1023,CenterA,checkpoint_best,5,,,2380,1.0,0.15776261687278748,myops_scar,LGE-only,0.16124804317951202,0.8766717240652111,,-0.024492008611559868,,37,0.016539214178919792,0.09934442490339279,0.013619828126556028,0.976890756302521,34,23,0.03,170707,,,,,/users/a/e/aereinh/CARE/results/20260707_srr_v3_m8_editor_grade_leaderboard_sprint/runtime/variants/m8_t2_centerC_edema_repair_longrun/proposal_pr_sweep_checkpoint_best.csv,False,m8_t2_centerC_edema_repair_longrun
Case1023,CenterA,checkpoint_best,5,,,2380,1.0,0.15776261687278748,myops_scar,LGE-only,0.16124804317951202,0.8600451467268623,,-0.024492008611559868,,30,0.016539214178919792,0.09934442490339279,0.016671830507974446,0.9495798319327731,24,21,0.05,135558,,,,,/users/a/e/aereinh/CARE/results/20260707_srr_v3_m8_editor_grade_leaderboard_sprint/runtime/variants/m8_t2_centerC_edema_repair_longrun/proposal_pr_sweep_checkpoint_best.csv,False,m8_t2_centerC_edema_repair_longrun
Case1023,CenterA,checkpoint_best,5,,,2380,1.0,0.15776261687278748,myops_scar,LGE-only,0.16124804317951202,0.8152197874873242,,-0.024492008611559868,,140,0.016539214178919792,0.09934442490339279,0.03227370927207795,0.9226890756302522,108,125,0.1,68043,,,,,/users/a/e/aereinh/CARE/results/20260707_srr_v3_m8_editor_grade_leaderboard_sprint/runtime/variants/m8_t2_centerC_edema_repair_longrun/proposal_pr_sweep_checkpoint_best.csv,False,m8_t2_centerC_edema_repair_longrun
Case1023,CenterA,checkpoint_best,5,,,2380,1.0,0.15776261687278748,myops_scar,LGE-only,0.16124804317951202,0.5855920756416029,,-0.024492008611559868,,122,0.016539214178919792,0.09934442490339279,0.18568212516884286,0.8663865546218488,48,102,0.2,11105,,,,,/users/a/e/aereinh/CARE/results/20260707_srr_v3_m8_editor_grade_leaderboard_sprint/runtime/variants/m8_t2_centerC_edema_repair_longrun/proposal_pr_sweep_checkpoint_best.csv,False,m8_t2_centerC_edema_repair_longrun
Case1023,CenterA,checkpoint_best,5,,,2380,1.0,0.15776261687278748,myops_scar,LGE-only,0.16124804317951202,0.1757394978871489,,-0.024492008611559868,,41,0.016539214178919792,0.09934442490339279,0.48073576932637335,0.8126050420168067,5,39,0.3,4023,,,,,/users/a/e/aereinh/CARE/results/20260707_srr_v3_m8_editor_grade_leaderboard_sprint/runtime/variants/m8_t2_centerC_edema_repair_longrun/proposal_pr_sweep_checkpoint_best.csv,False,m8_t2_centerC_edema_repair_longrun
Case1023,CenterA,checkpoint_best,5,,,2380,1.0,0.15776261687278748,myops_scar,LGE-only,0.16124804317951202,0.15255681818181818,,-0.024492008611559868,,12,0.016539214178919792,0.09934442490339279,0.5261363636363636,0.7781512605042017,0,10,0.4,3520,,,,,/users/a/e/aereinh/CARE/results/20260707_srr_v3_m8_editor_grade_leaderboard_sprint/runtime/variants/m8_t2_centerC_edema_repair_longrun/proposal_pr_sweep_checkpoint_best.csv,False,m8_t2_centerC_edema_repair_longrun
Case1023,CenterA,checkpoint_best,5,,,2380,1.0,0.15776261687278748,myops_scar,LGE-only,0.16124804317951202,0.13851457223440927,,-0.024492008611559868,,4,0.016539214178919792,0.09934442490339279,0.5603259166405515,0.7512605042016807,0,3,0.5,3191,,,,,/users/a/e/aereinh/CARE/results/20260707_srr_v3_m8_editor_grade_leaderboard_sprint/runtime/variants/m8_t2_centerC_edema_repair_longrun/proposal_pr_sweep_checkpoint_best.csv,False,m8_t2_centerC_edema_repair_longrun
Case1023,CenterA,checkpoint_best,5,,,2380,1.0,0.15776261687278748,myops_scar,LGE-only,0.16124804317951202,0.12270564242012237,,-0.024492008611559868,,5,0.016539214178919792,0.09934442490339279,0.5836165873555405,0.7214285714285714,0,4,0.6,2942,,,,,/users/a/e/aereinh/CARE/results/20260707_srr_v3_m8_editor_grade_leaderboard_sprint/runtime/variants/m8_t2_centerC_edema_repair_longrun/proposal_pr_sweep_checkpoint_best.csv,False,m8_t2_centerC_edema_repair_longrun
Case1023,CenterA,checkpoint_best,5,,,2380,1.0,0.15776261687278748,myops_scar,LGE-only,0.16124804317951202,0.11046086320409657,,-0.024492008611559868,,3,0.016539214178919792,0.09934442490339279,0.6038771031455743,0.6936974789915966,0,1,0.7,2734,,,,,/users/a/e/aereinh/CARE/results/20260707_srr_v3_m8_editor_grade_leaderboard_sprint/runtime/variants/m8_t2_centerC_edema_repair_longrun/proposal_pr_sweep_checkpoint_best.csv,False,m8_t2_centerC_edema_repair_longrun
Case1023,CenterA,checkpoint_best,4,,,0,,0.34504714608192444,myops_edema,LGE-only,0.40692710876464844,,,0.2519005835056305,,0,2.0611514717217005e-09,2.061153470123145e-09,,,0,0,0.03,0,,,,,/users/a/e/aereinh/CARE/results/20260707_srr_v3_m8_editor_grade_leaderboard_sprint/runtime/variants/m8_t2_centerC_edema_repair_longrun/proposal_pr_sweep_checkpoint_best.csv,False,m8_t2_centerC_edema_repair_longrun
Case1023,CenterA,checkpoint_best,4,,,0,,0.34504714608192444,myops_edema,LGE-only,0.40692710876464844,,,0.2519005835056305,,0,2.0611514717217005e-09,2.061153470123145e-09,,,0,0,0.05,0,,,,,/users/a/e/aereinh/CARE/results/20260707_srr_v3_m8_editor_grade_leaderboard_sprint/runtime/variants/m8_t2_centerC_edema_repair_longrun/proposal_pr_sweep_checkpoint_best.csv,False,m8_t2_centerC_edema_repair_longrun
Case1023,CenterA,checkpoint_best,4,,,0,,0.34504714608192444,myops_edema,LGE-only,0.40692710876464844,,,0.2519005835056305,,0,2.0611514717217005e-09,2.061153470123145e-09,,,0,0,0.1,0,,,,,/users/a/e/aereinh/CARE/results/20260707_srr_v3_m8_editor_grade_leaderboard_sprint/runtime/variants/m8_t2_centerC_edema_repair_longrun/proposal_pr_sweep_checkpoint_best.csv,False,m8_t2_centerC_edema_repair_longrun
Case1023,CenterA,checkpoint_best,4,,,0,,0.34504714608192444,myops_edema,LGE-only,0.40692710876464844,,,0.2519005835056305,,0,2.0611514717217005e-09,2.061153470123145e-09,,,0,0,0.2,0,,,,,/users/a/e/aereinh/CARE/results/20260707_srr_v3_m8_editor_grade_leaderboard_sprint/runtime/variants/m8_t2_centerC_edema_repair_longrun/proposal_pr_sweep_checkpoint_best.csv,False,m8_t2_centerC_edema_repair_longrun
Case1023,CenterA,checkpoint_best,4,,,0,,0.34504714608192444,myops_edema,LGE-only,0.40692710876464844,,,0.2519005835056305,,0,2.0611514717217005e-09,2.061153470123145e-09,,,0,0,0.3,0,,,,,/users/a/e/aereinh/CARE/results/20260707_srr_v3_m8_editor_grade_leaderboard_sprint/runtime/variants/m8_t2_centerC_edema_repair_longrun/proposal_pr_sweep_checkpoint_best.csv,False,m8_t2_centerC_edema_repair_longrun
Case1023,CenterA,checkpoint_best,4,,,0,,0.34504714608192444,myops_edema,LGE-only,0.40692710876464844,,,0.2519005835056305,,0,2.0611514717217005e-09,2.061153470123145e-09,,,0,0,0.4,0,,,,,/users/a/e/aereinh/CARE/results/20260707_srr_v3_m8_editor_grade_leaderboard_sprint/runtime/variants/m8_t2_centerC_edema_repair_longrun/proposal_pr_sweep_checkpoint_best.csv,False,m8_t2_centerC_edema_repair_longrun
Case1023,CenterA,checkpoint_best,4,,,0,,0.34504714608192444,myops_edema,LGE-only,0.40692710876464844,,,0.2519005835056305,,0,2.0611514717217005e-09,2.061153470123145e-09,,,0,0,0.5,0,,,,,/users/a/e/aereinh/CARE/results/20260707_srr_v3_m8_editor_grade_leaderboard_sprint/runtime/variants/m8_t2_centerC_edema_repair_longrun/proposal_pr_sweep_checkpoint_best.csv,False,m8_t2_centerC_edema_repair_longrun
Case1023,CenterA,checkpoint_best,4,,,0,,0.34504714608192444,myops_edema,LGE-only,0.40692710876464844,,,0.2519005835056305,,0,2.0611514717217005e-09,2.061153470123145e-09,,,0,0,0.6,0,,,,,/users/a/e/aereinh/CARE/results/20260707_srr_v3_m8_editor_grade_leaderboard_sprint/runtime/variants/m8_t2_centerC_edema_repair_longrun/proposal_pr_sweep_checkpoint_best.csv,False,m8_t2_centerC_edema_repair_longrun
Case1023,CenterA,checkpoint_best,4,,,0,,0.34504714608192444,myops_edema,LGE-only,0.40692710876464844,,,0.2519005835056305,,0,2.0611514717217005e-09,2.061153470123145e-09,,,0,0,0.7,0,,,,,/users/a/e/aereinh/CARE/results/20260707_srr_v3_m8_editor_grade_leaderboard_sprint/runtime/variants/m8_t2_centerC_edema_repair_longrun/proposal_pr_sweep_checkpoint_best.csv,False,m8_t2_centerC_edema_repair_longrun
Case1029,CenterA,checkpoint_best,5,,,585,1.0,0.1602739840745926,myops_scar,LGE-only,0.1633102148771286,0.8685904868433617,,-0.02528371661901474,,36,0.018033012747764587,0.09531093426048752,0.003942217190249492,0.9880341880341881,35,29,0.03,146618,,,,,/users/a/e/aereinh/CARE/results/20260707_srr_v3_m8_editor_grade_leaderboard_sprint/runtime/variants/m8_t2_centerC_edema_repair_longrun/proposal_pr_sweep_checkpoint_best.csv,False,m8_t2_centerC_edema_repair_longrun
Case1029,CenterA,checkpoint_best,5,,,585,1.0,0.1602739840745926,myops_scar,LGE-only,0.1633102148771286,0.8443031144684352,,-0.02528371661901474,,65,0.018033012747764587,0.09531093426048752,0.00509495546336674,0.9846153846153847,64,58,0.05,113053,,,,,/users/a/e/aereinh/CARE/results/20260707_srr_v3_m8_editor_grade_leaderboard_sprint/runtime/variants/m8_t2_centerC_edema_repair_longrun/proposal_pr_sweep_checkpoint_best.csv,False,m8_t2_centerC_edema_repair_longrun
Case1029,CenterA,checkpoint_best,5,,,585,1.0,0.1602739840745926,myops_scar,LGE-only,0.1633102148771286,0.7587451847501252,,-0.02528371661901474,,134,0.018033012747764587,0.09531093426048752,0.00986370467619064,0.976068376068376,119,117,0.1,57889,,,,,/users/a/e/aereinh/CARE/results/20260707_srr_v3_m8_editor_grade_leaderboard_sprint/runtime/variants/m8_t2_centerC_edema_repair_longrun/proposal_pr_sweep_checkpoint_best.csv,False,m8_t2_centerC_edema_repair_longrun
Case1029,CenterA,checkpoint_best,5,,,585,1.0,0.1602739840745926,myops_scar,LGE-only,0.1633102148771286,0.4202181818181818,,-0.02528371661901474,,122,0.018033012747764587,0.09531093426048752,0.039636363636363636,0.9316239316239316,102,106,0.2,13750,,,,,/users/a/e/aereinh/CARE/results/20260707_srr_v3_m8_editor_grade_leaderboard_sprint/runtime/variants/m8_t2_centerC_edema_repair_longrun/proposal_pr_sweep_checkpoint_best.csv,False,m8_t2_centerC_edema_repair_longrun
Case1029,CenterA,checkpoint_best,5,,,585,1.0,0.1602739840745926,myops_scar,LGE-only,0.1633102148771286,0.23097014925373135,,-0.02528371661901474,,15,0.018033012747764587,0.09531093426048752,0.06529850746268656,0.8974358974358975,10,14,0.3,8040,,,,,/users/a/e/aereinh/CARE/results/20260707_srr_v3_m8_editor_grade_leaderboard_sprint/runtime/variants/m8_t2_centerC_edema_repair_longrun/proposal_pr_sweep_checkpoint_best.csv,False,m8_t2_centerC_edema_repair_longrun
Case1029,CenterA,checkpoint_best,5,,,585,1.0,0.1602739840745926,myops_scar,LGE-only,0.1633102148771286,0.2271390561546002,,-0.02528371661901474,,4,0.018033012747764587,0.09531093426048752,0.07099845959949587,0.8666666666666667,1,3,0.4,7141,,,,,/users/a/e/aereinh/CARE/results/20260707_srr_v3_m8_editor_grade_leaderboard_sprint/runtime/variants/m8_t2_centerC_edema_repair_longrun/proposal_pr_sweep_checkpoint_best.csv,False,m8_t2_centerC_edema_repair_longrun
Case1029,CenterA,checkpoint_best,5,,,585,1.0,0.1602739840745926,myops_scar,LGE-only,0.1633102148771286,0.2255097347846083,,-0.02528371661901474,,7,0.018033012747764587,0.09531093426048752,0.076038632531044,0.8478632478632478,1,6,0.5,6523,,,,,/users/a/e/aereinh/CARE/results/20260707_srr_v3_m8_editor_grade_leaderboard_sprint/runtime/variants/m8_t2_centerC_edema_repair_longrun/proposal_pr_sweep_checkpoint_best.csv,False,m8_t2_centerC_edema_repair_longrun
Case1029,CenterA,checkpoint_best,5,,,585,0.75,0.1602739840745926,myops_scar,LGE-only,0.1633102148771286,0.22818455366098295,,-0.02528371661901474,,8,0.018033012747764587,0.09531093426048752,0.08057505850885992,0.8239316239316239,4,6,0.6,5982,,,,,/users/a/e/aereinh/CARE/results/20260707_srr_v3_m8_editor_grade_leaderboard_sprint/runtime/variants/m8_t2_centerC_edema_repair_longrun/proposal_pr_sweep_checkpoint_best.csv,False,m8_t2_centerC_edema_repair_longrun
Case1029,CenterA,checkpoint_best,5,,,585,0.75,0.1602739840745926,myops_scar,LGE-only,0.1633102148771286,0.22837370242214533,,-0.02528371661901474,,7,0.018033012747764587,0.09531093426048752,0.08595884174103077,0.8068376068376069,2,5,0.7,5491,,,,,/users/a/e/aereinh/CARE/results/20260707_srr_v3_m8_editor_grade_leaderboard_sprint/runtime/variants/m8_t2_centerC_edema_repair_longrun/proposal_pr_sweep_checkpoint_best.csv,False,m8_t2_centerC_edema_repair_longrun
Case1029,CenterA,checkpoint_best,4,,,0,,0.3283977508544922,myops_edema,LGE-only,0.4097982347011566,,,0.26160964369773865,,0,2.0611523599001202e-09,2.061153470123145e-09,,,0,0,0.03,0,,,,,/users/a/e/aereinh/CARE/results/20260707_srr_v3_m8_editor_grade_leaderboard_sprint/runtime/variants/m8_t2_centerC_edema_repair_longrun/proposal_pr_sweep_checkpoint_best.csv,False,m8_t2_centerC_edema_repair_longrun
Case1029,CenterA,checkpoint_best,4,,,0,,0.3283977508544922,myops_edema,LGE-only,0.4097982347011566,,,0.26160964369773865,,0,2.0611523599001202e-09,2.061153470123145e-09,,,0,0,0.05,0,,,,,/users/a/e/aereinh/CARE/results/20260707_srr_v3_m8_editor_grade_leaderboard_sprint/runtime/variants/m8_t2_centerC_edema_repair_longrun/proposal_pr_sweep_checkpoint_best.csv,False,m8_t2_centerC_edema_repair_longrun
Case1029,CenterA,checkpoint_best,4,,,0,,0.3283977508544922,myops_edema,LGE-only,0.4097982347011566,,,0.26160964369773865,,0,2.0611523599001202e-09,2.061153470123145e-09,,,0,0,0.1,0,,,,,/users/a/e/aereinh/CARE/results/20260707_srr_v3_m8_editor_grade_leaderboard_sprint/runtime/variants/m8_t2_centerC_edema_repair_longrun/proposal_pr_sweep_checkpoint_best.csv,False,m8_t2_centerC_edema_repair_longrun
Case1029,CenterA,checkpoint_best,4,,,0,,0.3283977508544922,myops_edema,LGE-only,0.4097982347011566,,,0.26160964369773865,,0,2.0611523599001202e-09,2.061153470123145e-09,,,0,0,0.2,0,,,,,/users/a/e/aereinh/CARE/results/20260707_srr_v3_m8_editor_grade_leaderboard_sprint/runtime/variants/m8_t2_centerC_edema_repair_longrun/proposal_pr_sweep_checkpoint_best.csv,False,m8_t2_centerC_edema_repair_longrun
Case1029,CenterA,checkpoint_best,4,,,0,,0.3283977508544922,myops_edema,LGE-only,0.4097982347011566,,,0.26160964369773865,,0,2.0611523599001202e-09,2.061153470123145e-09,,,0,0,0.3,0,,,,,/users/a/e/aereinh/CARE/results/20260707_srr_v3_m8_editor_grade_leaderboard_sprint/runtime/variants/m8_t2_centerC_edema_repair_longrun/proposal_pr_sweep_checkpoint_best.csv,False,m8_t2_centerC_edema_repair_longrun
Case1029,CenterA,checkpoint_best,4,,,0,,0.3283977508544922,myops_edema,LGE-only,0.4097982347011566,,,0.26160964369773865,,0,2.0611523599001202e-09,2.061153470123145e-09,,,0,0,0.4,0,,,,,/users/a/e/aereinh/CARE/results/20260707_srr_v3_m8_editor_grade_leaderboard_sprint/runtime/variants/m8_t2_centerC_edema_repair_longrun/proposal_pr_sweep_checkpoint_best.csv,False,m8_t2_centerC_edema_repair_longrun
Case1029,CenterA,checkpoint_best,4,,,0,,0.3283977508544922,myops_edema,LGE-only,0.4097982347011566,,,0.26160964369773865,,0,2.0611523599001202e-09,2.061153470123145e-09,,,0,0,0.5,0,,,,,/users/a/e/aereinh/CARE/results/20260707_srr_v3_m8_editor_grade_leaderboard_sprint/runtime/variants/m8_t2_centerC_edema_repair_longrun/proposal_pr_sweep_checkpoint_best.csv,False,m8_t2_centerC_edema_repair_longrun
Case1029,CenterA,checkpoint_best,4,,,0,,0.3283977508544922,myops_edema,LGE-only,0.4097982347011566,,,0.26160964369773865,,0,2.0611523599001202e-09,2.061153470123145e-09,,,0,0,0.6,0,,,,,/users/a/e/aereinh/CARE/results/20260707_srr_v3_m8_editor_grade_leaderboard_sprint/runtime/variants/m8_t2_centerC_edema_repair_longrun/proposal_pr_sweep_checkpoint_best.csv,False,m8_t2_centerC_edema_repair_longrun
Case1029,CenterA,checkpoint_best,4,,,0,,0.3283977508544922,myops_edema,LGE-only,0.4097982347011566,,,0.26160964369773865,,0,2.0611523599001202e-09,2.061153470123145e-09,,,0,0,0.7,0,,,,,/users/a/e/aereinh/CARE/results/20260707_srr_v3_m8_editor_grade_leaderboard_sprint/runtime/variants/m8_t2_centerC_edema_repair_longrun/proposal_pr_sweep_checkpoint_best.csv,False,m8_t2_centerC_edema_repair_longrun
Case1033,CenterA,checkpoint_best,5,,,4081,0.16666666666666666,0.1747504472732544,myops_scar,LGE-only,0.1761300265789032,0.7761131581433642,,-0.04477522149682045,,51,0.012189875356853008,0.03871343825012455,0.05350177484444804,0.9713305562362167,48,40,0.03,74091,,,,,/users/a/e/aereinh/CARE/results/20260707_srr_v3_m8_editor_grade_leaderboard_sprint/runtime/variants/m8_t2_centerC_edema_repair_longrun/proposal_pr_sweep_checkpoint_best.csv,False,m8_t2_centerC_edema_repair_longrun
Case1033,CenterA,checkpoint_best,5,,,4081,0.16666666666666666,0.1747504472732544,myops_scar,LGE-only,0.1761300265789032,0.7461072664359861,,-0.04477522149682045,,27,0.012189875356853008,0.03871343825012455,0.06747404844290658,0.9556481254594462,24,20,0.05,57800,,,,,/users/a/e/aereinh/CARE/results/20260707_srr_v3_m8_editor_grade_leaderboard_sprint/runtime/variants/m8_t2_centerC_edema_repair_longrun/proposal_pr_sweep_checkpoint_best.csv,False,m8_t2_centerC_edema_repair_longrun
Case1033,CenterA,checkpoint_best,5,,,4081,0.16666666666666666,0.1747504472732544,myops_scar,LGE-only,0.1761300265789032,0.5833137301027209,,-0.04477522149682045,,73,0.012189875356853008,0.03871343825012455,0.14921979142162628,0.9326145552560647,52,65,0.1,25506,,,,,/users/a/e/aereinh/CARE/results/20260707_srr_v3_m8_editor_grade_leaderboard_sprint/runtime/variants/m8_t2_centerC_edema_repair_longrun/proposal_pr_sweep_checkpoint_best.csv,False,m8_t2_centerC_edema_repair_longrun
Case1033,CenterA,checkpoint_best,5,,,4081,0.16666666666666666,0.1747504472732544,myops_scar,LGE-only,0.1761300265789032,0.2107319315178674,,-0.04477522149682045,,25,0.012189875356853008,0.03871343825012455,0.4223830862920832,0.9007596177407499,0,24,0.2,8703,,,,,/users/a/e/aereinh/CARE/results/20260707_srr_v3_m8_editor_grade_leaderboard_sprint/runtime/variants/m8_t2_centerC_edema_repair_longrun/proposal_pr_sweep_checkpoint_best.csv,False,m8_t2_centerC_edema_repair_longrun
Case1033,CenterA,checkpoint_best,5,,,4081,0.16666666666666666,0.1747504472732544,myops_scar,LGE-only,0.1761300265789032,0.18595995893223818,,-0.04477522149682045,,5,0.012189875356853008,0.03871343825012455,0.4622689938398357,0.882626807155109,0,4,0.3,7792,,,,,/users/a/e/aereinh/CARE/results/20260707_srr_v3_m8_editor_grade_leaderboard_sprint/runtime/variants/m8_t2_centerC_edema_repair_longrun/proposal_pr_sweep_checkpoint_best.csv,False,m8_t2_centerC_edema_repair_longrun
Case1033,CenterA,checkpoint_best,5,,,4081,0.16666666666666666,0.1747504472732544,myops_scar,LGE-only,0.1761300265789032,0.16966151274550773,,-0.04477522149682045,,8,0.012189875356853008,0.03871343825012455,0.49352277475971584,0.8681695662827739,0,7,0.4,7179,,,,,/users/a/e/aereinh/CARE/results/20260707_srr_v3_m8_editor_grade_leaderboard_sprint/runtime/variants/m8_t2_centerC_edema_repair_longrun/proposal_pr_sweep_checkpoint_best.csv,False,m8_t2_centerC_edema_repair_longrun
Case1033,CenterA,checkpoint_best,5,,,4081,0.16666666666666666,0.1747504472732544,myops_scar,LGE-only,0.1761300265789032,0.15698282300224048,,-0.04477522149682045,,8,0.012189875356853008,0.03871343825012455,0.5188946975354742,0.8512619456015682,0,7,0.5,6695,,,,,/users/a/e/aereinh/CARE/results/20260707_srr_v3_m8_editor_grade_leaderboard_sprint/runtime/variants/m8_t2_centerC_edema_repair_longrun/proposal_pr_sweep_checkpoint_best.csv,False,m8_t2_centerC_edema_repair_longrun
Case1033,CenterA,checkpoint_best,5,,,4081,0.16666666666666666,0.1747504472732544,myops_scar,LGE-only,0.1761300265789032,0.1467193675889328,,-0.04477522149682045,,10,0.012189875356853008,0.03871343825012455,0.5411857707509882,0.8387650085763293,0,8,0.6,6325,,,,,/users/a/e/aereinh/CARE/results/20260707_srr_v3_m8_editor_grade_leaderboard_sprint/runtime/variants/m8_t2_centerC_edema_repair_longrun/proposal_pr_sweep_checkpoint_best.csv,False,m8_t2_centerC_edema_repair_longrun
Case1033,CenterA,checkpoint_best,5,,,4081,0.16666666666666666,0.1747504472732544,myops_scar,LGE-only,0.1761300265789032,0.1375310687655344,,-0.04477522149682045,,4,0.012189875356853008,0.03871343825012455,0.5587406793703397,0.8262680715510904,0,3,0.7,6035,,,,,/users/a/e/aereinh/CARE/results/20260707_srr_v3_m8_editor_grade_leaderboard_sprint/runtime/variants/m8_t2_centerC_edema_repair_longrun/proposal_pr_sweep_checkpoint_best.csv,False,m8_t2_centerC_edema_repair_longrun
Case1033,CenterA,checkpoint_best,4,,,0,,0.3498995900154114,myops_edema,LGE-only,0.41100120544433594,,,0.25378134846687317,,0,2.0611519158109104e-09,2.061153470123145e-09,,,0,0,0.03,0,,,,,/users/a/e/aereinh/CARE/results/20260707_srr_v3_m8_editor_grade_leaderboard_sprint/runtime/variants/m8_t2_centerC_edema_repair_longrun/proposal_pr_sweep_checkpoint_best.csv,False,m8_t2_centerC_edema_repair_longrun
Case1033,CenterA,checkpoint_best,4,,,0,,0.3498995900154114,myops_edema,LGE-only,0.41100120544433594,,,0.25378134846687317,,0,2.0611519158109104e-09,2.061153470123145e-09,,,0,0,0.05,0,,,,,/users/a/e/aereinh/CARE/results/20260707_srr_v3_m8_editor_grade_leaderboard_sprint/runtime/variants/m8_t2_centerC_edema_repair_longrun/proposal_pr_sweep_checkpoint_best.csv,False,m8_t2_centerC_edema_repair_longrun
Case1033,CenterA,checkpoint_best,4,,,0,,0.3498995900154114,myops_edema,LGE-only,0.41100120544433594,,,0.25378134846687317,,0,2.0611519158109104e-09,2.061153470123145e-09,,,0,0,0.1,0,,,,,/users/a/e/aereinh/CARE/results/20260707_srr_v3_m8_editor_grade_leaderboard_sprint/runtime/variants/m8_t2_centerC_edema_repair_longrun/proposal_pr_sweep_checkpoint_best.csv,False,m8_t2_centerC_edema_repair_longrun
Case1033,CenterA,checkpoint_best,4,,,0,,0.3498995900154114,myops_edema,LGE-only,0.41100120544433594,,,0.25378134846687317,,0,2.0611519158109104e-09,2.061153470123145e-09,,,0,0,0.2,0,,,,,/users/a/e/aereinh/CARE/results/20260707_srr_v3_m8_editor_grade_leaderboard_sprint/runtime/variants/m8_t2_centerC_edema_repair_longrun/proposal_pr_sweep_checkpoint_best.csv,False,m8_t2_centerC_edema_repair_longrun
Case1033,CenterA,checkpoint_best,4,,,0,,0.3498995900154114,myops_edema,LGE-only,0.41100120544433594,,,0.25378134846687317,,0,2.0611519158109104e-09,2.061153470123145e-09,,,0,0,0.3,0,,,,,/users/a/e/aereinh/CARE/results/20260707_srr_v3_m8_editor_grade_leaderboard_sprint/runtime/variants/m8_t2_centerC_edema_repair_longrun/proposal_pr_sweep_checkpoint_best.csv,False,m8_t2_centerC_edema_repair_longrun
Case1033,CenterA,checkpoint_best,4,,,0,,0.3498995900154114,myops_edema,LGE-only,0.41100120544433594,,,0.25378134846687317,,0,2.0611519158109104e-09,2.061153470123145e-09,,,0,0,0.4,0,,,,,/users/a/e/aereinh/CARE/results/20260707_srr_v3_m8_editor_grade_leaderboard_sprint/runtime/variants/m8_t2_centerC_edema_repair_longrun/proposal_pr_sweep_checkpoint_best.csv,False,m8_t2_centerC_edema_repair_longrun
Case1033,CenterA,checkpoint_best,4,,,0,,0.3498995900154114,myops_edema,LGE-only,0.41100120544433594,,,0.25378134846687317,,0,2.0611519158109104e-09,2.061153470123145e-09,,,0,0,0.5,0,,,,,/users/a/e/aereinh/CARE/results/20260707_srr_v3_m8_editor_grade_leaderboard_sprint/runtime/variants/m8_t2_centerC_edema_repair_longrun/proposal_pr_sweep_checkpoint_best.csv,False,m8_t2_centerC_edema_repair_longrun
Case1033,CenterA,checkpoint_best,4,,,0,,0.3498995900154114,myops_edema,LGE-only,0.41100120544433594,,,0.25378134846687317,,0,2.0611519158109104e-09,2.061153470123145e-09,,,0,0,0.6,0,,,,,/users/a/e/aereinh/CARE/results/20260707_srr_v3_m8_editor_grade_leaderboard_sprint/runtime/variants/m8_t2_centerC_edema_repair_longrun/proposal_pr_sweep_checkpoint_best.csv,False,m8_t2_centerC_edema_repair_longrun
Case1033,CenterA,checkpoint_best,4,,,0,,0.3498995900154114,myops_edema,LGE-only,0.41100120544433594,,,0.25378134846687317,,0,2.0611519158109104e-09,2.061153470123145e-09,,,0,0,0.7,0,,,,,/users/a/e/aereinh/CARE/results/20260707_srr_v3_m8_editor_grade_leaderboard_sprint/runtime/variants/m8_t2_centerC_edema_repair_longrun/proposal_pr_sweep_checkpoint_best.csv,False,m8_t2_centerC_edema_repair_longrun
Case1040,CenterA,checkpoint_best,5,,,2164,0.75,0.16582097113132477,myops_scar,LGE-only,0.1678137630224228,0.9100757546021903,,-0.032070714980363846,,58,0.014995157718658447,0.07790081053972236,0.023733825280318196,0.8382624768946395,54,45,0.03,76431,,,,,/users/a/e/aereinh/CARE/results/20260707_srr_v3_m8_editor_grade_leaderboard_sprint/runtime/variants/m8_t2_centerC_edema_repair_longrun/proposal_pr_sweep_checkpoint_best.csv,False,m8_t2_centerC_edema_repair_longrun
Case1040,CenterA,checkpoint_best,5,,,2164,0.75,0.16582097113132477,myops_scar,LGE-only,0.1678137630224228,0.8980398355991147,,-0.032070714980363846,,66,0.014995157718658447,0.07790081053972236,0.030175290687462678,0.7939001848428835,57,46,0.05,56934,,,,,/users/a/e/aereinh/CARE/results/20260707_srr_v3_m8_editor_grade_leaderboard_sprint/runtime/variants/m8_t2_centerC_edema_repair_longrun/proposal_pr_sweep_checkpoint_best.csv,False,m8_t2_centerC_edema_repair_longrun
Case1040,CenterA,checkpoint_best,5,,,2164,0.75,0.16582097113132477,myops_scar,LGE-only,0.1678137630224228,0.8427393303690192,,-0.032070714980363846,,132,0.014995157718658447,0.07790081053972236,0.058754227948162506,0.7144177449168208,115,113,0.1,26313,,,,,/users/a/e/aereinh/CARE/results/20260707_srr_v3_m8_editor_grade_leaderboard_sprint/runtime/variants/m8_t2_centerC_edema_repair_longrun/proposal_pr_sweep_checkpoint_best.csv,False,m8_t2_centerC_edema_repair_longrun
Case1040,CenterA,checkpoint_best,5,,,2164,0.75,0.16582097113132477,myops_scar,LGE-only,0.1678137630224228,0.5309983142910657,,-0.032070714980363846,,54,0.014995157718658447,0.07790081053972236,0.2620340887806705,0.6464879852125693,31,46,0.2,5339,,,,,/users/a/e/aereinh/CARE/results/20260707_srr_v3_m8_editor_grade_leaderboard_sprint/runtime/variants/m8_t2_centerC_edema_repair_longrun/proposal_pr_sweep_checkpoint_best.csv,False,m8_t2_centerC_edema_repair_longrun
Case1040,CenterA,checkpoint_best,5,,,2164,0.75,0.16582097113132477,myops_scar,LGE-only,0.1678137630224228,0.42886075949367086,,-0.032070714980363846,,6,0.014995157718658447,0.07790081053972236,0.3326582278481013,0.6072088724584104,0,5,0.3,3950,,,,,/users/a/e/aereinh/CARE/results/20260707_srr_v3_m8_editor_grade_leaderboard_sprint/runtime/variants/m8_t2_centerC_edema_repair_longrun/proposal_pr_sweep_checkpoint_best.csv,False,m8_t2_centerC_edema_repair_longrun
Case1040,CenterA,checkpoint_best,5,,,2164,0.75,0.16582097113132477,myops_scar,LGE-only,0.1678137630224228,0.42032204330927264,,-0.032070714980363846,,7,0.014995157718658447,0.07790081053972236,0.35008328706274294,0.58271719038817,0,6,0.4,3602,,,,,/users/a/e/aereinh/CARE/results/20260707_srr_v3_m8_editor_grade_leaderboard_sprint/runtime/variants/m8_t2_centerC_edema_repair_longrun/proposal_pr_sweep_checkpoint_best.csv,False,m8_t2_centerC_edema_repair_longrun
Case1040,CenterA,checkpoint_best,5,,,2164,0.75,0.16582097113132477,myops_scar,LGE-only,0.1678137630224228,0.41172968145281336,,-0.032070714980363846,,6,0.014995157718658447,0.07790081053972236,0.35844001190830604,0.55637707948244,0,5,0.5,3359,,,,,/users/a/e/aereinh/CARE/results/20260707_srr_v3_m8_editor_grade_leaderboard_sprint/runtime/variants/m8_t2_centerC_edema_repair_longrun/proposal_pr_sweep_checkpoint_best.csv,False,m8_t2_centerC_edema_repair_longrun
Case1040,CenterA,checkpoint_best,5,,,2164,0.75,0.16582097113132477,myops_scar,LGE-only,0.1678137630224228,0.40891959798994976,,-0.032070714980363846,,3,0.014995157718658447,0.07790081053972236,0.3646356783919598,0.5365064695009242,0,2,0.6,3184,,,,,/users/a/e/aereinh/CARE/results/20260707_srr_v3_m8_editor_grade_leaderboard_sprint/runtime/variants/m8_t2_centerC_edema_repair_longrun/proposal_pr_sweep_checkpoint_best.csv,False,m8_t2_centerC_edema_repair_longrun
Case1040,CenterA,checkpoint_best,5,,,2164,0.75,0.16582097113132477,myops_scar,LGE-only,0.1678137630224228,0.4055390702274975,,-0.032070714980363846,,5,0.014995157718658447,0.07790081053972236,0.36894164193867457,0.517097966728281,0,3,0.7,3033,,,,,/users/a/e/aereinh/CARE/results/20260707_srr_v3_m8_editor_grade_leaderboard_sprint/runtime/variants/m8_t2_centerC_edema_repair_longrun/proposal_pr_sweep_checkpoint_best.csv,False,m8_t2_centerC_edema_repair_longrun
Case1040,CenterA,checkpoint_best,4,,,0,,0.33394455909729004,myops_edema,LGE-only,0.4214293658733368,,,0.2746286392211914,,0,2.061155468524589e-09,2.061153470123145e-09,,,0,0,0.03,0,,,,,/users/a/e/aereinh/CARE/results/20260707_srr_v3_m8_editor_grade_leaderboard_sprint/runtime/variants/m8_t2_centerC_edema_repair_longrun/proposal_pr_sweep_checkpoint_best.csv,False,m8_t2_centerC_edema_repair_longrun
Case1040,CenterA,checkpoint_best,4,,,0,,0.33394455909729004,myops_edema,LGE-only,0.4214293658733368,,,0.2746286392211914,,0,2.061155468524589e-09,2.061153470123145e-09,,,0,0,0.05,0,,,,,/users/a/e/aereinh/CARE/results/20260707_srr_v3_m8_editor_grade_leaderboard_sprint/runtime/variants/m8_t2_centerC_edema_repair_longrun/proposal_pr_sweep_checkpoint_best.csv,False,m8_t2_centerC_edema_repair_longrun
Case1040,CenterA,checkpoint_best,4,,,0,,0.33394455909729004,myops_edema,LGE-only,0.4214293658733368,,,0.2746286392211914,,0,2.061155468524589e-09,2.061153470123145e-09,,,0,0,0.1,0,,,,,/users/a/e/aereinh/CARE/results/20260707_srr_v3_m8_editor_grade_leaderboard_sprint/runtime/variants/m8_t2_centerC_edema_repair_longrun/proposal_pr_sweep_checkpoint_best.csv,False,m8_t2_centerC_edema_repair_longrun
Case1040,CenterA,checkpoint_best,4,,,0,,0.33394455909729004,myops_edema,LGE-only,0.4214293658733368,,,0.2746286392211914,,0,2.061155468524589e-09,2.061153470123145e-09,,,0,0,0.2,0,,,,,/users/a/e/aereinh/CARE/results/20260707_srr_v3_m8_editor_grade_leaderboard_sprint/runtime/variants/m8_t2_centerC_edema_repair_longrun/proposal_pr_sweep_checkpoint_best.csv,False,m8_t2_centerC_edema_repair_longrun
Case1040,CenterA,checkpoint_best,4,,,0,,0.33394455909729004,myops_edema,LGE-only,0.4214293658733368,,,0.2746286392211914,,0,2.061155468524589e-09,2.061153470123145e-09,,,0,0,0.3,0,,,,,/users/a/e/aereinh/CARE/results/20260707_srr_v3_m8_editor_grade_leaderboard_sprint/runtime/variants/m8_t2_centerC_edema_repair_longrun/proposal_pr_sweep_checkpoint_best.csv,False,m8_t2_centerC_edema_repair_longrun
Case1040,CenterA,checkpoint_best,4,,,0,,0.33394455909729004,myops_edema,LGE-only,0.4214293658733368,,,0.2746286392211914,,0,2.061155468524589e-09,2.061153470123145e-09,,,0,0,0.4,0,,,,,/users/a/e/aereinh/CARE/results/20260707_srr_v3_m8_editor_grade_leaderboard_sprint/runtime/variants/m8_t2_centerC_edema_repair_longrun/proposal_pr_sweep_checkpoint_best.csv,False,m8_t2_centerC_edema_repair_longrun
Case1040,CenterA,checkpoint_best,4,,,0,,0.33394455909729004,myops_edema,LGE-only,0.4214293658733368,,,0.2746286392211914,,0,2.061155468524589e-09,2.061153470123145e-09,,,0,0,0.5,0,,,,,/users/a/e/aereinh/CARE/results/20260707_srr_v3_m8_editor_grade_leaderboard_sprint/runtime/variants/m8_t2_centerC_edema_repair_longrun/proposal_pr_sweep_checkpoint_best.csv,False,m8_t2_centerC_edema_repair_longrun
Case1040,CenterA,checkpoint_best,4,,,0,,0.33394455909729004,myops_edema,LGE-only,0.4214293658733368,,,0.2746286392211914,,0,2.061155468524589e-09,2.061153470123145e-09,,,0,0,0.6,0,,,,,/users/a/e/aereinh/CARE/results/20260707_srr_v3_m8_editor_grade_leaderboard_sprint/runtime/variants/m8_t2_centerC_edema_repair_longrun/proposal_pr_sweep_checkpoint_best.csv,False,m8_t2_centerC_edema_repair_longrun
Case1040,CenterA,checkpoint_best,4,,,0,,0.33394455909729004,myops_edema,LGE-only,0.4214293658733368,,,0.2746286392211914,,0,2.061155468524589e-09,2.061153470123145e-09,,,0,0,0.7,0,,,,,/users/a/e/aereinh/CARE/results/20260707_srr_v3_m8_editor_grade_leaderboard_sprint/runtime/variants/m8_t2_centerC_edema_repair_longrun/proposal_pr_sweep_checkpoint_best.csv,False,m8_t2_centerC_edema_repair_longrun
Case1042,CenterA,checkpoint_best,5,,,906,1.0,0.1668456345796585,myops_scar,LGE-only,0.1686098873615265,0.8734747340119953,,-0.03458472341299057,,24,0.012449167668819427,0.07404800541698925,0.020359859365305513,0.977924944812362,22,18,0.03,43517,,,,,/users/a/e/aereinh/CARE/results/20260707_srr_v3_m8_editor_grade_leaderboard_sprint/runtime/variants/m8_t2_centerC_edema_repair_longrun/proposal_pr_sweep_checkpoint_best.csv,False,m8_t2_centerC_edema_repair_longrun
Case1042,CenterA,checkpoint_best,5,,,906,1.0,0.1668456345796585,myops_scar,LGE-only,0.1686098873615265,0.8604143947655398,,-0.03458472341299057,,14,0.012449167668819427,0.07404800541698925,0.026535805161759362,0.9668874172185431,12,8,0.05,33012,,,,,/users/a/e/aereinh/CARE/results/20260707_srr_v3_m8_editor_grade_leaderboard_sprint/runtime/variants/m8_t2_centerC_edema_repair_longrun/proposal_pr_sweep_checkpoint_best.csv,False,m8_t2_centerC_edema_repair_longrun
Case1042,CenterA,checkpoint_best,5,,,906,1.0,0.1668456345796585,myops_scar,LGE-only,0.1686098873615265,0.8282178620858096,,-0.03458472341299057,,77,0.012449167668819427,0.07404800541698925,0.06879426850118049,0.9326710816777042,51,63,0.1,12283,,,,,/users/a/e/aereinh/CARE/results/20260707_srr_v3_m8_editor_grade_leaderboard_sprint/runtime/variants/m8_t2_centerC_edema_repair_longrun/proposal_pr_sweep_checkpoint_best.csv,False,m8_t2_centerC_edema_repair_longrun
Case1042,CenterA,checkpoint_best,5,,,906,1.0,0.1668456345796585,myops_scar,LGE-only,0.1686098873615265,0.29073482428115016,,-0.03458472341299057,,12,0.012449167668819427,0.07404800541698925,0.5124600638977636,0.8852097130242825,3,11,0.2,1565,,,,,/users/a/e/aereinh/CARE/results/20260707_srr_v3_m8_editor_grade_leaderboard_sprint/runtime/variants/m8_t2_centerC_edema_repair_longrun/proposal_pr_sweep_checkpoint_best.csv,False,m8_t2_centerC_edema_repair_longrun
Case1042,CenterA,checkpoint_best,5,,,906,1.0,0.1668456345796585,myops_scar,LGE-only,0.1686098873615265,0.1879460745440127,,-0.03458472341299057,,1,0.012449167668819427,0.07404800541698925,0.6217287866772403,0.8653421633554084,0,0,0.3,1261,,,,,/users/a/e/aereinh/CARE/results/20260707_srr_v3_m8_editor_grade_leaderboard_sprint/runtime/variants/m8_t2_centerC_edema_repair_longrun/proposal_pr_sweep_checkpoint_best.csv,False,m8_t2_centerC_edema_repair_longrun
Case1042,CenterA,checkpoint_best,5,,,906,1.0,0.1668456345796585,myops_scar,LGE-only,0.1686098873615265,0.17395029991431019,,-0.03458472341299057,,1,0.012449167668819427,0.07404800541698925,0.6529562982005142,0.8410596026490066,0,0,0.4,1167,,,,,/users/a/e/aereinh/CARE/results/20260707_srr_v3_m8_editor_grade_leaderboard_sprint/runtime/variants/m8_t2_centerC_edema_repair_longrun/proposal_pr_sweep_checkpoint_best.csv,False,m8_t2_centerC_edema_repair_longrun
Case1042,CenterA,checkpoint_best,5,,,906,1.0,0.1668456345796585,myops_scar,LGE-only,0.1686098873615265,0.15688073394495414,,-0.03458472341299057,,1,0.012449167668819427,0.07404800541698925,0.6807339449541284,0.8189845474613686,0,0,0.5,1090,,,,,/users/a/e/aereinh/CARE/results/20260707_srr_v3_m8_editor_grade_leaderboard_sprint/runtime/variants/m8_t2_centerC_edema_repair_longrun/proposal_pr_sweep_checkpoint_best.csv,False,m8_t2_centerC_edema_repair_longrun
Case1042,CenterA,checkpoint_best,5,,,906,1.0,0.1668456345796585,myops_scar,LGE-only,0.1686098873615265,0.14763779527559054,,-0.03458472341299057,,2,0.012449167668819427,0.07404800541698925,0.7116141732283464,0.7980132450331126,0,0,0.6,1016,,,,,/users/a/e/aereinh/CARE/results/20260707_srr_v3_m8_editor_grade_leaderboard_sprint/runtime/variants/m8_t2_centerC_edema_repair_longrun/proposal_pr_sweep_checkpoint_best.csv,False,m8_t2_centerC_edema_repair_longrun
Case1042,CenterA,checkpoint_best,5,,,906,1.0,0.1668456345796585,myops_scar,LGE-only,0.1686098873615265,0.13622291021671826,,-0.03458472341299057,,3,0.012449167668819427,0.07404800541698925,0.7285861713106295,0.7792494481236203,0,1,0.7,969,,,,,/users/a/e/aereinh/CARE/results/20260707_srr_v3_m8_editor_grade_leaderboard_sprint/runtime/variants/m8_t2_centerC_edema_repair_longrun/proposal_pr_sweep_checkpoint_best.csv,False,m8_t2_centerC_edema_repair_longrun
Case1042,CenterA,checkpoint_best,4,,,0,,0.3366232216358185,myops_edema,LGE-only,0.4224516451358795,,,0.2772701382637024,,0,2.0611548023907744e-09,2.061153470123145e-09,,,0,0,0.03,0,,,,,/users/a/e/aereinh/CARE/results/20260707_srr_v3_m8_editor_grade_leaderboard_sprint/runtime/variants/m8_t2_centerC_edema_repair_longrun/proposal_pr_sweep_checkpoint_best.csv,False,m8_t2_centerC_edema_repair_longrun
Case1042,CenterA,checkpoint_best,4,,,0,,0.3366232216358185,myops_edema,LGE-only,0.4224516451358795,,,0.2772701382637024,,0,2.0611548023907744e-09,2.061153470123145e-09,,,0,0,0.05,0,,,,,/users/a/e/aereinh/CARE/results/20260707_srr_v3_m8_editor_grade_leaderboard_sprint/runtime/variants/m8_t2_centerC_edema_repair_longrun/proposal_pr_sweep_checkpoint_best.csv,False,m8_t2_centerC_edema_repair_longrun
Case1042,CenterA,checkpoint_best,4,,,0,,0.3366232216358185,myops_edema,LGE-only,0.4224516451358795,,,0.2772701382637024,,0,2.0611548023907744e-09,2.061153470123145e-09,,,0,0,0.1,0,,,,,/users/a/e/aereinh/CARE/results/20260707_srr_v3_m8_editor_grade_leaderboard_sprint/runtime/variants/m8_t2_centerC_edema_repair_longrun/proposal_pr_sweep_checkpoint_best.csv,False,m8_t2_centerC_edema_repair_longrun
Case1042,CenterA,checkpoint_best,4,,,0,,0.3366232216358185,myops_edema,LGE-only,0.4224516451358795,,,0.2772701382637024,,0,2.0611548023907744e-09,2.061153470123145e-09,,,0,0,0.2,0,,,,,/users/a/e/aereinh/CARE/results/20260707_srr_v3_m8_editor_grade_leaderboard_sprint/runtime/variants/m8_t2_centerC_edema_repair_longrun/proposal_pr_sweep_checkpoint_best.csv,False,m8_t2_centerC_edema_repair_longrun
Case1042,CenterA,checkpoint_best,4,,,0,,0.3366232216358185,myops_edema,LGE-only,0.4224516451358795,,,0.2772701382637024,,0,2.0611548023907744e-09,2.061153470123145e-09,,,0,0,0.3,0,,,,,/users/a/e/aereinh/CARE/results/20260707_srr_v3_m8_editor_grade_leaderboard_sprint/runtime/variants/m8_t2_centerC_edema_repair_longrun/proposal_pr_sweep_checkpoint_best.csv,False,m8_t2_centerC_edema_repair_longrun
Case1042,CenterA,checkpoint_best,4,,,0,,0.3366232216358185,myops_edema,LGE-only,0.4224516451358795,,,0.2772701382637024,,0,2.0611548023907744e-09,2.061153470123145e-09,,,0,0,0.4,0,,,,,/users/a/e/aereinh/CARE/results/20260707_srr_v3_m8_editor_grade_leaderboard_sprint/runtime/variants/m8_t2_centerC_edema_repair_longrun/proposal_pr_sweep_checkpoint_best.csv,False,m8_t2_centerC_edema_repair_longrun
Case1042,CenterA,checkpoint_best,4,,,0,,0.3366232216358185,myops_edema,LGE-only,0.4224516451358795,,,0.2772701382637024,,0,2.0611548023907744e-09,2.061153470123145e-09,,,0,0,0.5,0,,,,,/users/a/e/aereinh/CARE/results/20260707_srr_v3_m8_editor_grade_leaderboard_sprint/runtime/variants/m8_t2_centerC_edema_repair_longrun/proposal_pr_sweep_checkpoint_best.csv,False,m8_t2_centerC_edema_repair_longrun
Case1042,CenterA,checkpoint_best,4,,,0,,0.3366232216358185,myops_edema,LGE-only,0.4224516451358795,,,0.2772701382637024,,0,2.0611548023907744e-09,2.061153470123145e-09,,,0,0,0.6,0,,,,,/users/a/e/aereinh/CARE/results/20260707_srr_v3_m8_editor_grade_leaderboard_sprint/runtime/variants/m8_t2_centerC_edema_repair_longrun/proposal_pr_sweep_checkpoint_best.csv,False,m8_t2_centerC_edema_repair_longrun
Case1042,CenterA,checkpoint_best,4,,,0,,0.3366232216358185,myops_edema,LGE-only,0.4224516451358795,,,0.2772701382637024,,0,2.0611548023907744e-09,2.061153470123145e-09,,,0,0,0.7,0,,,,,/users/a/e/aereinh/CARE/results/20260707_srr_v3_m8_editor_grade_leaderboard_sprint/runtime/variants/m8_t2_centerC_edema_repair_longrun/proposal_pr_sweep_checkpoint_best.csv,False,m8_t2_centerC_edema_repair_longrun
Case1045,CenterA,checkpoint_best,5,,,1488,0.7142857142857143,0.17205223441123962,myops_scar,LGE-only,0.17438045144081116,0.7937531613555893,,-0.03209646791219711,,25,0.011893337592482567,0.08240246921777722,0.025182455379723967,0.9368279569892473,18,15,0.03,55356,,,,,/users/a/e/aereinh/CARE/results/20260707_srr_v3_m8_editor_grade_leaderboard_sprint/runtime/variants/m8_t2_centerC_edema_repair_longrun/proposal_pr_sweep_checkpoint_best.csv,False,m8_t2_centerC_edema_repair_longrun
Case1045,CenterA,checkpoint_best,5,,,1488,0.7142857142857143,0.17205223441123962,myops_scar,LGE-only,0.17438045144081116,0.7668867794744807,,-0.03209646791219711,,17,0.011893337592482567,0.08240246921777722,0.031205576191131287,0.9146505376344086,10,10,0.05,43614,,,,,/users/a/e/aereinh/CARE/results/20260707_srr_v3_m8_editor_grade_leaderboard_sprint/runtime/variants/m8_t2_centerC_edema_repair_longrun/proposal_pr_sweep_checkpoint_best.csv,False,m8_t2_centerC_edema_repair_longrun
Case1045,CenterA,checkpoint_best,5,,,1488,0.5714285714285714,0.17205223441123962,myops_scar,LGE-only,0.17438045144081116,0.6992225687817141,,-0.03209646791219711,,44,0.011893337592482567,0.08240246921777722,0.049951119594059866,0.7211021505376344,29,35,0.1,21481,,,,,/users/a/e/aereinh/CARE/results/20260707_srr_v3_m8_editor_grade_leaderboard_sprint/runtime/variants/m8_t2_centerC_edema_repair_longrun/proposal_pr_sweep_checkpoint_best.csv,False,m8_t2_centerC_edema_repair_longrun
Case1045,CenterA,checkpoint_best,5,,,1488,0.5714285714285714,0.17205223441123962,myops_scar,LGE-only,0.17438045144081116,0.2840352595494613,,-0.03209646791219711,,57,0.011893337592482567,0.08240246921777722,0.14397649363369247,0.1975806451612903,9,49,0.2,2042,,,,,/users/a/e/aereinh/CARE/results/20260707_srr_v3_m8_editor_grade_leaderboard_sprint/runtime/variants/m8_t2_centerC_edema_repair_longrun/proposal_pr_sweep_checkpoint_best.csv,False,m8_t2_centerC_edema_repair_longrun
Case1045,CenterA,checkpoint_best,5,,,1488,0.5714285714285714,0.17205223441123962,myops_scar,LGE-only,0.17438045144081116,0.026515151515151516,,-0.03209646791219711,,19,0.011893337592482567,0.08240246921777722,0.21306818181818182,0.15120967741935484,2,18,0.3,1056,,,,,/users/a/e/aereinh/CARE/results/20260707_srr_v3_m8_editor_grade_leaderboard_sprint/runtime/variants/m8_t2_centerC_edema_repair_longrun/proposal_pr_sweep_checkpoint_best.csv,False,m8_t2_centerC_edema_repair_longrun
Case1045,CenterA,checkpoint_best,5,,,1488,0.5714285714285714,0.17205223441123962,myops_scar,LGE-only,0.17438045144081116,0.026018099547511313,,-0.03209646791219711,,17,0.011893337592482567,0.08240246921777722,0.22624434389140272,0.13440860215053763,1,13,0.4,884,,,,,/users/a/e/aereinh/CARE/results/20260707_srr_v3_m8_editor_grade_leaderboard_sprint/runtime/variants/m8_t2_centerC_edema_repair_longrun/proposal_pr_sweep_checkpoint_best.csv,False,m8_t2_centerC_edema_repair_longrun
Case1045,CenterA,checkpoint_best,5,,,1488,0.5714285714285714,0.17205223441123962,myops_scar,LGE-only,0.17438045144081116,0.026525198938992044,,-0.03209646791219711,,18,0.011893337592482567,0.08240246921777722,0.23740053050397877,0.12029569892473119,5,13,0.5,754,,,,,/users/a/e/aereinh/CARE/results/20260707_srr_v3_m8_editor_grade_leaderboard_sprint/runtime/variants/m8_t2_centerC_edema_repair_longrun/proposal_pr_sweep_checkpoint_best.csv,False,m8_t2_centerC_edema_repair_longrun
Case1045,CenterA,checkpoint_best,5,,,1488,0.5714285714285714,0.17205223441123962,myops_scar,LGE-only,0.17438045144081116,0.02627511591962906,,-0.03209646791219711,,10,0.011893337592482567,0.08240246921777722,0.23956723338485317,0.10416666666666667,4,5,0.6,647,,,,,/users/a/e/aereinh/CARE/results/20260707_srr_v3_m8_editor_grade_leaderboard_sprint/runtime/variants/m8_t2_centerC_edema_repair_longrun/proposal_pr_sweep_checkpoint_best.csv,False,m8_t2_centerC_edema_repair_longrun
Case1045,CenterA,checkpoint_best,5,,,1488,0.5714285714285714,0.17205223441123962,myops_scar,LGE-only,0.17438045144081116,0.023465703971119134,,-0.03209646791219711,,6,0.011893337592482567,0.08240246921777722,0.24007220216606498,0.08938172043010753,1,1,0.7,554,,,,,/users/a/e/aereinh/CARE/results/20260707_srr_v3_m8_editor_grade_leaderboard_sprint/runtime/variants/m8_t2_centerC_edema_repair_longrun/proposal_pr_sweep_checkpoint_best.csv,False,m8_t2_centerC_edema_repair_longrun
Case1045,CenterA,checkpoint_best,4,,,0,,0.33506470918655396,myops_edema,LGE-only,0.4079541265964508,,,0.25207531452178955,,0,2.0611552464799843e-09,2.061153470123145e-09,,,0,0,0.03,0,,,,,/users/a/e/aereinh/CARE/results/20260707_srr_v3_m8_editor_grade_leaderboard_sprint/runtime/variants/m8_t2_centerC_edema_repair_longrun/proposal_pr_sweep_checkpoint_best.csv,False,m8_t2_centerC_edema_repair_longrun
Case1045,CenterA,checkpoint_best,4,,,0,,0.33506470918655396,myops_edema,LGE-only,0.4079541265964508,,,0.25207531452178955,,0,2.0611552464799843e-09,2.061153470123145e-09,,,0,0,0.05,0,,,,,/users/a/e/aereinh/CARE/results/20260707_srr_v3_m8_editor_grade_leaderboard_sprint/runtime/variants/m8_t2_centerC_edema_repair_longrun/proposal_pr_sweep_checkpoint_best.csv,False,m8_t2_centerC_edema_repair_longrun
Case1045,CenterA,checkpoint_best,4,,,0,,0.33506470918655396,myops_edema,LGE-only,0.4079541265964508,,,0.25207531452178955,,0,2.0611552464799843e-09,2.061153470123145e-09,,,0,0,0.1,0,,,,,/users/a/e/aereinh/CARE/results/20260707_srr_v3_m8_editor_grade_leaderboard_sprint/runtime/variants/m8_t2_centerC_edema_repair_longrun/proposal_pr_sweep_checkpoint_best.csv,False,m8_t2_centerC_edema_repair_longrun
Case1045,CenterA,checkpoint_best,4,,,0,,0.33506470918655396,myops_edema,LGE-only,0.4079541265964508,,,0.25207531452178955,,0,2.0611552464799843e-09,2.061153470123145e-09,,,0,0,0.2,0,,,,,/users/a/e/aereinh/CARE/results/20260707_srr_v3_m8_editor_grade_leaderboard_sprint/runtime/variants/m8_t2_centerC_edema_repair_longrun/proposal_pr_sweep_checkpoint_best.csv,False,m8_t2_centerC_edema_repair_longrun
Case1045,CenterA,checkpoint_best,4,,,0,,0.33506470918655396,myops_edema,LGE-only,0.4079541265964508,,,0.25207531452178955,,0,2.0611552464799843e-09,2.061153470123145e-09,,,0,0,0.3,0,,,,,/users/a/e/aereinh/CARE/results/20260707_srr_v3_m8_editor_grade_leaderboard_sprint/runtime/variants/m8_t2_centerC_edema_repair_longrun/proposal_pr_sweep_checkpoint_best.csv,False,m8_t2_centerC_edema_repair_longrun
Case1045,CenterA,checkpoint_best,4,,,0,,0.33506470918655396,myops_edema,LGE-only,0.4079541265964508,,,0.25207531452178955,,0,2.0611552464799843e-09,2.061153470123145e-09,,,0,0,0.4,0,,,,,/users/a/e/aereinh/CARE/results/20260707_srr_v3_m8_editor_grade_leaderboard_sprint/runtime/variants/m8_t2_centerC_edema_repair_longrun/proposal_pr_sweep_checkpoint_best.csv,False,m8_t2_centerC_edema_repair_longrun
Case1045,CenterA,checkpoint_best,4,,,0,,0.33506470918655396,myops_edema,LGE-only,0.4079541265964508,,,0.25207531452178955,,0,2.0611552464799843e-09,2.061153470123145e-09,,,0,0,0.5,0,,,,,/users/a/e/aereinh/CARE/results/20260707_srr_v3_m8_editor_grade_leaderboard_sprint/runtime/variants/m8_t2_centerC_edema_repair_longrun/proposal_pr_sweep_checkpoint_best.csv,False,m8_t2_centerC_edema_repair_longrun
Case1045,CenterA,checkpoint_best,4,,,0,,0.33506470918655396,myops_edema,LGE-only,0.4079541265964508,,,0.25207531452178955,,0,2.0611552464799843e-09,2.061153470123145e-09,,,0,0,0.6,0,,,,,/users/a/e/aereinh/CARE/results/20260707_srr_v3_m8_editor_grade_leaderboard_sprint/runtime/variants/m8_t2_centerC_edema_repair_longrun/proposal_pr_sweep_checkpoint_best.csv,False,m8_t2_centerC_edema_repair_longrun
Case1045,CenterA,checkpoint_best,4,,,0,,0.33506470918655396,myops_edema,LGE-only,0.4079541265964508,,,0.25207531452178955,,0,2.0611552464799843e-09,2.061153470123145e-09,,,0,0,0.7,0,,,,,/users/a/e/aereinh/CARE/results/20260707_srr_v3_m8_editor_grade_leaderboard_sprint/runtime/variants/m8_t2_centerC_edema_repair_longrun/proposal_pr_sweep_checkpoint_best.csv,False,m8_t2_centerC_edema_repair_longrun
Case1047,CenterA,checkpoint_best,5,,,6704,0.5714285714285714,0.17085708677768707,myops_scar,LGE-only,0.17322005331516266,0.844413188538532,,-0.0335068441927433,,57,0.014867422170937061,0.09229347743093966,0.04030485411487636,0.9190035799522673,56,48,0.03,152860,,,,,/users/a/e/aereinh/CARE/results/20260707_srr_v3_m8_editor_grade_leaderboard_sprint/runtime/variants/m8_t2_centerC_edema_repair_longrun/proposal_pr_sweep_checkpoint_best.csv,False,m8_t2_centerC_edema_repair_longrun
Case1047,CenterA,checkpoint_best,5,,,6704,0.5714285714285714,0.17085708677768707,myops_scar,LGE-only,0.17322005331516266,0.8219852602859149,,-0.0335068441927433,,55,0.014867422170937061,0.09229347743093966,0.04815834295262465,0.8899164677804295,51,39,0.05,123883,,,,,/users/a/e/aereinh/CARE/results/20260707_srr_v3_m8_editor_grade_leaderboard_sprint/runtime/variants/m8_t2_centerC_edema_repair_longrun/proposal_pr_sweep_checkpoint_best.csv,False,m8_t2_centerC_edema_repair_longrun
Case1047,CenterA,checkpoint_best,5,,,6704,0.42857142857142855,0.17085708677768707,myops_scar,LGE-only,0.17322005331516266,0.7532779316712834,,-0.0335068441927433,,207,0.014867422170937061,0.09229347743093966,0.0792385822856737,0.8320405727923628,161,200,0.1,70395,,,,,/users/a/e/aereinh/CARE/results/20260707_srr_v3_m8_editor_grade_leaderboard_sprint/runtime/variants/m8_t2_centerC_edema_repair_longrun/proposal_pr_sweep_checkpoint_best.csv,False,m8_t2_centerC_edema_repair_longrun
Case1047,CenterA,checkpoint_best,5,,,6704,0.14285714285714285,0.17085708677768707,myops_scar,LGE-only,0.17322005331516266,0.33574337239258706,,-0.0335068441927433,,218,0.014867422170937061,0.09229347743093966,0.3958281392836367,0.7104713603818615,83,205,0.2,12033,,,,,/users/a/e/aereinh/CARE/results/20260707_srr_v3_m8_editor_grade_leaderboard_sprint/runtime/variants/m8_t2_centerC_edema_repair_longrun/proposal_pr_sweep_checkpoint_best.csv,False,m8_t2_centerC_edema_repair_longrun
Case1047,CenterA,checkpoint_best,5,,,6704,0.14285714285714285,0.17085708677768707,myops_scar,LGE-only,0.17322005331516266,0.10431309904153355,,-0.0335068441927433,,16,0.014867422170937061,0.09229347743093966,0.69185303514377,0.6460322195704057,0,12,0.3,6260,,,,,/users/a/e/aereinh/CARE/results/20260707_srr_v3_m8_editor_grade_leaderboard_sprint/runtime/variants/m8_t2_centerC_edema_repair_longrun/proposal_pr_sweep_checkpoint_best.csv,False,m8_t2_centerC_edema_repair_longrun
Case1047,CenterA,checkpoint_best,5,,,6704,0.14285714285714285,0.17085708677768707,myops_scar,LGE-only,0.17322005331516266,0.09141723764875587,,-0.0335068441927433,,8,0.014867422170937061,0.09229347743093966,0.7399927875946628,0.6121718377088305,0,3,0.4,5546,,,,,/users/a/e/aereinh/CARE/results/20260707_srr_v3_m8_editor_grade_leaderboard_sprint/runtime/variants/m8_t2_centerC_edema_repair_longrun/proposal_pr_sweep_checkpoint_best.csv,False,m8_t2_centerC_edema_repair_longrun
Case1047,CenterA,checkpoint_best,5,,,6704,0.14285714285714285,0.17085708677768707,myops_scar,LGE-only,0.17322005331516266,0.08387477849970466,,-0.0335068441927433,,10,0.014867422170937061,0.09229347743093966,0.7706241386099626,0.5838305489260143,0,6,0.5,5079,,,,,/users/a/e/aereinh/CARE/results/20260707_srr_v3_m8_editor_grade_leaderboard_sprint/runtime/variants/m8_t2_centerC_edema_repair_longrun/proposal_pr_sweep_checkpoint_best.csv,False,m8_t2_centerC_edema_repair_longrun
Case1047,CenterA,checkpoint_best,5,,,6704,0.14285714285714285,0.17085708677768707,myops_scar,LGE-only,0.17322005331516266,0.07631802721088435,,-0.0335068441927433,,11,0.014867422170937061,0.09229347743093966,0.795280612244898,0.5580250596658711,0,7,0.6,4704,,,,,/users/a/e/aereinh/CARE/results/20260707_srr_v3_m8_editor_grade_leaderboard_sprint/runtime/variants/m8_t2_centerC_edema_repair_longrun/proposal_pr_sweep_checkpoint_best.csv,False,m8_t2_centerC_edema_repair_longrun
Case1047,CenterA,checkpoint_best,5,,,6704,0.14285714285714285,0.17085708677768707,myops_scar,LGE-only,0.17322005331516266,0.07090408444240477,,-0.0335068441927433,,11,0.014867422170937061,0.09229347743093966,0.8155117026158788,0.5301312649164678,0,5,0.7,4358,,,,,/users/a/e/aereinh/CARE/results/20260707_srr_v3_m8_editor_grade_leaderboard_sprint/runtime/variants/m8_t2_centerC_edema_repair_longrun/proposal_pr_sweep_checkpoint_best.csv,False,m8_t2_centerC_edema_repair_longrun
Case1047,CenterA,checkpoint_best,4,,,0,,0.330939918756485,myops_edema,LGE-only,0.4091399908065796,,,0.2564484477043152,,0,2.061150361498676e-09,2.061153470123145e-09,,,0,0,0.03,0,,,,,/users/a/e/aereinh/CARE/results/20260707_srr_v3_m8_editor_grade_leaderboard_sprint/runtime/variants/m8_t2_centerC_edema_repair_longrun/proposal_pr_sweep_checkpoint_best.csv,False,m8_t2_centerC_edema_repair_longrun
Case1047,CenterA,checkpoint_best,4,,,0,,0.330939918756485,myops_edema,LGE-only,0.4091399908065796,,,0.2564484477043152,,0,2.061150361498676e-09,2.061153470123145e-09,,,0,0,0.05,0,,,,,/users/a/e/aereinh/CARE/results/20260707_srr_v3_m8_editor_grade_leaderboard_sprint/runtime/variants/m8_t2_centerC_edema_repair_longrun/proposal_pr_sweep_checkpoint_best.csv,False,m8_t2_centerC_edema_repair_longrun
Case1047,CenterA,checkpoint_best,4,,,0,,0.330939918756485,myops_edema,LGE-only,0.4091399908065796,,,0.2564484477043152,,0,2.061150361498676e-09,2.061153470123145e-09,,,0,0,0.1,0,,,,,/users/a/e/aereinh/CARE/results/20260707_srr_v3_m8_editor_grade_leaderboard_sprint/runtime/variants/m8_t2_centerC_edema_repair_longrun/proposal_pr_sweep_checkpoint_best.csv,False,m8_t2_centerC_edema_repair_longrun
Case1047,CenterA,checkpoint_best,4,,,0,,0.330939918756485,myops_edema,LGE-only,0.4091399908065796,,,0.2564484477043152,,0,2.061150361498676e-09,2.061153470123145e-09,,,0,0,0.2,0,,,,,/users/a/e/aereinh/CARE/results/20260707_srr_v3_m8_editor_grade_leaderboard_sprint/runtime/variants/m8_t2_centerC_edema_repair_longrun/proposal_pr_sweep_checkpoint_best.csv,False,m8_t2_centerC_edema_repair_longrun
Case1047,CenterA,checkpoint_best,4,,,0,,0.330939918756485,myops_edema,LGE-only,0.4091399908065796,,,0.2564484477043152,,0,2.061150361498676e-09,2.061153470123145e-09,,,0,0,0.3,0,,,,,/users/a/e/aereinh/CARE/results/20260707_srr_v3_m8_editor_grade_leaderboard_sprint/runtime/variants/m8_t2_centerC_edema_repair_longrun/proposal_pr_sweep_checkpoint_best.csv,False,m8_t2_centerC_edema_repair_longrun
Case1047,CenterA,checkpoint_best,4,,,0,,0.330939918756485,myops_edema,LGE-only,0.4091399908065796,,,0.2564484477043152,,0,2.061150361498676e-09,2.061153470123145e-09,,,0,0,0.4,0,,,,,/users/a/e/aereinh/CARE/results/20260707_srr_v3_m8_editor_grade_leaderboard_sprint/runtime/variants/m8_t2_centerC_edema_repair_longrun/proposal_pr_sweep_checkpoint_best.csv,False,m8_t2_centerC_edema_repair_longrun
Case1047,CenterA,checkpoint_best,4,,,0,,0.330939918756485,myops_edema,LGE-only,0.4091399908065796,,,0.2564484477043152,,0,2.061150361498676e-09,2.061153470123145e-09,,,0,0,0.5,0,,,,,/users/a/e/aereinh/CARE/results/20260707_srr_v3_m8_editor_grade_leaderboard_sprint/runtime/variants/m8_t2_centerC_edema_repair_longrun/proposal_pr_sweep_checkpoint_best.csv,False,m8_t2_centerC_edema_repair_longrun
Case1047,CenterA,checkpoint_best,4,,,0,,0.330939918756485,myops_edema,LGE-only,0.4091399908065796,,,0.2564484477043152,,0,2.061150361498676e-09,2.061153470123145e-09,,,0,0,0.6,0,,,,,/users/a/e/aereinh/CARE/results/20260707_srr_v3_m8_editor_grade_leaderboard_sprint/runtime/variants/m8_t2_centerC_edema_repair_longrun/proposal_pr_sweep_checkpoint_best.csv,False,m8_t2_centerC_edema_repair_longrun
Case1047,CenterA,checkpoint_best,4,,,0,,0.330939918756485,myops_edema,LGE-only,0.4091399908065796,,,0.2564484477043152,,0,2.061150361498676e-09,2.061153470123145e-09,,,0,0,0.7,0,,,,,/users/a/e/aereinh/CARE/results/20260707_srr_v3_m8_editor_grade_leaderboard_sprint/runtime/variants/m8_t2_centerC_edema_repair_longrun/proposal_pr_sweep_checkpoint_best.csv,False,m8_t2_centerC_edema_repair_longrun
Case2002,CenterB,checkpoint_best,5,,,998,1.0,0.14260853826999664,myops_scar,C0+LGE+T2,0.14465712010860443,0.9381246245426247,,-0.02962004579603672,,80,0.0072996970266103745,0.027105842344462852,0.031893397411392056,0.5851703406813628,66,42,0.03,18311,,,,,/users/a/e/aereinh/CARE/results/20260707_srr_v3_m8_editor_grade_leaderboard_sprint/runtime/broad_eval/variants/m8_t2_centerC_edema_repair_longrun/proposal_pr_sweep_checkpoint_best.csv,True,m8_t2_centerC_edema_repair_longrun
Case2002,CenterB,checkpoint_best,5,,,998,1.0,0.14260853826999664,myops_scar,C0+LGE+T2,0.14465712010860443,0.8973231357552581,,-0.02962004579603672,,68,0.0072996970266103745,0.027105842344462852,0.05583173996175908,0.5851703406813628,53,34,0.05,10460,,,,,/users/a/e/aereinh/CARE/results/20260707_srr_v3_m8_editor_grade_leaderboard_sprint/runtime/broad_eval/variants/m8_t2_centerC_edema_repair_longrun/proposal_pr_sweep_checkpoint_best.csv,True,m8_t2_centerC_edema_repair_longrun
Case2002,CenterB,checkpoint_best,5,,,998,1.0,0.14260853826999664,myops_scar,C0+LGE+T2,0.14465712010860443,0.5457715780296426,,-0.02962004579603672,,37,0.0072996970266103745,0.027105842344462852,0.25414123801220573,0.5841683366733467,30,23,0.1,2294,,,,,/users/a/e/aereinh/CARE/results/20260707_srr_v3_m8_editor_grade_leaderboard_sprint/runtime/broad_eval/variants/m8_t2_centerC_edema_repair_longrun/proposal_pr_sweep_checkpoint_best.csv,True,m8_t2_centerC_edema_repair_longrun
Case2002,CenterB,checkpoint_best,5,,,998,1.0,0.14260853826999664,myops_scar,C0+LGE+T2,0.14465712010860443,0.043601895734597156,,-0.02962004579603672,,5,0.0072996970266103745,0.027105842344462852,0.5497630331753555,0.5811623246492986,1,3,0.2,1055,,,,,/users/a/e/aereinh/CARE/results/20260707_srr_v3_m8_editor_grade_leaderboard_sprint/runtime/broad_eval/variants/m8_t2_centerC_edema_repair_longrun/proposal_pr_sweep_checkpoint_best.csv,True,m8_t2_centerC_edema_repair_longrun
Case2002,CenterB,checkpoint_best,5,,,998,1.0,0.14260853826999664,myops_scar,C0+LGE+T2,0.14465712010860443,0.033106134371957155,,-0.02962004579603672,,5,0.0072996970266103745,0.027105842344462852,0.560856864654333,0.5771543086172345,0,3,0.3,1027,,,,,/users/a/e/aereinh/CARE/results/20260707_srr_v3_m8_editor_grade_leaderboard_sprint/runtime/broad_eval/variants/m8_t2_centerC_edema_repair_longrun/proposal_pr_sweep_checkpoint_best.csv,True,m8_t2_centerC_edema_repair_longrun
Case2002,CenterB,checkpoint_best,5,,,998,1.0,0.14260853826999664,myops_scar,C0+LGE+T2,0.14465712010860443,0.033663366336633666,,-0.02962004579603672,,5,0.0072996970266103745,0.027105842344462852,0.5663366336633663,0.5731462925851704,0,3,0.4,1010,,,,,/users/a/e/aereinh/CARE/results/20260707_srr_v3_m8_editor_grade_leaderboard_sprint/runtime/broad_eval/variants/m8_t2_centerC_edema_repair_longrun/proposal_pr_sweep_checkpoint_best.csv,True,m8_t2_centerC_edema_repair_longrun
Case2002,CenterB,checkpoint_best,5,,,998,1.0,0.14260853826999664,myops_scar,C0+LGE+T2,0.14465712010860443,0.03343465045592705,,-0.02962004579603672,,5,0.0072996970266103745,0.027105842344462852,0.5734549138804458,0.5671342685370742,0,3,0.5,987,,,,,/users/a/e/aereinh/CARE/results/20260707_srr_v3_m8_editor_grade_leaderboard_sprint/runtime/broad_eval/variants/m8_t2_centerC_edema_repair_longrun/proposal_pr_sweep_checkpoint_best.csv,True,m8_t2_centerC_edema_repair_longrun
Case2002,CenterB,checkpoint_best,5,,,998,1.0,0.14260853826999664,myops_scar,C0+LGE+T2,0.14465712010860443,0.0322234156820623,,-0.02962004579603672,,5,0.0072996970266103745,0.027105842344462852,0.5918367346938775,0.5521042084168337,0,3,0.6,931,,,,,/users/a/e/aereinh/CARE/results/20260707_srr_v3_m8_editor_grade_leaderboard_sprint/runtime/broad_eval/variants/m8_t2_centerC_edema_repair_longrun/proposal_pr_sweep_checkpoint_best.csv,True,m8_t2_centerC_edema_repair_longrun
Case2002,CenterB,checkpoint_best,5,,,998,1.0,0.14260853826999664,myops_scar,C0+LGE+T2,0.14465712010860443,0.0353356890459364,,-0.02962004579603672,,6,0.0072996970266103745,0.027105842344462852,0.6042402826855123,0.5140280561122245,0,3,0.7,849,,,,,/users/a/e/aereinh/CARE/results/20260707_srr_v3_m8_editor_grade_leaderboard_sprint/runtime/broad_eval/variants/m8_t2_centerC_edema_repair_longrun/proposal_pr_sweep_checkpoint_best.csv,True,m8_t2_centerC_edema_repair_longrun
Case2002,CenterB,checkpoint_best,4,,,3016,0.6,0.35020652413368225,myops_edema,C0+LGE+T2,0.3892676532268524,0.8471017800091283,,0.19484420120716095,,127,0.016304684802889824,0.0387971147894859,0.08758972656736234,0.6999336870026526,106,68,0.03,24101,,,,,/users/a/e/aereinh/CARE/results/20260707_srr_v3_m8_editor_grade_leaderboard_sprint/runtime/broad_eval/variants/m8_t2_centerC_edema_repair_longrun/proposal_pr_sweep_checkpoint_best.csv,True,m8_t2_centerC_edema_repair_longrun
Case2002,CenterB,checkpoint_best,4,,,3016,0.6,0.35020652413368225,myops_edema,C0+LGE+T2,0.3892676532268524,0.8075336322869955,,0.19484420120716095,,88,0.016304684802889824,0.0387971147894859,0.11629297458893871,0.644893899204244,73,42,0.05,16725,,,,,/users/a/e/aereinh/CARE/results/20260707_srr_v3_m8_editor_grade_leaderboard_sprint/runtime/broad_eval/variants/m8_t2_centerC_edema_repair_longrun/proposal_pr_sweep_checkpoint_best.csv,True,m8_t2_centerC_edema_repair_longrun
Case2002,CenterB,checkpoint_best,4,,,3016,0.6,0.35020652413368225,myops_edema,C0+LGE+T2,0.3892676532268524,0.7453664897084846,,0.19484420120716095,,47,0.016304684802889824,0.0387971147894859,0.16866908819968335,0.6004641909814323,37,29,0.1,10737,,,,,/users/a/e/aereinh/CARE/results/20260707_srr_v3_m8_editor_grade_leaderboard_sprint/runtime/broad_eval/variants/m8_t2_centerC_edema_repair_longrun/proposal_pr_sweep_checkpoint_best.csv,True,m8_t2_centerC_edema_repair_longrun
Case2002,CenterB,checkpoint_best,4,,,3016,0.6,0.35020652413368225,myops_edema,C0+LGE+T2,0.3892676532268524,0.650126867775585,,0.19484420120716095,,14,0.016304684802889824,0.0387971147894859,0.24245841556244713,0.5702917771883289,11,9,0.2,7094,,,,,/users/a/e/aereinh/CARE/results/20260707_srr_v3_m8_editor_grade_leaderboard_sprint/runtime/broad_eval/variants/m8_t2_centerC_edema_repair_longrun/proposal_pr_sweep_checkpoint_best.csv,True,m8_t2_centerC_edema_repair_longrun
Case2002,CenterB,checkpoint_best,4,,,3016,0.4,0.35020652413368225,myops_edema,C0+LGE+T2,0.3892676532268524,0.552207693765397,,0.19484420120716095,,14,0.016304684802889824,0.0387971147894859,0.3174151980291832,0.5553713527851459,10,8,0.3,5277,,,,,/users/a/e/aereinh/CARE/results/20260707_srr_v3_m8_editor_grade_leaderboard_sprint/runtime/broad_eval/variants/m8_t2_centerC_edema_repair_longrun/proposal_pr_sweep_checkpoint_best.csv,True,m8_t2_centerC_edema_repair_longrun
Case2002,CenterB,checkpoint_best,4,,,3016,0.4,0.35020652413368225,myops_edema,C0+LGE+T2,0.3892676532268524,0.4051123160340821,,0.19484420120716095,,15,0.016304684802889824,0.0387971147894859,0.42370255615801705,0.5440981432360743,10,8,0.4,3873,,,,,/users/a/e/aereinh/CARE/results/20260707_srr_v3_m8_editor_grade_leaderboard_sprint/runtime/broad_eval/variants/m8_t2_centerC_edema_repair_longrun/proposal_pr_sweep_checkpoint_best.csv,True,m8_t2_centerC_edema_repair_longrun
Case2002,CenterB,checkpoint_best,4,,,3016,0.4,0.35020652413368225,myops_edema,C0+LGE+T2,0.3892676532268524,0.30991101564897205,,0.19484420120716095,,9,0.016304684802889824,0.0387971147894859,0.49401656949984657,0.5338196286472149,4,7,0.5,3259,,,,,/users/a/e/aereinh/CARE/results/20260707_srr_v3_m8_editor_grade_leaderboard_sprint/runtime/broad_eval/variants/m8_t2_centerC_edema_repair_longrun/proposal_pr_sweep_checkpoint_best.csv,True,m8_t2_centerC_edema_repair_longrun
Case2002,CenterB,checkpoint_best,4,,,3016,0.4,0.35020652413368225,myops_edema,C0+LGE+T2,0.3892676532268524,0.26531964226565086,,0.19484420120716095,,6,0.016304684802889824,0.0387971147894859,0.5260019874130507,0.5265251989389921,1,4,0.6,3019,,,,,/users/a/e/aereinh/CARE/results/20260707_srr_v3_m8_editor_grade_leaderboard_sprint/runtime/broad_eval/variants/m8_t2_centerC_edema_repair_longrun/proposal_pr_sweep_checkpoint_best.csv,True,m8_t2_centerC_edema_repair_longrun
Case2002,CenterB,checkpoint_best,4,,,3016,0.4,0.35020652413368225,myops_edema,C0+LGE+T2,0.3892676532268524,0.2338794004879749,,0.19484420120716095,,7,0.016304684802889824,0.0387971147894859,0.5486232136632974,0.5218832891246684,2,5,0.7,2869,,,,,/users/a/e/aereinh/CARE/results/20260707_srr_v3_m8_editor_grade_leaderboard_sprint/runtime/broad_eval/variants/m8_t2_centerC_edema_repair_longrun/proposal_pr_sweep_checkpoint_best.csv,True,m8_t2_centerC_edema_repair_longrun
Case2007,CenterB,checkpoint_best,5,,,1303,1.0,0.14613991975784302,myops_scar,C0+LGE+T2,0.1495802253484726,0.6772361571225746,,-0.0270062368363142,,34,0.010351630859076977,0.03269108515232778,0.08424041646947468,0.5464313123561013,20,19,0.03,8452,,,,,/users/a/e/aereinh/CARE/results/20260707_srr_v3_m8_editor_grade_leaderboard_sprint/runtime/broad_eval/variants/m8_t2_centerC_edema_repair_longrun/proposal_pr_sweep_checkpoint_best.csv,True,m8_t2_centerC_edema_repair_longrun
Case2007,CenterB,checkpoint_best,5,,,1303,1.0,0.14613991975784302,myops_scar,C0+LGE+T2,0.1495802253484726,0.5998934469898775,,-0.0270062368363142,,34,0.010351630859076977,0.03269108515232778,0.1168531344343811,0.5049884881043745,17,24,0.05,5631,,,,,/users/a/e/aereinh/CARE/results/20260707_srr_v3_m8_editor_grade_leaderboard_sprint/runtime/broad_eval/variants/m8_t2_centerC_edema_repair_longrun/proposal_pr_sweep_checkpoint_best.csv,True,m8_t2_centerC_edema_repair_longrun
Case2007,CenterB,checkpoint_best,5,,,1303,1.0,0.14613991975784302,myops_scar,C0+LGE+T2,0.1495802253484726,0.3568147013782542,,-0.0270062368363142,,24,0.010351630859076977,0.03269108515232778,0.28586013272077593,0.4297774366845741,14,13,0.1,1959,,,,,/users/a/e/aereinh/CARE/results/20260707_srr_v3_m8_editor_grade_leaderboard_sprint/runtime/broad_eval/variants/m8_t2_centerC_edema_repair_longrun/proposal_pr_sweep_checkpoint_best.csv,True,m8_t2_centerC_edema_repair_longrun
Case2007,CenterB,checkpoint_best,5,,,1303,1.0,0.14613991975784302,myops_scar,C0+LGE+T2,0.1495802253484726,0.01647058823529412,,-0.0270062368363142,,6,0.010351630859076977,0.03269108515232778,0.6164705882352941,0.40214888718342284,1,3,0.2,850,,,,,/users/a/e/aereinh/CARE/results/20260707_srr_v3_m8_editor_grade_leaderboard_sprint/runtime/broad_eval/variants/m8_t2_centerC_edema_repair_longrun/proposal_pr_sweep_checkpoint_best.csv,True,m8_t2_centerC_edema_repair_longrun
Case2007,CenterB,checkpoint_best,5,,,1303,1.0,0.14613991975784302,myops_scar,C0+LGE+T2,0.1495802253484726,0.0,,-0.0270062368363142,,4,0.010351630859076977,0.03269108515232778,0.6291718170580964,0.3906369915579432,0,1,0.3,809,,,,,/users/a/e/aereinh/CARE/results/20260707_srr_v3_m8_editor_grade_leaderboard_sprint/runtime/broad_eval/variants/m8_t2_centerC_edema_repair_longrun/proposal_pr_sweep_checkpoint_best.csv,True,m8_t2_centerC_edema_repair_longrun
Case2007,CenterB,checkpoint_best,5,,,1303,1.0,0.14613991975784302,myops_scar,C0+LGE+T2,0.1495802253484726,0.0,,-0.0270062368363142,,4,0.010351630859076977,0.03269108515232778,0.6327044025157232,0.3860322333077513,0,1,0.4,795,,,,,/users/a/e/aereinh/CARE/results/20260707_srr_v3_m8_editor_grade_leaderboard_sprint/runtime/broad_eval/variants/m8_t2_centerC_edema_repair_longrun/proposal_pr_sweep_checkpoint_best.csv,True,m8_t2_centerC_edema_repair_longrun
Case2007,CenterB,checkpoint_best,5,,,1303,1.0,0.14613991975784302,myops_scar,C0+LGE+T2,0.1495802253484726,0.0,,-0.0270062368363142,,4,0.010351630859076977,0.03269108515232778,0.632183908045977,0.37989255564082886,0,1,0.5,783,,,,,/users/a/e/aereinh/CARE/results/20260707_srr_v3_m8_editor_grade_leaderboard_sprint/runtime/broad_eval/variants/m8_t2_centerC_edema_repair_longrun/proposal_pr_sweep_checkpoint_best.csv,True,m8_t2_centerC_edema_repair_longrun
Case2007,CenterB,checkpoint_best,5,,,1303,1.0,0.14613991975784302,myops_scar,C0+LGE+T2,0.1495802253484726,0.0,,-0.0270062368363142,,5,0.010351630859076977,0.03269108515232778,0.6350649350649351,0.375287797390637,0,1,0.6,770,,,,,/users/a/e/aereinh/CARE/results/20260707_srr_v3_m8_editor_grade_leaderboard_sprint/runtime/broad_eval/variants/m8_t2_centerC_edema_repair_longrun/proposal_pr_sweep_checkpoint_best.csv,True,m8_t2_centerC_edema_repair_longrun
Case2007,CenterB,checkpoint_best,5,,,1303,1.0,0.14613991975784302,myops_scar,C0+LGE+T2,0.1495802253484726,0.0,,-0.0270062368363142,,6,0.010351630859076977,0.03269108515232778,0.6377005347593583,0.36607828089025324,0,2,0.7,748,,,,,/users/a/e/aereinh/CARE/results/20260707_srr_v3_m8_editor_grade_leaderboard_sprint/runtime/broad_eval/variants/m8_t2_centerC_edema_repair_longrun/proposal_pr_sweep_checkpoint_best.csv,True,m8_t2_centerC_edema_repair_longrun
Case2007,CenterB,checkpoint_best,4,,,1462,0.875,0.3506935238838196,myops_edema,C0+LGE+T2,0.38466113805770874,0.6954685538180573,,0.17999160289764404,,52,0.015852099284529686,0.03425843380391589,0.13012213217669216,0.7797537619699042,35,31,0.03,8761,,,,,/users/a/e/aereinh/CARE/results/20260707_srr_v3_m8_editor_grade_leaderboard_sprint/runtime/broad_eval/variants/m8_t2_centerC_edema_repair_longrun/proposal_pr_sweep_checkpoint_best.csv,True,m8_t2_centerC_edema_repair_longrun
Case2007,CenterB,checkpoint_best,4,,,1462,0.75,0.3506935238838196,myops_edema,C0+LGE+T2,0.38466113805770874,0.625,,0.17999160289764404,,34,0.015852099284529686,0.03425843380391589,0.17529107373868047,0.7414500683994528,20,23,0.05,6184,,,,,/users/a/e/aereinh/CARE/results/20260707_srr_v3_m8_editor_grade_leaderboard_sprint/runtime/broad_eval/variants/m8_t2_centerC_edema_repair_longrun/proposal_pr_sweep_checkpoint_best.csv,True,m8_t2_centerC_edema_repair_longrun
Case2007,CenterB,checkpoint_best,4,,,1462,0.75,0.3506935238838196,myops_edema,C0+LGE+T2,0.38466113805770874,0.5341052101686383,,0.17999160289764404,,21,0.015852099284529686,0.03425843380391589,0.2431412031210672,0.6607387140902873,7,13,0.1,3973,,,,,/users/a/e/aereinh/CARE/results/20260707_srr_v3_m8_editor_grade_leaderboard_sprint/runtime/broad_eval/variants/m8_t2_centerC_edema_repair_longrun/proposal_pr_sweep_checkpoint_best.csv,True,m8_t2_centerC_edema_repair_longrun
Case2007,CenterB,checkpoint_best,4,,,1462,0.75,0.3506935238838196,myops_edema,C0+LGE+T2,0.38466113805770874,0.3995253164556962,,0.17999160289764404,,21,0.015852099284529686,0.03425843380391589,0.3528481012658228,0.6101231190150479,6,12,0.2,2528,,,,,/users/a/e/aereinh/CARE/results/20260707_srr_v3_m8_editor_grade_leaderboard_sprint/runtime/broad_eval/variants/m8_t2_centerC_edema_repair_longrun/proposal_pr_sweep_checkpoint_best.csv,True,m8_t2_centerC_edema_repair_longrun
Case2007,CenterB,checkpoint_best,4,,,1462,0.75,0.3506935238838196,myops_edema,C0+LGE+T2,0.38466113805770874,0.30474732006125577,,0.17999160289764404,,22,0.015852099284529686,0.03425843380391589,0.43440530883103623,0.5820793433652531,5,14,0.3,1959,,,,,/users/a/e/aereinh/CARE/results/20260707_srr_v3_m8_editor_grade_leaderboard_sprint/runtime/broad_eval/variants/m8_t2_centerC_edema_repair_longrun/proposal_pr_sweep_checkpoint_best.csv,True,m8_t2_centerC_edema_repair_longrun
Case2007,CenterB,checkpoint_best,4,,,1462,0.625,0.3506935238838196,myops_edema,C0+LGE+T2,0.38466113805770874,0.23738872403560832,,0.17999160289764404,,18,0.015852099284529686,0.03425843380391589,0.4884272997032641,0.5629274965800274,3,9,0.4,1685,,,,,/users/a/e/aereinh/CARE/results/20260707_srr_v3_m8_editor_grade_leaderboard_sprint/runtime/broad_eval/variants/m8_t2_centerC_edema_repair_longrun/proposal_pr_sweep_checkpoint_best.csv,True,m8_t2_centerC_edema_repair_longrun
Case2007,CenterB,checkpoint_best,4,,,1462,0.625,0.3506935238838196,myops_edema,C0+LGE+T2,0.38466113805770874,0.1608108108108108,,0.17999160289764404,,17,0.015852099284529686,0.03425843380391589,0.5432432432432432,0.5499316005471956,3,9,0.5,1480,,,,,/users/a/e/aereinh/CARE/results/20260707_srr_v3_m8_editor_grade_leaderboard_sprint/runtime/broad_eval/variants/m8_t2_centerC_edema_repair_longrun/proposal_pr_sweep_checkpoint_best.csv,True,m8_t2_centerC_edema_repair_longrun
Case2007,CenterB,checkpoint_best,4,,,1462,0.625,0.3506935238838196,myops_edema,C0+LGE+T2,0.38466113805770874,0.10007412898443291,,0.17999160289764404,,15,0.015852099284529686,0.03425843380391589,0.5819125277983692,0.5369357045143639,1,7,0.6,1349,,,,,/users/a/e/aereinh/CARE/results/20260707_srr_v3_m8_editor_grade_leaderboard_sprint/runtime/broad_eval/variants/m8_t2_centerC_edema_repair_longrun/proposal_pr_sweep_checkpoint_best.csv,True,m8_t2_centerC_edema_repair_longrun
Case2007,CenterB,checkpoint_best,4,,,1462,0.625,0.3506935238838196,myops_edema,C0+LGE+T2,0.38466113805770874,0.061465721040189124,,0.17999160289764404,,15,0.015852099284529686,0.03425843380391589,0.6122931442080378,0.5314637482900136,1,8,0.7,1269,,,,,/users/a/e/aereinh/CARE/results/20260707_srr_v3_m8_editor_grade_leaderboard_sprint/runtime/broad_eval/variants/m8_t2_centerC_edema_repair_longrun/proposal_pr_sweep_checkpoint_best.csv,True,m8_t2_centerC_edema_repair_longrun
Case2008,CenterB,checkpoint_best,5,,,1016,1.0,0.14414045214653015,myops_scar,C0+LGE+T2,0.1459369659423828,0.9007707713782849,,-0.03243917226791382,,56,0.009351781569421291,0.0355954885482788,0.04818838380773199,0.781496062992126,47,37,0.03,16477,,,,,/users/a/e/aereinh/CARE/results/20260707_srr_v3_m8_editor_grade_leaderboard_sprint/runtime/broad_eval/variants/m8_t2_centerC_edema_repair_longrun/proposal_pr_sweep_checkpoint_best.csv,True,m8_t2_centerC_edema_repair_longrun
Case2008,CenterB,checkpoint_best,5,,,1016,1.0,0.14414045214653015,myops_scar,C0+LGE+T2,0.1459369659423828,0.8667060444969482,,-0.03243917226791382,,46,0.009351781569421291,0.0355954885482788,0.07806654853317582,0.780511811023622,39,28,0.05,10158,,,,,/users/a/e/aereinh/CARE/results/20260707_srr_v3_m8_editor_grade_leaderboard_sprint/runtime/broad_eval/variants/m8_t2_centerC_edema_repair_longrun/proposal_pr_sweep_checkpoint_best.csv,True,m8_t2_centerC_edema_repair_longrun
Case2008,CenterB,checkpoint_best,5,,,1016,1.0,0.14414045214653015,myops_scar,C0+LGE+T2,0.1459369659423828,0.5564,,-0.03243917226791382,,35,0.009351781569421291,0.0355954885482788,0.3136,0.7716535433070866,33,19,0.1,2500,,,,,/users/a/e/aereinh/CARE/results/20260707_srr_v3_m8_editor_grade_leaderboard_sprint/runtime/broad_eval/variants/m8_t2_centerC_edema_repair_longrun/proposal_pr_sweep_checkpoint_best.csv,True,m8_t2_centerC_edema_repair_longrun
Case2008,CenterB,checkpoint_best,5,,,1016,1.0,0.14414045214653015,myops_scar,C0+LGE+T2,0.1459369659423828,0.07712082262210797,,-0.03243917226791382,,4,0.009351781569421291,0.0355954885482788,0.6683804627249358,0.7677165354330708,3,2,0.2,1167,,,,,/users/a/e/aereinh/CARE/results/20260707_srr_v3_m8_editor_grade_leaderboard_sprint/runtime/broad_eval/variants/m8_t2_centerC_edema_repair_longrun/proposal_pr_sweep_checkpoint_best.csv,True,m8_t2_centerC_edema_repair_longrun
Case2008,CenterB,checkpoint_best,5,,,1016,1.0,0.14414045214653015,myops_scar,C0+LGE+T2,0.1459369659423828,0.0,,-0.03243917226791382,,1,0.009351781569421291,0.0355954885482788,0.7325800376647834,0.765748031496063,0,0,0.3,1062,,,,,/users/a/e/aereinh/CARE/results/20260707_srr_v3_m8_editor_grade_leaderboard_sprint/runtime/broad_eval/variants/m8_t2_centerC_edema_repair_longrun/proposal_pr_sweep_checkpoint_best.csv,True,m8_t2_centerC_edema_repair_longrun
Case2008,CenterB,checkpoint_best,5,,,1016,1.0,0.14414045214653015,myops_scar,C0+LGE+T2,0.1459369659423828,0.0,,-0.03243917226791382,,1,0.009351781569421291,0.0355954885482788,0.7376425855513308,0.7637795275590551,0,0,0.4,1052,,,,,/users/a/e/aereinh/CARE/results/20260707_srr_v3_m8_editor_grade_leaderboard_sprint/runtime/broad_eval/variants/m8_t2_centerC_edema_repair_longrun/proposal_pr_sweep_checkpoint_best.csv,True,m8_t2_centerC_edema_repair_longrun
Case2008,CenterB,checkpoint_best,5,,,1016,1.0,0.14414045214653015,myops_scar,C0+LGE+T2,0.1459369659423828,0.0,,-0.03243917226791382,,1,0.009351781569421291,0.0355954885482788,0.746615087040619,0.7598425196850394,0,0,0.5,1034,,,,,/users/a/e/aereinh/CARE/results/20260707_srr_v3_m8_editor_grade_leaderboard_sprint/runtime/broad_eval/variants/m8_t2_centerC_edema_repair_longrun/proposal_pr_sweep_checkpoint_best.csv,True,m8_t2_centerC_edema_repair_longrun
Case2008,CenterB,checkpoint_best,5,,,1016,1.0,0.14414045214653015,myops_scar,C0+LGE+T2,0.1459369659423828,0.0,,-0.03243917226791382,,1,0.009351781569421291,0.0355954885482788,0.75,0.7559055118110236,0,0,0.6,1024,,,,,/users/a/e/aereinh/CARE/results/20260707_srr_v3_m8_editor_grade_leaderboard_sprint/runtime/broad_eval/variants/m8_t2_centerC_edema_repair_longrun/proposal_pr_sweep_checkpoint_best.csv,True,m8_t2_centerC_edema_repair_longrun
Case2008,CenterB,checkpoint_best,5,,,1016,1.0,0.14414045214653015,myops_scar,C0+LGE+T2,0.1459369659423828,0.0,,-0.03243917226791382,,1,0.009351781569421291,0.0355954885482788,0.7537239324726912,0.7470472440944882,0,0,0.7,1007,,,,,/users/a/e/aereinh/CARE/results/20260707_srr_v3_m8_editor_grade_leaderboard_sprint/runtime/broad_eval/variants/m8_t2_centerC_edema_repair_longrun/proposal_pr_sweep_checkpoint_best.csv,True,m8_t2_centerC_edema_repair_longrun
Case2008,CenterB,checkpoint_best,4,,,3603,0.6,0.3470041751861572,myops_edema,C0+LGE+T2,0.38828960061073303,0.7334874896240958,,0.19821669161319733,,50,0.011712463572621346,0.037495873123407346,0.15878097948535516,0.7432694976408548,36,26,0.03,16866,,,,,/users/a/e/aereinh/CARE/results/20260707_srr_v3_m8_editor_grade_leaderboard_sprint/runtime/broad_eval/variants/m8_t2_centerC_edema_repair_longrun/proposal_pr_sweep_checkpoint_best.csv,True,m8_t2_centerC_edema_repair_longrun
Case2008,CenterB,checkpoint_best,4,,,3603,0.6,0.3470041751861572,myops_edema,C0+LGE+T2,0.38828960061073303,0.6716794158553546,,0.19821669161319733,,43,0.011712463572621346,0.037495873123407346,0.20288595271210014,0.6477935054121565,39,23,0.05,11504,,,,,/users/a/e/aereinh/CARE/results/20260707_srr_v3_m8_editor_grade_leaderboard_sprint/runtime/broad_eval/variants/m8_t2_centerC_edema_repair_longrun/proposal_pr_sweep_checkpoint_best.csv,True,m8_t2_centerC_edema_repair_longrun
Case2008,CenterB,checkpoint_best,4,,,3603,0.6,0.3470041751861572,myops_edema,C0+LGE+T2,0.38828960061073303,0.5073641442356526,,0.19821669161319733,,36,0.011712463572621346,0.037495873123407346,0.3170814288132724,0.5198445739661394,33,24,0.1,5907,,,,,/users/a/e/aereinh/CARE/results/20260707_srr_v3_m8_editor_grade_leaderboard_sprint/runtime/broad_eval/variants/m8_t2_centerC_edema_repair_longrun/proposal_pr_sweep_checkpoint_best.csv,True,m8_t2_centerC_edema_repair_longrun
Case2008,CenterB,checkpoint_best,4,,,3603,0.6,0.3470041751861572,myops_edema,C0+LGE+T2,0.38828960061073303,0.2357910906298003,,0.19821669161319733,,21,0.011712463572621346,0.037495873123407346,0.5153609831029186,0.37246738828753817,14,13,0.2,2604,,,,,/users/a/e/aereinh/CARE/results/20260707_srr_v3_m8_editor_grade_leaderboard_sprint/runtime/broad_eval/variants/m8_t2_centerC_edema_repair_longrun/proposal_pr_sweep_checkpoint_best.csv,True,m8_t2_centerC_edema_repair_longrun
Case2008,CenterB,checkpoint_best,4,,,3603,0.6,0.3470041751861572,myops_edema,C0+LGE+T2,0.38828960061073303,0.058823529411764705,,0.19821669161319733,,11,0.011712463572621346,0.037495873123407346,0.6554621848739496,0.30308076602830974,4,4,0.3,1666,,,,,/users/a/e/aereinh/CARE/results/20260707_srr_v3_m8_editor_grade_leaderboard_sprint/runtime/broad_eval/variants/m8_t2_centerC_edema_repair_longrun/proposal_pr_sweep_checkpoint_best.csv,True,m8_t2_centerC_edema_repair_longrun
Case2008,CenterB,checkpoint_best,4,,,3603,0.6,0.3470041751861572,myops_edema,C0+LGE+T2,0.38828960061073303,0.02578397212543554,,0.19821669161319733,,6,0.011712463572621346,0.037495873123407346,0.7024390243902439,0.279766860949209,1,2,0.4,1435,,,,,/users/a/e/aereinh/CARE/results/20260707_srr_v3_m8_editor_grade_leaderboard_sprint/runtime/broad_eval/variants/m8_t2_centerC_edema_repair_longrun/proposal_pr_sweep_checkpoint_best.csv,True,m8_t2_centerC_edema_repair_longrun
Case2008,CenterB,checkpoint_best,4,,,3603,0.6,0.3470041751861572,myops_edema,C0+LGE+T2,0.38828960061073303,0.00904295403165034,,0.19821669161319733,,6,0.011712463572621346,0.037495873123407346,0.7196684250188395,0.2650568970302526,0,1,0.5,1327,,,,,/users/a/e/aereinh/CARE/results/20260707_srr_v3_m8_editor_grade_leaderboard_sprint/runtime/broad_eval/variants/m8_t2_centerC_edema_repair_longrun/proposal_pr_sweep_checkpoint_best.csv,True,m8_t2_centerC_edema_repair_longrun
Case2008,CenterB,checkpoint_best,4,,,3603,0.6,0.3470041751861572,myops_edema,C0+LGE+T2,0.38828960061073303,0.008647798742138365,,0.19821669161319733,,6,0.011712463572621346,0.037495873123407346,0.7193396226415094,0.253955037468776,0,0,0.6,1272,,,,,/users/a/e/aereinh/CARE/results/20260707_srr_v3_m8_editor_grade_leaderboard_sprint/runtime/broad_eval/variants/m8_t2_centerC_edema_repair_longrun/proposal_pr_sweep_checkpoint_best.csv,True,m8_t2_centerC_edema_repair_longrun
Case2008,CenterB,checkpoint_best,4,,,3603,0.6,0.3470041751861572,myops_edema,C0+LGE+T2,0.38828960061073303,0.008097165991902834,,0.19821669161319733,,7,0.011712463572621346,0.037495873123407346,0.7149797570850203,0.24507354981959478,0,0,0.7,1235,,,,,/users/a/e/aereinh/CARE/results/20260707_srr_v3_m8_editor_grade_leaderboard_sprint/runtime/broad_eval/variants/m8_t2_centerC_edema_repair_longrun/proposal_pr_sweep_checkpoint_best.csv,True,m8_t2_centerC_edema_repair_longrun
Case2017,CenterB,checkpoint_best,5,,,810,1.0,0.14968936145305634,myops_scar,C0+LGE+T2,0.15225750207901,0.7394676012228767,,-0.03051006980240345,,56,0.008404208347201347,0.023556043300777662,0.04742375661770189,0.7851851851851852,46,32,0.03,13411,,,,,/users/a/e/aereinh/CARE/results/20260707_srr_v3_m8_editor_grade_leaderboard_sprint/runtime/broad_eval/variants/m8_t2_centerC_edema_repair_longrun/proposal_pr_sweep_checkpoint_best.csv,True,m8_t2_centerC_edema_repair_longrun
Case2017,CenterB,checkpoint_best,5,,,810,1.0,0.14968936145305634,myops_scar,C0+LGE+T2,0.15225750207901,0.6843172600270392,,-0.03051006980240345,,48,0.008404208347201347,0.023556043300777662,0.07041460117169897,0.7716049382716049,44,28,0.05,8876,,,,,/users/a/e/aereinh/CARE/results/20260707_srr_v3_m8_editor_grade_leaderboard_sprint/runtime/broad_eval/variants/m8_t2_centerC_edema_repair_longrun/proposal_pr_sweep_checkpoint_best.csv,True,m8_t2_centerC_edema_repair_longrun
Case2017,CenterB,checkpoint_best,5,,,810,1.0,0.14968936145305634,myops_scar,C0+LGE+T2,0.15225750207901,0.4592400129912309,,-0.03051006980240345,,34,0.008404208347201347,0.023556043300777662,0.19454368301396557,0.7395061728395061,30,21,0.1,3079,,,,,/users/a/e/aereinh/CARE/results/20260707_srr_v3_m8_editor_grade_leaderboard_sprint/runtime/broad_eval/variants/m8_t2_centerC_edema_repair_longrun/proposal_pr_sweep_checkpoint_best.csv,True,m8_t2_centerC_edema_repair_longrun
Case2017,CenterB,checkpoint_best,5,,,810,1.0,0.14968936145305634,myops_scar,C0+LGE+T2,0.15225750207901,0.12624584717607973,,-0.03051006980240345,,11,0.008404208347201347,0.023556043300777662,0.38006644518272426,0.7061728395061728,6,8,0.2,1505,,,,,/users/a/e/aereinh/CARE/results/20260707_srr_v3_m8_editor_grade_leaderboard_sprint/runtime/broad_eval/variants/m8_t2_centerC_edema_repair_longrun/proposal_pr_sweep_checkpoint_best.csv,True,m8_t2_centerC_edema_repair_longrun
Case2017,CenterB,checkpoint_best,5,,,810,1.0,0.14968936145305634,myops_scar,C0+LGE+T2,0.15225750207901,0.03875968992248062,,-0.03051006980240345,,6,0.008404208347201347,0.023556043300777662,0.43410852713178294,0.691358024691358,1,5,0.3,1290,,,,,/users/a/e/aereinh/CARE/results/20260707_srr_v3_m8_editor_grade_leaderboard_sprint/runtime/broad_eval/variants/m8_t2_centerC_edema_repair_longrun/proposal_pr_sweep_checkpoint_best.csv,True,m8_t2_centerC_edema_repair_longrun
Case2017,CenterB,checkpoint_best,5,,,810,1.0,0.14968936145305634,myops_scar,C0+LGE+T2,0.15225750207901,0.017369727047146403,,-0.03051006980240345,,2,0.008404208347201347,0.023556043300777662,0.44747725392886684,0.6679012345679012,0,1,0.4,1209,,,,,/users/a/e/aereinh/CARE/results/20260707_srr_v3_m8_editor_grade_leaderboard_sprint/runtime/broad_eval/variants/m8_t2_centerC_edema_repair_longrun/proposal_pr_sweep_checkpoint_best.csv,True,m8_t2_centerC_edema_repair_longrun
Case2017,CenterB,checkpoint_best,5,,,810,1.0,0.14968936145305634,myops_scar,C0+LGE+T2,0.15225750207901,0.010425716768027803,,-0.03051006980240345,,2,0.008404208347201347,0.023556043300777662,0.45351867940920937,0.6444444444444445,0,1,0.5,1151,,,,,/users/a/e/aereinh/CARE/results/20260707_srr_v3_m8_editor_grade_leaderboard_sprint/runtime/broad_eval/variants/m8_t2_centerC_edema_repair_longrun/proposal_pr_sweep_checkpoint_best.csv,True,m8_t2_centerC_edema_repair_longrun
Case2017,CenterB,checkpoint_best,5,,,810,1.0,0.14968936145305634,myops_scar,C0+LGE+T2,0.15225750207901,0.0081374321880651,,-0.03051006980240345,,1,0.008404208347201347,0.023556043300777662,0.45479204339963836,0.6209876543209877,0,0,0.6,1106,,,,,/users/a/e/aereinh/CARE/results/20260707_srr_v3_m8_editor_grade_leaderboard_sprint/runtime/broad_eval/variants/m8_t2_centerC_edema_repair_longrun/proposal_pr_sweep_checkpoint_best.csv,True,m8_t2_centerC_edema_repair_longrun
Case2017,CenterB,checkpoint_best,5,,,810,1.0,0.14968936145305634,myops_scar,C0+LGE+T2,0.15225750207901,0.008832188420019628,,-0.03051006980240345,,1,0.008404208347201347,0.023556043300777662,0.4259077526987242,0.5358024691358024,0,0,0.7,1019,,,,,/users/a/e/aereinh/CARE/results/20260707_srr_v3_m8_editor_grade_leaderboard_sprint/runtime/broad_eval/variants/m8_t2_centerC_edema_repair_longrun/proposal_pr_sweep_checkpoint_best.csv,True,m8_t2_centerC_edema_repair_longrun
Case2017,CenterB,checkpoint_best,4,,,2211,1.0,0.3525055944919586,myops_edema,C0+LGE+T2,0.3868428170681,0.7516291469194313,,0.18324622511863708,,65,0.016558626666665077,0.04283907208591689,0.09597156398104266,0.8792401628222524,44,42,0.03,20256,,,,,/users/a/e/aereinh/CARE/results/20260707_srr_v3_m8_editor_grade_leaderboard_sprint/runtime/broad_eval/variants/m8_t2_centerC_edema_repair_longrun/proposal_pr_sweep_checkpoint_best.csv,True,m8_t2_centerC_edema_repair_longrun
Case2017,CenterB,checkpoint_best,4,,,2211,1.0,0.3525055944919586,myops_edema,C0+LGE+T2,0.3868428170681,0.7152031271813486,,0.18324622511863708,,53,0.016558626666665077,0.04283907208591689,0.1317883568337289,0.8539122568973315,33,26,0.05,14326,,,,,/users/a/e/aereinh/CARE/results/20260707_srr_v3_m8_editor_grade_leaderboard_sprint/runtime/broad_eval/variants/m8_t2_centerC_edema_repair_longrun/proposal_pr_sweep_checkpoint_best.csv,True,m8_t2_centerC_edema_repair_longrun
Case2017,CenterB,checkpoint_best,4,,,2211,1.0,0.3525055944919586,myops_edema,C0+LGE+T2,0.3868428170681,0.6148911798396335,,0.18324622511863708,,45,0.016558626666665077,0.04283907208591689,0.20744558991981674,0.8190863862505654,23,26,0.1,8730,,,,,/users/a/e/aereinh/CARE/results/20260707_srr_v3_m8_editor_grade_leaderboard_sprint/runtime/broad_eval/variants/m8_t2_centerC_edema_repair_longrun/proposal_pr_sweep_checkpoint_best.csv,True,m8_t2_centerC_edema_repair_longrun
Case2017,CenterB,checkpoint_best,4,,,2211,1.0,0.3525055944919586,myops_edema,C0+LGE+T2,0.3868428170681,0.45975519287833827,,0.18324622511863708,,27,0.016558626666665077,0.04283907208591689,0.32047477744807124,0.7815468113975577,17,14,0.2,5392,,,,,/users/a/e/aereinh/CARE/results/20260707_srr_v3_m8_editor_grade_leaderboard_sprint/runtime/broad_eval/variants/m8_t2_centerC_edema_repair_longrun/proposal_pr_sweep_checkpoint_best.csv,True,m8_t2_centerC_edema_repair_longrun
Case2017,CenterB,checkpoint_best,4,,,2211,1.0,0.3525055944919586,myops_edema,C0+LGE+T2,0.3868428170681,0.33274514746659944,,0.18324622511863708,,24,0.016558626666665077,0.04283907208591689,0.4197126291908243,0.7530529172320217,15,14,0.3,3967,,,,,/users/a/e/aereinh/CARE/results/20260707_srr_v3_m8_editor_grade_leaderboard_sprint/runtime/broad_eval/variants/m8_t2_centerC_edema_repair_longrun/proposal_pr_sweep_checkpoint_best.csv,True,m8_t2_centerC_edema_repair_longrun
Case2017,CenterB,checkpoint_best,4,,,2211,1.0,0.3525055944919586,myops_edema,C0+LGE+T2,0.3868428170681,0.19457013574660634,,0.18324622511863708,,18,0.016558626666665077,0.04283907208591689,0.5226244343891403,0.7313432835820896,12,13,0.4,3094,,,,,/users/a/e/aereinh/CARE/results/20260707_srr_v3_m8_editor_grade_leaderboard_sprint/runtime/broad_eval/variants/m8_t2_centerC_edema_repair_longrun/proposal_pr_sweep_checkpoint_best.csv,True,m8_t2_centerC_edema_repair_longrun
Case2017,CenterB,checkpoint_best,4,,,2211,1.0,0.3525055944919586,myops_edema,C0+LGE+T2,0.3868428170681,0.1468705547652916,,0.18324622511863708,,6,0.016558626666665077,0.04283907208591689,0.5657894736842105,0.7195838986883764,1,2,0.5,2812,,,,,/users/a/e/aereinh/CARE/results/20260707_srr_v3_m8_editor_grade_leaderboard_sprint/runtime/broad_eval/variants/m8_t2_centerC_edema_repair_longrun/proposal_pr_sweep_checkpoint_best.csv,True,m8_t2_centerC_edema_repair_longrun
Case2017,CenterB,checkpoint_best,4,,,2211,1.0,0.3525055944919586,myops_edema,C0+LGE+T2,0.3868428170681,0.11204588910133843,,0.18324622511863708,,5,0.016558626666665077,0.04283907208591689,0.5961759082217973,0.7051108095884215,1,1,0.6,2615,,,,,/users/a/e/aereinh/CARE/results/20260707_srr_v3_m8_editor_grade_leaderboard_sprint/runtime/broad_eval/variants/m8_t2_centerC_edema_repair_longrun/proposal_pr_sweep_checkpoint_best.csv,True,m8_t2_centerC_edema_repair_longrun
Case2017,CenterB,checkpoint_best,4,,,2211,1.0,0.3525055944919586,myops_edema,C0+LGE+T2,0.3868428170681,0.08966626457579413,,0.18324622511863708,,6,0.016558626666665077,0.04283907208591689,0.6228387615601125,0.7005879692446857,1,2,0.7,2487,,,,,/users/a/e/aereinh/CARE/results/20260707_srr_v3_m8_editor_grade_leaderboard_sprint/runtime/broad_eval/variants/m8_t2_centerC_edema_repair_longrun/proposal_pr_sweep_checkpoint_best.csv,True,m8_t2_centerC_edema_repair_longrun
Case2020,CenterB,checkpoint_best,5,,,561,1.0,0.14388088881969452,myops_scar,C0+LGE+T2,0.14580309391021729,0.9594486843604055,,-0.03164428845047951,,35,0.00711863674223423,0.03460559565573926,0.018908759539810912,0.29590017825311943,28,21,0.03,8779,,,,,/users/a/e/aereinh/CARE/results/20260707_srr_v3_m8_editor_grade_leaderboard_sprint/runtime/broad_eval/variants/m8_t2_centerC_edema_repair_longrun/proposal_pr_sweep_checkpoint_best.csv,True,m8_t2_centerC_edema_repair_longrun
Case2020,CenterB,checkpoint_best,5,,,561,1.0,0.14388088881969452,myops_scar,C0+LGE+T2,0.14580309391021729,0.9467503543227374,,-0.03164428845047951,,41,0.00711863674223423,0.03460559565573926,0.03280016197610852,0.2887700534759358,34,26,0.05,4939,,,,,/users/a/e/aereinh/CARE/results/20260707_srr_v3_m8_editor_grade_leaderboard_sprint/runtime/broad_eval/variants/m8_t2_centerC_edema_repair_longrun/proposal_pr_sweep_checkpoint_best.csv,True,m8_t2_centerC_edema_repair_longrun
Case2020,CenterB,checkpoint_best,5,,,561,1.0,0.14388088881969452,myops_scar,C0+LGE+T2,0.14580309391021729,0.8132214060860441,,-0.03164428845047951,,16,0.00711863674223423,0.03460559565573926,0.16684155299055614,0.28342245989304815,13,8,0.1,953,,,,,/users/a/e/aereinh/CARE/results/20260707_srr_v3_m8_editor_grade_leaderboard_sprint/runtime/broad_eval/variants/m8_t2_centerC_edema_repair_longrun/proposal_pr_sweep_checkpoint_best.csv,True,m8_t2_centerC_edema_repair_longrun
Case2020,CenterB,checkpoint_best,5,,,561,1.0,0.14388088881969452,myops_scar,C0+LGE+T2,0.14580309391021729,0.03804347826086957,,-0.03164428845047951,,4,0.00711863674223423,0.03460559565573926,0.8586956521739131,0.2816399286987522,3,3,0.2,184,,,,,/users/a/e/aereinh/CARE/results/20260707_srr_v3_m8_editor_grade_leaderboard_sprint/runtime/broad_eval/variants/m8_t2_centerC_edema_repair_longrun/proposal_pr_sweep_checkpoint_best.csv,True,m8_t2_centerC_edema_repair_longrun
Case2020,CenterB,checkpoint_best,5,,,561,1.0,0.14388088881969452,myops_scar,C0+LGE+T2,0.14580309391021729,0.0,,-0.03164428845047951,,1,0.00711863674223423,0.03460559565573926,0.8920454545454546,0.2798573975044563,0,0,0.3,176,,,,,/users/a/e/aereinh/CARE/results/20260707_srr_v3_m8_editor_grade_leaderboard_sprint/runtime/broad_eval/variants/m8_t2_centerC_edema_repair_longrun/proposal_pr_sweep_checkpoint_best.csv,True,m8_t2_centerC_edema_repair_longrun
Case2020,CenterB,checkpoint_best,5,,,561,1.0,0.14388088881969452,myops_scar,C0+LGE+T2,0.14580309391021729,0.0,,-0.03164428845047951,,1,0.00711863674223423,0.03460559565573926,0.8908045977011494,0.27629233511586454,0,0,0.4,174,,,,,/users/a/e/aereinh/CARE/results/20260707_srr_v3_m8_editor_grade_leaderboard_sprint/runtime/broad_eval/variants/m8_t2_centerC_edema_repair_longrun/proposal_pr_sweep_checkpoint_best.csv,True,m8_t2_centerC_edema_repair_longrun
Case2020,CenterB,checkpoint_best,5,,,561,1.0,0.14388088881969452,myops_scar,C0+LGE+T2,0.14580309391021729,0.0,,-0.03164428845047951,,1,0.00711863674223423,0.03460559565573926,0.8888888888888888,0.2709447415329768,0,0,0.5,171,,,,,/users/a/e/aereinh/CARE/results/20260707_srr_v3_m8_editor_grade_leaderboard_sprint/runtime/broad_eval/variants/m8_t2_centerC_edema_repair_longrun/proposal_pr_sweep_checkpoint_best.csv,True,m8_t2_centerC_edema_repair_longrun
Case2020,CenterB,checkpoint_best,5,,,561,1.0,0.14388088881969452,myops_scar,C0+LGE+T2,0.14580309391021729,0.0,,-0.03164428845047951,,1,0.00711863674223423,0.03460559565573926,0.888235294117647,0.26916221033868093,0,0,0.6,170,,,,,/users/a/e/aereinh/CARE/results/20260707_srr_v3_m8_editor_grade_leaderboard_sprint/runtime/broad_eval/variants/m8_t2_centerC_edema_repair_longrun/proposal_pr_sweep_checkpoint_best.csv,True,m8_t2_centerC_edema_repair_longrun
Case2020,CenterB,checkpoint_best,5,,,561,1.0,0.14388088881969452,myops_scar,C0+LGE+T2,0.14580309391021729,0.0,,-0.03164428845047951,,1,0.00711863674223423,0.03460559565573926,0.9036144578313253,0.26737967914438504,0,0,0.7,166,,,,,/users/a/e/aereinh/CARE/results/20260707_srr_v3_m8_editor_grade_leaderboard_sprint/runtime/broad_eval/variants/m8_t2_centerC_edema_repair_longrun/proposal_pr_sweep_checkpoint_best.csv,True,m8_t2_centerC_edema_repair_longrun
Case2020,CenterB,checkpoint_best,4,,,1032,0.75,0.34946000576019287,myops_edema,C0+LGE+T2,0.38482120633125305,0.8178005591798695,,0.17861443758010864,,38,0.01567494310438633,0.03654935434460636,0.09575955265610438,0.7965116279069767,21,27,0.03,8584,,,,,/users/a/e/aereinh/CARE/results/20260707_srr_v3_m8_editor_grade_leaderboard_sprint/runtime/broad_eval/variants/m8_t2_centerC_edema_repair_longrun/proposal_pr_sweep_checkpoint_best.csv,True,m8_t2_centerC_edema_repair_longrun
Case2020,CenterB,checkpoint_best,4,,,1032,0.75,0.34946000576019287,myops_edema,C0+LGE+T2,0.38482120633125305,0.79040825618455,,0.17861443758010864,,22,0.01567494310438633,0.03654935434460636,0.1127636970708757,0.7199612403100775,12,11,0.05,6589,,,,,/users/a/e/aereinh/CARE/results/20260707_srr_v3_m8_editor_grade_leaderboard_sprint/runtime/broad_eval/variants/m8_t2_centerC_edema_repair_longrun/proposal_pr_sweep_checkpoint_best.csv,True,m8_t2_centerC_edema_repair_longrun
Case2020,CenterB,checkpoint_best,4,,,1032,0.6666666666666666,0.34946000576019287,myops_edema,C0+LGE+T2,0.38482120633125305,0.7340125731628008,,0.17861443758010864,,16,0.01567494310438633,0.03654935434460636,0.14697593756774333,0.6569767441860465,9,8,0.1,4613,,,,,/users/a/e/aereinh/CARE/results/20260707_srr_v3_m8_editor_grade_leaderboard_sprint/runtime/broad_eval/variants/m8_t2_centerC_edema_repair_longrun/proposal_pr_sweep_checkpoint_best.csv,True,m8_t2_centerC_edema_repair_longrun
Case2020,CenterB,checkpoint_best,4,,,1032,0.6666666666666666,0.34946000576019287,myops_edema,C0+LGE+T2,0.38482120633125305,0.602610587382161,,0.17861443758010864,,12,0.01567494310438633,0.03654935434460636,0.2226250906453952,0.5949612403100775,7,2,0.2,2758,,,,,/users/a/e/aereinh/CARE/results/20260707_srr_v3_m8_editor_grade_leaderboard_sprint/runtime/broad_eval/variants/m8_t2_centerC_edema_repair_longrun/proposal_pr_sweep_checkpoint_best.csv,True,m8_t2_centerC_edema_repair_longrun
Case2020,CenterB,checkpoint_best,4,,,1032,0.6666666666666666,0.34946000576019287,myops_edema,C0+LGE+T2,0.38482120633125305,0.42724795640326974,,0.17861443758010864,,10,0.01567494310438633,0.03654935434460636,0.3247956403269755,0.5775193798449613,6,1,0.3,1835,,,,,/users/a/e/aereinh/CARE/results/20260707_srr_v3_m8_editor_grade_leaderboard_sprint/runtime/broad_eval/variants/m8_t2_centerC_edema_repair_longrun/proposal_pr_sweep_checkpoint_best.csv,True,m8_t2_centerC_edema_repair_longrun
Case2020,CenterB,checkpoint_best,4,,,1032,0.6666666666666666,0.34946000576019287,myops_edema,C0+LGE+T2,0.38482120633125305,0.28642149929278643,,0.17861443758010864,,12,0.01567494310438633,0.03654935434460636,0.4087694483734088,0.560077519379845,8,4,0.4,1414,,,,,/users/a/e/aereinh/CARE/results/20260707_srr_v3_m8_editor_grade_leaderboard_sprint/runtime/broad_eval/variants/m8_t2_centerC_edema_repair_longrun/proposal_pr_sweep_checkpoint_best.csv,True,m8_t2_centerC_edema_repair_longrun
Case2020,CenterB,checkpoint_best,4,,,1032,0.5833333333333334,0.34946000576019287,myops_edema,C0+LGE+T2,0.38482120633125305,0.18309859154929578,,0.17861443758010864,,10,0.01567494310438633,0.03654935434460636,0.4747307373653687,0.5552325581395349,6,3,0.5,1207,,,,,/users/a/e/aereinh/CARE/results/20260707_srr_v3_m8_editor_grade_leaderboard_sprint/runtime/broad_eval/variants/m8_t2_centerC_edema_repair_longrun/proposal_pr_sweep_checkpoint_best.csv,True,m8_t2_centerC_edema_repair_longrun
Case2020,CenterB,checkpoint_best,4,,,1032,0.5833333333333334,0.34946000576019287,myops_edema,C0+LGE+T2,0.38482120633125305,0.0914179104477612,,0.17861443758010864,,8,0.01567494310438633,0.03654935434460636,0.5289179104477612,0.5494186046511628,4,3,0.6,1072,,,,,/users/a/e/aereinh/CARE/results/20260707_srr_v3_m8_editor_grade_leaderboard_sprint/runtime/broad_eval/variants/m8_t2_centerC_edema_repair_longrun/proposal_pr_sweep_checkpoint_best.csv,True,m8_t2_centerC_edema_repair_longrun
Case2020,CenterB,checkpoint_best,4,,,1032,0.5833333333333334,0.34946000576019287,myops_edema,C0+LGE+T2,0.38482120633125305,0.040674603174603176,,0.17861443758010864,,6,0.01567494310438633,0.03654935434460636,0.5615079365079365,0.5484496124031008,2,2,0.7,1008,,,,,/users/a/e/aereinh/CARE/results/20260707_srr_v3_m8_editor_grade_leaderboard_sprint/runtime/broad_eval/variants/m8_t2_centerC_edema_repair_longrun/proposal_pr_sweep_checkpoint_best.csv,True,m8_t2_centerC_edema_repair_longrun
Case2031,CenterB,checkpoint_best,5,,,864,1.0,0.1474347561597824,myops_scar,C0+LGE+T2,0.1497923582792282,0.8686207254963102,,-0.030480805784463882,,65,0.010060259141027927,0.030679833702743017,0.07701902089179918,0.8576388888888888,56,40,0.03,9621,,,,,/users/a/e/aereinh/CARE/results/20260707_srr_v3_m8_editor_grade_leaderboard_sprint/runtime/broad_eval/variants/m8_t2_centerC_edema_repair_longrun/proposal_pr_sweep_checkpoint_best.csv,True,m8_t2_centerC_edema_repair_longrun
Case2031,CenterB,checkpoint_best,5,,,864,1.0,0.1474347561597824,myops_scar,C0+LGE+T2,0.1497923582792282,0.8313531353135314,,-0.030480805784463882,,44,0.010060259141027927,0.030679833702743017,0.12013201320132014,0.8425925925925926,39,18,0.05,6060,,,,,/users/a/e/aereinh/CARE/results/20260707_srr_v3_m8_editor_grade_leaderboard_sprint/runtime/broad_eval/variants/m8_t2_centerC_edema_repair_longrun/proposal_pr_sweep_checkpoint_best.csv,True,m8_t2_centerC_edema_repair_longrun
Case2031,CenterB,checkpoint_best,5,,,864,1.0,0.1474347561597824,myops_scar,C0+LGE+T2,0.1497923582792282,0.5475460122699386,,-0.030480805784463882,,16,0.010060259141027927,0.030679833702743017,0.36400817995910023,0.8240740740740741,14,6,0.1,1956,,,,,/users/a/e/aereinh/CARE/results/20260707_srr_v3_m8_editor_grade_leaderboard_sprint/runtime/broad_eval/variants/m8_t2_centerC_edema_repair_longrun/proposal_pr_sweep_checkpoint_best.csv,True,m8_t2_centerC_edema_repair_longrun
Case2031,CenterB,checkpoint_best,5,,,864,1.0,0.1474347561597824,myops_scar,C0+LGE+T2,0.1497923582792282,0.03160270880361174,,-0.030480805784463882,,4,0.010060259141027927,0.030679833702743017,0.7866817155756207,0.8067129629629629,2,3,0.2,886,,,,,/users/a/e/aereinh/CARE/results/20260707_srr_v3_m8_editor_grade_leaderboard_sprint/runtime/broad_eval/variants/m8_t2_centerC_edema_repair_longrun/proposal_pr_sweep_checkpoint_best.csv,True,m8_t2_centerC_edema_repair_longrun
Case2031,CenterB,checkpoint_best,5,,,864,1.0,0.1474347561597824,myops_scar,C0+LGE+T2,0.1497923582792282,0.018604651162790697,,-0.030480805784463882,,2,0.010060259141027927,0.030679833702743017,0.8034883720930233,0.7997685185185185,0,1,0.3,860,,,,,/users/a/e/aereinh/CARE/results/20260707_srr_v3_m8_editor_grade_leaderboard_sprint/runtime/broad_eval/variants/m8_t2_centerC_edema_repair_longrun/proposal_pr_sweep_checkpoint_best.csv,True,m8_t2_centerC_edema_repair_longrun
Case2031,CenterB,checkpoint_best,5,,,864,1.0,0.1474347561597824,myops_scar,C0+LGE+T2,0.1497923582792282,0.018648018648018648,,-0.030480805784463882,,2,0.010060259141027927,0.030679833702743017,0.8041958041958042,0.7986111111111112,0,1,0.4,858,,,,,/users/a/e/aereinh/CARE/results/20260707_srr_v3_m8_editor_grade_leaderboard_sprint/runtime/broad_eval/variants/m8_t2_centerC_edema_repair_longrun/proposal_pr_sweep_checkpoint_best.csv,True,m8_t2_centerC_edema_repair_longrun
Case2031,CenterB,checkpoint_best,5,,,864,1.0,0.1474347561597824,myops_scar,C0+LGE+T2,0.1497923582792282,0.018648018648018648,,-0.030480805784463882,,2,0.010060259141027927,0.030679833702743017,0.8041958041958042,0.7986111111111112,0,1,0.5,858,,,,,/users/a/e/aereinh/CARE/results/20260707_srr_v3_m8_editor_grade_leaderboard_sprint/runtime/broad_eval/variants/m8_t2_centerC_edema_repair_longrun/proposal_pr_sweep_checkpoint_best.csv,True,m8_t2_centerC_edema_repair_longrun
Case2031,CenterB,checkpoint_best,5,,,864,1.0,0.1474347561597824,myops_scar,C0+LGE+T2,0.1497923582792282,0.018648018648018648,,-0.030480805784463882,,2,0.010060259141027927,0.030679833702743017,0.8041958041958042,0.7986111111111112,0,1,0.6,858,,,,,/users/a/e/aereinh/CARE/results/20260707_srr_v3_m8_editor_grade_leaderboard_sprint/runtime/broad_eval/variants/m8_t2_centerC_edema_repair_longrun/proposal_pr_sweep_checkpoint_best.csv,True,m8_t2_centerC_edema_repair_longrun
Case2031,CenterB,checkpoint_best,5,,,864,1.0,0.1474347561597824,myops_scar,C0+LGE+T2,0.1497923582792282,0.018648018648018648,,-0.030480805784463882,,2,0.010060259141027927,0.030679833702743017,0.8041958041958042,0.7986111111111112,0,1,0.7,858,,,,,/users/a/e/aereinh/CARE/results/20260707_srr_v3_m8_editor_grade_leaderboard_sprint/runtime/broad_eval/variants/m8_t2_centerC_edema_repair_longrun/proposal_pr_sweep_checkpoint_best.csv,True,m8_t2_centerC_edema_repair_longrun
Case2031,CenterB,checkpoint_best,4,,,307,0.3076923076923077,0.3579448461532593,myops_edema,C0+LGE+T2,0.39278271794319153,0.7886479591836735,,0.19636638462543488,,60,0.011829216964542866,0.050397716462611965,0.011224489795918367,0.5732899022801303,46,24,0.03,15680,,,,,/users/a/e/aereinh/CARE/results/20260707_srr_v3_m8_editor_grade_leaderboard_sprint/runtime/broad_eval/variants/m8_t2_centerC_edema_repair_longrun/proposal_pr_sweep_checkpoint_best.csv,True,m8_t2_centerC_edema_repair_longrun
Case2031,CenterB,checkpoint_best,4,,,307,0.3076923076923077,0.3579448461532593,myops_edema,C0+LGE+T2,0.39278271794319153,0.753597311206806,,0.19636638462543488,,52,0.011829216964542866,0.050397716462611965,0.015439554668627245,0.4788273615635179,38,23,0.05,9521,,,,,/users/a/e/aereinh/CARE/results/20260707_srr_v3_m8_editor_grade_leaderboard_sprint/runtime/broad_eval/variants/m8_t2_centerC_edema_repair_longrun/proposal_pr_sweep_checkpoint_best.csv,True,m8_t2_centerC_edema_repair_longrun
Case2031,CenterB,checkpoint_best,4,,,307,0.23076923076923078,0.3579448461532593,myops_edema,C0+LGE+T2,0.39278271794319153,0.7367718986216096,,0.19636638462543488,,48,0.011829216964542866,0.050397716462611965,0.026900844819919965,0.3941368078175896,34,27,0.1,4498,,,,,/users/a/e/aereinh/CARE/results/20260707_srr_v3_m8_editor_grade_leaderboard_sprint/runtime/broad_eval/variants/m8_t2_centerC_edema_repair_longrun/proposal_pr_sweep_checkpoint_best.csv,True,m8_t2_centerC_edema_repair_longrun
Case2031,CenterB,checkpoint_best,4,,,307,0.23076923076923078,0.3579448461532593,myops_edema,C0+LGE+T2,0.39278271794319153,0.7453341360626129,,0.19636638462543488,,37,0.011829216964542866,0.050397716462611965,0.060204695966285374,0.3257328990228013,21,21,0.2,1661,,,,,/users/a/e/aereinh/CARE/results/20260707_srr_v3_m8_editor_grade_leaderboard_sprint/runtime/broad_eval/variants/m8_t2_centerC_edema_repair_longrun/proposal_pr_sweep_checkpoint_best.csv,True,m8_t2_centerC_edema_repair_longrun
Case2031,CenterB,checkpoint_best,4,,,307,0.23076923076923078,0.3579448461532593,myops_edema,C0+LGE+T2,0.39278271794319153,0.7301587301587301,,0.19636638462543488,,21,0.011829216964542866,0.050397716462611965,0.0873015873015873,0.28664495114006516,4,9,0.3,1008,,,,,/users/a/e/aereinh/CARE/results/20260707_srr_v3_m8_editor_grade_leaderboard_sprint/runtime/broad_eval/variants/m8_t2_centerC_edema_repair_longrun/proposal_pr_sweep_checkpoint_best.csv,True,m8_t2_centerC_edema_repair_longrun
Case2031,CenterB,checkpoint_best,4,,,307,0.23076923076923078,0.3579448461532593,myops_edema,C0+LGE+T2,0.39278271794319153,0.6443452380952381,,0.19636638462543488,,18,0.011829216964542866,0.050397716462611965,0.11755952380952381,0.25732899022801303,3,8,0.4,672,,,,,/users/a/e/aereinh/CARE/results/20260707_srr_v3_m8_editor_grade_leaderboard_sprint/runtime/broad_eval/variants/m8_t2_centerC_edema_repair_longrun/proposal_pr_sweep_checkpoint_best.csv,True,m8_t2_centerC_edema_repair_longrun
Case2031,CenterB,checkpoint_best,4,,,307,0.23076923076923078,0.3579448461532593,myops_edema,C0+LGE+T2,0.39278271794319153,0.5664739884393064,,0.19636638462543488,,19,0.011829216964542866,0.050397716462611965,0.1464354527938343,0.247557003257329,3,9,0.5,519,,,,,/users/a/e/aereinh/CARE/results/20260707_srr_v3_m8_editor_grade_leaderboard_sprint/runtime/broad_eval/variants/m8_t2_centerC_edema_repair_longrun/proposal_pr_sweep_checkpoint_best.csv,True,m8_t2_centerC_edema_repair_longrun
Case2031,CenterB,checkpoint_best,4,,,307,0.23076923076923078,0.3579448461532593,myops_edema,C0+LGE+T2,0.39278271794319153,0.43157894736842106,,0.19636638462543488,,21,0.011829216964542866,0.050397716462611965,0.19736842105263158,0.24429967426710097,4,12,0.6,380,,,,,/users/a/e/aereinh/CARE/results/20260707_srr_v3_m8_editor_grade_leaderboard_sprint/runtime/broad_eval/variants/m8_t2_centerC_edema_repair_longrun/proposal_pr_sweep_checkpoint_best.csv,True,m8_t2_centerC_edema_repair_longrun
Case2031,CenterB,checkpoint_best,4,,,307,0.23076923076923078,0.3579448461532593,myops_edema,C0+LGE+T2,0.39278271794319153,0.29931972789115646,,0.19636638462543488,,17,0.011829216964542866,0.050397716462611965,0.25510204081632654,0.24429967426710097,2,8,0.7,294,,,,,/users/a/e/aereinh/CARE/results/20260707_srr_v3_m8_editor_grade_leaderboard_sprint/runtime/broad_eval/variants/m8_t2_centerC_edema_repair_longrun/proposal_pr_sweep_checkpoint_best.csv,True,m8_t2_centerC_edema_repair_longrun
Case2033,CenterB,checkpoint_best,5,,,1100,1.0,0.15253230929374695,myops_scar,C0+LGE+T2,0.15414580702781677,0.7888241939688885,,-0.03699161484837532,,76,0.00661796098574996,0.01614125221967697,0.07438950204223516,0.7781818181818182,54,51,0.03,11507,,,,,/users/a/e/aereinh/CARE/results/20260707_srr_v3_m8_editor_grade_leaderboard_sprint/runtime/broad_eval/variants/m8_t2_centerC_edema_repair_longrun/proposal_pr_sweep_checkpoint_best.csv,True,m8_t2_centerC_edema_repair_longrun
Case2033,CenterB,checkpoint_best,5,,,1100,1.0,0.15253230929374695,myops_scar,C0+LGE+T2,0.15414580702781677,0.7389522973368452,,-0.03699161484837532,,45,0.00661796098574996,0.01614125221967697,0.12423178226514486,0.7718181818181818,35,22,0.05,6834,,,,,/users/a/e/aereinh/CARE/results/20260707_srr_v3_m8_editor_grade_leaderboard_sprint/runtime/broad_eval/variants/m8_t2_centerC_edema_repair_longrun/proposal_pr_sweep_checkpoint_best.csv,True,m8_t2_centerC_edema_repair_longrun
Case2033,CenterB,checkpoint_best,5,,,1100,1.0,0.15253230929374695,myops_scar,C0+LGE+T2,0.15414580702781677,0.21214057507987222,,-0.03699161484837532,,19,0.00661796098574996,0.01614125221967697,0.5309904153354632,0.7554545454545455,16,13,0.1,1565,,,,,/users/a/e/aereinh/CARE/results/20260707_srr_v3_m8_editor_grade_leaderboard_sprint/runtime/broad_eval/variants/m8_t2_centerC_edema_repair_longrun/proposal_pr_sweep_checkpoint_best.csv,True,m8_t2_centerC_edema_repair_longrun
Case2033,CenterB,checkpoint_best,5,,,1100,1.0,0.15253230929374695,myops_scar,C0+LGE+T2,0.15414580702781677,0.0,,-0.03699161484837532,,2,0.00661796098574996,0.01614125221967697,0.699228791773779,0.7418181818181818,0,0,0.2,1167,,,,,/users/a/e/aereinh/CARE/results/20260707_srr_v3_m8_editor_grade_leaderboard_sprint/runtime/broad_eval/variants/m8_t2_centerC_edema_repair_longrun/proposal_pr_sweep_checkpoint_best.csv,True,m8_t2_centerC_edema_repair_longrun
Case2033,CenterB,checkpoint_best,5,,,1100,1.0,0.15253230929374695,myops_scar,C0+LGE+T2,0.15414580702781677,0.0,,-0.03699161484837532,,2,0.00661796098574996,0.01614125221967697,0.7052631578947368,0.730909090909091,0,0,0.3,1140,,,,,/users/a/e/aereinh/CARE/results/20260707_srr_v3_m8_editor_grade_leaderboard_sprint/runtime/broad_eval/variants/m8_t2_centerC_edema_repair_longrun/proposal_pr_sweep_checkpoint_best.csv,True,m8_t2_centerC_edema_repair_longrun
Case2033,CenterB,checkpoint_best,5,,,1100,1.0,0.15253230929374695,myops_scar,C0+LGE+T2,0.15414580702781677,0.0,,-0.03699161484837532,,2,0.00661796098574996,0.01614125221967697,0.7075555555555556,0.7236363636363636,0,0,0.4,1125,,,,,/users/a/e/aereinh/CARE/results/20260707_srr_v3_m8_editor_grade_leaderboard_sprint/runtime/broad_eval/variants/m8_t2_centerC_edema_repair_longrun/proposal_pr_sweep_checkpoint_best.csv,True,m8_t2_centerC_edema_repair_longrun
Case2033,CenterB,checkpoint_best,5,,,1100,1.0,0.15253230929374695,myops_scar,C0+LGE+T2,0.15414580702781677,0.0,,-0.03699161484837532,,2,0.00661796098574996,0.01614125221967697,0.7083708370837084,0.7154545454545455,0,0,0.5,1111,,,,,/users/a/e/aereinh/CARE/results/20260707_srr_v3_m8_editor_grade_leaderboard_sprint/runtime/broad_eval/variants/m8_t2_centerC_edema_repair_longrun/proposal_pr_sweep_checkpoint_best.csv,True,m8_t2_centerC_edema_repair_longrun
Case2033,CenterB,checkpoint_best,5,,,1100,1.0,0.15253230929374695,myops_scar,C0+LGE+T2,0.15414580702781677,0.0,,-0.03699161484837532,,1,0.00661796098574996,0.01614125221967697,0.707383773928897,0.7054545454545454,0,0,0.6,1097,,,,,/users/a/e/aereinh/CARE/results/20260707_srr_v3_m8_editor_grade_leaderboard_sprint/runtime/broad_eval/variants/m8_t2_centerC_edema_repair_longrun/proposal_pr_sweep_checkpoint_best.csv,True,m8_t2_centerC_edema_repair_longrun
Case2033,CenterB,checkpoint_best,5,,,1100,1.0,0.15253230929374695,myops_scar,C0+LGE+T2,0.15414580702781677,0.0,,-0.03699161484837532,,1,0.00661796098574996,0.01614125221967697,0.710720887245841,0.6990909090909091,0,0,0.7,1082,,,,,/users/a/e/aereinh/CARE/results/20260707_srr_v3_m8_editor_grade_leaderboard_sprint/runtime/broad_eval/variants/m8_t2_centerC_edema_repair_longrun/proposal_pr_sweep_checkpoint_best.csv,True,m8_t2_centerC_edema_repair_longrun
Case2033,CenterB,checkpoint_best,4,,,1009,1.0,0.35322174429893494,myops_edema,C0+LGE+T2,0.3848496973514557,0.7865480290853425,,0.18668532371520996,,68,0.011719655245542526,0.033033382147550576,0.0404707233065442,0.8384539147670962,53,37,0.03,20904,,,,,/users/a/e/aereinh/CARE/results/20260707_srr_v3_m8_editor_grade_leaderboard_sprint/runtime/broad_eval/variants/m8_t2_centerC_edema_repair_longrun/proposal_pr_sweep_checkpoint_best.csv,True,m8_t2_centerC_edema_repair_longrun
Case2033,CenterB,checkpoint_best,4,,,1009,0.9444444444444444,0.35322174429893494,myops_edema,C0+LGE+T2,0.3848496973514557,0.7661465106198526,,0.18668532371520996,,78,0.011719655245542526,0.033033382147550576,0.05945672590666089,0.8156590683845392,66,48,0.05,13842,,,,,/users/a/e/aereinh/CARE/results/20260707_srr_v3_m8_editor_grade_leaderboard_sprint/runtime/broad_eval/variants/m8_t2_centerC_edema_repair_longrun/proposal_pr_sweep_checkpoint_best.csv,True,m8_t2_centerC_edema_repair_longrun
Case2033,CenterB,checkpoint_best,4,,,1009,0.8888888888888888,0.35322174429893494,myops_edema,C0+LGE+T2,0.3848496973514557,0.6714762859051436,,0.18668532371520996,,53,0.011719655245542526,0.033033382147550576,0.10674682698730795,0.7918731417244796,44,28,0.1,7485,,,,,/users/a/e/aereinh/CARE/results/20260707_srr_v3_m8_editor_grade_leaderboard_sprint/runtime/broad_eval/variants/m8_t2_centerC_edema_repair_longrun/proposal_pr_sweep_checkpoint_best.csv,True,m8_t2_centerC_edema_repair_longrun
Case2033,CenterB,checkpoint_best,4,,,1009,0.8888888888888888,0.35322174429893494,myops_edema,C0+LGE+T2,0.3848496973514557,0.4061784897025172,,0.18668532371520996,,42,0.011719655245542526,0.033033382147550576,0.2231121281464531,0.7730426164519326,32,23,0.2,3496,,,,,/users/a/e/aereinh/CARE/results/20260707_srr_v3_m8_editor_grade_leaderboard_sprint/runtime/broad_eval/variants/m8_t2_centerC_edema_repair_longrun/proposal_pr_sweep_checkpoint_best.csv,True,m8_t2_centerC_edema_repair_longrun
Case2033,CenterB,checkpoint_best,4,,,1009,0.8888888888888888,0.35322174429893494,myops_edema,C0+LGE+T2,0.3848496973514557,0.18116249469664827,,0.18668532371520996,,19,0.011719655245542526,0.033033382147550576,0.32498939329656346,0.759167492566898,13,12,0.3,2357,,,,,/users/a/e/aereinh/CARE/results/20260707_srr_v3_m8_editor_grade_leaderboard_sprint/runtime/broad_eval/variants/m8_t2_centerC_edema_repair_longrun/proposal_pr_sweep_checkpoint_best.csv,True,m8_t2_centerC_edema_repair_longrun
Case2033,CenterB,checkpoint_best,4,,,1009,0.8888888888888888,0.35322174429893494,myops_edema,C0+LGE+T2,0.3848496973514557,0.07942772570300938,,0.18668532371520996,,12,0.011719655245542526,0.033033382147550576,0.37493833251110015,0.7532210109018831,6,8,0.4,2027,,,,,/users/a/e/aereinh/CARE/results/20260707_srr_v3_m8_editor_grade_leaderboard_sprint/runtime/broad_eval/variants/m8_t2_centerC_edema_repair_longrun/proposal_pr_sweep_checkpoint_best.csv,True,m8_t2_centerC_edema_repair_longrun
Case2033,CenterB,checkpoint_best,4,,,1009,0.8888888888888888,0.35322174429893494,myops_edema,C0+LGE+T2,0.3848496973514557,0.042842215256008356,,0.18668532371520996,,7,0.011719655245542526,0.033033382147550576,0.3934169278996865,0.7462834489593657,3,4,0.5,1914,,,,,/users/a/e/aereinh/CARE/results/20260707_srr_v3_m8_editor_grade_leaderboard_sprint/runtime/broad_eval/variants/m8_t2_centerC_edema_repair_longrun/proposal_pr_sweep_checkpoint_best.csv,True,m8_t2_centerC_edema_repair_longrun
Case2033,CenterB,checkpoint_best,4,,,1009,0.8888888888888888,0.35322174429893494,myops_edema,C0+LGE+T2,0.3848496973514557,0.03048128342245989,,0.18668532371520996,,4,0.011719655245542526,0.033033382147550576,0.40053475935828875,0.7423191278493558,0,1,0.6,1870,,,,,/users/a/e/aereinh/CARE/results/20260707_srr_v3_m8_editor_grade_leaderboard_sprint/runtime/broad_eval/variants/m8_t2_centerC_edema_repair_longrun/proposal_pr_sweep_checkpoint_best.csv,True,m8_t2_centerC_edema_repair_longrun
Case2033,CenterB,checkpoint_best,4,,,1009,0.8888888888888888,0.35322174429893494,myops_edema,C0+LGE+T2,0.3848496973514557,0.02926829268292683,,0.18668532371520996,,4,0.011719655245542526,0.033033382147550576,0.4037940379403794,0.7383548067393458,0,1,0.7,1845,,,,,/users/a/e/aereinh/CARE/results/20260707_srr_v3_m8_editor_grade_leaderboard_sprint/runtime/broad_eval/variants/m8_t2_centerC_edema_repair_longrun/proposal_pr_sweep_checkpoint_best.csv,True,m8_t2_centerC_edema_repair_longrun
Case3004,CenterC,checkpoint_best,5,,,2326,1.0,0.14833611249923706,myops_scar,C0+LGE+T2,0.1499824821949005,0.9373765897365125,,-0.03855841979384422,,84,0.0085252420976758,0.041424709558486865,0.019543939361769888,0.791487532244196,76,55,0.03,94198,,,,,/users/a/e/aereinh/CARE/results/20260707_srr_v3_m8_editor_grade_leaderboard_sprint/runtime/broad_eval/variants/m8_t2_centerC_edema_repair_longrun/proposal_pr_sweep_checkpoint_best.csv,True,m8_t2_centerC_edema_repair_longrun
Case3004,CenterC,checkpoint_best,5,,,2326,1.0,0.14833611249923706,myops_scar,C0+LGE+T2,0.1499824821949005,0.9256056550682863,,-0.03855841979384422,,88,0.0085252420976758,0.041424709558486865,0.030196966577448355,0.7566638005159071,78,48,0.05,58284,,,,,/users/a/e/aereinh/CARE/results/20260707_srr_v3_m8_editor_grade_leaderboard_sprint/runtime/broad_eval/variants/m8_t2_centerC_edema_repair_longrun/proposal_pr_sweep_checkpoint_best.csv,True,m8_t2_centerC_edema_repair_longrun
Case3004,CenterC,checkpoint_best,5,,,2326,1.0,0.14833611249923706,myops_scar,C0+LGE+T2,0.1499824821949005,0.6873174801835628,,-0.03855841979384422,,43,0.0085252420976758,0.041424709558486865,0.1774092615769712,0.7312983662940671,41,31,0.1,9588,,,,,/users/a/e/aereinh/CARE/results/20260707_srr_v3_m8_editor_grade_leaderboard_sprint/runtime/broad_eval/variants/m8_t2_centerC_edema_repair_longrun/proposal_pr_sweep_checkpoint_best.csv,True,m8_t2_centerC_edema_repair_longrun
Case3004,CenterC,checkpoint_best,5,,,2326,1.0,0.14833611249923706,myops_scar,C0+LGE+T2,0.1499824821949005,0.0,,-0.03855841979384422,,1,0.0085252420976758,0.041424709558486865,0.5811334037310806,0.7098022355975925,0,0,0.2,2841,,,,,/users/a/e/aereinh/CARE/results/20260707_srr_v3_m8_editor_grade_leaderboard_sprint/runtime/broad_eval/variants/m8_t2_centerC_edema_repair_longrun/proposal_pr_sweep_checkpoint_best.csv,True,m8_t2_centerC_edema_repair_longrun
Case3004,CenterC,checkpoint_best,5,,,2326,1.0,0.14833611249923706,myops_scar,C0+LGE+T2,0.1499824821949005,0.0,,-0.03855841979384422,,1,0.0085252420976758,0.041424709558486865,0.5855595667870036,0.6973344797936372,0,0,0.3,2770,,,,,/users/a/e/aereinh/CARE/results/20260707_srr_v3_m8_editor_grade_leaderboard_sprint/runtime/broad_eval/variants/m8_t2_centerC_edema_repair_longrun/proposal_pr_sweep_checkpoint_best.csv,True,m8_t2_centerC_edema_repair_longrun
Case3004,CenterC,checkpoint_best,5,,,2326,1.0,0.14833611249923706,myops_scar,C0+LGE+T2,0.1499824821949005,0.0,,-0.03855841979384422,,1,0.0085252420976758,0.041424709558486865,0.5890762463343109,0.6908856405846947,0,0,0.4,2728,,,,,/users/a/e/aereinh/CARE/results/20260707_srr_v3_m8_editor_grade_leaderboard_sprint/runtime/broad_eval/variants/m8_t2_centerC_edema_repair_longrun/proposal_pr_sweep_checkpoint_best.csv,True,m8_t2_centerC_edema_repair_longrun
Case3004,CenterC,checkpoint_best,5,,,2326,1.0,0.14833611249923706,myops_scar,C0+LGE+T2,0.1499824821949005,0.0,,-0.03855841979384422,,1,0.0085252420976758,0.041424709558486865,0.5978875895888344,0.6814273430782459,0,0,0.5,2651,,,,,/users/a/e/aereinh/CARE/results/20260707_srr_v3_m8_editor_grade_leaderboard_sprint/runtime/broad_eval/variants/m8_t2_centerC_edema_repair_longrun/proposal_pr_sweep_checkpoint_best.csv,True,m8_t2_centerC_edema_repair_longrun
Case3004,CenterC,checkpoint_best,5,,,2326,1.0,0.14833611249923706,myops_scar,C0+LGE+T2,0.1499824821949005,0.0,,-0.03855841979384422,,1,0.0085252420976758,0.041424709558486865,0.6075851393188855,0.6749785038693035,0,0,0.6,2584,,,,,/users/a/e/aereinh/CARE/results/20260707_srr_v3_m8_editor_grade_leaderboard_sprint/runtime/broad_eval/variants/m8_t2_centerC_edema_repair_longrun/proposal_pr_sweep_checkpoint_best.csv,True,m8_t2_centerC_edema_repair_longrun
Case3004,CenterC,checkpoint_best,5,,,2326,1.0,0.14833611249923706,myops_scar,C0+LGE+T2,0.1499824821949005,0.0,,-0.03855841979384422,,1,0.0085252420976758,0.041424709558486865,0.6260554885404102,0.6693895098882201,0,0,0.7,2487,,,,,/users/a/e/aereinh/CARE/results/20260707_srr_v3_m8_editor_grade_leaderboard_sprint/runtime/broad_eval/variants/m8_t2_centerC_edema_repair_longrun/proposal_pr_sweep_checkpoint_best.csv,True,m8_t2_centerC_edema_repair_longrun
Case3004,CenterC,checkpoint_best,4,,,3347,0.5,0.34205448627471924,myops_edema,C0+LGE+T2,0.3955429196357727,0.9294329723154485,,0.21803835034370422,,205,0.00736246258020401,0.029424041323363778,0.025662069673032112,0.5231550642366298,190,105,0.03,68233,,,,,/users/a/e/aereinh/CARE/results/20260707_srr_v3_m8_editor_grade_leaderboard_sprint/runtime/broad_eval/variants/m8_t2_centerC_edema_repair_longrun/proposal_pr_sweep_checkpoint_best.csv,True,m8_t2_centerC_edema_repair_longrun
Case3004,CenterC,checkpoint_best,4,,,3347,0.2857142857142857,0.34205448627471924,myops_edema,C0+LGE+T2,0.3955429196357727,0.9228464865293814,,0.21803835034370422,,143,0.00736246258020401,0.029424041323363778,0.03136531365313653,0.4723633104272483,133,57,0.05,50406,,,,,/users/a/e/aereinh/CARE/results/20260707_srr_v3_m8_editor_grade_leaderboard_sprint/runtime/broad_eval/variants/m8_t2_centerC_edema_repair_longrun/proposal_pr_sweep_checkpoint_best.csv,True,m8_t2_centerC_edema_repair_longrun
Case3004,CenterC,checkpoint_best,4,,,3347,0.2857142857142857,0.34205448627471924,myops_edema,C0+LGE+T2,0.3955429196357727,0.7005762179151388,,0.21803835034370422,,98,0.00736246258020401,0.029424041323363778,0.1464641173389209,0.4176874813265611,91,48,0.1,9545,,,,,/users/a/e/aereinh/CARE/results/20260707_srr_v3_m8_editor_grade_leaderboard_sprint/runtime/broad_eval/variants/m8_t2_centerC_edema_repair_longrun/proposal_pr_sweep_checkpoint_best.csv,True,m8_t2_centerC_edema_repair_longrun
Case3004,CenterC,checkpoint_best,4,,,3347,0.21428571428571427,0.34205448627471924,myops_edema,C0+LGE+T2,0.3955429196357727,0.4208690987124464,,0.21803835034370422,,42,0.00736246258020401,0.029424041323363778,0.3492489270386266,0.38900507917538096,36,22,0.2,3728,,,,,/users/a/e/aereinh/CARE/results/20260707_srr_v3_m8_editor_grade_leaderboard_sprint/runtime/broad_eval/variants/m8_t2_centerC_edema_repair_longrun/proposal_pr_sweep_checkpoint_best.csv,True,m8_t2_centerC_edema_repair_longrun
Case3004,CenterC,checkpoint_best,4,,,3347,0.21428571428571427,0.34205448627471924,myops_edema,C0+LGE+T2,0.3955429196357727,0.14402759810263044,,0.21803835034370422,,17,0.00736246258020401,0.029424041323363778,0.5377317809400604,0.37257245294293395,14,8,0.3,2319,,,,,/users/a/e/aereinh/CARE/results/20260707_srr_v3_m8_editor_grade_leaderboard_sprint/runtime/broad_eval/variants/m8_t2_centerC_edema_repair_longrun/proposal_pr_sweep_checkpoint_best.csv,True,m8_t2_centerC_edema_repair_longrun
Case3004,CenterC,checkpoint_best,4,,,3347,0.21428571428571427,0.34205448627471924,myops_edema,C0+LGE+T2,0.3955429196357727,0.037840565085771945,,0.21803835034370422,,8,0.00736246258020401,0.029424041323363778,0.6125126135216953,0.3627128772034658,5,3,0.4,1982,,,,,/users/a/e/aereinh/CARE/results/20260707_srr_v3_m8_editor_grade_leaderboard_sprint/runtime/broad_eval/variants/m8_t2_centerC_edema_repair_longrun/proposal_pr_sweep_checkpoint_best.csv,True,m8_t2_centerC_edema_repair_longrun
Case3004,CenterC,checkpoint_best,4,,,3347,0.21428571428571427,0.34205448627471924,myops_edema,C0+LGE+T2,0.3955429196357727,0.005904455179817499,,0.21803835034370422,,5,0.00736246258020401,0.029424041323363778,0.6382179280730005,0.3552435016432626,2,2,0.5,1863,,,,,/users/a/e/aereinh/CARE/results/20260707_srr_v3_m8_editor_grade_leaderboard_sprint/runtime/broad_eval/variants/m8_t2_centerC_edema_repair_longrun/proposal_pr_sweep_checkpoint_best.csv,True,m8_t2_centerC_edema_repair_longrun
Case3004,CenterC,checkpoint_best,4,,,3347,0.21428571428571427,0.34205448627471924,myops_edema,C0+LGE+T2,0.3955429196357727,0.0,,0.21803835034370422,,4,0.00736246258020401,0.029424041323363778,0.6471562672556599,0.35016432626232447,0,1,0.6,1811,,,,,/users/a/e/aereinh/CARE/results/20260707_srr_v3_m8_editor_grade_leaderboard_sprint/runtime/broad_eval/variants/m8_t2_centerC_edema_repair_longrun/proposal_pr_sweep_checkpoint_best.csv,True,m8_t2_centerC_edema_repair_longrun
Case3004,CenterC,checkpoint_best,4,,,3347,0.21428571428571427,0.34205448627471924,myops_edema,C0+LGE+T2,0.3955429196357727,0.0,,0.21803835034370422,,4,0.00736246258020401,0.029424041323363778,0.651565995525727,0.34807290110546757,0,1,0.7,1788,,,,,/users/a/e/aereinh/CARE/results/20260707_srr_v3_m8_editor_grade_leaderboard_sprint/runtime/broad_eval/variants/m8_t2_centerC_edema_repair_longrun/proposal_pr_sweep_checkpoint_best.csv,True,m8_t2_centerC_edema_repair_longrun
Case3011,CenterC,checkpoint_best,5,,,3126,1.0,0.15143714845180511,myops_scar,C0+LGE+T2,0.15328781306743622,0.4405214201493515,,-0.03728889301419258,,123,0.010287584736943245,0.019755246583372348,0.16743089217869775,0.817658349328215,116,65,0.03,15266,,,,,/users/a/e/aereinh/CARE/results/20260707_srr_v3_m8_editor_grade_leaderboard_sprint/runtime/broad_eval/variants/m8_t2_centerC_edema_repair_longrun/proposal_pr_sweep_checkpoint_best.csv,True,m8_t2_centerC_edema_repair_longrun
Case3011,CenterC,checkpoint_best,5,,,3126,1.0,0.15143714845180511,myops_scar,C0+LGE+T2,0.15328781306743622,0.32165031043460846,,-0.03728889301419258,,84,0.010287584736943245,0.019755246583372348,0.23713198477869016,0.7575175943698017,74,45,0.05,9986,,,,,/users/a/e/aereinh/CARE/results/20260707_srr_v3_m8_editor_grade_leaderboard_sprint/runtime/broad_eval/variants/m8_t2_centerC_edema_repair_longrun/proposal_pr_sweep_checkpoint_best.csv,True,m8_t2_centerC_edema_repair_longrun
Case3011,CenterC,checkpoint_best,5,,,3126,1.0,0.15143714845180511,myops_scar,C0+LGE+T2,0.15328781306743622,0.11855127395241104,,-0.03728889301419258,,35,0.010287584736943245,0.019755246583372348,0.45062118340703305,0.6845809341010877,25,24,0.1,4749,,,,,/users/a/e/aereinh/CARE/results/20260707_srr_v3_m8_editor_grade_leaderboard_sprint/runtime/broad_eval/variants/m8_t2_centerC_edema_repair_longrun/proposal_pr_sweep_checkpoint_best.csv,True,m8_t2_centerC_edema_repair_longrun
Case3011,CenterC,checkpoint_best,5,,,3126,1.0,0.15143714845180511,myops_scar,C0+LGE+T2,0.15328781306743622,0.0023744911804613297,,-0.03728889301419258,,5,0.010287584736943245,0.019755246583372348,0.675033921302578,0.63659628918746,1,2,0.2,2948,,,,,/users/a/e/aereinh/CARE/results/20260707_srr_v3_m8_editor_grade_leaderboard_sprint/runtime/broad_eval/variants/m8_t2_centerC_edema_repair_longrun/proposal_pr_sweep_checkpoint_best.csv,True,m8_t2_centerC_edema_repair_longrun
Case3011,CenterC,checkpoint_best,5,,,3126,1.0,0.15143714845180511,myops_scar,C0+LGE+T2,0.15328781306743622,0.0014414414414414415,,-0.03728889301419258,,3,0.010287584736943245,0.019755246583372348,0.6918918918918919,0.6142034548944337,0,0,0.3,2775,,,,,/users/a/e/aereinh/CARE/results/20260707_srr_v3_m8_editor_grade_leaderboard_sprint/runtime/broad_eval/variants/m8_t2_centerC_edema_repair_longrun/proposal_pr_sweep_checkpoint_best.csv,True,m8_t2_centerC_edema_repair_longrun
Case3011,CenterC,checkpoint_best,5,,,3126,1.0,0.15143714845180511,myops_scar,C0+LGE+T2,0.15328781306743622,0.0007457121551081282,,-0.03728889301419258,,3,0.010287584736943245,0.019755246583372348,0.7020879940343028,0.6023672424824056,0,0,0.4,2682,,,,,/users/a/e/aereinh/CARE/results/20260707_srr_v3_m8_editor_grade_leaderboard_sprint/runtime/broad_eval/variants/m8_t2_centerC_edema_repair_longrun/proposal_pr_sweep_checkpoint_best.csv,True,m8_t2_centerC_edema_repair_longrun
Case3011,CenterC,checkpoint_best,5,,,3126,1.0,0.15143714845180511,myops_scar,C0+LGE+T2,0.15328781306743622,0.0007689350249903883,,-0.03728889301419258,,3,0.010287584736943245,0.019755246583372348,0.7108804306036139,0.59149072296865,0,0,0.5,2601,,,,,/users/a/e/aereinh/CARE/results/20260707_srr_v3_m8_editor_grade_leaderboard_sprint/runtime/broad_eval/variants/m8_t2_centerC_edema_repair_longrun/proposal_pr_sweep_checkpoint_best.csv,True,m8_t2_centerC_edema_repair_longrun
Case3011,CenterC,checkpoint_best,5,,,3126,1.0,0.15143714845180511,myops_scar,C0+LGE+T2,0.15328781306743622,0.0003944773175542406,,-0.03728889301419258,,3,0.010287584736943245,0.019755246583372348,0.7191321499013806,0.5831733845169546,0,0,0.6,2535,,,,,/users/a/e/aereinh/CARE/results/20260707_srr_v3_m8_editor_grade_leaderboard_sprint/runtime/broad_eval/variants/m8_t2_centerC_edema_repair_longrun/proposal_pr_sweep_checkpoint_best.csv,True,m8_t2_centerC_edema_repair_longrun
Case3011,CenterC,checkpoint_best,5,,,3126,1.0,0.15143714845180511,myops_scar,C0+LGE+T2,0.15328781306743622,0.0004014452027298274,,-0.03728889301419258,,3,0.010287584736943245,0.019755246583372348,0.7250100361300682,0.5777351247600768,0,0,0.7,2491,,,,,/users/a/e/aereinh/CARE/results/20260707_srr_v3_m8_editor_grade_leaderboard_sprint/runtime/broad_eval/variants/m8_t2_centerC_edema_repair_longrun/proposal_pr_sweep_checkpoint_best.csv,True,m8_t2_centerC_edema_repair_longrun
Case3011,CenterC,checkpoint_best,4,,,868,0.8461538461538461,0.3440762758255005,myops_edema,C0+LGE+T2,0.3885083794593811,0.571313503250676,,0.20863713324069977,,82,0.009851931594312191,0.020207249559462064,0.03624647603705195,0.7258064516129032,69,55,0.03,17381,,,,,/users/a/e/aereinh/CARE/results/20260707_srr_v3_m8_editor_grade_leaderboard_sprint/runtime/broad_eval/variants/m8_t2_centerC_edema_repair_longrun/proposal_pr_sweep_checkpoint_best.csv,True,m8_t2_centerC_edema_repair_longrun
Case3011,CenterC,checkpoint_best,4,,,868,0.6923076923076923,0.3440762758255005,myops_edema,C0+LGE+T2,0.3885083794593811,0.5527589545014521,,0.20863713324069977,,36,0.009851931594312191,0.020207249559462064,0.04719264278799613,0.673963133640553,32,20,0.05,12396,,,,,/users/a/e/aereinh/CARE/results/20260707_srr_v3_m8_editor_grade_leaderboard_sprint/runtime/broad_eval/variants/m8_t2_centerC_edema_repair_longrun/proposal_pr_sweep_checkpoint_best.csv,True,m8_t2_centerC_edema_repair_longrun
Case3011,CenterC,checkpoint_best,4,,,868,0.38461538461538464,0.3440762758255005,myops_edema,C0+LGE+T2,0.3885083794593811,0.509019395090194,,0.20863713324069977,,29,0.009851931594312191,0.020207249559462064,0.0671368506713685,0.5702764976958525,20,13,0.1,7373,,,,,/users/a/e/aereinh/CARE/results/20260707_srr_v3_m8_editor_grade_leaderboard_sprint/runtime/broad_eval/variants/m8_t2_centerC_edema_repair_longrun/proposal_pr_sweep_checkpoint_best.csv,True,m8_t2_centerC_edema_repair_longrun
Case3011,CenterC,checkpoint_best,4,,,868,0.3076923076923077,0.3440762758255005,myops_edema,C0+LGE+T2,0.3885083794593811,0.39870633893919794,,0.20863713324069977,,20,0.009851931594312191,0.020207249559462064,0.11332470892626131,0.5046082949308756,13,8,0.2,3865,,,,,/users/a/e/aereinh/CARE/results/20260707_srr_v3_m8_editor_grade_leaderboard_sprint/runtime/broad_eval/variants/m8_t2_centerC_edema_repair_longrun/proposal_pr_sweep_checkpoint_best.csv,True,m8_t2_centerC_edema_repair_longrun
Case3011,CenterC,checkpoint_best,4,,,868,0.15384615384615385,0.3440762758255005,myops_edema,C0+LGE+T2,0.3885083794593811,0.3318600368324125,,0.20863713324069977,,12,0.009851931594312191,0.020207249559462064,0.14548802946593,0.45506912442396313,5,5,0.3,2715,,,,,/users/a/e/aereinh/CARE/results/20260707_srr_v3_m8_editor_grade_leaderboard_sprint/runtime/broad_eval/variants/m8_t2_centerC_edema_repair_longrun/proposal_pr_sweep_checkpoint_best.csv,True,m8_t2_centerC_edema_repair_longrun
Case3011,CenterC,checkpoint_best,4,,,868,0.15384615384615385,0.3440762758255005,myops_edema,C0+LGE+T2,0.3885083794593811,0.2921604375569736,,0.20863713324069977,,7,0.009851931594312191,0.020207249559462064,0.16043755697356427,0.4055299539170507,3,2,0.4,2194,,,,,/users/a/e/aereinh/CARE/results/20260707_srr_v3_m8_editor_grade_leaderboard_sprint/runtime/broad_eval/variants/m8_t2_centerC_edema_repair_longrun/proposal_pr_sweep_checkpoint_best.csv,True,m8_t2_centerC_edema_repair_longrun
Case3011,CenterC,checkpoint_best,4,,,868,0.15384615384615385,0.3440762758255005,myops_edema,C0+LGE+T2,0.3885083794593811,0.23491724506139883,,0.20863713324069977,,10,0.009851931594312191,0.020207249559462064,0.17191671115856913,0.3709677419354839,3,5,0.5,1873,,,,,/users/a/e/aereinh/CARE/results/20260707_srr_v3_m8_editor_grade_leaderboard_sprint/runtime/broad_eval/variants/m8_t2_centerC_edema_repair_longrun/proposal_pr_sweep_checkpoint_best.csv,True,m8_t2_centerC_edema_repair_longrun
Case3011,CenterC,checkpoint_best,4,,,868,0.15384615384615385,0.3440762758255005,myops_edema,C0+LGE+T2,0.3885083794593811,0.1612106238418777,,0.20863713324069977,,8,0.009851931594312191,0.020207249559462064,0.19147621988882027,0.35714285714285715,2,3,0.6,1619,,,,,/users/a/e/aereinh/CARE/results/20260707_srr_v3_m8_editor_grade_leaderboard_sprint/runtime/broad_eval/variants/m8_t2_centerC_edema_repair_longrun/proposal_pr_sweep_checkpoint_best.csv,True,m8_t2_centerC_edema_repair_longrun
Case3011,CenterC,checkpoint_best,4,,,868,0.15384615384615385,0.3440762758255005,myops_edema,C0+LGE+T2,0.3885083794593811,0.11653116531165311,,0.20863713324069977,,7,0.009851931594312191,0.020207249559462064,0.2073170731707317,0.35253456221198154,1,3,0.7,1476,,,,,/users/a/e/aereinh/CARE/results/20260707_srr_v3_m8_editor_grade_leaderboard_sprint/runtime/broad_eval/variants/m8_t2_centerC_edema_repair_longrun/proposal_pr_sweep_checkpoint_best.csv,True,m8_t2_centerC_edema_repair_longrun
Case3012,CenterC,checkpoint_best,5,,,2818,1.0,0.14535671472549438,myops_scar,C0+LGE+T2,0.14743003249168396,0.956911851705778,,-0.036428727209568024,,106,0.008621503598988056,0.04465800821781161,0.027546341944389666,0.7931156848828956,101,55,0.03,81136,,,,,/users/a/e/aereinh/CARE/results/20260707_srr_v3_m8_editor_grade_leaderboard_sprint/runtime/broad_eval/variants/m8_t2_centerC_edema_repair_longrun/proposal_pr_sweep_checkpoint_best.csv,True,m8_t2_centerC_edema_repair_longrun
Case3012,CenterC,checkpoint_best,5,,,2818,1.0,0.14535671472549438,myops_scar,C0+LGE+T2,0.14743003249168396,0.9394279185884145,,-0.036428727209568024,,80,0.008621503598988056,0.04465800821781161,0.04679896754538146,0.7849538679914834,70,48,0.05,47266,,,,,/users/a/e/aereinh/CARE/results/20260707_srr_v3_m8_editor_grade_leaderboard_sprint/runtime/broad_eval/variants/m8_t2_centerC_edema_repair_longrun/proposal_pr_sweep_checkpoint_best.csv,True,m8_t2_centerC_edema_repair_longrun
Case3012,CenterC,checkpoint_best,5,,,2818,1.0,0.14535671472549438,myops_scar,C0+LGE+T2,0.14743003249168396,0.37329362124596677,,-0.036428727209568024,,24,0.008621503598988056,0.04465800821781161,0.5475304045668901,0.7828246983676366,22,16,0.1,4029,,,,,/users/a/e/aereinh/CARE/results/20260707_srr_v3_m8_editor_grade_leaderboard_sprint/runtime/broad_eval/variants/m8_t2_centerC_edema_repair_longrun/proposal_pr_sweep_checkpoint_best.csv,True,m8_t2_centerC_edema_repair_longrun
Case3012,CenterC,checkpoint_best,5,,,2818,1.0,0.14535671472549438,myops_scar,C0+LGE+T2,0.14743003249168396,0.00955033824114604,,-0.036428727209568024,,4,0.008621503598988056,0.04465800821781161,0.8742538798249104,0.7796309439318666,3,3,0.2,2513,,,,,/users/a/e/aereinh/CARE/results/20260707_srr_v3_m8_editor_grade_leaderboard_sprint/runtime/broad_eval/variants/m8_t2_centerC_edema_repair_longrun/proposal_pr_sweep_checkpoint_best.csv,True,m8_t2_centerC_edema_repair_longrun
Case3012,CenterC,checkpoint_best,5,,,2818,1.0,0.14535671472549438,myops_scar,C0+LGE+T2,0.14743003249168396,0.0016214025131738954,,-0.036428727209568024,,2,0.008621503598988056,0.04465800821781161,0.8852857721929469,0.7750177430801988,1,1,0.3,2467,,,,,/users/a/e/aereinh/CARE/results/20260707_srr_v3_m8_editor_grade_leaderboard_sprint/runtime/broad_eval/variants/m8_t2_centerC_edema_repair_longrun/proposal_pr_sweep_checkpoint_best.csv,True,m8_t2_centerC_edema_repair_longrun
Case3012,CenterC,checkpoint_best,5,,,2818,1.0,0.14535671472549438,myops_scar,C0+LGE+T2,0.14743003249168396,0.0012325390304026294,,-0.036428727209568024,,2,0.008621503598988056,0.04465800821781161,0.8886606409202958,0.7675656493967353,1,1,0.4,2434,,,,,/users/a/e/aereinh/CARE/results/20260707_srr_v3_m8_editor_grade_leaderboard_sprint/runtime/broad_eval/variants/m8_t2_centerC_edema_repair_longrun/proposal_pr_sweep_checkpoint_best.csv,True,m8_t2_centerC_edema_repair_longrun
Case3012,CenterC,checkpoint_best,5,,,2818,1.0,0.14535671472549438,myops_scar,C0+LGE+T2,0.14743003249168396,0.0012536564981195152,,-0.036428727209568024,,2,0.008621503598988056,0.04465800821781161,0.8917676556623485,0.7572746628814763,1,1,0.5,2393,,,,,/users/a/e/aereinh/CARE/results/20260707_srr_v3_m8_editor_grade_leaderboard_sprint/runtime/broad_eval/variants/m8_t2_centerC_edema_repair_longrun/proposal_pr_sweep_checkpoint_best.csv,True,m8_t2_centerC_edema_repair_longrun
Case3012,CenterC,checkpoint_best,5,,,2818,1.0,0.14535671472549438,myops_scar,C0+LGE+T2,0.14743003249168396,0.0012975778546712802,,-0.036428727209568024,,2,0.008621503598988056,0.04465800821781161,0.9005190311418685,0.7388218594748048,1,1,0.6,2312,,,,,/users/a/e/aereinh/CARE/results/20260707_srr_v3_m8_editor_grade_leaderboard_sprint/runtime/broad_eval/variants/m8_t2_centerC_edema_repair_longrun/proposal_pr_sweep_checkpoint_best.csv,True,m8_t2_centerC_edema_repair_longrun
Case3012,CenterC,checkpoint_best,5,,,2818,1.0,0.14535671472549438,myops_scar,C0+LGE+T2,0.14743003249168396,0.00149402390438247,,-0.036428727209568024,,2,0.008621503598988056,0.04465800821781161,0.8969123505976095,0.6391057487579844,1,1,0.7,2008,,,,,/users/a/e/aereinh/CARE/results/20260707_srr_v3_m8_editor_grade_leaderboard_sprint/runtime/broad_eval/variants/m8_t2_centerC_edema_repair_longrun/proposal_pr_sweep_checkpoint_best.csv,True,m8_t2_centerC_edema_repair_longrun
Case3012,CenterC,checkpoint_best,4,,,4092,0.8333333333333334,0.34160882234573364,myops_edema,C0+LGE+T2,0.39430171251296997,0.8158237207926649,,0.21405397355556488,,192,0.009466981515288353,0.04390420466661479,0.050340136054421766,0.8318670576735093,180,93,0.03,67620,,,,,/users/a/e/aereinh/CARE/results/20260707_srr_v3_m8_editor_grade_leaderboard_sprint/runtime/broad_eval/variants/m8_t2_centerC_edema_repair_longrun/proposal_pr_sweep_checkpoint_best.csv,True,m8_t2_centerC_edema_repair_longrun
Case3012,CenterC,checkpoint_best,4,,,4092,0.8333333333333334,0.34160882234573364,myops_edema,C0+LGE+T2,0.39430171251296997,0.8139338731443995,,0.21405397355556488,,135,0.009466981515288353,0.04390420466661479,0.05846078872394662,0.762218963831867,122,72,0.05,53352,,,,,/users/a/e/aereinh/CARE/results/20260707_srr_v3_m8_editor_grade_leaderboard_sprint/runtime/broad_eval/variants/m8_t2_centerC_edema_repair_longrun/proposal_pr_sweep_checkpoint_best.csv,True,m8_t2_centerC_edema_repair_longrun
Case3012,CenterC,checkpoint_best,4,,,4092,0.6666666666666666,0.34160882234573364,myops_edema,C0+LGE+T2,0.39430171251296997,0.4108431758530184,,0.21405397355556488,,76,0.009466981515288353,0.04390420466661479,0.21046587926509186,0.6270772238514174,64,35,0.1,12192,,,,,/users/a/e/aereinh/CARE/results/20260707_srr_v3_m8_editor_grade_leaderboard_sprint/runtime/broad_eval/variants/m8_t2_centerC_edema_repair_longrun/proposal_pr_sweep_checkpoint_best.csv,True,m8_t2_centerC_edema_repair_longrun
Case3012,CenterC,checkpoint_best,4,,,4092,0.5,0.34160882234573364,myops_edema,C0+LGE+T2,0.39430171251296997,0.2290475412514295,,0.21405397355556488,,38,0.009466981515288353,0.04390420466661479,0.35190328377716057,0.5263929618768328,25,16,0.2,6121,,,,,/users/a/e/aereinh/CARE/results/20260707_srr_v3_m8_editor_grade_leaderboard_sprint/runtime/broad_eval/variants/m8_t2_centerC_edema_repair_longrun/proposal_pr_sweep_checkpoint_best.csv,True,m8_t2_centerC_edema_repair_longrun
Case3012,CenterC,checkpoint_best,4,,,4092,0.3333333333333333,0.34160882234573364,myops_edema,C0+LGE+T2,0.39430171251296997,0.12521913348359628,,0.21405397355556488,,29,0.009466981515288353,0.04390420466661479,0.4755822689706987,0.4640762463343108,16,19,0.3,3993,,,,,/users/a/e/aereinh/CARE/results/20260707_srr_v3_m8_editor_grade_leaderboard_sprint/runtime/broad_eval/variants/m8_t2_centerC_edema_repair_longrun/proposal_pr_sweep_checkpoint_best.csv,True,m8_t2_centerC_edema_repair_longrun
Case3012,CenterC,checkpoint_best,4,,,4092,0.3333333333333333,0.34160882234573364,myops_edema,C0+LGE+T2,0.39430171251296997,0.05931917762049208,,0.21405397355556488,,24,0.009466981515288353,0.04390420466661479,0.5807212672733401,0.4210654936461388,7,14,0.4,2967,,,,,/users/a/e/aereinh/CARE/results/20260707_srr_v3_m8_editor_grade_leaderboard_sprint/runtime/broad_eval/variants/m8_t2_centerC_edema_repair_longrun/proposal_pr_sweep_checkpoint_best.csv,True,m8_t2_centerC_edema_repair_longrun
Case3012,CenterC,checkpoint_best,4,,,4092,0.3333333333333333,0.34160882234573364,myops_edema,C0+LGE+T2,0.39430171251296997,0.029914529914529916,,0.21405397355556488,,23,0.009466981515288353,0.04390420466661479,0.621989121989122,0.3912512218963832,2,14,0.5,2574,,,,,/users/a/e/aereinh/CARE/results/20260707_srr_v3_m8_editor_grade_leaderboard_sprint/runtime/broad_eval/variants/m8_t2_centerC_edema_repair_longrun/proposal_pr_sweep_checkpoint_best.csv,True,m8_t2_centerC_edema_repair_longrun
Case3012,CenterC,checkpoint_best,4,,,4092,0.3333333333333333,0.34160882234573364,myops_edema,C0+LGE+T2,0.39430171251296997,0.015280135823429542,,0.21405397355556488,,23,0.009466981515288353,0.04390420466661479,0.6426146010186757,0.3699902248289345,1,12,0.6,2356,,,,,/users/a/e/aereinh/CARE/results/20260707_srr_v3_m8_editor_grade_leaderboard_sprint/runtime/broad_eval/variants/m8_t2_centerC_edema_repair_longrun/proposal_pr_sweep_checkpoint_best.csv,True,m8_t2_centerC_edema_repair_longrun
Case3012,CenterC,checkpoint_best,4,,,4092,0.3333333333333333,0.34160882234573364,myops_edema,C0+LGE+T2,0.39430171251296997,0.007236544549977386,,0.21405397355556488,,18,0.009466981515288353,0.04390420466661479,0.6598824061510629,0.35654936461388076,1,13,0.7,2211,,,,,/users/a/e/aereinh/CARE/results/20260707_srr_v3_m8_editor_grade_leaderboard_sprint/runtime/broad_eval/variants/m8_t2_centerC_edema_repair_longrun/proposal_pr_sweep_checkpoint_best.csv,True,m8_t2_centerC_edema_repair_longrun
Case3023,CenterC,checkpoint_best,5,,,1935,1.0,0.14751359820365906,myops_scar,C0+LGE+T2,0.148711696267128,0.91365171249397,,-0.03679373860359192,,127,0.009538927115499973,0.04210027009248733,0.0316369191188294,0.81343669250646,121,74,0.03,49752,,,,,/users/a/e/aereinh/CARE/results/20260707_srr_v3_m8_editor_grade_leaderboard_sprint/runtime/broad_eval/variants/m8_t2_centerC_edema_repair_longrun/proposal_pr_sweep_checkpoint_best.csv,True,m8_t2_centerC_edema_repair_longrun
Case3023,CenterC,checkpoint_best,5,,,1935,1.0,0.14751359820365906,myops_scar,C0+LGE+T2,0.148711696267128,0.8812312824595322,,-0.03679373860359192,,83,0.009538927115499973,0.04210027009248733,0.05894840592895864,0.8036175710594315,75,39,0.05,26379,,,,,/users/a/e/aereinh/CARE/results/20260707_srr_v3_m8_editor_grade_leaderboard_sprint/runtime/broad_eval/variants/m8_t2_centerC_edema_repair_longrun/proposal_pr_sweep_checkpoint_best.csv,True,m8_t2_centerC_edema_repair_longrun
Case3023,CenterC,checkpoint_best,5,,,1935,1.0,0.14751359820365906,myops_scar,C0+LGE+T2,0.148711696267128,0.3062187673514714,,-0.03679373860359192,,29,0.009538927115499973,0.04210027009248733,0.4267073847862299,0.7943152454780362,27,19,0.1,3602,,,,,/users/a/e/aereinh/CARE/results/20260707_srr_v3_m8_editor_grade_leaderboard_sprint/runtime/broad_eval/variants/m8_t2_centerC_edema_repair_longrun/proposal_pr_sweep_checkpoint_best.csv,True,m8_t2_centerC_edema_repair_longrun
Case3023,CenterC,checkpoint_best,5,,,1935,1.0,0.14751359820365906,myops_scar,C0+LGE+T2,0.148711696267128,0.10736999625888514,,-0.03679373860359192,,4,0.009538927115499973,0.04210027009248733,0.5679012345679012,0.7844961240310078,3,3,0.2,2673,,,,,/users/a/e/aereinh/CARE/results/20260707_srr_v3_m8_editor_grade_leaderboard_sprint/runtime/broad_eval/variants/m8_t2_centerC_edema_repair_longrun/proposal_pr_sweep_checkpoint_best.csv,True,m8_t2_centerC_edema_repair_longrun
Case3023,CenterC,checkpoint_best,5,,,1935,1.0,0.14751359820365906,myops_scar,C0+LGE+T2,0.148711696267128,0.10610687022900764,,-0.03679373860359192,,3,0.009538927115499973,0.04210027009248733,0.5744274809160306,0.7777777777777778,2,2,0.3,2620,,,,,/users/a/e/aereinh/CARE/results/20260707_srr_v3_m8_editor_grade_leaderboard_sprint/runtime/broad_eval/variants/m8_t2_centerC_edema_repair_longrun/proposal_pr_sweep_checkpoint_best.csv,True,m8_t2_centerC_edema_repair_longrun
Case3023,CenterC,checkpoint_best,5,,,1935,1.0,0.14751359820365906,myops_scar,C0+LGE+T2,0.148711696267128,0.10611928737412858,,-0.03679373860359192,,2,0.009538927115499973,0.04210027009248733,0.5793958171959721,0.7731266149870801,1,1,0.4,2582,,,,,/users/a/e/aereinh/CARE/results/20260707_srr_v3_m8_editor_grade_leaderboard_sprint/runtime/broad_eval/variants/m8_t2_centerC_edema_repair_longrun/proposal_pr_sweep_checkpoint_best.csv,True,m8_t2_centerC_edema_repair_longrun
Case3023,CenterC,checkpoint_best,5,,,1935,1.0,0.14751359820365906,myops_scar,C0+LGE+T2,0.148711696267128,0.10567514677103718,,-0.03679373860359192,,2,0.009538927115499973,0.04210027009248733,0.5819960861056751,0.7684754521963825,1,1,0.5,2555,,,,,/users/a/e/aereinh/CARE/results/20260707_srr_v3_m8_editor_grade_leaderboard_sprint/runtime/broad_eval/variants/m8_t2_centerC_edema_repair_longrun/proposal_pr_sweep_checkpoint_best.csv,True,m8_t2_centerC_edema_repair_longrun
Case3023,CenterC,checkpoint_best,5,,,1935,1.0,0.14751359820365906,myops_scar,C0+LGE+T2,0.148711696267128,0.10528406833531982,,-0.03679373860359192,,2,0.009538927115499973,0.04210027009248733,0.5848232022248708,0.7607235142118863,1,1,0.6,2517,,,,,/users/a/e/aereinh/CARE/results/20260707_srr_v3_m8_editor_grade_leaderboard_sprint/runtime/broad_eval/variants/m8_t2_centerC_edema_repair_longrun/proposal_pr_sweep_checkpoint_best.csv,True,m8_t2_centerC_edema_repair_longrun
Case3023,CenterC,checkpoint_best,5,,,1935,1.0,0.14751359820365906,myops_scar,C0+LGE+T2,0.148711696267128,0.10911371237458194,,-0.03679373860359192,,2,0.009538927115499973,0.04210027009248733,0.5907190635451505,0.7302325581395349,1,1,0.7,2392,,,,,/users/a/e/aereinh/CARE/results/20260707_srr_v3_m8_editor_grade_leaderboard_sprint/runtime/broad_eval/variants/m8_t2_centerC_edema_repair_longrun/proposal_pr_sweep_checkpoint_best.csv,True,m8_t2_centerC_edema_repair_longrun
Case3023,CenterC,checkpoint_best,4,,,764,0.7,0.3397739827632904,myops_edema,C0+LGE+T2,0.39021390676498413,0.8801555652627278,,0.21063104271888733,,112,0.0126262241974473,0.07277516573667524,0.006650978623867432,0.6178010471204188,111,51,0.03,70967,,,,,/users/a/e/aereinh/CARE/results/20260707_srr_v3_m8_editor_grade_leaderboard_sprint/runtime/broad_eval/variants/m8_t2_centerC_edema_repair_longrun/proposal_pr_sweep_checkpoint_best.csv,True,m8_t2_centerC_edema_repair_longrun
Case3023,CenterC,checkpoint_best,4,,,764,0.7,0.3397739827632904,myops_edema,C0+LGE+T2,0.39021390676498413,0.8826801727000997,,0.21063104271888733,,90,0.0126262241974473,0.07277516573667524,0.005612753238126868,0.4424083769633508,84,43,0.05,60220,,,,,/users/a/e/aereinh/CARE/results/20260707_srr_v3_m8_editor_grade_leaderboard_sprint/runtime/broad_eval/variants/m8_t2_centerC_edema_repair_longrun/proposal_pr_sweep_checkpoint_best.csv,True,m8_t2_centerC_edema_repair_longrun
Case3023,CenterC,checkpoint_best,4,,,764,0.6,0.3397739827632904,myops_edema,C0+LGE+T2,0.39021390676498413,0.5716278306531014,,0.21063104271888733,,68,0.0126262241974473,0.07277516573667524,0.017722349852313753,0.28272251308900526,62,39,0.1,12188,,,,,/users/a/e/aereinh/CARE/results/20260707_srr_v3_m8_editor_grade_leaderboard_sprint/runtime/broad_eval/variants/m8_t2_centerC_edema_repair_longrun/proposal_pr_sweep_checkpoint_best.csv,True,m8_t2_centerC_edema_repair_longrun
Case3023,CenterC,checkpoint_best,4,,,764,0.6,0.3397739827632904,myops_edema,C0+LGE+T2,0.39021390676498413,0.44560838033843675,,0.21063104271888733,,25,0.0126262241974473,0.07277516573667524,0.02626913779210314,0.21335078534031413,15,10,0.2,6205,,,,,/users/a/e/aereinh/CARE/results/20260707_srr_v3_m8_editor_grade_leaderboard_sprint/runtime/broad_eval/variants/m8_t2_centerC_edema_repair_longrun/proposal_pr_sweep_checkpoint_best.csv,True,m8_t2_centerC_edema_repair_longrun
Case3023,CenterC,checkpoint_best,4,,,764,0.6,0.3397739827632904,myops_edema,C0+LGE+T2,0.39021390676498413,0.3610657966286025,,0.21063104271888733,,26,0.0126262241974473,0.07277516573667524,0.0399673735725938,0.19240837696335078,13,11,0.3,3678,,,,,/users/a/e/aereinh/CARE/results/20260707_srr_v3_m8_editor_grade_leaderboard_sprint/runtime/broad_eval/variants/m8_t2_centerC_edema_repair_longrun/proposal_pr_sweep_checkpoint_best.csv,True,m8_t2_centerC_edema_repair_longrun
Case3023,CenterC,checkpoint_best,4,,,764,0.6,0.3397739827632904,myops_edema,C0+LGE+T2,0.39021390676498413,0.21854613233923578,,0.21063104271888733,,31,0.0126262241974473,0.07277516573667524,0.06477166821994408,0.18193717277486912,8,19,0.4,2146,,,,,/users/a/e/aereinh/CARE/results/20260707_srr_v3_m8_editor_grade_leaderboard_sprint/runtime/broad_eval/variants/m8_t2_centerC_edema_repair_longrun/proposal_pr_sweep_checkpoint_best.csv,True,m8_t2_centerC_edema_repair_longrun
Case3023,CenterC,checkpoint_best,4,,,764,0.6,0.3397739827632904,myops_edema,C0+LGE+T2,0.39021390676498413,0.11376858435681965,,0.21063104271888733,,16,0.0126262241974473,0.07277516573667524,0.0892049127343245,0.1806282722513089,4,9,0.5,1547,,,,,/users/a/e/aereinh/CARE/results/20260707_srr_v3_m8_editor_grade_leaderboard_sprint/runtime/broad_eval/variants/m8_t2_centerC_edema_repair_longrun/proposal_pr_sweep_checkpoint_best.csv,True,m8_t2_centerC_edema_repair_longrun
Case3023,CenterC,checkpoint_best,4,,,764,0.6,0.3397739827632904,myops_edema,C0+LGE+T2,0.39021390676498413,0.07109004739336493,,0.21063104271888733,,18,0.0126262241974473,0.07277516573667524,0.10821484992101106,0.1793193717277487,3,10,0.6,1266,,,,,/users/a/e/aereinh/CARE/results/20260707_srr_v3_m8_editor_grade_leaderboard_sprint/runtime/broad_eval/variants/m8_t2_centerC_edema_repair_longrun/proposal_pr_sweep_checkpoint_best.csv,True,m8_t2_centerC_edema_repair_longrun
Case3023,CenterC,checkpoint_best,4,,,764,0.6,0.3397739827632904,myops_edema,C0+LGE+T2,0.39021390676498413,0.04911955514365153,,0.21063104271888733,,13,0.0126262241974473,0.07277516573667524,0.12511584800741427,0.17670157068062828,1,6,0.7,1079,,,,,/users/a/e/aereinh/CARE/results/20260707_srr_v3_m8_editor_grade_leaderboard_sprint/runtime/broad_eval/variants/m8_t2_centerC_edema_repair_longrun/proposal_pr_sweep_checkpoint_best.csv,True,m8_t2_centerC_edema_repair_longrun
Case3026,CenterC,checkpoint_best,5,,,4353,1.0,0.1398760825395584,myops_scar,C0+LGE+T2,0.14191414415836334,0.9615927494242626,,-0.03538254648447037,,44,0.01138604711741209,0.0656680881977082,0.030736943763464825,0.7603951297955434,39,25,0.03,107688,,,,,/users/a/e/aereinh/CARE/results/20260707_srr_v3_m8_editor_grade_leaderboard_sprint/runtime/broad_eval/variants/m8_t2_centerC_edema_repair_longrun/proposal_pr_sweep_checkpoint_best.csv,True,m8_t2_centerC_edema_repair_longrun
Case3026,CenterC,checkpoint_best,5,,,4353,1.0,0.1398760825395584,myops_scar,C0+LGE+T2,0.14191414415836334,0.9440984068358947,,-0.03538254648447037,,29,0.01138604711741209,0.0656680881977082,0.050533663025446804,0.7417872731449575,24,15,0.05,63898,,,,,/users/a/e/aereinh/CARE/results/20260707_srr_v3_m8_editor_grade_leaderboard_sprint/runtime/broad_eval/variants/m8_t2_centerC_edema_repair_longrun/proposal_pr_sweep_checkpoint_best.csv,True,m8_t2_centerC_edema_repair_longrun
Case3026,CenterC,checkpoint_best,5,,,4353,1.0,0.1398760825395584,myops_scar,C0+LGE+T2,0.14191414415836334,0.08743169398907104,,-0.03538254648447037,,12,0.01138604711741209,0.0656680881977082,0.8603825136612022,0.7234091431196876,9,8,0.1,3660,,,,,/users/a/e/aereinh/CARE/results/20260707_srr_v3_m8_editor_grade_leaderboard_sprint/runtime/broad_eval/variants/m8_t2_centerC_edema_repair_longrun/proposal_pr_sweep_checkpoint_best.csv,True,m8_t2_centerC_edema_repair_longrun
Case3026,CenterC,checkpoint_best,5,,,4353,1.0,0.1398760825395584,myops_scar,C0+LGE+T2,0.14191414415836334,0.0,,-0.03538254648447037,,1,0.01138604711741209,0.0656680881977082,0.9492619926199262,0.7091660923501034,0,0,0.2,3252,,,,,/users/a/e/aereinh/CARE/results/20260707_srr_v3_m8_editor_grade_leaderboard_sprint/runtime/broad_eval/variants/m8_t2_centerC_edema_repair_longrun/proposal_pr_sweep_checkpoint_best.csv,True,m8_t2_centerC_edema_repair_longrun
Case3026,CenterC,checkpoint_best,5,,,4353,1.0,0.1398760825395584,myops_scar,C0+LGE+T2,0.14191414415836334,0.0,,-0.03538254648447037,,1,0.01138604711741209,0.0656680881977082,0.9513329200247985,0.7050310130944176,0,0,0.3,3226,,,,,/users/a/e/aereinh/CARE/results/20260707_srr_v3_m8_editor_grade_leaderboard_sprint/runtime/broad_eval/variants/m8_t2_centerC_edema_repair_longrun/proposal_pr_sweep_checkpoint_best.csv,True,m8_t2_centerC_edema_repair_longrun
Case3026,CenterC,checkpoint_best,5,,,4353,1.0,0.1398760825395584,myops_scar,C0+LGE+T2,0.14191414415836334,0.0,,-0.03538254648447037,,1,0.01138604711741209,0.0656680881977082,0.9527977492966552,0.7002067539627843,0,0,0.4,3199,,,,,/users/a/e/aereinh/CARE/results/20260707_srr_v3_m8_editor_grade_leaderboard_sprint/runtime/broad_eval/variants/m8_t2_centerC_edema_repair_longrun/proposal_pr_sweep_checkpoint_best.csv,True,m8_t2_centerC_edema_repair_longrun
Case3026,CenterC,checkpoint_best,5,,,4353,1.0,0.1398760825395584,myops_scar,C0+LGE+T2,0.14191414415836334,0.0,,-0.03538254648447037,,1,0.01138604711741209,0.0656680881977082,0.9539577420372123,0.6949230415805192,0,0,0.5,3171,,,,,/users/a/e/aereinh/CARE/results/20260707_srr_v3_m8_editor_grade_leaderboard_sprint/runtime/broad_eval/variants/m8_t2_centerC_edema_repair_longrun/proposal_pr_sweep_checkpoint_best.csv,True,m8_t2_centerC_edema_repair_longrun
Case3026,CenterC,checkpoint_best,5,,,4353,1.0,0.1398760825395584,myops_scar,C0+LGE+T2,0.14191414415836334,0.0,,-0.03538254648447037,,1,0.01138604711741209,0.0656680881977082,0.9559386973180076,0.687801516195727,0,0,0.6,3132,,,,,/users/a/e/aereinh/CARE/results/20260707_srr_v3_m8_editor_grade_leaderboard_sprint/runtime/broad_eval/variants/m8_t2_centerC_edema_repair_longrun/proposal_pr_sweep_checkpoint_best.csv,True,m8_t2_centerC_edema_repair_longrun
Case3026,CenterC,checkpoint_best,5,,,4353,1.0,0.1398760825395584,myops_scar,C0+LGE+T2,0.14191414415836334,0.0,,-0.03538254648447037,,1,0.01138604711741209,0.0656680881977082,0.9579158316633266,0.658855961405927,0,0,0.7,2994,,,,,/users/a/e/aereinh/CARE/results/20260707_srr_v3_m8_editor_grade_leaderboard_sprint/runtime/broad_eval/variants/m8_t2_centerC_edema_repair_longrun/proposal_pr_sweep_checkpoint_best.csv,True,m8_t2_centerC_edema_repair_longrun
Case3026,CenterC,checkpoint_best,4,,,1828,0.7647058823529411,0.34151986241340637,myops_edema,C0+LGE+T2,0.3983827233314514,0.9143660172468859,,0.21643924713134766,,118,0.009585998021066189,0.06598674245178714,0.010808048546790162,0.462800875273523,101,54,0.03,78275,,,,,/users/a/e/aereinh/CARE/results/20260707_srr_v3_m8_editor_grade_leaderboard_sprint/runtime/broad_eval/variants/m8_t2_centerC_edema_repair_longrun/proposal_pr_sweep_checkpoint_best.csv,True,m8_t2_centerC_edema_repair_longrun
Case3026,CenterC,checkpoint_best,4,,,1828,0.6470588235294118,0.34151986241340637,myops_edema,C0+LGE+T2,0.3983827233314514,0.9223152847401688,,0.21643924713134766,,83,0.009585998021066189,0.06598674245178714,0.009371983684652987,0.3293216630196937,69,39,0.05,64234,,,,,/users/a/e/aereinh/CARE/results/20260707_srr_v3_m8_editor_grade_leaderboard_sprint/runtime/broad_eval/variants/m8_t2_centerC_edema_repair_longrun/proposal_pr_sweep_checkpoint_best.csv,True,m8_t2_centerC_edema_repair_longrun
Case3026,CenterC,checkpoint_best,4,,,1828,0.5882352941176471,0.34151986241340637,myops_edema,C0+LGE+T2,0.3983827233314514,0.6426938028813172,,0.21643924713134766,,72,0.009585998021066189,0.06598674245178714,0.05259547221587011,0.25164113785557984,55,40,0.1,8746,,,,,/users/a/e/aereinh/CARE/results/20260707_srr_v3_m8_editor_grade_leaderboard_sprint/runtime/broad_eval/variants/m8_t2_centerC_edema_repair_longrun/proposal_pr_sweep_checkpoint_best.csv,True,m8_t2_centerC_edema_repair_longrun
Case3026,CenterC,checkpoint_best,4,,,1828,0.47058823529411764,0.34151986241340637,myops_edema,C0+LGE+T2,0.3983827233314514,0.4739434793881255,,0.21643924713134766,,33,0.009585998021066189,0.06598674245178714,0.10318900700025926,0.21772428884026257,26,19,0.2,3857,,,,,/users/a/e/aereinh/CARE/results/20260707_srr_v3_m8_editor_grade_leaderboard_sprint/runtime/broad_eval/variants/m8_t2_centerC_edema_repair_longrun/proposal_pr_sweep_checkpoint_best.csv,True,m8_t2_centerC_edema_repair_longrun
Case3026,CenterC,checkpoint_best,4,,,1828,0.47058823529411764,0.34151986241340637,myops_edema,C0+LGE+T2,0.3983827233314514,0.35200311162971604,,0.21643924713134766,,21,0.009585998021066189,0.06598674245178714,0.14896927265655388,0.20951859956236324,14,13,0.3,2571,,,,,/users/a/e/aereinh/CARE/results/20260707_srr_v3_m8_editor_grade_leaderboard_sprint/runtime/broad_eval/variants/m8_t2_centerC_edema_repair_longrun/proposal_pr_sweep_checkpoint_best.csv,True,m8_t2_centerC_edema_repair_longrun
Case3026,CenterC,checkpoint_best,4,,,1828,0.47058823529411764,0.34151986241340637,myops_edema,C0+LGE+T2,0.3983827233314514,0.2607058823529412,,0.21643924713134766,,11,0.009585998021066189,0.06598674245178714,0.17458823529411766,0.20295404814004375,7,6,0.4,2125,,,,,/users/a/e/aereinh/CARE/results/20260707_srr_v3_m8_editor_grade_leaderboard_sprint/runtime/broad_eval/variants/m8_t2_centerC_edema_repair_longrun/proposal_pr_sweep_checkpoint_best.csv,True,m8_t2_centerC_edema_repair_longrun
Case3026,CenterC,checkpoint_best,4,,,1828,0.47058823529411764,0.34151986241340637,myops_edema,C0+LGE+T2,0.3983827233314514,0.17467248908296942,,0.21643924713134766,,9,0.009585998021066189,0.06598674245178714,0.19814410480349345,0.1985776805251641,5,6,0.5,1832,,,,,/users/a/e/aereinh/CARE/results/20260707_srr_v3_m8_editor_grade_leaderboard_sprint/runtime/broad_eval/variants/m8_t2_centerC_edema_repair_longrun/proposal_pr_sweep_checkpoint_best.csv,True,m8_t2_centerC_edema_repair_longrun
Case3026,CenterC,checkpoint_best,4,,,1828,0.47058823529411764,0.34151986241340637,myops_edema,C0+LGE+T2,0.3983827233314514,0.12150089338892198,,0.21643924713134766,,5,0.009585998021066189,0.06598674245178714,0.21381774865991662,0.1963894967177243,1,2,0.6,1679,,,,,/users/a/e/aereinh/CARE/results/20260707_srr_v3_m8_editor_grade_leaderboard_sprint/runtime/broad_eval/variants/m8_t2_centerC_edema_repair_longrun/proposal_pr_sweep_checkpoint_best.csv,True,m8_t2_centerC_edema_repair_longrun
Case3026,CenterC,checkpoint_best,4,,,1828,0.47058823529411764,0.34151986241340637,myops_edema,C0+LGE+T2,0.3983827233314514,0.08482142857142858,,0.21643924713134766,,5,0.009585998021066189,0.06598674245178714,0.22767857142857142,0.19529540481400437,1,2,0.7,1568,,,,,/users/a/e/aereinh/CARE/results/20260707_srr_v3_m8_editor_grade_leaderboard_sprint/runtime/broad_eval/variants/m8_t2_centerC_edema_repair_longrun/proposal_pr_sweep_checkpoint_best.csv,True,m8_t2_centerC_edema_repair_longrun
Case1002,CenterA,checkpoint_best,5,argmax,0.5640155189136761,,,,myops_scar,LGE-only,,,0.05348679756262695,,0.9176895306859206,,,,,,,,,,0.7672231197357178,0.0014815812464803457,0.1,1477,/users/a/e/aereinh/CARE/results/20260707_srr_v3_m8_editor_grade_leaderboard_sprint/runtime/variants/m8_full_srr_context_arbitration_longrun/roi_coverage_checkpoint_best.csv,False,m8_full_srr_context_arbitration_longrun
Case1002,CenterA,checkpoint_best,4,argmax,,,,,myops_edema,LGE-only,,,,,,,,,,,,,,,0.0,6.481940363300964e-05,0.1,0,/users/a/e/aereinh/CARE/results/20260707_srr_v3_m8_editor_grade_leaderboard_sprint/runtime/variants/m8_full_srr_context_arbitration_longrun/roi_coverage_checkpoint_best.csv,False,m8_full_srr_context_arbitration_longrun
Case1002,CenterA,checkpoint_best,5,pathology_aware,0.5640155189136761,,,,myops_scar,LGE-only,,,0.05348679756262695,,0.9108367626886146,,,,,,,,,,0.7672231197357178,0.0014815812464803457,0.1,1477,/users/a/e/aereinh/CARE/results/20260707_srr_v3_m8_editor_grade_leaderboard_sprint/runtime/variants/m8_full_srr_context_arbitration_longrun/roi_coverage_checkpoint_best.csv,False,m8_full_srr_context_arbitration_longrun
Case1002,CenterA,checkpoint_best,4,pathology_aware,,,,,myops_edema,LGE-only,,,,,,,,,,,,,,,0.0,6.481940363300964e-05,0.1,0,/users/a/e/aereinh/CARE/results/20260707_srr_v3_m8_editor_grade_leaderboard_sprint/runtime/variants/m8_full_srr_context_arbitration_longrun/roi_coverage_checkpoint_best.csv,False,m8_full_srr_context_arbitration_longrun
Case1007,CenterA,checkpoint_best,5,argmax,0.8337983260263053,,,,myops_scar,LGE-only,,,0.14551863041289023,,0.9669102720259846,,,,,,,,,,2.7661097049713135,0.0029835468158125877,0.1,5958,/users/a/e/aereinh/CARE/results/20260707_srr_v3_m8_editor_grade_leaderboard_sprint/runtime/variants/m8_full_srr_context_arbitration_longrun/roi_coverage_checkpoint_best.csv,False,m8_full_srr_context_arbitration_longrun
Case1007,CenterA,checkpoint_best,4,argmax,,,,,myops_edema,LGE-only,,,,,,,,,,,,,,,0.0,0.00010769617074402049,0.1,0,/users/a/e/aereinh/CARE/results/20260707_srr_v3_m8_editor_grade_leaderboard_sprint/runtime/variants/m8_full_srr_context_arbitration_longrun/roi_coverage_checkpoint_best.csv,False,m8_full_srr_context_arbitration_longrun
Case1007,CenterA,checkpoint_best,5,pathology_aware,0.8337983260263053,,,,myops_scar,LGE-only,,,0.14551863041289023,,0.9645825089038386,,,,,,,,,,2.7661097049713135,0.0029835468158125877,0.1,5958,/users/a/e/aereinh/CARE/results/20260707_srr_v3_m8_editor_grade_leaderboard_sprint/runtime/variants/m8_full_srr_context_arbitration_longrun/roi_coverage_checkpoint_best.csv,False,m8_full_srr_context_arbitration_longrun
Case1007,CenterA,checkpoint_best,4,pathology_aware,,,,,myops_edema,LGE-only,,,,,,,,,,,,,,,0.0,0.00010769617074402049,0.1,0,/users/a/e/aereinh/CARE/results/20260707_srr_v3_m8_editor_grade_leaderboard_sprint/runtime/variants/m8_full_srr_context_arbitration_longrun/roi_coverage_checkpoint_best.csv,False,m8_full_srr_context_arbitration_longrun
Case1009,CenterA,checkpoint_best,5,argmax,0.6740831295843521,,,,myops_scar,LGE-only,,,0.12455449259050835,,0.9640044994375703,,,,,,,,,,3.945312976837158,0.003559716511517763,0.1,5331,/users/a/e/aereinh/CARE/results/20260707_srr_v3_m8_editor_grade_leaderboard_sprint/runtime/variants/m8_full_srr_context_arbitration_longrun/roi_coverage_checkpoint_best.csv,False,m8_full_srr_context_arbitration_longrun
Case1009,CenterA,checkpoint_best,4,argmax,,,,,myops_edema,LGE-only,,,,,,,,,,,,,,,0.0,0.00012508119107224047,0.1,0,/users/a/e/aereinh/CARE/results/20260707_srr_v3_m8_editor_grade_leaderboard_sprint/runtime/variants/m8_full_srr_context_arbitration_longrun/roi_coverage_checkpoint_best.csv,False,m8_full_srr_context_arbitration_longrun
Case1009,CenterA,checkpoint_best,5,pathology_aware,0.6740831295843521,,,,myops_scar,LGE-only,,,0.12455449259050835,,0.9595263724434876,,,,,,,,,,3.945312976837158,0.003559716511517763,0.1,5331,/users/a/e/aereinh/CARE/results/20260707_srr_v3_m8_editor_grade_leaderboard_sprint/runtime/variants/m8_full_srr_context_arbitration_longrun/roi_coverage_checkpoint_best.csv,False,m8_full_srr_context_arbitration_longrun
Case1009,CenterA,checkpoint_best,4,pathology_aware,,,,,myops_edema,LGE-only,,,,,,,,,,,,,,,0.0,0.00012508119107224047,0.1,0,/users/a/e/aereinh/CARE/results/20260707_srr_v3_m8_editor_grade_leaderboard_sprint/runtime/variants/m8_full_srr_context_arbitration_longrun/roi_coverage_checkpoint_best.csv,False,m8_full_srr_context_arbitration_longrun
Case1010,CenterA,checkpoint_best,5,argmax,0.4567594433399602,,,,myops_scar,LGE-only,,,0.3253588516746411,,0.858622790981109,,,,,,,,,,0.5713734030723572,0.0012353583006188273,0.1,1672,/users/a/e/aereinh/CARE/results/20260707_srr_v3_m8_editor_grade_leaderboard_sprint/runtime/variants/m8_full_srr_context_arbitration_longrun/roi_coverage_checkpoint_best.csv,False,m8_full_srr_context_arbitration_longrun
Case1010,CenterA,checkpoint_best,4,argmax,,,,,myops_edema,LGE-only,,,,,,,,,,,,,,,0.0,5.6394532293779776e-05,0.1,0,/users/a/e/aereinh/CARE/results/20260707_srr_v3_m8_editor_grade_leaderboard_sprint/runtime/variants/m8_full_srr_context_arbitration_longrun/roi_coverage_checkpoint_best.csv,False,m8_full_srr_context_arbitration_longrun
Case1010,CenterA,checkpoint_best,5,pathology_aware,0.4567594433399602,,,,myops_scar,LGE-only,,,0.3253588516746411,,0.8366336633663366,,,,,,,,,,0.5713734030723572,0.0012353583006188273,0.1,1672,/users/a/e/aereinh/CARE/results/20260707_srr_v3_m8_editor_grade_leaderboard_sprint/runtime/variants/m8_full_srr_context_arbitration_longrun/roi_coverage_checkpoint_best.csv,False,m8_full_srr_context_arbitration_longrun
Case1010,CenterA,checkpoint_best,4,pathology_aware,,,,,myops_edema,LGE-only,,,,,,,,,,,,,,,0.0,5.6394532293779776e-05,0.1,0,/users/a/e/aereinh/CARE/results/20260707_srr_v3_m8_editor_grade_leaderboard_sprint/runtime/variants/m8_full_srr_context_arbitration_longrun/roi_coverage_checkpoint_best.csv,False,m8_full_srr_context_arbitration_longrun
Case1021,CenterA,checkpoint_best,5,argmax,0.4813137032842582,,,,myops_scar,LGE-only,,,0.08388037928519329,,0.8860672614962252,,,,,,,,,,1.74530827999115,0.0016255510272458196,0.1,1371,/users/a/e/aereinh/CARE/results/20260707_srr_v3_m8_editor_grade_leaderboard_sprint/runtime/variants/m8_full_srr_context_arbitration_longrun/roi_coverage_checkpoint_best.csv,False,m8_full_srr_context_arbitration_longrun
Case1021,CenterA,checkpoint_best,4,argmax,,,,,myops_edema,LGE-only,,,,,,,,,,,,,,,0.0,8.444254490314052e-05,0.1,0,/users/a/e/aereinh/CARE/results/20260707_srr_v3_m8_editor_grade_leaderboard_sprint/runtime/variants/m8_full_srr_context_arbitration_longrun/roi_coverage_checkpoint_best.csv,False,m8_full_srr_context_arbitration_longrun
Case1021,CenterA,checkpoint_best,5,pathology_aware,0.4813137032842582,,,,myops_scar,LGE-only,,,0.08388037928519329,,0.8685075608152532,,,,,,,,,,1.74530827999115,0.0016255510272458196,0.1,1371,/users/a/e/aereinh/CARE/results/20260707_srr_v3_m8_editor_grade_leaderboard_sprint/runtime/variants/m8_full_srr_context_arbitration_longrun/roi_coverage_checkpoint_best.csv,False,m8_full_srr_context_arbitration_longrun
Case1021,CenterA,checkpoint_best,4,pathology_aware,,,,,myops_edema,LGE-only,,,,,,,,,,,,,,,0.0,8.444254490314052e-05,0.1,0,/users/a/e/aereinh/CARE/results/20260707_srr_v3_m8_editor_grade_leaderboard_sprint/runtime/variants/m8_full_srr_context_arbitration_longrun/roi_coverage_checkpoint_best.csv,False,m8_full_srr_context_arbitration_longrun
Case1023,CenterA,checkpoint_best,5,argmax,0.8008403361344538,,,,myops_scar,LGE-only,,,0.15878378378378377,,0.9862068965517241,,,,,,,,,,6.064090728759766,0.0034378068521618843,0.1,3552,/users/a/e/aereinh/CARE/results/20260707_srr_v3_m8_editor_grade_leaderboard_sprint/runtime/variants/m8_full_srr_context_arbitration_longrun/roi_coverage_checkpoint_best.csv,False,m8_full_srr_context_arbitration_longrun
Case1023,CenterA,checkpoint_best,4,argmax,,,,,myops_edema,LGE-only,,,,,,,,,,,,,,,0.0,0.00015353444905485958,0.1,0,/users/a/e/aereinh/CARE/results/20260707_srr_v3_m8_editor_grade_leaderboard_sprint/runtime/variants/m8_full_srr_context_arbitration_longrun/roi_coverage_checkpoint_best.csv,False,m8_full_srr_context_arbitration_longrun
Case1023,CenterA,checkpoint_best,5,pathology_aware,0.8008403361344538,,,,myops_scar,LGE-only,,,0.15878378378378377,,0.9848833388103845,,,,,,,,,,6.064090728759766,0.0034378068521618843,0.1,3552,/users/a/e/aereinh/CARE/results/20260707_srr_v3_m8_editor_grade_leaderboard_sprint/runtime/variants/m8_full_srr_context_arbitration_longrun/roi_coverage_checkpoint_best.csv,False,m8_full_srr_context_arbitration_longrun
Case1023,CenterA,checkpoint_best,4,pathology_aware,,,,,myops_edema,LGE-only,,,,,,,,,,,,,,,0.0,0.00015353444905485958,0.1,0,/users/a/e/aereinh/CARE/results/20260707_srr_v3_m8_editor_grade_leaderboard_sprint/runtime/variants/m8_full_srr_context_arbitration_longrun/roi_coverage_checkpoint_best.csv,False,m8_full_srr_context_arbitration_longrun
Case1029,CenterA,checkpoint_best,5,argmax,0.9641025641025641,,,,myops_scar,LGE-only,,,0.22752060875079264,,0.9834905660377359,,,,,,,,,,5.297479629516602,0.00496352044865489,0.1,7885,/users/a/e/aereinh/CARE/results/20260707_srr_v3_m8_editor_grade_leaderboard_sprint/runtime/variants/m8_full_srr_context_arbitration_longrun/roi_coverage_checkpoint_best.csv,False,m8_full_srr_context_arbitration_longrun
Case1029,CenterA,checkpoint_best,4,argmax,,,,,myops_edema,LGE-only,,,,,,,,,,,,,,,0.0,0.0001951140584424138,0.1,0,/users/a/e/aereinh/CARE/results/20260707_srr_v3_m8_editor_grade_leaderboard_sprint/runtime/variants/m8_full_srr_context_arbitration_longrun/roi_coverage_checkpoint_best.csv,False,m8_full_srr_context_arbitration_longrun
Case1029,CenterA,checkpoint_best,5,pathology_aware,0.9641025641025641,,,,myops_scar,LGE-only,,,0.22752060875079264,,0.9813278008298755,,,,,,,,,,5.297479629516602,0.00496352044865489,0.1,7885,/users/a/e/aereinh/CARE/results/20260707_srr_v3_m8_editor_grade_leaderboard_sprint/runtime/variants/m8_full_srr_context_arbitration_longrun/roi_coverage_checkpoint_best.csv,False,m8_full_srr_context_arbitration_longrun
Case1029,CenterA,checkpoint_best,4,pathology_aware,,,,,myops_edema,LGE-only,,,,,,,,,,,,,,,0.0,0.0001951140584424138,0.1,0,/users/a/e/aereinh/CARE/results/20260707_srr_v3_m8_editor_grade_leaderboard_sprint/runtime/variants/m8_full_srr_context_arbitration_longrun/roi_coverage_checkpoint_best.csv,False,m8_full_srr_context_arbitration_longrun
Case1033,CenterA,checkpoint_best,5,argmax,0.6130850281793678,,,,myops_scar,LGE-only,,,0.14601255521971634,,0.7571768147741818,,,,,,,,,,2.29880428314209,0.0012450608192011714,0.1,4301,/users/a/e/aereinh/CARE/results/20260707_srr_v3_m8_editor_grade_leaderboard_sprint/runtime/variants/m8_full_srr_context_arbitration_longrun/roi_coverage_checkpoint_best.csv,False,m8_full_srr_context_arbitration_longrun
Case1033,CenterA,checkpoint_best,4,argmax,,,,,myops_edema,LGE-only,,,,,,,,,,,,,,,0.0,4.450311098480597e-05,0.1,0,/users/a/e/aereinh/CARE/results/20260707_srr_v3_m8_editor_grade_leaderboard_sprint/runtime/variants/m8_full_srr_context_arbitration_longrun/roi_coverage_checkpoint_best.csv,False,m8_full_srr_context_arbitration_longrun
Case1033,CenterA,checkpoint_best,5,pathology_aware,0.6130850281793678,,,,myops_scar,LGE-only,,,0.14601255521971634,,0.7373843198882486,,,,,,,,,,2.29880428314209,0.0012450608192011714,0.1,4301,/users/a/e/aereinh/CARE/results/20260707_srr_v3_m8_editor_grade_leaderboard_sprint/runtime/variants/m8_full_srr_context_arbitration_longrun/roi_coverage_checkpoint_best.csv,False,m8_full_srr_context_arbitration_longrun
Case1033,CenterA,checkpoint_best,4,pathology_aware,,,,,myops_edema,LGE-only,,,,,,,,,,,,,,,0.0,4.450311098480597e-05,0.1,0,/users/a/e/aereinh/CARE/results/20260707_srr_v3_m8_editor_grade_leaderboard_sprint/runtime/variants/m8_full_srr_context_arbitration_longrun/roi_coverage_checkpoint_best.csv,False,m8_full_srr_context_arbitration_longrun
Case1040,CenterA,checkpoint_best,5,argmax,0.5189463955637708,,,,myops_scar,LGE-only,,,0.34266211604095564,,0.9045020463847203,,,,,,,,,,1.7324153184890747,0.0023303308989852667,0.1,2930,/users/a/e/aereinh/CARE/results/20260707_srr_v3_m8_editor_grade_leaderboard_sprint/runtime/variants/m8_full_srr_context_arbitration_longrun/roi_coverage_checkpoint_best.csv,False,m8_full_srr_context_arbitration_longrun
Case1040,CenterA,checkpoint_best,4,argmax,,,,,myops_edema,LGE-only,,,,,,,,,,,,,,,0.0,9.361780394101515e-05,0.1,0,/users/a/e/aereinh/CARE/results/20260707_srr_v3_m8_editor_grade_leaderboard_sprint/runtime/variants/m8_full_srr_context_arbitration_longrun/roi_coverage_checkpoint_best.csv,False,m8_full_srr_context_arbitration_longrun
Case1040,CenterA,checkpoint_best,5,pathology_aware,0.5189463955637708,,,,myops_scar,LGE-only,,,0.34266211604095564,,0.8910825929582099,,,,,,,,,,1.7324153184890747,0.0023303308989852667,0.1,2930,/users/a/e/aereinh/CARE/results/20260707_srr_v3_m8_editor_grade_leaderboard_sprint/runtime/variants/m8_full_srr_context_arbitration_longrun/roi_coverage_checkpoint_best.csv,False,m8_full_srr_context_arbitration_longrun
Case1040,CenterA,checkpoint_best,4,pathology_aware,,,,,myops_edema,LGE-only,,,,,,,,,,,,,,,0.0,9.361780394101515e-05,0.1,0,/users/a/e/aereinh/CARE/results/20260707_srr_v3_m8_editor_grade_leaderboard_sprint/runtime/variants/m8_full_srr_context_arbitration_longrun/roi_coverage_checkpoint_best.csv,False,m8_full_srr_context_arbitration_longrun
Case1042,CenterA,checkpoint_best,5,argmax,0.8156732891832229,,,,myops_scar,LGE-only,,,0.1510164569215876,,0.9464469618949537,,,,,,,,,,0.6229715943336487,0.0015543376794084907,0.1,1033,/users/a/e/aereinh/CARE/results/20260707_srr_v3_m8_editor_grade_leaderboard_sprint/runtime/variants/m8_full_srr_context_arbitration_longrun/roi_coverage_checkpoint_best.csv,False,m8_full_srr_context_arbitration_longrun
Case1042,CenterA,checkpoint_best,4,argmax,,,,,myops_edema,LGE-only,,,,,,,,,,,,,,,0.0,6.334087083814666e-05,0.1,0,/users/a/e/aereinh/CARE/results/20260707_srr_v3_m8_editor_grade_leaderboard_sprint/runtime/variants/m8_full_srr_context_arbitration_longrun/roi_coverage_checkpoint_best.csv,False,m8_full_srr_context_arbitration_longrun
Case1042,CenterA,checkpoint_best,5,pathology_aware,0.8156732891832229,,,,myops_scar,LGE-only,,,0.1510164569215876,,0.9417085427135679,,,,,,,,,,0.6229715943336487,0.0015543376794084907,0.1,1033,/users/a/e/aereinh/CARE/results/20260707_srr_v3_m8_editor_grade_leaderboard_sprint/runtime/variants/m8_full_srr_context_arbitration_longrun/roi_coverage_checkpoint_best.csv,False,m8_full_srr_context_arbitration_longrun
Case1042,CenterA,checkpoint_best,4,pathology_aware,,,,,myops_edema,LGE-only,,,,,,,,,,,,,,,0.0,6.334087083814666e-05,0.1,0,/users/a/e/aereinh/CARE/results/20260707_srr_v3_m8_editor_grade_leaderboard_sprint/runtime/variants/m8_full_srr_context_arbitration_longrun/roi_coverage_checkpoint_best.csv,False,m8_full_srr_context_arbitration_longrun
Case1045,CenterA,checkpoint_best,5,argmax,0.07862903225806452,,,,myops_scar,LGE-only,,,0.02443609022556391,,0.886654478976234,,,,,,,,,,0.6250365376472473,0.0006901044398546219,0.1,532,/users/a/e/aereinh/CARE/results/20260707_srr_v3_m8_editor_grade_leaderboard_sprint/runtime/variants/m8_full_srr_context_arbitration_longrun/roi_coverage_checkpoint_best.csv,False,m8_full_srr_context_arbitration_longrun
Case1045,CenterA,checkpoint_best,4,argmax,,,,,myops_edema,LGE-only,,,,,,,,,,,,,,,0.0,4.2460786062292755e-05,0.1,0,/users/a/e/aereinh/CARE/results/20260707_srr_v3_m8_editor_grade_leaderboard_sprint/runtime/variants/m8_full_srr_context_arbitration_longrun/roi_coverage_checkpoint_best.csv,False,m8_full_srr_context_arbitration_longrun
Case1045,CenterA,checkpoint_best,5,pathology_aware,0.07862903225806452,,,,myops_scar,LGE-only,,,0.02443609022556391,,0.8783542039355993,,,,,,,,,,0.6250365376472473,0.0006901044398546219,0.1,532,/users/a/e/aereinh/CARE/results/20260707_srr_v3_m8_editor_grade_leaderboard_sprint/runtime/variants/m8_full_srr_context_arbitration_longrun/roi_coverage_checkpoint_best.csv,False,m8_full_srr_context_arbitration_longrun
Case1045,CenterA,checkpoint_best,4,pathology_aware,,,,,myops_edema,LGE-only,,,,,,,,,,,,,,,0.0,4.2460786062292755e-05,0.1,0,/users/a/e/aereinh/CARE/results/20260707_srr_v3_m8_editor_grade_leaderboard_sprint/runtime/variants/m8_full_srr_context_arbitration_longrun/roi_coverage_checkpoint_best.csv,False,m8_full_srr_context_arbitration_longrun
Case1047,CenterA,checkpoint_best,5,argmax,0.6376789976133651,,,,myops_scar,LGE-only,,,0.1075366258873282,,0.9604153147306943,,,,,,,,,,3.5263631343841553,0.0029179370030760765,0.1,6621,/users/a/e/aereinh/CARE/results/20260707_srr_v3_m8_editor_grade_leaderboard_sprint/runtime/variants/m8_full_srr_context_arbitration_longrun/roi_coverage_checkpoint_best.csv,False,m8_full_srr_context_arbitration_longrun
Case1047,CenterA,checkpoint_best,4,argmax,,,,,myops_edema,LGE-only,,,,,,,,,,,,,,,0.0,0.00010801557800732553,0.1,0,/users/a/e/aereinh/CARE/results/20260707_srr_v3_m8_editor_grade_leaderboard_sprint/runtime/variants/m8_full_srr_context_arbitration_longrun/roi_coverage_checkpoint_best.csv,False,m8_full_srr_context_arbitration_longrun
Case1047,CenterA,checkpoint_best,5,pathology_aware,0.6376789976133651,,,,myops_scar,LGE-only,,,0.1075366258873282,,0.954049041829796,,,,,,,,,,3.5263631343841553,0.0029179370030760765,0.1,6621,/users/a/e/aereinh/CARE/results/20260707_srr_v3_m8_editor_grade_leaderboard_sprint/runtime/variants/m8_full_srr_context_arbitration_longrun/roi_coverage_checkpoint_best.csv,False,m8_full_srr_context_arbitration_longrun
Case1047,CenterA,checkpoint_best,4,pathology_aware,,,,,myops_edema,LGE-only,,,,,,,,,,,,,,,0.0,0.00010801557800732553,0.1,0,/users/a/e/aereinh/CARE/results/20260707_srr_v3_m8_editor_grade_leaderboard_sprint/runtime/variants/m8_full_srr_context_arbitration_longrun/roi_coverage_checkpoint_best.csv,False,m8_full_srr_context_arbitration_longrun
Case2002,CenterB,checkpoint_best,5,argmax,0.0,,,,myops_scar,C0+LGE+T2,,,,,0.0,,,,,,,,,,2.326287031173706,0.00017321467748843133,0.1,0,/users/a/e/aereinh/CARE/results/20260707_srr_v3_m8_editor_grade_leaderboard_sprint/runtime/broad_eval/variants/m8_full_srr_context_arbitration_longrun/roi_coverage_checkpoint_best.csv,True,m8_full_srr_context_arbitration_longrun
Case2002,CenterB,checkpoint_best,4,argmax,0.0,,,,myops_edema,C0+LGE+T2,,,,,0.0,,,,,,,,,,1.157422661781311,0.0004860393237322569,0.1,0,/users/a/e/aereinh/CARE/results/20260707_srr_v3_m8_editor_grade_leaderboard_sprint/runtime/broad_eval/variants/m8_full_srr_context_arbitration_longrun/roi_coverage_checkpoint_best.csv,True,m8_full_srr_context_arbitration_longrun
Case2002,CenterB,checkpoint_best,5,pathology_aware,0.0,,,,myops_scar,C0+LGE+T2,,,,,0.0,,,,,,,,,,2.326287031173706,0.00017321467748843133,0.1,0,/users/a/e/aereinh/CARE/results/20260707_srr_v3_m8_editor_grade_leaderboard_sprint/runtime/broad_eval/variants/m8_full_srr_context_arbitration_longrun/roi_coverage_checkpoint_best.csv,True,m8_full_srr_context_arbitration_longrun
Case2002,CenterB,checkpoint_best,4,pathology_aware,0.0,,,,myops_edema,C0+LGE+T2,,,,,0.0,,,,,,,,,,1.157422661781311,0.0004860393237322569,0.1,0,/users/a/e/aereinh/CARE/results/20260707_srr_v3_m8_editor_grade_leaderboard_sprint/runtime/broad_eval/variants/m8_full_srr_context_arbitration_longrun/roi_coverage_checkpoint_best.csv,True,m8_full_srr_context_arbitration_longrun
Case2007,CenterB,checkpoint_best,5,argmax,0.0,,,,myops_scar,C0+LGE+T2,,,,,0.0,,,,,,,,,,0.5233639478683472,0.0002347266854485497,0.1,0,/users/a/e/aereinh/CARE/results/20260707_srr_v3_m8_editor_grade_leaderboard_sprint/runtime/broad_eval/variants/m8_full_srr_context_arbitration_longrun/roi_coverage_checkpoint_best.csv,True,m8_full_srr_context_arbitration_longrun
Case2007,CenterB,checkpoint_best,4,argmax,0.0,,,,myops_edema,C0+LGE+T2,,,,,0.0,,,,,,,,,,1.3227558135986328,0.00047694507520645857,0.1,0,/users/a/e/aereinh/CARE/results/20260707_srr_v3_m8_editor_grade_leaderboard_sprint/runtime/broad_eval/variants/m8_full_srr_context_arbitration_longrun/roi_coverage_checkpoint_best.csv,True,m8_full_srr_context_arbitration_longrun
Case2007,CenterB,checkpoint_best,5,pathology_aware,0.0,,,,myops_scar,C0+LGE+T2,,,,,0.0,,,,,,,,,,0.5233639478683472,0.0002347266854485497,0.1,0,/users/a/e/aereinh/CARE/results/20260707_srr_v3_m8_editor_grade_leaderboard_sprint/runtime/broad_eval/variants/m8_full_srr_context_arbitration_longrun/roi_coverage_checkpoint_best.csv,True,m8_full_srr_context_arbitration_longrun
Case2007,CenterB,checkpoint_best,4,pathology_aware,0.0,,,,myops_edema,C0+LGE+T2,,,,,0.0,,,,,,,,,,1.3227558135986328,0.00047694507520645857,0.1,0,/users/a/e/aereinh/CARE/results/20260707_srr_v3_m8_editor_grade_leaderboard_sprint/runtime/broad_eval/variants/m8_full_srr_context_arbitration_longrun/roi_coverage_checkpoint_best.csv,True,m8_full_srr_context_arbitration_longrun
Case2008,CenterB,checkpoint_best,5,argmax,0.0,,,,myops_scar,C0+LGE+T2,,,,,0.0,,,,,,,,,,0.22032275795936584,0.00022735580569133162,0.1,0,/users/a/e/aereinh/CARE/results/20260707_srr_v3_m8_editor_grade_leaderboard_sprint/runtime/broad_eval/variants/m8_full_srr_context_arbitration_longrun/roi_coverage_checkpoint_best.csv,True,m8_full_srr_context_arbitration_longrun
Case2008,CenterB,checkpoint_best,4,argmax,0.0,,,,myops_edema,C0+LGE+T2,,,,,0.0,,,,,,,,,,2.2090368270874023,0.00036650444963015616,0.1,0,/users/a/e/aereinh/CARE/results/20260707_srr_v3_m8_editor_grade_leaderboard_sprint/runtime/broad_eval/variants/m8_full_srr_context_arbitration_longrun/roi_coverage_checkpoint_best.csv,True,m8_full_srr_context_arbitration_longrun
Case2008,CenterB,checkpoint_best,5,pathology_aware,0.0,,,,myops_scar,C0+LGE+T2,,,,,0.0,,,,,,,,,,0.22032275795936584,0.00022735580569133162,0.1,0,/users/a/e/aereinh/CARE/results/20260707_srr_v3_m8_editor_grade_leaderboard_sprint/runtime/broad_eval/variants/m8_full_srr_context_arbitration_longrun/roi_coverage_checkpoint_best.csv,True,m8_full_srr_context_arbitration_longrun
Case2008,CenterB,checkpoint_best,4,pathology_aware,0.0,,,,myops_edema,C0+LGE+T2,,,,,0.0,,,,,,,,,,2.2090368270874023,0.00036650444963015616,0.1,0,/users/a/e/aereinh/CARE/results/20260707_srr_v3_m8_editor_grade_leaderboard_sprint/runtime/broad_eval/variants/m8_full_srr_context_arbitration_longrun/roi_coverage_checkpoint_best.csv,True,m8_full_srr_context_arbitration_longrun
Case2017,CenterB,checkpoint_best,5,argmax,0.0,,,,myops_scar,C0+LGE+T2,,,,,0.0,,,,,,,,,,0.46008121967315674,0.00018999273015651852,0.1,0,/users/a/e/aereinh/CARE/results/20260707_srr_v3_m8_editor_grade_leaderboard_sprint/runtime/broad_eval/variants/m8_full_srr_context_arbitration_longrun/roi_coverage_checkpoint_best.csv,True,m8_full_srr_context_arbitration_longrun
Case2017,CenterB,checkpoint_best,4,argmax,0.0,,,,myops_edema,C0+LGE+T2,,,,,0.0,,,,,,,,,,2.963109254837036,0.000479195878142491,0.1,0,/users/a/e/aereinh/CARE/results/20260707_srr_v3_m8_editor_grade_leaderboard_sprint/runtime/broad_eval/variants/m8_full_srr_context_arbitration_longrun/roi_coverage_checkpoint_best.csv,True,m8_full_srr_context_arbitration_longrun
Case2017,CenterB,checkpoint_best,5,pathology_aware,0.0,,,,myops_scar,C0+LGE+T2,,,,,0.0,,,,,,,,,,0.46008121967315674,0.00018999273015651852,0.1,0,/users/a/e/aereinh/CARE/results/20260707_srr_v3_m8_editor_grade_leaderboard_sprint/runtime/broad_eval/variants/m8_full_srr_context_arbitration_longrun/roi_coverage_checkpoint_best.csv,True,m8_full_srr_context_arbitration_longrun
Case2017,CenterB,checkpoint_best,4,pathology_aware,0.0,,,,myops_edema,C0+LGE+T2,,,,,0.0,,,,,,,,,,2.963109254837036,0.000479195878142491,0.1,0,/users/a/e/aereinh/CARE/results/20260707_srr_v3_m8_editor_grade_leaderboard_sprint/runtime/broad_eval/variants/m8_full_srr_context_arbitration_longrun/roi_coverage_checkpoint_best.csv,True,m8_full_srr_context_arbitration_longrun
Case2020,CenterB,checkpoint_best,5,argmax,0.0,,,,myops_scar,C0+LGE+T2,,,,,0.0,,,,,,,,,,1.5301295518875122,0.00012450609938241541,0.1,0,/users/a/e/aereinh/CARE/results/20260707_srr_v3_m8_editor_grade_leaderboard_sprint/runtime/broad_eval/variants/m8_full_srr_context_arbitration_longrun/roi_coverage_checkpoint_best.csv,True,m8_full_srr_context_arbitration_longrun
Case2020,CenterB,checkpoint_best,4,argmax,0.0,,,,myops_edema,C0+LGE+T2,,,,,0.0,,,,,,,,,,1.732465386390686,0.00039683113573119044,0.1,0,/users/a/e/aereinh/CARE/results/20260707_srr_v3_m8_editor_grade_leaderboard_sprint/runtime/broad_eval/variants/m8_full_srr_context_arbitration_longrun/roi_coverage_checkpoint_best.csv,True,m8_full_srr_context_arbitration_longrun
Case2020,CenterB,checkpoint_best,5,pathology_aware,0.0,,,,myops_scar,C0+LGE+T2,,,,,0.0,,,,,,,,,,1.5301295518875122,0.00012450609938241541,0.1,0,/users/a/e/aereinh/CARE/results/20260707_srr_v3_m8_editor_grade_leaderboard_sprint/runtime/broad_eval/variants/m8_full_srr_context_arbitration_longrun/roi_coverage_checkpoint_best.csv,True,m8_full_srr_context_arbitration_longrun
Case2020,CenterB,checkpoint_best,4,pathology_aware,0.0,,,,myops_edema,C0+LGE+T2,,,,,0.0,,,,,,,,,,1.732465386390686,0.00039683113573119044,0.1,0,/users/a/e/aereinh/CARE/results/20260707_srr_v3_m8_editor_grade_leaderboard_sprint/runtime/broad_eval/variants/m8_full_srr_context_arbitration_longrun/roi_coverage_checkpoint_best.csv,True,m8_full_srr_context_arbitration_longrun
Case2031,CenterB,checkpoint_best,5,argmax,0.0,,,,myops_scar,C0+LGE+T2,,,,,0.0,,,,,,,,,,0.2478550672531128,0.00016832537949085236,0.1,0,/users/a/e/aereinh/CARE/results/20260707_srr_v3_m8_editor_grade_leaderboard_sprint/runtime/broad_eval/variants/m8_full_srr_context_arbitration_longrun/roi_coverage_checkpoint_best.csv,True,m8_full_srr_context_arbitration_longrun
Case2031,CenterB,checkpoint_best,4,argmax,0.0,,,,myops_edema,C0+LGE+T2,,,,,0.0,,,,,,,,,,0.9776625037193298,0.0002476493827998638,0.1,0,/users/a/e/aereinh/CARE/results/20260707_srr_v3_m8_editor_grade_leaderboard_sprint/runtime/broad_eval/variants/m8_full_srr_context_arbitration_longrun/roi_coverage_checkpoint_best.csv,True,m8_full_srr_context_arbitration_longrun
Case2031,CenterB,checkpoint_best,5,pathology_aware,0.0,,,,myops_scar,C0+LGE+T2,,,,,0.0,,,,,,,,,,0.2478550672531128,0.00016832537949085236,0.1,0,/users/a/e/aereinh/CARE/results/20260707_srr_v3_m8_editor_grade_leaderboard_sprint/runtime/broad_eval/variants/m8_full_srr_context_arbitration_longrun/roi_coverage_checkpoint_best.csv,True,m8_full_srr_context_arbitration_longrun
Case2031,CenterB,checkpoint_best,4,pathology_aware,0.0,,,,myops_edema,C0+LGE+T2,,,,,0.0,,,,,,,,,,0.9776625037193298,0.0002476493827998638,0.1,0,/users/a/e/aereinh/CARE/results/20260707_srr_v3_m8_editor_grade_leaderboard_sprint/runtime/broad_eval/variants/m8_full_srr_context_arbitration_longrun/roi_coverage_checkpoint_best.csv,True,m8_full_srr_context_arbitration_longrun
Case2033,CenterB,checkpoint_best,5,argmax,0.0,,,,myops_scar,C0+LGE+T2,,,,,0.0,,,,,,,,,,0.2532508075237274,0.000172756306710653,0.1,0,/users/a/e/aereinh/CARE/results/20260707_srr_v3_m8_editor_grade_leaderboard_sprint/runtime/broad_eval/variants/m8_full_srr_context_arbitration_longrun/roi_coverage_checkpoint_best.csv,True,m8_full_srr_context_arbitration_longrun
Case2033,CenterB,checkpoint_best,4,argmax,0.0,,,,myops_edema,C0+LGE+T2,,,,,0.0,,,,,,,,,,1.3137825727462769,0.0003527941007632762,0.1,0,/users/a/e/aereinh/CARE/results/20260707_srr_v3_m8_editor_grade_leaderboard_sprint/runtime/broad_eval/variants/m8_full_srr_context_arbitration_longrun/roi_coverage_checkpoint_best.csv,True,m8_full_srr_context_arbitration_longrun
Case2033,CenterB,checkpoint_best,5,pathology_aware,0.0,,,,myops_scar,C0+LGE+T2,,,,,0.0,,,,,,,,,,0.2532508075237274,0.000172756306710653,0.1,0,/users/a/e/aereinh/CARE/results/20260707_srr_v3_m8_editor_grade_leaderboard_sprint/runtime/broad_eval/variants/m8_full_srr_context_arbitration_longrun/roi_coverage_checkpoint_best.csv,True,m8_full_srr_context_arbitration_longrun
Case2033,CenterB,checkpoint_best,4,pathology_aware,0.0,,,,myops_edema,C0+LGE+T2,,,,,0.0,,,,,,,,,,1.3137825727462769,0.0003527941007632762,0.1,0,/users/a/e/aereinh/CARE/results/20260707_srr_v3_m8_editor_grade_leaderboard_sprint/runtime/broad_eval/variants/m8_full_srr_context_arbitration_longrun/roi_coverage_checkpoint_best.csv,True,m8_full_srr_context_arbitration_longrun
Case3004,CenterC,checkpoint_best,5,argmax,0.0,,,,myops_scar,C0+LGE+T2,,,,,0.0,,,,,,,,,,0.10464511811733246,0.0001038338232319802,0.1,0,/users/a/e/aereinh/CARE/results/20260707_srr_v3_m8_editor_grade_leaderboard_sprint/runtime/broad_eval/variants/m8_full_srr_context_arbitration_longrun/roi_coverage_checkpoint_best.csv,True,m8_full_srr_context_arbitration_longrun
Case3004,CenterC,checkpoint_best,4,argmax,0.0,,,,myops_edema,C0+LGE+T2,,,,,0.0,,,,,,,,,,2.571708917617798,0.00027919886633753777,0.1,0,/users/a/e/aereinh/CARE/results/20260707_srr_v3_m8_editor_grade_leaderboard_sprint/runtime/broad_eval/variants/m8_full_srr_context_arbitration_longrun/roi_coverage_checkpoint_best.csv,True,m8_full_srr_context_arbitration_longrun
Case3004,CenterC,checkpoint_best,5,pathology_aware,0.0,,,,myops_scar,C0+LGE+T2,,,,,0.0,,,,,,,,,,0.10464511811733246,0.0001038338232319802,0.1,0,/users/a/e/aereinh/CARE/results/20260707_srr_v3_m8_editor_grade_leaderboard_sprint/runtime/broad_eval/variants/m8_full_srr_context_arbitration_longrun/roi_coverage_checkpoint_best.csv,True,m8_full_srr_context_arbitration_longrun
Case3004,CenterC,checkpoint_best,4,pathology_aware,0.0,,,,myops_edema,C0+LGE+T2,,,,,0.0,,,,,,,,,,2.571708917617798,0.00027919886633753777,0.1,0,/users/a/e/aereinh/CARE/results/20260707_srr_v3_m8_editor_grade_leaderboard_sprint/runtime/broad_eval/variants/m8_full_srr_context_arbitration_longrun/roi_coverage_checkpoint_best.csv,True,m8_full_srr_context_arbitration_longrun
Case3011,CenterC,checkpoint_best,5,argmax,0.0,,,,myops_scar,C0+LGE+T2,,,,,0.0,,,,,,,,,,0.32944706082344055,0.00018384358554612845,0.1,0,/users/a/e/aereinh/CARE/results/20260707_srr_v3_m8_editor_grade_leaderboard_sprint/runtime/broad_eval/variants/m8_full_srr_context_arbitration_longrun/roi_coverage_checkpoint_best.csv,True,m8_full_srr_context_arbitration_longrun
Case3011,CenterC,checkpoint_best,4,argmax,0.0,,,,myops_edema,C0+LGE+T2,,,,,0.0,,,,,,,,,,1.3791587352752686,0.00022270437330007553,0.1,0,/users/a/e/aereinh/CARE/results/20260707_srr_v3_m8_editor_grade_leaderboard_sprint/runtime/broad_eval/variants/m8_full_srr_context_arbitration_longrun/roi_coverage_checkpoint_best.csv,True,m8_full_srr_context_arbitration_longrun
Case3011,CenterC,checkpoint_best,5,pathology_aware,0.0,,,,myops_scar,C0+LGE+T2,,,,,0.0,,,,,,,,,,0.32944706082344055,0.00018384358554612845,0.1,0,/users/a/e/aereinh/CARE/results/20260707_srr_v3_m8_editor_grade_leaderboard_sprint/runtime/broad_eval/variants/m8_full_srr_context_arbitration_longrun/roi_coverage_checkpoint_best.csv,True,m8_full_srr_context_arbitration_longrun
Case3011,CenterC,checkpoint_best,4,pathology_aware,0.0,,,,myops_edema,C0+LGE+T2,,,,,0.0,,,,,,,,,,1.3791587352752686,0.00022270437330007553,0.1,0,/users/a/e/aereinh/CARE/results/20260707_srr_v3_m8_editor_grade_leaderboard_sprint/runtime/broad_eval/variants/m8_full_srr_context_arbitration_longrun/roi_coverage_checkpoint_best.csv,True,m8_full_srr_context_arbitration_longrun
Case3012,CenterC,checkpoint_best,5,argmax,0.0,,,,myops_scar,C0+LGE+T2,,,,,0.0,,,,,,,,,,0.1667519062757492,0.00010163593833567575,0.1,0,/users/a/e/aereinh/CARE/results/20260707_srr_v3_m8_editor_grade_leaderboard_sprint/runtime/broad_eval/variants/m8_full_srr_context_arbitration_longrun/roi_coverage_checkpoint_best.csv,True,m8_full_srr_context_arbitration_longrun
Case3012,CenterC,checkpoint_best,4,argmax,0.0,,,,myops_edema,C0+LGE+T2,,,,,0.0,,,,,,,,,,2.1785547733306885,0.00032379201729781926,0.1,0,/users/a/e/aereinh/CARE/results/20260707_srr_v3_m8_editor_grade_leaderboard_sprint/runtime/broad_eval/variants/m8_full_srr_context_arbitration_longrun/roi_coverage_checkpoint_best.csv,True,m8_full_srr_context_arbitration_longrun
Case3012,CenterC,checkpoint_best,5,pathology_aware,0.0,,,,myops_scar,C0+LGE+T2,,,,,0.0,,,,,,,,,,0.1667519062757492,0.00010163593833567575,0.1,0,/users/a/e/aereinh/CARE/results/20260707_srr_v3_m8_editor_grade_leaderboard_sprint/runtime/broad_eval/variants/m8_full_srr_context_arbitration_longrun/roi_coverage_checkpoint_best.csv,True,m8_full_srr_context_arbitration_longrun
Case3012,CenterC,checkpoint_best,4,pathology_aware,0.0,,,,myops_edema,C0+LGE+T2,,,,,0.0,,,,,,,,,,2.1785547733306885,0.00032379201729781926,0.1,0,/users/a/e/aereinh/CARE/results/20260707_srr_v3_m8_editor_grade_leaderboard_sprint/runtime/broad_eval/variants/m8_full_srr_context_arbitration_longrun/roi_coverage_checkpoint_best.csv,True,m8_full_srr_context_arbitration_longrun
Case3023,CenterC,checkpoint_best,5,argmax,0.0,,,,myops_scar,C0+LGE+T2,,,,,0.0,,,,,,,,,,1.567268967628479,0.0001329078950220719,0.1,0,/users/a/e/aereinh/CARE/results/20260707_srr_v3_m8_editor_grade_leaderboard_sprint/runtime/broad_eval/variants/m8_full_srr_context_arbitration_longrun/roi_coverage_checkpoint_best.csv,True,m8_full_srr_context_arbitration_longrun
Case3023,CenterC,checkpoint_best,4,argmax,0.0,,,,myops_edema,C0+LGE+T2,,,,,0.0,,,,,,,,,,1.9438397884368896,0.00026380253257229924,0.1,0,/users/a/e/aereinh/CARE/results/20260707_srr_v3_m8_editor_grade_leaderboard_sprint/runtime/broad_eval/variants/m8_full_srr_context_arbitration_longrun/roi_coverage_checkpoint_best.csv,True,m8_full_srr_context_arbitration_longrun
Case3023,CenterC,checkpoint_best,5,pathology_aware,0.0,,,,myops_scar,C0+LGE+T2,,,,,0.0,,,,,,,,,,1.567268967628479,0.0001329078950220719,0.1,0,/users/a/e/aereinh/CARE/results/20260707_srr_v3_m8_editor_grade_leaderboard_sprint/runtime/broad_eval/variants/m8_full_srr_context_arbitration_longrun/roi_coverage_checkpoint_best.csv,True,m8_full_srr_context_arbitration_longrun
Case3023,CenterC,checkpoint_best,4,pathology_aware,0.0,,,,myops_edema,C0+LGE+T2,,,,,0.0,,,,,,,,,,1.9438397884368896,0.00026380253257229924,0.1,0,/users/a/e/aereinh/CARE/results/20260707_srr_v3_m8_editor_grade_leaderboard_sprint/runtime/broad_eval/variants/m8_full_srr_context_arbitration_longrun/roi_coverage_checkpoint_best.csv,True,m8_full_srr_context_arbitration_longrun
Case3026,CenterC,checkpoint_best,5,argmax,0.0,,,,myops_scar,C0+LGE+T2,,,,,0.0,,,,,,,,,,0.2325972318649292,0.0001395405997755006,0.1,0,/users/a/e/aereinh/CARE/results/20260707_srr_v3_m8_editor_grade_leaderboard_sprint/runtime/broad_eval/variants/m8_full_srr_context_arbitration_longrun/roi_coverage_checkpoint_best.csv,True,m8_full_srr_context_arbitration_longrun
Case3026,CenterC,checkpoint_best,4,argmax,0.0,,,,myops_edema,C0+LGE+T2,,,,,0.0,,,,,,,,,,2.119175672531128,0.0002884727146010846,0.1,0,/users/a/e/aereinh/CARE/results/20260707_srr_v3_m8_editor_grade_leaderboard_sprint/runtime/broad_eval/variants/m8_full_srr_context_arbitration_longrun/roi_coverage_checkpoint_best.csv,True,m8_full_srr_context_arbitration_longrun
Case3026,CenterC,checkpoint_best,5,pathology_aware,0.0,,,,myops_scar,C0+LGE+T2,,,,,0.0,,,,,,,,,,0.2325972318649292,0.0001395405997755006,0.1,0,/users/a/e/aereinh/CARE/results/20260707_srr_v3_m8_editor_grade_leaderboard_sprint/runtime/broad_eval/variants/m8_full_srr_context_arbitration_longrun/roi_coverage_checkpoint_best.csv,True,m8_full_srr_context_arbitration_longrun
Case3026,CenterC,checkpoint_best,4,pathology_aware,0.0,,,,myops_edema,C0+LGE+T2,,,,,0.0,,,,,,,,,,2.119175672531128,0.0002884727146010846,0.1,0,/users/a/e/aereinh/CARE/results/20260707_srr_v3_m8_editor_grade_leaderboard_sprint/runtime/broad_eval/variants/m8_full_srr_context_arbitration_longrun/roi_coverage_checkpoint_best.csv,True,m8_full_srr_context_arbitration_longrun
Case1002,CenterA,checkpoint_best,5,argmax,0.7080504364694471,,,,myops_scar,LGE-only,,,0.0842013888888889,,0.99361249112846,,,,,,,,,,1.6679829359054565,0.0033683590590953827,0.1,2304,/users/a/e/aereinh/CARE/results/20260707_srr_v3_m8_editor_grade_leaderboard_sprint/runtime/variants/m8_scar_precision_edema_safe_longrun/roi_coverage_checkpoint_best.csv,False,m8_scar_precision_edema_safe_longrun
Case1002,CenterA,checkpoint_best,4,argmax,,,,,myops_edema,LGE-only,,,,,,,,,,,,,,,0.0,0.00015514963888563216,0.1,0,/users/a/e/aereinh/CARE/results/20260707_srr_v3_m8_editor_grade_leaderboard_sprint/runtime/variants/m8_scar_precision_edema_safe_longrun/roi_coverage_checkpoint_best.csv,False,m8_scar_precision_edema_safe_longrun
Case1002,CenterA,checkpoint_best,5,pathology_aware,0.7080504364694471,,,,myops_scar,LGE-only,,,0.0842013888888889,,0.994,,,,,,,,,,1.6679829359054565,0.0033683590590953827,0.1,2304,/users/a/e/aereinh/CARE/results/20260707_srr_v3_m8_editor_grade_leaderboard_sprint/runtime/variants/m8_scar_precision_edema_safe_longrun/roi_coverage_checkpoint_best.csv,False,m8_scar_precision_edema_safe_longrun
Case1002,CenterA,checkpoint_best,4,pathology_aware,,,,,myops_edema,LGE-only,,,,,,,,,,,,,,,0.0,0.00015514963888563216,0.1,0,/users/a/e/aereinh/CARE/results/20260707_srr_v3_m8_editor_grade_leaderboard_sprint/runtime/variants/m8_scar_precision_edema_safe_longrun/roi_coverage_checkpoint_best.csv,False,m8_scar_precision_edema_safe_longrun
Case1007,CenterA,checkpoint_best,5,argmax,0.8872060581905141,,,,myops_scar,LGE-only,,,0.4473941050165918,,0.9983854692230071,,,,,,,,,,1.0487747192382812,0.006308585871011019,0.1,15369,/users/a/e/aereinh/CARE/results/20260707_srr_v3_m8_editor_grade_leaderboard_sprint/runtime/variants/m8_scar_precision_edema_safe_longrun/roi_coverage_checkpoint_best.csv,False,m8_scar_precision_edema_safe_longrun
Case1007,CenterA,checkpoint_best,4,argmax,,,,,myops_edema,LGE-only,,,,,,,,,,,,,,,0.0,0.00023321672051679343,0.1,0,/users/a/e/aereinh/CARE/results/20260707_srr_v3_m8_editor_grade_leaderboard_sprint/runtime/variants/m8_scar_precision_edema_safe_longrun/roi_coverage_checkpoint_best.csv,False,m8_scar_precision_edema_safe_longrun
Case1007,CenterA,checkpoint_best,5,pathology_aware,0.8872060581905141,,,,myops_scar,LGE-only,,,0.4473941050165918,,0.9982863670982483,,,,,,,,,,1.0487747192382812,0.006308585871011019,0.1,15369,/users/a/e/aereinh/CARE/results/20260707_srr_v3_m8_editor_grade_leaderboard_sprint/runtime/variants/m8_scar_precision_edema_safe_longrun/roi_coverage_checkpoint_best.csv,False,m8_scar_precision_edema_safe_longrun
Case1007,CenterA,checkpoint_best,4,pathology_aware,,,,,myops_edema,LGE-only,,,,,,,,,,,,,,,0.0,0.00023321672051679343,0.1,0,/users/a/e/aereinh/CARE/results/20260707_srr_v3_m8_editor_grade_leaderboard_sprint/runtime/variants/m8_scar_precision_edema_safe_longrun/roi_coverage_checkpoint_best.csv,False,m8_scar_precision_edema_safe_longrun
Case1009,CenterA,checkpoint_best,5,argmax,0.7249388753056235,,,,myops_scar,LGE-only,,,0.27138304652644996,,0.975654570509876,,,,,,,,,,1.4332778453826904,0.006570111960172653,0.1,7845,/users/a/e/aereinh/CARE/results/20260707_srr_v3_m8_editor_grade_leaderboard_sprint/runtime/variants/m8_scar_precision_edema_safe_longrun/roi_coverage_checkpoint_best.csv,False,m8_scar_precision_edema_safe_longrun
Case1009,CenterA,checkpoint_best,4,argmax,,,,,myops_edema,LGE-only,,,,,,,,,,,,,,,0.0,0.0002523483708500862,0.1,0,/users/a/e/aereinh/CARE/results/20260707_srr_v3_m8_editor_grade_leaderboard_sprint/runtime/variants/m8_scar_precision_edema_safe_longrun/roi_coverage_checkpoint_best.csv,False,m8_scar_precision_edema_safe_longrun
Case1009,CenterA,checkpoint_best,5,pathology_aware,0.7249388753056235,,,,myops_scar,LGE-only,,,0.27138304652644996,,0.9766284354035923,,,,,,,,,,1.4332778453826904,0.006570111960172653,0.1,7845,/users/a/e/aereinh/CARE/results/20260707_srr_v3_m8_editor_grade_leaderboard_sprint/runtime/variants/m8_scar_precision_edema_safe_longrun/roi_coverage_checkpoint_best.csv,False,m8_scar_precision_edema_safe_longrun
Case1009,CenterA,checkpoint_best,4,pathology_aware,,,,,myops_edema,LGE-only,,,,,,,,,,,,,,,0.0,0.0002523483708500862,0.1,0,/users/a/e/aereinh/CARE/results/20260707_srr_v3_m8_editor_grade_leaderboard_sprint/runtime/variants/m8_scar_precision_edema_safe_longrun/roi_coverage_checkpoint_best.csv,False,m8_scar_precision_edema_safe_longrun
Case1010,CenterA,checkpoint_best,5,argmax,0.5765407554671969,,,,myops_scar,LGE-only,,,0.3888714240804778,,0.9894091415830546,,,,,,,,,,1.100423812866211,0.0033760713413357735,0.1,3181,/users/a/e/aereinh/CARE/results/20260707_srr_v3_m8_editor_grade_leaderboard_sprint/runtime/variants/m8_scar_precision_edema_safe_longrun/roi_coverage_checkpoint_best.csv,False,m8_scar_precision_edema_safe_longrun
Case1010,CenterA,checkpoint_best,4,argmax,,,,,myops_edema,LGE-only,,,,,,,,,,,,,,,0.0,0.00014172725786920637,0.1,0,/users/a/e/aereinh/CARE/results/20260707_srr_v3_m8_editor_grade_leaderboard_sprint/runtime/variants/m8_scar_precision_edema_safe_longrun/roi_coverage_checkpoint_best.csv,False,m8_scar_precision_edema_safe_longrun
Case1010,CenterA,checkpoint_best,5,pathology_aware,0.5765407554671969,,,,myops_scar,LGE-only,,,0.3888714240804778,,0.9884149552395998,,,,,,,,,,1.100423812866211,0.0033760713413357735,0.1,3181,/users/a/e/aereinh/CARE/results/20260707_srr_v3_m8_editor_grade_leaderboard_sprint/runtime/variants/m8_scar_precision_edema_safe_longrun/roi_coverage_checkpoint_best.csv,False,m8_scar_precision_edema_safe_longrun
Case1010,CenterA,checkpoint_best,4,pathology_aware,,,,,myops_edema,LGE-only,,,,,,,,,,,,,,,0.0,0.00014172725786920637,0.1,0,/users/a/e/aereinh/CARE/results/20260707_srr_v3_m8_editor_grade_leaderboard_sprint/runtime/variants/m8_scar_precision_edema_safe_longrun/roi_coverage_checkpoint_best.csv,False,m8_scar_precision_edema_safe_longrun
Case1021,CenterA,checkpoint_best,5,argmax,0.6183465458663646,,,,myops_scar,LGE-only,,,0.2719041278295606,,0.9608372721134368,,,,,,,,,,2.0170176029205322,0.0042775836773216724,0.1,3755,/users/a/e/aereinh/CARE/results/20260707_srr_v3_m8_editor_grade_leaderboard_sprint/runtime/variants/m8_scar_precision_edema_safe_longrun/roi_coverage_checkpoint_best.csv,False,m8_scar_precision_edema_safe_longrun
Case1021,CenterA,checkpoint_best,4,argmax,,,,,myops_edema,LGE-only,,,,,,,,,,,,,,,0.0,0.0001844850048655644,0.1,0,/users/a/e/aereinh/CARE/results/20260707_srr_v3_m8_editor_grade_leaderboard_sprint/runtime/variants/m8_scar_precision_edema_safe_longrun/roi_coverage_checkpoint_best.csv,False,m8_scar_precision_edema_safe_longrun
Case1021,CenterA,checkpoint_best,5,pathology_aware,0.6183465458663646,,,,myops_scar,LGE-only,,,0.2719041278295606,,0.962532299741602,,,,,,,,,,2.0170176029205322,0.0042775836773216724,0.1,3755,/users/a/e/aereinh/CARE/results/20260707_srr_v3_m8_editor_grade_leaderboard_sprint/runtime/variants/m8_scar_precision_edema_safe_longrun/roi_coverage_checkpoint_best.csv,False,m8_scar_precision_edema_safe_longrun
Case1021,CenterA,checkpoint_best,4,pathology_aware,,,,,myops_edema,LGE-only,,,,,,,,,,,,,,,0.0,0.0001844850048655644,0.1,0,/users/a/e/aereinh/CARE/results/20260707_srr_v3_m8_editor_grade_leaderboard_sprint/runtime/variants/m8_scar_precision_edema_safe_longrun/roi_coverage_checkpoint_best.csv,False,m8_scar_precision_edema_safe_longrun
Case1023,CenterA,checkpoint_best,5,argmax,0.8600840336134454,,,,myops_scar,LGE-only,,,0.5925717048018047,,0.9917780061664954,,,,,,,,,,2.004970073699951,0.006033257581293583,0.1,12412,/users/a/e/aereinh/CARE/results/20260707_srr_v3_m8_editor_grade_leaderboard_sprint/runtime/variants/m8_scar_precision_edema_safe_longrun/roi_coverage_checkpoint_best.csv,False,m8_scar_precision_edema_safe_longrun
Case1023,CenterA,checkpoint_best,4,argmax,,,,,myops_edema,LGE-only,,,,,,,,,,,,,,,0.0,0.0002492389176040888,0.1,0,/users/a/e/aereinh/CARE/results/20260707_srr_v3_m8_editor_grade_leaderboard_sprint/runtime/variants/m8_scar_precision_edema_safe_longrun/roi_coverage_checkpoint_best.csv,False,m8_scar_precision_edema_safe_longrun
Case1023,CenterA,checkpoint_best,5,pathology_aware,0.8600840336134454,,,,myops_scar,LGE-only,,,0.5925717048018047,,0.9904644724700092,,,,,,,,,,2.004970073699951,0.006033257581293583,0.1,12412,/users/a/e/aereinh/CARE/results/20260707_srr_v3_m8_editor_grade_leaderboard_sprint/runtime/variants/m8_scar_precision_edema_safe_longrun/roi_coverage_checkpoint_best.csv,False,m8_scar_precision_edema_safe_longrun
Case1023,CenterA,checkpoint_best,4,pathology_aware,,,,,myops_edema,LGE-only,,,,,,,,,,,,,,,0.0,0.0002492389176040888,0.1,0,/users/a/e/aereinh/CARE/results/20260707_srr_v3_m8_editor_grade_leaderboard_sprint/runtime/variants/m8_scar_precision_edema_safe_longrun/roi_coverage_checkpoint_best.csv,False,m8_scar_precision_edema_safe_longrun
Case1029,CenterA,checkpoint_best,5,argmax,0.9846153846153847,,,,myops_scar,LGE-only,,,0.5191535110054886,,0.9881646655231561,,,,,,,,,,2.3839943408966064,0.00864457618445158,0.1,17673,/users/a/e/aereinh/CARE/results/20260707_srr_v3_m8_editor_grade_leaderboard_sprint/runtime/variants/m8_scar_precision_edema_safe_longrun/roi_coverage_checkpoint_best.csv,False,m8_scar_precision_edema_safe_longrun
Case1029,CenterA,checkpoint_best,4,argmax,,,,,myops_edema,LGE-only,,,,,,,,,,,,,,,0.0,0.00032993228523992,0.1,0,/users/a/e/aereinh/CARE/results/20260707_srr_v3_m8_editor_grade_leaderboard_sprint/runtime/variants/m8_scar_precision_edema_safe_longrun/roi_coverage_checkpoint_best.csv,False,m8_scar_precision_edema_safe_longrun
Case1029,CenterA,checkpoint_best,5,pathology_aware,0.9846153846153847,,,,myops_scar,LGE-only,,,0.5191535110054886,,0.989070197044335,,,,,,,,,,2.3839943408966064,0.00864457618445158,0.1,17673,/users/a/e/aereinh/CARE/results/20260707_srr_v3_m8_editor_grade_leaderboard_sprint/runtime/variants/m8_scar_precision_edema_safe_longrun/roi_coverage_checkpoint_best.csv,False,m8_scar_precision_edema_safe_longrun
Case1029,CenterA,checkpoint_best,4,pathology_aware,,,,,myops_edema,LGE-only,,,,,,,,,,,,,,,0.0,0.00032993228523992,0.1,0,/users/a/e/aereinh/CARE/results/20260707_srr_v3_m8_editor_grade_leaderboard_sprint/runtime/variants/m8_scar_precision_edema_safe_longrun/roi_coverage_checkpoint_best.csv,False,m8_scar_precision_edema_safe_longrun
Case1033,CenterA,checkpoint_best,5,argmax,0.9090909090909091,,,,myops_scar,LGE-only,,,0.20438126310883245,,0.9964009357567033,,,,,,,,,,0.3107617199420929,0.00411637406796217,0.1,8582,/users/a/e/aereinh/CARE/results/20260707_srr_v3_m8_editor_grade_leaderboard_sprint/runtime/variants/m8_scar_precision_edema_safe_longrun/roi_coverage_checkpoint_best.csv,False,m8_scar_precision_edema_safe_longrun
Case1033,CenterA,checkpoint_best,4,argmax,,,,,myops_edema,LGE-only,,,,,,,,,,,,,,,0.0,0.00013417111767921597,0.1,0,/users/a/e/aereinh/CARE/results/20260707_srr_v3_m8_editor_grade_leaderboard_sprint/runtime/variants/m8_scar_precision_edema_safe_longrun/roi_coverage_checkpoint_best.csv,False,m8_scar_precision_edema_safe_longrun
Case1033,CenterA,checkpoint_best,5,pathology_aware,0.9090909090909091,,,,myops_scar,LGE-only,,,0.20438126310883245,,0.996660544331274,,,,,,,,,,0.3107617199420929,0.00411637406796217,0.1,8582,/users/a/e/aereinh/CARE/results/20260707_srr_v3_m8_editor_grade_leaderboard_sprint/runtime/variants/m8_scar_precision_edema_safe_longrun/roi_coverage_checkpoint_best.csv,False,m8_scar_precision_edema_safe_longrun
Case1033,CenterA,checkpoint_best,4,pathology_aware,,,,,myops_edema,LGE-only,,,,,,,,,,,,,,,0.0,0.00013417111767921597,0.1,0,/users/a/e/aereinh/CARE/results/20260707_srr_v3_m8_editor_grade_leaderboard_sprint/runtime/variants/m8_scar_precision_edema_safe_longrun/roi_coverage_checkpoint_best.csv,False,m8_scar_precision_edema_safe_longrun
Case1040,CenterA,checkpoint_best,5,argmax,0.6437153419593346,,,,myops_scar,LGE-only,,,0.40961727183513247,,0.9848963821566561,,,,,,,,,,1.442948341369629,0.005657011643052101,0.1,5095,/users/a/e/aereinh/CARE/results/20260707_srr_v3_m8_editor_grade_leaderboard_sprint/runtime/variants/m8_scar_precision_edema_safe_longrun/roi_coverage_checkpoint_best.csv,False,m8_scar_precision_edema_safe_longrun
Case1040,CenterA,checkpoint_best,4,argmax,,,,,myops_edema,LGE-only,,,,,,,,,,,,,,,0.0,0.00022742466535419226,0.1,0,/users/a/e/aereinh/CARE/results/20260707_srr_v3_m8_editor_grade_leaderboard_sprint/runtime/variants/m8_scar_precision_edema_safe_longrun/roi_coverage_checkpoint_best.csv,False,m8_scar_precision_edema_safe_longrun
Case1040,CenterA,checkpoint_best,5,pathology_aware,0.6437153419593346,,,,myops_scar,LGE-only,,,0.40961727183513247,,0.9855994641661086,,,,,,,,,,1.442948341369629,0.005657011643052101,0.1,5095,/users/a/e/aereinh/CARE/results/20260707_srr_v3_m8_editor_grade_leaderboard_sprint/runtime/variants/m8_scar_precision_edema_safe_longrun/roi_coverage_checkpoint_best.csv,False,m8_scar_precision_edema_safe_longrun
Case1040,CenterA,checkpoint_best,4,pathology_aware,,,,,myops_edema,LGE-only,,,,,,,,,,,,,,,0.0,0.00022742466535419226,0.1,0,/users/a/e/aereinh/CARE/results/20260707_srr_v3_m8_editor_grade_leaderboard_sprint/runtime/variants/m8_scar_precision_edema_safe_longrun/roi_coverage_checkpoint_best.csv,False,m8_scar_precision_edema_safe_longrun
Case1042,CenterA,checkpoint_best,5,argmax,0.8896247240618101,,,,myops_scar,LGE-only,,,0.2132013201320132,,0.9978237214363439,,,,,,,,,,0.33495578169822693,0.003424516413360834,0.1,1515,/users/a/e/aereinh/CARE/results/20260707_srr_v3_m8_editor_grade_leaderboard_sprint/runtime/variants/m8_scar_precision_edema_safe_longrun/roi_coverage_checkpoint_best.csv,False,m8_scar_precision_edema_safe_longrun
Case1042,CenterA,checkpoint_best,4,argmax,,,,,myops_edema,LGE-only,,,,,,,,,,,,,,,0.0,0.00016266042075585574,0.1,0,/users/a/e/aereinh/CARE/results/20260707_srr_v3_m8_editor_grade_leaderboard_sprint/runtime/variants/m8_scar_precision_edema_safe_longrun/roi_coverage_checkpoint_best.csv,False,m8_scar_precision_edema_safe_longrun
Case1042,CenterA,checkpoint_best,5,pathology_aware,0.8896247240618101,,,,myops_scar,LGE-only,,,0.2132013201320132,,0.9979338842975206,,,,,,,,,,0.33495578169822693,0.003424516413360834,0.1,1515,/users/a/e/aereinh/CARE/results/20260707_srr_v3_m8_editor_grade_leaderboard_sprint/runtime/variants/m8_scar_precision_edema_safe_longrun/roi_coverage_checkpoint_best.csv,False,m8_scar_precision_edema_safe_longrun
Case1042,CenterA,checkpoint_best,4,pathology_aware,,,,,myops_edema,LGE-only,,,,,,,,,,,,,,,0.0,0.00016266042075585574,0.1,0,/users/a/e/aereinh/CARE/results/20260707_srr_v3_m8_editor_grade_leaderboard_sprint/runtime/variants/m8_scar_precision_edema_safe_longrun/roi_coverage_checkpoint_best.csv,False,m8_scar_precision_edema_safe_longrun
Case1045,CenterA,checkpoint_best,5,argmax,0.5900537634408602,,,,myops_scar,LGE-only,,,0.24006287895800585,,1.0,,,,,,,,,,0.73868328332901,0.0044613610953092575,0.1,4453,/users/a/e/aereinh/CARE/results/20260707_srr_v3_m8_editor_grade_leaderboard_sprint/runtime/variants/m8_scar_precision_edema_safe_longrun/roi_coverage_checkpoint_best.csv,False,m8_scar_precision_edema_safe_longrun
Case1045,CenterA,checkpoint_best,4,argmax,,,,,myops_edema,LGE-only,,,,,,,,,,,,,,,0.0,0.00018695276230573654,0.1,0,/users/a/e/aereinh/CARE/results/20260707_srr_v3_m8_editor_grade_leaderboard_sprint/runtime/variants/m8_scar_precision_edema_safe_longrun/roi_coverage_checkpoint_best.csv,False,m8_scar_precision_edema_safe_longrun
Case1045,CenterA,checkpoint_best,5,pathology_aware,0.5900537634408602,,,,myops_scar,LGE-only,,,0.24006287895800585,,1.0,,,,,,,,,,0.73868328332901,0.0044613610953092575,0.1,4453,/users/a/e/aereinh/CARE/results/20260707_srr_v3_m8_editor_grade_leaderboard_sprint/runtime/variants/m8_scar_precision_edema_safe_longrun/roi_coverage_checkpoint_best.csv,False,m8_scar_precision_edema_safe_longrun
Case1045,CenterA,checkpoint_best,4,pathology_aware,,,,,myops_edema,LGE-only,,,,,,,,,,,,,,,0.0,0.00018695276230573654,0.1,0,/users/a/e/aereinh/CARE/results/20260707_srr_v3_m8_editor_grade_leaderboard_sprint/runtime/variants/m8_scar_precision_edema_safe_longrun/roi_coverage_checkpoint_best.csv,False,m8_scar_precision_edema_safe_longrun
Case1047,CenterA,checkpoint_best,5,argmax,0.7765513126491647,,,,myops_scar,LGE-only,,,0.3182986809747373,,0.9814535259866293,,,,,,,,,,1.166932463645935,0.006519462913274765,0.1,17892,/users/a/e/aereinh/CARE/results/20260707_srr_v3_m8_editor_grade_leaderboard_sprint/runtime/variants/m8_scar_precision_edema_safe_longrun/roi_coverage_checkpoint_best.csv,False,m8_scar_precision_edema_safe_longrun
Case1047,CenterA,checkpoint_best,4,argmax,,,,,myops_edema,LGE-only,,,,,,,,,,,,,,,0.0,0.00022881112818140537,0.1,0,/users/a/e/aereinh/CARE/results/20260707_srr_v3_m8_editor_grade_leaderboard_sprint/runtime/variants/m8_scar_precision_edema_safe_longrun/roi_coverage_checkpoint_best.csv,False,m8_scar_precision_edema_safe_longrun
Case1047,CenterA,checkpoint_best,5,pathology_aware,0.7765513126491647,,,,myops_scar,LGE-only,,,0.3182986809747373,,0.9828259172521467,,,,,,,,,,1.166932463645935,0.006519462913274765,0.1,17892,/users/a/e/aereinh/CARE/results/20260707_srr_v3_m8_editor_grade_leaderboard_sprint/runtime/variants/m8_scar_precision_edema_safe_longrun/roi_coverage_checkpoint_best.csv,False,m8_scar_precision_edema_safe_longrun
Case1047,CenterA,checkpoint_best,4,pathology_aware,,,,,myops_edema,LGE-only,,,,,,,,,,,,,,,0.0,0.00022881112818140537,0.1,0,/users/a/e/aereinh/CARE/results/20260707_srr_v3_m8_editor_grade_leaderboard_sprint/runtime/variants/m8_scar_precision_edema_safe_longrun/roi_coverage_checkpoint_best.csv,False,m8_scar_precision_edema_safe_longrun
Case2002,CenterB,checkpoint_best,5,argmax,0.0,,,,myops_scar,C0+LGE+T2,,,,,0.0,,,,,,,,,,0.2060082107782364,0.00027560372836887836,0.1,0,/users/a/e/aereinh/CARE/results/20260707_srr_v3_m8_editor_grade_leaderboard_sprint/runtime/broad_eval/variants/m8_scar_precision_edema_safe_longrun/roi_coverage_checkpoint_best.csv,True,m8_scar_precision_edema_safe_longrun
Case2002,CenterB,checkpoint_best,4,argmax,0.0,,,,myops_edema,C0+LGE+T2,,,1.0,,0.0017398869073510222,,,,,,,,,,2.276981830596924,0.0008458920638076961,0.1,6,/users/a/e/aereinh/CARE/results/20260707_srr_v3_m8_editor_grade_leaderboard_sprint/runtime/broad_eval/variants/m8_scar_precision_edema_safe_longrun/roi_coverage_checkpoint_best.csv,True,m8_scar_precision_edema_safe_longrun
Case2002,CenterB,checkpoint_best,5,pathology_aware,0.0,,,,myops_scar,C0+LGE+T2,,,,,0.0,,,,,,,,,,0.2060082107782364,0.00027560372836887836,0.1,0,/users/a/e/aereinh/CARE/results/20260707_srr_v3_m8_editor_grade_leaderboard_sprint/runtime/broad_eval/variants/m8_scar_precision_edema_safe_longrun/roi_coverage_checkpoint_best.csv,True,m8_scar_precision_edema_safe_longrun
Case2002,CenterB,checkpoint_best,4,pathology_aware,0.0,,,,myops_edema,C0+LGE+T2,,,1.0,,0.0017398869073510222,,,,,,,,,,2.276981830596924,0.0008458920638076961,0.1,6,/users/a/e/aereinh/CARE/results/20260707_srr_v3_m8_editor_grade_leaderboard_sprint/runtime/broad_eval/variants/m8_scar_precision_edema_safe_longrun/roi_coverage_checkpoint_best.csv,True,m8_scar_precision_edema_safe_longrun
Case2007,CenterB,checkpoint_best,5,argmax,0.005372217958557176,,,,myops_scar,C0+LGE+T2,,,0.0,,0.011220196353436185,,,,,,,,,,0.3159129023551941,0.00046745582949370146,0.1,9,/users/a/e/aereinh/CARE/results/20260707_srr_v3_m8_editor_grade_leaderboard_sprint/runtime/broad_eval/variants/m8_scar_precision_edema_safe_longrun/roi_coverage_checkpoint_best.csv,True,m8_scar_precision_edema_safe_longrun
Case2007,CenterB,checkpoint_best,4,argmax,0.010259917920656635,,,,myops_edema,C0+LGE+T2,,,0.0,,0.0136986301369863,,,,,,,,,,1.648650884628296,0.0010148653527721763,0.1,21,/users/a/e/aereinh/CARE/results/20260707_srr_v3_m8_editor_grade_leaderboard_sprint/runtime/broad_eval/variants/m8_scar_precision_edema_safe_longrun/roi_coverage_checkpoint_best.csv,True,m8_scar_precision_edema_safe_longrun
Case2007,CenterB,checkpoint_best,5,pathology_aware,0.005372217958557176,,,,myops_scar,C0+LGE+T2,,,0.0,,0.011220196353436185,,,,,,,,,,0.3159129023551941,0.00046745582949370146,0.1,9,/users/a/e/aereinh/CARE/results/20260707_srr_v3_m8_editor_grade_leaderboard_sprint/runtime/broad_eval/variants/m8_scar_precision_edema_safe_longrun/roi_coverage_checkpoint_best.csv,True,m8_scar_precision_edema_safe_longrun
Case2007,CenterB,checkpoint_best,4,pathology_aware,0.010259917920656635,,,,myops_edema,C0+LGE+T2,,,0.0,,0.015609756097560976,,,,,,,,,,1.648650884628296,0.0010148653527721763,0.1,21,/users/a/e/aereinh/CARE/results/20260707_srr_v3_m8_editor_grade_leaderboard_sprint/runtime/broad_eval/variants/m8_scar_precision_edema_safe_longrun/roi_coverage_checkpoint_best.csv,True,m8_scar_precision_edema_safe_longrun
Case2008,CenterB,checkpoint_best,5,argmax,0.0,,,,myops_scar,C0+LGE+T2,,,,,0.0,,,,,,,,,,0.11565904319286346,0.00031409095390699804,0.1,0,/users/a/e/aereinh/CARE/results/20260707_srr_v3_m8_editor_grade_leaderboard_sprint/runtime/broad_eval/variants/m8_scar_precision_edema_safe_longrun/roi_coverage_checkpoint_best.csv,True,m8_scar_precision_edema_safe_longrun
Case2008,CenterB,checkpoint_best,4,argmax,0.0,,,,myops_edema,C0+LGE+T2,,,,,0.0,,,,,,,,,,2.31465482711792,0.0007257864344865084,0.1,0,/users/a/e/aereinh/CARE/results/20260707_srr_v3_m8_editor_grade_leaderboard_sprint/runtime/broad_eval/variants/m8_scar_precision_edema_safe_longrun/roi_coverage_checkpoint_best.csv,True,m8_scar_precision_edema_safe_longrun
Case2008,CenterB,checkpoint_best,5,pathology_aware,0.0,,,,myops_scar,C0+LGE+T2,,,,,0.0,,,,,,,,,,0.11565904319286346,0.00031409095390699804,0.1,0,/users/a/e/aereinh/CARE/results/20260707_srr_v3_m8_editor_grade_leaderboard_sprint/runtime/broad_eval/variants/m8_scar_precision_edema_safe_longrun/roi_coverage_checkpoint_best.csv,True,m8_scar_precision_edema_safe_longrun
Case2008,CenterB,checkpoint_best,4,pathology_aware,0.0,,,,myops_edema,C0+LGE+T2,,,,,0.0,,,,,,,,,,2.31465482711792,0.0007257864344865084,0.1,0,/users/a/e/aereinh/CARE/results/20260707_srr_v3_m8_editor_grade_leaderboard_sprint/runtime/broad_eval/variants/m8_scar_precision_edema_safe_longrun/roi_coverage_checkpoint_best.csv,True,m8_scar_precision_edema_safe_longrun
Case2017,CenterB,checkpoint_best,5,argmax,0.0,,,,myops_scar,C0+LGE+T2,,,,,0.0,,,,,,,,,,0.3199705183506012,0.00032924130209721625,0.1,0,/users/a/e/aereinh/CARE/results/20260707_srr_v3_m8_editor_grade_leaderboard_sprint/runtime/broad_eval/variants/m8_scar_precision_edema_safe_longrun/roi_coverage_checkpoint_best.csv,True,m8_scar_precision_edema_safe_longrun
Case2017,CenterB,checkpoint_best,4,argmax,0.0,,,,myops_edema,C0+LGE+T2,,,,,0.0,,,,,,,,,,2.4453256130218506,0.0008880223613232374,0.1,0,/users/a/e/aereinh/CARE/results/20260707_srr_v3_m8_editor_grade_leaderboard_sprint/runtime/broad_eval/variants/m8_scar_precision_edema_safe_longrun/roi_coverage_checkpoint_best.csv,True,m8_scar_precision_edema_safe_longrun
Case2017,CenterB,checkpoint_best,5,pathology_aware,0.0,,,,myops_scar,C0+LGE+T2,,,,,0.0,,,,,,,,,,0.3199705183506012,0.00032924130209721625,0.1,0,/users/a/e/aereinh/CARE/results/20260707_srr_v3_m8_editor_grade_leaderboard_sprint/runtime/broad_eval/variants/m8_scar_precision_edema_safe_longrun/roi_coverage_checkpoint_best.csv,True,m8_scar_precision_edema_safe_longrun
Case2017,CenterB,checkpoint_best,4,pathology_aware,0.0,,,,myops_edema,C0+LGE+T2,,,,,0.0,,,,,,,,,,2.4453256130218506,0.0008880223613232374,0.1,0,/users/a/e/aereinh/CARE/results/20260707_srr_v3_m8_editor_grade_leaderboard_sprint/runtime/broad_eval/variants/m8_scar_precision_edema_safe_longrun/roi_coverage_checkpoint_best.csv,True,m8_scar_precision_edema_safe_longrun
Case2020,CenterB,checkpoint_best,5,argmax,0.0,,,,myops_scar,C0+LGE+T2,,,,,0.0,,,,,,,,,,0.049058157950639725,0.00018790687317959964,0.1,0,/users/a/e/aereinh/CARE/results/20260707_srr_v3_m8_editor_grade_leaderboard_sprint/runtime/broad_eval/variants/m8_scar_precision_edema_safe_longrun/roi_coverage_checkpoint_best.csv,True,m8_scar_precision_edema_safe_longrun
Case2020,CenterB,checkpoint_best,4,argmax,0.0,,,,myops_edema,C0+LGE+T2,,,,,0.0,,,,,,,,,,2.6768388748168945,0.000788260658737272,0.1,0,/users/a/e/aereinh/CARE/results/20260707_srr_v3_m8_editor_grade_leaderboard_sprint/runtime/broad_eval/variants/m8_scar_precision_edema_safe_longrun/roi_coverage_checkpoint_best.csv,True,m8_scar_precision_edema_safe_longrun
Case2020,CenterB,checkpoint_best,5,pathology_aware,0.0,,,,myops_scar,C0+LGE+T2,,,,,0.0,,,,,,,,,,0.049058157950639725,0.00018790687317959964,0.1,0,/users/a/e/aereinh/CARE/results/20260707_srr_v3_m8_editor_grade_leaderboard_sprint/runtime/broad_eval/variants/m8_scar_precision_edema_safe_longrun/roi_coverage_checkpoint_best.csv,True,m8_scar_precision_edema_safe_longrun
Case2020,CenterB,checkpoint_best,4,pathology_aware,0.0,,,,myops_edema,C0+LGE+T2,,,,,0.0,,,,,,,,,,2.6768388748168945,0.000788260658737272,0.1,0,/users/a/e/aereinh/CARE/results/20260707_srr_v3_m8_editor_grade_leaderboard_sprint/runtime/broad_eval/variants/m8_scar_precision_edema_safe_longrun/roi_coverage_checkpoint_best.csv,True,m8_scar_precision_edema_safe_longrun
Case2031,CenterB,checkpoint_best,5,argmax,0.0,,,,myops_scar,C0+LGE+T2,,,,,0.0,,,,,,,,,,0.13051484525203705,0.00030485945171676576,0.1,0,/users/a/e/aereinh/CARE/results/20260707_srr_v3_m8_editor_grade_leaderboard_sprint/runtime/broad_eval/variants/m8_scar_precision_edema_safe_longrun/roi_coverage_checkpoint_best.csv,True,m8_scar_precision_edema_safe_longrun
Case2031,CenterB,checkpoint_best,4,argmax,0.0,,,,myops_edema,C0+LGE+T2,,,,,0.0,,,,,,,,,,1.938429832458496,0.0005000918172299862,0.1,0,/users/a/e/aereinh/CARE/results/20260707_srr_v3_m8_editor_grade_leaderboard_sprint/runtime/broad_eval/variants/m8_scar_precision_edema_safe_longrun/roi_coverage_checkpoint_best.csv,True,m8_scar_precision_edema_safe_longrun
Case2031,CenterB,checkpoint_best,5,pathology_aware,0.0,,,,myops_scar,C0+LGE+T2,,,,,0.0,,,,,,,,,,0.13051484525203705,0.00030485945171676576,0.1,0,/users/a/e/aereinh/CARE/results/20260707_srr_v3_m8_editor_grade_leaderboard_sprint/runtime/broad_eval/variants/m8_scar_precision_edema_safe_longrun/roi_coverage_checkpoint_best.csv,True,m8_scar_precision_edema_safe_longrun
Case2031,CenterB,checkpoint_best,4,pathology_aware,0.0,,,,myops_edema,C0+LGE+T2,,,,,0.0,,,,,,,,,,1.938429832458496,0.0005000918172299862,0.1,0,/users/a/e/aereinh/CARE/results/20260707_srr_v3_m8_editor_grade_leaderboard_sprint/runtime/broad_eval/variants/m8_scar_precision_edema_safe_longrun/roi_coverage_checkpoint_best.csv,True,m8_scar_precision_edema_safe_longrun
Case2033,CenterB,checkpoint_best,5,argmax,0.0,,,,myops_scar,C0+LGE+T2,,,,,0.0,,,,,,,,,,0.11979221552610397,0.0002628082293085754,0.1,0,/users/a/e/aereinh/CARE/results/20260707_srr_v3_m8_editor_grade_leaderboard_sprint/runtime/broad_eval/variants/m8_scar_precision_edema_safe_longrun/roi_coverage_checkpoint_best.csv,True,m8_scar_precision_edema_safe_longrun
Case2033,CenterB,checkpoint_best,4,argmax,0.0,,,,myops_edema,C0+LGE+T2,,,,,0.0,,,,,,,,,,2.4598584175109863,0.0006698815850540996,0.1,0,/users/a/e/aereinh/CARE/results/20260707_srr_v3_m8_editor_grade_leaderboard_sprint/runtime/broad_eval/variants/m8_scar_precision_edema_safe_longrun/roi_coverage_checkpoint_best.csv,True,m8_scar_precision_edema_safe_longrun
Case2033,CenterB,checkpoint_best,5,pathology_aware,0.0,,,,myops_scar,C0+LGE+T2,,,,,0.0,,,,,,,,,,0.11979221552610397,0.0002628082293085754,0.1,0,/users/a/e/aereinh/CARE/results/20260707_srr_v3_m8_editor_grade_leaderboard_sprint/runtime/broad_eval/variants/m8_scar_precision_edema_safe_longrun/roi_coverage_checkpoint_best.csv,True,m8_scar_precision_edema_safe_longrun
Case2033,CenterB,checkpoint_best,4,pathology_aware,0.0,,,,myops_edema,C0+LGE+T2,,,,,0.0,,,,,,,,,,2.4598584175109863,0.0006698815850540996,0.1,0,/users/a/e/aereinh/CARE/results/20260707_srr_v3_m8_editor_grade_leaderboard_sprint/runtime/broad_eval/variants/m8_scar_precision_edema_safe_longrun/roi_coverage_checkpoint_best.csv,True,m8_scar_precision_edema_safe_longrun
Case3004,CenterC,checkpoint_best,5,argmax,0.0644883920894239,,,,myops_scar,C0+LGE+T2,,,0.0,,0.0688037529319781,,,,,,,,,,0.05771300569176674,0.0002552625664975494,0.1,193,/users/a/e/aereinh/CARE/results/20260707_srr_v3_m8_editor_grade_leaderboard_sprint/runtime/broad_eval/variants/m8_scar_precision_edema_safe_longrun/roi_coverage_checkpoint_best.csv,True,m8_scar_precision_edema_safe_longrun
Case3004,CenterC,checkpoint_best,4,argmax,0.00268897520167314,,,,myops_edema,C0+LGE+T2,,,0.0,,0.014945652173913044,,,,,,,,,,4.6729655265808105,0.0006016480037942529,0.1,22,/users/a/e/aereinh/CARE/results/20260707_srr_v3_m8_editor_grade_leaderboard_sprint/runtime/broad_eval/variants/m8_scar_precision_edema_safe_longrun/roi_coverage_checkpoint_best.csv,True,m8_scar_precision_edema_safe_longrun
Case3004,CenterC,checkpoint_best,5,pathology_aware,0.0644883920894239,,,,myops_scar,C0+LGE+T2,,,0.0,,0.0688037529319781,,,,,,,,,,0.05771300569176674,0.0002552625664975494,0.1,193,/users/a/e/aereinh/CARE/results/20260707_srr_v3_m8_editor_grade_leaderboard_sprint/runtime/broad_eval/variants/m8_scar_precision_edema_safe_longrun/roi_coverage_checkpoint_best.csv,True,m8_scar_precision_edema_safe_longrun
Case3004,CenterC,checkpoint_best,4,pathology_aware,0.00268897520167314,,,,myops_edema,C0+LGE+T2,,,0.0,,0.014945652173913044,,,,,,,,,,4.6729655265808105,0.0006016480037942529,0.1,22,/users/a/e/aereinh/CARE/results/20260707_srr_v3_m8_editor_grade_leaderboard_sprint/runtime/broad_eval/variants/m8_scar_precision_edema_safe_longrun/roi_coverage_checkpoint_best.csv,True,m8_scar_precision_edema_safe_longrun
Case3011,CenterC,checkpoint_best,5,argmax,0.0,,,,myops_scar,C0+LGE+T2,,,,,0.0,,,,,,,,,,0.18812978267669678,0.0002232442784588784,0.1,0,/users/a/e/aereinh/CARE/results/20260707_srr_v3_m8_editor_grade_leaderboard_sprint/runtime/broad_eval/variants/m8_scar_precision_edema_safe_longrun/roi_coverage_checkpoint_best.csv,True,m8_scar_precision_edema_safe_longrun
Case3011,CenterC,checkpoint_best,4,argmax,0.0,,,,myops_edema,C0+LGE+T2,,,,,0.0,,,,,,,,,,3.689539670944214,0.0004671046044677496,0.1,0,/users/a/e/aereinh/CARE/results/20260707_srr_v3_m8_editor_grade_leaderboard_sprint/runtime/broad_eval/variants/m8_scar_precision_edema_safe_longrun/roi_coverage_checkpoint_best.csv,True,m8_scar_precision_edema_safe_longrun
Case3011,CenterC,checkpoint_best,5,pathology_aware,0.0,,,,myops_scar,C0+LGE+T2,,,,,0.0,,,,,,,,,,0.18812978267669678,0.0002232442784588784,0.1,0,/users/a/e/aereinh/CARE/results/20260707_srr_v3_m8_editor_grade_leaderboard_sprint/runtime/broad_eval/variants/m8_scar_precision_edema_safe_longrun/roi_coverage_checkpoint_best.csv,True,m8_scar_precision_edema_safe_longrun
Case3011,CenterC,checkpoint_best,4,pathology_aware,0.0,,,,myops_edema,C0+LGE+T2,,,,,0.0,,,,,,,,,,3.689539670944214,0.0004671046044677496,0.1,0,/users/a/e/aereinh/CARE/results/20260707_srr_v3_m8_editor_grade_leaderboard_sprint/runtime/broad_eval/variants/m8_scar_precision_edema_safe_longrun/roi_coverage_checkpoint_best.csv,True,m8_scar_precision_edema_safe_longrun
Case3012,CenterC,checkpoint_best,5,argmax,0.0049680624556423,,,,myops_scar,C0+LGE+T2,,,0.0,,0.0060396893874029335,,,,,,,,,,0.0929945707321167,0.0002505935844965279,0.1,14,/users/a/e/aereinh/CARE/results/20260707_srr_v3_m8_editor_grade_leaderboard_sprint/runtime/broad_eval/variants/m8_scar_precision_edema_safe_longrun/roi_coverage_checkpoint_best.csv,True,m8_scar_precision_edema_safe_longrun
Case3012,CenterC,checkpoint_best,4,argmax,0.0,,,,myops_edema,C0+LGE+T2,,,,,0.0,,,,,,,,,,4.511346340179443,0.0006789386388845742,0.1,0,/users/a/e/aereinh/CARE/results/20260707_srr_v3_m8_editor_grade_leaderboard_sprint/runtime/broad_eval/variants/m8_scar_precision_edema_safe_longrun/roi_coverage_checkpoint_best.csv,True,m8_scar_precision_edema_safe_longrun
Case3012,CenterC,checkpoint_best,5,pathology_aware,0.0049680624556423,,,,myops_scar,C0+LGE+T2,,,0.0,,0.0060396893874029335,,,,,,,,,,0.0929945707321167,0.0002505935844965279,0.1,14,/users/a/e/aereinh/CARE/results/20260707_srr_v3_m8_editor_grade_leaderboard_sprint/runtime/broad_eval/variants/m8_scar_precision_edema_safe_longrun/roi_coverage_checkpoint_best.csv,True,m8_scar_precision_edema_safe_longrun
Case3012,CenterC,checkpoint_best,4,pathology_aware,0.0,,,,myops_edema,C0+LGE+T2,,,,,0.0,,,,,,,,,,4.511346340179443,0.0006789386388845742,0.1,0,/users/a/e/aereinh/CARE/results/20260707_srr_v3_m8_editor_grade_leaderboard_sprint/runtime/broad_eval/variants/m8_scar_precision_edema_safe_longrun/roi_coverage_checkpoint_best.csv,True,m8_scar_precision_edema_safe_longrun
Case3023,CenterC,checkpoint_best,5,argmax,0.0,,,,myops_scar,C0+LGE+T2,,,,,0.0,,,,,,,,,,0.17923535406589508,0.0002448534651193768,0.1,0,/users/a/e/aereinh/CARE/results/20260707_srr_v3_m8_editor_grade_leaderboard_sprint/runtime/broad_eval/variants/m8_scar_precision_edema_safe_longrun/roi_coverage_checkpoint_best.csv,True,m8_scar_precision_edema_safe_longrun
Case3023,CenterC,checkpoint_best,4,argmax,0.0,,,,myops_edema,C0+LGE+T2,,,,,0.0,,,,,,,,,,3.9398889541625977,0.0004796923603862524,0.1,0,/users/a/e/aereinh/CARE/results/20260707_srr_v3_m8_editor_grade_leaderboard_sprint/runtime/broad_eval/variants/m8_scar_precision_edema_safe_longrun/roi_coverage_checkpoint_best.csv,True,m8_scar_precision_edema_safe_longrun
Case3023,CenterC,checkpoint_best,5,pathology_aware,0.0,,,,myops_scar,C0+LGE+T2,,,,,0.0,,,,,,,,,,0.17923535406589508,0.0002448534651193768,0.1,0,/users/a/e/aereinh/CARE/results/20260707_srr_v3_m8_editor_grade_leaderboard_sprint/runtime/broad_eval/variants/m8_scar_precision_edema_safe_longrun/roi_coverage_checkpoint_best.csv,True,m8_scar_precision_edema_safe_longrun
Case3023,CenterC,checkpoint_best,4,pathology_aware,0.0,,,,myops_edema,C0+LGE+T2,,,,,0.0,,,,,,,,,,3.9398889541625977,0.0004796923603862524,0.1,0,/users/a/e/aereinh/CARE/results/20260707_srr_v3_m8_editor_grade_leaderboard_sprint/runtime/broad_eval/variants/m8_scar_precision_edema_safe_longrun/roi_coverage_checkpoint_best.csv,True,m8_scar_precision_edema_safe_longrun
Case3026,CenterC,checkpoint_best,5,argmax,0.0,,,,myops_scar,C0+LGE+T2,,,,,0.0,,,,,,,,,,1.238633632659912,0.0002512514765840024,0.1,0,/users/a/e/aereinh/CARE/results/20260707_srr_v3_m8_editor_grade_leaderboard_sprint/runtime/broad_eval/variants/m8_scar_precision_edema_safe_longrun/roi_coverage_checkpoint_best.csv,True,m8_scar_precision_edema_safe_longrun
Case3026,CenterC,checkpoint_best,4,argmax,0.0,,,,myops_edema,C0+LGE+T2,,,,,0.0,,,,,,,,,,4.598003387451172,0.000619193771854043,0.1,0,/users/a/e/aereinh/CARE/results/20260707_srr_v3_m8_editor_grade_leaderboard_sprint/runtime/broad_eval/variants/m8_scar_precision_edema_safe_longrun/roi_coverage_checkpoint_best.csv,True,m8_scar_precision_edema_safe_longrun
Case3026,CenterC,checkpoint_best,5,pathology_aware,0.0,,,,myops_scar,C0+LGE+T2,,,,,0.0,,,,,,,,,,1.238633632659912,0.0002512514765840024,0.1,0,/users/a/e/aereinh/CARE/results/20260707_srr_v3_m8_editor_grade_leaderboard_sprint/runtime/broad_eval/variants/m8_scar_precision_edema_safe_longrun/roi_coverage_checkpoint_best.csv,True,m8_scar_precision_edema_safe_longrun
Case3026,CenterC,checkpoint_best,4,pathology_aware,0.0,,,,myops_edema,C0+LGE+T2,,,,,0.0,,,,,,,,,,4.598003387451172,0.000619193771854043,0.1,0,/users/a/e/aereinh/CARE/results/20260707_srr_v3_m8_editor_grade_leaderboard_sprint/runtime/broad_eval/variants/m8_scar_precision_edema_safe_longrun/roi_coverage_checkpoint_best.csv,True,m8_scar_precision_edema_safe_longrun
Case1002,CenterA,checkpoint_best,5,argmax,0.5121241513094084,,,,myops_scar,LGE-only,,,0.0599250936329588,,0.8474226804123711,,,,,,,,,,2.5170207023620605,0.0020666506607085466,0.1,1335,/users/a/e/aereinh/CARE/results/20260707_srr_v3_m8_editor_grade_leaderboard_sprint/runtime/variants/m8_t2_centerC_edema_repair_longrun/roi_coverage_checkpoint_best.csv,False,m8_t2_centerC_edema_repair_longrun
Case1002,CenterA,checkpoint_best,4,argmax,,,,,myops_edema,LGE-only,,,,,,,,,,,,,,,0.0,0.00010627640585880727,0.1,0,/users/a/e/aereinh/CARE/results/20260707_srr_v3_m8_editor_grade_leaderboard_sprint/runtime/variants/m8_t2_centerC_edema_repair_longrun/roi_coverage_checkpoint_best.csv,False,m8_t2_centerC_edema_repair_longrun
Case1002,CenterA,checkpoint_best,5,pathology_aware,0.5121241513094084,,,,myops_scar,LGE-only,,,0.0599250936329588,,0.8399196249162759,,,,,,,,,,2.5170207023620605,0.0020666506607085466,0.1,1335,/users/a/e/aereinh/CARE/results/20260707_srr_v3_m8_editor_grade_leaderboard_sprint/runtime/variants/m8_t2_centerC_edema_repair_longrun/roi_coverage_checkpoint_best.csv,False,m8_t2_centerC_edema_repair_longrun
Case1002,CenterA,checkpoint_best,4,pathology_aware,,,,,myops_edema,LGE-only,,,,,,,,,,,,,,,0.0,0.00010627640585880727,0.1,0,/users/a/e/aereinh/CARE/results/20260707_srr_v3_m8_editor_grade_leaderboard_sprint/runtime/variants/m8_t2_centerC_edema_repair_longrun/roi_coverage_checkpoint_best.csv,False,m8_t2_centerC_edema_repair_longrun
Case1007,CenterA,checkpoint_best,5,argmax,0.8481466719808689,,,,myops_scar,LGE-only,,,0.27036229910106235,,0.967741935483871,,,,,,,,,,4.472278594970703,0.005439609754830599,0.1,7342,/users/a/e/aereinh/CARE/results/20260707_srr_v3_m8_editor_grade_leaderboard_sprint/runtime/variants/m8_t2_centerC_edema_repair_longrun/roi_coverage_checkpoint_best.csv,False,m8_t2_centerC_edema_repair_longrun
Case1007,CenterA,checkpoint_best,4,argmax,,,,,myops_edema,LGE-only,,,,,,,,,,,,,,,0.0,0.0002521522110328078,0.1,0,/users/a/e/aereinh/CARE/results/20260707_srr_v3_m8_editor_grade_leaderboard_sprint/runtime/variants/m8_t2_centerC_edema_repair_longrun/roi_coverage_checkpoint_best.csv,False,m8_t2_centerC_edema_repair_longrun
Case1007,CenterA,checkpoint_best,5,pathology_aware,0.8481466719808689,,,,myops_scar,LGE-only,,,0.27036229910106235,,0.9673829623944743,,,,,,,,,,4.472278594970703,0.005439609754830599,0.1,7342,/users/a/e/aereinh/CARE/results/20260707_srr_v3_m8_editor_grade_leaderboard_sprint/runtime/variants/m8_t2_centerC_edema_repair_longrun/roi_coverage_checkpoint_best.csv,False,m8_t2_centerC_edema_repair_longrun
Case1007,CenterA,checkpoint_best,4,pathology_aware,,,,,myops_edema,LGE-only,,,,,,,,,,,,,,,0.0,0.0002521522110328078,0.1,0,/users/a/e/aereinh/CARE/results/20260707_srr_v3_m8_editor_grade_leaderboard_sprint/runtime/variants/m8_t2_centerC_edema_repair_longrun/roi_coverage_checkpoint_best.csv,False,m8_t2_centerC_edema_repair_longrun
Case1009,CenterA,checkpoint_best,5,argmax,0.643520782396088,,,,myops_scar,LGE-only,,,0.19656065088757396,,0.8953020134228188,,,,,,,,,,3.737954616546631,0.0054687317460775375,0.1,5408,/users/a/e/aereinh/CARE/results/20260707_srr_v3_m8_editor_grade_leaderboard_sprint/runtime/variants/m8_t2_centerC_edema_repair_longrun/roi_coverage_checkpoint_best.csv,False,m8_t2_centerC_edema_repair_longrun
Case1009,CenterA,checkpoint_best,4,argmax,,,,,myops_edema,LGE-only,,,,,,,,,,,,,,,0.0,0.00023712345864623785,0.1,0,/users/a/e/aereinh/CARE/results/20260707_srr_v3_m8_editor_grade_leaderboard_sprint/runtime/variants/m8_t2_centerC_edema_repair_longrun/roi_coverage_checkpoint_best.csv,False,m8_t2_centerC_edema_repair_longrun
Case1009,CenterA,checkpoint_best,5,pathology_aware,0.643520782396088,,,,myops_scar,LGE-only,,,0.19656065088757396,,0.8922616502778965,,,,,,,,,,3.737954616546631,0.0054687317460775375,0.1,5408,/users/a/e/aereinh/CARE/results/20260707_srr_v3_m8_editor_grade_leaderboard_sprint/runtime/variants/m8_t2_centerC_edema_repair_longrun/roi_coverage_checkpoint_best.csv,False,m8_t2_centerC_edema_repair_longrun
Case1009,CenterA,checkpoint_best,4,pathology_aware,,,,,myops_edema,LGE-only,,,,,,,,,,,,,,,0.0,0.00023712345864623785,0.1,0,/users/a/e/aereinh/CARE/results/20260707_srr_v3_m8_editor_grade_leaderboard_sprint/runtime/variants/m8_t2_centerC_edema_repair_longrun/roi_coverage_checkpoint_best.csv,False,m8_t2_centerC_edema_repair_longrun
Case1010,CenterA,checkpoint_best,5,argmax,0.43588469184890655,,,,myops_scar,LGE-only,,,0.3573155985489722,,0.8066184074457083,,,,,,,,,,5.3435893058776855,0.0024776619393378496,0.1,1654,/users/a/e/aereinh/CARE/results/20260707_srr_v3_m8_editor_grade_leaderboard_sprint/runtime/variants/m8_t2_centerC_edema_repair_longrun/roi_coverage_checkpoint_best.csv,False,m8_t2_centerC_edema_repair_longrun
Case1010,CenterA,checkpoint_best,4,argmax,,,,,myops_edema,LGE-only,,,,,,,,,,,,,,,0.0,0.00011346833343850449,0.1,0,/users/a/e/aereinh/CARE/results/20260707_srr_v3_m8_editor_grade_leaderboard_sprint/runtime/variants/m8_t2_centerC_edema_repair_longrun/roi_coverage_checkpoint_best.csv,False,m8_t2_centerC_edema_repair_longrun
Case1010,CenterA,checkpoint_best,5,pathology_aware,0.43588469184890655,,,,myops_scar,LGE-only,,,0.3573155985489722,,0.7882994546355975,,,,,,,,,,5.3435893058776855,0.0024776619393378496,0.1,1654,/users/a/e/aereinh/CARE/results/20260707_srr_v3_m8_editor_grade_leaderboard_sprint/runtime/variants/m8_t2_centerC_edema_repair_longrun/roi_coverage_checkpoint_best.csv,False,m8_t2_centerC_edema_repair_longrun
Case1010,CenterA,checkpoint_best,4,pathology_aware,,,,,myops_edema,LGE-only,,,,,,,,,,,,,,,0.0,0.00011346833343850449,0.1,0,/users/a/e/aereinh/CARE/results/20260707_srr_v3_m8_editor_grade_leaderboard_sprint/runtime/variants/m8_t2_centerC_edema_repair_longrun/roi_coverage_checkpoint_best.csv,False,m8_t2_centerC_edema_repair_longrun
Case1021,CenterA,checkpoint_best,5,argmax,0.5311438278595696,,,,myops_scar,LGE-only,,,0.08441558441558442,,0.8715538847117794,,,,,,,,,,3.895591974258423,0.003347984282299876,0.1,1540,/users/a/e/aereinh/CARE/results/20260707_srr_v3_m8_editor_grade_leaderboard_sprint/runtime/variants/m8_t2_centerC_edema_repair_longrun/roi_coverage_checkpoint_best.csv,False,m8_t2_centerC_edema_repair_longrun
Case1021,CenterA,checkpoint_best,4,argmax,,,,,myops_edema,LGE-only,,,,,,,,,,,,,,,0.0,0.000170347819221206,0.1,0,/users/a/e/aereinh/CARE/results/20260707_srr_v3_m8_editor_grade_leaderboard_sprint/runtime/variants/m8_t2_centerC_edema_repair_longrun/roi_coverage_checkpoint_best.csv,False,m8_t2_centerC_edema_repair_longrun
Case1021,CenterA,checkpoint_best,5,pathology_aware,0.5311438278595696,,,,myops_scar,LGE-only,,,0.08441558441558442,,0.8591378263509412,,,,,,,,,,3.895591974258423,0.003347984282299876,0.1,1540,/users/a/e/aereinh/CARE/results/20260707_srr_v3_m8_editor_grade_leaderboard_sprint/runtime/variants/m8_t2_centerC_edema_repair_longrun/roi_coverage_checkpoint_best.csv,False,m8_t2_centerC_edema_repair_longrun
Case1021,CenterA,checkpoint_best,4,pathology_aware,,,,,myops_edema,LGE-only,,,,,,,,,,,,,,,0.0,0.000170347819221206,0.1,0,/users/a/e/aereinh/CARE/results/20260707_srr_v3_m8_editor_grade_leaderboard_sprint/runtime/variants/m8_t2_centerC_edema_repair_longrun/roi_coverage_checkpoint_best.csv,False,m8_t2_centerC_edema_repair_longrun
Case1023,CenterA,checkpoint_best,5,argmax,0.7890756302521008,,,,myops_scar,LGE-only,,,0.2563140785196299,,0.9806254248810333,,,,,,,,,,4.041808128356934,0.004536609165370464,0.1,3999,/users/a/e/aereinh/CARE/results/20260707_srr_v3_m8_editor_grade_leaderboard_sprint/runtime/variants/m8_t2_centerC_edema_repair_longrun/roi_coverage_checkpoint_best.csv,False,m8_t2_centerC_edema_repair_longrun
Case1023,CenterA,checkpoint_best,4,argmax,,,,,myops_edema,LGE-only,,,,,,,,,,,,,,,0.0,0.00021852634381502867,0.1,0,/users/a/e/aereinh/CARE/results/20260707_srr_v3_m8_editor_grade_leaderboard_sprint/runtime/variants/m8_t2_centerC_edema_repair_longrun/roi_coverage_checkpoint_best.csv,False,m8_t2_centerC_edema_repair_longrun
Case1023,CenterA,checkpoint_best,5,pathology_aware,0.7890756302521008,,,,myops_scar,LGE-only,,,0.2563140785196299,,0.9783989834815756,,,,,,,,,,4.041808128356934,0.004536609165370464,0.1,3999,/users/a/e/aereinh/CARE/results/20260707_srr_v3_m8_editor_grade_leaderboard_sprint/runtime/variants/m8_t2_centerC_edema_repair_longrun/roi_coverage_checkpoint_best.csv,False,m8_t2_centerC_edema_repair_longrun
Case1023,CenterA,checkpoint_best,4,pathology_aware,,,,,myops_edema,LGE-only,,,,,,,,,,,,,,,0.0,0.00021852634381502867,0.1,0,/users/a/e/aereinh/CARE/results/20260707_srr_v3_m8_editor_grade_leaderboard_sprint/runtime/variants/m8_t2_centerC_edema_repair_longrun/roi_coverage_checkpoint_best.csv,False,m8_t2_centerC_edema_repair_longrun
Case1029,CenterA,checkpoint_best,5,argmax,0.9316239316239316,,,,myops_scar,LGE-only,,,0.2805115712545676,,0.9486005089058525,,,,,,,,,,4.082524299621582,0.006254431791603565,0.1,8210,/users/a/e/aereinh/CARE/results/20260707_srr_v3_m8_editor_grade_leaderboard_sprint/runtime/variants/m8_t2_centerC_edema_repair_longrun/roi_coverage_checkpoint_best.csv,False,m8_t2_centerC_edema_repair_longrun
Case1029,CenterA,checkpoint_best,4,argmax,,,,,myops_edema,LGE-only,,,,,,,,,,,,,,,0.0,0.00029796225135214627,0.1,0,/users/a/e/aereinh/CARE/results/20260707_srr_v3_m8_editor_grade_leaderboard_sprint/runtime/variants/m8_t2_centerC_edema_repair_longrun/roi_coverage_checkpoint_best.csv,False,m8_t2_centerC_edema_repair_longrun
Case1029,CenterA,checkpoint_best,5,pathology_aware,0.9316239316239316,,,,myops_scar,LGE-only,,,0.2805115712545676,,0.9473769168684423,,,,,,,,,,4.082524299621582,0.006254431791603565,0.1,8210,/users/a/e/aereinh/CARE/results/20260707_srr_v3_m8_editor_grade_leaderboard_sprint/runtime/variants/m8_t2_centerC_edema_repair_longrun/roi_coverage_checkpoint_best.csv,False,m8_t2_centerC_edema_repair_longrun
Case1029,CenterA,checkpoint_best,4,pathology_aware,,,,,myops_edema,LGE-only,,,,,,,,,,,,,,,0.0,0.00029796225135214627,0.1,0,/users/a/e/aereinh/CARE/results/20260707_srr_v3_m8_editor_grade_leaderboard_sprint/runtime/variants/m8_t2_centerC_edema_repair_longrun/roi_coverage_checkpoint_best.csv,False,m8_t2_centerC_edema_repair_longrun
Case1033,CenterA,checkpoint_best,5,argmax,0.7892673364371477,,,,myops_scar,LGE-only,,,0.179374471682164,,0.8773460651959171,,,,,,,,,,1.422093152999878,0.0023461063392460346,0.1,5915,/users/a/e/aereinh/CARE/results/20260707_srr_v3_m8_editor_grade_leaderboard_sprint/runtime/variants/m8_t2_centerC_edema_repair_longrun/roi_coverage_checkpoint_best.csv,False,m8_t2_centerC_edema_repair_longrun
Case1033,CenterA,checkpoint_best,4,argmax,,,,,myops_edema,LGE-only,,,,,,,,,,,,,,,0.0,8.050342148635536e-05,0.1,0,/users/a/e/aereinh/CARE/results/20260707_srr_v3_m8_editor_grade_leaderboard_sprint/runtime/variants/m8_t2_centerC_edema_repair_longrun/roi_coverage_checkpoint_best.csv,False,m8_t2_centerC_edema_repair_longrun
Case1033,CenterA,checkpoint_best,5,pathology_aware,0.7892673364371477,,,,myops_scar,LGE-only,,,0.179374471682164,,0.8755619781631342,,,,,,,,,,1.422093152999878,0.0023461063392460346,0.1,5915,/users/a/e/aereinh/CARE/results/20260707_srr_v3_m8_editor_grade_leaderboard_sprint/runtime/variants/m8_t2_centerC_edema_repair_longrun/roi_coverage_checkpoint_best.csv,False,m8_t2_centerC_edema_repair_longrun
Case1033,CenterA,checkpoint_best,4,pathology_aware,,,,,myops_edema,LGE-only,,,,,,,,,,,,,,,0.0,8.050342148635536e-05,0.1,0,/users/a/e/aereinh/CARE/results/20260707_srr_v3_m8_editor_grade_leaderboard_sprint/runtime/variants/m8_t2_centerC_edema_repair_longrun/roi_coverage_checkpoint_best.csv,False,m8_t2_centerC_edema_repair_longrun
Case1040,CenterA,checkpoint_best,5,argmax,0.5355822550831792,,,,myops_scar,LGE-only,,,0.35549789166396367,,0.9073578595317726,,,,,,,,,,3.741802453994751,0.004201395902782679,0.1,3083,/users/a/e/aereinh/CARE/results/20260707_srr_v3_m8_editor_grade_leaderboard_sprint/runtime/variants/m8_t2_centerC_edema_repair_longrun/roi_coverage_checkpoint_best.csv,False,m8_t2_centerC_edema_repair_longrun
Case1040,CenterA,checkpoint_best,4,argmax,,,,,myops_edema,LGE-only,,,,,,,,,,,,,,,0.0,0.00020035867055412382,0.1,0,/users/a/e/aereinh/CARE/results/20260707_srr_v3_m8_editor_grade_leaderboard_sprint/runtime/variants/m8_t2_centerC_edema_repair_longrun/roi_coverage_checkpoint_best.csv,False,m8_t2_centerC_edema_repair_longrun
Case1040,CenterA,checkpoint_best,5,pathology_aware,0.5355822550831792,,,,myops_scar,LGE-only,,,0.35549789166396367,,0.9006815968841285,,,,,,,,,,3.741802453994751,0.004201395902782679,0.1,3083,/users/a/e/aereinh/CARE/results/20260707_srr_v3_m8_editor_grade_leaderboard_sprint/runtime/variants/m8_t2_centerC_edema_repair_longrun/roi_coverage_checkpoint_best.csv,False,m8_t2_centerC_edema_repair_longrun
Case1040,CenterA,checkpoint_best,4,pathology_aware,,,,,myops_edema,LGE-only,,,,,,,,,,,,,,,0.0,0.00020035867055412382,0.1,0,/users/a/e/aereinh/CARE/results/20260707_srr_v3_m8_editor_grade_leaderboard_sprint/runtime/variants/m8_t2_centerC_edema_repair_longrun/roi_coverage_checkpoint_best.csv,False,m8_t2_centerC_edema_repair_longrun
Case1042,CenterA,checkpoint_best,5,argmax,0.8311258278145696,,,,myops_scar,LGE-only,,,0.1762621789193977,,0.9896694214876033,,,,,,,,,,0.8868127465248108,0.0028631414752453566,0.1,1129,/users/a/e/aereinh/CARE/results/20260707_srr_v3_m8_editor_grade_leaderboard_sprint/runtime/variants/m8_t2_centerC_edema_repair_longrun/roi_coverage_checkpoint_best.csv,False,m8_t2_centerC_edema_repair_longrun
Case1042,CenterA,checkpoint_best,4,argmax,,,,,myops_edema,LGE-only,,,,,,,,,,,,,,,0.0,0.00014809535059612244,0.1,0,/users/a/e/aereinh/CARE/results/20260707_srr_v3_m8_editor_grade_leaderboard_sprint/runtime/variants/m8_t2_centerC_edema_repair_longrun/roi_coverage_checkpoint_best.csv,False,m8_t2_centerC_edema_repair_longrun
Case1042,CenterA,checkpoint_best,5,pathology_aware,0.8311258278145696,,,,myops_scar,LGE-only,,,0.1762621789193977,,0.9900398406374502,,,,,,,,,,0.8868127465248108,0.0028631414752453566,0.1,1129,/users/a/e/aereinh/CARE/results/20260707_srr_v3_m8_editor_grade_leaderboard_sprint/runtime/variants/m8_t2_centerC_edema_repair_longrun/roi_coverage_checkpoint_best.csv,False,m8_t2_centerC_edema_repair_longrun
Case1042,CenterA,checkpoint_best,4,pathology_aware,,,,,myops_edema,LGE-only,,,,,,,,,,,,,,,0.0,0.00014809535059612244,0.1,0,/users/a/e/aereinh/CARE/results/20260707_srr_v3_m8_editor_grade_leaderboard_sprint/runtime/variants/m8_t2_centerC_edema_repair_longrun/roi_coverage_checkpoint_best.csv,False,m8_t2_centerC_edema_repair_longrun
Case1045,CenterA,checkpoint_best,5,argmax,0.17405913978494625,,,,myops_scar,LGE-only,,,0.06612784717119764,,0.9935897435897436,,,,,,,,,,1.4557690620422363,0.003624838776886463,0.1,1361,/users/a/e/aereinh/CARE/results/20260707_srr_v3_m8_editor_grade_leaderboard_sprint/runtime/variants/m8_t2_centerC_edema_repair_longrun/roi_coverage_checkpoint_best.csv,False,m8_t2_centerC_edema_repair_longrun
Case1045,CenterA,checkpoint_best,4,argmax,,,,,myops_edema,LGE-only,,,,,,,,,,,,,,,0.0,0.0001811496476875618,0.1,0,/users/a/e/aereinh/CARE/results/20260707_srr_v3_m8_editor_grade_leaderboard_sprint/runtime/variants/m8_t2_centerC_edema_repair_longrun/roi_coverage_checkpoint_best.csv,False,m8_t2_centerC_edema_repair_longrun
Case1045,CenterA,checkpoint_best,5,pathology_aware,0.17405913978494625,,,,myops_scar,LGE-only,,,0.06612784717119764,,0.9938931297709923,,,,,,,,,,1.4557690620422363,0.003624838776886463,0.1,1361,/users/a/e/aereinh/CARE/results/20260707_srr_v3_m8_editor_grade_leaderboard_sprint/runtime/variants/m8_t2_centerC_edema_repair_longrun/roi_coverage_checkpoint_best.csv,False,m8_t2_centerC_edema_repair_longrun
Case1045,CenterA,checkpoint_best,4,pathology_aware,,,,,myops_edema,LGE-only,,,,,,,,,,,,,,,0.0,0.0001811496476875618,0.1,0,/users/a/e/aereinh/CARE/results/20260707_srr_v3_m8_editor_grade_leaderboard_sprint/runtime/variants/m8_t2_centerC_edema_repair_longrun/roi_coverage_checkpoint_best.csv,False,m8_t2_centerC_edema_repair_longrun
Case1047,CenterA,checkpoint_best,5,argmax,0.6266408114558473,,,,myops_scar,LGE-only,,,0.2013431322858591,,0.933205292360222,,,,,,,,,,3.410900831222534,0.005109509453177452,0.1,7892,/users/a/e/aereinh/CARE/results/20260707_srr_v3_m8_editor_grade_leaderboard_sprint/runtime/variants/m8_t2_centerC_edema_repair_longrun/roi_coverage_checkpoint_best.csv,False,m8_t2_centerC_edema_repair_longrun
Case1047,CenterA,checkpoint_best,4,argmax,,,,,myops_edema,LGE-only,,,,,,,,,,,,,,,0.0,0.00021612289128825068,0.1,0,/users/a/e/aereinh/CARE/results/20260707_srr_v3_m8_editor_grade_leaderboard_sprint/runtime/variants/m8_t2_centerC_edema_repair_longrun/roi_coverage_checkpoint_best.csv,False,m8_t2_centerC_edema_repair_longrun
Case1047,CenterA,checkpoint_best,5,pathology_aware,0.6266408114558473,,,,myops_scar,LGE-only,,,0.2013431322858591,,0.931938236489232,,,,,,,,,,3.410900831222534,0.005109509453177452,0.1,7892,/users/a/e/aereinh/CARE/results/20260707_srr_v3_m8_editor_grade_leaderboard_sprint/runtime/variants/m8_t2_centerC_edema_repair_longrun/roi_coverage_checkpoint_best.csv,False,m8_t2_centerC_edema_repair_longrun
Case1047,CenterA,checkpoint_best,4,pathology_aware,,,,,myops_edema,LGE-only,,,,,,,,,,,,,,,0.0,0.00021612289128825068,0.1,0,/users/a/e/aereinh/CARE/results/20260707_srr_v3_m8_editor_grade_leaderboard_sprint/runtime/variants/m8_t2_centerC_edema_repair_longrun/roi_coverage_checkpoint_best.csv,False,m8_t2_centerC_edema_repair_longrun
Case2002,CenterB,checkpoint_best,5,argmax,0.0,,,,myops_scar,C0+LGE+T2,,,,,0.0,,,,,,,,,,2.0358967781066895,0.0002722740173339844,0.1,0,/users/a/e/aereinh/CARE/results/20260707_srr_v3_m8_editor_grade_leaderboard_sprint/runtime/broad_eval/variants/m8_t2_centerC_edema_repair_longrun/roi_coverage_checkpoint_best.csv,True,m8_t2_centerC_edema_repair_longrun
Case2002,CenterB,checkpoint_best,4,argmax,0.0003315649867374005,,,,myops_edema,C0+LGE+T2,,,0.0,,0.000434593654932638,,,,,,,,,,1.8597627878189087,0.0008302917703986168,0.1,1,/users/a/e/aereinh/CARE/results/20260707_srr_v3_m8_editor_grade_leaderboard_sprint/runtime/broad_eval/variants/m8_t2_centerC_edema_repair_longrun/roi_coverage_checkpoint_best.csv,True,m8_t2_centerC_edema_repair_longrun
Case2002,CenterB,checkpoint_best,5,pathology_aware,0.0,,,,myops_scar,C0+LGE+T2,,,,,0.0,,,,,,,,,,2.0358967781066895,0.0002722740173339844,0.1,0,/users/a/e/aereinh/CARE/results/20260707_srr_v3_m8_editor_grade_leaderboard_sprint/runtime/broad_eval/variants/m8_t2_centerC_edema_repair_longrun/roi_coverage_checkpoint_best.csv,True,m8_t2_centerC_edema_repair_longrun
Case2002,CenterB,checkpoint_best,4,pathology_aware,0.0003315649867374005,,,,myops_edema,C0+LGE+T2,,,0.0,,0.000434593654932638,,,,,,,,,,1.8597627878189087,0.0008302917703986168,0.1,1,/users/a/e/aereinh/CARE/results/20260707_srr_v3_m8_editor_grade_leaderboard_sprint/runtime/broad_eval/variants/m8_t2_centerC_edema_repair_longrun/roi_coverage_checkpoint_best.csv,True,m8_t2_centerC_edema_repair_longrun
Case2007,CenterB,checkpoint_best,5,argmax,0.009976976208749041,,,,myops_scar,C0+LGE+T2,,,0.0,,0.05843293492695883,,,,,,,,,,3.9979496002197266,0.0006254961481317878,0.1,49,/users/a/e/aereinh/CARE/results/20260707_srr_v3_m8_editor_grade_leaderboard_sprint/runtime/broad_eval/variants/m8_t2_centerC_edema_repair_longrun/roi_coverage_checkpoint_best.csv,True,m8_t2_centerC_edema_repair_longrun
Case2007,CenterB,checkpoint_best,4,argmax,0.11696306429548564,,,,myops_edema,C0+LGE+T2,,,0.0,,0.17762512266928362,,,,,,,,,,1.566538691520691,0.0011825042311102152,0.1,208,/users/a/e/aereinh/CARE/results/20260707_srr_v3_m8_editor_grade_leaderboard_sprint/runtime/broad_eval/variants/m8_t2_centerC_edema_repair_longrun/roi_coverage_checkpoint_best.csv,True,m8_t2_centerC_edema_repair_longrun
Case2007,CenterB,checkpoint_best,5,pathology_aware,0.009976976208749041,,,,myops_scar,C0+LGE+T2,,,0.0,,0.05812417437252312,,,,,,,,,,3.9979496002197266,0.0006254961481317878,0.1,49,/users/a/e/aereinh/CARE/results/20260707_srr_v3_m8_editor_grade_leaderboard_sprint/runtime/broad_eval/variants/m8_t2_centerC_edema_repair_longrun/roi_coverage_checkpoint_best.csv,True,m8_t2_centerC_edema_repair_longrun
Case2007,CenterB,checkpoint_best,4,pathology_aware,0.11696306429548564,,,,myops_edema,C0+LGE+T2,,,0.0,,0.1796116504854369,,,,,,,,,,1.566538691520691,0.0011825042311102152,0.1,208,/users/a/e/aereinh/CARE/results/20260707_srr_v3_m8_editor_grade_leaderboard_sprint/runtime/broad_eval/variants/m8_t2_centerC_edema_repair_longrun/roi_coverage_checkpoint_best.csv,True,m8_t2_centerC_edema_repair_longrun
Case2008,CenterB,checkpoint_best,5,argmax,0.06988188976377953,,,,myops_scar,C0+LGE+T2,,,0.0,,0.09241952232606439,,,,,,,,,,1.323166847229004,0.0004516244225669652,0.1,91,/users/a/e/aereinh/CARE/results/20260707_srr_v3_m8_editor_grade_leaderboard_sprint/runtime/broad_eval/variants/m8_t2_centerC_edema_repair_longrun/roi_coverage_checkpoint_best.csv,True,m8_t2_centerC_edema_repair_longrun
Case2008,CenterB,checkpoint_best,4,argmax,0.0002775464890369137,,,,myops_edema,C0+LGE+T2,,,0.0,,0.0009140767824497258,,,,,,,,,,1.605579137802124,0.0006875248509459198,0.1,1,/users/a/e/aereinh/CARE/results/20260707_srr_v3_m8_editor_grade_leaderboard_sprint/runtime/broad_eval/variants/m8_t2_centerC_edema_repair_longrun/roi_coverage_checkpoint_best.csv,True,m8_t2_centerC_edema_repair_longrun
Case2008,CenterB,checkpoint_best,5,pathology_aware,0.06988188976377953,,,,myops_scar,C0+LGE+T2,,,0.0,,0.09410548086866598,,,,,,,,,,1.323166847229004,0.0004516244225669652,0.1,91,/users/a/e/aereinh/CARE/results/20260707_srr_v3_m8_editor_grade_leaderboard_sprint/runtime/broad_eval/variants/m8_t2_centerC_edema_repair_longrun/roi_coverage_checkpoint_best.csv,True,m8_t2_centerC_edema_repair_longrun
Case2008,CenterB,checkpoint_best,4,pathology_aware,0.0002775464890369137,,,,myops_edema,C0+LGE+T2,,,0.0,,0.0009082652134423251,,,,,,,,,,1.605579137802124,0.0006875248509459198,0.1,1,/users/a/e/aereinh/CARE/results/20260707_srr_v3_m8_editor_grade_leaderboard_sprint/runtime/broad_eval/variants/m8_t2_centerC_edema_repair_longrun/roi_coverage_checkpoint_best.csv,True,m8_t2_centerC_edema_repair_longrun
Case2017,CenterB,checkpoint_best,5,argmax,0.0,,,,myops_scar,C0+LGE+T2,,,,,0.0,,,,,,,,,,1.144269347190857,0.0004738109710160643,0.1,0,/users/a/e/aereinh/CARE/results/20260707_srr_v3_m8_editor_grade_leaderboard_sprint/runtime/broad_eval/variants/m8_t2_centerC_edema_repair_longrun/roi_coverage_checkpoint_best.csv,True,m8_t2_centerC_edema_repair_longrun
Case2017,CenterB,checkpoint_best,4,argmax,0.06331976481230213,,,,myops_edema,C0+LGE+T2,,,0.0,,0.08614426569797613,,,,,,,,,,1.2062172889709473,0.0010784470941871405,0.1,193,/users/a/e/aereinh/CARE/results/20260707_srr_v3_m8_editor_grade_leaderboard_sprint/runtime/broad_eval/variants/m8_t2_centerC_edema_repair_longrun/roi_coverage_checkpoint_best.csv,True,m8_t2_centerC_edema_repair_longrun
Case2017,CenterB,checkpoint_best,5,pathology_aware,0.0,,,,myops_scar,C0+LGE+T2,,,,,0.0,,,,,,,,,,1.144269347190857,0.0004738109710160643,0.1,0,/users/a/e/aereinh/CARE/results/20260707_srr_v3_m8_editor_grade_leaderboard_sprint/runtime/broad_eval/variants/m8_t2_centerC_edema_repair_longrun/roi_coverage_checkpoint_best.csv,True,m8_t2_centerC_edema_repair_longrun
Case2017,CenterB,checkpoint_best,4,pathology_aware,0.06331976481230213,,,,myops_edema,C0+LGE+T2,,,0.0,,0.0859658208182289,,,,,,,,,,1.2062172889709473,0.0010784470941871405,0.1,193,/users/a/e/aereinh/CARE/results/20260707_srr_v3_m8_editor_grade_leaderboard_sprint/runtime/broad_eval/variants/m8_t2_centerC_edema_repair_longrun/roi_coverage_checkpoint_best.csv,True,m8_t2_centerC_edema_repair_longrun
Case2020,CenterB,checkpoint_best,5,argmax,0.0,,,,myops_scar,C0+LGE+T2,,,,,0.0,,,,,,,,,,1.5892921686172485,0.0002645648783072829,0.1,0,/users/a/e/aereinh/CARE/results/20260707_srr_v3_m8_editor_grade_leaderboard_sprint/runtime/broad_eval/variants/m8_t2_centerC_edema_repair_longrun/roi_coverage_checkpoint_best.csv,True,m8_t2_centerC_edema_repair_longrun
Case2020,CenterB,checkpoint_best,4,argmax,0.0029069767441860465,,,,myops_edema,C0+LGE+T2,,,0.0,,0.004555808656036446,,,,,,,,,,1.3254448175430298,0.0009285914129577577,0.1,4,/users/a/e/aereinh/CARE/results/20260707_srr_v3_m8_editor_grade_leaderboard_sprint/runtime/broad_eval/variants/m8_t2_centerC_edema_repair_longrun/roi_coverage_checkpoint_best.csv,True,m8_t2_centerC_edema_repair_longrun
Case2020,CenterB,checkpoint_best,5,pathology_aware,0.0,,,,myops_scar,C0+LGE+T2,,,,,0.0,,,,,,,,,,1.5892921686172485,0.0002645648783072829,0.1,0,/users/a/e/aereinh/CARE/results/20260707_srr_v3_m8_editor_grade_leaderboard_sprint/runtime/broad_eval/variants/m8_t2_centerC_edema_repair_longrun/roi_coverage_checkpoint_best.csv,True,m8_t2_centerC_edema_repair_longrun
Case2020,CenterB,checkpoint_best,4,pathology_aware,0.0029069767441860465,,,,myops_edema,C0+LGE+T2,,,0.0,,0.004555808656036446,,,,,,,,,,1.3254448175430298,0.0009285914129577577,0.1,4,/users/a/e/aereinh/CARE/results/20260707_srr_v3_m8_editor_grade_leaderboard_sprint/runtime/broad_eval/variants/m8_t2_centerC_edema_repair_longrun/roi_coverage_checkpoint_best.csv,True,m8_t2_centerC_edema_repair_longrun
Case2031,CenterB,checkpoint_best,5,argmax,0.0,,,,myops_scar,C0+LGE+T2,,,,,0.0,,,,,,,,,,1.3221299648284912,0.00027283476083539426,0.1,0,/users/a/e/aereinh/CARE/results/20260707_srr_v3_m8_editor_grade_leaderboard_sprint/runtime/broad_eval/variants/m8_t2_centerC_edema_repair_longrun/roi_coverage_checkpoint_best.csv,True,m8_t2_centerC_edema_repair_longrun
Case2031,CenterB,checkpoint_best,4,argmax,0.0,,,,myops_edema,C0+LGE+T2,,,,,0.0,,,,,,,,,,1.8401916027069092,0.0004654890508390963,0.1,0,/users/a/e/aereinh/CARE/results/20260707_srr_v3_m8_editor_grade_leaderboard_sprint/runtime/broad_eval/variants/m8_t2_centerC_edema_repair_longrun/roi_coverage_checkpoint_best.csv,True,m8_t2_centerC_edema_repair_longrun
Case2031,CenterB,checkpoint_best,5,pathology_aware,0.0,,,,myops_scar,C0+LGE+T2,,,,,0.0,,,,,,,,,,1.3221299648284912,0.00027283476083539426,0.1,0,/users/a/e/aereinh/CARE/results/20260707_srr_v3_m8_editor_grade_leaderboard_sprint/runtime/broad_eval/variants/m8_t2_centerC_edema_repair_longrun/roi_coverage_checkpoint_best.csv,True,m8_t2_centerC_edema_repair_longrun
Case2031,CenterB,checkpoint_best,4,pathology_aware,0.0,,,,myops_edema,C0+LGE+T2,,,,,0.0,,,,,,,,,,1.8401916027069092,0.0004654890508390963,0.1,0,/users/a/e/aereinh/CARE/results/20260707_srr_v3_m8_editor_grade_leaderboard_sprint/runtime/broad_eval/variants/m8_t2_centerC_edema_repair_longrun/roi_coverage_checkpoint_best.csv,True,m8_t2_centerC_edema_repair_longrun
Case2033,CenterB,checkpoint_best,5,argmax,0.04818181818181818,,,,myops_scar,C0+LGE+T2,,,0.0,,0.08018867924528301,,,,,,,,,,0.18865716457366943,0.0004399003810249269,0.1,92,/users/a/e/aereinh/CARE/results/20260707_srr_v3_m8_editor_grade_leaderboard_sprint/runtime/broad_eval/variants/m8_t2_centerC_edema_repair_longrun/roi_coverage_checkpoint_best.csv,True,m8_t2_centerC_edema_repair_longrun
Case2033,CenterB,checkpoint_best,4,argmax,0.07730426164519326,,,,myops_edema,C0+LGE+T2,,,0.0,,0.09974587039390088,,,,,,,,,,1.5119352340698242,0.0008678958402015269,0.1,184,/users/a/e/aereinh/CARE/results/20260707_srr_v3_m8_editor_grade_leaderboard_sprint/runtime/broad_eval/variants/m8_t2_centerC_edema_repair_longrun/roi_coverage_checkpoint_best.csv,True,m8_t2_centerC_edema_repair_longrun
Case2033,CenterB,checkpoint_best,5,pathology_aware,0.04818181818181818,,,,myops_scar,C0+LGE+T2,,,0.0,,0.08018867924528301,,,,,,,,,,0.18865716457366943,0.0004399003810249269,0.1,92,/users/a/e/aereinh/CARE/results/20260707_srr_v3_m8_editor_grade_leaderboard_sprint/runtime/broad_eval/variants/m8_t2_centerC_edema_repair_longrun/roi_coverage_checkpoint_best.csv,True,m8_t2_centerC_edema_repair_longrun
Case2033,CenterB,checkpoint_best,4,pathology_aware,0.07730426164519326,,,,myops_edema,C0+LGE+T2,,,0.0,,0.10145846544071022,,,,,,,,,,1.5119352340698242,0.0008678958402015269,0.1,184,/users/a/e/aereinh/CARE/results/20260707_srr_v3_m8_editor_grade_leaderboard_sprint/runtime/broad_eval/variants/m8_t2_centerC_edema_repair_longrun/roi_coverage_checkpoint_best.csv,True,m8_t2_centerC_edema_repair_longrun
Case3004,CenterC,checkpoint_best,5,argmax,0.0,,,,myops_scar,C0+LGE+T2,,,,,0.0,,,,,,,,,,1.249416470527649,0.00021833232312928885,0.1,0,/users/a/e/aereinh/CARE/results/20260707_srr_v3_m8_editor_grade_leaderboard_sprint/runtime/broad_eval/variants/m8_t2_centerC_edema_repair_longrun/roi_coverage_checkpoint_best.csv,True,m8_t2_centerC_edema_repair_longrun
Case3004,CenterC,checkpoint_best,4,argmax,0.0,,,,myops_edema,C0+LGE+T2,,,,,0.0,,,,,,,,,,2.6878397464752197,0.000285621004877612,0.1,0,/users/a/e/aereinh/CARE/results/20260707_srr_v3_m8_editor_grade_leaderboard_sprint/runtime/broad_eval/variants/m8_t2_centerC_edema_repair_longrun/roi_coverage_checkpoint_best.csv,True,m8_t2_centerC_edema_repair_longrun
Case3004,CenterC,checkpoint_best,5,pathology_aware,0.0,,,,myops_scar,C0+LGE+T2,,,,,0.0,,,,,,,,,,1.249416470527649,0.00021833232312928885,0.1,0,/users/a/e/aereinh/CARE/results/20260707_srr_v3_m8_editor_grade_leaderboard_sprint/runtime/broad_eval/variants/m8_t2_centerC_edema_repair_longrun/roi_coverage_checkpoint_best.csv,True,m8_t2_centerC_edema_repair_longrun
Case3004,CenterC,checkpoint_best,4,pathology_aware,0.0,,,,myops_edema,C0+LGE+T2,,,,,0.0,,,,,,,,,,2.6878397464752197,0.000285621004877612,0.1,0,/users/a/e/aereinh/CARE/results/20260707_srr_v3_m8_editor_grade_leaderboard_sprint/runtime/broad_eval/variants/m8_t2_centerC_edema_repair_longrun/roi_coverage_checkpoint_best.csv,True,m8_t2_centerC_edema_repair_longrun
Case3011,CenterC,checkpoint_best,5,argmax,0.0,,,,myops_scar,C0+LGE+T2,,,,,0.0,,,,,,,,,,1.7367792129516602,0.00027627634699456394,0.1,0,/users/a/e/aereinh/CARE/results/20260707_srr_v3_m8_editor_grade_leaderboard_sprint/runtime/broad_eval/variants/m8_t2_centerC_edema_repair_longrun/roi_coverage_checkpoint_best.csv,True,m8_t2_centerC_edema_repair_longrun
Case3011,CenterC,checkpoint_best,4,argmax,0.0,,,,myops_edema,C0+LGE+T2,,,,,0.0,,,,,,,,,,1.1390856504440308,0.00039103595190681517,0.1,0,/users/a/e/aereinh/CARE/results/20260707_srr_v3_m8_editor_grade_leaderboard_sprint/runtime/broad_eval/variants/m8_t2_centerC_edema_repair_longrun/roi_coverage_checkpoint_best.csv,True,m8_t2_centerC_edema_repair_longrun
Case3011,CenterC,checkpoint_best,5,pathology_aware,0.0,,,,myops_scar,C0+LGE+T2,,,,,0.0,,,,,,,,,,1.7367792129516602,0.00027627634699456394,0.1,0,/users/a/e/aereinh/CARE/results/20260707_srr_v3_m8_editor_grade_leaderboard_sprint/runtime/broad_eval/variants/m8_t2_centerC_edema_repair_longrun/roi_coverage_checkpoint_best.csv,True,m8_t2_centerC_edema_repair_longrun
Case3011,CenterC,checkpoint_best,4,pathology_aware,0.0,,,,myops_edema,C0+LGE+T2,,,,,0.0,,,,,,,,,,1.1390856504440308,0.00039103595190681517,0.1,0,/users/a/e/aereinh/CARE/results/20260707_srr_v3_m8_editor_grade_leaderboard_sprint/runtime/broad_eval/variants/m8_t2_centerC_edema_repair_longrun/roi_coverage_checkpoint_best.csv,True,m8_t2_centerC_edema_repair_longrun
Case3012,CenterC,checkpoint_best,5,argmax,0.0,,,,myops_scar,C0+LGE+T2,,,,,0.0,,,,,,,,,,3.0791175365448,0.00020890722225885838,0.1,0,/users/a/e/aereinh/CARE/results/20260707_srr_v3_m8_editor_grade_leaderboard_sprint/runtime/broad_eval/variants/m8_t2_centerC_edema_repair_longrun/roi_coverage_checkpoint_best.csv,True,m8_t2_centerC_edema_repair_longrun
Case3012,CenterC,checkpoint_best,4,argmax,0.0,,,,myops_edema,C0+LGE+T2,,,,,0.0,,,,,,,,,,2.9451792240142822,0.00033477676333859563,0.1,0,/users/a/e/aereinh/CARE/results/20260707_srr_v3_m8_editor_grade_leaderboard_sprint/runtime/broad_eval/variants/m8_t2_centerC_edema_repair_longrun/roi_coverage_checkpoint_best.csv,True,m8_t2_centerC_edema_repair_longrun
Case3012,CenterC,checkpoint_best,5,pathology_aware,0.0,,,,myops_scar,C0+LGE+T2,,,,,0.0,,,,,,,,,,3.0791175365448,0.00020890722225885838,0.1,0,/users/a/e/aereinh/CARE/results/20260707_srr_v3_m8_editor_grade_leaderboard_sprint/runtime/broad_eval/variants/m8_t2_centerC_edema_repair_longrun/roi_coverage_checkpoint_best.csv,True,m8_t2_centerC_edema_repair_longrun
Case3012,CenterC,checkpoint_best,4,pathology_aware,0.0,,,,myops_edema,C0+LGE+T2,,,,,0.0,,,,,,,,,,2.9451792240142822,0.00033477676333859563,0.1,0,/users/a/e/aereinh/CARE/results/20260707_srr_v3_m8_editor_grade_leaderboard_sprint/runtime/broad_eval/variants/m8_t2_centerC_edema_repair_longrun/roi_coverage_checkpoint_best.csv,True,m8_t2_centerC_edema_repair_longrun
Case3023,CenterC,checkpoint_best,5,argmax,0.0,,,,myops_scar,C0+LGE+T2,,,,,0.0,,,,,,,,,,1.213416576385498,0.00020848168060183525,0.1,0,/users/a/e/aereinh/CARE/results/20260707_srr_v3_m8_editor_grade_leaderboard_sprint/runtime/broad_eval/variants/m8_t2_centerC_edema_repair_longrun/roi_coverage_checkpoint_best.csv,True,m8_t2_centerC_edema_repair_longrun
Case3023,CenterC,checkpoint_best,4,argmax,0.0,,,,myops_edema,C0+LGE+T2,,,,,0.0,,,,,,,,,,2.675459861755371,0.0003859188873320818,0.1,0,/users/a/e/aereinh/CARE/results/20260707_srr_v3_m8_editor_grade_leaderboard_sprint/runtime/broad_eval/variants/m8_t2_centerC_edema_repair_longrun/roi_coverage_checkpoint_best.csv,True,m8_t2_centerC_edema_repair_longrun
Case3023,CenterC,checkpoint_best,5,pathology_aware,0.0,,,,myops_scar,C0+LGE+T2,,,,,0.0,,,,,,,,,,1.213416576385498,0.00020848168060183525,0.1,0,/users/a/e/aereinh/CARE/results/20260707_srr_v3_m8_editor_grade_leaderboard_sprint/runtime/broad_eval/variants/m8_t2_centerC_edema_repair_longrun/roi_coverage_checkpoint_best.csv,True,m8_t2_centerC_edema_repair_longrun
Case3023,CenterC,checkpoint_best,4,pathology_aware,0.0,,,,myops_edema,C0+LGE+T2,,,,,0.0,,,,,,,,,,2.675459861755371,0.0003859188873320818,0.1,0,/users/a/e/aereinh/CARE/results/20260707_srr_v3_m8_editor_grade_leaderboard_sprint/runtime/broad_eval/variants/m8_t2_centerC_edema_repair_longrun/roi_coverage_checkpoint_best.csv,True,m8_t2_centerC_edema_repair_longrun
Case3026,CenterC,checkpoint_best,5,argmax,0.0,,,,myops_scar,C0+LGE+T2,,,,,0.0,,,,,,,,,,0.19272033870220184,0.000254159007454291,0.1,0,/users/a/e/aereinh/CARE/results/20260707_srr_v3_m8_editor_grade_leaderboard_sprint/runtime/broad_eval/variants/m8_t2_centerC_edema_repair_longrun/roi_coverage_checkpoint_best.csv,True,m8_t2_centerC_edema_repair_longrun
Case3026,CenterC,checkpoint_best,4,argmax,0.0,,,,myops_edema,C0+LGE+T2,,,,,0.0,,,,,,,,,,2.253816843032837,0.0003140043409075588,0.1,0,/users/a/e/aereinh/CARE/results/20260707_srr_v3_m8_editor_grade_leaderboard_sprint/runtime/broad_eval/variants/m8_t2_centerC_edema_repair_longrun/roi_coverage_checkpoint_best.csv,True,m8_t2_centerC_edema_repair_longrun
Case3026,CenterC,checkpoint_best,5,pathology_aware,0.0,,,,myops_scar,C0+LGE+T2,,,,,0.0,,,,,,,,,,0.19272033870220184,0.000254159007454291,0.1,0,/users/a/e/aereinh/CARE/results/20260707_srr_v3_m8_editor_grade_leaderboard_sprint/runtime/broad_eval/variants/m8_t2_centerC_edema_repair_longrun/roi_coverage_checkpoint_best.csv,True,m8_t2_centerC_edema_repair_longrun
Case3026,CenterC,checkpoint_best,4,pathology_aware,0.0,,,,myops_edema,C0+LGE+T2,,,,,0.0,,,,,,,,,,2.253816843032837,0.0003140043409075588,0.1,0,/users/a/e/aereinh/CARE/results/20260707_srr_v3_m8_editor_grade_leaderboard_sprint/runtime/broad_eval/variants/m8_t2_centerC_edema_repair_longrun/roi_coverage_checkpoint_best.csv,True,m8_t2_centerC_edema_repair_longrun
