case_id,center,stage_id,stage_name,evidence_source,checkpoint_scope,edema_reliable,prediction_voxels_myo,prediction_voxels_lv,prediction_voxels_rv,prediction_voxels_pure_edema,prediction_voxels_scar,notes,myo_dice,lv_dice,rv_dice,pure_edema_dice,scar_dice,lesion_union_dice
Case1002,CenterA,M0,clean single checkpoint raw,existing_clean_oof_held_out_gt,oof_fold0,0,4289,1043,2540,10490,3308,"Existing OOF clean MoSAIC evidence: covered once, trained_on_case=false.",0.1461479113854293,0.11021319171861772,0.0,,0.1154562383612663,0.17831021437578815
Case1002,CenterA,M1,clean pathology-specific checkpoint,existing_clean_oof_held_out_gt,oof_fold0,0,4289,1043,2540,10490,3308,"Existing OOF clean MoSAIC evidence: covered once, trained_on_case=false.",0.1461479113854293,0.11021319171861772,0.0,,0.1154562383612663,0.17831021437578815
Case1007,CenterA,M0,clean single checkpoint raw,existing_clean_oof_held_out_gt,oof_fold0,0,15611,8199,10866,29996,4969,"Existing OOF clean MoSAIC evidence: covered once, trained_on_case=false.",0.3731189899434779,0.3882055085287574,0.0,,0.24926450922706606,0.0841116507445162
Case1007,CenterA,M1,clean pathology-specific checkpoint,existing_clean_oof_held_out_gt,oof_fold0,0,15611,8199,10866,29996,4969,"Existing OOF clean MoSAIC evidence: covered once, trained_on_case=false.",0.3731189899434779,0.3882055085287574,0.0,,0.24926450922706606,0.0841116507445162
Case1009,CenterA,M0,clean single checkpoint raw,existing_clean_oof_held_out_gt,oof_fold0,0,6684,6937,3842,19997,6897,"Existing OOF clean MoSAIC evidence: covered once, trained_on_case=false.",0.05788212745567801,0.35066942991545774,0.0,,0.08628378993355784,0.14033049315775883
Case1009,CenterA,M1,clean pathology-specific checkpoint,existing_clean_oof_held_out_gt,oof_fold0,0,6684,6937,3842,19997,6897,"Existing OOF clean MoSAIC evidence: covered once, trained_on_case=false.",0.05788212745567801,0.35066942991545774,0.0,,0.08628378993355784,0.14033049315775883
Case1010,CenterA,M0,clean single checkpoint raw,existing_clean_oof_held_out_gt,oof_fold0,0,3801,1616,2593,17399,3980,"Existing OOF clean MoSAIC evidence: covered once, trained_on_case=false.",0.3326016785022595,0.05627586206896552,0.0,,0.2520026702269693,0.13030652815185328
Case1010,CenterA,M1,clean pathology-specific checkpoint,existing_clean_oof_held_out_gt,oof_fold0,0,3801,1616,2593,17399,3980,"Existing OOF clean MoSAIC evidence: covered once, trained_on_case=false.",0.3326016785022595,0.05627586206896552,0.0,,0.2520026702269693,0.13030652815185328
Case1021,CenterA,M0,clean single checkpoint raw,existing_clean_oof_held_out_gt,oof_fold0,0,7019,7109,4830,7397,1937,"Existing OOF clean MoSAIC evidence: covered once, trained_on_case=false.",0.21095996890788962,0.5416336241078509,0.0,,0.3915743991358358,0.20414414414414414
Case1021,CenterA,M1,clean pathology-specific checkpoint,existing_clean_oof_held_out_gt,oof_fold0,0,7019,7109,4830,7397,1937,"Existing OOF clean MoSAIC evidence: covered once, trained_on_case=false.",0.21095996890788962,0.5416336241078509,0.0,,0.3915743991358358,0.20414414414414414
Case1023,CenterA,M0,clean single checkpoint raw,existing_clean_oof_held_out_gt,oof_fold0,0,10812,3436,8706,26972,2872,"Existing OOF clean MoSAIC evidence: covered once, trained_on_case=false.",0.05588966764639385,0.10438916178101727,0.0,,0.06664127951256664,0.06243793445878848
Case1023,CenterA,M1,clean pathology-specific checkpoint,existing_clean_oof_held_out_gt,oof_fold0,0,10812,3436,8706,26972,2872,"Existing OOF clean MoSAIC evidence: covered once, trained_on_case=false.",0.05588966764639385,0.10438916178101727,0.0,,0.06664127951256664,0.06243793445878848
Case1029,CenterA,M0,clean single checkpoint raw,existing_clean_oof_held_out_gt,oof_fold0,0,7819,490,3468,41013,5995,"Existing OOF clean MoSAIC evidence: covered once, trained_on_case=false.",0.30072284384592535,0.022701635645798083,0.0,,0.0012158054711246201,0.002017103355535478
Case1029,CenterA,M1,clean pathology-specific checkpoint,existing_clean_oof_held_out_gt,oof_fold0,0,7819,490,3468,41013,5995,"Existing OOF clean MoSAIC evidence: covered once, trained_on_case=false.",0.30072284384592535,0.022701635645798083,0.0,,0.0012158054711246201,0.002017103355535478
Case1033,CenterA,M0,clean single checkpoint raw,existing_clean_oof_held_out_gt,oof_fold0,0,5135,1816,4865,40179,8696,"Existing OOF clean MoSAIC evidence: covered once, trained_on_case=false.",0.12011957604855512,0.017105713308244955,0.0,,0.09626672927917351,0.1056726338847345
Case1033,CenterA,M1,clean pathology-specific checkpoint,existing_clean_oof_held_out_gt,oof_fold0,0,5135,1816,4865,40179,8696,"Existing OOF clean MoSAIC evidence: covered once, trained_on_case=false.",0.12011957604855512,0.017105713308244955,0.0,,0.09626672927917351,0.1056726338847345
Case1040,CenterA,M0,clean single checkpoint raw,existing_clean_oof_held_out_gt,oof_fold0,0,3358,783,3701,22622,4901,"Existing OOF clean MoSAIC evidence: covered once, trained_on_case=false.",0.08546788518470845,0.039651156492064354,0.0,,0.11125265392781317,0.08434668373362078
Case1040,CenterA,M1,clean pathology-specific checkpoint,existing_clean_oof_held_out_gt,oof_fold0,0,3358,783,3701,22622,4901,"Existing OOF clean MoSAIC evidence: covered once, trained_on_case=false.",0.08546788518470845,0.039651156492064354,0.0,,0.11125265392781317,0.08434668373362078
Case1042,CenterA,M0,clean single checkpoint raw,existing_clean_oof_held_out_gt,oof_fold0,0,3787,2326,2185,6484,1944,"Existing OOF clean MoSAIC evidence: covered once, trained_on_case=false.",0.09726918075422626,0.0,0.0,,0.06666666666666667,0.04156845939575744
Case1042,CenterA,M1,clean pathology-specific checkpoint,existing_clean_oof_held_out_gt,oof_fold0,0,3787,2326,2185,6484,1944,"Existing OOF clean MoSAIC evidence: covered once, trained_on_case=false.",0.09726918075422626,0.0,0.0,,0.06666666666666667,0.04156845939575744
Case1045,CenterA,M0,clean single checkpoint raw,existing_clean_oof_held_out_gt,oof_fold0,0,6238,1227,1078,22869,1160,"Existing OOF clean MoSAIC evidence: covered once, trained_on_case=false.",0.09071626692772067,0.04174651680737557,0.0,,0.06570996978851963,0.09969824038876043
Case1045,CenterA,M1,clean pathology-specific checkpoint,existing_clean_oof_held_out_gt,oof_fold0,0,6238,1227,1078,22869,1160,"Existing OOF clean MoSAIC evidence: covered once, trained_on_case=false.",0.09071626692772067,0.04174651680737557,0.0,,0.06570996978851963,0.09969824038876043
Case1047,CenterA,M0,clean single checkpoint raw,existing_clean_oof_held_out_gt,oof_fold0,0,10786,2446,8338,28836,7686,"Existing OOF clean MoSAIC evidence: covered once, trained_on_case=false.",0.43965590665190357,0.1393549472267777,0.0,,0.4432244614315497,0.23638550872160274
Case1047,CenterA,M1,clean pathology-specific checkpoint,existing_clean_oof_held_out_gt,oof_fold0,0,10786,2446,8338,28836,7686,"Existing OOF clean MoSAIC evidence: covered once, trained_on_case=false.",0.43965590665190357,0.1393549472267777,0.0,,0.4432244614315497,0.23638550872160274
Case1053,CenterA,M0,clean single checkpoint raw,existing_clean_oof_held_out_gt,oof_fold0,0,4989,2810,3064,13871,994,"Existing OOF clean MoSAIC evidence: covered once, trained_on_case=false.",0.07139255823333669,0.21055468707886368,0.0,,0.11735941320293398,0.053154058808745915
Case1053,CenterA,M1,clean pathology-specific checkpoint,existing_clean_oof_held_out_gt,oof_fold0,0,4989,2810,3064,13871,994,"Existing OOF clean MoSAIC evidence: covered once, trained_on_case=false.",0.07139255823333669,0.21055468707886368,0.0,,0.11735941320293398,0.053154058808745915
Case1062,CenterA,M0,clean single checkpoint raw,existing_clean_oof_held_out_gt,oof_fold0,0,8858,372,4686,68875,9901,"Existing OOF clean MoSAIC evidence: covered once, trained_on_case=false.",0.17986417880925695,0.008411393614987574,0.0,,0.18349627401381008,0.0973629374146727
Case1062,CenterA,M1,clean pathology-specific checkpoint,existing_clean_oof_held_out_gt,oof_fold0,0,8858,372,4686,68875,9901,"Existing OOF clean MoSAIC evidence: covered once, trained_on_case=false.",0.17986417880925695,0.008411393614987574,0.0,,0.18349627401381008,0.0973629374146727
Case1070,CenterA,M0,clean single checkpoint raw,existing_clean_oof_held_out_gt,oof_fold0,0,8316,538,925,38198,4113,"Existing OOF clean MoSAIC evidence: covered once, trained_on_case=false.",0.1281078325876423,0.012725948906264838,0.0,,0.402416918429003,0.09348922308001249
Case1070,CenterA,M1,clean pathology-specific checkpoint,existing_clean_oof_held_out_gt,oof_fold0,0,8316,538,925,38198,4113,"Existing OOF clean MoSAIC evidence: covered once, trained_on_case=false.",0.1281078325876423,0.012725948906264838,0.0,,0.402416918429003,0.09348922308001249
Case1073,CenterA,M0,clean single checkpoint raw,existing_clean_oof_held_out_gt,oof_fold0,0,3274,4128,1911,10491,2793,"Existing OOF clean MoSAIC evidence: covered once, trained_on_case=false.",0.350597609561753,0.4766701229447489,0.0,,0.11658653846153846,0.12659045404637345
Case1073,CenterA,M1,clean pathology-specific checkpoint,existing_clean_oof_held_out_gt,oof_fold0,0,3274,4128,1911,10491,2793,"Existing OOF clean MoSAIC evidence: covered once, trained_on_case=false.",0.350597609561753,0.4766701229447489,0.0,,0.11658653846153846,0.12659045404637345
Case1080,CenterA,M0,clean single checkpoint raw,existing_clean_oof_held_out_gt,oof_fold0,0,2242,237,2900,15005,1738,"Existing OOF clean MoSAIC evidence: covered once, trained_on_case=false.",0.05232903865213082,0.03072664359861592,0.0,,0.1005765534913517,0.07381254482264026
Case1080,CenterA,M1,clean pathology-specific checkpoint,existing_clean_oof_held_out_gt,oof_fold0,0,2242,237,2900,15005,1738,"Existing OOF clean MoSAIC evidence: covered once, trained_on_case=false.",0.05232903865213082,0.03072664359861592,0.0,,0.1005765534913517,0.07381254482264026
Case2002,CenterB,M0,clean single checkpoint raw,existing_clean_oof_held_out_gt,oof_fold0,1,4308,4464,6206,4463,1142,"Existing OOF clean MoSAIC evidence: covered once, trained_on_case=false.",0.4247787610619469,0.6406937287922584,0.5987085847358949,0.44604893702366627,0.7485981308411215,0.5788543507641127
Case2002,CenterB,M1,clean pathology-specific checkpoint,existing_clean_oof_held_out_gt,oof_fold0,1,4308,4464,6206,4463,1142,"Existing OOF clean MoSAIC evidence: covered once, trained_on_case=false.",0.4247787610619469,0.6406937287922584,0.5987085847358949,0.44604893702366627,0.7485981308411215,0.5788543507641127
Case2007,CenterB,M0,clean single checkpoint raw,existing_clean_oof_held_out_gt,oof_fold0,1,992,1840,1142,2459,1138,"Existing OOF clean MoSAIC evidence: covered once, trained_on_case=false.",0.5570824524312896,0.8001776198934281,0.8168514412416852,0.5136444784493751,0.5997541990987301,0.7312165985539139
Case2007,CenterB,M1,clean pathology-specific checkpoint,existing_clean_oof_held_out_gt,oof_fold0,1,992,1840,1142,2459,1138,"Existing OOF clean MoSAIC evidence: covered once, trained_on_case=false.",0.5570824524312896,0.8001776198934281,0.8168514412416852,0.5136444784493751,0.5997541990987301,0.7312165985539139
Case2008,CenterB,M0,clean single checkpoint raw,existing_clean_oof_held_out_gt,oof_fold0,1,3483,3383,4311,1186,1199,"Existing OOF clean MoSAIC evidence: covered once, trained_on_case=false.",0.391838351822504,0.9247644059941295,0.919903498190591,0.2998538316976404,0.7747178329571106,0.5596801827527127
Case2008,CenterB,M1,clean pathology-specific checkpoint,existing_clean_oof_held_out_gt,oof_fold0,1,3483,3383,4311,1186,1199,"Existing OOF clean MoSAIC evidence: covered once, trained_on_case=false.",0.391838351822504,0.9247644059941295,0.919903498190591,0.2998538316976404,0.7747178329571106,0.5596801827527127
Case2017,CenterB,M0,clean single checkpoint raw,existing_clean_oof_held_out_gt,oof_fold0,1,2715,4858,3404,3590,822,"Existing OOF clean MoSAIC evidence: covered once, trained_on_case=false.",0.5897478710970112,0.8716434964768616,0.7049139436268396,0.3809687984830202,0.6924019607843137,0.5424458495896677
Case2017,CenterB,M1,clean pathology-specific checkpoint,existing_clean_oof_held_out_gt,oof_fold0,1,2715,4858,3404,3590,822,"Existing OOF clean MoSAIC evidence: covered once, trained_on_case=false.",0.5897478710970112,0.8716434964768616,0.7049139436268396,0.3809687984830202,0.6924019607843137,0.5424458495896677
Case2020,CenterB,M0,clean single checkpoint raw,existing_clean_oof_held_out_gt,oof_fold0,1,1715,1559,2013,790,282,"Existing OOF clean MoSAIC evidence: covered once, trained_on_case=false.",0.05750350631136045,0.0,0.0,0.0,0.0,0.0
Case2020,CenterB,M1,clean pathology-specific checkpoint,existing_clean_oof_held_out_gt,oof_fold0,1,1715,1559,2013,790,282,"Existing OOF clean MoSAIC evidence: covered once, trained_on_case=false.",0.05750350631136045,0.0,0.0,0.0,0.0,0.0
Case2031,CenterB,M0,clean single checkpoint raw,existing_clean_oof_held_out_gt,oof_fold0,1,1632,1827,822,988,243,"Existing OOF clean MoSAIC evidence: covered once, trained_on_case=false.",0.6730453799890651,0.7791164658634538,0.2979138233573796,0.26872586872586873,0.4010840108401084,0.7493755203996669
Case2031,CenterB,M1,clean pathology-specific checkpoint,existing_clean_oof_held_out_gt,oof_fold0,1,1632,1827,822,988,243,"Existing OOF clean MoSAIC evidence: covered once, trained_on_case=false.",0.6730453799890651,0.7791164658634538,0.2979138233573796,0.26872586872586873,0.4010840108401084,0.7493755203996669
Case2033,CenterB,M0,clean single checkpoint raw,existing_clean_oof_held_out_gt,oof_fold0,1,5680,6060,6550,1265,1510,"Existing OOF clean MoSAIC evidence: covered once, trained_on_case=false.",0.800314465408805,0.852541782729805,0.8039717165638633,0.41424802110817943,0.7440613026819923,0.726044226044226
Case2033,CenterB,M1,clean pathology-specific checkpoint,existing_clean_oof_held_out_gt,oof_fold0,1,5680,6060,6550,1265,1510,"Existing OOF clean MoSAIC evidence: covered once, trained_on_case=false.",0.800314465408805,0.852541782729805,0.8039717165638633,0.41424802110817943,0.7440613026819923,0.726044226044226
Case3004,CenterC,M0,clean single checkpoint raw,existing_clean_oof_held_out_gt,oof_fold0,1,11753,9124,32802,8446,4391,"Existing OOF clean MoSAIC evidence: covered once, trained_on_case=false.",0.7378968787192383,0.8837386431641369,0.82092060626809,0.29746459764266936,0.4814649397052255,0.5741761210156672
Case3004,CenterC,M1,clean pathology-specific checkpoint,existing_clean_oof_held_out_gt,oof_fold0,1,11753,9124,32802,8446,4391,"Existing OOF clean MoSAIC evidence: covered once, trained_on_case=false.",0.7378968787192383,0.8837386431641369,0.82092060626809,0.29746459764266936,0.4814649397052255,0.5741761210156672
Case3011,CenterC,M0,clean single checkpoint raw,existing_clean_oof_held_out_gt,oof_fold0,1,5905,6739,6825,1361,2710,"Existing OOF clean MoSAIC evidence: covered once, trained_on_case=false.",0.7028092656481025,0.9461112310238147,0.8928684127485012,0.14535666218034993,0.7138450993831391,0.754122752634842
Case3011,CenterC,M1,clean pathology-specific checkpoint,existing_clean_oof_held_out_gt,oof_fold0,1,5905,6739,6825,1361,2710,"Existing OOF clean MoSAIC evidence: covered once, trained_on_case=false.",0.7028092656481025,0.9461112310238147,0.8928684127485012,0.14535666218034993,0.7138450993831391,0.754122752634842
Case3012,CenterC,M0,clean single checkpoint raw,existing_clean_oof_held_out_gt,oof_fold0,1,14601,14788,18018,972,3012,"Existing OOF clean MoSAIC evidence: covered once, trained_on_case=false.",0.3387926259988923,0.5704244954766875,0.14879312245122892,0.044233807266982623,0.0,0.0982192032311364
Case3012,CenterC,M1,clean pathology-specific checkpoint,existing_clean_oof_held_out_gt,oof_fold0,1,14601,14788,18018,972,3012,"Existing OOF clean MoSAIC evidence: covered once, trained_on_case=false.",0.3387926259988923,0.5704244954766875,0.14879312245122892,0.044233807266982623,0.0,0.0982192032311364
Case3023,CenterC,M0,clean single checkpoint raw,existing_clean_oof_held_out_gt,oof_fold0,1,7605,5566,13294,980,3287,"Existing OOF clean MoSAIC evidence: covered once, trained_on_case=false.",0.7265953122883079,0.9217239878101872,0.9137844804370407,0.3463302752293578,0.6629643814630409,0.7166236003445305
Case3023,CenterC,M1,clean pathology-specific checkpoint,existing_clean_oof_held_out_gt,oof_fold0,1,7605,5566,13294,980,3287,"Existing OOF clean MoSAIC evidence: covered once, trained_on_case=false.",0.7265953122883079,0.9217239878101872,0.9137844804370407,0.3463302752293578,0.6629643814630409,0.7166236003445305
Case3026,CenterC,M0,clean single checkpoint raw,existing_clean_oof_held_out_gt,oof_fold0,1,11543,11817,15055,2854,4823,"Existing OOF clean MoSAIC evidence: covered once, trained_on_case=false.",0.7667047401484866,0.9093787099327265,0.7913685492464606,0.18880820162323794,0.7356146469049695,0.7943426179823928
Case3026,CenterC,M1,clean pathology-specific checkpoint,existing_clean_oof_held_out_gt,oof_fold0,1,11543,11817,15055,2854,4823,"Existing OOF clean MoSAIC evidence: covered once, trained_on_case=false.",0.7667047401484866,0.9093787099327265,0.7913685492464606,0.18880820162323794,0.7356146469049695,0.7943426179823928
Case3034,CenterC,M0,clean single checkpoint raw,existing_clean_oof_held_out_gt,oof_fold0,1,8683,10623,11077,2887,4815,"Existing OOF clean MoSAIC evidence: covered once, trained_on_case=false.",0.75397093612707,0.9184295527955962,0.9048523891180423,0.5360406091370559,0.731317890328491,0.7357950023873946
Case3034,CenterC,M1,clean pathology-specific checkpoint,existing_clean_oof_held_out_gt,oof_fold0,1,8683,10623,11077,2887,4815,"Existing OOF clean MoSAIC evidence: covered once, trained_on_case=false.",0.75397093612707,0.9184295527955962,0.9048523891180423,0.5360406091370559,0.731317890328491,0.7357950023873946
Case3038,CenterC,M0,clean single checkpoint raw,existing_clean_oof_held_out_gt,oof_fold0,1,9097,12440,11161,6806,4266,"Existing OOF clean MoSAIC evidence: covered once, trained_on_case=false.",0.7238056598032255,0.8959003215434084,0.8638592443034324,0.026456918126564175,0.4462874579453877,0.6878896655960702
Case3038,CenterC,M1,clean pathology-specific checkpoint,existing_clean_oof_held_out_gt,oof_fold0,1,9097,12440,11161,6806,4266,"Existing OOF clean MoSAIC evidence: covered once, trained_on_case=false.",0.7238056598032255,0.8959003215434084,0.8638592443034324,0.026456918126564175,0.4462874579453877,0.6878896655960702
Case3040,CenterC,M0,clean single checkpoint raw,existing_clean_oof_held_out_gt,oof_fold0,1,7736,7148,10957,1531,2687,"Existing OOF clean MoSAIC evidence: covered once, trained_on_case=false.",0.8799791040877628,0.952731737262124,0.9426159194546029,0.20700808625336928,0.896551724137931,0.8121592148309705
Case3040,CenterC,M1,clean pathology-specific checkpoint,existing_clean_oof_held_out_gt,oof_fold0,1,7736,7148,10957,1531,2687,"Existing OOF clean MoSAIC evidence: covered once, trained_on_case=false.",0.8799791040877628,0.952731737262124,0.9426159194546029,0.20700808625336928,0.896551724137931,0.8121592148309705
Case3044,CenterC,M0,clean single checkpoint raw,existing_clean_oof_held_out_gt,oof_fold0,1,6493,7283,9725,2567,3743,"Existing OOF clean MoSAIC evidence: covered once, trained_on_case=false.",0.8352443247402848,0.9185646616053468,0.9390669628689305,0.10530035335689046,0.7438051238975221,0.8614214019750688
Case3044,CenterC,M1,clean pathology-specific checkpoint,existing_clean_oof_held_out_gt,oof_fold0,1,6493,7283,9725,2567,3743,"Existing OOF clean MoSAIC evidence: covered once, trained_on_case=false.",0.8352443247402848,0.9185646616053468,0.9390669628689305,0.10530035335689046,0.7438051238975221,0.8614214019750688
Case5005,CenterE,M0,clean single checkpoint raw,existing_clean_oof_held_out_gt,oof_fold0,0,6668,11453,2561,4666,2031,"Existing OOF clean MoSAIC evidence: covered once, trained_on_case=false.",0.0849767760603061,0.09445965873183063,0.10317554007791288,,0.05120798319327731,0.07164956847418986
Case5005,CenterE,M1,clean pathology-specific checkpoint,existing_clean_oof_held_out_gt,oof_fold0,0,6668,11453,2561,4666,2031,"Existing OOF clean MoSAIC evidence: covered once, trained_on_case=false.",0.0849767760603061,0.09445965873183063,0.10317554007791288,,0.05120798319327731,0.07164956847418986
Case6001,CenterF,M0,clean single checkpoint raw,existing_clean_oof_held_out_gt,oof_fold0,0,5979,11826,2273,345,1778,"Existing OOF clean MoSAIC evidence: covered once, trained_on_case=false.",0.2924832331678425,0.7908856119303508,0.019708167519423916,,0.29631828978622327,0.3215728521411258
Case6001,CenterF,M1,clean pathology-specific checkpoint,existing_clean_oof_held_out_gt,oof_fold0,0,5979,11826,2273,345,1778,"Existing OOF clean MoSAIC evidence: covered once, trained_on_case=false.",0.2924832331678425,0.7908856119303508,0.019708167519423916,,0.29631828978622327,0.3215728521411258
Case6010,CenterF,M0,clean single checkpoint raw,existing_clean_oof_held_out_gt,oof_fold0,0,5266,6950,5049,6506,757,"Existing OOF clean MoSAIC evidence: covered once, trained_on_case=false.",0.17699473471040908,0.616277796034615,0.5599140247178936,,0.04835924006908463,0.15982770346860123
Case6010,CenterF,M1,clean pathology-specific checkpoint,existing_clean_oof_held_out_gt,oof_fold0,0,5266,6950,5049,6506,757,"Existing OOF clean MoSAIC evidence: covered once, trained_on_case=false.",0.17699473471040908,0.616277796034615,0.5599140247178936,,0.04835924006908463,0.15982770346860123
Case7005,CenterG,M0,clean single checkpoint raw,existing_clean_oof_held_out_gt,oof_fold0,0,5626,3749,3837,11084,63,"Existing OOF clean MoSAIC evidence: covered once, trained_on_case=false.",0.7789473684210526,0.4521266744860794,0.7015045365797634,,0.0,0.0
Case7005,CenterG,M1,clean pathology-specific checkpoint,existing_clean_oof_held_out_gt,oof_fold0,0,5626,3749,3837,11084,63,"Existing OOF clean MoSAIC evidence: covered once, trained_on_case=false.",0.7789473684210526,0.4521266744860794,0.7015045365797634,,0.0,0.0
Case8003,CenterH,M0,clean single checkpoint raw,existing_clean_oof_held_out_gt,oof_fold0,0,5065,1146,2207,14788,2425,"Existing OOF clean MoSAIC evidence: covered once, trained_on_case=false.",0.0,0.0,0.0,,0.7372156126069714,0.23310690025026815
Case8003,CenterH,M1,clean pathology-specific checkpoint,existing_clean_oof_held_out_gt,oof_fold0,0,5065,1146,2207,14788,2425,"Existing OOF clean MoSAIC evidence: covered once, trained_on_case=false.",0.0,0.0,0.0,,0.7372156126069714,0.23310690025026815
Case8011,CenterH,M0,clean single checkpoint raw,existing_clean_oof_held_out_gt,oof_fold0,0,4467,2701,3756,5243,851,"Existing OOF clean MoSAIC evidence: covered once, trained_on_case=false.",0.0,0.0,0.0,,0.2871452420701169,0.07731718677224034
Case8011,CenterH,M1,clean pathology-specific checkpoint,existing_clean_oof_held_out_gt,oof_fold0,0,4467,2701,3756,5243,851,"Existing OOF clean MoSAIC evidence: covered once, trained_on_case=false.",0.0,0.0,0.0,,0.2871452420701169,0.07731718677224034
Case8015,CenterH,M0,clean single checkpoint raw,existing_clean_oof_held_out_gt,oof_fold0,0,4593,2697,5435,11057,776,"Existing OOF clean MoSAIC evidence: covered once, trained_on_case=false.",0.0,0.0,0.0,,0.38645418326693226,0.22982236308690204
Case8015,CenterH,M1,clean pathology-specific checkpoint,existing_clean_oof_held_out_gt,oof_fold0,0,4593,2697,5435,11057,776,"Existing OOF clean MoSAIC evidence: covered once, trained_on_case=false.",0.0,0.0,0.0,,0.38645418326693226,0.22982236308690204
Case8019,CenterH,M0,clean single checkpoint raw,existing_clean_oof_held_out_gt,oof_fold0,0,2885,2534,2432,5640,829,"Existing OOF clean MoSAIC evidence: covered once, trained_on_case=false.",0.0,0.0,0.0,,0.627172195892575,0.12337098175499565
Case8019,CenterH,M1,clean pathology-specific checkpoint,existing_clean_oof_held_out_gt,oof_fold0,0,2885,2534,2432,5640,829,"Existing OOF clean MoSAIC evidence: covered once, trained_on_case=false.",0.0,0.0,0.0,,0.627172195892575,0.12337098175499565
Case8021,CenterH,M0,clean single checkpoint raw,existing_clean_oof_held_out_gt,oof_fold0,0,3231,2689,3681,5504,269,"Existing OOF clean MoSAIC evidence: covered once, trained_on_case=false.",0.0,0.0,0.0,,0.0,0.020572604148808505
Case8021,CenterH,M1,clean pathology-specific checkpoint,existing_clean_oof_held_out_gt,oof_fold0,0,3231,2689,3681,5504,269,"Existing OOF clean MoSAIC evidence: covered once, trained_on_case=false.",0.0,0.0,0.0,,0.0,0.020572604148808505
Case8022,CenterH,M0,clean single checkpoint raw,existing_clean_oof_held_out_gt,oof_fold0,0,3676,1971,3435,8643,1650,"Existing OOF clean MoSAIC evidence: covered once, trained_on_case=false.",0.0,0.0,0.0,,0.7003968253968254,0.22525070712265363
Case8022,CenterH,M1,clean pathology-specific checkpoint,existing_clean_oof_held_out_gt,oof_fold0,0,3676,1971,3435,8643,1650,"Existing OOF clean MoSAIC evidence: covered once, trained_on_case=false.",0.0,0.0,0.0,,0.7003968253968254,0.22525070712265363
Case8023,CenterH,M0,clean single checkpoint raw,existing_clean_oof_held_out_gt,oof_fold0,0,4560,4616,2701,3926,1221,"Existing OOF clean MoSAIC evidence: covered once, trained_on_case=false.",0.0,0.0,0.0,,0.4704724409448819,0.25847599865726756
Case8023,CenterH,M1,clean pathology-specific checkpoint,existing_clean_oof_held_out_gt,oof_fold0,0,4560,4616,2701,3926,1221,"Existing OOF clean MoSAIC evidence: covered once, trained_on_case=false.",0.0,0.0,0.0,,0.4704724409448819,0.25847599865726756
Case1001,CenterA,M0,clean single checkpoint raw,existing_clean_oof_held_out_gt,oof_fold1,0,5948,12593,7341,0,2448,"Existing OOF clean MoSAIC evidence: covered once, trained_on_case=false.",0.35044281497000285,0.7683417281636796,0.0,,0.008072027320707855,0.008072027320707855
Case1001,CenterA,M1,clean pathology-specific checkpoint,existing_clean_oof_held_out_gt,oof_fold1,0,5948,12593,7341,0,2448,"Existing OOF clean MoSAIC evidence: covered once, trained_on_case=false.",0.35044281497000285,0.7683417281636796,0.0,,0.008072027320707855,0.008072027320707855
Case1003,CenterA,M0,clean single checkpoint raw,existing_clean_oof_held_out_gt,oof_fold1,0,5007,9086,4312,0,1195,"Existing OOF clean MoSAIC evidence: covered once, trained_on_case=false.",0.45816316839206,0.7287041023433175,0.0,,0.018475750577367205,0.018475750577367205
Case1003,CenterA,M1,clean pathology-specific checkpoint,existing_clean_oof_held_out_gt,oof_fold1,0,5007,9086,4312,0,1195,"Existing OOF clean MoSAIC evidence: covered once, trained_on_case=false.",0.45816316839206,0.7287041023433175,0.0,,0.018475750577367205,0.018475750577367205
Case1004,CenterA,M0,clean single checkpoint raw,existing_clean_oof_held_out_gt,oof_fold1,0,13767,46774,16442,0,10393,"Existing OOF clean MoSAIC evidence: covered once, trained_on_case=false.",0.02974241647272297,0.5237955999485374,0.0,,0.07455442717892247,0.07455442717892247
Case1004,CenterA,M1,clean pathology-specific checkpoint,existing_clean_oof_held_out_gt,oof_fold1,0,13767,46774,16442,0,10393,"Existing OOF clean MoSAIC evidence: covered once, trained_on_case=false.",0.02974241647272297,0.5237955999485374,0.0,,0.07455442717892247,0.07455442717892247
Case1005,CenterA,M0,clean single checkpoint raw,existing_clean_oof_held_out_gt,oof_fold1,0,9009,23461,10213,0,6145,"Existing OOF clean MoSAIC evidence: covered once, trained_on_case=false.",0.07590311744946668,0.22711174435171994,0.0,,0.03905101826579887,0.03905101826579887
Case1005,CenterA,M1,clean pathology-specific checkpoint,existing_clean_oof_held_out_gt,oof_fold1,0,9009,23461,10213,0,6145,"Existing OOF clean MoSAIC evidence: covered once, trained_on_case=false.",0.07590311744946668,0.22711174435171994,0.0,,0.03905101826579887,0.03905101826579887
Case1006,CenterA,M0,clean single checkpoint raw,existing_clean_oof_held_out_gt,oof_fold1,0,9792,27146,7262,0,4467,"Existing OOF clean MoSAIC evidence: covered once, trained_on_case=false.",0.1577263779527559,0.7954334478771395,0.0,,0.10461817769204584,0.10461817769204584
Case1006,CenterA,M1,clean pathology-specific checkpoint,existing_clean_oof_held_out_gt,oof_fold1,0,9792,27146,7262,0,4467,"Existing OOF clean MoSAIC evidence: covered once, trained_on_case=false.",0.1577263779527559,0.7954334478771395,0.0,,0.10461817769204584,0.10461817769204584
Case1036,CenterA,M0,clean single checkpoint raw,existing_clean_oof_held_out_gt,oof_fold1,0,9876,22143,13829,0,5597,"Existing OOF clean MoSAIC evidence: covered once, trained_on_case=false.",0.35589183130166735,0.7209349639442096,0.0,,0.23939700753740578,0.23939700753740578
Case1036,CenterA,M1,clean pathology-specific checkpoint,existing_clean_oof_held_out_gt,oof_fold1,0,9876,22143,13829,0,5597,"Existing OOF clean MoSAIC evidence: covered once, trained_on_case=false.",0.35589183130166735,0.7209349639442096,0.0,,0.23939700753740578,0.23939700753740578
Case1038,CenterA,M0,clean single checkpoint raw,existing_clean_oof_held_out_gt,oof_fold1,0,12343,23369,8809,0,915,"Existing OOF clean MoSAIC evidence: covered once, trained_on_case=false.",0.45787988714228134,0.8334893617021276,0.0,,0.0,0.0
Case1038,CenterA,M1,clean pathology-specific checkpoint,existing_clean_oof_held_out_gt,oof_fold1,0,12343,23369,8809,0,915,"Existing OOF clean MoSAIC evidence: covered once, trained_on_case=false.",0.45787988714228134,0.8334893617021276,0.0,,0.0,0.0
Case1043,CenterA,M0,clean single checkpoint raw,existing_clean_oof_held_out_gt,oof_fold1,0,4342,10559,2833,0,665,"Existing OOF clean MoSAIC evidence: covered once, trained_on_case=false.",0.09253698142587032,0.6552790457959063,0.0,,0.16774193548387098,0.16774193548387098
Case1043,CenterA,M1,clean pathology-specific checkpoint,existing_clean_oof_held_out_gt,oof_fold1,0,4342,10559,2833,0,665,"Existing OOF clean MoSAIC evidence: covered once, trained_on_case=false.",0.09253698142587032,0.6552790457959063,0.0,,0.16774193548387098,0.16774193548387098
Case1054,CenterA,M0,clean single checkpoint raw,existing_clean_oof_held_out_gt,oof_fold1,0,10894,17663,13167,0,3148,"Existing OOF clean MoSAIC evidence: covered once, trained_on_case=false.",0.06383838383838383,0.07931349070589577,0.0,,0.02136337152845213,0.02136337152845213
Case1054,CenterA,M1,clean pathology-specific checkpoint,existing_clean_oof_held_out_gt,oof_fold1,0,10894,17663,13167,0,3148,"Existing OOF clean MoSAIC evidence: covered once, trained_on_case=false.",0.06383838383838383,0.07931349070589577,0.0,,0.02136337152845213,0.02136337152845213
Case1056,CenterA,M0,clean single checkpoint raw,existing_clean_oof_held_out_gt,oof_fold1,0,18410,42973,30032,0,8986,"Existing OOF clean MoSAIC evidence: covered once, trained_on_case=false.",0.1409897599683909,0.6595194611133512,0.0,,0.04231070589073296,0.04231070589073296
Case1056,CenterA,M1,clean pathology-specific checkpoint,existing_clean_oof_held_out_gt,oof_fold1,0,18410,42973,30032,0,8986,"Existing OOF clean MoSAIC evidence: covered once, trained_on_case=false.",0.1409897599683909,0.6595194611133512,0.0,,0.04231070589073296,0.04231070589073296
Case1058,CenterA,M0,clean single checkpoint raw,existing_clean_oof_held_out_gt,oof_fold1,0,7017,18226,10902,0,7160,"Existing OOF clean MoSAIC evidence: covered once, trained_on_case=false.",0.06124119862452923,0.20591915426061644,0.0,,0.05843559562567827,0.05843559562567827
Case1058,CenterA,M1,clean pathology-specific checkpoint,existing_clean_oof_held_out_gt,oof_fold1,0,7017,18226,10902,0,7160,"Existing OOF clean MoSAIC evidence: covered once, trained_on_case=false.",0.06124119862452923,0.20591915426061644,0.0,,0.05843559562567827,0.05843559562567827
Case1063,CenterA,M0,clean single checkpoint raw,existing_clean_oof_held_out_gt,oof_fold1,0,10007,31617,15839,0,10316,"Existing OOF clean MoSAIC evidence: covered once, trained_on_case=false.",0.19465301478953356,0.6535656785680463,0.0,,0.11307053941908714,0.11307053941908714
Case1063,CenterA,M1,clean pathology-specific checkpoint,existing_clean_oof_held_out_gt,oof_fold1,0,10007,31617,15839,0,10316,"Existing OOF clean MoSAIC evidence: covered once, trained_on_case=false.",0.19465301478953356,0.6535656785680463,0.0,,0.11307053941908714,0.11307053941908714
Case1069,CenterA,M0,clean single checkpoint raw,existing_clean_oof_held_out_gt,oof_fold1,0,10339,24699,11286,0,6265,"Existing OOF clean MoSAIC evidence: covered once, trained_on_case=false.",0.09049825524855558,0.5631573634803674,0.0,,0.08860103626943006,0.08860103626943006
Case1069,CenterA,M1,clean pathology-specific checkpoint,existing_clean_oof_held_out_gt,oof_fold1,0,10339,24699,11286,0,6265,"Existing OOF clean MoSAIC evidence: covered once, trained_on_case=false.",0.09049825524855558,0.5631573634803674,0.0,,0.08860103626943006,0.08860103626943006
Case1072,CenterA,M0,clean single checkpoint raw,existing_clean_oof_held_out_gt,oof_fold1,0,3267,4840,2585,0,771,"Existing OOF clean MoSAIC evidence: covered once, trained_on_case=false.",0.25809083491977153,0.45215195960567445,0.0,,0.05509065550906555,0.05509065550906555
Case1072,CenterA,M1,clean pathology-specific checkpoint,existing_clean_oof_held_out_gt,oof_fold1,0,3267,4840,2585,0,771,"Existing OOF clean MoSAIC evidence: covered once, trained_on_case=false.",0.25809083491977153,0.45215195960567445,0.0,,0.05509065550906555,0.05509065550906555
Case1074,CenterA,M0,clean single checkpoint raw,existing_clean_oof_held_out_gt,oof_fold1,0,7117,12944,4749,0,2335,"Existing OOF clean MoSAIC evidence: covered once, trained_on_case=false.",0.18975225225225226,0.68298350243978,0.0,,0.2843601895734597,0.2843601895734597
Case1074,CenterA,M1,clean pathology-specific checkpoint,existing_clean_oof_held_out_gt,oof_fold1,0,7117,12944,4749,0,2335,"Existing OOF clean MoSAIC evidence: covered once, trained_on_case=false.",0.18975225225225226,0.68298350243978,0.0,,0.2843601895734597,0.2843601895734597
Case1077,CenterA,M0,clean single checkpoint raw,existing_clean_oof_held_out_gt,oof_fold1,0,16396,24007,12680,0,2020,"Existing OOF clean MoSAIC evidence: covered once, trained_on_case=false.",0.5347277918578166,0.8120786208411113,0.0,,0.20361990950226244,0.20361990950226244
Case1077,CenterA,M1,clean pathology-specific checkpoint,existing_clean_oof_held_out_gt,oof_fold1,0,16396,24007,12680,0,2020,"Existing OOF clean MoSAIC evidence: covered once, trained_on_case=false.",0.5347277918578166,0.8120786208411113,0.0,,0.20361990950226244,0.20361990950226244
Case2001,CenterB,M0,clean single checkpoint raw,existing_clean_oof_held_out_gt,oof_fold1,1,4789,5818,5286,0,2182,"Existing OOF clean MoSAIC evidence: covered once, trained_on_case=false.",0.6622432053081536,0.9149886258319994,0.8964433090980546,0.0,0.6594529606251879,0.6519086630643194
Case2001,CenterB,M1,clean pathology-specific checkpoint,existing_clean_oof_held_out_gt,oof_fold1,1,4789,5818,5286,0,2182,"Existing OOF clean MoSAIC evidence: covered once, trained_on_case=false.",0.6622432053081536,0.9149886258319994,0.8964433090980546,0.0,0.6594529606251879,0.6519086630643194
Case2010,CenterB,M0,clean single checkpoint raw,existing_clean_oof_held_out_gt,oof_fold1,1,4896,3638,5675,0,1527,"Existing OOF clean MoSAIC evidence: covered once, trained_on_case=false.",0.7543999091631657,0.915954228593976,0.896614488532945,0.0,0.8061959654178674,0.665590405904059
Case2010,CenterB,M1,clean pathology-specific checkpoint,existing_clean_oof_held_out_gt,oof_fold1,1,4896,3638,5675,0,1527,"Existing OOF clean MoSAIC evidence: covered once, trained_on_case=false.",0.7543999091631657,0.915954228593976,0.896614488532945,0.0,0.8061959654178674,0.665590405904059
Case2016,CenterB,M0,clean single checkpoint raw,existing_clean_oof_held_out_gt,oof_fold1,1,3334,3988,5164,0,1343,"Existing OOF clean MoSAIC evidence: covered once, trained_on_case=false.",0.6168521462639109,0.908820614469772,0.8663070132417852,0.0,0.8390668248319494,0.6009638554216867
Case2016,CenterB,M1,clean pathology-specific checkpoint,existing_clean_oof_held_out_gt,oof_fold1,1,3334,3988,5164,0,1343,"Existing OOF clean MoSAIC evidence: covered once, trained_on_case=false.",0.6168521462639109,0.908820614469772,0.8663070132417852,0.0,0.8390668248319494,0.6009638554216867
Case2024,CenterB,M0,clean single checkpoint raw,existing_clean_oof_held_out_gt,oof_fold1,1,6351,5207,6027,0,1935,"Existing OOF clean MoSAIC evidence: covered once, trained_on_case=false.",0.6272644469183281,0.8997839767070537,0.8887310606060606,0.0,0.6137635824827132,0.5922330097087378
Case2024,CenterB,M1,clean pathology-specific checkpoint,existing_clean_oof_held_out_gt,oof_fold1,1,6351,5207,6027,0,1935,"Existing OOF clean MoSAIC evidence: covered once, trained_on_case=false.",0.6272644469183281,0.8997839767070537,0.8887310606060606,0.0,0.6137635824827132,0.5922330097087378
Case2026,CenterB,M0,clean single checkpoint raw,existing_clean_oof_held_out_gt,oof_fold1,1,1351,1228,851,0,1074,"Existing OOF clean MoSAIC evidence: covered once, trained_on_case=false.",0.58698224852071,0.776478449716004,0.6287179487179487,0.0,0.7647893989588264,0.6958942240779401
Case2026,CenterB,M1,clean pathology-specific checkpoint,existing_clean_oof_held_out_gt,oof_fold1,1,1351,1228,851,0,1074,"Existing OOF clean MoSAIC evidence: covered once, trained_on_case=false.",0.58698224852071,0.776478449716004,0.6287179487179487,0.0,0.7647893989588264,0.6958942240779401
Case2027,CenterB,M0,clean single checkpoint raw,existing_clean_oof_held_out_gt,oof_fold1,1,6065,6275,4978,0,2236,"Existing OOF clean MoSAIC evidence: covered once, trained_on_case=false.",0.6557181248133771,0.9304920573421155,0.8771338250790306,0.0,0.622841563162678,0.6270748801180376
Case2027,CenterB,M1,clean pathology-specific checkpoint,existing_clean_oof_held_out_gt,oof_fold1,1,6065,6275,4978,0,2236,"Existing OOF clean MoSAIC evidence: covered once, trained_on_case=false.",0.6557181248133771,0.9304920573421155,0.8771338250790306,0.0,0.622841563162678,0.6270748801180376
Case2030,CenterB,M0,clean single checkpoint raw,existing_clean_oof_held_out_gt,oof_fold1,1,2817,2068,2437,0,774,"Existing OOF clean MoSAIC evidence: covered once, trained_on_case=false.",0.7437043054427295,0.8976572133168927,0.8610841266757334,0.0,0.7383561643835617,0.5554022988505747
Case2030,CenterB,M1,clean pathology-specific checkpoint,existing_clean_oof_held_out_gt,oof_fold1,1,2817,2068,2437,0,774,"Existing OOF clean MoSAIC evidence: covered once, trained_on_case=false.",0.7437043054427295,0.8976572133168927,0.8610841266757334,0.0,0.7383561643835617,0.5554022988505747
Case3002,CenterC,M0,clean single checkpoint raw,existing_clean_oof_held_out_gt,oof_fold1,1,11732,12025,12109,0,1161,"Existing OOF clean MoSAIC evidence: covered once, trained_on_case=false.",0.14642302639436283,0.0,0.49875960795477653,0.0,0.0,0.0
Case3002,CenterC,M1,clean pathology-specific checkpoint,existing_clean_oof_held_out_gt,oof_fold1,1,11732,12025,12109,0,1161,"Existing OOF clean MoSAIC evidence: covered once, trained_on_case=false.",0.14642302639436283,0.0,0.49875960795477653,0.0,0.0,0.0
Case3007,CenterC,M0,clean single checkpoint raw,existing_clean_oof_held_out_gt,oof_fold1,1,9244,5092,6104,0,2623,"Existing OOF clean MoSAIC evidence: covered once, trained_on_case=false.",0.7694922937443336,0.8785987517616267,0.9056998431235838,0.0,0.6151491966335119,0.5886824324324325
Case3007,CenterC,M1,clean pathology-specific checkpoint,existing_clean_oof_held_out_gt,oof_fold1,1,9244,5092,6104,0,2623,"Existing OOF clean MoSAIC evidence: covered once, trained_on_case=false.",0.7694922937443336,0.8785987517616267,0.9056998431235838,0.0,0.6151491966335119,0.5886824324324325
Case3014,CenterC,M0,clean single checkpoint raw,existing_clean_oof_held_out_gt,oof_fold1,1,17558,16193,13931,0,3300,"Existing OOF clean MoSAIC evidence: covered once, trained_on_case=false.",0.7448596832453459,0.9348858587406159,0.8702619414483821,0.0,0.8205348205348205,0.6123092072870507
Case3014,CenterC,M1,clean pathology-specific checkpoint,existing_clean_oof_held_out_gt,oof_fold1,1,17558,16193,13931,0,3300,"Existing OOF clean MoSAIC evidence: covered once, trained_on_case=false.",0.7448596832453459,0.9348858587406159,0.8702619414483821,0.0,0.8205348205348205,0.6123092072870507
Case3018,CenterC,M0,clean single checkpoint raw,existing_clean_oof_held_out_gt,oof_fold1,1,7694,5215,6509,0,1992,"Existing OOF clean MoSAIC evidence: covered once, trained_on_case=false.",0.792148127523319,0.8793529161345254,0.9170068027210885,0.0,0.807435376125472,0.797650827549386
Case3018,CenterC,M1,clean pathology-specific checkpoint,existing_clean_oof_held_out_gt,oof_fold1,1,7694,5215,6509,0,1992,"Existing OOF clean MoSAIC evidence: covered once, trained_on_case=false.",0.792148127523319,0.8793529161345254,0.9170068027210885,0.0,0.807435376125472,0.797650827549386
Case3025,CenterC,M0,clean single checkpoint raw,existing_clean_oof_held_out_gt,oof_fold1,1,11108,14563,12336,0,5226,"Existing OOF clean MoSAIC evidence: covered once, trained_on_case=false.",0.7299838935938068,0.8939393939393939,0.9122475783943523,0.0,0.7019260165087129,0.6587929915639196
Case3025,CenterC,M1,clean pathology-specific checkpoint,existing_clean_oof_held_out_gt,oof_fold1,1,11108,14563,12336,0,5226,"Existing OOF clean MoSAIC evidence: covered once, trained_on_case=false.",0.7299838935938068,0.8939393939393939,0.9122475783943523,0.0,0.7019260165087129,0.6587929915639196
Case3028,CenterC,M0,clean single checkpoint raw,existing_clean_oof_held_out_gt,oof_fold1,1,7527,9503,4162,0,5667,"Existing OOF clean MoSAIC evidence: covered once, trained_on_case=false.",0.6016223859492447,0.9174685606639174,0.8931603773584905,0.0,0.6489814192970674,0.5904795239761989
Case3028,CenterC,M1,clean pathology-specific checkpoint,existing_clean_oof_held_out_gt,oof_fold1,1,7527,9503,4162,0,5667,"Existing OOF clean MoSAIC evidence: covered once, trained_on_case=false.",0.6016223859492447,0.9174685606639174,0.8931603773584905,0.0,0.6489814192970674,0.5904795239761989
Case3030,CenterC,M0,clean single checkpoint raw,existing_clean_oof_held_out_gt,oof_fold1,1,12645,13744,5889,0,6003,"Existing OOF clean MoSAIC evidence: covered once, trained_on_case=false.",0.5446567132230963,0.9163452874391782,0.8501539229553208,0.0,0.6914273375080976,0.6135048990674065
Case3030,CenterC,M1,clean pathology-specific checkpoint,existing_clean_oof_held_out_gt,oof_fold1,1,12645,13744,5889,0,6003,"Existing OOF clean MoSAIC evidence: covered once, trained_on_case=false.",0.5446567132230963,0.9163452874391782,0.8501539229553208,0.0,0.6914273375080976,0.6135048990674065
Case3033,CenterC,M0,clean single checkpoint raw,existing_clean_oof_held_out_gt,oof_fold1,1,19442,13431,26904,0,6145,"Existing OOF clean MoSAIC evidence: covered once, trained_on_case=false.",0.7879435903363773,0.9030783515463181,0.8993141605671143,0.0,0.7741126116153789,0.7104267258253948
Case3033,CenterC,M1,clean pathology-specific checkpoint,existing_clean_oof_held_out_gt,oof_fold1,1,19442,13431,26904,0,6145,"Existing OOF clean MoSAIC evidence: covered once, trained_on_case=false.",0.7879435903363773,0.9030783515463181,0.8993141605671143,0.0,0.7741126116153789,0.7104267258253948
Case3041,CenterC,M0,clean single checkpoint raw,existing_clean_oof_held_out_gt,oof_fold1,1,9390,7866,9831,0,2416,"Existing OOF clean MoSAIC evidence: covered once, trained_on_case=false.",0.8213060290833832,0.9188189528729035,0.9211842776927004,0.0,0.7894246881400112,0.7490909090909091
Case3041,CenterC,M1,clean pathology-specific checkpoint,existing_clean_oof_held_out_gt,oof_fold1,1,9390,7866,9831,0,2416,"Existing OOF clean MoSAIC evidence: covered once, trained_on_case=false.",0.8213060290833832,0.9188189528729035,0.9211842776927004,0.0,0.7894246881400112,0.7490909090909091
Case5007,CenterE,M0,clean single checkpoint raw,existing_clean_oof_held_out_gt,oof_fold1,0,9679,12123,3773,0,34,"Existing OOF clean MoSAIC evidence: covered once, trained_on_case=false.",0.10047501032631144,0.015327450069670227,0.0,,0.0,0.0
Case5007,CenterE,M1,clean pathology-specific checkpoint,existing_clean_oof_held_out_gt,oof_fold1,0,9679,12123,3773,0,34,"Existing OOF clean MoSAIC evidence: covered once, trained_on_case=false.",0.10047501032631144,0.015327450069670227,0.0,,0.0,0.0
Case5010,CenterE,M0,clean single checkpoint raw,existing_clean_oof_held_out_gt,oof_fold1,0,4485,3596,2941,0,308,"Existing OOF clean MoSAIC evidence: covered once, trained_on_case=false.",0.12534174553101998,0.28476362123942883,0.0,,0.0641025641025641,0.0641025641025641
Case5010,CenterE,M1,clean pathology-specific checkpoint,existing_clean_oof_held_out_gt,oof_fold1,0,4485,3596,2941,0,308,"Existing OOF clean MoSAIC evidence: covered once, trained_on_case=false.",0.12534174553101998,0.28476362123942883,0.0,,0.0641025641025641,0.0641025641025641
Case6004,CenterF,M0,clean single checkpoint raw,existing_clean_oof_held_out_gt,oof_fold1,0,8118,12062,5524,0,938,"Existing OOF clean MoSAIC evidence: covered once, trained_on_case=false.",0.22013827092887947,0.6920791305027758,0.0,,0.07653429602888087,0.07653429602888087
Case6004,CenterF,M1,clean pathology-specific checkpoint,existing_clean_oof_held_out_gt,oof_fold1,0,8118,12062,5524,0,938,"Existing OOF clean MoSAIC evidence: covered once, trained_on_case=false.",0.22013827092887947,0.6920791305027758,0.0,,0.07653429602888087,0.07653429602888087
Case6006,CenterF,M0,clean single checkpoint raw,existing_clean_oof_held_out_gt,oof_fold1,0,16237,45691,12079,0,3945,"Existing OOF clean MoSAIC evidence: covered once, trained_on_case=false.",0.3691943928390475,0.8428325046142674,0.18614789833018014,,0.04337671004337671,0.04337671004337671
Case6006,CenterF,M1,clean pathology-specific checkpoint,existing_clean_oof_held_out_gt,oof_fold1,0,16237,45691,12079,0,3945,"Existing OOF clean MoSAIC evidence: covered once, trained_on_case=false.",0.3691943928390475,0.8428325046142674,0.18614789833018014,,0.04337671004337671,0.04337671004337671
Case7004,CenterG,M0,clean single checkpoint raw,existing_clean_oof_held_out_gt,oof_fold1,0,4935,7090,3264,0,562,"Existing OOF clean MoSAIC evidence: covered once, trained_on_case=false.",0.7257023933402705,0.8852747252747253,0.7184010719071013,,0.3696612665684831,0.3696612665684831
Case7004,CenterG,M1,clean pathology-specific checkpoint,existing_clean_oof_held_out_gt,oof_fold1,0,4935,7090,3264,0,562,"Existing OOF clean MoSAIC evidence: covered once, trained_on_case=false.",0.7257023933402705,0.8852747252747253,0.7184010719071013,,0.3696612665684831,0.3696612665684831
Case8004,CenterH,M0,clean single checkpoint raw,existing_clean_oof_held_out_gt,oof_fold1,0,4253,4451,4577,0,615,"Existing OOF clean MoSAIC evidence: covered once, trained_on_case=false.",0.0,0.0,0.0,,0.6816999132697311,0.6816999132697311
Case8004,CenterH,M1,clean pathology-specific checkpoint,existing_clean_oof_held_out_gt,oof_fold1,0,4253,4451,4577,0,615,"Existing OOF clean MoSAIC evidence: covered once, trained_on_case=false.",0.0,0.0,0.0,,0.6816999132697311,0.6816999132697311
Case8006,CenterH,M0,clean single checkpoint raw,existing_clean_oof_held_out_gt,oof_fold1,0,4390,5729,3817,0,1301,"Existing OOF clean MoSAIC evidence: covered once, trained_on_case=false.",0.0,0.0,0.0,,0.5459654757125653,0.5459654757125653
Case8006,CenterH,M1,clean pathology-specific checkpoint,existing_clean_oof_held_out_gt,oof_fold1,0,4390,5729,3817,0,1301,"Existing OOF clean MoSAIC evidence: covered once, trained_on_case=false.",0.0,0.0,0.0,,0.5459654757125653,0.5459654757125653
Case8008,CenterH,M0,clean single checkpoint raw,existing_clean_oof_held_out_gt,oof_fold1,0,3965,7102,6785,0,1685,"Existing OOF clean MoSAIC evidence: covered once, trained_on_case=false.",0.0,0.0,0.0,,0.4032520325203252,0.4032520325203252
Case8008,CenterH,M1,clean pathology-specific checkpoint,existing_clean_oof_held_out_gt,oof_fold1,0,3965,7102,6785,0,1685,"Existing OOF clean MoSAIC evidence: covered once, trained_on_case=false.",0.0,0.0,0.0,,0.4032520325203252,0.4032520325203252
Case8013,CenterH,M0,clean single checkpoint raw,existing_clean_oof_held_out_gt,oof_fold1,0,3201,5346,3462,0,1438,"Existing OOF clean MoSAIC evidence: covered once, trained_on_case=false.",0.0,0.0,0.0,,0.6048237476808905,0.6048237476808905
Case8013,CenterH,M1,clean pathology-specific checkpoint,existing_clean_oof_held_out_gt,oof_fold1,0,3201,5346,3462,0,1438,"Existing OOF clean MoSAIC evidence: covered once, trained_on_case=false.",0.0,0.0,0.0,,0.6048237476808905,0.6048237476808905
Case8016,CenterH,M0,clean single checkpoint raw,existing_clean_oof_held_out_gt,oof_fold1,0,3846,4550,3441,0,850,"Existing OOF clean MoSAIC evidence: covered once, trained_on_case=false.",0.0,0.0,0.0,,0.6324961558175295,0.6324961558175295
Case8016,CenterH,M1,clean pathology-specific checkpoint,existing_clean_oof_held_out_gt,oof_fold1,0,3846,4550,3441,0,850,"Existing OOF clean MoSAIC evidence: covered once, trained_on_case=false.",0.0,0.0,0.0,,0.6324961558175295,0.6324961558175295
Case8024,CenterH,M0,clean single checkpoint raw,existing_clean_oof_held_out_gt,oof_fold1,0,2851,4290,5628,0,957,"Existing OOF clean MoSAIC evidence: covered once, trained_on_case=false.",0.0,0.0,0.0,,0.7058823529411765,0.7058823529411765
Case8024,CenterH,M1,clean pathology-specific checkpoint,existing_clean_oof_held_out_gt,oof_fold1,0,2851,4290,5628,0,957,"Existing OOF clean MoSAIC evidence: covered once, trained_on_case=false.",0.0,0.0,0.0,,0.7058823529411765,0.7058823529411765
Case8029,CenterH,M0,clean single checkpoint raw,existing_clean_oof_held_out_gt,oof_fold1,0,3009,3540,3031,0,725,"Existing OOF clean MoSAIC evidence: covered once, trained_on_case=false.",0.0,0.0,0.0,,0.3956043956043956,0.3956043956043956
Case8029,CenterH,M1,clean pathology-specific checkpoint,existing_clean_oof_held_out_gt,oof_fold1,0,3009,3540,3031,0,725,"Existing OOF clean MoSAIC evidence: covered once, trained_on_case=false.",0.0,0.0,0.0,,0.3956043956043956,0.3956043956043956
Case1012,CenterA,M0,clean single checkpoint raw,existing_clean_oof_held_out_gt,oof_fold2,0,9401,16314,7154,0,234,"Existing OOF clean MoSAIC evidence: covered once, trained_on_case=false.",0.15916416583305545,0.6311316172899466,0.0,,0.0,0.0
Case1012,CenterA,M1,clean pathology-specific checkpoint,existing_clean_oof_held_out_gt,oof_fold2,0,9401,16314,7154,0,234,"Existing OOF clean MoSAIC evidence: covered once, trained_on_case=false.",0.15916416583305545,0.6311316172899466,0.0,,0.0,0.0
Case1014,CenterA,M0,clean single checkpoint raw,existing_clean_oof_held_out_gt,oof_fold2,0,5398,9310,4585,0,681,"Existing OOF clean MoSAIC evidence: covered once, trained_on_case=false.",0.28212658227848103,0.7384790835104453,0.0,,0.0547945205479452,0.0547945205479452
Case1014,CenterA,M1,clean pathology-specific checkpoint,existing_clean_oof_held_out_gt,oof_fold2,0,5398,9310,4585,0,681,"Existing OOF clean MoSAIC evidence: covered once, trained_on_case=false.",0.28212658227848103,0.7384790835104453,0.0,,0.0547945205479452,0.0547945205479452
Case1016,CenterA,M0,clean single checkpoint raw,existing_clean_oof_held_out_gt,oof_fold2,0,10187,22270,10831,0,7156,"Existing OOF clean MoSAIC evidence: covered once, trained_on_case=false.",0.28244673898836753,0.7419884213885217,0.0,,0.3420969773299748,0.3420969773299748
Case1016,CenterA,M1,clean pathology-specific checkpoint,existing_clean_oof_held_out_gt,oof_fold2,0,10187,22270,10831,0,7156,"Existing OOF clean MoSAIC evidence: covered once, trained_on_case=false.",0.28244673898836753,0.7419884213885217,0.0,,0.3420969773299748,0.3420969773299748
Case1020,CenterA,M0,clean single checkpoint raw,existing_clean_oof_held_out_gt,oof_fold2,0,10000,22772,5655,0,5928,"Existing OOF clean MoSAIC evidence: covered once, trained_on_case=false.",0.09220135628586333,0.7278242302089362,0.0,,0.2188545927854221,0.2188545927854221
Case1020,CenterA,M1,clean pathology-specific checkpoint,existing_clean_oof_held_out_gt,oof_fold2,0,10000,22772,5655,0,5928,"Existing OOF clean MoSAIC evidence: covered once, trained_on_case=false.",0.09220135628586333,0.7278242302089362,0.0,,0.2188545927854221,0.2188545927854221
Case1024,CenterA,M0,clean single checkpoint raw,existing_clean_oof_held_out_gt,oof_fold2,0,9188,22031,15239,0,5570,"Existing OOF clean MoSAIC evidence: covered once, trained_on_case=false.",0.13721840703420832,0.665845178893632,0.0,,0.0818658673660547,0.0818658673660547
Case1024,CenterA,M1,clean pathology-specific checkpoint,existing_clean_oof_held_out_gt,oof_fold2,0,9188,22031,15239,0,5570,"Existing OOF clean MoSAIC evidence: covered once, trained_on_case=false.",0.13721840703420832,0.665845178893632,0.0,,0.0818658673660547,0.0818658673660547
Case1025,CenterA,M0,clean single checkpoint raw,existing_clean_oof_held_out_gt,oof_fold2,0,15061,24269,8732,0,3027,"Existing OOF clean MoSAIC evidence: covered once, trained_on_case=false.",0.3343585237258348,0.6904664391353811,0.0,,0.2922788371366052,0.2922788371366052
Case1025,CenterA,M1,clean pathology-specific checkpoint,existing_clean_oof_held_out_gt,oof_fold2,0,15061,24269,8732,0,3027,"Existing OOF clean MoSAIC evidence: covered once, trained_on_case=false.",0.3343585237258348,0.6904664391353811,0.0,,0.2922788371366052,0.2922788371366052
Case1027,CenterA,M0,clean single checkpoint raw,existing_clean_oof_held_out_gt,oof_fold2,0,10509,21594,13450,0,4557,"Existing OOF clean MoSAIC evidence: covered once, trained_on_case=false.",0.12857620480489088,0.5828460550121929,0.0,,0.14835864772170504,0.14835864772170504
Case1027,CenterA,M1,clean pathology-specific checkpoint,existing_clean_oof_held_out_gt,oof_fold2,0,10509,21594,13450,0,4557,"Existing OOF clean MoSAIC evidence: covered once, trained_on_case=false.",0.12857620480489088,0.5828460550121929,0.0,,0.14835864772170504,0.14835864772170504
Case1030,CenterA,M0,clean single checkpoint raw,existing_clean_oof_held_out_gt,oof_fold2,0,16064,25613,8373,0,4371,"Existing OOF clean MoSAIC evidence: covered once, trained_on_case=false.",0.4832965504731384,0.8387561896450322,0.0,,0.22542204568023833,0.22542204568023833
Case1030,CenterA,M1,clean pathology-specific checkpoint,existing_clean_oof_held_out_gt,oof_fold2,0,16064,25613,8373,0,4371,"Existing OOF clean MoSAIC evidence: covered once, trained_on_case=false.",0.4832965504731384,0.8387561896450322,0.0,,0.22542204568023833,0.22542204568023833
Case1039,CenterA,M0,clean single checkpoint raw,existing_clean_oof_held_out_gt,oof_fold2,0,12717,18161,10269,0,4727,"Existing OOF clean MoSAIC evidence: covered once, trained_on_case=false.",0.4340655276976555,0.7516629109765699,0.0,,0.24634420697412823,0.24634420697412823
Case1039,CenterA,M1,clean pathology-specific checkpoint,existing_clean_oof_held_out_gt,oof_fold2,0,12717,18161,10269,0,4727,"Existing OOF clean MoSAIC evidence: covered once, trained_on_case=false.",0.4340655276976555,0.7516629109765699,0.0,,0.24634420697412823,0.24634420697412823
Case1044,CenterA,M0,clean single checkpoint raw,existing_clean_oof_held_out_gt,oof_fold2,0,19169,35687,11443,0,4707,"Existing OOF clean MoSAIC evidence: covered once, trained_on_case=false.",0.07413364526977628,0.24092675001765912,0.0,,0.0943278620403075,0.0943278620403075
Case1044,CenterA,M1,clean pathology-specific checkpoint,existing_clean_oof_held_out_gt,oof_fold2,0,19169,35687,11443,0,4707,"Existing OOF clean MoSAIC evidence: covered once, trained_on_case=false.",0.07413364526977628,0.24092675001765912,0.0,,0.0943278620403075,0.0943278620403075
Case1048,CenterA,M0,clean single checkpoint raw,existing_clean_oof_held_out_gt,oof_fold2,0,10371,15644,6569,0,5161,"Existing OOF clean MoSAIC evidence: covered once, trained_on_case=false.",0.14613497522728366,0.21713824698899326,0.0,,0.0,0.0
Case1048,CenterA,M1,clean pathology-specific checkpoint,existing_clean_oof_held_out_gt,oof_fold2,0,10371,15644,6569,0,5161,"Existing OOF clean MoSAIC evidence: covered once, trained_on_case=false.",0.14613497522728366,0.21713824698899326,0.0,,0.0,0.0
Case1051,CenterA,M0,clean single checkpoint raw,existing_clean_oof_held_out_gt,oof_fold2,0,13667,27558,14116,0,6797,"Existing OOF clean MoSAIC evidence: covered once, trained_on_case=false.",0.4168801495534169,0.8314548897755061,0.0,,0.18886887266521285,0.18886887266521285
Case1051,CenterA,M1,clean pathology-specific checkpoint,existing_clean_oof_held_out_gt,oof_fold2,0,13667,27558,14116,0,6797,"Existing OOF clean MoSAIC evidence: covered once, trained_on_case=false.",0.4168801495534169,0.8314548897755061,0.0,,0.18886887266521285,0.18886887266521285
Case1055,CenterA,M0,clean single checkpoint raw,existing_clean_oof_held_out_gt,oof_fold2,0,8577,19540,5550,0,4298,"Existing OOF clean MoSAIC evidence: covered once, trained_on_case=false.",0.06365531619179986,0.15247897457889595,0.0,,0.037584634517065084,0.037584634517065084
Case1055,CenterA,M1,clean pathology-specific checkpoint,existing_clean_oof_held_out_gt,oof_fold2,0,8577,19540,5550,0,4298,"Existing OOF clean MoSAIC evidence: covered once, trained_on_case=false.",0.06365531619179986,0.15247897457889595,0.0,,0.037584634517065084,0.037584634517065084
Case1057,CenterA,M0,clean single checkpoint raw,existing_clean_oof_held_out_gt,oof_fold2,0,7260,12887,5371,0,1863,"Existing OOF clean MoSAIC evidence: covered once, trained_on_case=false.",0.5758389261744966,0.8684680487615498,0.0,,0.21476084890719038,0.21476084890719038
Case1057,CenterA,M1,clean pathology-specific checkpoint,existing_clean_oof_held_out_gt,oof_fold2,0,7260,12887,5371,0,1863,"Existing OOF clean MoSAIC evidence: covered once, trained_on_case=false.",0.5758389261744966,0.8684680487615498,0.0,,0.21476084890719038,0.21476084890719038
Case1059,CenterA,M0,clean single checkpoint raw,existing_clean_oof_held_out_gt,oof_fold2,0,6818,13992,10028,0,2290,"Existing OOF clean MoSAIC evidence: covered once, trained_on_case=false.",0.2988542078229949,0.7210838901262064,0.0,,0.4098313803943984,0.4098313803943984
Case1059,CenterA,M1,clean pathology-specific checkpoint,existing_clean_oof_held_out_gt,oof_fold2,0,6818,13992,10028,0,2290,"Existing OOF clean MoSAIC evidence: covered once, trained_on_case=false.",0.2988542078229949,0.7210838901262064,0.0,,0.4098313803943984,0.4098313803943984
Case1068,CenterA,M0,clean single checkpoint raw,existing_clean_oof_held_out_gt,oof_fold2,0,17956,49653,11658,0,5897,"Existing OOF clean MoSAIC evidence: covered once, trained_on_case=false.",0.332009790590155,0.8340364562604473,0.0,,0.28498554667573545,0.28498554667573545
Case1068,CenterA,M1,clean pathology-specific checkpoint,existing_clean_oof_held_out_gt,oof_fold2,0,17956,49653,11658,0,5897,"Existing OOF clean MoSAIC evidence: covered once, trained_on_case=false.",0.332009790590155,0.8340364562604473,0.0,,0.28498554667573545,0.28498554667573545
Case2006,CenterB,M0,clean single checkpoint raw,existing_clean_oof_held_out_gt,oof_fold2,1,5638,4134,3368,0,1505,"Existing OOF clean MoSAIC evidence: covered once, trained_on_case=false.",0.4854771784232365,0.9242832065535401,0.877008652657602,0.0,0.7763304800893189,0.44170185125040595
Case2006,CenterB,M1,clean pathology-specific checkpoint,existing_clean_oof_held_out_gt,oof_fold2,1,5638,4134,3368,0,1505,"Existing OOF clean MoSAIC evidence: covered once, trained_on_case=false.",0.4854771784232365,0.9242832065535401,0.877008652657602,0.0,0.7763304800893189,0.44170185125040595
Case2009,CenterB,M0,clean single checkpoint raw,existing_clean_oof_held_out_gt,oof_fold2,1,3740,3663,5262,0,885,"Existing OOF clean MoSAIC evidence: covered once, trained_on_case=false.",0.2565694185805918,0.8914285714285715,0.8313451254627725,0.0,0.7393162393162394,0.3914293180036582
Case2009,CenterB,M1,clean pathology-specific checkpoint,existing_clean_oof_held_out_gt,oof_fold2,1,3740,3663,5262,0,885,"Existing OOF clean MoSAIC evidence: covered once, trained_on_case=false.",0.2565694185805918,0.8914285714285715,0.8313451254627725,0.0,0.7393162393162394,0.3914293180036582
Case2014,CenterB,M0,clean single checkpoint raw,existing_clean_oof_held_out_gt,oof_fold2,1,5418,3505,4992,0,939,"Existing OOF clean MoSAIC evidence: covered once, trained_on_case=false.",0.5321232385956532,0.8502415458937198,0.8313073895933537,0.0,0.7765072765072765,0.4876769795490299
Case2014,CenterB,M1,clean pathology-specific checkpoint,existing_clean_oof_held_out_gt,oof_fold2,1,5418,3505,4992,0,939,"Existing OOF clean MoSAIC evidence: covered once, trained_on_case=false.",0.5321232385956532,0.8502415458937198,0.8313073895933537,0.0,0.7765072765072765,0.4876769795490299
Case2019,CenterB,M0,clean single checkpoint raw,existing_clean_oof_held_out_gt,oof_fold2,1,2341,1574,2143,0,647,"Existing OOF clean MoSAIC evidence: covered once, trained_on_case=false.",0.1368337311058075,0.0,0.0,0.0,0.0,0.0
Case2019,CenterB,M1,clean pathology-specific checkpoint,existing_clean_oof_held_out_gt,oof_fold2,1,2341,1574,2143,0,647,"Existing OOF clean MoSAIC evidence: covered once, trained_on_case=false.",0.1368337311058075,0.0,0.0,0.0,0.0,0.0
Case2022,CenterB,M0,clean single checkpoint raw,existing_clean_oof_held_out_gt,oof_fold2,1,6711,5160,5174,0,1131,"Existing OOF clean MoSAIC evidence: covered once, trained_on_case=false.",0.6407363956321631,0.916234096692112,0.8653317628582646,0.0,0.7382847038019452,0.4306982595932061
Case2022,CenterB,M1,clean pathology-specific checkpoint,existing_clean_oof_held_out_gt,oof_fold2,1,6711,5160,5174,0,1131,"Existing OOF clean MoSAIC evidence: covered once, trained_on_case=false.",0.6407363956321631,0.916234096692112,0.8653317628582646,0.0,0.7382847038019452,0.4306982595932061
Case2023,CenterB,M0,clean single checkpoint raw,existing_clean_oof_held_out_gt,oof_fold2,1,5459,5240,5798,0,1218,"Existing OOF clean MoSAIC evidence: covered once, trained_on_case=false.",0.6991818753933291,0.9131403118040089,0.8874675565443085,0.0,0.8141799766264122,0.5705838876570584
Case2023,CenterB,M1,clean pathology-specific checkpoint,existing_clean_oof_held_out_gt,oof_fold2,1,5459,5240,5798,0,1218,"Existing OOF clean MoSAIC evidence: covered once, trained_on_case=false.",0.6991818753933291,0.9131403118040089,0.8874675565443085,0.0,0.8141799766264122,0.5705838876570584
Case2034,CenterB,M0,clean single checkpoint raw,existing_clean_oof_held_out_gt,oof_fold2,1,4929,3755,3394,0,852,"Existing OOF clean MoSAIC evidence: covered once, trained_on_case=false.",0.6858197761624553,0.8878212827288013,0.8329094988780853,0.0,0.8074935400516796,0.5339221196306704
Case2034,CenterB,M1,clean pathology-specific checkpoint,existing_clean_oof_held_out_gt,oof_fold2,1,4929,3755,3394,0,852,"Existing OOF clean MoSAIC evidence: covered once, trained_on_case=false.",0.6858197761624553,0.8878212827288013,0.8329094988780853,0.0,0.8074935400516796,0.5339221196306704
Case3006,CenterC,M0,clean single checkpoint raw,existing_clean_oof_held_out_gt,oof_fold2,1,7900,7285,7193,0,1453,"Existing OOF clean MoSAIC evidence: covered once, trained_on_case=false.",0.8549296731670857,0.9442495126705653,0.9243435060326473,0.0,0.7960363336085879,0.8304521276595744
Case3006,CenterC,M1,clean pathology-specific checkpoint,existing_clean_oof_held_out_gt,oof_fold2,1,7900,7285,7193,0,1453,"Existing OOF clean MoSAIC evidence: covered once, trained_on_case=false.",0.8549296731670857,0.9442495126705653,0.9243435060326473,0.0,0.7960363336085879,0.8304521276595744
Case3008,CenterC,M0,clean single checkpoint raw,existing_clean_oof_held_out_gt,oof_fold2,1,11930,10965,15674,0,3987,"Existing OOF clean MoSAIC evidence: covered once, trained_on_case=false.",0.527021409270422,0.9122760800842993,0.9380263984915148,0.0,0.47851833186342446,0.33498298793690073
Case3008,CenterC,M1,clean pathology-specific checkpoint,existing_clean_oof_held_out_gt,oof_fold2,1,11930,10965,15674,0,3987,"Existing OOF clean MoSAIC evidence: covered once, trained_on_case=false.",0.527021409270422,0.9122760800842993,0.9380263984915148,0.0,0.47851833186342446,0.33498298793690073
Case3015,CenterC,M0,clean single checkpoint raw,existing_clean_oof_held_out_gt,oof_fold2,1,17427,14804,12750,0,5884,"Existing OOF clean MoSAIC evidence: covered once, trained_on_case=false.",0.8092735534023102,0.9229631124113118,0.9095648053076376,0.0,0.7854892601431981,0.7332461337231669
Case3015,CenterC,M1,clean pathology-specific checkpoint,existing_clean_oof_held_out_gt,oof_fold2,1,17427,14804,12750,0,5884,"Existing OOF clean MoSAIC evidence: covered once, trained_on_case=false.",0.8092735534023102,0.9229631124113118,0.9095648053076376,0.0,0.7854892601431981,0.7332461337231669
Case3016,CenterC,M0,clean single checkpoint raw,existing_clean_oof_held_out_gt,oof_fold2,1,11257,11431,9030,0,3412,"Existing OOF clean MoSAIC evidence: covered once, trained_on_case=false.",0.7632956448911222,0.9387618888703487,0.9015976966070118,0.0,0.7534983853606028,0.7250948766603416
Case3016,CenterC,M1,clean pathology-specific checkpoint,existing_clean_oof_held_out_gt,oof_fold2,1,11257,11431,9030,0,3412,"Existing OOF clean MoSAIC evidence: covered once, trained_on_case=false.",0.7632956448911222,0.9387618888703487,0.9015976966070118,0.0,0.7534983853606028,0.7250948766603416
Case3017,CenterC,M0,clean single checkpoint raw,existing_clean_oof_held_out_gt,oof_fold2,1,16344,13468,12872,0,5050,"Existing OOF clean MoSAIC evidence: covered once, trained_on_case=false.",0.5835455263851085,0.881937964241723,0.176346446057741,0.0,0.09125859975718333,0.08327947557935556
Case3017,CenterC,M1,clean pathology-specific checkpoint,existing_clean_oof_held_out_gt,oof_fold2,1,16344,13468,12872,0,5050,"Existing OOF clean MoSAIC evidence: covered once, trained_on_case=false.",0.5835455263851085,0.881937964241723,0.176346446057741,0.0,0.09125859975718333,0.08327947557935556
Case3024,CenterC,M0,clean single checkpoint raw,existing_clean_oof_held_out_gt,oof_fold2,1,10644,7202,8013,0,5081,"Existing OOF clean MoSAIC evidence: covered once, trained_on_case=false.",0.6669374492282697,0.8898834989797934,0.9095080295692073,0.0,0.784688995215311,0.6794939777289599
Case3024,CenterC,M1,clean pathology-specific checkpoint,existing_clean_oof_held_out_gt,oof_fold2,1,10644,7202,8013,0,5081,"Existing OOF clean MoSAIC evidence: covered once, trained_on_case=false.",0.6669374492282697,0.8898834989797934,0.9095080295692073,0.0,0.784688995215311,0.6794939777289599
Case3027,CenterC,M0,clean single checkpoint raw,existing_clean_oof_held_out_gt,oof_fold2,1,9482,7765,10507,0,3095,"Existing OOF clean MoSAIC evidence: covered once, trained_on_case=false.",0.6910739962393541,0.8988433765735829,0.9091080431607219,0.0,0.1515919977458439,0.40288791572967214
Case3027,CenterC,M1,clean pathology-specific checkpoint,existing_clean_oof_held_out_gt,oof_fold2,1,9482,7765,10507,0,3095,"Existing OOF clean MoSAIC evidence: covered once, trained_on_case=false.",0.6910739962393541,0.8988433765735829,0.9091080431607219,0.0,0.1515919977458439,0.40288791572967214
Case3035,CenterC,M0,clean single checkpoint raw,existing_clean_oof_held_out_gt,oof_fold2,1,11319,6162,8946,0,1224,"Existing OOF clean MoSAIC evidence: covered once, trained_on_case=false.",0.6673509186082316,0.8563367035034094,0.823473099751101,0.0,0.5858695652173913,0.21371927042030134
Case3035,CenterC,M1,clean pathology-specific checkpoint,existing_clean_oof_held_out_gt,oof_fold2,1,11319,6162,8946,0,1224,"Existing OOF clean MoSAIC evidence: covered once, trained_on_case=false.",0.6673509186082316,0.8563367035034094,0.823473099751101,0.0,0.5858695652173913,0.21371927042030134
Case3037,CenterC,M0,clean single checkpoint raw,existing_clean_oof_held_out_gt,oof_fold2,1,9541,5996,4361,0,3661,"Existing OOF clean MoSAIC evidence: covered once, trained_on_case=false.",0.6815701461010385,0.9127792248796275,0.8110929853181077,0.0,0.8950573573148279,0.706067150991557
Case3037,CenterC,M1,clean pathology-specific checkpoint,existing_clean_oof_held_out_gt,oof_fold2,1,9541,5996,4361,0,3661,"Existing OOF clean MoSAIC evidence: covered once, trained_on_case=false.",0.6815701461010385,0.9127792248796275,0.8110929853181077,0.0,0.8950573573148279,0.706067150991557
Case5001,CenterE,M0,clean single checkpoint raw,existing_clean_oof_held_out_gt,oof_fold2,0,5985,8904,7969,0,205,"Existing OOF clean MoSAIC evidence: covered once, trained_on_case=false.",0.0861878453038674,0.1127102288392611,0.3596687420661307,,0.0,0.0
Case5001,CenterE,M1,clean pathology-specific checkpoint,existing_clean_oof_held_out_gt,oof_fold2,0,5985,8904,7969,0,205,"Existing OOF clean MoSAIC evidence: covered once, trained_on_case=false.",0.0861878453038674,0.1127102288392611,0.3596687420661307,,0.0,0.0
Case5006,CenterE,M0,clean single checkpoint raw,existing_clean_oof_held_out_gt,oof_fold2,0,2605,3849,3909,0,570,"Existing OOF clean MoSAIC evidence: covered once, trained_on_case=false.",0.12692692692692692,0.0,0.0,,0.0,0.0
Case5006,CenterE,M1,clean pathology-specific checkpoint,existing_clean_oof_held_out_gt,oof_fold2,0,2605,3849,3909,0,570,"Existing OOF clean MoSAIC evidence: covered once, trained_on_case=false.",0.12692692692692692,0.0,0.0,,0.0,0.0
Case6003,CenterF,M0,clean single checkpoint raw,existing_clean_oof_held_out_gt,oof_fold2,0,5879,11955,8869,0,2313,"Existing OOF clean MoSAIC evidence: covered once, trained_on_case=false.",0.24359575865628225,0.7593198432893089,0.010789936964052473,,0.11215791834903545,0.11215791834903545
Case6003,CenterF,M1,clean pathology-specific checkpoint,existing_clean_oof_held_out_gt,oof_fold2,0,5879,11955,8869,0,2313,"Existing OOF clean MoSAIC evidence: covered once, trained_on_case=false.",0.24359575865628225,0.7593198432893089,0.010789936964052473,,0.11215791834903545,0.11215791834903545
Case7002,CenterG,M0,clean single checkpoint raw,existing_clean_oof_held_out_gt,oof_fold2,0,7862,10943,6681,0,268,"Existing OOF clean MoSAIC evidence: covered once, trained_on_case=false.",0.8113448484441159,0.9333273870579316,0.8777577355348967,,0.40641711229946526,0.40641711229946526
Case7002,CenterG,M1,clean pathology-specific checkpoint,existing_clean_oof_held_out_gt,oof_fold2,0,7862,10943,6681,0,268,"Existing OOF clean MoSAIC evidence: covered once, trained_on_case=false.",0.8113448484441159,0.9333273870579316,0.8777577355348967,,0.40641711229946526,0.40641711229946526
Case7010,CenterG,M0,clean single checkpoint raw,existing_clean_oof_held_out_gt,oof_fold2,0,5552,6061,3890,0,111,"Existing OOF clean MoSAIC evidence: covered once, trained_on_case=false.",0.8160202513335142,0.922951087845575,0.8305164319248827,,0.0,0.0
Case7010,CenterG,M1,clean pathology-specific checkpoint,existing_clean_oof_held_out_gt,oof_fold2,0,5552,6061,3890,0,111,"Existing OOF clean MoSAIC evidence: covered once, trained_on_case=false.",0.8160202513335142,0.922951087845575,0.8305164319248827,,0.0,0.0
Case8002,CenterH,M0,clean single checkpoint raw,existing_clean_oof_held_out_gt,oof_fold2,0,3030,2960,2863,0,634,"Existing OOF clean MoSAIC evidence: covered once, trained_on_case=false.",0.0,0.0,0.0,,0.631578947368421,0.631578947368421
Case8002,CenterH,M1,clean pathology-specific checkpoint,existing_clean_oof_held_out_gt,oof_fold2,0,3030,2960,2863,0,634,"Existing OOF clean MoSAIC evidence: covered once, trained_on_case=false.",0.0,0.0,0.0,,0.631578947368421,0.631578947368421
Case8005,CenterH,M0,clean single checkpoint raw,existing_clean_oof_held_out_gt,oof_fold2,0,3194,4322,1791,0,1285,"Existing OOF clean MoSAIC evidence: covered once, trained_on_case=false.",0.0,0.0,0.0,,0.7368421052631579,0.7368421052631579
Case8005,CenterH,M1,clean pathology-specific checkpoint,existing_clean_oof_held_out_gt,oof_fold2,0,3194,4322,1791,0,1285,"Existing OOF clean MoSAIC evidence: covered once, trained_on_case=false.",0.0,0.0,0.0,,0.7368421052631579,0.7368421052631579
Case8009,CenterH,M0,clean single checkpoint raw,existing_clean_oof_held_out_gt,oof_fold2,0,3528,6405,2995,0,918,"Existing OOF clean MoSAIC evidence: covered once, trained_on_case=false.",0.0,0.0,0.0,,0.35773955773955773,0.35773955773955773
Case8009,CenterH,M1,clean pathology-specific checkpoint,existing_clean_oof_held_out_gt,oof_fold2,0,3528,6405,2995,0,918,"Existing OOF clean MoSAIC evidence: covered once, trained_on_case=false.",0.0,0.0,0.0,,0.35773955773955773,0.35773955773955773
Case8017,CenterH,M0,clean single checkpoint raw,existing_clean_oof_held_out_gt,oof_fold2,0,5173,7631,7126,0,143,"Existing OOF clean MoSAIC evidence: covered once, trained_on_case=false.",0.0,0.0,0.0,,0.0,0.0
Case8017,CenterH,M1,clean pathology-specific checkpoint,existing_clean_oof_held_out_gt,oof_fold2,0,5173,7631,7126,0,143,"Existing OOF clean MoSAIC evidence: covered once, trained_on_case=false.",0.0,0.0,0.0,,0.0,0.0
Case8027,CenterH,M0,clean single checkpoint raw,existing_clean_oof_held_out_gt,oof_fold2,0,4209,7249,4233,0,1577,"Existing OOF clean MoSAIC evidence: covered once, trained_on_case=false.",0.0,0.0,0.0,,0.6517189835575485,0.6517189835575485
Case8027,CenterH,M1,clean pathology-specific checkpoint,existing_clean_oof_held_out_gt,oof_fold2,0,4209,7249,4233,0,1577,"Existing OOF clean MoSAIC evidence: covered once, trained_on_case=false.",0.0,0.0,0.0,,0.6517189835575485,0.6517189835575485
Case8028,CenterH,M0,clean single checkpoint raw,existing_clean_oof_held_out_gt,oof_fold2,0,5054,5628,4523,0,314,"Existing OOF clean MoSAIC evidence: covered once, trained_on_case=false.",0.0,0.0,0.0,,0.0,0.0
Case8028,CenterH,M1,clean pathology-specific checkpoint,existing_clean_oof_held_out_gt,oof_fold2,0,5054,5628,4523,0,314,"Existing OOF clean MoSAIC evidence: covered once, trained_on_case=false.",0.0,0.0,0.0,,0.0,0.0
Case8033,CenterH,M0,clean single checkpoint raw,existing_clean_oof_held_out_gt,oof_fold2,0,3913,4953,4154,0,972,"Existing OOF clean MoSAIC evidence: covered once, trained_on_case=false.",0.0,0.0,0.0,,0.6906558328496808,0.6906558328496808
Case8033,CenterH,M1,clean pathology-specific checkpoint,existing_clean_oof_held_out_gt,oof_fold2,0,3913,4953,4154,0,972,"Existing OOF clean MoSAIC evidence: covered once, trained_on_case=false.",0.0,0.0,0.0,,0.6906558328496808,0.6906558328496808
Case1011,CenterA,M0,clean single checkpoint raw,existing_clean_oof_held_out_gt,oof_fold3,0,7467,16321,6976,0,955,"Existing OOF clean MoSAIC evidence: covered once, trained_on_case=false.",0.3935474052655608,0.7871427320234724,0.0,,0.0,0.0
Case1011,CenterA,M1,clean pathology-specific checkpoint,existing_clean_oof_held_out_gt,oof_fold3,0,7467,16321,6976,0,955,"Existing OOF clean MoSAIC evidence: covered once, trained_on_case=false.",0.3935474052655608,0.7871427320234724,0.0,,0.0,0.0
Case1018,CenterA,M0,clean single checkpoint raw,existing_clean_oof_held_out_gt,oof_fold3,0,5721,13882,6208,0,2089,"Existing OOF clean MoSAIC evidence: covered once, trained_on_case=false.",0.06898946637342285,0.49153223107303035,0.0,,0.07747933884297521,0.07747933884297521
Case1018,CenterA,M1,clean pathology-specific checkpoint,existing_clean_oof_held_out_gt,oof_fold3,0,5721,13882,6208,0,2089,"Existing OOF clean MoSAIC evidence: covered once, trained_on_case=false.",0.06898946637342285,0.49153223107303035,0.0,,0.07747933884297521,0.07747933884297521
Case1019,CenterA,M0,clean single checkpoint raw,existing_clean_oof_held_out_gt,oof_fold3,0,6115,9429,3755,0,347,"Existing OOF clean MoSAIC evidence: covered once, trained_on_case=false.",0.6247065982787099,0.9062677327830797,0.0,,0.06884681583476764,0.06884681583476764
Case1019,CenterA,M1,clean pathology-specific checkpoint,existing_clean_oof_held_out_gt,oof_fold3,0,6115,9429,3755,0,347,"Existing OOF clean MoSAIC evidence: covered once, trained_on_case=false.",0.6247065982787099,0.9062677327830797,0.0,,0.06884681583476764,0.06884681583476764
Case1022,CenterA,M0,clean single checkpoint raw,existing_clean_oof_held_out_gt,oof_fold3,0,12895,25330,10901,0,2248,"Existing OOF clean MoSAIC evidence: covered once, trained_on_case=false.",0.4002024633035262,0.7660342604531222,0.0,,0.0,0.0
Case1022,CenterA,M1,clean pathology-specific checkpoint,existing_clean_oof_held_out_gt,oof_fold3,0,12895,25330,10901,0,2248,"Existing OOF clean MoSAIC evidence: covered once, trained_on_case=false.",0.4002024633035262,0.7660342604531222,0.0,,0.0,0.0
Case1026,CenterA,M0,clean single checkpoint raw,existing_clean_oof_held_out_gt,oof_fold3,0,19964,41319,16650,0,3191,"Existing OOF clean MoSAIC evidence: covered once, trained_on_case=false.",0.07950884728512068,0.4626687205782551,0.0,,0.07344632768361582,0.07344632768361582
Case1026,CenterA,M1,clean pathology-specific checkpoint,existing_clean_oof_held_out_gt,oof_fold3,0,19964,41319,16650,0,3191,"Existing OOF clean MoSAIC evidence: covered once, trained_on_case=false.",0.07950884728512068,0.4626687205782551,0.0,,0.07344632768361582,0.07344632768361582
Case1028,CenterA,M0,clean single checkpoint raw,existing_clean_oof_held_out_gt,oof_fold3,0,12137,25213,14487,0,4800,"Existing OOF clean MoSAIC evidence: covered once, trained_on_case=false.",0.3998486059127802,0.7684286161725962,0.0,,0.14983482774893817,0.14983482774893817
Case1028,CenterA,M1,clean pathology-specific checkpoint,existing_clean_oof_held_out_gt,oof_fold3,0,12137,25213,14487,0,4800,"Existing OOF clean MoSAIC evidence: covered once, trained_on_case=false.",0.3998486059127802,0.7684286161725962,0.0,,0.14983482774893817,0.14983482774893817
Case1031,CenterA,M0,clean single checkpoint raw,existing_clean_oof_held_out_gt,oof_fold3,0,11232,19549,2006,0,4286,"Existing OOF clean MoSAIC evidence: covered once, trained_on_case=false.",0.07897357334354653,0.43541285646548805,0.0,,0.2035216592848655,0.2035216592848655
Case1031,CenterA,M1,clean pathology-specific checkpoint,existing_clean_oof_held_out_gt,oof_fold3,0,11232,19549,2006,0,4286,"Existing OOF clean MoSAIC evidence: covered once, trained_on_case=false.",0.07897357334354653,0.43541285646548805,0.0,,0.2035216592848655,0.2035216592848655
Case1034,CenterA,M0,clean single checkpoint raw,existing_clean_oof_held_out_gt,oof_fold3,0,12027,36953,18161,0,6994,"Existing OOF clean MoSAIC evidence: covered once, trained_on_case=false.",0.04797235491411729,0.4702104887620407,0.0,,0.09287925696594428,0.09287925696594428
Case1034,CenterA,M1,clean pathology-specific checkpoint,existing_clean_oof_held_out_gt,oof_fold3,0,12027,36953,18161,0,6994,"Existing OOF clean MoSAIC evidence: covered once, trained_on_case=false.",0.04797235491411729,0.4702104887620407,0.0,,0.09287925696594428,0.09287925696594428
Case1035,CenterA,M0,clean single checkpoint raw,existing_clean_oof_held_out_gt,oof_fold3,0,13401,32510,6497,0,4116,"Existing OOF clean MoSAIC evidence: covered once, trained_on_case=false.",0.051555400209716884,0.5401061239426311,0.0,,0.05313930673642904,0.05313930673642904
Case1035,CenterA,M1,clean pathology-specific checkpoint,existing_clean_oof_held_out_gt,oof_fold3,0,13401,32510,6497,0,4116,"Existing OOF clean MoSAIC evidence: covered once, trained_on_case=false.",0.051555400209716884,0.5401061239426311,0.0,,0.05313930673642904,0.05313930673642904
Case1050,CenterA,M0,clean single checkpoint raw,existing_clean_oof_held_out_gt,oof_fold3,0,9056,21667,11549,0,6820,"Existing OOF clean MoSAIC evidence: covered once, trained_on_case=false.",0.43124325620429205,0.6785425475381808,0.0,,0.16669234324449236,0.16669234324449236
Case1050,CenterA,M1,clean pathology-specific checkpoint,existing_clean_oof_held_out_gt,oof_fold3,0,9056,21667,11549,0,6820,"Existing OOF clean MoSAIC evidence: covered once, trained_on_case=false.",0.43124325620429205,0.6785425475381808,0.0,,0.16669234324449236,0.16669234324449236
Case1061,CenterA,M0,clean single checkpoint raw,existing_clean_oof_held_out_gt,oof_fold3,0,13433,24781,10401,0,5863,"Existing OOF clean MoSAIC evidence: covered once, trained_on_case=false.",0.058683449566252766,0.4417538669442466,0.0,,0.07770919761206112,0.07770919761206112
Case1061,CenterA,M1,clean pathology-specific checkpoint,existing_clean_oof_held_out_gt,oof_fold3,0,13433,24781,10401,0,5863,"Existing OOF clean MoSAIC evidence: covered once, trained_on_case=false.",0.058683449566252766,0.4417538669442466,0.0,,0.07770919761206112,0.07770919761206112
Case1065,CenterA,M0,clean single checkpoint raw,existing_clean_oof_held_out_gt,oof_fold3,0,4885,8243,4143,0,1853,"Existing OOF clean MoSAIC evidence: covered once, trained_on_case=false.",0.4309249235114144,0.8006038787597259,0.0,,0.29371462615430444,0.29371462615430444
Case1065,CenterA,M1,clean pathology-specific checkpoint,existing_clean_oof_held_out_gt,oof_fold3,0,4885,8243,4143,0,1853,"Existing OOF clean MoSAIC evidence: covered once, trained_on_case=false.",0.4309249235114144,0.8006038787597259,0.0,,0.29371462615430444,0.29371462615430444
Case1066,CenterA,M0,clean single checkpoint raw,existing_clean_oof_held_out_gt,oof_fold3,0,12376,27925,11278,0,4158,"Existing OOF clean MoSAIC evidence: covered once, trained_on_case=false.",0.3699033594109526,0.8904867828875899,0.0,,0.2848286245682402,0.2848286245682402
Case1066,CenterA,M1,clean pathology-specific checkpoint,existing_clean_oof_held_out_gt,oof_fold3,0,12376,27925,11278,0,4158,"Existing OOF clean MoSAIC evidence: covered once, trained_on_case=false.",0.3699033594109526,0.8904867828875899,0.0,,0.2848286245682402,0.2848286245682402
Case1071,CenterA,M0,clean single checkpoint raw,existing_clean_oof_held_out_gt,oof_fold3,0,14182,23367,13506,0,5286,"Existing OOF clean MoSAIC evidence: covered once, trained_on_case=false.",0.2052988193289244,0.7754312618438275,0.0,,0.3150668718191502,0.3150668718191502
Case1071,CenterA,M1,clean pathology-specific checkpoint,existing_clean_oof_held_out_gt,oof_fold3,0,14182,23367,13506,0,5286,"Existing OOF clean MoSAIC evidence: covered once, trained_on_case=false.",0.2052988193289244,0.7754312618438275,0.0,,0.3150668718191502,0.3150668718191502
Case1078,CenterA,M0,clean single checkpoint raw,existing_clean_oof_held_out_gt,oof_fold3,0,16951,26135,11519,0,1708,"Existing OOF clean MoSAIC evidence: covered once, trained_on_case=false.",0.22785261388811082,0.6659604913493523,0.0,,0.005776636713735558,0.005776636713735558
Case1078,CenterA,M1,clean pathology-specific checkpoint,existing_clean_oof_held_out_gt,oof_fold3,0,16951,26135,11519,0,1708,"Existing OOF clean MoSAIC evidence: covered once, trained_on_case=false.",0.22785261388811082,0.6659604913493523,0.0,,0.005776636713735558,0.005776636713735558
Case1081,CenterA,M0,clean single checkpoint raw,existing_clean_oof_held_out_gt,oof_fold3,0,4253,6554,2539,0,852,"Existing OOF clean MoSAIC evidence: covered once, trained_on_case=false.",0.34073583029499505,0.7135606454971369,0.0,,0.2023529411764706,0.2023529411764706
Case1081,CenterA,M1,clean pathology-specific checkpoint,existing_clean_oof_held_out_gt,oof_fold3,0,4253,6554,2539,0,852,"Existing OOF clean MoSAIC evidence: covered once, trained_on_case=false.",0.34073583029499505,0.7135606454971369,0.0,,0.2023529411764706,0.2023529411764706
Case2004,CenterB,M0,clean single checkpoint raw,existing_clean_oof_held_out_gt,oof_fold3,1,7594,8195,5408,0,2588,"Existing OOF clean MoSAIC evidence: covered once, trained_on_case=false.",0.4845186044436513,0.9481205716344422,0.8578671900556101,0.0,0.7821138211382114,0.4831321223062169
Case2004,CenterB,M1,clean pathology-specific checkpoint,existing_clean_oof_held_out_gt,oof_fold3,1,7594,8195,5408,0,2588,"Existing OOF clean MoSAIC evidence: covered once, trained_on_case=false.",0.4845186044436513,0.9481205716344422,0.8578671900556101,0.0,0.7821138211382114,0.4831321223062169
Case2005,CenterB,M0,clean single checkpoint raw,existing_clean_oof_held_out_gt,oof_fold3,1,4866,4158,5861,0,1100,"Existing OOF clean MoSAIC evidence: covered once, trained_on_case=false.",0.5749738766980146,0.896978021978022,0.8538135593220338,0.0,0.7027498908773462,0.39900249376558605
Case2005,CenterB,M1,clean pathology-specific checkpoint,existing_clean_oof_held_out_gt,oof_fold3,1,4866,4158,5861,0,1100,"Existing OOF clean MoSAIC evidence: covered once, trained_on_case=false.",0.5749738766980146,0.896978021978022,0.8538135593220338,0.0,0.7027498908773462,0.39900249376558605
Case2012,CenterB,M0,clean single checkpoint raw,existing_clean_oof_held_out_gt,oof_fold3,1,644,423,489,0,146,"Existing OOF clean MoSAIC evidence: covered once, trained_on_case=false.",0.6084558823529411,0.8471849865951743,0.29431438127090304,0.0,0.3645320197044335,0.4366412213740458
Case2012,CenterB,M1,clean pathology-specific checkpoint,existing_clean_oof_held_out_gt,oof_fold3,1,644,423,489,0,146,"Existing OOF clean MoSAIC evidence: covered once, trained_on_case=false.",0.6084558823529411,0.8471849865951743,0.29431438127090304,0.0,0.3645320197044335,0.4366412213740458
Case2018,CenterB,M0,clean single checkpoint raw,existing_clean_oof_held_out_gt,oof_fold3,1,5116,7012,4221,0,1427,"Existing OOF clean MoSAIC evidence: covered once, trained_on_case=false.",0.6337768679631525,0.8833852250212284,0.7595606183889341,0.0,0.6494440810987574,0.5093477357706688
Case2018,CenterB,M1,clean pathology-specific checkpoint,existing_clean_oof_held_out_gt,oof_fold3,1,5116,7012,4221,0,1427,"Existing OOF clean MoSAIC evidence: covered once, trained_on_case=false.",0.6337768679631525,0.8833852250212284,0.7595606183889341,0.0,0.6494440810987574,0.5093477357706688
Case2021,CenterB,M0,clean single checkpoint raw,existing_clean_oof_held_out_gt,oof_fold3,1,5502,3728,2245,0,687,"Existing OOF clean MoSAIC evidence: covered once, trained_on_case=false.",0.7575448613376835,0.892551424556024,0.826656243892906,0.0,0.7044578976334618,0.4698587667929728
Case2021,CenterB,M1,clean pathology-specific checkpoint,existing_clean_oof_held_out_gt,oof_fold3,1,5502,3728,2245,0,687,"Existing OOF clean MoSAIC evidence: covered once, trained_on_case=false.",0.7575448613376835,0.892551424556024,0.826656243892906,0.0,0.7044578976334618,0.4698587667929728
Case2029,CenterB,M0,clean single checkpoint raw,existing_clean_oof_held_out_gt,oof_fold3,1,7463,5226,6580,0,1263,"Existing OOF clean MoSAIC evidence: covered once, trained_on_case=false.",0.5968865571514578,0.8408917521403747,0.8315417157916638,0.0,0.60694514343231,0.568127962085308
Case2029,CenterB,M1,clean pathology-specific checkpoint,existing_clean_oof_held_out_gt,oof_fold3,1,7463,5226,6580,0,1263,"Existing OOF clean MoSAIC evidence: covered once, trained_on_case=false.",0.5968865571514578,0.8408917521403747,0.8315417157916638,0.0,0.60694514343231,0.568127962085308
Case2032,CenterB,M0,clean single checkpoint raw,existing_clean_oof_held_out_gt,oof_fold3,1,5847,5334,5139,0,669,"Existing OOF clean MoSAIC evidence: covered once, trained_on_case=false.",0.6951219512195121,0.9498197948433601,0.8146988547416989,0.0,0.6965085049239033,0.5014504765851637
Case2032,CenterB,M1,clean pathology-specific checkpoint,existing_clean_oof_held_out_gt,oof_fold3,1,5847,5334,5139,0,669,"Existing OOF clean MoSAIC evidence: covered once, trained_on_case=false.",0.6951219512195121,0.9498197948433601,0.8146988547416989,0.0,0.6965085049239033,0.5014504765851637
Case3003,CenterC,M0,clean single checkpoint raw,existing_clean_oof_held_out_gt,oof_fold3,1,11239,7979,13093,0,580,"Existing OOF clean MoSAIC evidence: covered once, trained_on_case=false.",0.7448446948162696,0.9041749040586115,0.9262242871595039,0.0,0.864321608040201,0.34790528233151186
Case3003,CenterC,M1,clean pathology-specific checkpoint,existing_clean_oof_held_out_gt,oof_fold3,1,11239,7979,13093,0,580,"Existing OOF clean MoSAIC evidence: covered once, trained_on_case=false.",0.7448446948162696,0.9041749040586115,0.9262242871595039,0.0,0.864321608040201,0.34790528233151186
Case3009,CenterC,M0,clean single checkpoint raw,existing_clean_oof_held_out_gt,oof_fold3,1,16124,11335,12263,0,1368,"Existing OOF clean MoSAIC evidence: covered once, trained_on_case=false.",0.8496715019839979,0.8839937318110589,0.7814460557441119,0.0,0.7379134860050891,0.6068585425597061
Case3009,CenterC,M1,clean pathology-specific checkpoint,existing_clean_oof_held_out_gt,oof_fold3,1,16124,11335,12263,0,1368,"Existing OOF clean MoSAIC evidence: covered once, trained_on_case=false.",0.8496715019839979,0.8839937318110589,0.7814460557441119,0.0,0.7379134860050891,0.6068585425597061
Case3010,CenterC,M0,clean single checkpoint raw,existing_clean_oof_held_out_gt,oof_fold3,1,13843,8107,14245,0,3113,"Existing OOF clean MoSAIC evidence: covered once, trained_on_case=false.",0.052421749088133004,0.0,0.4256452128226064,0.0,0.0,0.0
Case3010,CenterC,M1,clean pathology-specific checkpoint,existing_clean_oof_held_out_gt,oof_fold3,1,13843,8107,14245,0,3113,"Existing OOF clean MoSAIC evidence: covered once, trained_on_case=false.",0.052421749088133004,0.0,0.4256452128226064,0.0,0.0,0.0
Case3019,CenterC,M0,clean single checkpoint raw,existing_clean_oof_held_out_gt,oof_fold3,1,15208,10446,12193,0,3725,"Existing OOF clean MoSAIC evidence: covered once, trained_on_case=false.",0.8206736118134924,0.90791729702471,0.8678921883703989,0.0,0.7908293998651382,0.6676989780117684
Case3019,CenterC,M1,clean pathology-specific checkpoint,existing_clean_oof_held_out_gt,oof_fold3,1,15208,10446,12193,0,3725,"Existing OOF clean MoSAIC evidence: covered once, trained_on_case=false.",0.8206736118134924,0.90791729702471,0.8678921883703989,0.0,0.7908293998651382,0.6676989780117684
Case3020,CenterC,M0,clean single checkpoint raw,existing_clean_oof_held_out_gt,oof_fold3,1,22021,14874,17713,0,3166,"Existing OOF clean MoSAIC evidence: covered once, trained_on_case=false.",0.7502082269808431,0.8781893582624587,0.9186707593754171,0.0,0.4918096345836968,0.459043471732112
Case3020,CenterC,M1,clean pathology-specific checkpoint,existing_clean_oof_held_out_gt,oof_fold3,1,22021,14874,17713,0,3166,"Existing OOF clean MoSAIC evidence: covered once, trained_on_case=false.",0.7502082269808431,0.8781893582624587,0.9186707593754171,0.0,0.4918096345836968,0.459043471732112
Case3021,CenterC,M0,clean single checkpoint raw,existing_clean_oof_held_out_gt,oof_fold3,1,8982,9127,7893,0,3169,"Existing OOF clean MoSAIC evidence: covered once, trained_on_case=false.",0.6566563689920253,0.9064019029889337,0.911382586775257,0.0,0.7062594268476622,0.606647305582446
Case3021,CenterC,M1,clean pathology-specific checkpoint,existing_clean_oof_held_out_gt,oof_fold3,1,8982,9127,7893,0,3169,"Existing OOF clean MoSAIC evidence: covered once, trained_on_case=false.",0.6566563689920253,0.9064019029889337,0.911382586775257,0.0,0.7062594268476622,0.606647305582446
Case3029,CenterC,M0,clean single checkpoint raw,existing_clean_oof_held_out_gt,oof_fold3,1,15843,11241,9780,0,3404,"Existing OOF clean MoSAIC evidence: covered once, trained_on_case=false.",0.5999654547024786,0.8950607154578274,0.8243152330610284,0.0,0.7761440607962994,0.6053151768065012
Case3029,CenterC,M1,clean pathology-specific checkpoint,existing_clean_oof_held_out_gt,oof_fold3,1,15843,11241,9780,0,3404,"Existing OOF clean MoSAIC evidence: covered once, trained_on_case=false.",0.5999654547024786,0.8950607154578274,0.8243152330610284,0.0,0.7761440607962994,0.6053151768065012
Case3032,CenterC,M0,clean single checkpoint raw,existing_clean_oof_held_out_gt,oof_fold3,1,10521,7021,10655,0,923,"Existing OOF clean MoSAIC evidence: covered once, trained_on_case=false.",0.8118513906185139,0.9265607580824972,0.8764357169321971,0.0,0.0,0.4875036753895913
Case3032,CenterC,M1,clean pathology-specific checkpoint,existing_clean_oof_held_out_gt,oof_fold3,1,10521,7021,10655,0,923,"Existing OOF clean MoSAIC evidence: covered once, trained_on_case=false.",0.8118513906185139,0.9265607580824972,0.8764357169321971,0.0,0.0,0.4875036753895913
Case3045,CenterC,M0,clean single checkpoint raw,existing_clean_oof_held_out_gt,oof_fold3,1,8818,7876,7828,0,2794,"Existing OOF clean MoSAIC evidence: covered once, trained_on_case=false.",0.87293558413066,0.9374103533707132,0.9341324615570893,0.0,0.8325641498984678,0.7799850634802091
Case3045,CenterC,M1,clean pathology-specific checkpoint,existing_clean_oof_held_out_gt,oof_fold3,1,8818,7876,7828,0,2794,"Existing OOF clean MoSAIC evidence: covered once, trained_on_case=false.",0.87293558413066,0.9374103533707132,0.9341324615570893,0.0,0.8325641498984678,0.7799850634802091
Case5002,CenterE,M0,clean single checkpoint raw,existing_clean_oof_held_out_gt,oof_fold3,0,7021,12170,4169,0,407,"Existing OOF clean MoSAIC evidence: covered once, trained_on_case=false.",0.4866844207723036,0.8762275651879444,0.0,,0.4019704433497537,0.4019704433497537
Case5002,CenterE,M1,clean pathology-specific checkpoint,existing_clean_oof_held_out_gt,oof_fold3,0,7021,12170,4169,0,407,"Existing OOF clean MoSAIC evidence: covered once, trained_on_case=false.",0.4866844207723036,0.8762275651879444,0.0,,0.4019704433497537,0.4019704433497537
Case6002,CenterF,M0,clean single checkpoint raw,existing_clean_oof_held_out_gt,oof_fold3,0,7137,7908,4370,0,1353,"Existing OOF clean MoSAIC evidence: covered once, trained_on_case=false.",0.37568972411035584,0.7641076522386209,0.12330754352030948,,0.18622628250175685,0.18622628250175685
Case6002,CenterF,M1,clean pathology-specific checkpoint,existing_clean_oof_held_out_gt,oof_fold3,0,7137,7908,4370,0,1353,"Existing OOF clean MoSAIC evidence: covered once, trained_on_case=false.",0.37568972411035584,0.7641076522386209,0.12330754352030948,,0.18622628250175685,0.18622628250175685
Case6005,CenterF,M0,clean single checkpoint raw,existing_clean_oof_held_out_gt,oof_fold3,0,25471,26021,22024,0,119,"Existing OOF clean MoSAIC evidence: covered once, trained_on_case=false.",0.4107899983957097,0.7467161297649241,0.0,,0.0,0.0
Case6005,CenterF,M1,clean pathology-specific checkpoint,existing_clean_oof_held_out_gt,oof_fold3,0,25471,26021,22024,0,119,"Existing OOF clean MoSAIC evidence: covered once, trained_on_case=false.",0.4107899983957097,0.7467161297649241,0.0,,0.0,0.0
Case7001,CenterG,M0,clean single checkpoint raw,existing_clean_oof_held_out_gt,oof_fold3,0,5656,7883,4606,0,36,"Existing OOF clean MoSAIC evidence: covered once, trained_on_case=false.",0.8354127499572722,0.9422484599589322,0.7833954230973922,,0.17603911980440098,0.17603911980440098
Case7001,CenterG,M1,clean pathology-specific checkpoint,existing_clean_oof_held_out_gt,oof_fold3,0,5656,7883,4606,0,36,"Existing OOF clean MoSAIC evidence: covered once, trained_on_case=false.",0.8354127499572722,0.9422484599589322,0.7833954230973922,,0.17603911980440098,0.17603911980440098
Case7008,CenterG,M0,clean single checkpoint raw,existing_clean_oof_held_out_gt,oof_fold3,0,5312,8931,4603,0,1306,"Existing OOF clean MoSAIC evidence: covered once, trained_on_case=false.",0.7304204451772465,0.9275428571428571,0.8802824213477313,,0.6371808701905789,0.6371808701905789
Case7008,CenterG,M1,clean pathology-specific checkpoint,existing_clean_oof_held_out_gt,oof_fold3,0,5312,8931,4603,0,1306,"Existing OOF clean MoSAIC evidence: covered once, trained_on_case=false.",0.7304204451772465,0.9275428571428571,0.8802824213477313,,0.6371808701905789,0.6371808701905789
Case8010,CenterH,M0,clean single checkpoint raw,existing_clean_oof_held_out_gt,oof_fold3,0,4483,5445,5178,0,675,"Existing OOF clean MoSAIC evidence: covered once, trained_on_case=false.",0.0,0.0,0.0,,0.3582358235823582,0.3582358235823582
Case8010,CenterH,M1,clean pathology-specific checkpoint,existing_clean_oof_held_out_gt,oof_fold3,0,4483,5445,5178,0,675,"Existing OOF clean MoSAIC evidence: covered once, trained_on_case=false.",0.0,0.0,0.0,,0.3582358235823582,0.3582358235823582
Case8018,CenterH,M0,clean single checkpoint raw,existing_clean_oof_held_out_gt,oof_fold3,0,4828,7901,4446,0,1691,"Existing OOF clean MoSAIC evidence: covered once, trained_on_case=false.",0.0,0.0,0.0,,0.5258883248730964,0.5258883248730964
Case8018,CenterH,M1,clean pathology-specific checkpoint,existing_clean_oof_held_out_gt,oof_fold3,0,4828,7901,4446,0,1691,"Existing OOF clean MoSAIC evidence: covered once, trained_on_case=false.",0.0,0.0,0.0,,0.5258883248730964,0.5258883248730964
Case8020,CenterH,M0,clean single checkpoint raw,existing_clean_oof_held_out_gt,oof_fold3,0,4015,5596,4931,0,1153,"Existing OOF clean MoSAIC evidence: covered once, trained_on_case=false.",0.0,0.0,0.0,,0.6112702960840497,0.6112702960840497
Case8020,CenterH,M1,clean pathology-specific checkpoint,existing_clean_oof_held_out_gt,oof_fold3,0,4015,5596,4931,0,1153,"Existing OOF clean MoSAIC evidence: covered once, trained_on_case=false.",0.0,0.0,0.0,,0.6112702960840497,0.6112702960840497
Case8025,CenterH,M0,clean single checkpoint raw,existing_clean_oof_held_out_gt,oof_fold3,0,5269,11510,2717,0,1890,"Existing OOF clean MoSAIC evidence: covered once, trained_on_case=false.",0.0,0.0,0.0,,0.5117878192534381,0.5117878192534381
Case8025,CenterH,M1,clean pathology-specific checkpoint,existing_clean_oof_held_out_gt,oof_fold3,0,5269,11510,2717,0,1890,"Existing OOF clean MoSAIC evidence: covered once, trained_on_case=false.",0.0,0.0,0.0,,0.5117878192534381,0.5117878192534381
Case8031,CenterH,M0,clean single checkpoint raw,existing_clean_oof_held_out_gt,oof_fold3,0,3541,4248,3976,0,1514,"Existing OOF clean MoSAIC evidence: covered once, trained_on_case=false.",0.0,0.0,0.0,,0.7579617834394905,0.7579617834394905
Case8031,CenterH,M1,clean pathology-specific checkpoint,existing_clean_oof_held_out_gt,oof_fold3,0,3541,4248,3976,0,1514,"Existing OOF clean MoSAIC evidence: covered once, trained_on_case=false.",0.0,0.0,0.0,,0.7579617834394905,0.7579617834394905
Case8032,CenterH,M0,clean single checkpoint raw,existing_clean_oof_held_out_gt,oof_fold3,0,5360,9455,4692,0,2004,"Existing OOF clean MoSAIC evidence: covered once, trained_on_case=false.",0.0,0.0,0.0,,0.6881243063263041,0.6881243063263041
Case8032,CenterH,M1,clean pathology-specific checkpoint,existing_clean_oof_held_out_gt,oof_fold3,0,5360,9455,4692,0,2004,"Existing OOF clean MoSAIC evidence: covered once, trained_on_case=false.",0.0,0.0,0.0,,0.6881243063263041,0.6881243063263041
Case8034,CenterH,M0,clean single checkpoint raw,existing_clean_oof_held_out_gt,oof_fold3,0,5008,4917,2520,0,29,"Existing OOF clean MoSAIC evidence: covered once, trained_on_case=false.",0.0,0.0,0.0,,0.0,0.0
Case8034,CenterH,M1,clean pathology-specific checkpoint,existing_clean_oof_held_out_gt,oof_fold3,0,5008,4917,2520,0,29,"Existing OOF clean MoSAIC evidence: covered once, trained_on_case=false.",0.0,0.0,0.0,,0.0,0.0
Case1008,CenterA,M0,clean single checkpoint raw,existing_clean_oof_held_out_gt,oof_fold4,0,8584,25136,7800,0,9021,"Existing OOF clean MoSAIC evidence: covered once, trained_on_case=false.",0.22312171566538844,0.7932900215218135,0.0,,0.22029996512033484,0.22029996512033484
Case1008,CenterA,M1,clean pathology-specific checkpoint,existing_clean_oof_held_out_gt,oof_fold4,0,8584,25136,7800,0,9021,"Existing OOF clean MoSAIC evidence: covered once, trained_on_case=false.",0.22312171566538844,0.7932900215218135,0.0,,0.22029996512033484,0.22029996512033484
Case1013,CenterA,M0,clean single checkpoint raw,existing_clean_oof_held_out_gt,oof_fold4,0,14768,23614,5562,0,4303,"Existing OOF clean MoSAIC evidence: covered once, trained_on_case=false.",0.2729197316014209,0.7729001174620239,0.0,,0.30208738493452614,0.30208738493452614
Case1013,CenterA,M1,clean pathology-specific checkpoint,existing_clean_oof_held_out_gt,oof_fold4,0,14768,23614,5562,0,4303,"Existing OOF clean MoSAIC evidence: covered once, trained_on_case=false.",0.2729197316014209,0.7729001174620239,0.0,,0.30208738493452614,0.30208738493452614
Case1015,CenterA,M0,clean single checkpoint raw,existing_clean_oof_held_out_gt,oof_fold4,0,4060,8178,5691,0,2039,"Existing OOF clean MoSAIC evidence: covered once, trained_on_case=false.",0.4174128667860587,0.8058865663866641,0.0,,0.46153846153846156,0.46153846153846156
Case1015,CenterA,M1,clean pathology-specific checkpoint,existing_clean_oof_held_out_gt,oof_fold4,0,4060,8178,5691,0,2039,"Existing OOF clean MoSAIC evidence: covered once, trained_on_case=false.",0.4174128667860587,0.8058865663866641,0.0,,0.46153846153846156,0.46153846153846156
Case1017,CenterA,M0,clean single checkpoint raw,existing_clean_oof_held_out_gt,oof_fold4,0,5670,10487,4732,0,2152,"Existing OOF clean MoSAIC evidence: covered once, trained_on_case=false.",0.45707565660525284,0.8137232113802241,0.0,,0.333133971291866,0.333133971291866
Case1017,CenterA,M1,clean pathology-specific checkpoint,existing_clean_oof_held_out_gt,oof_fold4,0,5670,10487,4732,0,2152,"Existing OOF clean MoSAIC evidence: covered once, trained_on_case=false.",0.45707565660525284,0.8137232113802241,0.0,,0.333133971291866,0.333133971291866
Case1032,CenterA,M0,clean single checkpoint raw,existing_clean_oof_held_out_gt,oof_fold4,0,31422,27869,11138,0,13274,"Existing OOF clean MoSAIC evidence: covered once, trained_on_case=false.",0.45135692747182987,0.8224280933210457,0.0,,0.26145336317189544,0.26145336317189544
Case1032,CenterA,M1,clean pathology-specific checkpoint,existing_clean_oof_held_out_gt,oof_fold4,0,31422,27869,11138,0,13274,"Existing OOF clean MoSAIC evidence: covered once, trained_on_case=false.",0.45135692747182987,0.8224280933210457,0.0,,0.26145336317189544,0.26145336317189544
Case1037,CenterA,M0,clean single checkpoint raw,existing_clean_oof_held_out_gt,oof_fold4,0,16189,38486,12886,0,4182,"Existing OOF clean MoSAIC evidence: covered once, trained_on_case=false.",0.3473958165986569,0.8812348325264545,0.0,,0.20850561134081513,0.20850561134081513
Case1037,CenterA,M1,clean pathology-specific checkpoint,existing_clean_oof_held_out_gt,oof_fold4,0,16189,38486,12886,0,4182,"Existing OOF clean MoSAIC evidence: covered once, trained_on_case=false.",0.3473958165986569,0.8812348325264545,0.0,,0.20850561134081513,0.20850561134081513
Case1041,CenterA,M0,clean single checkpoint raw,existing_clean_oof_held_out_gt,oof_fold4,0,7416,18613,7150,0,2236,"Existing OOF clean MoSAIC evidence: covered once, trained_on_case=false.",0.30079838883694165,0.7525872186066361,0.0,,0.016080402010050253,0.016080402010050253
Case1041,CenterA,M1,clean pathology-specific checkpoint,existing_clean_oof_held_out_gt,oof_fold4,0,7416,18613,7150,0,2236,"Existing OOF clean MoSAIC evidence: covered once, trained_on_case=false.",0.30079838883694165,0.7525872186066361,0.0,,0.016080402010050253,0.016080402010050253
Case1046,CenterA,M0,clean single checkpoint raw,existing_clean_oof_held_out_gt,oof_fold4,0,5499,11872,4627,0,1494,"Existing OOF clean MoSAIC evidence: covered once, trained_on_case=false.",0.38932910723718966,0.8011016644713208,0.0,,0.08853754940711463,0.08853754940711463
Case1046,CenterA,M1,clean pathology-specific checkpoint,existing_clean_oof_held_out_gt,oof_fold4,0,5499,11872,4627,0,1494,"Existing OOF clean MoSAIC evidence: covered once, trained_on_case=false.",0.38932910723718966,0.8011016644713208,0.0,,0.08853754940711463,0.08853754940711463
Case1049,CenterA,M0,clean single checkpoint raw,existing_clean_oof_held_out_gt,oof_fold4,0,10258,16602,6289,0,3966,"Existing OOF clean MoSAIC evidence: covered once, trained_on_case=false.",0.11102346677183987,0.504919941775837,0.0,,0.1326530612244898,0.1326530612244898
Case1049,CenterA,M1,clean pathology-specific checkpoint,existing_clean_oof_held_out_gt,oof_fold4,0,10258,16602,6289,0,3966,"Existing OOF clean MoSAIC evidence: covered once, trained_on_case=false.",0.11102346677183987,0.504919941775837,0.0,,0.1326530612244898,0.1326530612244898
Case1052,CenterA,M0,clean single checkpoint raw,existing_clean_oof_held_out_gt,oof_fold4,0,7584,16207,5497,0,1463,"Existing OOF clean MoSAIC evidence: covered once, trained_on_case=false.",0.06860951385258755,0.2378302776004135,0.0,,0.044105854049719326,0.044105854049719326
Case1052,CenterA,M1,clean pathology-specific checkpoint,existing_clean_oof_held_out_gt,oof_fold4,0,7584,16207,5497,0,1463,"Existing OOF clean MoSAIC evidence: covered once, trained_on_case=false.",0.06860951385258755,0.2378302776004135,0.0,,0.044105854049719326,0.044105854049719326
Case1060,CenterA,M0,clean single checkpoint raw,existing_clean_oof_held_out_gt,oof_fold4,0,18888,33176,17923,0,2939,"Existing OOF clean MoSAIC evidence: covered once, trained_on_case=false.",0.16555437160002243,0.6400485400973762,0.0,,0.00040535062829347385,0.00040535062829347385
Case1060,CenterA,M1,clean pathology-specific checkpoint,existing_clean_oof_held_out_gt,oof_fold4,0,18888,33176,17923,0,2939,"Existing OOF clean MoSAIC evidence: covered once, trained_on_case=false.",0.16555437160002243,0.6400485400973762,0.0,,0.00040535062829347385,0.00040535062829347385
Case1064,CenterA,M0,clean single checkpoint raw,existing_clean_oof_held_out_gt,oof_fold4,0,10961,24604,15370,0,7897,"Existing OOF clean MoSAIC evidence: covered once, trained_on_case=false.",0.13533449441655568,0.6389762210512332,0.0,,0.3410186859553948,0.3410186859553948
Case1064,CenterA,M1,clean pathology-specific checkpoint,existing_clean_oof_held_out_gt,oof_fold4,0,10961,24604,15370,0,7897,"Existing OOF clean MoSAIC evidence: covered once, trained_on_case=false.",0.13533449441655568,0.6389762210512332,0.0,,0.3410186859553948,0.3410186859553948
Case1067,CenterA,M0,clean single checkpoint raw,existing_clean_oof_held_out_gt,oof_fold4,0,12611,22732,7848,0,5119,"Existing OOF clean MoSAIC evidence: covered once, trained_on_case=false.",0.1099988314571729,0.5455042821370705,0.0,,0.10081901026646672,0.10081901026646672
Case1067,CenterA,M1,clean pathology-specific checkpoint,existing_clean_oof_held_out_gt,oof_fold4,0,12611,22732,7848,0,5119,"Existing OOF clean MoSAIC evidence: covered once, trained_on_case=false.",0.1099988314571729,0.5455042821370705,0.0,,0.10081901026646672,0.10081901026646672
Case1075,CenterA,M0,clean single checkpoint raw,existing_clean_oof_held_out_gt,oof_fold4,0,18776,33161,11202,0,3136,"Existing OOF clean MoSAIC evidence: covered once, trained_on_case=false.",0.3105206726117315,0.7071523200471043,0.0,,0.1583011583011583,0.1583011583011583
Case1075,CenterA,M1,clean pathology-specific checkpoint,existing_clean_oof_held_out_gt,oof_fold4,0,18776,33161,11202,0,3136,"Existing OOF clean MoSAIC evidence: covered once, trained_on_case=false.",0.3105206726117315,0.7071523200471043,0.0,,0.1583011583011583,0.1583011583011583
Case1076,CenterA,M0,clean single checkpoint raw,existing_clean_oof_held_out_gt,oof_fold4,0,10981,18307,3048,0,5867,"Existing OOF clean MoSAIC evidence: covered once, trained_on_case=false.",0.10747051114023591,0.4363070758198882,0.0,,0.08386787936811872,0.08386787936811872
Case1076,CenterA,M1,clean pathology-specific checkpoint,existing_clean_oof_held_out_gt,oof_fold4,0,10981,18307,3048,0,5867,"Existing OOF clean MoSAIC evidence: covered once, trained_on_case=false.",0.10747051114023591,0.4363070758198882,0.0,,0.08386787936811872,0.08386787936811872
Case1079,CenterA,M0,clean single checkpoint raw,existing_clean_oof_held_out_gt,oof_fold4,0,23446,47679,13001,0,7449,"Existing OOF clean MoSAIC evidence: covered once, trained_on_case=false.",0.04115988384327259,0.10034428728268864,0.0,,0.039234268385140256,0.039234268385140256
Case1079,CenterA,M1,clean pathology-specific checkpoint,existing_clean_oof_held_out_gt,oof_fold4,0,23446,47679,13001,0,7449,"Existing OOF clean MoSAIC evidence: covered once, trained_on_case=false.",0.04115988384327259,0.10034428728268864,0.0,,0.039234268385140256,0.039234268385140256
Case2003,CenterB,M0,clean single checkpoint raw,existing_clean_oof_held_out_gt,oof_fold4,1,3569,2608,2316,0,1372,"Existing OOF clean MoSAIC evidence: covered once, trained_on_case=false.",0.4962922770844637,0.8252506986684202,0.8270249810749433,0.0,0.7243107769423559,0.47753530166880614
Case2003,CenterB,M1,clean pathology-specific checkpoint,existing_clean_oof_held_out_gt,oof_fold4,1,3569,2608,2316,0,1372,"Existing OOF clean MoSAIC evidence: covered once, trained_on_case=false.",0.4962922770844637,0.8252506986684202,0.8270249810749433,0.0,0.7243107769423559,0.47753530166880614
Case2011,CenterB,M0,clean single checkpoint raw,existing_clean_oof_held_out_gt,oof_fold4,1,4037,4549,4856,0,1634,"Existing OOF clean MoSAIC evidence: covered once, trained_on_case=false.",0.5682975767865411,0.8471229145386449,0.8823469073751153,0.0,0.7144333448157079,0.4863199855046204
Case2011,CenterB,M1,clean pathology-specific checkpoint,existing_clean_oof_held_out_gt,oof_fold4,1,4037,4549,4856,0,1634,"Existing OOF clean MoSAIC evidence: covered once, trained_on_case=false.",0.5682975767865411,0.8471229145386449,0.8823469073751153,0.0,0.7144333448157079,0.4863199855046204
Case2013,CenterB,M0,clean single checkpoint raw,existing_clean_oof_held_out_gt,oof_fold4,1,7103,5799,2994,0,1395,"Existing OOF clean MoSAIC evidence: covered once, trained_on_case=false.",0.755524278676988,0.8887294755300494,0.5585127201565557,0.0,0.5393331175137585,0.5123390557939914
Case2013,CenterB,M1,clean pathology-specific checkpoint,existing_clean_oof_held_out_gt,oof_fold4,1,7103,5799,2994,0,1395,"Existing OOF clean MoSAIC evidence: covered once, trained_on_case=false.",0.755524278676988,0.8887294755300494,0.5585127201565557,0.0,0.5393331175137585,0.5123390557939914
Case2015,CenterB,M0,clean single checkpoint raw,existing_clean_oof_held_out_gt,oof_fold4,1,4011,3715,2804,0,2458,"Existing OOF clean MoSAIC evidence: covered once, trained_on_case=false.",0.6465671641791044,0.8755417956656347,0.8176338901325986,0.0,0.7041036717062635,0.5984766050054406
Case2015,CenterB,M1,clean pathology-specific checkpoint,existing_clean_oof_held_out_gt,oof_fold4,1,4011,3715,2804,0,2458,"Existing OOF clean MoSAIC evidence: covered once, trained_on_case=false.",0.6465671641791044,0.8755417956656347,0.8176338901325986,0.0,0.7041036717062635,0.5984766050054406
Case2025,CenterB,M0,clean single checkpoint raw,existing_clean_oof_held_out_gt,oof_fold4,1,5781,6103,6014,0,1924,"Existing OOF clean MoSAIC evidence: covered once, trained_on_case=false.",0.6298840220695867,0.8642766765078026,0.8598653728472768,0.0,0.6849044166117337,0.5288633207696886
Case2025,CenterB,M1,clean pathology-specific checkpoint,existing_clean_oof_held_out_gt,oof_fold4,1,5781,6103,6014,0,1924,"Existing OOF clean MoSAIC evidence: covered once, trained_on_case=false.",0.6298840220695867,0.8642766765078026,0.8598653728472768,0.0,0.6849044166117337,0.5288633207696886
Case2028,CenterB,M0,clean single checkpoint raw,existing_clean_oof_held_out_gt,oof_fold4,1,4855,4207,3297,0,1702,"Existing OOF clean MoSAIC evidence: covered once, trained_on_case=false.",0.7545761921417745,0.9394288346384154,0.8842791524670321,0.0,0.5928462709284628,0.6652429257875067
Case2028,CenterB,M1,clean pathology-specific checkpoint,existing_clean_oof_held_out_gt,oof_fold4,1,4855,4207,3297,0,1702,"Existing OOF clean MoSAIC evidence: covered once, trained_on_case=false.",0.7545761921417745,0.9394288346384154,0.8842791524670321,0.0,0.5928462709284628,0.6652429257875067
Case2035,CenterB,M0,clean single checkpoint raw,existing_clean_oof_held_out_gt,oof_fold4,1,4043,2439,2880,0,1187,"Existing OOF clean MoSAIC evidence: covered once, trained_on_case=false.",0.44948956269998475,0.7244094488188977,0.738456770994732,0.0,0.8016491067338525,0.6218009478672986
Case2035,CenterB,M1,clean pathology-specific checkpoint,existing_clean_oof_held_out_gt,oof_fold4,1,4043,2439,2880,0,1187,"Existing OOF clean MoSAIC evidence: covered once, trained_on_case=false.",0.44948956269998475,0.7244094488188977,0.738456770994732,0.0,0.8016491067338525,0.6218009478672986
Case3001,CenterC,M0,clean single checkpoint raw,existing_clean_oof_held_out_gt,oof_fold4,1,14129,7534,11463,0,1639,"Existing OOF clean MoSAIC evidence: covered once, trained_on_case=false.",0.7729014711336383,0.8926896551724138,0.9219250372107708,0.0,0.5704496788008565,0.3292140385565991
Case3001,CenterC,M1,clean pathology-specific checkpoint,existing_clean_oof_held_out_gt,oof_fold4,1,14129,7534,11463,0,1639,"Existing OOF clean MoSAIC evidence: covered once, trained_on_case=false.",0.7729014711336383,0.8926896551724138,0.9219250372107708,0.0,0.5704496788008565,0.3292140385565991
Case3005,CenterC,M0,clean single checkpoint raw,existing_clean_oof_held_out_gt,oof_fold4,1,9598,9982,10976,0,1820,"Existing OOF clean MoSAIC evidence: covered once, trained_on_case=false.",0.7099294501778322,0.925934861278649,0.9199500495198726,0.0,0.36529041287613717,0.17193675889328064
Case3005,CenterC,M1,clean pathology-specific checkpoint,existing_clean_oof_held_out_gt,oof_fold4,1,9598,9982,10976,0,1820,"Existing OOF clean MoSAIC evidence: covered once, trained_on_case=false.",0.7099294501778322,0.925934861278649,0.9199500495198726,0.0,0.36529041287613717,0.17193675889328064
Case3013,CenterC,M0,clean single checkpoint raw,existing_clean_oof_held_out_gt,oof_fold4,1,8166,6981,9030,0,2454,"Existing OOF clean MoSAIC evidence: covered once, trained_on_case=false.",0.8364718824823659,0.8875094625283876,0.9385811254652945,0.0,0.6819221967963387,0.6770056665672533
Case3013,CenterC,M1,clean pathology-specific checkpoint,existing_clean_oof_held_out_gt,oof_fold4,1,8166,6981,9030,0,2454,"Existing OOF clean MoSAIC evidence: covered once, trained_on_case=false.",0.8364718824823659,0.8875094625283876,0.9385811254652945,0.0,0.6819221967963387,0.6770056665672533
Case3022,CenterC,M0,clean single checkpoint raw,existing_clean_oof_held_out_gt,oof_fold4,1,15475,13179,15490,0,4964,"Existing OOF clean MoSAIC evidence: covered once, trained_on_case=false.",0.8020155936127472,0.9016754695862045,0.9402468490824789,0.0,0.8189734658334187,0.7993264103283749
Case3022,CenterC,M1,clean pathology-specific checkpoint,existing_clean_oof_held_out_gt,oof_fold4,1,15475,13179,15490,0,4964,"Existing OOF clean MoSAIC evidence: covered once, trained_on_case=false.",0.8020155936127472,0.9016754695862045,0.9402468490824789,0.0,0.8189734658334187,0.7993264103283749
Case3031,CenterC,M0,clean single checkpoint raw,existing_clean_oof_held_out_gt,oof_fold4,1,15965,9622,10128,0,6033,"Existing OOF clean MoSAIC evidence: covered once, trained_on_case=false.",0.7691919510502744,0.8851313152078943,0.8767178863025509,0.0,0.7334278959810875,0.7727764373075963
Case3031,CenterC,M1,clean pathology-specific checkpoint,existing_clean_oof_held_out_gt,oof_fold4,1,15965,9622,10128,0,6033,"Existing OOF clean MoSAIC evidence: covered once, trained_on_case=false.",0.7691919510502744,0.8851313152078943,0.8767178863025509,0.0,0.7334278959810875,0.7727764373075963
Case3036,CenterC,M0,clean single checkpoint raw,existing_clean_oof_held_out_gt,oof_fold4,1,11085,8978,8322,0,5711,"Existing OOF clean MoSAIC evidence: covered once, trained_on_case=false.",0.2548044093259194,0.5659697581745728,0.5542750521347821,0.0,0.0,0.00015691197238349287
Case3036,CenterC,M1,clean pathology-specific checkpoint,existing_clean_oof_held_out_gt,oof_fold4,1,11085,8978,8322,0,5711,"Existing OOF clean MoSAIC evidence: covered once, trained_on_case=false.",0.2548044093259194,0.5659697581745728,0.5542750521347821,0.0,0.0,0.00015691197238349287
Case3039,CenterC,M0,clean single checkpoint raw,existing_clean_oof_held_out_gt,oof_fold4,1,7786,9463,8094,0,3368,"Existing OOF clean MoSAIC evidence: covered once, trained_on_case=false.",0.7820739379373719,0.9180133591898297,0.9337962962962963,0.0,0.8084573218480814,0.6825199203187251
Case3039,CenterC,M1,clean pathology-specific checkpoint,existing_clean_oof_held_out_gt,oof_fold4,1,7786,9463,8094,0,3368,"Existing OOF clean MoSAIC evidence: covered once, trained_on_case=false.",0.7820739379373719,0.9180133591898297,0.9337962962962963,0.0,0.8084573218480814,0.6825199203187251
Case3042,CenterC,M0,clean single checkpoint raw,existing_clean_oof_held_out_gt,oof_fold4,1,7955,9898,6797,0,5789,"Existing OOF clean MoSAIC evidence: covered once, trained_on_case=false.",0.721347331583552,0.9315564495851144,0.9130280440184594,0.0,0.8287926584456553,0.8013313257785878
Case3042,CenterC,M1,clean pathology-specific checkpoint,existing_clean_oof_held_out_gt,oof_fold4,1,7955,9898,6797,0,5789,"Existing OOF clean MoSAIC evidence: covered once, trained_on_case=false.",0.721347331583552,0.9315564495851144,0.9130280440184594,0.0,0.8287926584456553,0.8013313257785878
Case3043,CenterC,M0,clean single checkpoint raw,existing_clean_oof_held_out_gt,oof_fold4,1,8035,8054,11877,0,4299,"Existing OOF clean MoSAIC evidence: covered once, trained_on_case=false.",0.7650337727064069,0.8943463507218037,0.9281603069707951,0.0,0.5012831479897348,0.5826517967781908
Case3043,CenterC,M1,clean pathology-specific checkpoint,existing_clean_oof_held_out_gt,oof_fold4,1,8035,8054,11877,0,4299,"Existing OOF clean MoSAIC evidence: covered once, trained_on_case=false.",0.7650337727064069,0.8943463507218037,0.9281603069707951,0.0,0.5012831479897348,0.5826517967781908
Case5003,CenterE,M0,clean single checkpoint raw,existing_clean_oof_held_out_gt,oof_fold4,0,7157,10755,1804,0,1367,"Existing OOF clean MoSAIC evidence: covered once, trained_on_case=false.",0.08669179472310815,0.382280251806948,0.0,,0.06015037593984962,0.06015037593984962
Case5003,CenterE,M1,clean pathology-specific checkpoint,existing_clean_oof_held_out_gt,oof_fold4,0,7157,10755,1804,0,1367,"Existing OOF clean MoSAIC evidence: covered once, trained_on_case=false.",0.08669179472310815,0.382280251806948,0.0,,0.06015037593984962,0.06015037593984962
Case6008,CenterF,M0,clean single checkpoint raw,existing_clean_oof_held_out_gt,oof_fold4,0,12953,14330,6971,0,91,"Existing OOF clean MoSAIC evidence: covered once, trained_on_case=false.",0.3290036304961678,0.6582074770982916,0.0,,0.0,0.0
Case6008,CenterF,M1,clean pathology-specific checkpoint,existing_clean_oof_held_out_gt,oof_fold4,0,12953,14330,6971,0,91,"Existing OOF clean MoSAIC evidence: covered once, trained_on_case=false.",0.3290036304961678,0.6582074770982916,0.0,,0.0,0.0
Case6009,CenterF,M0,clean single checkpoint raw,existing_clean_oof_held_out_gt,oof_fold4,0,5990,10354,3244,0,1706,"Existing OOF clean MoSAIC evidence: covered once, trained_on_case=false.",0.5293035479632063,0.8515269804822043,0.023538441857490086,,0.24957841483979765,0.24957841483979765
Case6009,CenterF,M1,clean pathology-specific checkpoint,existing_clean_oof_held_out_gt,oof_fold4,0,5990,10354,3244,0,1706,"Existing OOF clean MoSAIC evidence: covered once, trained_on_case=false.",0.5293035479632063,0.8515269804822043,0.023538441857490086,,0.24957841483979765,0.24957841483979765
Case7006,CenterG,M0,clean single checkpoint raw,existing_clean_oof_held_out_gt,oof_fold4,0,10581,17718,4924,0,1026,"Existing OOF clean MoSAIC evidence: covered once, trained_on_case=false.",0.6519872087711284,0.7082326405671017,0.7092997072731366,,0.0,0.0
Case7006,CenterG,M1,clean pathology-specific checkpoint,existing_clean_oof_held_out_gt,oof_fold4,0,10581,17718,4924,0,1026,"Existing OOF clean MoSAIC evidence: covered once, trained_on_case=false.",0.6519872087711284,0.7082326405671017,0.7092997072731366,,0.0,0.0
Case7009,CenterG,M0,clean single checkpoint raw,existing_clean_oof_held_out_gt,oof_fold4,0,5272,11553,7536,0,2597,"Existing OOF clean MoSAIC evidence: covered once, trained_on_case=false.",0.7412134301983114,0.9461199593358184,0.8863934119408572,,0.6392579593883179,0.6392579593883179
Case7009,CenterG,M1,clean pathology-specific checkpoint,existing_clean_oof_held_out_gt,oof_fold4,0,5272,11553,7536,0,2597,"Existing OOF clean MoSAIC evidence: covered once, trained_on_case=false.",0.7412134301983114,0.9461199593358184,0.8863934119408572,,0.6392579593883179,0.6392579593883179
Case8001,CenterH,M0,clean single checkpoint raw,existing_clean_oof_held_out_gt,oof_fold4,0,4075,6154,2894,0,620,"Existing OOF clean MoSAIC evidence: covered once, trained_on_case=false.",0.0,0.0,0.0,,0.32786885245901637,0.32786885245901637
Case8001,CenterH,M1,clean pathology-specific checkpoint,existing_clean_oof_held_out_gt,oof_fold4,0,4075,6154,2894,0,620,"Existing OOF clean MoSAIC evidence: covered once, trained_on_case=false.",0.0,0.0,0.0,,0.32786885245901637,0.32786885245901637
Case8007,CenterH,M0,clean single checkpoint raw,existing_clean_oof_held_out_gt,oof_fold4,0,4956,6296,5262,0,1455,"Existing OOF clean MoSAIC evidence: covered once, trained_on_case=false.",0.0,0.0,0.0,,0.659043659043659,0.659043659043659
Case8007,CenterH,M1,clean pathology-specific checkpoint,existing_clean_oof_held_out_gt,oof_fold4,0,4956,6296,5262,0,1455,"Existing OOF clean MoSAIC evidence: covered once, trained_on_case=false.",0.0,0.0,0.0,,0.659043659043659,0.659043659043659
Case8012,CenterH,M0,clean single checkpoint raw,existing_clean_oof_held_out_gt,oof_fold4,0,4538,5877,3603,0,1459,"Existing OOF clean MoSAIC evidence: covered once, trained_on_case=false.",0.0,0.0,0.0,,0.6580214894405335,0.6580214894405335
Case8012,CenterH,M1,clean pathology-specific checkpoint,existing_clean_oof_held_out_gt,oof_fold4,0,4538,5877,3603,0,1459,"Existing OOF clean MoSAIC evidence: covered once, trained_on_case=false.",0.0,0.0,0.0,,0.6580214894405335,0.6580214894405335
Case8014,CenterH,M0,clean single checkpoint raw,existing_clean_oof_held_out_gt,oof_fold4,0,3561,5133,3663,0,439,"Existing OOF clean MoSAIC evidence: covered once, trained_on_case=false.",0.0,0.0,0.0,,0.12223071046600459,0.12223071046600459
Case8014,CenterH,M1,clean pathology-specific checkpoint,existing_clean_oof_held_out_gt,oof_fold4,0,3561,5133,3663,0,439,"Existing OOF clean MoSAIC evidence: covered once, trained_on_case=false.",0.0,0.0,0.0,,0.12223071046600459,0.12223071046600459
Case8026,CenterH,M0,clean single checkpoint raw,existing_clean_oof_held_out_gt,oof_fold4,0,3778,5263,5157,0,1726,"Existing OOF clean MoSAIC evidence: covered once, trained_on_case=false.",0.0,0.0,0.0,,0.5228758169934641,0.5228758169934641
Case8026,CenterH,M1,clean pathology-specific checkpoint,existing_clean_oof_held_out_gt,oof_fold4,0,3778,5263,5157,0,1726,"Existing OOF clean MoSAIC evidence: covered once, trained_on_case=false.",0.0,0.0,0.0,,0.5228758169934641,0.5228758169934641
Case8030,CenterH,M0,clean single checkpoint raw,existing_clean_oof_held_out_gt,oof_fold4,0,3615,5144,4974,0,1200,"Existing OOF clean MoSAIC evidence: covered once, trained_on_case=false.",0.0,0.0,0.0,,0.6942355889724311,0.6942355889724311
Case8030,CenterH,M1,clean pathology-specific checkpoint,existing_clean_oof_held_out_gt,oof_fold4,0,3615,5144,4974,0,1200,"Existing OOF clean MoSAIC evidence: covered once, trained_on_case=false.",0.0,0.0,0.0,,0.6942355889724311,0.6942355889724311
Case8035,CenterH,M0,clean single checkpoint raw,existing_clean_oof_held_out_gt,oof_fold4,0,3555,6728,1615,0,2382,"Existing OOF clean MoSAIC evidence: covered once, trained_on_case=false.",0.0,0.0,0.0,,0.5944676409185804,0.5944676409185804
Case8035,CenterH,M1,clean pathology-specific checkpoint,existing_clean_oof_held_out_gt,oof_fold4,0,3555,6728,1615,0,2382,"Existing OOF clean MoSAIC evidence: covered once, trained_on_case=false.",0.0,0.0,0.0,,0.5944676409185804,0.5944676409185804
Case2002,CenterB,M2,full-data single checkpoint fine-scar neutral-threshold,gpu_full_weight_recipe_on_train_cases_trained_on_case_true,full_data_downloaded_weights,1,0,1092,0,77154,1104,"Full-data weights are recipe-mechanism evidence, not fair validation evidence.",0.0,0.43213296398891965,0.0,0.08053641273980257,0.8155867693701858,0.10838510067438543
Case2002,CenterB,M3,coarse only,gpu_full_weight_recipe_on_train_cases_trained_on_case_true,full_data_downloaded_weights,1,9510,5265,6882,0,0,"Full-data weights are recipe-mechanism evidence, not fair validation evidence.",0.30951337132836476,0.6886311910696868,0.6189214758751183,0.0,0.0,0.0
Case2002,CenterB,M4,coarse plus fine scar,gpu_full_weight_recipe_on_train_cases_trained_on_case_true,full_data_downloaded_weights,1,0,0,0,25912,1146,"Full-data weights are recipe-mechanism evidence, not fair validation evidence.",0.0,0.0,0.0,0.21500017068924315,0.8145842596709649,0.2796905713017564
Case2002,CenterB,M5,coarse plus edema,gpu_full_weight_recipe_on_train_cases_trained_on_case_true,full_data_downloaded_weights,1,3856,4159,4961,10149,0,"Full-data weights are recipe-mechanism evidence, not fair validation evidence.",0.46635367762128327,0.6459795591675902,0.603537981269511,0.4477457501847746,0.0,0.5637941638761703
Case2002,CenterB,M6,ensemble no TTA neutral-threshold,gpu_full_weight_recipe_on_train_cases_trained_on_case_true,full_data_downloaded_weights,1,3783,4172,5223,9189,1260,"Full-data weights are recipe-mechanism evidence, not fair validation evidence.",0.4811553363860514,0.6483894762724367,0.5846706318033891,0.44630071599045346,0.8201438848920863,0.5542087993035559
Case2002,CenterB,M7,ensemble plus TTA neutral-threshold,gpu_full_weight_recipe_on_train_cases_trained_on_case_true,full_data_downloaded_weights,1,4016,4309,5548,8398,1104,"Full-data weights are recipe-mechanism evidence, not fair validation evidence.",0.46794112671290816,0.6523999516382541,0.6160675617150282,0.4786484421427965,0.8155867693701858,0.577005577005577
Case2002,CenterB,M8,class thresholds,gpu_full_weight_recipe_on_train_cases_trained_on_case_true,full_data_downloaded_weights,1,3485,4091,5247,9834,1146,"Full-data weights are recipe-mechanism evidence, not fair validation evidence.",0.49368029739776953,0.6407549981373402,0.6010072747621712,0.4455542943624669,0.8145842596709649,0.543067770305225
Case2002,CenterB,M9,postprocess,gpu_full_weight_recipe_on_train_cases_trained_on_case_true,full_data_downloaded_weights,1,3485,4091,5247,9834,1146,"Full-data weights are recipe-mechanism evidence, not fair validation evidence.",0.49368029739776953,0.6407549981373402,0.6010072747621712,0.4455542943624669,0.8145842596709649,0.543067770305225
Case2002,CenterB,M10,exact final local recipe,gpu_full_weight_recipe_on_train_cases_trained_on_case_true,full_data_downloaded_weights,1,3496,4091,5263,9003,1146,"Full-data weights are recipe-mechanism evidence, not fair validation evidence.",0.49304396215915414,0.6407549981373402,0.6023907943246565,0.4635012919896641,0.8145842596709649,0.5637941638761703
Case2017,CenterB,M2,full-data single checkpoint fine-scar neutral-threshold,gpu_full_weight_recipe_on_train_cases_trained_on_case_true,full_data_downloaded_weights,1,0,402,0,91300,1782,"Full-data weights are recipe-mechanism evidence, not fair validation evidence.",0.0,0.06772162668027905,0.0,0.08714819999582123,0.8429411764705882,0.12187001876475455
Case2017,CenterB,M3,coarse only,gpu_full_weight_recipe_on_train_cases_trained_on_case_true,full_data_downloaded_weights,1,12333,10729,8512,0,0,"Full-data weights are recipe-mechanism evidence, not fair validation evidence.",0.5637045250541212,0.9030388116480231,0.7712131442718884,0.0,0.0,0.0
Case2017,CenterB,M4,coarse plus fine scar,gpu_full_weight_recipe_on_train_cases_trained_on_case_true,full_data_downloaded_weights,1,0,0,0,36198,1841,"Full-data weights are recipe-mechanism evidence, not fair validation evidence.",0.0,0.0,0.0,0.1930576070901034,0.8407054061867592,0.2637537149209374
Case2017,CenterB,M5,coarse plus edema,gpu_full_weight_recipe_on_train_cases_trained_on_case_true,full_data_downloaded_weights,1,4733,9192,4315,12961,0,"Full-data weights are recipe-mechanism evidence, not fair validation evidence.",0.6148690360702002,0.8553348909657321,0.5932965009208103,0.41799459241787956,0.0,0.5527077522235672
Case2017,CenterB,M6,ensemble no TTA neutral-threshold,gpu_full_weight_recipe_on_train_cases_trained_on_case_true,full_data_downloaded_weights,1,5548,9462,6646,10755,2024,"Full-data weights are recipe-mechanism evidence, not fair validation evidence.",0.6592068454829686,0.8752762563659076,0.7329309694454923,0.42248138630822957,0.7946183415705657,0.5575216536479091
Case2017,CenterB,M7,ensemble plus TTA neutral-threshold,gpu_full_weight_recipe_on_train_cases_trained_on_case_true,full_data_downloaded_weights,1,5471,9605,6699,11063,1782,"Full-data weights are recipe-mechanism evidence, not fair validation evidence.",0.6541359609174464,0.8738846208903946,0.7396453411867911,0.4396512754278334,0.8429411764705882,0.5583267143235372
Case2017,CenterB,M8,class thresholds,gpu_full_weight_recipe_on_train_cases_trained_on_case_true,full_data_downloaded_weights,1,5006,9114,6402,12929,1841,"Full-data weights are recipe-mechanism evidence, not fair validation evidence.",0.6469169824319669,0.8558584970194469,0.7309411314008428,0.41092732407354043,0.8407054061867592,0.5244593945218645
Case2017,CenterB,M9,postprocess,gpu_full_weight_recipe_on_train_cases_trained_on_case_true,full_data_downloaded_weights,1,5006,9114,6402,12923,1791,"Full-data weights are recipe-mechanism evidence, not fair validation evidence.",0.6469169824319669,0.8558584970194469,0.7309411314008428,0.41106947247045256,0.853036080962159,0.5234653560759371
Case2017,CenterB,M10,exact final local recipe,gpu_full_weight_recipe_on_train_cases_trained_on_case_true,full_data_downloaded_weights,1,5092,9128,6586,11118,1791,"Full-data weights are recipe-mechanism evidence, not fair validation evidence.",0.646264318686955,0.856640625,0.7227060456897639,0.4323037323037323,0.853036080962159,0.5515858356641511
Case3004,CenterC,M2,full-data single checkpoint fine-scar neutral-threshold,gpu_full_weight_recipe_on_train_cases_trained_on_case_true,full_data_downloaded_weights,1,0,1255,0,100560,1309,"Full-data weights are recipe-mechanism evidence, not fair validation evidence.",0.0,0.4968304278922345,0.0,0.018684611228449336,0.7627118644067796,0.043896116365032885
Case3004,CenterC,M3,coarse only,gpu_full_weight_recipe_on_train_cases_trained_on_case_true,full_data_downloaded_weights,1,8229,4142,14081,0,0,"Full-data weights are recipe-mechanism evidence, not fair validation evidence.",0.7054607997706751,0.9068683049779458,0.8852206448772972,0.0,0.0,0.0
Case3004,CenterC,M4,coarse plus fine scar,gpu_full_weight_recipe_on_train_cases_trained_on_case_true,full_data_downloaded_weights,1,0,0,0,29693,1354,"Full-data weights are recipe-mechanism evidence, not fair validation evidence.",0.0,0.0,0.0,0.06065700982928091,0.7600831600831601,0.13716137161371614
Case3004,CenterC,M5,coarse plus edema,gpu_full_weight_recipe_on_train_cases_trained_on_case_true,full_data_downloaded_weights,1,4938,3131,12523,5591,0,"Full-data weights are recipe-mechanism evidence, not fair validation evidence.",0.7708899934352433,0.8529751588677065,0.8670583200404622,0.3451508936419572,0.0,0.5641741779865431
Case3004,CenterC,M6,ensemble no TTA neutral-threshold,gpu_full_weight_recipe_on_train_cases_trained_on_case_true,full_data_downloaded_weights,1,4412,3150,13399,4225,1589,"Full-data weights are recipe-mechanism evidence, not fair validation evidence.",0.7469665581532998,0.8431513754861011,0.8651943263478686,0.27912087912087913,0.7303030303030303,0.5432098765432098
Case3004,CenterC,M7,ensemble plus TTA neutral-threshold,gpu_full_weight_recipe_on_train_cases_trained_on_case_true,full_data_downloaded_weights,1,4641,3385,13712,3747,1309,"Full-data weights are recipe-mechanism evidence, not fair validation evidence.",0.7736831950607757,0.8696015603232098,0.8763200951955972,0.3436370935367322,0.7627118644067796,0.593843639335331
Case3004,CenterC,M8,class thresholds,gpu_full_weight_recipe_on_train_cases_trained_on_case_true,full_data_downloaded_weights,1,4395,3196,13561,4363,1354,"Full-data weights are recipe-mechanism evidence, not fair validation evidence.",0.7596837944664032,0.8524824724567177,0.8722186904005086,0.31475526973919254,0.7600831600831601,0.5552917655879045
Case3004,CenterC,M9,postprocess,gpu_full_weight_recipe_on_train_cases_trained_on_case_true,full_data_downloaded_weights,1,4395,3196,13561,4362,1354,"Full-data weights are recipe-mechanism evidence, not fair validation evidence.",0.7596837944664032,0.8524824724567177,0.8722186904005086,0.31481150616401643,0.7600831600831601,0.5553611597100725
Case3004,CenterC,M10,exact final local recipe,gpu_full_weight_recipe_on_train_cases_trained_on_case_true,full_data_downloaded_weights,1,4395,3202,13621,4250,1354,"Full-data weights are recipe-mechanism evidence, not fair validation evidence.",0.7596837944664032,0.8534667619728378,0.872728629528749,0.3212397447584321,0.7600831600831601,0.5632446134347275
Case3034,CenterC,M2,full-data single checkpoint fine-scar neutral-threshold,gpu_full_weight_recipe_on_train_cases_trained_on_case_true,full_data_downloaded_weights,1,0,1665,0,105280,2765,"Full-data weights are recipe-mechanism evidence, not fair validation evidence.",0.0,0.31109865470852016,0.0,0.024301974535431002,0.8322956416951195,0.06435142470686242
Case3034,CenterC,M3,coarse only,gpu_full_weight_recipe_on_train_cases_trained_on_case_true,full_data_downloaded_weights,1,12176,8870,8479,0,0,"Full-data weights are recipe-mechanism evidence, not fair validation evidence.",0.6707631932252401,0.915852364732816,0.8998282092293111,0.0,0.0,0.0
Case3034,CenterC,M4,coarse plus fine scar,gpu_full_weight_recipe_on_train_cases_trained_on_case_true,full_data_downloaded_weights,1,0,0,0,30899,2835,"Full-data weights are recipe-mechanism evidence, not fair validation evidence.",0.0,0.0,0.0,0.07987111565511044,0.8259061200237671,0.1924127953705192
Case3034,CenterC,M5,coarse plus edema,gpu_full_weight_recipe_on_train_cases_trained_on_case_true,full_data_downloaded_weights,1,6787,7464,8100,7551,0,"Full-data weights are recipe-mechanism evidence, not fair validation evidence.",0.7050153824139658,0.878143367872508,0.8715307235486608,0.2992496360174712,0.0,0.6362738939244369
Case3034,CenterC,M6,ensemble no TTA neutral-threshold,gpu_full_weight_recipe_on_train_cases_trained_on_case_true,full_data_downloaded_weights,1,5883,7383,8374,4995,3065,"Full-data weights are recipe-mechanism evidence, not fair validation evidence.",0.6902776715367551,0.8673730361709902,0.8940152598950882,0.3825513886709556,0.7967418071604471,0.6009268795056643
Case3034,CenterC,M7,ensemble plus TTA neutral-threshold,gpu_full_weight_recipe_on_train_cases_trained_on_case_true,full_data_downloaded_weights,1,6324,7831,8452,4239,2765,"Full-data weights are recipe-mechanism evidence, not fair validation evidence.",0.729909723249963,0.8927089508002372,0.8994897353743918,0.43581983265088126,0.8322956416951195,0.6627029067572668
Case3034,CenterC,M8,class thresholds,gpu_full_weight_recipe_on_train_cases_trained_on_case_true,full_data_downloaded_weights,1,5950,7626,8435,4839,2835,"Full-data weights are recipe-mechanism evidence, not fair validation evidence.",0.7191780821917808,0.8808880888088809,0.8986161430183525,0.4014798134148303,0.8259061200237671,0.6298597550150896
Case3034,CenterC,M9,postprocess,gpu_full_weight_recipe_on_train_cases_trained_on_case_true,full_data_downloaded_weights,1,5950,7626,8435,4801,2835,"Full-data weights are recipe-mechanism evidence, not fair validation evidence.",0.7191780821917808,0.8808880888088809,0.8986161430183525,0.4039488590386794,0.8259061200237671,0.6319914499465622
Case3034,CenterC,M10,exact final local recipe,gpu_full_weight_recipe_on_train_cases_trained_on_case_true,full_data_downloaded_weights,1,6014,7653,8435,4702,2835,"Full-data weights are recipe-mechanism evidence, not fair validation evidence.",0.7243259618297485,0.8818595734483585,0.8986161430183525,0.4105263157894737,0.8259061200237671,0.6376134423578039
Case1001,CenterA,M2,full-data single checkpoint fine-scar neutral-threshold,gpu_full_weight_recipe_on_train_cases_trained_on_case_true,full_data_downloaded_weights,0,0,11,18,151182,1109,"Full-data weights are recipe-mechanism evidence, not fair validation evidence.",0.0,0.001198191819617668,0.0,,0.754248966467616,0.013928103339223652
Case1001,CenterA,M3,coarse only,gpu_full_weight_recipe_on_train_cases_trained_on_case_true,full_data_downloaded_weights,0,10315,17867,9340,0,0,"Full-data weights are recipe-mechanism evidence, not fair validation evidence.",0.5850224541813327,0.8725184305712786,0.0,,0.0,0.0
Case1001,CenterA,M4,coarse plus fine scar,gpu_full_weight_recipe_on_train_cases_trained_on_case_true,full_data_downloaded_weights,0,0,0,0,43539,1158,"Full-data weights are recipe-mechanism evidence, not fair validation evidence.",0.0,0.0,1.0,,0.7493261455525606,0.04636731126406643
Case1001,CenterA,M5,coarse plus edema,gpu_full_weight_recipe_on_train_cases_trained_on_case_true,full_data_downloaded_weights,0,8270,7911,1438,19552,0,"Full-data weights are recipe-mechanism evidence, not fair validation evidence.",0.5560867456523245,0.5334145691329347,0.0,,0.0,0.08205625606207566
Case1001,CenterA,M6,ensemble no TTA neutral-threshold,gpu_full_weight_recipe_on_train_cases_trained_on_case_true,full_data_downloaded_weights,0,7281,10046,4957,16219,1130,"Full-data weights are recipe-mechanism evidence, not fair validation evidence.",0.5773579291877418,0.6303000422594731,0.0,,0.6897179253867152,0.1032741488841831
Case1001,CenterA,M7,ensemble plus TTA neutral-threshold,gpu_full_weight_recipe_on_train_cases_trained_on_case_true,full_data_downloaded_weights,0,7258,10709,4862,15312,1109,"Full-data weights are recipe-mechanism evidence, not fair validation evidence.",0.5905670218314581,0.656182249905365,0.0,,0.754248966467616,0.11161301389444794
Case1001,CenterA,M8,class thresholds,gpu_full_weight_recipe_on_train_cases_trained_on_case_true,full_data_downloaded_weights,0,6781,7904,4036,20093,1158,"Full-data weights are recipe-mechanism evidence, not fair validation evidence.",0.5772558714462299,0.5414032147482288,0.0,,0.7493261455525606,0.08987857878937229
Case1001,CenterA,M9,postprocess,gpu_full_weight_recipe_on_train_cases_trained_on_case_true,full_data_downloaded_weights,0,6781,7904,4036,20091,1100,"Full-data weights are recipe-mechanism evidence, not fair validation evidence.",0.5772558714462299,0.5414032147482288,0.0,,0.7453874538745388,0.08778471629453255
Case1001,CenterA,M10,exact final local recipe,gpu_full_weight_recipe_on_train_cases_trained_on_case_true,full_data_downloaded_weights,0,6820,7905,4721,18624,1100,"Full-data weights are recipe-mechanism evidence, not fair validation evidence.",0.5755218362474005,0.5414587697581413,0.0,,0.7453874538745388,0.09397845325125048
Case1015,CenterA,M2,full-data single checkpoint fine-scar neutral-threshold,gpu_full_weight_recipe_on_train_cases_trained_on_case_true,full_data_downloaded_weights,0,0,1062,0,187418,2619,"Full-data weights are recipe-mechanism evidence, not fair validation evidence.",0.0,0.1433391820758537,1.0,,0.7,0.01898278935462686
Case1015,CenterA,M3,coarse only,gpu_full_weight_recipe_on_train_cases_trained_on_case_true,full_data_downloaded_weights,0,10581,16752,10972,0,0,"Full-data weights are recipe-mechanism evidence, not fair validation evidence.",0.6256571394041937,0.8737380359250033,0.0,,0.0,0.0
Case1015,CenterA,M4,coarse plus fine scar,gpu_full_weight_recipe_on_train_cases_trained_on_case_true,full_data_downloaded_weights,0,0,0,0,46632,2722,"Full-data weights are recipe-mechanism evidence, not fair validation evidence.",0.0,0.0,1.0,,0.696896324014968,0.07116756228627259
Case1015,CenterA,M5,coarse plus edema,gpu_full_weight_recipe_on_train_cases_trained_on_case_true,full_data_downloaded_weights,0,7433,4973,2205,25496,0,"Full-data weights are recipe-mechanism evidence, not fair validation evidence.",0.5818968733676592,0.37492658444124083,0.0,,0.0,0.08646630303474027
Case1015,CenterA,M6,ensemble no TTA neutral-threshold,gpu_full_weight_recipe_on_train_cases_trained_on_case_true,full_data_downloaded_weights,0,6022,6561,4481,23609,2738,"Full-data weights are recipe-mechanism evidence, not fair validation evidence.",0.6271893244370309,0.5008613476399074,0.0,,0.6330335599912261,0.10913092871343369
Case1015,CenterA,M7,ensemble plus TTA neutral-threshold,gpu_full_weight_recipe_on_train_cases_trained_on_case_true,full_data_downloaded_weights,0,6381,6588,5402,21527,2619,"Full-data weights are recipe-mechanism evidence, not fair validation evidence.",0.6745485464410074,0.5102241447109713,0.0,,0.7,0.12531289713867602
Case1015,CenterA,M8,class thresholds,gpu_full_weight_recipe_on_train_cases_trained_on_case_true,full_data_downloaded_weights,0,5600,4588,4584,26155,2722,"Full-data weights are recipe-mechanism evidence, not fair validation evidence.",0.6476486860304288,0.37952464020933274,0.0,,0.696896324014968,0.10899732881620952
Case1015,CenterA,M9,postprocess,gpu_full_weight_recipe_on_train_cases_trained_on_case_true,full_data_downloaded_weights,0,5600,4588,4584,26152,1931,"Full-data weights are recipe-mechanism evidence, not fair validation evidence.",0.6476486860304288,0.37952464020933274,0.0,,0.6359275053304904,0.085741037988229
Case1015,CenterA,M10,exact final local recipe,gpu_full_weight_recipe_on_train_cases_trained_on_case_true,full_data_downloaded_weights,0,5602,4588,5249,23663,1931,"Full-data weights are recipe-mechanism evidence, not fair validation evidence.",0.6475367329299914,0.37952464020933274,0.0,,0.6359275053304904,0.0935254422761262
