case_id,split,artifact,path,exists,sha256,prior_source,teacher_source_fold
Case1001,train,teacher_mask_path,/users/a/e/aereinh/CARE/data/nnUNet/nnUNet_results/Dataset501_CAREMyoPS/nnUNetTrainer_500epochs__nnUNetPlans__3d_fullres/fold_1/validation/Case1001.nii.gz,True,532da11dc10cdc7b703be9af1cf8ce723587f1a711746f1300dd3acc95e51100,nnunet_oof5_validation_teacher,1
Case1001,train,teacher_softmax_path,/users/a/e/aereinh/CARE/data/nnUNet/nnUNet_results/Dataset501_CAREMyoPS/nnUNetTrainer_500epochs__nnUNetPlans__3d_fullres/fold_1/validation/Case1001.npz,True,468bdd4e8bee3f49a12992c5c2f27b5e7578c13343b9c20b9174fbed394d417e,nnunet_oof5_validation_teacher,1
Case1003,train,teacher_mask_path,/users/a/e/aereinh/CARE/data/nnUNet/nnUNet_results/Dataset501_CAREMyoPS/nnUNetTrainer_500epochs__nnUNetPlans__3d_fullres/fold_1/validation/Case1003.nii.gz,True,7c6f6c3057af186137c0f7a4baddf4b708053779779cc129c942f18ac07a093a,nnunet_oof5_validation_teacher,1
Case1003,train,teacher_softmax_path,/users/a/e/aereinh/CARE/data/nnUNet/nnUNet_results/Dataset501_CAREMyoPS/nnUNetTrainer_500epochs__nnUNetPlans__3d_fullres/fold_1/validation/Case1003.npz,True,2e578eff44eb4db07b1c6aad926424f855543b1567a767196205867cb064c1ef,nnunet_oof5_validation_teacher,1
Case1004,train,teacher_mask_path,/users/a/e/aereinh/CARE/data/nnUNet/nnUNet_results/Dataset501_CAREMyoPS/nnUNetTrainer_500epochs__nnUNetPlans__3d_fullres/fold_1/validation/Case1004.nii.gz,True,def4d691e0a8a3bc5a830e49d28696cf24fe11e3b3778687e1cb79162fc6f1a6,nnunet_oof5_validation_teacher,1
Case1004,train,teacher_softmax_path,/users/a/e/aereinh/CARE/data/nnUNet/nnUNet_results/Dataset501_CAREMyoPS/nnUNetTrainer_500epochs__nnUNetPlans__3d_fullres/fold_1/validation/Case1004.npz,True,SKIPPED_LARGE_FILE_HASH_USE_SOURCE_MANIFEST,nnunet_oof5_validation_teacher,1
Case1005,train,teacher_mask_path,/users/a/e/aereinh/CARE/data/nnUNet/nnUNet_results/Dataset501_CAREMyoPS/nnUNetTrainer_500epochs__nnUNetPlans__3d_fullres/fold_1/validation/Case1005.nii.gz,True,ecfbb7070297f384d2523a881abc13ba3104d2fa662beed24c07ee7291c9e35d,nnunet_oof5_validation_teacher,1
Case1005,train,teacher_softmax_path,/users/a/e/aereinh/CARE/data/nnUNet/nnUNet_results/Dataset501_CAREMyoPS/nnUNetTrainer_500epochs__nnUNetPlans__3d_fullres/fold_1/validation/Case1005.npz,True,b5e0dbcf0f3edc8aea350fa81dfd2a49dacb30ba1eec5376a95fa4cb47af1070,nnunet_oof5_validation_teacher,1
Case1006,train,teacher_mask_path,/users/a/e/aereinh/CARE/data/nnUNet/nnUNet_results/Dataset501_CAREMyoPS/nnUNetTrainer_500epochs__nnUNetPlans__3d_fullres/fold_1/validation/Case1006.nii.gz,True,35a9e27fb8b3c06ac073c9b3f668d77a370b3e40c0c73f312a9c63cf7879f69e,nnunet_oof5_validation_teacher,1
Case1006,train,teacher_softmax_path,/users/a/e/aereinh/CARE/data/nnUNet/nnUNet_results/Dataset501_CAREMyoPS/nnUNetTrainer_500epochs__nnUNetPlans__3d_fullres/fold_1/validation/Case1006.npz,True,SKIPPED_LARGE_FILE_HASH_USE_SOURCE_MANIFEST,nnunet_oof5_validation_teacher,1
Case1008,train,teacher_mask_path,/users/a/e/aereinh/CARE/data/nnUNet/nnUNet_results/Dataset501_CAREMyoPS/nnUNetTrainer_500epochs__nnUNetPlans__3d_fullres/fold_4/validation/Case1008.nii.gz,True,0687b99133fd25a6865afc32482a690f1ec095a8b4bbac9cf879234ab6c745a4,nnunet_oof5_validation_teacher,4
Case1008,train,teacher_softmax_path,/users/a/e/aereinh/CARE/data/nnUNet/nnUNet_results/Dataset501_CAREMyoPS/nnUNetTrainer_500epochs__nnUNetPlans__3d_fullres/fold_4/validation/Case1008.npz,True,SKIPPED_LARGE_FILE_HASH_USE_SOURCE_MANIFEST,nnunet_oof5_validation_teacher,4
Case1011,train,teacher_mask_path,/users/a/e/aereinh/CARE/data/nnUNet/nnUNet_results/Dataset501_CAREMyoPS/nnUNetTrainer_500epochs__nnUNetPlans__3d_fullres/fold_3/validation/Case1011.nii.gz,True,3c9c30bb7514189c1ef38554e16f5b784d5b1b9789ed995616481d9658e73d65,nnunet_oof5_validation_teacher,3
Case1011,train,teacher_softmax_path,/users/a/e/aereinh/CARE/data/nnUNet/nnUNet_results/Dataset501_CAREMyoPS/nnUNetTrainer_500epochs__nnUNetPlans__3d_fullres/fold_3/validation/Case1011.npz,True,b84d5a5718a4fa4dc7b69863bfc38ad6961e696e3a93a33972a5a9adbc49044f,nnunet_oof5_validation_teacher,3
Case1012,train,teacher_mask_path,/users/a/e/aereinh/CARE/data/nnUNet/nnUNet_results/Dataset501_CAREMyoPS/nnUNetTrainer_500epochs__nnUNetPlans__3d_fullres/fold_2/validation/Case1012.nii.gz,True,45a3248b6d4c14a240659e0ed5d2a381bf968c34753aeaa2ee30e565c9336bc1,nnunet_oof5_validation_teacher,2
Case1012,train,teacher_softmax_path,/users/a/e/aereinh/CARE/data/nnUNet/nnUNet_results/Dataset501_CAREMyoPS/nnUNetTrainer_500epochs__nnUNetPlans__3d_fullres/fold_2/validation/Case1012.npz,True,b46b9268d64e36def58d5894665d2e413084bcb0b194b794c70e4ebf32257594,nnunet_oof5_validation_teacher,2
Case1013,train,teacher_mask_path,/users/a/e/aereinh/CARE/data/nnUNet/nnUNet_results/Dataset501_CAREMyoPS/nnUNetTrainer_500epochs__nnUNetPlans__3d_fullres/fold_4/validation/Case1013.nii.gz,True,b7ec6531ed5d791be45f5f6a081026603cf29a98e5e8a8a85d60968657ec973b,nnunet_oof5_validation_teacher,4
Case1013,train,teacher_softmax_path,/users/a/e/aereinh/CARE/data/nnUNet/nnUNet_results/Dataset501_CAREMyoPS/nnUNetTrainer_500epochs__nnUNetPlans__3d_fullres/fold_4/validation/Case1013.npz,True,SKIPPED_LARGE_FILE_HASH_USE_SOURCE_MANIFEST,nnunet_oof5_validation_teacher,4
Case1014,train,teacher_mask_path,/users/a/e/aereinh/CARE/data/nnUNet/nnUNet_results/Dataset501_CAREMyoPS/nnUNetTrainer_500epochs__nnUNetPlans__3d_fullres/fold_2/validation/Case1014.nii.gz,True,e60c60efb8c736264b95643ecbd2b50379c5cee2ffdf40f419a7bc1062db353b,nnunet_oof5_validation_teacher,2
Case1014,train,teacher_softmax_path,/users/a/e/aereinh/CARE/data/nnUNet/nnUNet_results/Dataset501_CAREMyoPS/nnUNetTrainer_500epochs__nnUNetPlans__3d_fullres/fold_2/validation/Case1014.npz,True,c1d3ef30860958520a67365c359528e7d74b2e1f7dc36798103552c3e5655b66,nnunet_oof5_validation_teacher,2
Case1015,train,teacher_mask_path,/users/a/e/aereinh/CARE/data/nnUNet/nnUNet_results/Dataset501_CAREMyoPS/nnUNetTrainer_500epochs__nnUNetPlans__3d_fullres/fold_4/validation/Case1015.nii.gz,True,441515e624a482032a635c61d9e23208699a33783759debd0017ecd783744a9c,nnunet_oof5_validation_teacher,4
Case1015,train,teacher_softmax_path,/users/a/e/aereinh/CARE/data/nnUNet/nnUNet_results/Dataset501_CAREMyoPS/nnUNetTrainer_500epochs__nnUNetPlans__3d_fullres/fold_4/validation/Case1015.npz,True,e92280fd3473257be0eb45d8d16a0976d6a41b52ae976b7e26fe3bb04d7efc5a,nnunet_oof5_validation_teacher,4
Case1016,train,teacher_mask_path,/users/a/e/aereinh/CARE/data/nnUNet/nnUNet_results/Dataset501_CAREMyoPS/nnUNetTrainer_500epochs__nnUNetPlans__3d_fullres/fold_2/validation/Case1016.nii.gz,True,48f7fd75bee9c45b0cae3c773040433b3bb21c037ee9dcd6e75dba725e1cf868,nnunet_oof5_validation_teacher,2
Case1016,train,teacher_softmax_path,/users/a/e/aereinh/CARE/data/nnUNet/nnUNet_results/Dataset501_CAREMyoPS/nnUNetTrainer_500epochs__nnUNetPlans__3d_fullres/fold_2/validation/Case1016.npz,True,SKIPPED_LARGE_FILE_HASH_USE_SOURCE_MANIFEST,nnunet_oof5_validation_teacher,2
Case1017,train,teacher_mask_path,/users/a/e/aereinh/CARE/data/nnUNet/nnUNet_results/Dataset501_CAREMyoPS/nnUNetTrainer_500epochs__nnUNetPlans__3d_fullres/fold_4/validation/Case1017.nii.gz,True,6d38f973360b1a1f283ac884875d60f3783215d56d617debbaa99bbd28989414,nnunet_oof5_validation_teacher,4
Case1017,train,teacher_softmax_path,/users/a/e/aereinh/CARE/data/nnUNet/nnUNet_results/Dataset501_CAREMyoPS/nnUNetTrainer_500epochs__nnUNetPlans__3d_fullres/fold_4/validation/Case1017.npz,True,50cd07d040e3a95ccee482ee2744102e67b71030db1884b4f939c650c455c6e3,nnunet_oof5_validation_teacher,4
Case1018,train,teacher_mask_path,/users/a/e/aereinh/CARE/data/nnUNet/nnUNet_results/Dataset501_CAREMyoPS/nnUNetTrainer_500epochs__nnUNetPlans__3d_fullres/fold_3/validation/Case1018.nii.gz,True,23476544e744ae43d2cf6f473557924c78f3b250bccf2b02accfc1b9d3a51b09,nnunet_oof5_validation_teacher,3
Case1018,train,teacher_softmax_path,/users/a/e/aereinh/CARE/data/nnUNet/nnUNet_results/Dataset501_CAREMyoPS/nnUNetTrainer_500epochs__nnUNetPlans__3d_fullres/fold_3/validation/Case1018.npz,True,5673ad12764871ff0be07d2b6d06c9ea10184365b269cdab7c593b82381ca256,nnunet_oof5_validation_teacher,3
Case1019,train,teacher_mask_path,/users/a/e/aereinh/CARE/data/nnUNet/nnUNet_results/Dataset501_CAREMyoPS/nnUNetTrainer_500epochs__nnUNetPlans__3d_fullres/fold_3/validation/Case1019.nii.gz,True,2005e810bbf7d99b031379e6893d2b83f206ef562ab8fef606befad98116717f,nnunet_oof5_validation_teacher,3
Case1019,train,teacher_softmax_path,/users/a/e/aereinh/CARE/data/nnUNet/nnUNet_results/Dataset501_CAREMyoPS/nnUNetTrainer_500epochs__nnUNetPlans__3d_fullres/fold_3/validation/Case1019.npz,True,9030a2f5bd35fbd427d64141417ec9c93b245c37b35f22c0151733b5ef397a5c,nnunet_oof5_validation_teacher,3
Case1020,train,teacher_mask_path,/users/a/e/aereinh/CARE/data/nnUNet/nnUNet_results/Dataset501_CAREMyoPS/nnUNetTrainer_500epochs__nnUNetPlans__3d_fullres/fold_2/validation/Case1020.nii.gz,True,beff224d658d28e658e01129517062d39d7b114027c339250f0fc043e759e509,nnunet_oof5_validation_teacher,2
Case1020,train,teacher_softmax_path,/users/a/e/aereinh/CARE/data/nnUNet/nnUNet_results/Dataset501_CAREMyoPS/nnUNetTrainer_500epochs__nnUNetPlans__3d_fullres/fold_2/validation/Case1020.npz,True,ccef49b244b36aaad3993559d5851f71565ca31b1ef340bece321f246d709fb0,nnunet_oof5_validation_teacher,2
Case1022,train,teacher_mask_path,/users/a/e/aereinh/CARE/data/nnUNet/nnUNet_results/Dataset501_CAREMyoPS/nnUNetTrainer_500epochs__nnUNetPlans__3d_fullres/fold_3/validation/Case1022.nii.gz,True,0d30b53bffabc01b8f98c5e7c15acda8f4ff269cca7cf335ee214048fc98b8d9,nnunet_oof5_validation_teacher,3
Case1022,train,teacher_softmax_path,/users/a/e/aereinh/CARE/data/nnUNet/nnUNet_results/Dataset501_CAREMyoPS/nnUNetTrainer_500epochs__nnUNetPlans__3d_fullres/fold_3/validation/Case1022.npz,True,SKIPPED_LARGE_FILE_HASH_USE_SOURCE_MANIFEST,nnunet_oof5_validation_teacher,3
Case1024,train,teacher_mask_path,/users/a/e/aereinh/CARE/data/nnUNet/nnUNet_results/Dataset501_CAREMyoPS/nnUNetTrainer_500epochs__nnUNetPlans__3d_fullres/fold_2/validation/Case1024.nii.gz,True,2319a797808dbc4abb6164e919a1cb66b8943336abb963955d04dc0cd0cf5849,nnunet_oof5_validation_teacher,2
Case1024,train,teacher_softmax_path,/users/a/e/aereinh/CARE/data/nnUNet/nnUNet_results/Dataset501_CAREMyoPS/nnUNetTrainer_500epochs__nnUNetPlans__3d_fullres/fold_2/validation/Case1024.npz,True,SKIPPED_LARGE_FILE_HASH_USE_SOURCE_MANIFEST,nnunet_oof5_validation_teacher,2
Case1025,train,teacher_mask_path,/users/a/e/aereinh/CARE/data/nnUNet/nnUNet_results/Dataset501_CAREMyoPS/nnUNetTrainer_500epochs__nnUNetPlans__3d_fullres/fold_2/validation/Case1025.nii.gz,True,5c811ecb917f53a7428f80930272b2a9f791197a55ee8dbac8806929980cba81,nnunet_oof5_validation_teacher,2
Case1025,train,teacher_softmax_path,/users/a/e/aereinh/CARE/data/nnUNet/nnUNet_results/Dataset501_CAREMyoPS/nnUNetTrainer_500epochs__nnUNetPlans__3d_fullres/fold_2/validation/Case1025.npz,True,SKIPPED_LARGE_FILE_HASH_USE_SOURCE_MANIFEST,nnunet_oof5_validation_teacher,2
Case1026,train,teacher_mask_path,/users/a/e/aereinh/CARE/data/nnUNet/nnUNet_results/Dataset501_CAREMyoPS/nnUNetTrainer_500epochs__nnUNetPlans__3d_fullres/fold_3/validation/Case1026.nii.gz,True,4fd0a060173454ccf0531c4ae205eb648a5cfbe32e9c3b5ad7adeb3b9f8438e9,nnunet_oof5_validation_teacher,3
Case1026,train,teacher_softmax_path,/users/a/e/aereinh/CARE/data/nnUNet/nnUNet_results/Dataset501_CAREMyoPS/nnUNetTrainer_500epochs__nnUNetPlans__3d_fullres/fold_3/validation/Case1026.npz,True,SKIPPED_LARGE_FILE_HASH_USE_SOURCE_MANIFEST,nnunet_oof5_validation_teacher,3
Case1027,train,teacher_mask_path,/users/a/e/aereinh/CARE/data/nnUNet/nnUNet_results/Dataset501_CAREMyoPS/nnUNetTrainer_500epochs__nnUNetPlans__3d_fullres/fold_2/validation/Case1027.nii.gz,True,a1dec4180c9fa3e9e2c5e3b20609997cd90ecbc1904b428ebf78e309c7b68362,nnunet_oof5_validation_teacher,2
Case1027,train,teacher_softmax_path,/users/a/e/aereinh/CARE/data/nnUNet/nnUNet_results/Dataset501_CAREMyoPS/nnUNetTrainer_500epochs__nnUNetPlans__3d_fullres/fold_2/validation/Case1027.npz,True,SKIPPED_LARGE_FILE_HASH_USE_SOURCE_MANIFEST,nnunet_oof5_validation_teacher,2
Case1028,train,teacher_mask_path,/users/a/e/aereinh/CARE/data/nnUNet/nnUNet_results/Dataset501_CAREMyoPS/nnUNetTrainer_500epochs__nnUNetPlans__3d_fullres/fold_3/validation/Case1028.nii.gz,True,a555cbe970118354457b688ed8b04cdf4c45e7b7f4a395b97d601700620f10eb,nnunet_oof5_validation_teacher,3
Case1028,train,teacher_softmax_path,/users/a/e/aereinh/CARE/data/nnUNet/nnUNet_results/Dataset501_CAREMyoPS/nnUNetTrainer_500epochs__nnUNetPlans__3d_fullres/fold_3/validation/Case1028.npz,True,SKIPPED_LARGE_FILE_HASH_USE_SOURCE_MANIFEST,nnunet_oof5_validation_teacher,3
Case1030,train,teacher_mask_path,/users/a/e/aereinh/CARE/data/nnUNet/nnUNet_results/Dataset501_CAREMyoPS/nnUNetTrainer_500epochs__nnUNetPlans__3d_fullres/fold_2/validation/Case1030.nii.gz,True,5c1b031b997a34e97b6b01db77956976c52d7033f06f1a1f3c491546231c93d2,nnunet_oof5_validation_teacher,2
Case1030,train,teacher_softmax_path,/users/a/e/aereinh/CARE/data/nnUNet/nnUNet_results/Dataset501_CAREMyoPS/nnUNetTrainer_500epochs__nnUNetPlans__3d_fullres/fold_2/validation/Case1030.npz,True,SKIPPED_LARGE_FILE_HASH_USE_SOURCE_MANIFEST,nnunet_oof5_validation_teacher,2
Case1031,train,teacher_mask_path,/users/a/e/aereinh/CARE/data/nnUNet/nnUNet_results/Dataset501_CAREMyoPS/nnUNetTrainer_500epochs__nnUNetPlans__3d_fullres/fold_3/validation/Case1031.nii.gz,True,80919d9416a5f38d5dac2f18233d0ec5cb2be0d6aeff776ef3260b59934a93ca,nnunet_oof5_validation_teacher,3
Case1031,train,teacher_softmax_path,/users/a/e/aereinh/CARE/data/nnUNet/nnUNet_results/Dataset501_CAREMyoPS/nnUNetTrainer_500epochs__nnUNetPlans__3d_fullres/fold_3/validation/Case1031.npz,True,SKIPPED_LARGE_FILE_HASH_USE_SOURCE_MANIFEST,nnunet_oof5_validation_teacher,3
Case1032,train,teacher_mask_path,/users/a/e/aereinh/CARE/data/nnUNet/nnUNet_results/Dataset501_CAREMyoPS/nnUNetTrainer_500epochs__nnUNetPlans__3d_fullres/fold_4/validation/Case1032.nii.gz,True,57006dfd292677b4a753eeb0a0a8cb64561d929cd43173183013290f39530967,nnunet_oof5_validation_teacher,4
Case1032,train,teacher_softmax_path,/users/a/e/aereinh/CARE/data/nnUNet/nnUNet_results/Dataset501_CAREMyoPS/nnUNetTrainer_500epochs__nnUNetPlans__3d_fullres/fold_4/validation/Case1032.npz,True,15f4186e8be81616dd986ff07e08e4688b0c01f12e29781fc42e64767f8cd748,nnunet_oof5_validation_teacher,4
Case1034,train,teacher_mask_path,/users/a/e/aereinh/CARE/data/nnUNet/nnUNet_results/Dataset501_CAREMyoPS/nnUNetTrainer_500epochs__nnUNetPlans__3d_fullres/fold_3/validation/Case1034.nii.gz,True,e8eb0b70df80066249a7daeb9e80b60fc97e3d223a103bae99e6401bedde8a60,nnunet_oof5_validation_teacher,3
Case1034,train,teacher_softmax_path,/users/a/e/aereinh/CARE/data/nnUNet/nnUNet_results/Dataset501_CAREMyoPS/nnUNetTrainer_500epochs__nnUNetPlans__3d_fullres/fold_3/validation/Case1034.npz,True,SKIPPED_LARGE_FILE_HASH_USE_SOURCE_MANIFEST,nnunet_oof5_validation_teacher,3
Case1035,train,teacher_mask_path,/users/a/e/aereinh/CARE/data/nnUNet/nnUNet_results/Dataset501_CAREMyoPS/nnUNetTrainer_500epochs__nnUNetPlans__3d_fullres/fold_3/validation/Case1035.nii.gz,True,3d9920f35f471b0e571bda25c8a90305aa1984c7954a79b8bcad270cba06f2d9,nnunet_oof5_validation_teacher,3
Case1035,train,teacher_softmax_path,/users/a/e/aereinh/CARE/data/nnUNet/nnUNet_results/Dataset501_CAREMyoPS/nnUNetTrainer_500epochs__nnUNetPlans__3d_fullres/fold_3/validation/Case1035.npz,True,SKIPPED_LARGE_FILE_HASH_USE_SOURCE_MANIFEST,nnunet_oof5_validation_teacher,3
Case1036,train,teacher_mask_path,/users/a/e/aereinh/CARE/data/nnUNet/nnUNet_results/Dataset501_CAREMyoPS/nnUNetTrainer_500epochs__nnUNetPlans__3d_fullres/fold_1/validation/Case1036.nii.gz,True,5c4ebc9a4d8fd5f9446a16d87122c6b334b7c1282dcde688f83b26f8e50c8a16,nnunet_oof5_validation_teacher,1
Case1036,train,teacher_softmax_path,/users/a/e/aereinh/CARE/data/nnUNet/nnUNet_results/Dataset501_CAREMyoPS/nnUNetTrainer_500epochs__nnUNetPlans__3d_fullres/fold_1/validation/Case1036.npz,True,cdfed261ac4395fe1249cc923cccd6736531bcf1866694a450b5d518d729fd6c,nnunet_oof5_validation_teacher,1
Case1037,train,teacher_mask_path,/users/a/e/aereinh/CARE/data/nnUNet/nnUNet_results/Dataset501_CAREMyoPS/nnUNetTrainer_500epochs__nnUNetPlans__3d_fullres/fold_4/validation/Case1037.nii.gz,True,468a3a2c88be91faacde223feaaafbd03a9c9c83cc9dc9edc3a79a4b8a3016c1,nnunet_oof5_validation_teacher,4
Case1037,train,teacher_softmax_path,/users/a/e/aereinh/CARE/data/nnUNet/nnUNet_results/Dataset501_CAREMyoPS/nnUNetTrainer_500epochs__nnUNetPlans__3d_fullres/fold_4/validation/Case1037.npz,True,SKIPPED_LARGE_FILE_HASH_USE_SOURCE_MANIFEST,nnunet_oof5_validation_teacher,4
Case1038,train,teacher_mask_path,/users/a/e/aereinh/CARE/data/nnUNet/nnUNet_results/Dataset501_CAREMyoPS/nnUNetTrainer_500epochs__nnUNetPlans__3d_fullres/fold_1/validation/Case1038.nii.gz,True,d900ed36d3ad85098fe49ea1db8c2bc64834866aa800a7c6dde5e4d4b4a7da2a,nnunet_oof5_validation_teacher,1
Case1038,train,teacher_softmax_path,/users/a/e/aereinh/CARE/data/nnUNet/nnUNet_results/Dataset501_CAREMyoPS/nnUNetTrainer_500epochs__nnUNetPlans__3d_fullres/fold_1/validation/Case1038.npz,True,382baa118d4ba6affe4caa0810af75681b157c9d6baaeb27e1d8ccb02e440ff1,nnunet_oof5_validation_teacher,1
Case1039,train,teacher_mask_path,/users/a/e/aereinh/CARE/data/nnUNet/nnUNet_results/Dataset501_CAREMyoPS/nnUNetTrainer_500epochs__nnUNetPlans__3d_fullres/fold_2/validation/Case1039.nii.gz,True,624ecab8d930194fce1fd4b5c085b2472624b86d9b741413ee1ad514f6003641,nnunet_oof5_validation_teacher,2
Case1039,train,teacher_softmax_path,/users/a/e/aereinh/CARE/data/nnUNet/nnUNet_results/Dataset501_CAREMyoPS/nnUNetTrainer_500epochs__nnUNetPlans__3d_fullres/fold_2/validation/Case1039.npz,True,SKIPPED_LARGE_FILE_HASH_USE_SOURCE_MANIFEST,nnunet_oof5_validation_teacher,2
Case1041,train,teacher_mask_path,/users/a/e/aereinh/CARE/data/nnUNet/nnUNet_results/Dataset501_CAREMyoPS/nnUNetTrainer_500epochs__nnUNetPlans__3d_fullres/fold_4/validation/Case1041.nii.gz,True,62ac8c4064912dcd554cf12deee4885141ee27f3c253a92b201ff58a4db2e0a7,nnunet_oof5_validation_teacher,4
Case1041,train,teacher_softmax_path,/users/a/e/aereinh/CARE/data/nnUNet/nnUNet_results/Dataset501_CAREMyoPS/nnUNetTrainer_500epochs__nnUNetPlans__3d_fullres/fold_4/validation/Case1041.npz,True,23ad4ddcc448038c8be71c234018dfc0f80d1596e67cea9171b11d8c82148d46,nnunet_oof5_validation_teacher,4
Case1043,train,teacher_mask_path,/users/a/e/aereinh/CARE/data/nnUNet/nnUNet_results/Dataset501_CAREMyoPS/nnUNetTrainer_500epochs__nnUNetPlans__3d_fullres/fold_1/validation/Case1043.nii.gz,True,93b115afd59da85c587b11b2ae3fa464975d912bcff91814198bb44c30ed7f5e,nnunet_oof5_validation_teacher,1
Case1043,train,teacher_softmax_path,/users/a/e/aereinh/CARE/data/nnUNet/nnUNet_results/Dataset501_CAREMyoPS/nnUNetTrainer_500epochs__nnUNetPlans__3d_fullres/fold_1/validation/Case1043.npz,True,544343a4e3704be1adeb0d3267700e71ee5a0ae67d9fb58d4511e0bae35dc2e2,nnunet_oof5_validation_teacher,1
Case1044,train,teacher_mask_path,/users/a/e/aereinh/CARE/data/nnUNet/nnUNet_results/Dataset501_CAREMyoPS/nnUNetTrainer_500epochs__nnUNetPlans__3d_fullres/fold_2/validation/Case1044.nii.gz,True,2ab2f18fbbff120232c86d57b97d6c1f913c13d62431b0d71745882cfcfa3592,nnunet_oof5_validation_teacher,2
Case1044,train,teacher_softmax_path,/users/a/e/aereinh/CARE/data/nnUNet/nnUNet_results/Dataset501_CAREMyoPS/nnUNetTrainer_500epochs__nnUNetPlans__3d_fullres/fold_2/validation/Case1044.npz,True,SKIPPED_LARGE_FILE_HASH_USE_SOURCE_MANIFEST,nnunet_oof5_validation_teacher,2
Case1046,train,teacher_mask_path,/users/a/e/aereinh/CARE/data/nnUNet/nnUNet_results/Dataset501_CAREMyoPS/nnUNetTrainer_500epochs__nnUNetPlans__3d_fullres/fold_4/validation/Case1046.nii.gz,True,29ea3feed71c97071bf8a0079ae6015ab5bd93812606c5e31a0d9b56bf1ee783,nnunet_oof5_validation_teacher,4
Case1046,train,teacher_softmax_path,/users/a/e/aereinh/CARE/data/nnUNet/nnUNet_results/Dataset501_CAREMyoPS/nnUNetTrainer_500epochs__nnUNetPlans__3d_fullres/fold_4/validation/Case1046.npz,True,5eca8679802d104b1c47404d18c3ce4f93b1e4e7f23fe6feda2a92a5cd424aa2,nnunet_oof5_validation_teacher,4
Case1048,train,teacher_mask_path,/users/a/e/aereinh/CARE/data/nnUNet/nnUNet_results/Dataset501_CAREMyoPS/nnUNetTrainer_500epochs__nnUNetPlans__3d_fullres/fold_2/validation/Case1048.nii.gz,True,6df80f7f27301873cc54465c7d136a8d1a2972fc706bfd7c9fb68379250008f9,nnunet_oof5_validation_teacher,2
Case1048,train,teacher_softmax_path,/users/a/e/aereinh/CARE/data/nnUNet/nnUNet_results/Dataset501_CAREMyoPS/nnUNetTrainer_500epochs__nnUNetPlans__3d_fullres/fold_2/validation/Case1048.npz,True,SKIPPED_LARGE_FILE_HASH_USE_SOURCE_MANIFEST,nnunet_oof5_validation_teacher,2
Case1049,train,teacher_mask_path,/users/a/e/aereinh/CARE/data/nnUNet/nnUNet_results/Dataset501_CAREMyoPS/nnUNetTrainer_500epochs__nnUNetPlans__3d_fullres/fold_4/validation/Case1049.nii.gz,True,c981681dc15406e3255505a9a9fd2bf645fff01498d38be23cd04eb63abfb07f,nnunet_oof5_validation_teacher,4
Case1049,train,teacher_softmax_path,/users/a/e/aereinh/CARE/data/nnUNet/nnUNet_results/Dataset501_CAREMyoPS/nnUNetTrainer_500epochs__nnUNetPlans__3d_fullres/fold_4/validation/Case1049.npz,True,SKIPPED_LARGE_FILE_HASH_USE_SOURCE_MANIFEST,nnunet_oof5_validation_teacher,4
Case1050,train,teacher_mask_path,/users/a/e/aereinh/CARE/data/nnUNet/nnUNet_results/Dataset501_CAREMyoPS/nnUNetTrainer_500epochs__nnUNetPlans__3d_fullres/fold_3/validation/Case1050.nii.gz,True,7fae377eb8aacfbb05049f2a668aa26c1f9525e2607833f3fa0c751c2dfbf269,nnunet_oof5_validation_teacher,3
Case1050,train,teacher_softmax_path,/users/a/e/aereinh/CARE/data/nnUNet/nnUNet_results/Dataset501_CAREMyoPS/nnUNetTrainer_500epochs__nnUNetPlans__3d_fullres/fold_3/validation/Case1050.npz,True,SKIPPED_LARGE_FILE_HASH_USE_SOURCE_MANIFEST,nnunet_oof5_validation_teacher,3
Case1051,train,teacher_mask_path,/users/a/e/aereinh/CARE/data/nnUNet/nnUNet_results/Dataset501_CAREMyoPS/nnUNetTrainer_500epochs__nnUNetPlans__3d_fullres/fold_2/validation/Case1051.nii.gz,True,dbf0dc7c9c37247c79106b8cbf3d8eadc17cf338e4542ed23285b5ff1a296f90,nnunet_oof5_validation_teacher,2
Case1051,train,teacher_softmax_path,/users/a/e/aereinh/CARE/data/nnUNet/nnUNet_results/Dataset501_CAREMyoPS/nnUNetTrainer_500epochs__nnUNetPlans__3d_fullres/fold_2/validation/Case1051.npz,True,SKIPPED_LARGE_FILE_HASH_USE_SOURCE_MANIFEST,nnunet_oof5_validation_teacher,2
Case1052,train,teacher_mask_path,/users/a/e/aereinh/CARE/data/nnUNet/nnUNet_results/Dataset501_CAREMyoPS/nnUNetTrainer_500epochs__nnUNetPlans__3d_fullres/fold_4/validation/Case1052.nii.gz,True,d5c915624864f725c6963202918f905d9c8e32f21396e92fee3aa4fd917a64ad,nnunet_oof5_validation_teacher,4
Case1052,train,teacher_softmax_path,/users/a/e/aereinh/CARE/data/nnUNet/nnUNet_results/Dataset501_CAREMyoPS/nnUNetTrainer_500epochs__nnUNetPlans__3d_fullres/fold_4/validation/Case1052.npz,True,7ed36113f70ac1fda0385dea0f3c19c3a3eaa0d6f81fd50097dfde7763e4f28e,nnunet_oof5_validation_teacher,4
Case1054,train,teacher_mask_path,/users/a/e/aereinh/CARE/data/nnUNet/nnUNet_results/Dataset501_CAREMyoPS/nnUNetTrainer_500epochs__nnUNetPlans__3d_fullres/fold_1/validation/Case1054.nii.gz,True,b341fbc5fb90932a8a1f5b9feabaae12d385cec7d402d8a7ecc000ba7243ff7a,nnunet_oof5_validation_teacher,1
Case1054,train,teacher_softmax_path,/users/a/e/aereinh/CARE/data/nnUNet/nnUNet_results/Dataset501_CAREMyoPS/nnUNetTrainer_500epochs__nnUNetPlans__3d_fullres/fold_1/validation/Case1054.npz,True,SKIPPED_LARGE_FILE_HASH_USE_SOURCE_MANIFEST,nnunet_oof5_validation_teacher,1
Case1055,train,teacher_mask_path,/users/a/e/aereinh/CARE/data/nnUNet/nnUNet_results/Dataset501_CAREMyoPS/nnUNetTrainer_500epochs__nnUNetPlans__3d_fullres/fold_2/validation/Case1055.nii.gz,True,17eb74162a1c6345159eb470be93aba5a072883ddac8f8f2b7db54503b54a690,nnunet_oof5_validation_teacher,2
Case1055,train,teacher_softmax_path,/users/a/e/aereinh/CARE/data/nnUNet/nnUNet_results/Dataset501_CAREMyoPS/nnUNetTrainer_500epochs__nnUNetPlans__3d_fullres/fold_2/validation/Case1055.npz,True,e944fe5355622349d11fe16e46a005f8d80b768cf7cb2fed016c7cbede4af599,nnunet_oof5_validation_teacher,2
Case1056,train,teacher_mask_path,/users/a/e/aereinh/CARE/data/nnUNet/nnUNet_results/Dataset501_CAREMyoPS/nnUNetTrainer_500epochs__nnUNetPlans__3d_fullres/fold_1/validation/Case1056.nii.gz,True,cea387c40fe3e6f2f3b289feaff3804fd522e7e455753d515df29c33c62f5bdc,nnunet_oof5_validation_teacher,1
Case1056,train,teacher_softmax_path,/users/a/e/aereinh/CARE/data/nnUNet/nnUNet_results/Dataset501_CAREMyoPS/nnUNetTrainer_500epochs__nnUNetPlans__3d_fullres/fold_1/validation/Case1056.npz,True,SKIPPED_LARGE_FILE_HASH_USE_SOURCE_MANIFEST,nnunet_oof5_validation_teacher,1
Case1057,train,teacher_mask_path,/users/a/e/aereinh/CARE/data/nnUNet/nnUNet_results/Dataset501_CAREMyoPS/nnUNetTrainer_500epochs__nnUNetPlans__3d_fullres/fold_2/validation/Case1057.nii.gz,True,cff62fb10ddb87a117e878be5ca7e5087cb96e03e124c8d41d7f91afdda95206,nnunet_oof5_validation_teacher,2
Case1057,train,teacher_softmax_path,/users/a/e/aereinh/CARE/data/nnUNet/nnUNet_results/Dataset501_CAREMyoPS/nnUNetTrainer_500epochs__nnUNetPlans__3d_fullres/fold_2/validation/Case1057.npz,True,4dd67716301c8acd5b8a6ad91b8112cd6a52145c2b58800c741d6fe49511feac,nnunet_oof5_validation_teacher,2
Case1058,train,teacher_mask_path,/users/a/e/aereinh/CARE/data/nnUNet/nnUNet_results/Dataset501_CAREMyoPS/nnUNetTrainer_500epochs__nnUNetPlans__3d_fullres/fold_1/validation/Case1058.nii.gz,True,637e5eccae7fd0b053afa91df0387eb119a92b2eacf2b863ae0c084f1549c11b,nnunet_oof5_validation_teacher,1
Case1058,train,teacher_softmax_path,/users/a/e/aereinh/CARE/data/nnUNet/nnUNet_results/Dataset501_CAREMyoPS/nnUNetTrainer_500epochs__nnUNetPlans__3d_fullres/fold_1/validation/Case1058.npz,True,SKIPPED_LARGE_FILE_HASH_USE_SOURCE_MANIFEST,nnunet_oof5_validation_teacher,1
Case1059,train,teacher_mask_path,/users/a/e/aereinh/CARE/data/nnUNet/nnUNet_results/Dataset501_CAREMyoPS/nnUNetTrainer_500epochs__nnUNetPlans__3d_fullres/fold_2/validation/Case1059.nii.gz,True,db5b709a868bf7834525aeecbb01906c75f02870aad63180c684ec231b20daa0,nnunet_oof5_validation_teacher,2
Case1059,train,teacher_softmax_path,/users/a/e/aereinh/CARE/data/nnUNet/nnUNet_results/Dataset501_CAREMyoPS/nnUNetTrainer_500epochs__nnUNetPlans__3d_fullres/fold_2/validation/Case1059.npz,True,d27329557faaa4da02e3cc191fa105075bf7531c7aadcf86aa24efaa0281b8b1,nnunet_oof5_validation_teacher,2
Case1060,train,teacher_mask_path,/users/a/e/aereinh/CARE/data/nnUNet/nnUNet_results/Dataset501_CAREMyoPS/nnUNetTrainer_500epochs__nnUNetPlans__3d_fullres/fold_4/validation/Case1060.nii.gz,True,bd628db58e1a7c0c633315cc11542f8b30793b2d01fc8873ef91baf8d205e025,nnunet_oof5_validation_teacher,4
Case1060,train,teacher_softmax_path,/users/a/e/aereinh/CARE/data/nnUNet/nnUNet_results/Dataset501_CAREMyoPS/nnUNetTrainer_500epochs__nnUNetPlans__3d_fullres/fold_4/validation/Case1060.npz,True,SKIPPED_LARGE_FILE_HASH_USE_SOURCE_MANIFEST,nnunet_oof5_validation_teacher,4
Case1061,train,teacher_mask_path,/users/a/e/aereinh/CARE/data/nnUNet/nnUNet_results/Dataset501_CAREMyoPS/nnUNetTrainer_500epochs__nnUNetPlans__3d_fullres/fold_3/validation/Case1061.nii.gz,True,876940a844b4f1215c50fd0d3fda02f045a3a0331b04657d817dad9e40d2cde4,nnunet_oof5_validation_teacher,3
Case1061,train,teacher_softmax_path,/users/a/e/aereinh/CARE/data/nnUNet/nnUNet_results/Dataset501_CAREMyoPS/nnUNetTrainer_500epochs__nnUNetPlans__3d_fullres/fold_3/validation/Case1061.npz,True,SKIPPED_LARGE_FILE_HASH_USE_SOURCE_MANIFEST,nnunet_oof5_validation_teacher,3
Case1063,train,teacher_mask_path,/users/a/e/aereinh/CARE/data/nnUNet/nnUNet_results/Dataset501_CAREMyoPS/nnUNetTrainer_500epochs__nnUNetPlans__3d_fullres/fold_1/validation/Case1063.nii.gz,True,b1f3317af86f3ca2ce69f4b8c64fa22bd05e40cfc1e44313495540c1b82fa340,nnunet_oof5_validation_teacher,1
Case1063,train,teacher_softmax_path,/users/a/e/aereinh/CARE/data/nnUNet/nnUNet_results/Dataset501_CAREMyoPS/nnUNetTrainer_500epochs__nnUNetPlans__3d_fullres/fold_1/validation/Case1063.npz,True,3608ecccbb7e55db9b7d92162d66b8e37b8d0eb876c4fca3285aafde6d15727a,nnunet_oof5_validation_teacher,1
Case1064,train,teacher_mask_path,/users/a/e/aereinh/CARE/data/nnUNet/nnUNet_results/Dataset501_CAREMyoPS/nnUNetTrainer_500epochs__nnUNetPlans__3d_fullres/fold_4/validation/Case1064.nii.gz,True,6cb9ee0e32716c1a04d114a2b7a302ff60b2a2a54a3ef48c97e51f9e38533849,nnunet_oof5_validation_teacher,4
Case1064,train,teacher_softmax_path,/users/a/e/aereinh/CARE/data/nnUNet/nnUNet_results/Dataset501_CAREMyoPS/nnUNetTrainer_500epochs__nnUNetPlans__3d_fullres/fold_4/validation/Case1064.npz,True,SKIPPED_LARGE_FILE_HASH_USE_SOURCE_MANIFEST,nnunet_oof5_validation_teacher,4
Case1065,train,teacher_mask_path,/users/a/e/aereinh/CARE/data/nnUNet/nnUNet_results/Dataset501_CAREMyoPS/nnUNetTrainer_500epochs__nnUNetPlans__3d_fullres/fold_3/validation/Case1065.nii.gz,True,fb75f530ffa4082fbec920c47b15bfbb7945eb3dee56058fbc06098ef06480c8,nnunet_oof5_validation_teacher,3
Case1065,train,teacher_softmax_path,/users/a/e/aereinh/CARE/data/nnUNet/nnUNet_results/Dataset501_CAREMyoPS/nnUNetTrainer_500epochs__nnUNetPlans__3d_fullres/fold_3/validation/Case1065.npz,True,ea87f2085adc4657477606b8cc2c41e3d88e05fe6fa47ce26bfd4aa407734199,nnunet_oof5_validation_teacher,3
Case1066,train,teacher_mask_path,/users/a/e/aereinh/CARE/data/nnUNet/nnUNet_results/Dataset501_CAREMyoPS/nnUNetTrainer_500epochs__nnUNetPlans__3d_fullres/fold_3/validation/Case1066.nii.gz,True,79f9c815a73038a17a126d6dc0c8d59478281f6dfb0f2f7f035585ec7c11f399,nnunet_oof5_validation_teacher,3
Case1066,train,teacher_softmax_path,/users/a/e/aereinh/CARE/data/nnUNet/nnUNet_results/Dataset501_CAREMyoPS/nnUNetTrainer_500epochs__nnUNetPlans__3d_fullres/fold_3/validation/Case1066.npz,True,SKIPPED_LARGE_FILE_HASH_USE_SOURCE_MANIFEST,nnunet_oof5_validation_teacher,3
Case1067,train,teacher_mask_path,/users/a/e/aereinh/CARE/data/nnUNet/nnUNet_results/Dataset501_CAREMyoPS/nnUNetTrainer_500epochs__nnUNetPlans__3d_fullres/fold_4/validation/Case1067.nii.gz,True,b2ff203fa217d7be221fa60dbb5ccc8de5fa00765003dc38bb450733ba35d114,nnunet_oof5_validation_teacher,4
Case1067,train,teacher_softmax_path,/users/a/e/aereinh/CARE/data/nnUNet/nnUNet_results/Dataset501_CAREMyoPS/nnUNetTrainer_500epochs__nnUNetPlans__3d_fullres/fold_4/validation/Case1067.npz,True,ede9a60ad5da3cbdedc3cbedfc2c69254065719e2e286cdfa6a7b23c3c39f847,nnunet_oof5_validation_teacher,4
Case1068,train,teacher_mask_path,/users/a/e/aereinh/CARE/data/nnUNet/nnUNet_results/Dataset501_CAREMyoPS/nnUNetTrainer_500epochs__nnUNetPlans__3d_fullres/fold_2/validation/Case1068.nii.gz,True,fa0a874fdb7000f0c38c89e23b2e65239b9cda657c61dffb8a94993bbb3a2b5e,nnunet_oof5_validation_teacher,2
Case1068,train,teacher_softmax_path,/users/a/e/aereinh/CARE/data/nnUNet/nnUNet_results/Dataset501_CAREMyoPS/nnUNetTrainer_500epochs__nnUNetPlans__3d_fullres/fold_2/validation/Case1068.npz,True,SKIPPED_LARGE_FILE_HASH_USE_SOURCE_MANIFEST,nnunet_oof5_validation_teacher,2
Case1069,train,teacher_mask_path,/users/a/e/aereinh/CARE/data/nnUNet/nnUNet_results/Dataset501_CAREMyoPS/nnUNetTrainer_500epochs__nnUNetPlans__3d_fullres/fold_1/validation/Case1069.nii.gz,True,a624f0338df6ad12849da73d987905b77a868f42238626591ce6553c3b0d8fbf,nnunet_oof5_validation_teacher,1
Case1069,train,teacher_softmax_path,/users/a/e/aereinh/CARE/data/nnUNet/nnUNet_results/Dataset501_CAREMyoPS/nnUNetTrainer_500epochs__nnUNetPlans__3d_fullres/fold_1/validation/Case1069.npz,True,7ca1ddae034910b610219143eefb122d9ddcabaaa892df43a857403282cf34d4,nnunet_oof5_validation_teacher,1
Case1071,train,teacher_mask_path,/users/a/e/aereinh/CARE/data/nnUNet/nnUNet_results/Dataset501_CAREMyoPS/nnUNetTrainer_500epochs__nnUNetPlans__3d_fullres/fold_3/validation/Case1071.nii.gz,True,92bc0f15fb5ffc7ac39dcab3bcc1aec7ed04f18a12636b349cf9f75922d99072,nnunet_oof5_validation_teacher,3
Case1071,train,teacher_softmax_path,/users/a/e/aereinh/CARE/data/nnUNet/nnUNet_results/Dataset501_CAREMyoPS/nnUNetTrainer_500epochs__nnUNetPlans__3d_fullres/fold_3/validation/Case1071.npz,True,SKIPPED_LARGE_FILE_HASH_USE_SOURCE_MANIFEST,nnunet_oof5_validation_teacher,3
Case1072,train,teacher_mask_path,/users/a/e/aereinh/CARE/data/nnUNet/nnUNet_results/Dataset501_CAREMyoPS/nnUNetTrainer_500epochs__nnUNetPlans__3d_fullres/fold_1/validation/Case1072.nii.gz,True,409a9a4f108426d783f69bbca858fac67fb4620773d4f733c4cd0c9cc7bb95f3,nnunet_oof5_validation_teacher,1
Case1072,train,teacher_softmax_path,/users/a/e/aereinh/CARE/data/nnUNet/nnUNet_results/Dataset501_CAREMyoPS/nnUNetTrainer_500epochs__nnUNetPlans__3d_fullres/fold_1/validation/Case1072.npz,True,50b9d2702807ccdd6febaf9ee4e6dc23c01572e931bd30c8c88e71204d1dd235,nnunet_oof5_validation_teacher,1
Case1074,train,teacher_mask_path,/users/a/e/aereinh/CARE/data/nnUNet/nnUNet_results/Dataset501_CAREMyoPS/nnUNetTrainer_500epochs__nnUNetPlans__3d_fullres/fold_1/validation/Case1074.nii.gz,True,2c8a38c4334da0fbf03137103714f34ac75b36fd5b447ae5be366af13ae2b54f,nnunet_oof5_validation_teacher,1
Case1074,train,teacher_softmax_path,/users/a/e/aereinh/CARE/data/nnUNet/nnUNet_results/Dataset501_CAREMyoPS/nnUNetTrainer_500epochs__nnUNetPlans__3d_fullres/fold_1/validation/Case1074.npz,True,66a5ba55dfc6827d4328a0c723f1149f42d02c62207a6e3076214a5aae43cd27,nnunet_oof5_validation_teacher,1
Case1075,train,teacher_mask_path,/users/a/e/aereinh/CARE/data/nnUNet/nnUNet_results/Dataset501_CAREMyoPS/nnUNetTrainer_500epochs__nnUNetPlans__3d_fullres/fold_4/validation/Case1075.nii.gz,True,30607f6986973b6f9d5ddf1f2129d96f5b290c1ea9120d1dc547d2b0ff1a5d19,nnunet_oof5_validation_teacher,4
Case1075,train,teacher_softmax_path,/users/a/e/aereinh/CARE/data/nnUNet/nnUNet_results/Dataset501_CAREMyoPS/nnUNetTrainer_500epochs__nnUNetPlans__3d_fullres/fold_4/validation/Case1075.npz,True,SKIPPED_LARGE_FILE_HASH_USE_SOURCE_MANIFEST,nnunet_oof5_validation_teacher,4
Case1076,train,teacher_mask_path,/users/a/e/aereinh/CARE/data/nnUNet/nnUNet_results/Dataset501_CAREMyoPS/nnUNetTrainer_500epochs__nnUNetPlans__3d_fullres/fold_4/validation/Case1076.nii.gz,True,3b004e2e2f7ced7ad6ea93c09fd71de83a2b8cb8f535a576d0c5c4bd47ddc9a7,nnunet_oof5_validation_teacher,4
Case1076,train,teacher_softmax_path,/users/a/e/aereinh/CARE/data/nnUNet/nnUNet_results/Dataset501_CAREMyoPS/nnUNetTrainer_500epochs__nnUNetPlans__3d_fullres/fold_4/validation/Case1076.npz,True,SKIPPED_LARGE_FILE_HASH_USE_SOURCE_MANIFEST,nnunet_oof5_validation_teacher,4
Case1077,train,teacher_mask_path,/users/a/e/aereinh/CARE/data/nnUNet/nnUNet_results/Dataset501_CAREMyoPS/nnUNetTrainer_500epochs__nnUNetPlans__3d_fullres/fold_1/validation/Case1077.nii.gz,True,3f621b8193e0a8e29f5572394c02fccd806eaf59d5328a31d7779a9f2a04b95d,nnunet_oof5_validation_teacher,1
Case1077,train,teacher_softmax_path,/users/a/e/aereinh/CARE/data/nnUNet/nnUNet_results/Dataset501_CAREMyoPS/nnUNetTrainer_500epochs__nnUNetPlans__3d_fullres/fold_1/validation/Case1077.npz,True,SKIPPED_LARGE_FILE_HASH_USE_SOURCE_MANIFEST,nnunet_oof5_validation_teacher,1
Case1078,train,teacher_mask_path,/users/a/e/aereinh/CARE/data/nnUNet/nnUNet_results/Dataset501_CAREMyoPS/nnUNetTrainer_500epochs__nnUNetPlans__3d_fullres/fold_3/validation/Case1078.nii.gz,True,95df3eda39f7d63b390d838e26b50405e8ea9dd1fea79d9f00c003739a10f10e,nnunet_oof5_validation_teacher,3
Case1078,train,teacher_softmax_path,/users/a/e/aereinh/CARE/data/nnUNet/nnUNet_results/Dataset501_CAREMyoPS/nnUNetTrainer_500epochs__nnUNetPlans__3d_fullres/fold_3/validation/Case1078.npz,True,SKIPPED_LARGE_FILE_HASH_USE_SOURCE_MANIFEST,nnunet_oof5_validation_teacher,3
Case1079,train,teacher_mask_path,/users/a/e/aereinh/CARE/data/nnUNet/nnUNet_results/Dataset501_CAREMyoPS/nnUNetTrainer_500epochs__nnUNetPlans__3d_fullres/fold_4/validation/Case1079.nii.gz,True,f3b174cd13d5ce75f97f7a23eab12110c9081fca4b676498b035657234b0ad14,nnunet_oof5_validation_teacher,4
Case1079,train,teacher_softmax_path,/users/a/e/aereinh/CARE/data/nnUNet/nnUNet_results/Dataset501_CAREMyoPS/nnUNetTrainer_500epochs__nnUNetPlans__3d_fullres/fold_4/validation/Case1079.npz,True,SKIPPED_LARGE_FILE_HASH_USE_SOURCE_MANIFEST,nnunet_oof5_validation_teacher,4
Case1081,train,teacher_mask_path,/users/a/e/aereinh/CARE/data/nnUNet/nnUNet_results/Dataset501_CAREMyoPS/nnUNetTrainer_500epochs__nnUNetPlans__3d_fullres/fold_3/validation/Case1081.nii.gz,True,da3cf99c59d449b8e6410d336d1df3342b2e67440634ea6be332e7c8ab3b7415,nnunet_oof5_validation_teacher,3
Case1081,train,teacher_softmax_path,/users/a/e/aereinh/CARE/data/nnUNet/nnUNet_results/Dataset501_CAREMyoPS/nnUNetTrainer_500epochs__nnUNetPlans__3d_fullres/fold_3/validation/Case1081.npz,True,366d105632cd198305ce48297e446e7fb331688d4bcd7fb29d3ef69f3998c856,nnunet_oof5_validation_teacher,3
Case2001,train,teacher_mask_path,/users/a/e/aereinh/CARE/data/nnUNet/nnUNet_results/Dataset501_CAREMyoPS/nnUNetTrainer_500epochs__nnUNetPlans__3d_fullres/fold_1/validation/Case2001.nii.gz,True,39353e0fa22d6564a2068e9a704199fcb4e9ab85226527d0d42d3f2716047af1,nnunet_oof5_validation_teacher,1
Case2001,train,teacher_softmax_path,/users/a/e/aereinh/CARE/data/nnUNet/nnUNet_results/Dataset501_CAREMyoPS/nnUNetTrainer_500epochs__nnUNetPlans__3d_fullres/fold_1/validation/Case2001.npz,True,6de5ac53d7bcc15f9bdda411d87a5deed21d61ebff383edb46ce3171297815e1,nnunet_oof5_validation_teacher,1
Case2003,train,teacher_mask_path,/users/a/e/aereinh/CARE/data/nnUNet/nnUNet_results/Dataset501_CAREMyoPS/nnUNetTrainer_500epochs__nnUNetPlans__3d_fullres/fold_4/validation/Case2003.nii.gz,True,1f119a9519f54905a940d95883c7ffa95178af08c155d378b3269ccd1614f105,nnunet_oof5_validation_teacher,4
Case2003,train,teacher_softmax_path,/users/a/e/aereinh/CARE/data/nnUNet/nnUNet_results/Dataset501_CAREMyoPS/nnUNetTrainer_500epochs__nnUNetPlans__3d_fullres/fold_4/validation/Case2003.npz,True,374e062d706e770db235b03be8064325c4a1f2b6f8cdfbeea4ba5fa2a6e30a36,nnunet_oof5_validation_teacher,4
Case2004,train,teacher_mask_path,/users/a/e/aereinh/CARE/data/nnUNet/nnUNet_results/Dataset501_CAREMyoPS/nnUNetTrainer_500epochs__nnUNetPlans__3d_fullres/fold_3/validation/Case2004.nii.gz,True,3980b7c36fe982a73204d22661b598f91b5f19232f1966b8f2dbd2f68eada776,nnunet_oof5_validation_teacher,3
Case2004,train,teacher_softmax_path,/users/a/e/aereinh/CARE/data/nnUNet/nnUNet_results/Dataset501_CAREMyoPS/nnUNetTrainer_500epochs__nnUNetPlans__3d_fullres/fold_3/validation/Case2004.npz,True,68614ad34eff2e25b618b7b303a6f29288078cc2e61e231a1792c7144197cadd,nnunet_oof5_validation_teacher,3
Case2005,train,teacher_mask_path,/users/a/e/aereinh/CARE/data/nnUNet/nnUNet_results/Dataset501_CAREMyoPS/nnUNetTrainer_500epochs__nnUNetPlans__3d_fullres/fold_3/validation/Case2005.nii.gz,True,bbccea3b6abe564bd21db5f645158d226889889b1cf795350e284d19d44fb4d5,nnunet_oof5_validation_teacher,3
Case2005,train,teacher_softmax_path,/users/a/e/aereinh/CARE/data/nnUNet/nnUNet_results/Dataset501_CAREMyoPS/nnUNetTrainer_500epochs__nnUNetPlans__3d_fullres/fold_3/validation/Case2005.npz,True,daca23960ecb6f71310852375c345308a7b6b693716c627bf5b32cf3382402dd,nnunet_oof5_validation_teacher,3
Case2006,train,teacher_mask_path,/users/a/e/aereinh/CARE/data/nnUNet/nnUNet_results/Dataset501_CAREMyoPS/nnUNetTrainer_500epochs__nnUNetPlans__3d_fullres/fold_2/validation/Case2006.nii.gz,True,7403bd8551a82c636bf5065c0cf2e1b146d824ce220364bf8af7ce2c24843929,nnunet_oof5_validation_teacher,2
Case2006,train,teacher_softmax_path,/users/a/e/aereinh/CARE/data/nnUNet/nnUNet_results/Dataset501_CAREMyoPS/nnUNetTrainer_500epochs__nnUNetPlans__3d_fullres/fold_2/validation/Case2006.npz,True,f7755061f212ea925af9b8c0bd4b4f4257c08c94b9238c3b04a579029f6d2cdc,nnunet_oof5_validation_teacher,2
Case2009,train,teacher_mask_path,/users/a/e/aereinh/CARE/data/nnUNet/nnUNet_results/Dataset501_CAREMyoPS/nnUNetTrainer_500epochs__nnUNetPlans__3d_fullres/fold_2/validation/Case2009.nii.gz,True,909013dbd2a9b08bc860a9917cf7f85fdc555ee27e53d7d5bc84b91844f6b281,nnunet_oof5_validation_teacher,2
Case2009,train,teacher_softmax_path,/users/a/e/aereinh/CARE/data/nnUNet/nnUNet_results/Dataset501_CAREMyoPS/nnUNetTrainer_500epochs__nnUNetPlans__3d_fullres/fold_2/validation/Case2009.npz,True,2094a6a0888ea454ea3a1fb609ffb790f50cb7215caf42e8d4449f240e420871,nnunet_oof5_validation_teacher,2
Case2010,train,teacher_mask_path,/users/a/e/aereinh/CARE/data/nnUNet/nnUNet_results/Dataset501_CAREMyoPS/nnUNetTrainer_500epochs__nnUNetPlans__3d_fullres/fold_1/validation/Case2010.nii.gz,True,0facf3d427d6447821d8e8a13363294cd53f4997c607b1c7c915a92b9da45d46,nnunet_oof5_validation_teacher,1
Case2010,train,teacher_softmax_path,/users/a/e/aereinh/CARE/data/nnUNet/nnUNet_results/Dataset501_CAREMyoPS/nnUNetTrainer_500epochs__nnUNetPlans__3d_fullres/fold_1/validation/Case2010.npz,True,8b754f8759336196f32d46994a55140ac82861ca50701353b1d0b328dbbea29d,nnunet_oof5_validation_teacher,1
Case2011,train,teacher_mask_path,/users/a/e/aereinh/CARE/data/nnUNet/nnUNet_results/Dataset501_CAREMyoPS/nnUNetTrainer_500epochs__nnUNetPlans__3d_fullres/fold_4/validation/Case2011.nii.gz,True,4f632db87adef60f591b9feb0060c58f842fe014000e645d03529e4d3e821385,nnunet_oof5_validation_teacher,4
Case2011,train,teacher_softmax_path,/users/a/e/aereinh/CARE/data/nnUNet/nnUNet_results/Dataset501_CAREMyoPS/nnUNetTrainer_500epochs__nnUNetPlans__3d_fullres/fold_4/validation/Case2011.npz,True,67412211ad955af09b03a0180a4f871c6e3bf11f60dff9b32bddf895047e5eaa,nnunet_oof5_validation_teacher,4
Case2012,train,teacher_mask_path,/users/a/e/aereinh/CARE/data/nnUNet/nnUNet_results/Dataset501_CAREMyoPS/nnUNetTrainer_500epochs__nnUNetPlans__3d_fullres/fold_3/validation/Case2012.nii.gz,True,62a07628a7b97dd45302ffc1e5506db1bfd56345b2e7f7a08d5919d901a5b4dc,nnunet_oof5_validation_teacher,3
Case2012,train,teacher_softmax_path,/users/a/e/aereinh/CARE/data/nnUNet/nnUNet_results/Dataset501_CAREMyoPS/nnUNetTrainer_500epochs__nnUNetPlans__3d_fullres/fold_3/validation/Case2012.npz,True,dd6122a505bcc1fbc1dcca6307da10f5764263cf4ab9e0ed3c677c4f339bc866,nnunet_oof5_validation_teacher,3
Case2013,train,teacher_mask_path,/users/a/e/aereinh/CARE/data/nnUNet/nnUNet_results/Dataset501_CAREMyoPS/nnUNetTrainer_500epochs__nnUNetPlans__3d_fullres/fold_4/validation/Case2013.nii.gz,True,12666dbb32839b031c1a58f79091574327b00412e90c51a9e746ec1f7f53bcd1,nnunet_oof5_validation_teacher,4
Case2013,train,teacher_softmax_path,/users/a/e/aereinh/CARE/data/nnUNet/nnUNet_results/Dataset501_CAREMyoPS/nnUNetTrainer_500epochs__nnUNetPlans__3d_fullres/fold_4/validation/Case2013.npz,True,fce09f87f48ae4b842453f6f498f968b1a25cb40623a4a6c844de119165d4a4d,nnunet_oof5_validation_teacher,4
Case2014,train,teacher_mask_path,/users/a/e/aereinh/CARE/data/nnUNet/nnUNet_results/Dataset501_CAREMyoPS/nnUNetTrainer_500epochs__nnUNetPlans__3d_fullres/fold_2/validation/Case2014.nii.gz,True,dd3159a3d14053424c3c2e2b74aa9296ab3e9a10fd5ea69bcdcc0ec894471149,nnunet_oof5_validation_teacher,2
Case2014,train,teacher_softmax_path,/users/a/e/aereinh/CARE/data/nnUNet/nnUNet_results/Dataset501_CAREMyoPS/nnUNetTrainer_500epochs__nnUNetPlans__3d_fullres/fold_2/validation/Case2014.npz,True,13b4f0a877596fc3a9d759ca4a679d9a316733b2005ae20d393f60ae247579ff,nnunet_oof5_validation_teacher,2
Case2015,train,teacher_mask_path,/users/a/e/aereinh/CARE/data/nnUNet/nnUNet_results/Dataset501_CAREMyoPS/nnUNetTrainer_500epochs__nnUNetPlans__3d_fullres/fold_4/validation/Case2015.nii.gz,True,7bd0cbfc1e4676ebe64c2635f4df334d2bb6fcb3895a9bdc960b305b5a05ec2f,nnunet_oof5_validation_teacher,4
Case2015,train,teacher_softmax_path,/users/a/e/aereinh/CARE/data/nnUNet/nnUNet_results/Dataset501_CAREMyoPS/nnUNetTrainer_500epochs__nnUNetPlans__3d_fullres/fold_4/validation/Case2015.npz,True,2dd22f8c6bee5a5d3f69a7c1a2466d7369a1f2ee5beb18db8fb3c5e10f6f42d8,nnunet_oof5_validation_teacher,4
Case2016,train,teacher_mask_path,/users/a/e/aereinh/CARE/data/nnUNet/nnUNet_results/Dataset501_CAREMyoPS/nnUNetTrainer_500epochs__nnUNetPlans__3d_fullres/fold_1/validation/Case2016.nii.gz,True,7342f83617033382c4b67633d424a40f8cca95f320f1d1ec0fd33c0316fd0ff2,nnunet_oof5_validation_teacher,1
Case2016,train,teacher_softmax_path,/users/a/e/aereinh/CARE/data/nnUNet/nnUNet_results/Dataset501_CAREMyoPS/nnUNetTrainer_500epochs__nnUNetPlans__3d_fullres/fold_1/validation/Case2016.npz,True,7ed931cef3758081b55fc959003316cada3a9586ce54e0037e707d9c384dcf5b,nnunet_oof5_validation_teacher,1
Case2018,train,teacher_mask_path,/users/a/e/aereinh/CARE/data/nnUNet/nnUNet_results/Dataset501_CAREMyoPS/nnUNetTrainer_500epochs__nnUNetPlans__3d_fullres/fold_3/validation/Case2018.nii.gz,True,7f9e5002a496a650ec2cef3a1020a3685f87e3fa8e6b41d5efb413aa1c6ac1b6,nnunet_oof5_validation_teacher,3
Case2018,train,teacher_softmax_path,/users/a/e/aereinh/CARE/data/nnUNet/nnUNet_results/Dataset501_CAREMyoPS/nnUNetTrainer_500epochs__nnUNetPlans__3d_fullres/fold_3/validation/Case2018.npz,True,b6a600f7ea79cfcc7a4166d18869c70b8224834116a33f0f2fa30d32d2748f18,nnunet_oof5_validation_teacher,3
Case2019,train,teacher_mask_path,/users/a/e/aereinh/CARE/data/nnUNet/nnUNet_results/Dataset501_CAREMyoPS/nnUNetTrainer_500epochs__nnUNetPlans__3d_fullres/fold_2/validation/Case2019.nii.gz,True,69bb593c6b8de87ddc27b286dd85fa83f399e34e5d46910b0663531ee02b596a,nnunet_oof5_validation_teacher,2
Case2019,train,teacher_softmax_path,/users/a/e/aereinh/CARE/data/nnUNet/nnUNet_results/Dataset501_CAREMyoPS/nnUNetTrainer_500epochs__nnUNetPlans__3d_fullres/fold_2/validation/Case2019.npz,True,eeb49511107c83dafbd019f271cc3e0a2e22b063fe2944b087b051e38794a370,nnunet_oof5_validation_teacher,2
Case2021,train,teacher_mask_path,/users/a/e/aereinh/CARE/data/nnUNet/nnUNet_results/Dataset501_CAREMyoPS/nnUNetTrainer_500epochs__nnUNetPlans__3d_fullres/fold_3/validation/Case2021.nii.gz,True,fdda4fc83a4c156c0aea12c0f9f3566cc9bd01b824e4e7cb39da730667012df8,nnunet_oof5_validation_teacher,3
Case2021,train,teacher_softmax_path,/users/a/e/aereinh/CARE/data/nnUNet/nnUNet_results/Dataset501_CAREMyoPS/nnUNetTrainer_500epochs__nnUNetPlans__3d_fullres/fold_3/validation/Case2021.npz,True,8b4110f09410766d2a632b1fbf039d923181e56b668a317bbc7b2214a9ee9147,nnunet_oof5_validation_teacher,3
Case2022,train,teacher_mask_path,/users/a/e/aereinh/CARE/data/nnUNet/nnUNet_results/Dataset501_CAREMyoPS/nnUNetTrainer_500epochs__nnUNetPlans__3d_fullres/fold_2/validation/Case2022.nii.gz,True,69f383c83d2cd2874af7c42918cbb81c55c627924d15189f19e27b47b8ee20fa,nnunet_oof5_validation_teacher,2
Case2022,train,teacher_softmax_path,/users/a/e/aereinh/CARE/data/nnUNet/nnUNet_results/Dataset501_CAREMyoPS/nnUNetTrainer_500epochs__nnUNetPlans__3d_fullres/fold_2/validation/Case2022.npz,True,f81e7ac867a3691ac7dc574cca9f2a2ee01a37a073ab89f6a1aad8619a9ab457,nnunet_oof5_validation_teacher,2
Case2023,train,teacher_mask_path,/users/a/e/aereinh/CARE/data/nnUNet/nnUNet_results/Dataset501_CAREMyoPS/nnUNetTrainer_500epochs__nnUNetPlans__3d_fullres/fold_2/validation/Case2023.nii.gz,True,3e40649a3c7289c2a56a4e3941fdd4c5bc6bd99352a7221a9f1c05d308bd6493,nnunet_oof5_validation_teacher,2
Case2023,train,teacher_softmax_path,/users/a/e/aereinh/CARE/data/nnUNet/nnUNet_results/Dataset501_CAREMyoPS/nnUNetTrainer_500epochs__nnUNetPlans__3d_fullres/fold_2/validation/Case2023.npz,True,8c6786469c98705b614a64beb29ed08e1eb9aa5949e1e729090ba0889f51cdc5,nnunet_oof5_validation_teacher,2
Case2024,train,teacher_mask_path,/users/a/e/aereinh/CARE/data/nnUNet/nnUNet_results/Dataset501_CAREMyoPS/nnUNetTrainer_500epochs__nnUNetPlans__3d_fullres/fold_1/validation/Case2024.nii.gz,True,a15c38ff0f50146e6c5ad0345dc3439592a0af2bb711e906f4b4efa898d948b6,nnunet_oof5_validation_teacher,1
Case2024,train,teacher_softmax_path,/users/a/e/aereinh/CARE/data/nnUNet/nnUNet_results/Dataset501_CAREMyoPS/nnUNetTrainer_500epochs__nnUNetPlans__3d_fullres/fold_1/validation/Case2024.npz,True,f94f52e449025a8dfb352d17663c834c582ea00b5402f1b4f0e27292a4541a4d,nnunet_oof5_validation_teacher,1
Case2025,train,teacher_mask_path,/users/a/e/aereinh/CARE/data/nnUNet/nnUNet_results/Dataset501_CAREMyoPS/nnUNetTrainer_500epochs__nnUNetPlans__3d_fullres/fold_4/validation/Case2025.nii.gz,True,340dd2756063ecd7fe75df2946d4d17b9b6c23790bcd19f71d4cf43e6dcb9753,nnunet_oof5_validation_teacher,4
Case2025,train,teacher_softmax_path,/users/a/e/aereinh/CARE/data/nnUNet/nnUNet_results/Dataset501_CAREMyoPS/nnUNetTrainer_500epochs__nnUNetPlans__3d_fullres/fold_4/validation/Case2025.npz,True,52c481b6eb743d84b790104831bb3b4a88bd74462fcd622b3c61a1d609163d4b,nnunet_oof5_validation_teacher,4
Case2026,train,teacher_mask_path,/users/a/e/aereinh/CARE/data/nnUNet/nnUNet_results/Dataset501_CAREMyoPS/nnUNetTrainer_500epochs__nnUNetPlans__3d_fullres/fold_1/validation/Case2026.nii.gz,True,00a1077274380a05d074ca00641be565eb2a46d8f5e1c3d5a658c931ddbcf1c8,nnunet_oof5_validation_teacher,1
Case2026,train,teacher_softmax_path,/users/a/e/aereinh/CARE/data/nnUNet/nnUNet_results/Dataset501_CAREMyoPS/nnUNetTrainer_500epochs__nnUNetPlans__3d_fullres/fold_1/validation/Case2026.npz,True,b2e71ef4c3544f14a03af17865940e3175ccd3c13f15d68f55ea34eac3b860d2,nnunet_oof5_validation_teacher,1
Case2027,train,teacher_mask_path,/users/a/e/aereinh/CARE/data/nnUNet/nnUNet_results/Dataset501_CAREMyoPS/nnUNetTrainer_500epochs__nnUNetPlans__3d_fullres/fold_1/validation/Case2027.nii.gz,True,68df838a0ea745202ad199f6701e101841dc9ce6acb9f8daad5b1ebfe2f81470,nnunet_oof5_validation_teacher,1
Case2027,train,teacher_softmax_path,/users/a/e/aereinh/CARE/data/nnUNet/nnUNet_results/Dataset501_CAREMyoPS/nnUNetTrainer_500epochs__nnUNetPlans__3d_fullres/fold_1/validation/Case2027.npz,True,00640ac59b27b5ecf71ab0fa7c18f26b5e5f275cf2c885054a2df03f3a82161f,nnunet_oof5_validation_teacher,1
Case2028,train,teacher_mask_path,/users/a/e/aereinh/CARE/data/nnUNet/nnUNet_results/Dataset501_CAREMyoPS/nnUNetTrainer_500epochs__nnUNetPlans__3d_fullres/fold_4/validation/Case2028.nii.gz,True,d7f7f5b0ccdf210ec46fe8e82ecddc5c6c4630e89fd67b5c20a1c1394a88a9aa,nnunet_oof5_validation_teacher,4
Case2028,train,teacher_softmax_path,/users/a/e/aereinh/CARE/data/nnUNet/nnUNet_results/Dataset501_CAREMyoPS/nnUNetTrainer_500epochs__nnUNetPlans__3d_fullres/fold_4/validation/Case2028.npz,True,8f4f7185d6964c7e45f9b44b5edba5792791d4f9f32aa5094256012caf9ee3d0,nnunet_oof5_validation_teacher,4
Case2029,train,teacher_mask_path,/users/a/e/aereinh/CARE/data/nnUNet/nnUNet_results/Dataset501_CAREMyoPS/nnUNetTrainer_500epochs__nnUNetPlans__3d_fullres/fold_3/validation/Case2029.nii.gz,True,4fba1bcddc8204d92ca512af0c219e5ce59c435654de61e49255c678a0557b46,nnunet_oof5_validation_teacher,3
Case2029,train,teacher_softmax_path,/users/a/e/aereinh/CARE/data/nnUNet/nnUNet_results/Dataset501_CAREMyoPS/nnUNetTrainer_500epochs__nnUNetPlans__3d_fullres/fold_3/validation/Case2029.npz,True,1d4586ad96cb18c0198e5bf2a2e31816532c4307f09cbfb6fa4399bfe6d2fc46,nnunet_oof5_validation_teacher,3
Case2030,train,teacher_mask_path,/users/a/e/aereinh/CARE/data/nnUNet/nnUNet_results/Dataset501_CAREMyoPS/nnUNetTrainer_500epochs__nnUNetPlans__3d_fullres/fold_1/validation/Case2030.nii.gz,True,92d91de2a45d6fe3b3a93313bdfe4c355b0036aed158359ab31075a4fc67d347,nnunet_oof5_validation_teacher,1
Case2030,train,teacher_softmax_path,/users/a/e/aereinh/CARE/data/nnUNet/nnUNet_results/Dataset501_CAREMyoPS/nnUNetTrainer_500epochs__nnUNetPlans__3d_fullres/fold_1/validation/Case2030.npz,True,f32ac51d499cc932dc8a23b6a710ed064f7af8c912db89c6cabc5facfc35b9f2,nnunet_oof5_validation_teacher,1
Case2032,train,teacher_mask_path,/users/a/e/aereinh/CARE/data/nnUNet/nnUNet_results/Dataset501_CAREMyoPS/nnUNetTrainer_500epochs__nnUNetPlans__3d_fullres/fold_3/validation/Case2032.nii.gz,True,ce59d5dbb192259b183718f8932e03e3c7d959c2fbec1f051dbfde6fd0992ec8,nnunet_oof5_validation_teacher,3
Case2032,train,teacher_softmax_path,/users/a/e/aereinh/CARE/data/nnUNet/nnUNet_results/Dataset501_CAREMyoPS/nnUNetTrainer_500epochs__nnUNetPlans__3d_fullres/fold_3/validation/Case2032.npz,True,8ffde8393c60d2d82988ef9c269e7c1d25f349ca95dcee99a856dce260fd12d9,nnunet_oof5_validation_teacher,3
Case2034,train,teacher_mask_path,/users/a/e/aereinh/CARE/data/nnUNet/nnUNet_results/Dataset501_CAREMyoPS/nnUNetTrainer_500epochs__nnUNetPlans__3d_fullres/fold_2/validation/Case2034.nii.gz,True,1b320de3500e8544367acdc84322f5ce4978c994fdfd79c976d79292d4c36201,nnunet_oof5_validation_teacher,2
Case2034,train,teacher_softmax_path,/users/a/e/aereinh/CARE/data/nnUNet/nnUNet_results/Dataset501_CAREMyoPS/nnUNetTrainer_500epochs__nnUNetPlans__3d_fullres/fold_2/validation/Case2034.npz,True,e2f8c229b6197184fc444279ad3139c28c9f8c9c890be85d9b69415f1b4e0803,nnunet_oof5_validation_teacher,2
Case2035,train,teacher_mask_path,/users/a/e/aereinh/CARE/data/nnUNet/nnUNet_results/Dataset501_CAREMyoPS/nnUNetTrainer_500epochs__nnUNetPlans__3d_fullres/fold_4/validation/Case2035.nii.gz,True,6d9679f56a3acad95ed2993aea644361f17bc2bd6a7e1fb1ca3950181c92b604,nnunet_oof5_validation_teacher,4
Case2035,train,teacher_softmax_path,/users/a/e/aereinh/CARE/data/nnUNet/nnUNet_results/Dataset501_CAREMyoPS/nnUNetTrainer_500epochs__nnUNetPlans__3d_fullres/fold_4/validation/Case2035.npz,True,6703ca4758ad8065751f998e08714c83abdb1e156b0380c7bb36fc66c72e89fc,nnunet_oof5_validation_teacher,4
Case3001,train,teacher_mask_path,/users/a/e/aereinh/CARE/data/nnUNet/nnUNet_results/Dataset501_CAREMyoPS/nnUNetTrainer_500epochs__nnUNetPlans__3d_fullres/fold_4/validation/Case3001.nii.gz,True,36041bcf898b25d9766193dcc2a9fae6f5f2b30b1fc0ad30a86d2fe0ff3494fc,nnunet_oof5_validation_teacher,4
Case3001,train,teacher_softmax_path,/users/a/e/aereinh/CARE/data/nnUNet/nnUNet_results/Dataset501_CAREMyoPS/nnUNetTrainer_500epochs__nnUNetPlans__3d_fullres/fold_4/validation/Case3001.npz,True,1f69937e38af3505a71bc316b47246a6174a72fc23bae4a9e366de92fab624a6,nnunet_oof5_validation_teacher,4
Case3002,train,teacher_mask_path,/users/a/e/aereinh/CARE/data/nnUNet/nnUNet_results/Dataset501_CAREMyoPS/nnUNetTrainer_500epochs__nnUNetPlans__3d_fullres/fold_1/validation/Case3002.nii.gz,True,f335a3ec83db3eccb2ddf058926cd0db43530efe60c35f68e4edbf87e9a0c4b2,nnunet_oof5_validation_teacher,1
Case3002,train,teacher_softmax_path,/users/a/e/aereinh/CARE/data/nnUNet/nnUNet_results/Dataset501_CAREMyoPS/nnUNetTrainer_500epochs__nnUNetPlans__3d_fullres/fold_1/validation/Case3002.npz,True,4e0e5514e2c1b21beadf41f7f6716bfc14d86f96a223e6c28360e644a2d7f858,nnunet_oof5_validation_teacher,1
Case3003,train,teacher_mask_path,/users/a/e/aereinh/CARE/data/nnUNet/nnUNet_results/Dataset501_CAREMyoPS/nnUNetTrainer_500epochs__nnUNetPlans__3d_fullres/fold_3/validation/Case3003.nii.gz,True,51325b19b97e4f9bddbf663e493ecbbf9113fe8008b866b96e4c0ca31a11a41f,nnunet_oof5_validation_teacher,3
Case3003,train,teacher_softmax_path,/users/a/e/aereinh/CARE/data/nnUNet/nnUNet_results/Dataset501_CAREMyoPS/nnUNetTrainer_500epochs__nnUNetPlans__3d_fullres/fold_3/validation/Case3003.npz,True,62500d4b56f8fa5482caa8dec97cc628012da6880c5e54932edca09d11cc07c5,nnunet_oof5_validation_teacher,3
Case3005,train,teacher_mask_path,/users/a/e/aereinh/CARE/data/nnUNet/nnUNet_results/Dataset501_CAREMyoPS/nnUNetTrainer_500epochs__nnUNetPlans__3d_fullres/fold_4/validation/Case3005.nii.gz,True,6d3cf44d15179a7d5a5306950934c628e24e03d747441ac2872082e2fbe757c1,nnunet_oof5_validation_teacher,4
Case3005,train,teacher_softmax_path,/users/a/e/aereinh/CARE/data/nnUNet/nnUNet_results/Dataset501_CAREMyoPS/nnUNetTrainer_500epochs__nnUNetPlans__3d_fullres/fold_4/validation/Case3005.npz,True,7d03e1b01153985bbea57afe291feef8de7660faea300d923500e016674beaa5,nnunet_oof5_validation_teacher,4
Case3006,train,teacher_mask_path,/users/a/e/aereinh/CARE/data/nnUNet/nnUNet_results/Dataset501_CAREMyoPS/nnUNetTrainer_500epochs__nnUNetPlans__3d_fullres/fold_2/validation/Case3006.nii.gz,True,2220c93f3ddef750240991de27f3e242cb0e2c926b0927bc48398f1ce54e7ea3,nnunet_oof5_validation_teacher,2
Case3006,train,teacher_softmax_path,/users/a/e/aereinh/CARE/data/nnUNet/nnUNet_results/Dataset501_CAREMyoPS/nnUNetTrainer_500epochs__nnUNetPlans__3d_fullres/fold_2/validation/Case3006.npz,True,de72280086624c71075333a21f180eb433d78325d1c1d548f7763d9834385bbe,nnunet_oof5_validation_teacher,2
Case3007,train,teacher_mask_path,/users/a/e/aereinh/CARE/data/nnUNet/nnUNet_results/Dataset501_CAREMyoPS/nnUNetTrainer_500epochs__nnUNetPlans__3d_fullres/fold_1/validation/Case3007.nii.gz,True,17634403cfbc129571011a37783d09267356fa0c76888796fc87008bf1edac93,nnunet_oof5_validation_teacher,1
Case3007,train,teacher_softmax_path,/users/a/e/aereinh/CARE/data/nnUNet/nnUNet_results/Dataset501_CAREMyoPS/nnUNetTrainer_500epochs__nnUNetPlans__3d_fullres/fold_1/validation/Case3007.npz,True,aa0bf6bb5111e31bcca8d750076f91d9e10089d70103e6d72cb924c294d45897,nnunet_oof5_validation_teacher,1
Case3008,train,teacher_mask_path,/users/a/e/aereinh/CARE/data/nnUNet/nnUNet_results/Dataset501_CAREMyoPS/nnUNetTrainer_500epochs__nnUNetPlans__3d_fullres/fold_2/validation/Case3008.nii.gz,True,7c607ea76aa35c48069c24a39e26315fe6aaa94911322a5e7fd6afc517e7054d,nnunet_oof5_validation_teacher,2
Case3008,train,teacher_softmax_path,/users/a/e/aereinh/CARE/data/nnUNet/nnUNet_results/Dataset501_CAREMyoPS/nnUNetTrainer_500epochs__nnUNetPlans__3d_fullres/fold_2/validation/Case3008.npz,True,4390750755af08318cb8625baa3faeb1c860b3f7033aed672d166676b93fede6,nnunet_oof5_validation_teacher,2
Case3009,train,teacher_mask_path,/users/a/e/aereinh/CARE/data/nnUNet/nnUNet_results/Dataset501_CAREMyoPS/nnUNetTrainer_500epochs__nnUNetPlans__3d_fullres/fold_3/validation/Case3009.nii.gz,True,c400260462a736dd6e6a5b798c0c018712c48225cd028b7246762013cb34488c,nnunet_oof5_validation_teacher,3
Case3009,train,teacher_softmax_path,/users/a/e/aereinh/CARE/data/nnUNet/nnUNet_results/Dataset501_CAREMyoPS/nnUNetTrainer_500epochs__nnUNetPlans__3d_fullres/fold_3/validation/Case3009.npz,True,de791239de927c1c16807c64d999eed3efcf73cc1f75ced8d18565637a28823b,nnunet_oof5_validation_teacher,3
Case3010,train,teacher_mask_path,/users/a/e/aereinh/CARE/data/nnUNet/nnUNet_results/Dataset501_CAREMyoPS/nnUNetTrainer_500epochs__nnUNetPlans__3d_fullres/fold_3/validation/Case3010.nii.gz,True,4dc7ef99c1da8ec5f7f0b8046a551686c5a8b696e69d3f259844915dd171c625,nnunet_oof5_validation_teacher,3
Case3010,train,teacher_softmax_path,/users/a/e/aereinh/CARE/data/nnUNet/nnUNet_results/Dataset501_CAREMyoPS/nnUNetTrainer_500epochs__nnUNetPlans__3d_fullres/fold_3/validation/Case3010.npz,True,a7a86da6389c80e2ec0010ded6a04a41ed3b7745b07658836cbb0fcdba1b644e,nnunet_oof5_validation_teacher,3
Case3013,train,teacher_mask_path,/users/a/e/aereinh/CARE/data/nnUNet/nnUNet_results/Dataset501_CAREMyoPS/nnUNetTrainer_500epochs__nnUNetPlans__3d_fullres/fold_4/validation/Case3013.nii.gz,True,ae17686c394a40c424b037cfcbd8b125b4d9febc5ca29365769e96908be450f9,nnunet_oof5_validation_teacher,4
Case3013,train,teacher_softmax_path,/users/a/e/aereinh/CARE/data/nnUNet/nnUNet_results/Dataset501_CAREMyoPS/nnUNetTrainer_500epochs__nnUNetPlans__3d_fullres/fold_4/validation/Case3013.npz,True,37cfc9e6b51d5a75605324e9faeead15b7d67789243c57ae408cd8f152236992,nnunet_oof5_validation_teacher,4
Case3014,train,teacher_mask_path,/users/a/e/aereinh/CARE/data/nnUNet/nnUNet_results/Dataset501_CAREMyoPS/nnUNetTrainer_500epochs__nnUNetPlans__3d_fullres/fold_1/validation/Case3014.nii.gz,True,7cd87cd5a0c7506a1dac8534a6169d95459d65733f9b1fd900d08ad9ff86d72a,nnunet_oof5_validation_teacher,1
Case3014,train,teacher_softmax_path,/users/a/e/aereinh/CARE/data/nnUNet/nnUNet_results/Dataset501_CAREMyoPS/nnUNetTrainer_500epochs__nnUNetPlans__3d_fullres/fold_1/validation/Case3014.npz,True,fd9bae208c837df44d5f550547e0212a5eac433441bf2796b502249cbe8444bd,nnunet_oof5_validation_teacher,1
Case3015,train,teacher_mask_path,/users/a/e/aereinh/CARE/data/nnUNet/nnUNet_results/Dataset501_CAREMyoPS/nnUNetTrainer_500epochs__nnUNetPlans__3d_fullres/fold_2/validation/Case3015.nii.gz,True,fe7e8a5a1e11622625aba6c5d611c5b48f4eeb15cd4366b71c8703753c7b2920,nnunet_oof5_validation_teacher,2
Case3015,train,teacher_softmax_path,/users/a/e/aereinh/CARE/data/nnUNet/nnUNet_results/Dataset501_CAREMyoPS/nnUNetTrainer_500epochs__nnUNetPlans__3d_fullres/fold_2/validation/Case3015.npz,True,37569ce9f21c67e3a793a86bc3ef5bc9d1df390f20b3e5ebffd8f3e5f740a868,nnunet_oof5_validation_teacher,2
Case3016,train,teacher_mask_path,/users/a/e/aereinh/CARE/data/nnUNet/nnUNet_results/Dataset501_CAREMyoPS/nnUNetTrainer_500epochs__nnUNetPlans__3d_fullres/fold_2/validation/Case3016.nii.gz,True,012e551b131d517377c9095fd97dc56b053423af8f71979fb34ae0a9200b5ca6,nnunet_oof5_validation_teacher,2
Case3016,train,teacher_softmax_path,/users/a/e/aereinh/CARE/data/nnUNet/nnUNet_results/Dataset501_CAREMyoPS/nnUNetTrainer_500epochs__nnUNetPlans__3d_fullres/fold_2/validation/Case3016.npz,True,3b27a86f8e0cc46d1e904a2cd827734197e85eaa2d279329a585e856618d2dcf,nnunet_oof5_validation_teacher,2
Case3017,train,teacher_mask_path,/users/a/e/aereinh/CARE/data/nnUNet/nnUNet_results/Dataset501_CAREMyoPS/nnUNetTrainer_500epochs__nnUNetPlans__3d_fullres/fold_2/validation/Case3017.nii.gz,True,2f49b8b6512c09375b1ec4dff5f6bf4e31a74ad8f5bd74637fbc3683eceae385,nnunet_oof5_validation_teacher,2
Case3017,train,teacher_softmax_path,/users/a/e/aereinh/CARE/data/nnUNet/nnUNet_results/Dataset501_CAREMyoPS/nnUNetTrainer_500epochs__nnUNetPlans__3d_fullres/fold_2/validation/Case3017.npz,True,74f3bf029c2c5650be4135edcc93d6d78b886830d93c690d7d31ca401eb18cd8,nnunet_oof5_validation_teacher,2
Case3018,train,teacher_mask_path,/users/a/e/aereinh/CARE/data/nnUNet/nnUNet_results/Dataset501_CAREMyoPS/nnUNetTrainer_500epochs__nnUNetPlans__3d_fullres/fold_1/validation/Case3018.nii.gz,True,c08b404af1ed6798d3e52ce32939292e39f5052d883c939ac8c1a1ec4328f563,nnunet_oof5_validation_teacher,1
Case3018,train,teacher_softmax_path,/users/a/e/aereinh/CARE/data/nnUNet/nnUNet_results/Dataset501_CAREMyoPS/nnUNetTrainer_500epochs__nnUNetPlans__3d_fullres/fold_1/validation/Case3018.npz,True,231841ebaa839e72b0f3c4080f024810664b912ce26fd779ed1abbde59bf60e0,nnunet_oof5_validation_teacher,1
Case3019,train,teacher_mask_path,/users/a/e/aereinh/CARE/data/nnUNet/nnUNet_results/Dataset501_CAREMyoPS/nnUNetTrainer_500epochs__nnUNetPlans__3d_fullres/fold_3/validation/Case3019.nii.gz,True,1a709255f6332b4f2be1c7541393ea326aa70dfc8f65b1d269beaf9c5f107b3d,nnunet_oof5_validation_teacher,3
Case3019,train,teacher_softmax_path,/users/a/e/aereinh/CARE/data/nnUNet/nnUNet_results/Dataset501_CAREMyoPS/nnUNetTrainer_500epochs__nnUNetPlans__3d_fullres/fold_3/validation/Case3019.npz,True,fa00c50ee99fe2c43db474ee8e6aaa5c992ac84ca28ab5238564694c6a54f2e8,nnunet_oof5_validation_teacher,3
Case3020,train,teacher_mask_path,/users/a/e/aereinh/CARE/data/nnUNet/nnUNet_results/Dataset501_CAREMyoPS/nnUNetTrainer_500epochs__nnUNetPlans__3d_fullres/fold_3/validation/Case3020.nii.gz,True,343eb518d79cc4f36f9a75db4009c383e133bb45819306504afd965ca1b70969,nnunet_oof5_validation_teacher,3
Case3020,train,teacher_softmax_path,/users/a/e/aereinh/CARE/data/nnUNet/nnUNet_results/Dataset501_CAREMyoPS/nnUNetTrainer_500epochs__nnUNetPlans__3d_fullres/fold_3/validation/Case3020.npz,True,b7421c406f169475e04f551e8bd1916fa2f20a634b1fe1a48f671a136f8ab902,nnunet_oof5_validation_teacher,3
Case3021,train,teacher_mask_path,/users/a/e/aereinh/CARE/data/nnUNet/nnUNet_results/Dataset501_CAREMyoPS/nnUNetTrainer_500epochs__nnUNetPlans__3d_fullres/fold_3/validation/Case3021.nii.gz,True,a1573ea9b27b8bad1002ef9ea126af9e922955f3bb96916bf96dd0c49613cb83,nnunet_oof5_validation_teacher,3
Case3021,train,teacher_softmax_path,/users/a/e/aereinh/CARE/data/nnUNet/nnUNet_results/Dataset501_CAREMyoPS/nnUNetTrainer_500epochs__nnUNetPlans__3d_fullres/fold_3/validation/Case3021.npz,True,4dab8f8a03a9748359a7d4c15b784a4f8f53893486cd9a0f47409ac11e22cfa8,nnunet_oof5_validation_teacher,3
Case3022,train,teacher_mask_path,/users/a/e/aereinh/CARE/data/nnUNet/nnUNet_results/Dataset501_CAREMyoPS/nnUNetTrainer_500epochs__nnUNetPlans__3d_fullres/fold_4/validation/Case3022.nii.gz,True,e1fea33f5cdd7287c7bc9143e87316874e80a98d52823666e6e93ea29d01c824,nnunet_oof5_validation_teacher,4
Case3022,train,teacher_softmax_path,/users/a/e/aereinh/CARE/data/nnUNet/nnUNet_results/Dataset501_CAREMyoPS/nnUNetTrainer_500epochs__nnUNetPlans__3d_fullres/fold_4/validation/Case3022.npz,True,5c3eb13a6e43788a3639ca62321ed04cfac24e8444152df781658d2a947b9460,nnunet_oof5_validation_teacher,4
Case3024,train,teacher_mask_path,/users/a/e/aereinh/CARE/data/nnUNet/nnUNet_results/Dataset501_CAREMyoPS/nnUNetTrainer_500epochs__nnUNetPlans__3d_fullres/fold_2/validation/Case3024.nii.gz,True,05855bfe1d74e15c865c65dc99b7cf001ef1cc9c56058df68de0483b2d9897fa,nnunet_oof5_validation_teacher,2
Case3024,train,teacher_softmax_path,/users/a/e/aereinh/CARE/data/nnUNet/nnUNet_results/Dataset501_CAREMyoPS/nnUNetTrainer_500epochs__nnUNetPlans__3d_fullres/fold_2/validation/Case3024.npz,True,228095b2d31ea097ed3721b9f43300a48ef76fa5d583b137ff8939f09418c318,nnunet_oof5_validation_teacher,2
Case3025,train,teacher_mask_path,/users/a/e/aereinh/CARE/data/nnUNet/nnUNet_results/Dataset501_CAREMyoPS/nnUNetTrainer_500epochs__nnUNetPlans__3d_fullres/fold_1/validation/Case3025.nii.gz,True,2bcfbc53e7d39a57f803977203d4504f6fe38bd729434ce80705d82d7d366b2f,nnunet_oof5_validation_teacher,1
Case3025,train,teacher_softmax_path,/users/a/e/aereinh/CARE/data/nnUNet/nnUNet_results/Dataset501_CAREMyoPS/nnUNetTrainer_500epochs__nnUNetPlans__3d_fullres/fold_1/validation/Case3025.npz,True,e56a9ae8d9531a80f61f93e0319170d9a60d7559cf902a834334b71e06d8f8e2,nnunet_oof5_validation_teacher,1
Case3027,train,teacher_mask_path,/users/a/e/aereinh/CARE/data/nnUNet/nnUNet_results/Dataset501_CAREMyoPS/nnUNetTrainer_500epochs__nnUNetPlans__3d_fullres/fold_2/validation/Case3027.nii.gz,True,cc7784b95337ffc24d68ece9be9a4810ee122df1612e23bad8c39ce5ee754b7e,nnunet_oof5_validation_teacher,2
Case3027,train,teacher_softmax_path,/users/a/e/aereinh/CARE/data/nnUNet/nnUNet_results/Dataset501_CAREMyoPS/nnUNetTrainer_500epochs__nnUNetPlans__3d_fullres/fold_2/validation/Case3027.npz,True,a43967d3899b15df970204326365fbd36f4ab3f21cc424cc697b5690ad09a577,nnunet_oof5_validation_teacher,2
Case3028,train,teacher_mask_path,/users/a/e/aereinh/CARE/data/nnUNet/nnUNet_results/Dataset501_CAREMyoPS/nnUNetTrainer_500epochs__nnUNetPlans__3d_fullres/fold_1/validation/Case3028.nii.gz,True,d2f57bebddc4af720fc29ea746ba95afaaba6f7e405eb826c6246fc32f1bc356,nnunet_oof5_validation_teacher,1
Case3028,train,teacher_softmax_path,/users/a/e/aereinh/CARE/data/nnUNet/nnUNet_results/Dataset501_CAREMyoPS/nnUNetTrainer_500epochs__nnUNetPlans__3d_fullres/fold_1/validation/Case3028.npz,True,c6e8b9ba41b7ff7b1a03e9248b7f7c1be2e09a8d4437f887d22261955ed7bf95,nnunet_oof5_validation_teacher,1
Case3029,train,teacher_mask_path,/users/a/e/aereinh/CARE/data/nnUNet/nnUNet_results/Dataset501_CAREMyoPS/nnUNetTrainer_500epochs__nnUNetPlans__3d_fullres/fold_3/validation/Case3029.nii.gz,True,e23fe6f434d3fa08abf98f34c8fe808f46d24de4ef6c5b1ac2a2416d42156dba,nnunet_oof5_validation_teacher,3
Case3029,train,teacher_softmax_path,/users/a/e/aereinh/CARE/data/nnUNet/nnUNet_results/Dataset501_CAREMyoPS/nnUNetTrainer_500epochs__nnUNetPlans__3d_fullres/fold_3/validation/Case3029.npz,True,0ffa0bff81da88b808ae4223d63f9c2a0e23672b3bafc0a797d26ba2e5c67fc0,nnunet_oof5_validation_teacher,3
Case3030,train,teacher_mask_path,/users/a/e/aereinh/CARE/data/nnUNet/nnUNet_results/Dataset501_CAREMyoPS/nnUNetTrainer_500epochs__nnUNetPlans__3d_fullres/fold_1/validation/Case3030.nii.gz,True,a73f86cad433909b035944c56eec1969874514beeb64106e0b888ce978854a9b,nnunet_oof5_validation_teacher,1
Case3030,train,teacher_softmax_path,/users/a/e/aereinh/CARE/data/nnUNet/nnUNet_results/Dataset501_CAREMyoPS/nnUNetTrainer_500epochs__nnUNetPlans__3d_fullres/fold_1/validation/Case3030.npz,True,cbf8fca1be746112146512efe75fe3aa68a129c125573bb11a32cd41e4345722,nnunet_oof5_validation_teacher,1
Case3031,train,teacher_mask_path,/users/a/e/aereinh/CARE/data/nnUNet/nnUNet_results/Dataset501_CAREMyoPS/nnUNetTrainer_500epochs__nnUNetPlans__3d_fullres/fold_4/validation/Case3031.nii.gz,True,f37c2e2ea52b78143dbc07ac71038dbd231af28a29c5a21cf76c34e5a10c31f1,nnunet_oof5_validation_teacher,4
Case3031,train,teacher_softmax_path,/users/a/e/aereinh/CARE/data/nnUNet/nnUNet_results/Dataset501_CAREMyoPS/nnUNetTrainer_500epochs__nnUNetPlans__3d_fullres/fold_4/validation/Case3031.npz,True,0dfb8838feb51ca0c278eaae3201f473158b82c0d31d464f6ff9db8182d6865a,nnunet_oof5_validation_teacher,4
Case3032,train,teacher_mask_path,/users/a/e/aereinh/CARE/data/nnUNet/nnUNet_results/Dataset501_CAREMyoPS/nnUNetTrainer_500epochs__nnUNetPlans__3d_fullres/fold_3/validation/Case3032.nii.gz,True,ef3a0bf634e18df7346cde01d8a2ad2d41f9f5b742614624fc1759e4a284a44b,nnunet_oof5_validation_teacher,3
Case3032,train,teacher_softmax_path,/users/a/e/aereinh/CARE/data/nnUNet/nnUNet_results/Dataset501_CAREMyoPS/nnUNetTrainer_500epochs__nnUNetPlans__3d_fullres/fold_3/validation/Case3032.npz,True,336b5ef3d99e9c955f81f3fc3465f557976b145b654ae9c24a3f98b341ab78f0,nnunet_oof5_validation_teacher,3
Case3033,train,teacher_mask_path,/users/a/e/aereinh/CARE/data/nnUNet/nnUNet_results/Dataset501_CAREMyoPS/nnUNetTrainer_500epochs__nnUNetPlans__3d_fullres/fold_1/validation/Case3033.nii.gz,True,11a004563c683dcb76953542839229bcbe83f271f5fc6d0cfc1413492e484d7b,nnunet_oof5_validation_teacher,1
Case3033,train,teacher_softmax_path,/users/a/e/aereinh/CARE/data/nnUNet/nnUNet_results/Dataset501_CAREMyoPS/nnUNetTrainer_500epochs__nnUNetPlans__3d_fullres/fold_1/validation/Case3033.npz,True,4d1b2c605301585cd35a22196c24e521194d7e919eba60a29e1509a31e45d153,nnunet_oof5_validation_teacher,1
Case3035,train,teacher_mask_path,/users/a/e/aereinh/CARE/data/nnUNet/nnUNet_results/Dataset501_CAREMyoPS/nnUNetTrainer_500epochs__nnUNetPlans__3d_fullres/fold_2/validation/Case3035.nii.gz,True,beba2824eace65a744b7daf1539362f40521900d4b0615d04e1f9eca34b34828,nnunet_oof5_validation_teacher,2
Case3035,train,teacher_softmax_path,/users/a/e/aereinh/CARE/data/nnUNet/nnUNet_results/Dataset501_CAREMyoPS/nnUNetTrainer_500epochs__nnUNetPlans__3d_fullres/fold_2/validation/Case3035.npz,True,83f5b29b34eee5f234f080477ba173c5ae9cdc4fcf2aee0349fcbd3cfbaa8064,nnunet_oof5_validation_teacher,2
Case3036,train,teacher_mask_path,/users/a/e/aereinh/CARE/data/nnUNet/nnUNet_results/Dataset501_CAREMyoPS/nnUNetTrainer_500epochs__nnUNetPlans__3d_fullres/fold_4/validation/Case3036.nii.gz,True,77e833187a7a61c216b27f9029880f7e19c062777b0b618605a5b1061f985406,nnunet_oof5_validation_teacher,4
Case3036,train,teacher_softmax_path,/users/a/e/aereinh/CARE/data/nnUNet/nnUNet_results/Dataset501_CAREMyoPS/nnUNetTrainer_500epochs__nnUNetPlans__3d_fullres/fold_4/validation/Case3036.npz,True,8334b867b00ea5f5193d509763df0ec2b5c744d6dde14cf7b7a426596efc9708,nnunet_oof5_validation_teacher,4
Case3037,train,teacher_mask_path,/users/a/e/aereinh/CARE/data/nnUNet/nnUNet_results/Dataset501_CAREMyoPS/nnUNetTrainer_500epochs__nnUNetPlans__3d_fullres/fold_2/validation/Case3037.nii.gz,True,0283c95e6db1cd12963629f8e6a9cb21a63066ce7a3160acc83a28c0f20506e1,nnunet_oof5_validation_teacher,2
Case3037,train,teacher_softmax_path,/users/a/e/aereinh/CARE/data/nnUNet/nnUNet_results/Dataset501_CAREMyoPS/nnUNetTrainer_500epochs__nnUNetPlans__3d_fullres/fold_2/validation/Case3037.npz,True,b4352ca89974cde9268a8be26365a83fc2bc45137deb3c851e3ad2aeb5ada9c1,nnunet_oof5_validation_teacher,2
Case3039,train,teacher_mask_path,/users/a/e/aereinh/CARE/data/nnUNet/nnUNet_results/Dataset501_CAREMyoPS/nnUNetTrainer_500epochs__nnUNetPlans__3d_fullres/fold_4/validation/Case3039.nii.gz,True,c9e04e78b138f248f8e9d6fcb938768d8147ab1946b49c29fe2a53a9a7fcb70f,nnunet_oof5_validation_teacher,4
Case3039,train,teacher_softmax_path,/users/a/e/aereinh/CARE/data/nnUNet/nnUNet_results/Dataset501_CAREMyoPS/nnUNetTrainer_500epochs__nnUNetPlans__3d_fullres/fold_4/validation/Case3039.npz,True,34935a38c5bb8d6e5d6d572e4cee05f2220461157dad7ebcd6765e89fb6f50f2,nnunet_oof5_validation_teacher,4
Case3041,train,teacher_mask_path,/users/a/e/aereinh/CARE/data/nnUNet/nnUNet_results/Dataset501_CAREMyoPS/nnUNetTrainer_500epochs__nnUNetPlans__3d_fullres/fold_1/validation/Case3041.nii.gz,True,96c9a701ca1d9aea067d690785804e14faad9cf6625d224a58b63c89c54ee6cd,nnunet_oof5_validation_teacher,1
Case3041,train,teacher_softmax_path,/users/a/e/aereinh/CARE/data/nnUNet/nnUNet_results/Dataset501_CAREMyoPS/nnUNetTrainer_500epochs__nnUNetPlans__3d_fullres/fold_1/validation/Case3041.npz,True,fb3f28e273ff2712c0f73096c71d52a58eda61da05891c063feeb2df5b400daa,nnunet_oof5_validation_teacher,1
Case3042,train,teacher_mask_path,/users/a/e/aereinh/CARE/data/nnUNet/nnUNet_results/Dataset501_CAREMyoPS/nnUNetTrainer_500epochs__nnUNetPlans__3d_fullres/fold_4/validation/Case3042.nii.gz,True,e0045bd07e3636b1ad3c80f41f23448c55196bad370c73248aac99a6de3b8b75,nnunet_oof5_validation_teacher,4
Case3042,train,teacher_softmax_path,/users/a/e/aereinh/CARE/data/nnUNet/nnUNet_results/Dataset501_CAREMyoPS/nnUNetTrainer_500epochs__nnUNetPlans__3d_fullres/fold_4/validation/Case3042.npz,True,8d3c5f0a925be83347b0bdc455cd7d51cc1b28c4092f63d52b5394de75c3c201,nnunet_oof5_validation_teacher,4
Case3043,train,teacher_mask_path,/users/a/e/aereinh/CARE/data/nnUNet/nnUNet_results/Dataset501_CAREMyoPS/nnUNetTrainer_500epochs__nnUNetPlans__3d_fullres/fold_4/validation/Case3043.nii.gz,True,4ab8b300394811adf60cc03b3ae0c5e19c577e876042d97727856c86f89dfd6c,nnunet_oof5_validation_teacher,4
Case3043,train,teacher_softmax_path,/users/a/e/aereinh/CARE/data/nnUNet/nnUNet_results/Dataset501_CAREMyoPS/nnUNetTrainer_500epochs__nnUNetPlans__3d_fullres/fold_4/validation/Case3043.npz,True,956c08defe0db9a23926683aa2b1cbcbb4623db683068d8345b2abd28b5ef1b3,nnunet_oof5_validation_teacher,4
Case3045,train,teacher_mask_path,/users/a/e/aereinh/CARE/data/nnUNet/nnUNet_results/Dataset501_CAREMyoPS/nnUNetTrainer_500epochs__nnUNetPlans__3d_fullres/fold_3/validation/Case3045.nii.gz,True,e5eed85188cb6d3ea186e659fcf392ac595be458d6c73c23c1946e9b34e13ecd,nnunet_oof5_validation_teacher,3
Case3045,train,teacher_softmax_path,/users/a/e/aereinh/CARE/data/nnUNet/nnUNet_results/Dataset501_CAREMyoPS/nnUNetTrainer_500epochs__nnUNetPlans__3d_fullres/fold_3/validation/Case3045.npz,True,9c02f6ce101d6dc96dcbeba459110f22460510c6982eb061c07cd17c05af0247,nnunet_oof5_validation_teacher,3
Case5001,train,teacher_mask_path,/users/a/e/aereinh/CARE/data/nnUNet/nnUNet_results/Dataset501_CAREMyoPS/nnUNetTrainer_500epochs__nnUNetPlans__3d_fullres/fold_2/validation/Case5001.nii.gz,True,7cf37ce52c0db9510be21291ef45d39e591adeac1216122c7f11a3e4a0e3f64b,nnunet_oof5_validation_teacher,2
Case5001,train,teacher_softmax_path,/users/a/e/aereinh/CARE/data/nnUNet/nnUNet_results/Dataset501_CAREMyoPS/nnUNetTrainer_500epochs__nnUNetPlans__3d_fullres/fold_2/validation/Case5001.npz,True,c0bca0f896da6a480eb8a30e877e288c9bdeb1c1dd45913202f318a97a9d641c,nnunet_oof5_validation_teacher,2
Case5002,train,teacher_mask_path,/users/a/e/aereinh/CARE/data/nnUNet/nnUNet_results/Dataset501_CAREMyoPS/nnUNetTrainer_500epochs__nnUNetPlans__3d_fullres/fold_3/validation/Case5002.nii.gz,True,79a3725ad02718bdfaf93c71a2fbc77694d1cc6b17c63ae43ecc9648c647f63a,nnunet_oof5_validation_teacher,3
Case5002,train,teacher_softmax_path,/users/a/e/aereinh/CARE/data/nnUNet/nnUNet_results/Dataset501_CAREMyoPS/nnUNetTrainer_500epochs__nnUNetPlans__3d_fullres/fold_3/validation/Case5002.npz,True,60610bf8dd802d4233e234f9a0605c26f2ce2e2039632274d8909ea5f59c1153,nnunet_oof5_validation_teacher,3
Case5003,train,teacher_mask_path,/users/a/e/aereinh/CARE/data/nnUNet/nnUNet_results/Dataset501_CAREMyoPS/nnUNetTrainer_500epochs__nnUNetPlans__3d_fullres/fold_4/validation/Case5003.nii.gz,True,0bd3a105e387f67595835d6d25da8e7abb519fa79a66a4695887bfe02d48d20c,nnunet_oof5_validation_teacher,4
Case5003,train,teacher_softmax_path,/users/a/e/aereinh/CARE/data/nnUNet/nnUNet_results/Dataset501_CAREMyoPS/nnUNetTrainer_500epochs__nnUNetPlans__3d_fullres/fold_4/validation/Case5003.npz,True,7b9472f60de13ce58e6eb6c47a3fc93fa31320f160745b6152666d03d5c85a14,nnunet_oof5_validation_teacher,4
Case5006,train,teacher_mask_path,/users/a/e/aereinh/CARE/data/nnUNet/nnUNet_results/Dataset501_CAREMyoPS/nnUNetTrainer_500epochs__nnUNetPlans__3d_fullres/fold_2/validation/Case5006.nii.gz,True,247a1a4b8654bd5819b1a3ab14b9ed7ef78ca0766f056a1f6442d1e5edcfad4e,nnunet_oof5_validation_teacher,2
Case5006,train,teacher_softmax_path,/users/a/e/aereinh/CARE/data/nnUNet/nnUNet_results/Dataset501_CAREMyoPS/nnUNetTrainer_500epochs__nnUNetPlans__3d_fullres/fold_2/validation/Case5006.npz,True,fcccf7253bf6b16aabbea30afa2101a91e100d130de534bc04e73e5f2ffeb7ae,nnunet_oof5_validation_teacher,2
Case5007,train,teacher_mask_path,/users/a/e/aereinh/CARE/data/nnUNet/nnUNet_results/Dataset501_CAREMyoPS/nnUNetTrainer_500epochs__nnUNetPlans__3d_fullres/fold_1/validation/Case5007.nii.gz,True,c87dd46d7083299c226b68a76c8d8add3a30a33195dd0f8a107a97b77f99bdbc,nnunet_oof5_validation_teacher,1
Case5007,train,teacher_softmax_path,/users/a/e/aereinh/CARE/data/nnUNet/nnUNet_results/Dataset501_CAREMyoPS/nnUNetTrainer_500epochs__nnUNetPlans__3d_fullres/fold_1/validation/Case5007.npz,True,1566dd5eef2430fea690dde61be24556a1858f3e706585fa17197579b6d12115,nnunet_oof5_validation_teacher,1
Case5010,train,teacher_mask_path,/users/a/e/aereinh/CARE/data/nnUNet/nnUNet_results/Dataset501_CAREMyoPS/nnUNetTrainer_500epochs__nnUNetPlans__3d_fullres/fold_1/validation/Case5010.nii.gz,True,2ab0d69d80b188bdf83564839bcbaca25c135adc101a9cd7479e1a49fc3d60cd,nnunet_oof5_validation_teacher,1
Case5010,train,teacher_softmax_path,/users/a/e/aereinh/CARE/data/nnUNet/nnUNet_results/Dataset501_CAREMyoPS/nnUNetTrainer_500epochs__nnUNetPlans__3d_fullres/fold_1/validation/Case5010.npz,True,f36485cb86baeed21439be917bc2160015436e34109c5946f260039ea2ae3883,nnunet_oof5_validation_teacher,1
Case6002,train,teacher_mask_path,/users/a/e/aereinh/CARE/data/nnUNet/nnUNet_results/Dataset501_CAREMyoPS/nnUNetTrainer_500epochs__nnUNetPlans__3d_fullres/fold_3/validation/Case6002.nii.gz,True,cba25359e27adefb56dff8b6f3d1a50a67bb995f2c8b2c2c4e7345153d1f24fa,nnunet_oof5_validation_teacher,3
Case6002,train,teacher_softmax_path,/users/a/e/aereinh/CARE/data/nnUNet/nnUNet_results/Dataset501_CAREMyoPS/nnUNetTrainer_500epochs__nnUNetPlans__3d_fullres/fold_3/validation/Case6002.npz,True,0e2957c335d696e5df9c90cad88af03df80add0721cb1059b8f6436774dde780,nnunet_oof5_validation_teacher,3
Case6003,train,teacher_mask_path,/users/a/e/aereinh/CARE/data/nnUNet/nnUNet_results/Dataset501_CAREMyoPS/nnUNetTrainer_500epochs__nnUNetPlans__3d_fullres/fold_2/validation/Case6003.nii.gz,True,2e0d6aa3edffb108814fd667284bf4581821fe0e8ae8e75b42c36a5e8cf0ea1a,nnunet_oof5_validation_teacher,2
Case6003,train,teacher_softmax_path,/users/a/e/aereinh/CARE/data/nnUNet/nnUNet_results/Dataset501_CAREMyoPS/nnUNetTrainer_500epochs__nnUNetPlans__3d_fullres/fold_2/validation/Case6003.npz,True,810fcd02b19be0f17cda9c1cb5b8fc598760735e51bf642cce82cffce1e548a4,nnunet_oof5_validation_teacher,2
Case6004,train,teacher_mask_path,/users/a/e/aereinh/CARE/data/nnUNet/nnUNet_results/Dataset501_CAREMyoPS/nnUNetTrainer_500epochs__nnUNetPlans__3d_fullres/fold_1/validation/Case6004.nii.gz,True,60f16d40a906b8846b2076f9c08dbe36fdf566a782f8735b49a4d718459609e0,nnunet_oof5_validation_teacher,1
Case6004,train,teacher_softmax_path,/users/a/e/aereinh/CARE/data/nnUNet/nnUNet_results/Dataset501_CAREMyoPS/nnUNetTrainer_500epochs__nnUNetPlans__3d_fullres/fold_1/validation/Case6004.npz,True,55caeeea457eb409bf0302517110afe28b5fca49387054b1c3b2ba197d69a035,nnunet_oof5_validation_teacher,1
Case6005,train,teacher_mask_path,/users/a/e/aereinh/CARE/data/nnUNet/nnUNet_results/Dataset501_CAREMyoPS/nnUNetTrainer_500epochs__nnUNetPlans__3d_fullres/fold_3/validation/Case6005.nii.gz,True,0aae7dcaa0e3903adfbd90bd23ccc0b6bc4e8c3ab14515dbed25a0712beeb9d1,nnunet_oof5_validation_teacher,3
Case6005,train,teacher_softmax_path,/users/a/e/aereinh/CARE/data/nnUNet/nnUNet_results/Dataset501_CAREMyoPS/nnUNetTrainer_500epochs__nnUNetPlans__3d_fullres/fold_3/validation/Case6005.npz,True,SKIPPED_LARGE_FILE_HASH_USE_SOURCE_MANIFEST,nnunet_oof5_validation_teacher,3
Case6006,train,teacher_mask_path,/users/a/e/aereinh/CARE/data/nnUNet/nnUNet_results/Dataset501_CAREMyoPS/nnUNetTrainer_500epochs__nnUNetPlans__3d_fullres/fold_1/validation/Case6006.nii.gz,True,315c6e62347baf9f594b0b154f7853999e5f3cf8a46bc3fa47f90a3f18e4bd10,nnunet_oof5_validation_teacher,1
Case6006,train,teacher_softmax_path,/users/a/e/aereinh/CARE/data/nnUNet/nnUNet_results/Dataset501_CAREMyoPS/nnUNetTrainer_500epochs__nnUNetPlans__3d_fullres/fold_1/validation/Case6006.npz,True,332d8e33c0e5ec5c6e630c68c85d31db5237e25e30ad1a644b679db2452d6aca,nnunet_oof5_validation_teacher,1
Case6008,train,teacher_mask_path,/users/a/e/aereinh/CARE/data/nnUNet/nnUNet_results/Dataset501_CAREMyoPS/nnUNetTrainer_500epochs__nnUNetPlans__3d_fullres/fold_4/validation/Case6008.nii.gz,True,0402a01339e36fc2eb7cb40cffd6a0d2b7a78514968f384f4070f118f6091e06,nnunet_oof5_validation_teacher,4
Case6008,train,teacher_softmax_path,/users/a/e/aereinh/CARE/data/nnUNet/nnUNet_results/Dataset501_CAREMyoPS/nnUNetTrainer_500epochs__nnUNetPlans__3d_fullres/fold_4/validation/Case6008.npz,True,5c5e910dd0765ccbb86c58fd330a43db523be9270c8db6a50f719a77863c7e5d,nnunet_oof5_validation_teacher,4
Case6009,train,teacher_mask_path,/users/a/e/aereinh/CARE/data/nnUNet/nnUNet_results/Dataset501_CAREMyoPS/nnUNetTrainer_500epochs__nnUNetPlans__3d_fullres/fold_4/validation/Case6009.nii.gz,True,ae2783c5ecd1572054652bf1bce66b98e8f2eee27df9f500e19777566caf7b72,nnunet_oof5_validation_teacher,4
Case6009,train,teacher_softmax_path,/users/a/e/aereinh/CARE/data/nnUNet/nnUNet_results/Dataset501_CAREMyoPS/nnUNetTrainer_500epochs__nnUNetPlans__3d_fullres/fold_4/validation/Case6009.npz,True,68efc33a49119b46903504abe908beb84b00790954396ca5088cd6d9f3c0ff41,nnunet_oof5_validation_teacher,4
Case7001,train,teacher_mask_path,/users/a/e/aereinh/CARE/data/nnUNet/nnUNet_results/Dataset501_CAREMyoPS/nnUNetTrainer_500epochs__nnUNetPlans__3d_fullres/fold_3/validation/Case7001.nii.gz,True,3c1b03e1d08acba2c36d3a28a117fb0b977a075b81840d1367bb6ac2867c019c,nnunet_oof5_validation_teacher,3
Case7001,train,teacher_softmax_path,/users/a/e/aereinh/CARE/data/nnUNet/nnUNet_results/Dataset501_CAREMyoPS/nnUNetTrainer_500epochs__nnUNetPlans__3d_fullres/fold_3/validation/Case7001.npz,True,989aabbb1a07ce2c1233ca96025521d161bf01f8a6106b05c30430204d5cd012,nnunet_oof5_validation_teacher,3
Case7002,train,teacher_mask_path,/users/a/e/aereinh/CARE/data/nnUNet/nnUNet_results/Dataset501_CAREMyoPS/nnUNetTrainer_500epochs__nnUNetPlans__3d_fullres/fold_2/validation/Case7002.nii.gz,True,34f9d4df8d07dc73baa0bfce448f22b070f9818c8be9c67131e4318f30ba2d6d,nnunet_oof5_validation_teacher,2
Case7002,train,teacher_softmax_path,/users/a/e/aereinh/CARE/data/nnUNet/nnUNet_results/Dataset501_CAREMyoPS/nnUNetTrainer_500epochs__nnUNetPlans__3d_fullres/fold_2/validation/Case7002.npz,True,1b1c34090fe2ec33d6aeeeafe191c7968ee7b1afb3a08946e17ea22e5aee8c06,nnunet_oof5_validation_teacher,2
Case7004,train,teacher_mask_path,/users/a/e/aereinh/CARE/data/nnUNet/nnUNet_results/Dataset501_CAREMyoPS/nnUNetTrainer_500epochs__nnUNetPlans__3d_fullres/fold_1/validation/Case7004.nii.gz,True,b303bd81c73f1dd166ecdda3952240820a7ac69d10e8a52a39908c50257adbbe,nnunet_oof5_validation_teacher,1
Case7004,train,teacher_softmax_path,/users/a/e/aereinh/CARE/data/nnUNet/nnUNet_results/Dataset501_CAREMyoPS/nnUNetTrainer_500epochs__nnUNetPlans__3d_fullres/fold_1/validation/Case7004.npz,True,00d0607fb80064e20fa6f1a9cb3158c6e593b6cab6a0dd4e5231bedb058d0f7b,nnunet_oof5_validation_teacher,1
Case7006,train,teacher_mask_path,/users/a/e/aereinh/CARE/data/nnUNet/nnUNet_results/Dataset501_CAREMyoPS/nnUNetTrainer_500epochs__nnUNetPlans__3d_fullres/fold_4/validation/Case7006.nii.gz,True,7665d1368db43f83c5a3ae46aa06eadf8cafcc396298808464c15d8cb4a794c1,nnunet_oof5_validation_teacher,4
Case7006,train,teacher_softmax_path,/users/a/e/aereinh/CARE/data/nnUNet/nnUNet_results/Dataset501_CAREMyoPS/nnUNetTrainer_500epochs__nnUNetPlans__3d_fullres/fold_4/validation/Case7006.npz,True,671ff9dafc691d50e861852b2cb8b5679044bd87adb3913ed7301217f6b564f7,nnunet_oof5_validation_teacher,4
Case7008,train,teacher_mask_path,/users/a/e/aereinh/CARE/data/nnUNet/nnUNet_results/Dataset501_CAREMyoPS/nnUNetTrainer_500epochs__nnUNetPlans__3d_fullres/fold_3/validation/Case7008.nii.gz,True,8d82d8de02d3fdac9874a7a37a1f0ea9913ac51ab6706f3eaeb98aee9d9b4582,nnunet_oof5_validation_teacher,3
Case7008,train,teacher_softmax_path,/users/a/e/aereinh/CARE/data/nnUNet/nnUNet_results/Dataset501_CAREMyoPS/nnUNetTrainer_500epochs__nnUNetPlans__3d_fullres/fold_3/validation/Case7008.npz,True,da49e3af61e42317d21c48ae4b863b2b5f9431d29e9c64c240e226397e0f06f4,nnunet_oof5_validation_teacher,3
Case7009,train,teacher_mask_path,/users/a/e/aereinh/CARE/data/nnUNet/nnUNet_results/Dataset501_CAREMyoPS/nnUNetTrainer_500epochs__nnUNetPlans__3d_fullres/fold_4/validation/Case7009.nii.gz,True,3cf6a988aff08924265ec17cac1029c1c0af57fde229e8ccc3aca7c93f0c53af,nnunet_oof5_validation_teacher,4
Case7009,train,teacher_softmax_path,/users/a/e/aereinh/CARE/data/nnUNet/nnUNet_results/Dataset501_CAREMyoPS/nnUNetTrainer_500epochs__nnUNetPlans__3d_fullres/fold_4/validation/Case7009.npz,True,a565f87b6132ba46aec1ba9f4a47ee20b609dc91667494ba86f4e46dfb869090,nnunet_oof5_validation_teacher,4
Case7010,train,teacher_mask_path,/users/a/e/aereinh/CARE/data/nnUNet/nnUNet_results/Dataset501_CAREMyoPS/nnUNetTrainer_500epochs__nnUNetPlans__3d_fullres/fold_2/validation/Case7010.nii.gz,True,6cf30c25fa23b9e120b0cf1270e6ac95a05e67cf14389d40494478282fbe2a76,nnunet_oof5_validation_teacher,2
Case7010,train,teacher_softmax_path,/users/a/e/aereinh/CARE/data/nnUNet/nnUNet_results/Dataset501_CAREMyoPS/nnUNetTrainer_500epochs__nnUNetPlans__3d_fullres/fold_2/validation/Case7010.npz,True,481e43e03b34c7d3ad64ea7fb6604d66f7ee2c4cdb8ba8f2612c4133e6c642df,nnunet_oof5_validation_teacher,2
Case8001,train,teacher_mask_path,/users/a/e/aereinh/CARE/data/nnUNet/nnUNet_results/Dataset501_CAREMyoPS/nnUNetTrainer_500epochs__nnUNetPlans__3d_fullres/fold_4/validation/Case8001.nii.gz,True,9e03a752108c769477ca4812023e383bb894ead21c2971e26b9f16ed04bfc81a,nnunet_oof5_validation_teacher,4
Case8001,train,teacher_softmax_path,/users/a/e/aereinh/CARE/data/nnUNet/nnUNet_results/Dataset501_CAREMyoPS/nnUNetTrainer_500epochs__nnUNetPlans__3d_fullres/fold_4/validation/Case8001.npz,True,5917e4fe78e5296df7e4166ec6b07d8564eabbd34335726adf0841880c3457f9,nnunet_oof5_validation_teacher,4
Case8002,train,teacher_mask_path,/users/a/e/aereinh/CARE/data/nnUNet/nnUNet_results/Dataset501_CAREMyoPS/nnUNetTrainer_500epochs__nnUNetPlans__3d_fullres/fold_2/validation/Case8002.nii.gz,True,c189088fd375011c3ae526fbac883b9cac569a347606d6bbe8dac7ad7b30456c,nnunet_oof5_validation_teacher,2
Case8002,train,teacher_softmax_path,/users/a/e/aereinh/CARE/data/nnUNet/nnUNet_results/Dataset501_CAREMyoPS/nnUNetTrainer_500epochs__nnUNetPlans__3d_fullres/fold_2/validation/Case8002.npz,True,f4eae4f60dcd3764e48fef972a42783b04f75154a36760e35d7457489a0c0860,nnunet_oof5_validation_teacher,2
Case8004,train,teacher_mask_path,/users/a/e/aereinh/CARE/data/nnUNet/nnUNet_results/Dataset501_CAREMyoPS/nnUNetTrainer_500epochs__nnUNetPlans__3d_fullres/fold_1/validation/Case8004.nii.gz,True,7e396399bcccd98307fe854f1695469cd34f1aaa3b97b0e5d006f69fb063fb94,nnunet_oof5_validation_teacher,1
Case8004,train,teacher_softmax_path,/users/a/e/aereinh/CARE/data/nnUNet/nnUNet_results/Dataset501_CAREMyoPS/nnUNetTrainer_500epochs__nnUNetPlans__3d_fullres/fold_1/validation/Case8004.npz,True,31b7ac617448c9b69c11990d6225110e7c48b5a90d19cd871a4ba45f0adf93d7,nnunet_oof5_validation_teacher,1
Case8005,train,teacher_mask_path,/users/a/e/aereinh/CARE/data/nnUNet/nnUNet_results/Dataset501_CAREMyoPS/nnUNetTrainer_500epochs__nnUNetPlans__3d_fullres/fold_2/validation/Case8005.nii.gz,True,024d48b665d6fccaa9d489f0222af4ac1d56ab28ba2527f766ef1000e2c683cf,nnunet_oof5_validation_teacher,2
Case8005,train,teacher_softmax_path,/users/a/e/aereinh/CARE/data/nnUNet/nnUNet_results/Dataset501_CAREMyoPS/nnUNetTrainer_500epochs__nnUNetPlans__3d_fullres/fold_2/validation/Case8005.npz,True,1dd58fa0e921a2faed2659a228051b9f1c1ed3253ab57518bc75aee2b384cec0,nnunet_oof5_validation_teacher,2
Case8006,train,teacher_mask_path,/users/a/e/aereinh/CARE/data/nnUNet/nnUNet_results/Dataset501_CAREMyoPS/nnUNetTrainer_500epochs__nnUNetPlans__3d_fullres/fold_1/validation/Case8006.nii.gz,True,2649cb18573cdbd1b390c0af52f074bb6f263bd5c896ba6b9c573f69d95823f9,nnunet_oof5_validation_teacher,1
Case8006,train,teacher_softmax_path,/users/a/e/aereinh/CARE/data/nnUNet/nnUNet_results/Dataset501_CAREMyoPS/nnUNetTrainer_500epochs__nnUNetPlans__3d_fullres/fold_1/validation/Case8006.npz,True,ab60d00e021561786608c243bdde8b4f6415840e4d0a46e330f199ebcb2229c4,nnunet_oof5_validation_teacher,1
Case8007,train,teacher_mask_path,/users/a/e/aereinh/CARE/data/nnUNet/nnUNet_results/Dataset501_CAREMyoPS/nnUNetTrainer_500epochs__nnUNetPlans__3d_fullres/fold_4/validation/Case8007.nii.gz,True,25bf89fe85ba489ae3640b92bab755d445d0c9947bf72d969e578a7c39ec87b3,nnunet_oof5_validation_teacher,4
Case8007,train,teacher_softmax_path,/users/a/e/aereinh/CARE/data/nnUNet/nnUNet_results/Dataset501_CAREMyoPS/nnUNetTrainer_500epochs__nnUNetPlans__3d_fullres/fold_4/validation/Case8007.npz,True,eec24abdf2bd2f18fc6cb9b48a85a1368fc8d1bf9a774d482bce7f643216d87b,nnunet_oof5_validation_teacher,4
Case8008,train,teacher_mask_path,/users/a/e/aereinh/CARE/data/nnUNet/nnUNet_results/Dataset501_CAREMyoPS/nnUNetTrainer_500epochs__nnUNetPlans__3d_fullres/fold_1/validation/Case8008.nii.gz,True,1e44f41f121ab6f6d5e831b63fe474a522bf1691635d96e3ea214b226bf8c46a,nnunet_oof5_validation_teacher,1
Case8008,train,teacher_softmax_path,/users/a/e/aereinh/CARE/data/nnUNet/nnUNet_results/Dataset501_CAREMyoPS/nnUNetTrainer_500epochs__nnUNetPlans__3d_fullres/fold_1/validation/Case8008.npz,True,a7d678b36f469f5674bbe45e86d327ede9f6c873aa5a1aae2d7f36ce91d50569,nnunet_oof5_validation_teacher,1
Case8009,train,teacher_mask_path,/users/a/e/aereinh/CARE/data/nnUNet/nnUNet_results/Dataset501_CAREMyoPS/nnUNetTrainer_500epochs__nnUNetPlans__3d_fullres/fold_2/validation/Case8009.nii.gz,True,5d0d77358316f46fa9370aa4ae0859c4f023038873cd43a08646bfc0b37dc70a,nnunet_oof5_validation_teacher,2
Case8009,train,teacher_softmax_path,/users/a/e/aereinh/CARE/data/nnUNet/nnUNet_results/Dataset501_CAREMyoPS/nnUNetTrainer_500epochs__nnUNetPlans__3d_fullres/fold_2/validation/Case8009.npz,True,50d75e7e5ea2a2a367e9b39ffba4451bcd1eb54e17c848420f9a767194e9ab96,nnunet_oof5_validation_teacher,2
Case8010,train,teacher_mask_path,/users/a/e/aereinh/CARE/data/nnUNet/nnUNet_results/Dataset501_CAREMyoPS/nnUNetTrainer_500epochs__nnUNetPlans__3d_fullres/fold_3/validation/Case8010.nii.gz,True,aadcc5e14e84bff2d1b043f66821a37f3d06f98e339256d2d64003636dfcb404,nnunet_oof5_validation_teacher,3
Case8010,train,teacher_softmax_path,/users/a/e/aereinh/CARE/data/nnUNet/nnUNet_results/Dataset501_CAREMyoPS/nnUNetTrainer_500epochs__nnUNetPlans__3d_fullres/fold_3/validation/Case8010.npz,True,12a61e414971e0a2ca5d4ba8bb4b1de2f98838cc3973cf2ff1a8b1ea7af78190,nnunet_oof5_validation_teacher,3
Case8012,train,teacher_mask_path,/users/a/e/aereinh/CARE/data/nnUNet/nnUNet_results/Dataset501_CAREMyoPS/nnUNetTrainer_500epochs__nnUNetPlans__3d_fullres/fold_4/validation/Case8012.nii.gz,True,3e66e40c100ce05eb94b462325861db83940e94941421740b139864e9a81f914,nnunet_oof5_validation_teacher,4
Case8012,train,teacher_softmax_path,/users/a/e/aereinh/CARE/data/nnUNet/nnUNet_results/Dataset501_CAREMyoPS/nnUNetTrainer_500epochs__nnUNetPlans__3d_fullres/fold_4/validation/Case8012.npz,True,541b470657b15e804112c40f138d65f7afbd184941853b6f73a78ae0b495040b,nnunet_oof5_validation_teacher,4
Case8013,train,teacher_mask_path,/users/a/e/aereinh/CARE/data/nnUNet/nnUNet_results/Dataset501_CAREMyoPS/nnUNetTrainer_500epochs__nnUNetPlans__3d_fullres/fold_1/validation/Case8013.nii.gz,True,e3aa9c40c4eaf0365242f0d5f41bd9655c598b5dd4e0a17ec68daf153f7e6d93,nnunet_oof5_validation_teacher,1
Case8013,train,teacher_softmax_path,/users/a/e/aereinh/CARE/data/nnUNet/nnUNet_results/Dataset501_CAREMyoPS/nnUNetTrainer_500epochs__nnUNetPlans__3d_fullres/fold_1/validation/Case8013.npz,True,b4d3da094c2069ea77195e5f18013e092a88775b30180fabdf949fde226845de,nnunet_oof5_validation_teacher,1
Case8014,train,teacher_mask_path,/users/a/e/aereinh/CARE/data/nnUNet/nnUNet_results/Dataset501_CAREMyoPS/nnUNetTrainer_500epochs__nnUNetPlans__3d_fullres/fold_4/validation/Case8014.nii.gz,True,c7f9060d274003eaacfae8ba068213889904683b4b4cc93c486fadd38e82ba9a,nnunet_oof5_validation_teacher,4
Case8014,train,teacher_softmax_path,/users/a/e/aereinh/CARE/data/nnUNet/nnUNet_results/Dataset501_CAREMyoPS/nnUNetTrainer_500epochs__nnUNetPlans__3d_fullres/fold_4/validation/Case8014.npz,True,31b9abc6e8f78fe15e52ea376e9aea459672aa09e5c9b8a9717b48387bcdfa4a,nnunet_oof5_validation_teacher,4
Case8016,train,teacher_mask_path,/users/a/e/aereinh/CARE/data/nnUNet/nnUNet_results/Dataset501_CAREMyoPS/nnUNetTrainer_500epochs__nnUNetPlans__3d_fullres/fold_1/validation/Case8016.nii.gz,True,88c202ed46dd4c871e7c12a084cb4f2da9865b9a981cdb991d26a9c0d249a79a,nnunet_oof5_validation_teacher,1
Case8016,train,teacher_softmax_path,/users/a/e/aereinh/CARE/data/nnUNet/nnUNet_results/Dataset501_CAREMyoPS/nnUNetTrainer_500epochs__nnUNetPlans__3d_fullres/fold_1/validation/Case8016.npz,True,0ebf35d2f56849992e3a6d402f26387a7ee255e7b7a9760ab611e426637cb6f8,nnunet_oof5_validation_teacher,1
Case8017,train,teacher_mask_path,/users/a/e/aereinh/CARE/data/nnUNet/nnUNet_results/Dataset501_CAREMyoPS/nnUNetTrainer_500epochs__nnUNetPlans__3d_fullres/fold_2/validation/Case8017.nii.gz,True,60a0e7cd2ba0855d826815762fcc56247f7efed7a29393050000e58f4e7d4243,nnunet_oof5_validation_teacher,2
Case8017,train,teacher_softmax_path,/users/a/e/aereinh/CARE/data/nnUNet/nnUNet_results/Dataset501_CAREMyoPS/nnUNetTrainer_500epochs__nnUNetPlans__3d_fullres/fold_2/validation/Case8017.npz,True,a3ab057f3a1240dbf6a8d95f32a20245f34bd61225b30a409b0499960932d649,nnunet_oof5_validation_teacher,2
Case8018,train,teacher_mask_path,/users/a/e/aereinh/CARE/data/nnUNet/nnUNet_results/Dataset501_CAREMyoPS/nnUNetTrainer_500epochs__nnUNetPlans__3d_fullres/fold_3/validation/Case8018.nii.gz,True,0fc4839290d7d8f5e6ee8bd154152c73cefe3805cf6be1a2165579779b0f6200,nnunet_oof5_validation_teacher,3
Case8018,train,teacher_softmax_path,/users/a/e/aereinh/CARE/data/nnUNet/nnUNet_results/Dataset501_CAREMyoPS/nnUNetTrainer_500epochs__nnUNetPlans__3d_fullres/fold_3/validation/Case8018.npz,True,91904f5e0756c7edcf4d68f620018dc397c74604da0e1fdafb8c2c3853da26cf,nnunet_oof5_validation_teacher,3
Case8020,train,teacher_mask_path,/users/a/e/aereinh/CARE/data/nnUNet/nnUNet_results/Dataset501_CAREMyoPS/nnUNetTrainer_500epochs__nnUNetPlans__3d_fullres/fold_3/validation/Case8020.nii.gz,True,e9ad2da062df6ce7fdc89f56c23d82ec90582c68d3717d73967d71f1c139b639,nnunet_oof5_validation_teacher,3
Case8020,train,teacher_softmax_path,/users/a/e/aereinh/CARE/data/nnUNet/nnUNet_results/Dataset501_CAREMyoPS/nnUNetTrainer_500epochs__nnUNetPlans__3d_fullres/fold_3/validation/Case8020.npz,True,bbf626b0df0e9ede2135ed5e8770d2f2993979ccc7f852f7e6cfb78982e75e89,nnunet_oof5_validation_teacher,3
Case8024,train,teacher_mask_path,/users/a/e/aereinh/CARE/data/nnUNet/nnUNet_results/Dataset501_CAREMyoPS/nnUNetTrainer_500epochs__nnUNetPlans__3d_fullres/fold_1/validation/Case8024.nii.gz,True,dc84d1db391d90c9c88cc64dc8857c630b888ad9cbe9386fab05a8f8dcc3b788,nnunet_oof5_validation_teacher,1
Case8024,train,teacher_softmax_path,/users/a/e/aereinh/CARE/data/nnUNet/nnUNet_results/Dataset501_CAREMyoPS/nnUNetTrainer_500epochs__nnUNetPlans__3d_fullres/fold_1/validation/Case8024.npz,True,741e9faa4ba8a9b6e02373d599e006608ebe3af64db844192ac1cea86e3279b9,nnunet_oof5_validation_teacher,1
Case8025,train,teacher_mask_path,/users/a/e/aereinh/CARE/data/nnUNet/nnUNet_results/Dataset501_CAREMyoPS/nnUNetTrainer_500epochs__nnUNetPlans__3d_fullres/fold_3/validation/Case8025.nii.gz,True,bb356b98db7902b5b1dc293cb82923c88659eacd987aa0def8f7160abd960125,nnunet_oof5_validation_teacher,3
Case8025,train,teacher_softmax_path,/users/a/e/aereinh/CARE/data/nnUNet/nnUNet_results/Dataset501_CAREMyoPS/nnUNetTrainer_500epochs__nnUNetPlans__3d_fullres/fold_3/validation/Case8025.npz,True,153e8571f9c39a2045b6d6a32f40e2a0300cf71f4379304d8fb4f16f23017342,nnunet_oof5_validation_teacher,3
Case8026,train,teacher_mask_path,/users/a/e/aereinh/CARE/data/nnUNet/nnUNet_results/Dataset501_CAREMyoPS/nnUNetTrainer_500epochs__nnUNetPlans__3d_fullres/fold_4/validation/Case8026.nii.gz,True,5949b4073d13864a813d2e7b51ca0ebb3b30107a630f0e5d33d89f3dbae5d700,nnunet_oof5_validation_teacher,4
Case8026,train,teacher_softmax_path,/users/a/e/aereinh/CARE/data/nnUNet/nnUNet_results/Dataset501_CAREMyoPS/nnUNetTrainer_500epochs__nnUNetPlans__3d_fullres/fold_4/validation/Case8026.npz,True,1e3632499cfeff81505c068e455c2f154a0c8f9c5577bf7105c5c7df5b6ec5a1,nnunet_oof5_validation_teacher,4
Case8027,train,teacher_mask_path,/users/a/e/aereinh/CARE/data/nnUNet/nnUNet_results/Dataset501_CAREMyoPS/nnUNetTrainer_500epochs__nnUNetPlans__3d_fullres/fold_2/validation/Case8027.nii.gz,True,c0a364cf3193c4527f162058602cd1b49054bcef1736011c285854afe594e3e5,nnunet_oof5_validation_teacher,2
Case8027,train,teacher_softmax_path,/users/a/e/aereinh/CARE/data/nnUNet/nnUNet_results/Dataset501_CAREMyoPS/nnUNetTrainer_500epochs__nnUNetPlans__3d_fullres/fold_2/validation/Case8027.npz,True,32f19006f2b6633a89d3d51c92adca43685127cd67901a2cfe32281f9fc0a12e,nnunet_oof5_validation_teacher,2
Case8028,train,teacher_mask_path,/users/a/e/aereinh/CARE/data/nnUNet/nnUNet_results/Dataset501_CAREMyoPS/nnUNetTrainer_500epochs__nnUNetPlans__3d_fullres/fold_2/validation/Case8028.nii.gz,True,1aa77d3fbdda20204e40e3095945a1de26f8255b27e67af04b5451dd6eb05e93,nnunet_oof5_validation_teacher,2
Case8028,train,teacher_softmax_path,/users/a/e/aereinh/CARE/data/nnUNet/nnUNet_results/Dataset501_CAREMyoPS/nnUNetTrainer_500epochs__nnUNetPlans__3d_fullres/fold_2/validation/Case8028.npz,True,bb7e91c890c452a512f51fc57cb56d9934c2b4b4bf176ec6808f1b39f1f20347,nnunet_oof5_validation_teacher,2
Case8029,train,teacher_mask_path,/users/a/e/aereinh/CARE/data/nnUNet/nnUNet_results/Dataset501_CAREMyoPS/nnUNetTrainer_500epochs__nnUNetPlans__3d_fullres/fold_1/validation/Case8029.nii.gz,True,7265cff2aac283cc8b1cbcba6320aab5ee00fc8bdb8ffa3eb498ed11c04242a4,nnunet_oof5_validation_teacher,1
Case8029,train,teacher_softmax_path,/users/a/e/aereinh/CARE/data/nnUNet/nnUNet_results/Dataset501_CAREMyoPS/nnUNetTrainer_500epochs__nnUNetPlans__3d_fullres/fold_1/validation/Case8029.npz,True,4147628d341b313afff3e719998198847f5b8ed1b0e485c89e71c073fca81b73,nnunet_oof5_validation_teacher,1
Case8030,train,teacher_mask_path,/users/a/e/aereinh/CARE/data/nnUNet/nnUNet_results/Dataset501_CAREMyoPS/nnUNetTrainer_500epochs__nnUNetPlans__3d_fullres/fold_4/validation/Case8030.nii.gz,True,e927efd5c44ae409afce1f8211dc673d583e10731ee68ff31923a214017d1516,nnunet_oof5_validation_teacher,4
Case8030,train,teacher_softmax_path,/users/a/e/aereinh/CARE/data/nnUNet/nnUNet_results/Dataset501_CAREMyoPS/nnUNetTrainer_500epochs__nnUNetPlans__3d_fullres/fold_4/validation/Case8030.npz,True,036ecf414a46625c9336d2f50fa88beb62025d53bbc99cb7c77187dc120d5a11,nnunet_oof5_validation_teacher,4
Case8031,train,teacher_mask_path,/users/a/e/aereinh/CARE/data/nnUNet/nnUNet_results/Dataset501_CAREMyoPS/nnUNetTrainer_500epochs__nnUNetPlans__3d_fullres/fold_3/validation/Case8031.nii.gz,True,e8d2ab1a9dbbca0ca4aa4065f076eec98f6236ccb8deedfb4eb299b33247911e,nnunet_oof5_validation_teacher,3
Case8031,train,teacher_softmax_path,/users/a/e/aereinh/CARE/data/nnUNet/nnUNet_results/Dataset501_CAREMyoPS/nnUNetTrainer_500epochs__nnUNetPlans__3d_fullres/fold_3/validation/Case8031.npz,True,3582ceb6ad2c02af56cde4b4700512a3cd2ae0f876a15b7cc196def2d767cd81,nnunet_oof5_validation_teacher,3
Case8032,train,teacher_mask_path,/users/a/e/aereinh/CARE/data/nnUNet/nnUNet_results/Dataset501_CAREMyoPS/nnUNetTrainer_500epochs__nnUNetPlans__3d_fullres/fold_3/validation/Case8032.nii.gz,True,afbf3185855d5a2d72bf3fbb13405992ce2bf19cf653e52ba067266f1982fc18,nnunet_oof5_validation_teacher,3
Case8032,train,teacher_softmax_path,/users/a/e/aereinh/CARE/data/nnUNet/nnUNet_results/Dataset501_CAREMyoPS/nnUNetTrainer_500epochs__nnUNetPlans__3d_fullres/fold_3/validation/Case8032.npz,True,28da3ad6348e83ffbcc368592cb04e97de8bcdd2776c0ff21008f67b910f2d8a,nnunet_oof5_validation_teacher,3
Case8033,train,teacher_mask_path,/users/a/e/aereinh/CARE/data/nnUNet/nnUNet_results/Dataset501_CAREMyoPS/nnUNetTrainer_500epochs__nnUNetPlans__3d_fullres/fold_2/validation/Case8033.nii.gz,True,4bb810dfa0eac897333d7e5cc84313e44849c095a6aa27cb40bbd6eaea254d99,nnunet_oof5_validation_teacher,2
Case8033,train,teacher_softmax_path,/users/a/e/aereinh/CARE/data/nnUNet/nnUNet_results/Dataset501_CAREMyoPS/nnUNetTrainer_500epochs__nnUNetPlans__3d_fullres/fold_2/validation/Case8033.npz,True,db888769b1b5e66b6a69daa48c4890fc84076e405811aebb2317b2f0963e8992,nnunet_oof5_validation_teacher,2
Case8034,train,teacher_mask_path,/users/a/e/aereinh/CARE/data/nnUNet/nnUNet_results/Dataset501_CAREMyoPS/nnUNetTrainer_500epochs__nnUNetPlans__3d_fullres/fold_3/validation/Case8034.nii.gz,True,0fbe1fcfc32729e5cd86b3698f17c8b7bb7c3c090bd4ad416ffa5d5076d1ceae,nnunet_oof5_validation_teacher,3
Case8034,train,teacher_softmax_path,/users/a/e/aereinh/CARE/data/nnUNet/nnUNet_results/Dataset501_CAREMyoPS/nnUNetTrainer_500epochs__nnUNetPlans__3d_fullres/fold_3/validation/Case8034.npz,True,82cd07d1e8a62eaf3e665bec478cb06eb9992db99967986243790516f4f12789,nnunet_oof5_validation_teacher,3
Case8035,train,teacher_mask_path,/users/a/e/aereinh/CARE/data/nnUNet/nnUNet_results/Dataset501_CAREMyoPS/nnUNetTrainer_500epochs__nnUNetPlans__3d_fullres/fold_4/validation/Case8035.nii.gz,True,c066a8e983aa06adf7f9db7ccb4f53bb5018b174fb49fb9a1d324e5731005a17,nnunet_oof5_validation_teacher,4
Case8035,train,teacher_softmax_path,/users/a/e/aereinh/CARE/data/nnUNet/nnUNet_results/Dataset501_CAREMyoPS/nnUNetTrainer_500epochs__nnUNetPlans__3d_fullres/fold_4/validation/Case8035.npz,True,f7db64614f4c835286c9b431dfd673a52c5ffd498b146a2076bc7929d3bbc287,nnunet_oof5_validation_teacher,4
Case1002,val,teacher_mask_path,/users/a/e/aereinh/CARE/data/nnUNet/nnUNet_results/Dataset501_CAREMyoPS/nnUNetTrainer_500epochs__nnUNetPlans__3d_fullres/fold_0/validation/Case1002.nii.gz,True,3313bc4077c1f91438ddc16a42e9f7a3a6c1c4d8d10c79e212b06a90ccb991d4,nnunet_fold0_validation_teacher,0
Case1002,val,teacher_softmax_path,/users/a/e/aereinh/CARE/data/nnUNet/nnUNet_results/Dataset501_CAREMyoPS/nnUNetTrainer_500epochs__nnUNetPlans__3d_fullres/fold_0/validation/Case1002.npz,True,51e7d3f97e232825e5f5496b4f7237d04145b07c227640c0b20de83f4ee88b39,nnunet_fold0_validation_teacher,0
Case1007,val,teacher_mask_path,/users/a/e/aereinh/CARE/data/nnUNet/nnUNet_results/Dataset501_CAREMyoPS/nnUNetTrainer_500epochs__nnUNetPlans__3d_fullres/fold_0/validation/Case1007.nii.gz,True,80edc8f9d9b58b7c4b38abd80c661abfe38581abf65b93d67fe9382e7b4d3ed5,nnunet_fold0_validation_teacher,0
Case1007,val,teacher_softmax_path,/users/a/e/aereinh/CARE/data/nnUNet/nnUNet_results/Dataset501_CAREMyoPS/nnUNetTrainer_500epochs__nnUNetPlans__3d_fullres/fold_0/validation/Case1007.npz,True,SKIPPED_LARGE_FILE_HASH_USE_SOURCE_MANIFEST,nnunet_fold0_validation_teacher,0
Case1009,val,teacher_mask_path,/users/a/e/aereinh/CARE/data/nnUNet/nnUNet_results/Dataset501_CAREMyoPS/nnUNetTrainer_500epochs__nnUNetPlans__3d_fullres/fold_0/validation/Case1009.nii.gz,True,5f427d14d2d66d3e7909627e827832850a9c9e0014d7e00bd510847f2afe30d1,nnunet_fold0_validation_teacher,0
Case1009,val,teacher_softmax_path,/users/a/e/aereinh/CARE/data/nnUNet/nnUNet_results/Dataset501_CAREMyoPS/nnUNetTrainer_500epochs__nnUNetPlans__3d_fullres/fold_0/validation/Case1009.npz,True,a10fdbefc9ccccff6766801b0d7f079d6f2de470ab30cdfbc647a5fdd9bf5d93,nnunet_fold0_validation_teacher,0
Case1010,val,teacher_mask_path,/users/a/e/aereinh/CARE/data/nnUNet/nnUNet_results/Dataset501_CAREMyoPS/nnUNetTrainer_500epochs__nnUNetPlans__3d_fullres/fold_0/validation/Case1010.nii.gz,True,eca96b3cd4d72cbf98387e8c64f0745b05412d4186185f5e27a1bccaede49030,nnunet_fold0_validation_teacher,0
Case1010,val,teacher_softmax_path,/users/a/e/aereinh/CARE/data/nnUNet/nnUNet_results/Dataset501_CAREMyoPS/nnUNetTrainer_500epochs__nnUNetPlans__3d_fullres/fold_0/validation/Case1010.npz,True,483af96b848e63efe1ad2ecc28ab8577ba9c8d141afc05b89121469cec026633,nnunet_fold0_validation_teacher,0
Case1021,val,teacher_mask_path,/users/a/e/aereinh/CARE/data/nnUNet/nnUNet_results/Dataset501_CAREMyoPS/nnUNetTrainer_500epochs__nnUNetPlans__3d_fullres/fold_0/validation/Case1021.nii.gz,True,7ba14be0726b5f981ca1c018443a85c831c615b6d75bc01a07193f686e562cd8,nnunet_fold0_validation_teacher,0
Case1021,val,teacher_softmax_path,/users/a/e/aereinh/CARE/data/nnUNet/nnUNet_results/Dataset501_CAREMyoPS/nnUNetTrainer_500epochs__nnUNetPlans__3d_fullres/fold_0/validation/Case1021.npz,True,c099ed94fbf0c3d18ff5e24c88d97a2bfaa36eb773cc4f2b4b6da04c503286ca,nnunet_fold0_validation_teacher,0
Case1023,val,teacher_mask_path,/users/a/e/aereinh/CARE/data/nnUNet/nnUNet_results/Dataset501_CAREMyoPS/nnUNetTrainer_500epochs__nnUNetPlans__3d_fullres/fold_0/validation/Case1023.nii.gz,True,37c08a0ff19ef68acd3fd9a56b339373cee75e912e3bbe7904df288627bb2c72,nnunet_fold0_validation_teacher,0
Case1023,val,teacher_softmax_path,/users/a/e/aereinh/CARE/data/nnUNet/nnUNet_results/Dataset501_CAREMyoPS/nnUNetTrainer_500epochs__nnUNetPlans__3d_fullres/fold_0/validation/Case1023.npz,True,SKIPPED_LARGE_FILE_HASH_USE_SOURCE_MANIFEST,nnunet_fold0_validation_teacher,0
Case1029,val,teacher_mask_path,/users/a/e/aereinh/CARE/data/nnUNet/nnUNet_results/Dataset501_CAREMyoPS/nnUNetTrainer_500epochs__nnUNetPlans__3d_fullres/fold_0/validation/Case1029.nii.gz,True,12ae416adece95a2e52df0b450b3918255e71c2b620950b39e9ff5cce3ff0f4f,nnunet_fold0_validation_teacher,0
Case1029,val,teacher_softmax_path,/users/a/e/aereinh/CARE/data/nnUNet/nnUNet_results/Dataset501_CAREMyoPS/nnUNetTrainer_500epochs__nnUNetPlans__3d_fullres/fold_0/validation/Case1029.npz,True,SKIPPED_LARGE_FILE_HASH_USE_SOURCE_MANIFEST,nnunet_fold0_validation_teacher,0
Case1033,val,teacher_mask_path,/users/a/e/aereinh/CARE/data/nnUNet/nnUNet_results/Dataset501_CAREMyoPS/nnUNetTrainer_500epochs__nnUNetPlans__3d_fullres/fold_0/validation/Case1033.nii.gz,True,54e7a8c5cc571aab96022012998af488889e293f629c71c53cb6019ad255b43e,nnunet_fold0_validation_teacher,0
Case1033,val,teacher_softmax_path,/users/a/e/aereinh/CARE/data/nnUNet/nnUNet_results/Dataset501_CAREMyoPS/nnUNetTrainer_500epochs__nnUNetPlans__3d_fullres/fold_0/validation/Case1033.npz,True,SKIPPED_LARGE_FILE_HASH_USE_SOURCE_MANIFEST,nnunet_fold0_validation_teacher,0
Case1040,val,teacher_mask_path,/users/a/e/aereinh/CARE/data/nnUNet/nnUNet_results/Dataset501_CAREMyoPS/nnUNetTrainer_500epochs__nnUNetPlans__3d_fullres/fold_0/validation/Case1040.nii.gz,True,e77c662f25a7f57baa728283d8cc1f96f05229451b42b495735a43e816cb3e31,nnunet_fold0_validation_teacher,0
Case1040,val,teacher_softmax_path,/users/a/e/aereinh/CARE/data/nnUNet/nnUNet_results/Dataset501_CAREMyoPS/nnUNetTrainer_500epochs__nnUNetPlans__3d_fullres/fold_0/validation/Case1040.npz,True,39c4e6e851b5d1eece9ef9f8287f5d413b14843559980a4dd9df9db7c66f6e9d,nnunet_fold0_validation_teacher,0
Case1042,val,teacher_mask_path,/users/a/e/aereinh/CARE/data/nnUNet/nnUNet_results/Dataset501_CAREMyoPS/nnUNetTrainer_500epochs__nnUNetPlans__3d_fullres/fold_0/validation/Case1042.nii.gz,True,5e2209b90677c006fcbf37c6821a5ae021fb54c210b93a895354bb1a3c6d79bc,nnunet_fold0_validation_teacher,0
Case1042,val,teacher_softmax_path,/users/a/e/aereinh/CARE/data/nnUNet/nnUNet_results/Dataset501_CAREMyoPS/nnUNetTrainer_500epochs__nnUNetPlans__3d_fullres/fold_0/validation/Case1042.npz,True,408ad982a7a5e4fec73fadf9cbd437d2c197233a5ef0b1e429934d639812e3b2,nnunet_fold0_validation_teacher,0
Case1045,val,teacher_mask_path,/users/a/e/aereinh/CARE/data/nnUNet/nnUNet_results/Dataset501_CAREMyoPS/nnUNetTrainer_500epochs__nnUNetPlans__3d_fullres/fold_0/validation/Case1045.nii.gz,True,35d46014a830843e41a72db9f6a4bde03ebeb2373316cf793443e728dfe4c7d6,nnunet_fold0_validation_teacher,0
Case1045,val,teacher_softmax_path,/users/a/e/aereinh/CARE/data/nnUNet/nnUNet_results/Dataset501_CAREMyoPS/nnUNetTrainer_500epochs__nnUNetPlans__3d_fullres/fold_0/validation/Case1045.npz,True,1b52583f8099fa1cde2de883cd19c3ba3f9f77aa2fa00140fa20343255ea8802,nnunet_fold0_validation_teacher,0
Case1047,val,teacher_mask_path,/users/a/e/aereinh/CARE/data/nnUNet/nnUNet_results/Dataset501_CAREMyoPS/nnUNetTrainer_500epochs__nnUNetPlans__3d_fullres/fold_0/validation/Case1047.nii.gz,True,cea53a6df7a7a26fb34a194129095e3f13382fdae563ccdf5eb547e4d8d69b11,nnunet_fold0_validation_teacher,0
Case1047,val,teacher_softmax_path,/users/a/e/aereinh/CARE/data/nnUNet/nnUNet_results/Dataset501_CAREMyoPS/nnUNetTrainer_500epochs__nnUNetPlans__3d_fullres/fold_0/validation/Case1047.npz,True,SKIPPED_LARGE_FILE_HASH_USE_SOURCE_MANIFEST,nnunet_fold0_validation_teacher,0
Case1053,val,teacher_mask_path,/users/a/e/aereinh/CARE/data/nnUNet/nnUNet_results/Dataset501_CAREMyoPS/nnUNetTrainer_500epochs__nnUNetPlans__3d_fullres/fold_0/validation/Case1053.nii.gz,True,0c9096dc5464a9d3a905a6fce964a214f1021cb64d401c3aef6a3a5dcdc1974d,nnunet_fold0_validation_teacher,0
Case1053,val,teacher_softmax_path,/users/a/e/aereinh/CARE/data/nnUNet/nnUNet_results/Dataset501_CAREMyoPS/nnUNetTrainer_500epochs__nnUNetPlans__3d_fullres/fold_0/validation/Case1053.npz,True,e7ebf1530d97a04ad2ce4e22f8a3784b1a051ce978c6dd07bc73cfd1c4a570eb,nnunet_fold0_validation_teacher,0
Case1062,val,teacher_mask_path,/users/a/e/aereinh/CARE/data/nnUNet/nnUNet_results/Dataset501_CAREMyoPS/nnUNetTrainer_500epochs__nnUNetPlans__3d_fullres/fold_0/validation/Case1062.nii.gz,True,6643af2f99c382c1bb697464fdd3fa37810adbbacc50318a293843e2d6b7c536,nnunet_fold0_validation_teacher,0
Case1062,val,teacher_softmax_path,/users/a/e/aereinh/CARE/data/nnUNet/nnUNet_results/Dataset501_CAREMyoPS/nnUNetTrainer_500epochs__nnUNetPlans__3d_fullres/fold_0/validation/Case1062.npz,True,SKIPPED_LARGE_FILE_HASH_USE_SOURCE_MANIFEST,nnunet_fold0_validation_teacher,0
Case1070,val,teacher_mask_path,/users/a/e/aereinh/CARE/data/nnUNet/nnUNet_results/Dataset501_CAREMyoPS/nnUNetTrainer_500epochs__nnUNetPlans__3d_fullres/fold_0/validation/Case1070.nii.gz,True,d3259be642bdfcefaf0be70b4308e4a5eaacfc60ab7feffa5beabf9267cee895,nnunet_fold0_validation_teacher,0
Case1070,val,teacher_softmax_path,/users/a/e/aereinh/CARE/data/nnUNet/nnUNet_results/Dataset501_CAREMyoPS/nnUNetTrainer_500epochs__nnUNetPlans__3d_fullres/fold_0/validation/Case1070.npz,True,SKIPPED_LARGE_FILE_HASH_USE_SOURCE_MANIFEST,nnunet_fold0_validation_teacher,0
Case1073,val,teacher_mask_path,/users/a/e/aereinh/CARE/data/nnUNet/nnUNet_results/Dataset501_CAREMyoPS/nnUNetTrainer_500epochs__nnUNetPlans__3d_fullres/fold_0/validation/Case1073.nii.gz,True,cdf08976f6a3c254b50db2c0421138641b726152b6adb857c89733472e5f0ea1,nnunet_fold0_validation_teacher,0
Case1073,val,teacher_softmax_path,/users/a/e/aereinh/CARE/data/nnUNet/nnUNet_results/Dataset501_CAREMyoPS/nnUNetTrainer_500epochs__nnUNetPlans__3d_fullres/fold_0/validation/Case1073.npz,True,275fc9b4161545a1e90191a8417b611f210db6256bbca455d674c24f1f081c20,nnunet_fold0_validation_teacher,0
Case1080,val,teacher_mask_path,/users/a/e/aereinh/CARE/data/nnUNet/nnUNet_results/Dataset501_CAREMyoPS/nnUNetTrainer_500epochs__nnUNetPlans__3d_fullres/fold_0/validation/Case1080.nii.gz,True,b2274cb3ab14e3d5b1cef2da46cb8b4b10a6a00169d76d7905471e451df3fd1f,nnunet_fold0_validation_teacher,0
Case1080,val,teacher_softmax_path,/users/a/e/aereinh/CARE/data/nnUNet/nnUNet_results/Dataset501_CAREMyoPS/nnUNetTrainer_500epochs__nnUNetPlans__3d_fullres/fold_0/validation/Case1080.npz,True,d036b673abf75dc9d516d9b0b63d0b1c04a28c9aa697d62f770b8c3260ce3051,nnunet_fold0_validation_teacher,0
Case2002,val,teacher_mask_path,/users/a/e/aereinh/CARE/data/nnUNet/nnUNet_results/Dataset501_CAREMyoPS/nnUNetTrainer_500epochs__nnUNetPlans__3d_fullres/fold_0/validation/Case2002.nii.gz,True,e4eb145225bf93d1e2dcc026f29e402a3f9bc6c53bc0f3f3d17c2d0cc5ea0b17,nnunet_fold0_validation_teacher,0
Case2002,val,teacher_softmax_path,/users/a/e/aereinh/CARE/data/nnUNet/nnUNet_results/Dataset501_CAREMyoPS/nnUNetTrainer_500epochs__nnUNetPlans__3d_fullres/fold_0/validation/Case2002.npz,True,8f5f9d93a9669c143f5c843f07e8ace0cd591272d6a791075ed832a128708dd0,nnunet_fold0_validation_teacher,0
Case2007,val,teacher_mask_path,/users/a/e/aereinh/CARE/data/nnUNet/nnUNet_results/Dataset501_CAREMyoPS/nnUNetTrainer_500epochs__nnUNetPlans__3d_fullres/fold_0/validation/Case2007.nii.gz,True,115fe77f9008999c359248ed6aa8a57b51f8d643698d04be487d7678b063ad39,nnunet_fold0_validation_teacher,0
Case2007,val,teacher_softmax_path,/users/a/e/aereinh/CARE/data/nnUNet/nnUNet_results/Dataset501_CAREMyoPS/nnUNetTrainer_500epochs__nnUNetPlans__3d_fullres/fold_0/validation/Case2007.npz,True,83ce35ce9e19ae83a5197be1d176a092efa7636ebbe37072d532e6119434f146,nnunet_fold0_validation_teacher,0
Case2008,val,teacher_mask_path,/users/a/e/aereinh/CARE/data/nnUNet/nnUNet_results/Dataset501_CAREMyoPS/nnUNetTrainer_500epochs__nnUNetPlans__3d_fullres/fold_0/validation/Case2008.nii.gz,True,f6ea721bcf33fcef80d45c5b4b5ccfb65d412019021d53ed7c968d92eae14058,nnunet_fold0_validation_teacher,0
Case2008,val,teacher_softmax_path,/users/a/e/aereinh/CARE/data/nnUNet/nnUNet_results/Dataset501_CAREMyoPS/nnUNetTrainer_500epochs__nnUNetPlans__3d_fullres/fold_0/validation/Case2008.npz,True,a524d9d0e19d1298fb9822692cdf965e98b0a8a172a7d6b03ead33c3648a56da,nnunet_fold0_validation_teacher,0
Case2017,val,teacher_mask_path,/users/a/e/aereinh/CARE/data/nnUNet/nnUNet_results/Dataset501_CAREMyoPS/nnUNetTrainer_500epochs__nnUNetPlans__3d_fullres/fold_0/validation/Case2017.nii.gz,True,c5967b38d6492448f6272921d159646dacbdbbcd8ece6bff02dd9b518f6513f2,nnunet_fold0_validation_teacher,0
Case2017,val,teacher_softmax_path,/users/a/e/aereinh/CARE/data/nnUNet/nnUNet_results/Dataset501_CAREMyoPS/nnUNetTrainer_500epochs__nnUNetPlans__3d_fullres/fold_0/validation/Case2017.npz,True,a3e91c5c2ab565914e9043b5b518a1605b5f431c5323558f5cfdc4ba82ca894b,nnunet_fold0_validation_teacher,0
Case2020,val,teacher_mask_path,/users/a/e/aereinh/CARE/data/nnUNet/nnUNet_results/Dataset501_CAREMyoPS/nnUNetTrainer_500epochs__nnUNetPlans__3d_fullres/fold_0/validation/Case2020.nii.gz,True,5277e49cb61b04d7f4b111e9e194597496143623b035e2f333840b853e488d00,nnunet_fold0_validation_teacher,0
Case2020,val,teacher_softmax_path,/users/a/e/aereinh/CARE/data/nnUNet/nnUNet_results/Dataset501_CAREMyoPS/nnUNetTrainer_500epochs__nnUNetPlans__3d_fullres/fold_0/validation/Case2020.npz,True,2976c17326bd5a19107fbe7b6eb523ba7af87831b86c504deaf5e3c889f18bb9,nnunet_fold0_validation_teacher,0
Case2031,val,teacher_mask_path,/users/a/e/aereinh/CARE/data/nnUNet/nnUNet_results/Dataset501_CAREMyoPS/nnUNetTrainer_500epochs__nnUNetPlans__3d_fullres/fold_0/validation/Case2031.nii.gz,True,2b679fd882bf706a2776dba39359d9bf49b4ce4c1f5940896ae6476b643dc9b0,nnunet_fold0_validation_teacher,0
Case2031,val,teacher_softmax_path,/users/a/e/aereinh/CARE/data/nnUNet/nnUNet_results/Dataset501_CAREMyoPS/nnUNetTrainer_500epochs__nnUNetPlans__3d_fullres/fold_0/validation/Case2031.npz,True,508877b87398526c7380435881e1b5d56404cf9243fee8e63df7033732141d2d,nnunet_fold0_validation_teacher,0
Case2033,val,teacher_mask_path,/users/a/e/aereinh/CARE/data/nnUNet/nnUNet_results/Dataset501_CAREMyoPS/nnUNetTrainer_500epochs__nnUNetPlans__3d_fullres/fold_0/validation/Case2033.nii.gz,True,b21e4107e18f9854d6634f392b5dc895028991377b406839d323ea5b3d6f7237,nnunet_fold0_validation_teacher,0
Case2033,val,teacher_softmax_path,/users/a/e/aereinh/CARE/data/nnUNet/nnUNet_results/Dataset501_CAREMyoPS/nnUNetTrainer_500epochs__nnUNetPlans__3d_fullres/fold_0/validation/Case2033.npz,True,442c402b066c1bdba9e01367913d7f26940bf3ae415a14cff72e72832939f888,nnunet_fold0_validation_teacher,0
Case3004,val,teacher_mask_path,/users/a/e/aereinh/CARE/data/nnUNet/nnUNet_results/Dataset501_CAREMyoPS/nnUNetTrainer_500epochs__nnUNetPlans__3d_fullres/fold_0/validation/Case3004.nii.gz,True,13553c93a66e58b00f374a36373d6139e4beaf3cf1e5acde7f4ee8483f1f41c4,nnunet_fold0_validation_teacher,0
Case3004,val,teacher_softmax_path,/users/a/e/aereinh/CARE/data/nnUNet/nnUNet_results/Dataset501_CAREMyoPS/nnUNetTrainer_500epochs__nnUNetPlans__3d_fullres/fold_0/validation/Case3004.npz,True,SKIPPED_LARGE_FILE_HASH_USE_SOURCE_MANIFEST,nnunet_fold0_validation_teacher,0
Case3011,val,teacher_mask_path,/users/a/e/aereinh/CARE/data/nnUNet/nnUNet_results/Dataset501_CAREMyoPS/nnUNetTrainer_500epochs__nnUNetPlans__3d_fullres/fold_0/validation/Case3011.nii.gz,True,15381beeca493e9807cb8540362021801e3424249f020bfa725a497f4eef4d56,nnunet_fold0_validation_teacher,0
Case3011,val,teacher_softmax_path,/users/a/e/aereinh/CARE/data/nnUNet/nnUNet_results/Dataset501_CAREMyoPS/nnUNetTrainer_500epochs__nnUNetPlans__3d_fullres/fold_0/validation/Case3011.npz,True,6e57bd8580d7401b7bd0448c683eeaf6545c47b56406a3e16f02551488387b76,nnunet_fold0_validation_teacher,0
Case3012,val,teacher_mask_path,/users/a/e/aereinh/CARE/data/nnUNet/nnUNet_results/Dataset501_CAREMyoPS/nnUNetTrainer_500epochs__nnUNetPlans__3d_fullres/fold_0/validation/Case3012.nii.gz,True,e55ea9f274f99581a9d8dbe3d62c381ea754e6824de4ab44f2d5033340e44335,nnunet_fold0_validation_teacher,0
Case3012,val,teacher_softmax_path,/users/a/e/aereinh/CARE/data/nnUNet/nnUNet_results/Dataset501_CAREMyoPS/nnUNetTrainer_500epochs__nnUNetPlans__3d_fullres/fold_0/validation/Case3012.npz,True,2687fb12b07f09d9f9a374159f3ee2e02b3ad12b277a75f08ab77d71c058a870,nnunet_fold0_validation_teacher,0
Case3023,val,teacher_mask_path,/users/a/e/aereinh/CARE/data/nnUNet/nnUNet_results/Dataset501_CAREMyoPS/nnUNetTrainer_500epochs__nnUNetPlans__3d_fullres/fold_0/validation/Case3023.nii.gz,True,0ae87089a122f7cff0b67b97329ec3c077e933fdb049b8da0ed3652e030bfcef,nnunet_fold0_validation_teacher,0
Case3023,val,teacher_softmax_path,/users/a/e/aereinh/CARE/data/nnUNet/nnUNet_results/Dataset501_CAREMyoPS/nnUNetTrainer_500epochs__nnUNetPlans__3d_fullres/fold_0/validation/Case3023.npz,True,cf6329bf206e08f8c4a723c431072d0f81c588eedc1100c6227eff55459416a2,nnunet_fold0_validation_teacher,0
Case3026,val,teacher_mask_path,/users/a/e/aereinh/CARE/data/nnUNet/nnUNet_results/Dataset501_CAREMyoPS/nnUNetTrainer_500epochs__nnUNetPlans__3d_fullres/fold_0/validation/Case3026.nii.gz,True,a761c39fa7204db189f11f4dd04a7cf1bc17c573683fcca4e49c4db66642c45d,nnunet_fold0_validation_teacher,0
Case3026,val,teacher_softmax_path,/users/a/e/aereinh/CARE/data/nnUNet/nnUNet_results/Dataset501_CAREMyoPS/nnUNetTrainer_500epochs__nnUNetPlans__3d_fullres/fold_0/validation/Case3026.npz,True,e918671eb01837aea08f88996a79aa71669af86960b74a53091965e2d1664511,nnunet_fold0_validation_teacher,0
Case3034,val,teacher_mask_path,/users/a/e/aereinh/CARE/data/nnUNet/nnUNet_results/Dataset501_CAREMyoPS/nnUNetTrainer_500epochs__nnUNetPlans__3d_fullres/fold_0/validation/Case3034.nii.gz,True,c9cada7f04ea13808b5f6607ee1e2caef632e8466cf4eba7d60bc864ab53a13e,nnunet_fold0_validation_teacher,0
Case3034,val,teacher_softmax_path,/users/a/e/aereinh/CARE/data/nnUNet/nnUNet_results/Dataset501_CAREMyoPS/nnUNetTrainer_500epochs__nnUNetPlans__3d_fullres/fold_0/validation/Case3034.npz,True,81a4137a7366a45d75588882c5dc551f2e1db0ac80c917477c16971418e75614,nnunet_fold0_validation_teacher,0
Case3038,val,teacher_mask_path,/users/a/e/aereinh/CARE/data/nnUNet/nnUNet_results/Dataset501_CAREMyoPS/nnUNetTrainer_500epochs__nnUNetPlans__3d_fullres/fold_0/validation/Case3038.nii.gz,True,c4b011218dea45f84bb78960d605b1483af128ce15e270ca32c921a71c825939,nnunet_fold0_validation_teacher,0
Case3038,val,teacher_softmax_path,/users/a/e/aereinh/CARE/data/nnUNet/nnUNet_results/Dataset501_CAREMyoPS/nnUNetTrainer_500epochs__nnUNetPlans__3d_fullres/fold_0/validation/Case3038.npz,True,40001a420ec4022d94f7e0ae1eaddccd295a9de9758db127cae5b073be547542,nnunet_fold0_validation_teacher,0
Case3040,val,teacher_mask_path,/users/a/e/aereinh/CARE/data/nnUNet/nnUNet_results/Dataset501_CAREMyoPS/nnUNetTrainer_500epochs__nnUNetPlans__3d_fullres/fold_0/validation/Case3040.nii.gz,True,c27e3ea13ffa396f04cf1569c53491305e51374cc8e0164cd7733f703a19cdd0,nnunet_fold0_validation_teacher,0
Case3040,val,teacher_softmax_path,/users/a/e/aereinh/CARE/data/nnUNet/nnUNet_results/Dataset501_CAREMyoPS/nnUNetTrainer_500epochs__nnUNetPlans__3d_fullres/fold_0/validation/Case3040.npz,True,10d592ae388251a559257968215b86b41791349cbb2a63414fa38ad9d3159711,nnunet_fold0_validation_teacher,0
Case3044,val,teacher_mask_path,/users/a/e/aereinh/CARE/data/nnUNet/nnUNet_results/Dataset501_CAREMyoPS/nnUNetTrainer_500epochs__nnUNetPlans__3d_fullres/fold_0/validation/Case3044.nii.gz,True,aa7f3b8918a001058ee713e9fac6538b6f28833152b33daa1a07ddcac18d75a8,nnunet_fold0_validation_teacher,0
Case3044,val,teacher_softmax_path,/users/a/e/aereinh/CARE/data/nnUNet/nnUNet_results/Dataset501_CAREMyoPS/nnUNetTrainer_500epochs__nnUNetPlans__3d_fullres/fold_0/validation/Case3044.npz,True,da83bf06b38aad77f760911b896dbe6317f598e4a5e1c8ccc735f2d1a3cc7c18,nnunet_fold0_validation_teacher,0
Case5005,val,teacher_mask_path,/users/a/e/aereinh/CARE/data/nnUNet/nnUNet_results/Dataset501_CAREMyoPS/nnUNetTrainer_500epochs__nnUNetPlans__3d_fullres/fold_0/validation/Case5005.nii.gz,True,ec33b09a3f9919a4380f5afcc01d3ae8a8bf36d218b26ed78331095410c56887,nnunet_fold0_validation_teacher,0
Case5005,val,teacher_softmax_path,/users/a/e/aereinh/CARE/data/nnUNet/nnUNet_results/Dataset501_CAREMyoPS/nnUNetTrainer_500epochs__nnUNetPlans__3d_fullres/fold_0/validation/Case5005.npz,True,550a531686b5b77a11d0401c2bc6d541bc3bf737a91a7343083ed60fb6b0d815,nnunet_fold0_validation_teacher,0
Case6001,val,teacher_mask_path,/users/a/e/aereinh/CARE/data/nnUNet/nnUNet_results/Dataset501_CAREMyoPS/nnUNetTrainer_500epochs__nnUNetPlans__3d_fullres/fold_0/validation/Case6001.nii.gz,True,7da7bdccfb424addbe8be4a08c043b1b5df21f7ca35baeea8b32f38fbdc4e0ed,nnunet_fold0_validation_teacher,0
Case6001,val,teacher_softmax_path,/users/a/e/aereinh/CARE/data/nnUNet/nnUNet_results/Dataset501_CAREMyoPS/nnUNetTrainer_500epochs__nnUNetPlans__3d_fullres/fold_0/validation/Case6001.npz,True,f6120c293e992f3e4b47906a1c59a1a6c97bd715b6d20d6a7565092bc57197fe,nnunet_fold0_validation_teacher,0
Case6010,val,teacher_mask_path,/users/a/e/aereinh/CARE/data/nnUNet/nnUNet_results/Dataset501_CAREMyoPS/nnUNetTrainer_500epochs__nnUNetPlans__3d_fullres/fold_0/validation/Case6010.nii.gz,True,137ca964d7f7065be4ee1eedd0bf90ccae1e2606ba4cb494ccad130522ead576,nnunet_fold0_validation_teacher,0
Case6010,val,teacher_softmax_path,/users/a/e/aereinh/CARE/data/nnUNet/nnUNet_results/Dataset501_CAREMyoPS/nnUNetTrainer_500epochs__nnUNetPlans__3d_fullres/fold_0/validation/Case6010.npz,True,b9e7be03e0d393243d1a35a7513d944d2b273018218bda6f9c47f5dccd71f0b0,nnunet_fold0_validation_teacher,0
Case7005,val,teacher_mask_path,/users/a/e/aereinh/CARE/data/nnUNet/nnUNet_results/Dataset501_CAREMyoPS/nnUNetTrainer_500epochs__nnUNetPlans__3d_fullres/fold_0/validation/Case7005.nii.gz,True,8710125f12c9beb9df281639cd5462b780886124f0aeae27ca5343a15ee32d93,nnunet_fold0_validation_teacher,0
Case7005,val,teacher_softmax_path,/users/a/e/aereinh/CARE/data/nnUNet/nnUNet_results/Dataset501_CAREMyoPS/nnUNetTrainer_500epochs__nnUNetPlans__3d_fullres/fold_0/validation/Case7005.npz,True,9d6e1628d9d91db4b9b69b8aac3d936e5369a4ddd5f7ffaa7dc12d7dbdf118e9,nnunet_fold0_validation_teacher,0
Case8003,val,teacher_mask_path,/users/a/e/aereinh/CARE/data/nnUNet/nnUNet_results/Dataset501_CAREMyoPS/nnUNetTrainer_500epochs__nnUNetPlans__3d_fullres/fold_0/validation/Case8003.nii.gz,True,701c96f5be300d9b907d5a2c3dce521556a99a6942ea19c40d9b6be794d7e4be,nnunet_fold0_validation_teacher,0
Case8003,val,teacher_softmax_path,/users/a/e/aereinh/CARE/data/nnUNet/nnUNet_results/Dataset501_CAREMyoPS/nnUNetTrainer_500epochs__nnUNetPlans__3d_fullres/fold_0/validation/Case8003.npz,True,3ecfd75086148510c7b2620d44256690934622e13b258e3704d4b189dc890c78,nnunet_fold0_validation_teacher,0
Case8011,val,teacher_mask_path,/users/a/e/aereinh/CARE/data/nnUNet/nnUNet_results/Dataset501_CAREMyoPS/nnUNetTrainer_500epochs__nnUNetPlans__3d_fullres/fold_0/validation/Case8011.nii.gz,True,088553da310749b0e548fcd530940230baaa030f0521e1380d6dd8320b855a07,nnunet_fold0_validation_teacher,0
Case8011,val,teacher_softmax_path,/users/a/e/aereinh/CARE/data/nnUNet/nnUNet_results/Dataset501_CAREMyoPS/nnUNetTrainer_500epochs__nnUNetPlans__3d_fullres/fold_0/validation/Case8011.npz,True,ef1203095765c4e9cfd954bb098445be652d1f277d39acfedcdcec63d88cf1e5,nnunet_fold0_validation_teacher,0
Case8015,val,teacher_mask_path,/users/a/e/aereinh/CARE/data/nnUNet/nnUNet_results/Dataset501_CAREMyoPS/nnUNetTrainer_500epochs__nnUNetPlans__3d_fullres/fold_0/validation/Case8015.nii.gz,True,e4c40997ad52a79b53c0ee6dabc3b555374db581eb58a976b5a4e08455a7aaa5,nnunet_fold0_validation_teacher,0
Case8015,val,teacher_softmax_path,/users/a/e/aereinh/CARE/data/nnUNet/nnUNet_results/Dataset501_CAREMyoPS/nnUNetTrainer_500epochs__nnUNetPlans__3d_fullres/fold_0/validation/Case8015.npz,True,cd6f7eaa371022e4a53fe737b3287a2b8e0ad2ec3c7d7d2be15c08c533e85c35,nnunet_fold0_validation_teacher,0
Case8019,val,teacher_mask_path,/users/a/e/aereinh/CARE/data/nnUNet/nnUNet_results/Dataset501_CAREMyoPS/nnUNetTrainer_500epochs__nnUNetPlans__3d_fullres/fold_0/validation/Case8019.nii.gz,True,ba69061ad488ee6585d3d702327601206a31adf0d6021208cb62c508c5c5bc6d,nnunet_fold0_validation_teacher,0
Case8019,val,teacher_softmax_path,/users/a/e/aereinh/CARE/data/nnUNet/nnUNet_results/Dataset501_CAREMyoPS/nnUNetTrainer_500epochs__nnUNetPlans__3d_fullres/fold_0/validation/Case8019.npz,True,daad163fa6e1c398f8d2abb603c1eb0ab71885b307c764c799f6e9daed28d907,nnunet_fold0_validation_teacher,0
Case8021,val,teacher_mask_path,/users/a/e/aereinh/CARE/data/nnUNet/nnUNet_results/Dataset501_CAREMyoPS/nnUNetTrainer_500epochs__nnUNetPlans__3d_fullres/fold_0/validation/Case8021.nii.gz,True,92e173c86cb2fc1f678b730a0e3d995009a47e5712e4373009f363b7aa005381,nnunet_fold0_validation_teacher,0
Case8021,val,teacher_softmax_path,/users/a/e/aereinh/CARE/data/nnUNet/nnUNet_results/Dataset501_CAREMyoPS/nnUNetTrainer_500epochs__nnUNetPlans__3d_fullres/fold_0/validation/Case8021.npz,True,53e83b4d8ce42fb5ec1dc3c7f5b7e21e38c5a10fc4646de4bf0c88feb3391bde,nnunet_fold0_validation_teacher,0
Case8022,val,teacher_mask_path,/users/a/e/aereinh/CARE/data/nnUNet/nnUNet_results/Dataset501_CAREMyoPS/nnUNetTrainer_500epochs__nnUNetPlans__3d_fullres/fold_0/validation/Case8022.nii.gz,True,ec84388605b7d036f557f734ec4f3db78bbc050af371a1c449811ee58acf8f5f,nnunet_fold0_validation_teacher,0
Case8022,val,teacher_softmax_path,/users/a/e/aereinh/CARE/data/nnUNet/nnUNet_results/Dataset501_CAREMyoPS/nnUNetTrainer_500epochs__nnUNetPlans__3d_fullres/fold_0/validation/Case8022.npz,True,9031dee534eb3fdff27ef50e8d1a042146c179b1274ae57ccf469bf79a8af346,nnunet_fold0_validation_teacher,0
Case8023,val,teacher_mask_path,/users/a/e/aereinh/CARE/data/nnUNet/nnUNet_results/Dataset501_CAREMyoPS/nnUNetTrainer_500epochs__nnUNetPlans__3d_fullres/fold_0/validation/Case8023.nii.gz,True,deb86fd1b375e5c29c29976e9ec837f3a617c8112d122aec91d3026d0c2a13f3,nnunet_fold0_validation_teacher,0
Case8023,val,teacher_softmax_path,/users/a/e/aereinh/CARE/data/nnUNet/nnUNet_results/Dataset501_CAREMyoPS/nnUNetTrainer_500epochs__nnUNetPlans__3d_fullres/fold_0/validation/Case8023.npz,True,56f816f4fb5c80f5ee11bbe5f6050911575e2f138159f1c6635ee1be381db2fa,nnunet_fold0_validation_teacher,0
