feature_source,task_id,probe_model,train_rows,eval_rows,train_cases,eval_cases,status,AUROC,AUPRC,balanced_accuracy,sensitivity,specificity,ECE,fold_id,pathology,evidence_source
CASE_VOLUME_ONLY_CONTROL,P1_scar_vs_normal_myocardium,logistic_regression,4765,1193,64,16,PASS,0.49894580599456884,0.4895065440156563,0.5014969554877123,0.6218057921635435,0.3811881188118812,0.010072924794985783,0,scar,v4_patient_level_refold
CASE_VOLUME_ONLY_CONTROL,P1_scar_vs_normal_myocardium,logistic_regression,4789,1169,64,16,PASS,0.517523111103295,0.49439999688846575,0.5223314516176307,0.5364120781527532,0.5082508250825083,0.018461195803316344,1,scar,v4_patient_level_refold
CASE_VOLUME_ONLY_CONTROL,P1_scar_vs_normal_myocardium,logistic_regression,4750,1208,64,16,PASS,0.49964499150172703,0.4949215846477758,0.49997532759471464,0.24749163879598662,0.7524590163934426,0.0002099082451664236,2,scar,v4_patient_level_refold
CASE_VOLUME_ONLY_CONTROL,P1_scar_vs_normal_myocardium,logistic_regression,4769,1189,64,16,PASS,0.5034279743093077,0.48843362443690436,0.5039504536650015,0.5667244367417678,0.4411764705882353,0.015083274125364976,3,scar,v4_patient_level_refold
CASE_VOLUME_ONLY_CONTROL,P1_scar_vs_normal_myocardium,logistic_regression,4759,1199,64,16,PASS,0.5016683921097159,0.4962124883861918,0.5005051095378039,0.6243654822335025,0.37664473684210525,0.007869914464243677,4,scar,v4_patient_level_refold
CASE_VOLUME_ONLY_CONTROL,P2_nnunet_scar_FN_vs_true_negative,logistic_regression,4564,1126,64,16,PASS,0.53004569687738,0.4780144066920159,0.5265486164001016,0.7346153846153847,0.3184818481848185,0.03994938122820679,0,scar,v4_patient_level_refold
CASE_VOLUME_ONLY_CONTROL,P2_nnunet_scar_FN_vs_true_negative,logistic_regression,4581,1109,64,16,PASS,0.5145759108714052,0.4675857562833211,0.523391007092757,0.47912524850894633,0.5676567656765676,0.04659090240258368,1,scar,v4_patient_level_refold
CASE_VOLUME_ONLY_CONTROL,P2_nnunet_scar_FN_vs_true_negative,logistic_regression,4523,1167,64,16,PASS,0.49697000912381906,0.4768658587559791,0.4983120934749978,0.24416517055655296,0.7524590163934426,0.012420164709971537,2,scar,v4_patient_level_refold
CASE_VOLUME_ONLY_CONTROL,P2_nnunet_scar_FN_vs_true_negative,logistic_regression,4544,1146,64,16,PASS,0.4997675023326246,0.46919132451185286,0.49770102635483426,0.5551401869158878,0.4402618657937807,0.033282825553382356,3,scar,v4_patient_level_refold
CASE_VOLUME_ONLY_CONTROL,P2_nnunet_scar_FN_vs_true_negative,logistic_regression,4548,1142,64,16,PASS,0.4936181746501084,0.46965387749216203,0.4937937364478612,0.6142322097378277,0.37335526315789475,0.033829380749091364,4,scar,v4_patient_level_refold
CASE_VOLUME_ONLY_CONTROL,P3_nnunet_scar_FP_vs_true_negative,logistic_regression,4336,1120,64,16,PASS,0.5007865572549474,0.4622795789131038,0.500902133014858,0.4357976653696498,0.566006600660066,0.04459996417655959,0,scar,v4_patient_level_refold
CASE_VOLUME_ONLY_CONTROL,P3_nnunet_scar_FP_vs_true_negative,logistic_regression,4392,1064,64,16,PASS,0.5367215760877397,0.4604323505074531,0.5141921397379913,0.5283842794759825,0.5,0.07001203776215859,1,scar,v4_patient_level_refold
CASE_VOLUME_ONLY_CONTROL,P3_nnunet_scar_FP_vs_true_negative,logistic_regression,4358,1098,64,16,PASS,0.5132121741467347,0.45725480178591443,0.5135245901639345,0.5204918032786885,0.5065573770491804,0.05227084116635555,2,scar,v4_patient_level_refold
CASE_VOLUME_ONLY_CONTROL,P3_nnunet_scar_FP_vs_true_negative,logistic_regression,4364,1092,64,16,PASS,0.5156503601675452,0.45481366104062093,0.5200159242712434,0.5343035343035343,0.5057283142389526,0.056952651147272604,3,scar,v4_patient_level_refold
CASE_VOLUME_ONLY_CONTROL,P3_nnunet_scar_FP_vs_true_negative,logistic_regression,4374,1082,64,16,PASS,0.4963531256939818,0.44063054563618775,0.4963774150566289,0.6835443037974683,0.3092105263157895,0.0634878904947268,4,scar,v4_patient_level_refold
CASE_VOLUME_ONLY_CONTROL,P4_pure_edema_vs_normal_myocardium,logistic_regression,4800,1191,64,16,PASS,0.5126131843953626,0.4988794738693419,0.5088135736650587,0.6991452991452991,0.3184818481848185,0.010809445505484627,0,pure_edema,v4_patient_level_refold
CASE_VOLUME_ONLY_CONTROL,P4_pure_edema_vs_normal_myocardium,logistic_regression,4794,1197,64,16,PASS,0.5126917514086433,0.5021177640685928,0.5112956727144795,0.5126903553299492,0.5099009900990099,0.006496018637059009,1,pure_edema,v4_patient_level_refold
CASE_VOLUME_ONLY_CONTROL,P4_pure_edema_vs_normal_myocardium,logistic_regression,4785,1206,64,16,PASS,0.5080894487842447,0.4999872067322494,0.5053856309825063,0.2550335570469799,0.7557377049180328,0.0014421667448556441,2,pure_edema,v4_patient_level_refold
CASE_VOLUME_ONLY_CONTROL,P4_pure_edema_vs_normal_myocardium,logistic_regression,4787,1204,64,16,PASS,0.5053711800035329,0.49772149913798075,0.5049847641759406,0.5050675675675675,0.5049019607843137,0.008082774510853596,3,pure_edema,v4_patient_level_refold
CASE_VOLUME_ONLY_CONTROL,P4_pure_edema_vs_normal_myocardium,logistic_regression,4798,1193,64,16,PASS,0.5028058929374719,0.4928457152356673,0.5020622469635627,0.6307692307692307,0.37335526315789475,0.010743453947661075,4,pure_edema,v4_patient_level_refold
CASE_VOLUME_ONLY_CONTROL,P5_nnunet_pure_edema_FN,logistic_regression,4580,1167,64,16,PASS,0.5163428107516634,0.49130741675754047,0.5130733661601454,0.7076648841354723,0.3184818481848185,0.02303477475303517,0,pure_edema,v4_patient_level_refold
CASE_VOLUME_ONLY_CONTROL,P5_nnunet_pure_edema_FN,logistic_regression,4607,1140,64,16,PASS,0.5178319798271962,0.48083914686782425,0.5124411317536248,0.5149812734082397,0.5099009900990099,0.031990225326986366,1,pure_edema,v4_patient_level_refold
CASE_VOLUME_ONLY_CONTROL,P5_nnunet_pure_edema_FN,logistic_regression,4610,1137,64,16,PASS,0.5086571064173951,0.47440651583634896,0.5106961769371947,0.2656546489563567,0.7557377049180328,0.03029778977302844,2,pure_edema,v4_patient_level_refold
CASE_VOLUME_ONLY_CONTROL,P5_nnunet_pure_edema_FN,logistic_regression,4594,1153,64,16,PASS,0.5002491227858269,0.46800192874208196,0.49965122809984236,0.559040590405904,0.4402618657937807,0.03013324876238993,3,pure_edema,v4_patient_level_refold
CASE_VOLUME_ONLY_CONTROL,P5_nnunet_pure_edema_FN,logistic_regression,4597,1150,64,16,PASS,0.5157099679549426,0.4818411549125961,0.509355578753156,0.6420664206642066,0.37664473684210525,0.030490233152543345,4,pure_edema,v4_patient_level_refold
CASE_VOLUME_ONLY_CONTROL,P6_nnunet_pure_edema_FP,logistic_regression,4586,1140,64,16,PASS,0.5236152828766023,0.4836382723275929,0.5187914858901621,0.7191011235955056,0.3184818481848185,0.03584462802194688,0,pure_edema,v4_patient_level_refold
CASE_VOLUME_ONLY_CONTROL,P6_nnunet_pure_edema_FP,logistic_regression,4596,1130,64,16,PASS,0.5211277807170029,0.47876741841859694,0.5204822008918449,0.5954198473282443,0.44554455445544555,0.03688757792302294,1,pure_edema,v4_patient_level_refold
CASE_VOLUME_ONLY_CONTROL,P6_nnunet_pure_edema_FP,logistic_regression,4596,1130,64,16,PASS,0.5053877679697352,0.4693161633165299,0.506998738965952,0.26153846153846155,0.7524590163934426,0.03152992611671512,2,pure_edema,v4_patient_level_refold
CASE_VOLUME_ONLY_CONTROL,P6_nnunet_pure_edema_FP,logistic_regression,4570,1156,64,16,PASS,0.5088469796843796,0.47752247565197237,0.5072868961996426,0.5743119266055046,0.4402618657937807,0.029181155027252215,3,pure_edema,v4_patient_level_refold
CASE_VOLUME_ONLY_CONTROL,P6_nnunet_pure_edema_FP,logistic_regression,4556,1170,64,16,PASS,0.5040503839670349,0.48525219545106013,0.5032689876381344,0.6298932384341637,0.37664473684210525,0.02151067337754181,4,pure_edema,v4_patient_level_refold
CASE_VOLUME_ONLY_CONTROL,P7_small_scar_vs_normal_myocardium,logistic_regression,2898,644,64,16,PASS,0.9034653465346535,0.3275862068965517,0.716996699669967,1.0,0.43399339933993397,0.39748252331394046,0,scar,v4_patient_level_refold
CASE_VOLUME_ONLY_CONTROL,P7_small_scar_vs_normal_myocardium,logistic_regression,2826,716,64,16,PASS,0.7124662466246625,0.36356918558327733,0.6053255325532554,0.6545454545454545,0.5561056105610561,0.32693125646158205,1,scar,v4_patient_level_refold
CASE_VOLUME_ONLY_CONTROL,P7_small_scar_vs_normal_myocardium,logistic_regression,2898,644,64,16,PASS,0.7147540983606557,0.14977973568281938,0.7786885245901639,1.0,0.5573770491803278,0.466388887217335,2,scar,v4_patient_level_refold
CASE_VOLUME_ONLY_CONTROL,P7_small_scar_vs_normal_myocardium,logistic_regression,2754,788,64,16,PASS,0.6386939245395128,0.32309746086240976,0.637774806892454,0.5909090909090909,0.684640522875817,0.2694381095255193,3,scar,v4_patient_level_refold
CASE_VOLUME_ONLY_CONTROL,P7_small_scar_vs_normal_myocardium,logistic_regression,2792,750,64,16,PASS,0.519678928836175,0.2813523751891358,0.5363000370644921,0.2535211267605634,0.819078947368421,0.20433673262097016,4,scar,v4_patient_level_refold
CASE_VOLUME_ONLY_CONTROL,P8_boundary_scar_vs_non_scar_myocardium,logistic_regression,4765,1193,64,16,PASS,0.49894580599456884,0.4895065440156563,0.5014969554877123,0.6218057921635435,0.3811881188118812,0.010072924794985783,0,scar,v4_patient_level_refold
CASE_VOLUME_ONLY_CONTROL,P8_boundary_scar_vs_non_scar_myocardium,logistic_regression,4789,1169,64,16,PASS,0.517523111103295,0.49439999688846575,0.5223314516176307,0.5364120781527532,0.5082508250825083,0.018461195803316344,1,scar,v4_patient_level_refold
CASE_VOLUME_ONLY_CONTROL,P8_boundary_scar_vs_non_scar_myocardium,logistic_regression,4750,1208,64,16,PASS,0.49964499150172703,0.4949215846477758,0.49997532759471464,0.24749163879598662,0.7524590163934426,0.0002099082451664236,2,scar,v4_patient_level_refold
CASE_VOLUME_ONLY_CONTROL,P8_boundary_scar_vs_non_scar_myocardium,logistic_regression,4769,1189,64,16,PASS,0.5034279743093077,0.48843362443690436,0.5039504536650015,0.5667244367417678,0.4411764705882353,0.015083274125364976,3,scar,v4_patient_level_refold
CASE_VOLUME_ONLY_CONTROL,P8_boundary_scar_vs_non_scar_myocardium,logistic_regression,4759,1199,64,16,PASS,0.5016683921097159,0.4962124883861918,0.5005051095378039,0.6243654822335025,0.37664473684210525,0.007869914464243677,4,scar,v4_patient_level_refold
CENTER_ONLY_CONTROL,P1_scar_vs_normal_myocardium,logistic_regression,4765,1193,64,16,PASS,0.4968823969279381,0.4904897996799792,0.4968823969279381,0.43270868824531517,0.5610561056105611,0.007910140720063852,0,scar,v4_patient_level_refold
CENTER_ONLY_CONTROL,P1_scar_vs_normal_myocardium,logistic_regression,4789,1169,64,16,PASS,0.5,0.4816082121471343,0.5,1.0,0.0,0.018391787852865715,1,scar,v4_patient_level_refold
CENTER_ONLY_CONTROL,P1_scar_vs_normal_myocardium,logistic_regression,4750,1208,64,16,PASS,0.49775206974066555,0.4939150518658604,0.49775206974066555,0.43812709030100333,0.5573770491803278,0.004969586482043875,2,scar,v4_patient_level_refold
CENTER_ONLY_CONTROL,P1_scar_vs_normal_myocardium,logistic_regression,4769,1189,64,16,PASS,0.5010506224442405,0.485807908387505,0.5010506224442406,0.43674176776429807,0.565359477124183,0.014675092410346757,3,scar,v4_patient_level_refold
CENTER_ONLY_CONTROL,P1_scar_vs_normal_myocardium,logistic_regression,4759,1199,64,16,PASS,0.504505632736664,0.495186762988991,0.5045056327366639,0.43993231810490696,0.569078947368421,0.007054933047810796,4,scar,v4_patient_level_refold
CENTER_ONLY_CONTROL,P2_nnunet_scar_FN_vs_true_negative,logistic_regression,4564,1126,64,16,PASS,0.5170665143437421,0.47063793188106295,0.5170665143437421,0.47307692307692306,0.5610561056105611,0.03835393646559471,0,scar,v4_patient_level_refold
CENTER_ONLY_CONTROL,P2_nnunet_scar_FN_vs_true_negative,logistic_regression,4581,1109,64,16,PASS,0.5129634732856984,0.46019032487386524,0.5129634732856984,0.46322067594433397,0.5627062706270627,0.04648959015845522,1,scar,v4_patient_level_refold
CENTER_ONLY_CONTROL,P2_nnunet_scar_FN_vs_true_negative,logistic_regression,4523,1167,64,16,PASS,0.5049003737822645,0.4797653394853021,0.5049003737822645,0.4524236983842011,0.5573770491803278,0.02271431276501601,2,scar,v4_patient_level_refold
CENTER_ONLY_CONTROL,P2_nnunet_scar_FN_vs_true_negative,logistic_regression,4544,1146,64,16,PASS,0.4991464888263456,0.46641719788092034,0.49914648882634566,0.4336448598130841,0.5646481178396072,0.03275184117688168,3,scar,v4_patient_level_refold
CENTER_ONLY_CONTROL,P2_nnunet_scar_FN_vs_true_negative,logistic_regression,4548,1142,64,16,PASS,0.5167492115119259,0.4762731812390173,0.5167492115119259,0.46441947565543074,0.569078947368421,0.03239335115596648,4,scar,v4_patient_level_refold
CENTER_ONLY_CONTROL,P3_nnunet_scar_FP_vs_true_negative,logistic_regression,4336,1120,64,16,PASS,0.5101000372410782,0.4640668288491393,0.5101000372410782,0.4591439688715953,0.5610561056105611,0.04109418243399782,0,scar,v4_patient_level_refold
CENTER_ONLY_CONTROL,P3_nnunet_scar_FP_vs_true_negative,logistic_regression,4392,1064,64,16,PASS,0.5062439650078545,0.4335618968429055,0.5062439650078545,0.4497816593886463,0.5627062706270627,0.06956525390764334,1,scar,v4_patient_level_refold
CENTER_ONLY_CONTROL,P3_nnunet_scar_FP_vs_true_negative,logistic_regression,4358,1098,64,16,PASS,0.5061475409836066,0.4475265449375805,0.5061475409836065,0.45491803278688525,0.5573770491803278,0.05560127333585885,2,scar,v4_patient_level_refold
CENTER_ONLY_CONTROL,P3_nnunet_scar_FP_vs_true_negative,logistic_regression,4364,1092,64,16,PASS,0.4819082585040032,0.43198898548243525,0.4819082585040032,0.3991683991683992,0.5646481178396072,0.05908421080989579,3,scar,v4_patient_level_refold
CENTER_ONLY_CONTROL,P3_nnunet_scar_FP_vs_true_negative,logistic_regression,4374,1082,64,16,PASS,0.5102778703086831,0.44327060944408647,0.5102778703086831,0.45147679324894513,0.569078947368421,0.06192304575165242,4,scar,v4_patient_level_refold
CENTER_ONLY_CONTROL,P4_pure_edema_vs_normal_myocardium,logistic_regression,4800,1191,64,16,PASS,0.5044596767369045,0.4934358439396223,0.5044596767369045,0.4478632478632479,0.5610561056105611,0.0088406328790544,0,pure_edema,v4_patient_level_refold
CENTER_ONLY_CONTROL,P4_pure_edema_vs_normal_myocardium,logistic_regression,4794,1197,64,16,PASS,0.5063954364979645,0.49697822327861685,0.5063954364979645,0.4500846023688663,0.5627062706270627,0.006288425552593069,1,pure_edema,v4_patient_level_refold
CENTER_ONLY_CONTROL,P4_pure_edema_vs_normal_myocardium,logistic_regression,4785,1206,64,16,PASS,0.49932610848278136,0.4938593075395151,0.49932610848278136,0.4412751677852349,0.5573770491803278,0.005821225453545409,2,pure_edema,v4_patient_level_refold
CENTER_ONLY_CONTROL,P4_pure_edema_vs_normal_myocardium,logistic_regression,4787,1204,64,16,PASS,0.5022743331566861,0.49283722159307974,0.5022743331566861,0.4391891891891892,0.565359477124183,0.008268310926351607,3,pure_edema,v4_patient_level_refold
CENTER_ONLY_CONTROL,P4_pure_edema_vs_normal_myocardium,logistic_regression,4798,1193,64,16,PASS,0.5059069950517319,0.4933535396813669,0.5059069950517319,0.4427350427350427,0.569078947368421,0.009609575024625672,4,pure_edema,v4_patient_level_refold
CENTER_ONLY_CONTROL,P5_nnunet_pure_edema_FN,logistic_regression,4580,1167,64,16,PASS,0.5006706553008242,0.4810551539217298,0.5006706553008242,0.44028520499108736,0.5610561056105611,0.019149677988487435,0,pure_edema,v4_patient_level_refold
CENTER_ONLY_CONTROL,P5_nnunet_pure_edema_FN,logistic_regression,4607,1140,64,16,PASS,0.5163718619052916,0.47688786354877705,0.5163718619052916,0.4700374531835206,0.5627062706270627,0.03169434071416766,1,pure_edema,v4_patient_level_refold
CENTER_ONLY_CONTROL,P5_nnunet_pure_edema_FN,logistic_regression,4610,1137,64,16,PASS,0.5101875758235604,0.4686895981491971,0.5101875758235606,0.4629981024667932,0.5573770491803278,0.0366346707730989,2,pure_edema,v4_patient_level_refold
CENTER_ONLY_CONTROL,P5_nnunet_pure_edema_FN,logistic_regression,4594,1153,64,16,PASS,0.4972687083662981,0.46872640381943864,0.4972687083662981,0.42988929889298894,0.5646481178396072,0.02960126737005553,3,pure_edema,v4_patient_level_refold
CENTER_ONLY_CONTROL,P5_nnunet_pure_edema_FN,logistic_regression,4597,1150,64,16,PASS,0.5151667799572732,0.4791350222605487,0.5151667799572732,0.4612546125461255,0.569078947368421,0.028703707929690514,4,pure_edema,v4_patient_level_refold
CENTER_ONLY_CONTROL,P6_nnunet_pure_edema_FP,logistic_regression,4586,1140,64,16,PASS,0.5146104498090258,0.47594683512194824,0.5146104498090258,0.4681647940074906,0.5610561056105611,0.03170948296935494,0,pure_edema,v4_patient_level_refold
CENTER_ONLY_CONTROL,P6_nnunet_pure_edema_FP,logistic_regression,4596,1130,64,16,PASS,0.5027271811150581,0.46508224514281526,0.5027271811150581,0.44274809160305345,0.5627062706270627,0.03611819497553115,1,pure_edema,v4_patient_level_refold
CENTER_ONLY_CONTROL,P6_nnunet_pure_edema_FP,logistic_regression,4596,1130,64,16,PASS,0.5133039092055486,0.46699546794584845,0.5133039092055485,0.46923076923076923,0.5573770491803278,0.04000541743692604,2,pure_edema,v4_patient_level_refold
CENTER_ONLY_CONTROL,P6_nnunet_pure_edema_FP,logistic_regression,4570,1156,64,16,PASS,0.5116818570849412,0.47743623987327577,0.5116818570849413,0.45871559633027525,0.5646481178396072,0.028555856790405343,3,pure_edema,v4_patient_level_refold
CENTER_ONLY_CONTROL,P6_nnunet_pure_edema_FP,logistic_regression,4556,1170,64,16,PASS,0.5034006836486233,0.4820534135943108,0.5034006836486233,0.4377224199288256,0.569078947368421,0.01933850910416096,4,pure_edema,v4_patient_level_refold
CENTER_ONLY_CONTROL,P7_small_scar_vs_normal_myocardium,logistic_regression,2898,644,64,16,PASS,0.28052805280528054,0.059006211180124224,0.28052805280528054,0.0,0.5610561056105611,0.43952954184765924,0,scar,v4_patient_level_refold
CENTER_ONLY_CONTROL,P7_small_scar_vs_normal_myocardium,logistic_regression,2826,716,64,16,PASS,0.3731923192319232,0.13416949382089047,0.3731923192319232,0.3090909090909091,0.4372937293729373,0.34063103531731964,1,scar,v4_patient_level_refold
CENTER_ONLY_CONTROL,P7_small_scar_vs_normal_myocardium,logistic_regression,2898,644,64,16,PASS,0.2786885245901639,0.052795031055900624,0.2786885245901639,0.0,0.5573770491803278,0.44615159471133087,2,scar,v4_patient_level_refold
CENTER_ONLY_CONTROL,P7_small_scar_vs_normal_myocardium,logistic_regression,2754,788,64,16,PASS,0.41618389780154486,0.20144302873522418,0.41618389780154486,0.3977272727272727,0.434640522875817,0.2688996662259387,3,scar,v4_patient_level_refold
CENTER_ONLY_CONTROL,P7_small_scar_vs_normal_myocardium,logistic_regression,2792,750,64,16,PASS,0.41130003706449225,0.17196004663326717,0.4113000370644922,0.2535211267605634,0.569078947368421,0.3053730869782266,4,scar,v4_patient_level_refold
CENTER_ONLY_CONTROL,P8_boundary_scar_vs_non_scar_myocardium,logistic_regression,4765,1193,64,16,PASS,0.4968823969279381,0.4904897996799792,0.4968823969279381,0.43270868824531517,0.5610561056105611,0.007910140720063852,0,scar,v4_patient_level_refold
CENTER_ONLY_CONTROL,P8_boundary_scar_vs_non_scar_myocardium,logistic_regression,4789,1169,64,16,PASS,0.5,0.4816082121471343,0.5,1.0,0.0,0.018391787852865715,1,scar,v4_patient_level_refold
CENTER_ONLY_CONTROL,P8_boundary_scar_vs_non_scar_myocardium,logistic_regression,4750,1208,64,16,PASS,0.49775206974066555,0.4939150518658604,0.49775206974066555,0.43812709030100333,0.5573770491803278,0.004969586482043875,2,scar,v4_patient_level_refold
CENTER_ONLY_CONTROL,P8_boundary_scar_vs_non_scar_myocardium,logistic_regression,4769,1189,64,16,PASS,0.5010506224442405,0.485807908387505,0.5010506224442406,0.43674176776429807,0.565359477124183,0.014675092410346757,3,scar,v4_patient_level_refold
CENTER_ONLY_CONTROL,P8_boundary_scar_vs_non_scar_myocardium,logistic_regression,4759,1199,64,16,PASS,0.504505632736664,0.495186762988991,0.5045056327366639,0.43993231810490696,0.569078947368421,0.007054933047810796,4,scar,v4_patient_level_refold
MODALITY_ONLY_CONTROL,P1_scar_vs_normal_myocardium,logistic_regression,4765,1193,64,16,PASS,0.5,0.4920368818105616,0.5,1.0,0.0,0.0079631181894384,0,scar,v4_patient_level_refold
MODALITY_ONLY_CONTROL,P1_scar_vs_normal_myocardium,logistic_regression,4789,1169,64,16,PASS,0.5,0.4816082121471343,0.5,1.0,0.0,0.018391787852865715,1,scar,v4_patient_level_refold
MODALITY_ONLY_CONTROL,P1_scar_vs_normal_myocardium,logistic_regression,4750,1208,64,16,PASS,0.5,0.49503311258278143,0.5,1.0,0.0,0.004966887417218568,2,scar,v4_patient_level_refold
MODALITY_ONLY_CONTROL,P1_scar_vs_normal_myocardium,logistic_regression,4769,1189,64,16,PASS,0.5,0.4852817493692178,0.5,1.0,0.0,0.014718250630782193,3,scar,v4_patient_level_refold
MODALITY_ONLY_CONTROL,P1_scar_vs_normal_myocardium,logistic_regression,4759,1199,64,16,PASS,0.5,0.49291075896580483,0.5,1.0,0.0,0.007089241034195171,4,scar,v4_patient_level_refold
MODALITY_ONLY_CONTROL,P2_nnunet_scar_FN_vs_true_negative,logistic_regression,4564,1126,64,16,PASS,0.5,0.46181172291296624,0.5,1.0,0.0,0.03818827708703376,0,scar,v4_patient_level_refold
MODALITY_ONLY_CONTROL,P2_nnunet_scar_FN_vs_true_negative,logistic_regression,4581,1109,64,16,PASS,0.5,0.45356176735798015,0.5,1.0,0.0,0.04643823264201985,1,scar,v4_patient_level_refold
MODALITY_ONLY_CONTROL,P2_nnunet_scar_FN_vs_true_negative,logistic_regression,4523,1167,64,16,PASS,0.5,0.4772922022279349,0.5,1.0,0.0,0.022707797772065108,2,scar,v4_patient_level_refold
MODALITY_ONLY_CONTROL,P2_nnunet_scar_FN_vs_true_negative,logistic_regression,4544,1146,64,16,PASS,0.5,0.4668411867364747,0.5,1.0,0.0,0.03315881326352532,3,scar,v4_patient_level_refold
MODALITY_ONLY_CONTROL,P2_nnunet_scar_FN_vs_true_negative,logistic_regression,4548,1142,64,16,PASS,0.5,0.46760070052539404,0.5,1.0,0.0,0.03239929947460596,4,scar,v4_patient_level_refold
MODALITY_ONLY_CONTROL,P3_nnunet_scar_FP_vs_true_negative,logistic_regression,4336,1120,64,16,PASS,0.5,0.4589285714285714,0.5,1.0,0.0,0.04107142857142859,0,scar,v4_patient_level_refold
MODALITY_ONLY_CONTROL,P3_nnunet_scar_FP_vs_true_negative,logistic_regression,4392,1064,64,16,PASS,0.5,0.43045112781954886,0.5,1.0,0.0,0.06954887218045114,1,scar,v4_patient_level_refold
MODALITY_ONLY_CONTROL,P3_nnunet_scar_FP_vs_true_negative,logistic_regression,4358,1098,64,16,PASS,0.5,0.4444444444444444,0.5,1.0,0.0,0.05555555555555558,2,scar,v4_patient_level_refold
MODALITY_ONLY_CONTROL,P3_nnunet_scar_FP_vs_true_negative,logistic_regression,4364,1092,64,16,PASS,0.5,0.44047619047619047,0.5,1.0,0.0,0.059523809523809534,3,scar,v4_patient_level_refold
MODALITY_ONLY_CONTROL,P3_nnunet_scar_FP_vs_true_negative,logistic_regression,4374,1082,64,16,PASS,0.5,0.43807763401109057,0.5,1.0,0.0,0.061922365988909434,4,scar,v4_patient_level_refold
MODALITY_ONLY_CONTROL,P4_pure_edema_vs_normal_myocardium,logistic_regression,4800,1191,64,16,PASS,0.5,0.491183879093199,0.5,1.0,0.0,0.008816120906801006,0,pure_edema,v4_patient_level_refold
MODALITY_ONLY_CONTROL,P4_pure_edema_vs_normal_myocardium,logistic_regression,4794,1197,64,16,PASS,0.5,0.49373433583959897,0.5,1.0,0.0,0.00626566416040103,1,pure_edema,v4_patient_level_refold
MODALITY_ONLY_CONTROL,P4_pure_edema_vs_normal_myocardium,logistic_regression,4785,1206,64,16,PASS,0.5,0.494195688225539,0.5,1.0,0.0,0.005804311774461002,2,pure_edema,v4_patient_level_refold
MODALITY_ONLY_CONTROL,P4_pure_edema_vs_normal_myocardium,logistic_regression,4787,1204,64,16,PASS,0.5,0.49169435215946844,0.5,1.0,0.0,0.00830564784053156,3,pure_edema,v4_patient_level_refold
MODALITY_ONLY_CONTROL,P4_pure_edema_vs_normal_myocardium,logistic_regression,4798,1193,64,16,PASS,0.5,0.490360435875943,0.5,1.0,0.0,0.009639564124056976,4,pure_edema,v4_patient_level_refold
MODALITY_ONLY_CONTROL,P5_nnunet_pure_edema_FN,logistic_regression,4580,1167,64,16,PASS,0.5,0.480719794344473,0.5,1.0,0.0,0.019280205655527016,0,pure_edema,v4_patient_level_refold
MODALITY_ONLY_CONTROL,P5_nnunet_pure_edema_FN,logistic_regression,4607,1140,64,16,PASS,0.5,0.46842105263157896,0.5,1.0,0.0,0.03157894736842104,1,pure_edema,v4_patient_level_refold
MODALITY_ONLY_CONTROL,P5_nnunet_pure_edema_FN,logistic_regression,4610,1137,64,16,PASS,0.5,0.4635004397537379,0.5,1.0,0.0,0.03649956024626211,2,pure_edema,v4_patient_level_refold
MODALITY_ONLY_CONTROL,P5_nnunet_pure_edema_FN,logistic_regression,4594,1153,64,16,PASS,0.5,0.47007805724197743,0.5,1.0,0.0,0.02992194275802257,3,pure_edema,v4_patient_level_refold
MODALITY_ONLY_CONTROL,P5_nnunet_pure_edema_FN,logistic_regression,4597,1150,64,16,PASS,0.5,0.47130434782608693,0.5,1.0,0.0,0.028695652173913067,4,pure_edema,v4_patient_level_refold
MODALITY_ONLY_CONTROL,P6_nnunet_pure_edema_FP,logistic_regression,4586,1140,64,16,PASS,0.5,0.46842105263157896,0.5,1.0,0.0,0.03157894736842104,0,pure_edema,v4_patient_level_refold
MODALITY_ONLY_CONTROL,P6_nnunet_pure_edema_FP,logistic_regression,4596,1130,64,16,PASS,0.5,0.46371681415929206,0.5,1.0,0.0,0.03628318584070794,1,pure_edema,v4_patient_level_refold
MODALITY_ONLY_CONTROL,P6_nnunet_pure_edema_FP,logistic_regression,4596,1130,64,16,PASS,0.5,0.46017699115044247,0.5,1.0,0.0,0.03982300884955753,2,pure_edema,v4_patient_level_refold
MODALITY_ONLY_CONTROL,P6_nnunet_pure_edema_FP,logistic_regression,4570,1156,64,16,PASS,0.5,0.47145328719723184,0.5,1.0,0.0,0.02854671280276816,3,pure_edema,v4_patient_level_refold
MODALITY_ONLY_CONTROL,P6_nnunet_pure_edema_FP,logistic_regression,4556,1170,64,16,PASS,0.5,0.48034188034188036,0.5,1.0,0.0,0.019658119658119644,4,pure_edema,v4_patient_level_refold
MODALITY_ONLY_CONTROL,P7_small_scar_vs_normal_myocardium,logistic_regression,2898,644,64,16,PASS,0.5,0.059006211180124224,0.5,1.0,0.0,0.4409937888198758,0,scar,v4_patient_level_refold
MODALITY_ONLY_CONTROL,P7_small_scar_vs_normal_myocardium,logistic_regression,2826,716,64,16,PASS,0.5,0.15363128491620112,0.5,1.0,0.0,0.34636871508379885,1,scar,v4_patient_level_refold
MODALITY_ONLY_CONTROL,P7_small_scar_vs_normal_myocardium,logistic_regression,2898,644,64,16,PASS,0.5,0.052795031055900624,0.5,1.0,0.0,0.4472049689440994,2,scar,v4_patient_level_refold
MODALITY_ONLY_CONTROL,P7_small_scar_vs_normal_myocardium,logistic_regression,2754,788,64,16,PASS,0.5,0.2233502538071066,0.5,1.0,0.0,0.2766497461928934,3,scar,v4_patient_level_refold
MODALITY_ONLY_CONTROL,P7_small_scar_vs_normal_myocardium,logistic_regression,2792,750,64,16,PASS,0.5,0.18933333333333333,0.5,1.0,0.0,0.31066666666666665,4,scar,v4_patient_level_refold
MODALITY_ONLY_CONTROL,P8_boundary_scar_vs_non_scar_myocardium,logistic_regression,4765,1193,64,16,PASS,0.5,0.4920368818105616,0.5,1.0,0.0,0.0079631181894384,0,scar,v4_patient_level_refold
MODALITY_ONLY_CONTROL,P8_boundary_scar_vs_non_scar_myocardium,logistic_regression,4789,1169,64,16,PASS,0.5,0.4816082121471343,0.5,1.0,0.0,0.018391787852865715,1,scar,v4_patient_level_refold
MODALITY_ONLY_CONTROL,P8_boundary_scar_vs_non_scar_myocardium,logistic_regression,4750,1208,64,16,PASS,0.5,0.49503311258278143,0.5,1.0,0.0,0.004966887417218568,2,scar,v4_patient_level_refold
MODALITY_ONLY_CONTROL,P8_boundary_scar_vs_non_scar_myocardium,logistic_regression,4769,1189,64,16,PASS,0.5,0.4852817493692178,0.5,1.0,0.0,0.014718250630782193,3,scar,v4_patient_level_refold
MODALITY_ONLY_CONTROL,P8_boundary_scar_vs_non_scar_myocardium,logistic_regression,4759,1199,64,16,PASS,0.5,0.49291075896580483,0.5,1.0,0.0,0.007089241034195171,4,scar,v4_patient_level_refold
NNUNET_DECODER_L0,P1_scar_vs_normal_myocardium,logistic_regression,84,19,58,13,PASS,0.7820512820512822,0.7202380952380951,0.717948717948718,0.6666666666666666,0.7692307692307693,0.12136291341595218,0,scar,v4_patient_level_refold
NNUNET_DECODER_L0,P1_scar_vs_normal_myocardium,logistic_regression,80,23,56,15,PASS,0.6590909090909091,0.7080606481792253,0.6477272727272727,0.5454545454545454,0.75,0.10304742652416138,1,scar,v4_patient_level_refold
NNUNET_DECODER_L0,P1_scar_vs_normal_myocardium,logistic_regression,79,24,56,15,PASS,0.5944055944055944,0.5819864033767777,0.534965034965035,0.45454545454545453,0.6153846153846154,0.08715670163799161,2,scar,v4_patient_level_refold
NNUNET_DECODER_L0,P1_scar_vs_normal_myocardium,logistic_regression,86,17,57,14,PASS,0.5,0.21313131313131314,0.45238095238095233,0.3333333333333333,0.5714285714285714,0.19457914595181533,3,scar,v4_patient_level_refold
NNUNET_DECODER_L0,P1_scar_vs_normal_myocardium,logistic_regression,83,20,57,14,PASS,0.78125,0.7625,0.7916666666666667,0.75,0.8333333333333334,0.0007152887697403632,4,scar,v4_patient_level_refold
NNUNET_DECODER_L0,P2_nnunet_scar_FN_vs_true_negative,logistic_regression,62,14,53,13,PASS,0.9230769230769231,0.5,0.9615384615384616,1.0,0.9230769230769231,0.12668178159842094,0,scar,v4_patient_level_refold
NNUNET_DECODER_L0,P2_nnunet_scar_FN_vs_true_negative,logistic_regression,62,14,53,13,PASS,0.7500000000000001,0.3333333333333333,0.4583333333333333,0.0,0.9166666666666666,0.022372237461004557,1,scar,v4_patient_level_refold
NNUNET_DECODER_L0,P2_nnunet_scar_FN_vs_true_negative,logistic_regression,58,18,52,14,PASS,0.7692307692307693,0.569047619047619,0.5,0.0,1.0,0.20476983116351488,2,scar,v4_patient_level_refold
NNUNET_DECODER_L0,P2_nnunet_scar_FN_vs_true_negative,logistic_regression,60,16,52,14,PASS,0.7857142857142857,0.325,0.4642857142857143,0.0,0.9285714285714286,0.030227225087911022,3,scar,v4_patient_level_refold
NNUNET_DECODER_L0,P2_nnunet_scar_FN_vs_true_negative,logistic_regression,62,14,54,12,PASS,0.9166666666666667,0.75,0.75,0.5,1.0,0.019289099243258848,4,scar,v4_patient_level_refold
NNUNET_DECODER_L0,P3_nnunet_scar_FP_vs_true_negative,logistic_regression,57,13,51,13,INSUFFICIENT_EVAL_CLASSES,,,,,,,0,scar,v4_patient_level_refold
NNUNET_DECODER_L0,P3_nnunet_scar_FP_vs_true_negative,logistic_regression,56,14,52,12,PASS,0.6666666666666666,0.3611111111111111,0.7083333333333333,0.5,0.9166666666666666,0.030645042637785377,1,scar,v4_patient_level_refold
NNUNET_DECODER_L0,P3_nnunet_scar_FP_vs_true_negative,logistic_regression,56,14,51,13,PASS,0.23076923076923073,0.09090909090909091,0.5,0.0,1.0,0.06108840474552886,2,scar,v4_patient_level_refold
NNUNET_DECODER_L0,P3_nnunet_scar_FP_vs_true_negative,logistic_regression,55,15,50,14,PASS,0.6428571428571428,0.16666666666666666,0.4642857142857143,0.0,0.9285714285714286,0.00368269688962089,3,scar,v4_patient_level_refold
NNUNET_DECODER_L0,P3_nnunet_scar_FP_vs_true_negative,logistic_regression,56,14,52,12,PASS,0.25,0.1388888888888889,0.5,0.0,1.0,0.12304782644247583,4,scar,v4_patient_level_refold
NNUNET_DECODER_L0,P4_pure_edema_vs_normal_myocardium,logistic_regression,81,18,59,13,PASS,0.8461538461538463,0.6866666666666665,0.7846153846153847,0.8,0.7692307692307693,0.10175288484254685,0,pure_edema,v4_patient_level_refold
NNUNET_DECODER_L0,P4_pure_edema_vs_normal_myocardium,logistic_regression,77,22,56,16,PASS,0.675,0.6230502392344497,0.775,0.8,0.75,0.047358591006384676,1,pure_edema,v4_patient_level_refold
NNUNET_DECODER_L0,P4_pure_edema_vs_normal_myocardium,logistic_regression,79,20,58,14,PASS,0.6593406593406592,0.47560357476323856,0.4560439560439561,0.14285714285714285,0.7692307692307693,0.11909750307974762,2,pure_edema,v4_patient_level_refold
NNUNET_DECODER_L0,P4_pure_edema_vs_normal_myocardium,logistic_regression,78,21,56,16,PASS,0.8265306122448979,0.6910173160173161,0.6785714285714286,0.42857142857142855,0.9285714285714286,0.10770103170120726,3,pure_edema,v4_patient_level_refold
NNUNET_DECODER_L0,P4_pure_edema_vs_normal_myocardium,logistic_regression,81,18,59,13,PASS,0.7916666666666666,0.7658730158730158,0.7083333333333333,0.6666666666666666,0.75,0.034970145934670904,4,pure_edema,v4_patient_level_refold
NNUNET_DECODER_L0,P5_nnunet_pure_edema_FN,logistic_regression,62,17,52,13,PASS,0.8269230769230769,0.6950757575757576,0.7596153846153846,0.75,0.7692307692307693,0.10998801070097575,0,pure_edema,v4_patient_level_refold
NNUNET_DECODER_L0,P5_nnunet_pure_edema_FN,logistic_regression,64,15,52,13,PASS,0.5,0.4769230769230769,0.5416666666666666,0.3333333333333333,0.75,0.05551098943221716,1,pure_edema,v4_patient_level_refold
NNUNET_DECODER_L0,P5_nnunet_pure_edema_FN,logistic_regression,63,16,52,13,PASS,0.7435897435897436,0.4797979797979798,0.6282051282051282,0.3333333333333333,0.9230769230769231,0.061823038454496715,2,pure_edema,v4_patient_level_refold
NNUNET_DECODER_L0,P5_nnunet_pure_edema_FN,logistic_regression,63,16,51,14,PASS,0.8571428571428571,0.45,0.7142857142857143,0.5,0.9285714285714286,0.02476367566235213,3,pure_edema,v4_patient_level_refold
NNUNET_DECODER_L0,P5_nnunet_pure_edema_FN,logistic_regression,64,15,53,12,PASS,0.8333333333333333,0.7777777777777777,0.5,0.0,1.0,0.15368377103259795,4,pure_edema,v4_patient_level_refold
NNUNET_DECODER_L0,P6_nnunet_pure_edema_FP,logistic_regression,61,15,52,13,PASS,0.9615384615384616,0.8333333333333333,0.75,0.5,1.0,0.00506249573523726,0,pure_edema,v4_patient_level_refold
NNUNET_DECODER_L0,P6_nnunet_pure_edema_FP,logistic_regression,63,13,53,12,PASS,0.6666666666666667,0.2,0.4583333333333333,0.0,0.9166666666666666,0.05365752343882543,1,pure_edema,v4_patient_level_refold
NNUNET_DECODER_L0,P6_nnunet_pure_edema_FP,logistic_regression,60,16,51,14,PASS,0.7179487179487178,0.5833333333333333,0.6666666666666666,0.3333333333333333,1.0,0.0983568953700345,2,pure_edema,v4_patient_level_refold
NNUNET_DECODER_L0,P6_nnunet_pure_edema_FP,logistic_regression,59,17,51,14,PASS,0.8333333333333333,0.7666666666666666,0.7976190476190477,0.6666666666666666,0.9285714285714286,0.04360716284721286,3,pure_edema,v4_patient_level_refold
NNUNET_DECODER_L0,P6_nnunet_pure_edema_FP,logistic_regression,61,15,53,12,PASS,0.5,0.48333333333333334,0.6666666666666666,0.3333333333333333,1.0,0.12675612834615446,4,pure_edema,v4_patient_level_refold
NNUNET_DECODER_L0,P7_small_scar_vs_normal_myocardium,logistic_regression,53,14,51,13,PASS,0.15384615384615385,0.08333333333333333,0.5,0.0,1.0,0.06908019783378054,0,scar,v4_patient_level_refold
NNUNET_DECODER_L0,P7_small_scar_vs_normal_myocardium,logistic_regression,53,14,52,12,PASS,0.4583333333333333,0.20833333333333331,0.5,0.0,1.0,0.14141529265654698,1,scar,v4_patient_level_refold
NNUNET_DECODER_L0,P7_small_scar_vs_normal_myocardium,logistic_regression,54,13,51,13,INSUFFICIENT_EVAL_CLASSES,,,,,,,2,scar,v4_patient_level_refold
NNUNET_DECODER_L0,P7_small_scar_vs_normal_myocardium,logistic_regression,53,14,50,14,INSUFFICIENT_EVAL_CLASSES,,,,,,,3,scar,v4_patient_level_refold
NNUNET_DECODER_L0,P7_small_scar_vs_normal_myocardium,logistic_regression,55,12,52,12,INSUFFICIENT_EVAL_CLASSES,,,,,,,4,scar,v4_patient_level_refold
NNUNET_DECODER_L0,P8_boundary_scar_vs_non_scar_myocardium,logistic_regression,84,19,58,13,PASS,0.7820512820512822,0.7202380952380951,0.717948717948718,0.6666666666666666,0.7692307692307693,0.12136291341595218,0,scar,v4_patient_level_refold
NNUNET_DECODER_L0,P8_boundary_scar_vs_non_scar_myocardium,logistic_regression,80,23,56,15,PASS,0.6590909090909091,0.7080606481792253,0.6477272727272727,0.5454545454545454,0.75,0.10304742652416138,1,scar,v4_patient_level_refold
NNUNET_DECODER_L0,P8_boundary_scar_vs_non_scar_myocardium,logistic_regression,79,24,56,15,PASS,0.5944055944055944,0.5819864033767777,0.534965034965035,0.45454545454545453,0.6153846153846154,0.08715670163799161,2,scar,v4_patient_level_refold
NNUNET_DECODER_L0,P8_boundary_scar_vs_non_scar_myocardium,logistic_regression,86,17,57,14,PASS,0.5,0.21313131313131314,0.45238095238095233,0.3333333333333333,0.5714285714285714,0.19457914595181533,3,scar,v4_patient_level_refold
NNUNET_DECODER_L0,P8_boundary_scar_vs_non_scar_myocardium,logistic_regression,83,20,57,14,PASS,0.78125,0.7625,0.7916666666666667,0.75,0.8333333333333334,0.0007152887697403632,4,scar,v4_patient_level_refold
NNUNET_DECODER_L1,P1_scar_vs_normal_myocardium,logistic_regression,120,31,64,16,PASS,0.9958333333333333,0.9958333333333333,0.9666666666666667,0.9333333333333333,1.0,0.013133272134286,0,scar,v4_patient_level_refold
NNUNET_DECODER_L1,P1_scar_vs_normal_myocardium,logistic_regression,121,30,64,16,PASS,0.9330357142857143,0.9255943304815484,0.8660714285714286,0.8571428571428571,0.875,0.029697855705817844,1,scar,v4_patient_level_refold
NNUNET_DECODER_L1,P1_scar_vs_normal_myocardium,logistic_regression,120,31,64,16,PASS,0.9333333333333333,0.9452661064425769,0.8666666666666667,0.7333333333333333,1.0,0.12753535649114534,2,scar,v4_patient_level_refold
NNUNET_DECODER_L1,P1_scar_vs_normal_myocardium,logistic_regression,123,28,64,16,PASS,0.9128205128205129,0.9275587157940097,0.8512820512820514,0.7692307692307693,0.9333333333333333,0.0388817953695661,3,scar,v4_patient_level_refold
NNUNET_DECODER_L1,P1_scar_vs_normal_myocardium,logistic_regression,120,31,64,16,PASS,0.9166666666666666,0.9276165355112722,0.8708333333333333,0.8666666666666667,0.875,0.02478355352617334,4,scar,v4_patient_level_refold
NNUNET_DECODER_L1,P2_nnunet_scar_FN_vs_true_negative,logistic_regression,92,23,64,16,PASS,0.9642857142857143,0.9480519480519478,0.9285714285714286,0.8571428571428571,1.0,0.06174989536729436,0,scar,v4_patient_level_refold
NNUNET_DECODER_L1,P2_nnunet_scar_FN_vs_true_negative,logistic_regression,93,22,64,16,PASS,0.8333333333333334,0.8787878787878787,0.9166666666666667,0.8333333333333334,1.0,0.029604528024713944,1,scar,v4_patient_level_refold
NNUNET_DECODER_L1,P2_nnunet_scar_FN_vs_true_negative,logistic_regression,90,25,64,16,PASS,1.0,1.0,1.0,1.0,1.0,0.004670189492644861,2,scar,v4_patient_level_refold
NNUNET_DECODER_L1,P2_nnunet_scar_FN_vs_true_negative,logistic_regression,95,20,64,16,PASS,0.9600000000000001,0.9028571428571428,0.8,0.6,1.0,0.06509775110413726,3,scar,v4_patient_level_refold
NNUNET_DECODER_L1,P2_nnunet_scar_FN_vs_true_negative,logistic_regression,90,25,64,16,PASS,1.0,1.0,0.9444444444444444,0.8888888888888888,1.0,0.030239407689724884,4,scar,v4_patient_level_refold
NNUNET_DECODER_L1,P3_nnunet_scar_FP_vs_true_negative,logistic_regression,75,21,63,16,PASS,1.0,1.0,1.0,1.0,1.0,0.034020189312231386,0,scar,v4_patient_level_refold
NNUNET_DECODER_L1,P3_nnunet_scar_FP_vs_true_negative,logistic_regression,77,19,63,16,PASS,1.0,1.0,0.8333333333333333,0.6666666666666666,1.0,0.027047634550252803,1,scar,v4_patient_level_refold
NNUNET_DECODER_L1,P3_nnunet_scar_FP_vs_true_negative,logistic_regression,77,19,63,16,PASS,1.0,1.0,0.8333333333333333,0.6666666666666666,1.0,0.07805993504469223,2,scar,v4_patient_level_refold
NNUNET_DECODER_L1,P3_nnunet_scar_FP_vs_true_negative,logistic_regression,78,18,64,15,PASS,1.0,1.0,0.6666666666666666,0.3333333333333333,1.0,0.07531188952610524,3,scar,v4_patient_level_refold
NNUNET_DECODER_L1,P3_nnunet_scar_FP_vs_true_negative,logistic_regression,77,19,63,16,PASS,1.0,1.0,1.0,1.0,1.0,0.0023532764030397,4,scar,v4_patient_level_refold
NNUNET_DECODER_L1,P4_pure_edema_vs_normal_myocardium,logistic_regression,123,30,64,16,PASS,0.9241071428571428,0.933027686599115,0.8705357142857143,0.9285714285714286,0.8125,0.08562169868913483,0,pure_edema,v4_patient_level_refold
NNUNET_DECODER_L1,P4_pure_edema_vs_normal_myocardium,logistic_regression,122,31,64,16,PASS,0.8291666666666667,0.8829822646489314,0.8354166666666667,0.7333333333333333,0.9375,0.06209008529384852,1,pure_edema,v4_patient_level_refold
NNUNET_DECODER_L1,P4_pure_edema_vs_normal_myocardium,logistic_regression,121,32,64,16,PASS,0.9375,0.9604631507775525,0.875,0.875,0.875,0.0025627214494787776,2,pure_edema,v4_patient_level_refold
NNUNET_DECODER_L1,P4_pure_edema_vs_normal_myocardium,logistic_regression,123,30,64,16,PASS,0.8355555555555556,0.8674320848233892,0.7,0.5333333333333333,0.8666666666666667,0.11545829665659102,3,pure_edema,v4_patient_level_refold
NNUNET_DECODER_L1,P4_pure_edema_vs_normal_myocardium,logistic_regression,123,30,64,16,PASS,0.7857142857142858,0.8030053804738677,0.6830357142857143,0.42857142857142855,0.9375,0.1487549052617292,4,pure_edema,v4_patient_level_refold
NNUNET_DECODER_L1,P5_nnunet_pure_edema_FN,logistic_regression,93,24,63,16,PASS,1.0,1.0,1.0,1.0,1.0,0.016598883054752156,0,pure_edema,v4_patient_level_refold
NNUNET_DECODER_L1,P5_nnunet_pure_edema_FN,logistic_regression,94,23,63,16,PASS,0.875,0.8655567490153955,0.8973214285714286,0.8571428571428571,0.9375,0.0507347941742789,1,pure_edema,v4_patient_level_refold
NNUNET_DECODER_L1,P5_nnunet_pure_edema_FN,logistic_regression,94,23,63,16,PASS,0.9553571428571428,0.9404761904761902,0.9285714285714286,0.8571428571428571,1.0,0.04706103036105419,2,pure_edema,v4_patient_level_refold
NNUNET_DECODER_L1,P5_nnunet_pure_edema_FN,logistic_regression,94,23,64,15,PASS,0.9666666666666667,0.9472222222222222,0.875,0.75,1.0,0.03757713294818238,3,pure_edema,v4_patient_level_refold
NNUNET_DECODER_L1,P5_nnunet_pure_edema_FN,logistic_regression,93,24,63,16,PASS,1.0,1.0,1.0,1.0,1.0,0.0005701412958758478,4,pure_edema,v4_patient_level_refold
NNUNET_DECODER_L1,P6_nnunet_pure_edema_FP,logistic_regression,92,25,64,16,PASS,0.9791666666666666,0.9722222222222223,0.9444444444444444,0.8888888888888888,1.0,0.03449694124089353,0,pure_edema,v4_patient_level_refold
NNUNET_DECODER_L1,P6_nnunet_pure_edema_FP,logistic_regression,92,25,64,16,PASS,0.9930555555555556,0.9888888888888889,0.9131944444444444,0.8888888888888888,0.9375,0.027002640831436997,1,pure_edema,v4_patient_level_refold
NNUNET_DECODER_L1,P6_nnunet_pure_edema_FP,logistic_regression,96,21,64,16,PASS,1.0,1.0,1.0,1.0,1.0,0.004106952842915429,2,pure_edema,v4_patient_level_refold
NNUNET_DECODER_L1,P6_nnunet_pure_edema_FP,logistic_regression,97,20,64,16,PASS,1.0,1.0,0.9,0.8,1.0,0.019914592533697956,3,pure_edema,v4_patient_level_refold
NNUNET_DECODER_L1,P6_nnunet_pure_edema_FP,logistic_regression,91,26,64,16,PASS,0.9375,0.9317307692307693,0.85,0.7,1.0,0.15638079276337072,4,pure_edema,v4_patient_level_refold
NNUNET_DECODER_L1,P7_small_scar_vs_normal_myocardium,logistic_regression,71,17,63,16,PASS,0.5,0.1111111111111111,0.5,0.0,1.0,0.054730803225271574,0,scar,v4_patient_level_refold
NNUNET_DECODER_L1,P7_small_scar_vs_normal_myocardium,logistic_regression,70,18,63,16,PASS,0.84375,0.6428571428571428,0.5,0.0,1.0,0.09289379148141849,1,scar,v4_patient_level_refold
NNUNET_DECODER_L1,P7_small_scar_vs_normal_myocardium,logistic_regression,72,16,63,16,INSUFFICIENT_EVAL_CLASSES,,,,,,,2,scar,v4_patient_level_refold
NNUNET_DECODER_L1,P7_small_scar_vs_normal_myocardium,logistic_regression,70,18,64,15,PASS,0.7777777777777777,0.6388888888888888,0.6333333333333333,0.3333333333333333,0.9333333333333333,0.07267329390694718,3,scar,v4_patient_level_refold
NNUNET_DECODER_L1,P7_small_scar_vs_normal_myocardium,logistic_regression,69,19,63,16,PASS,1.0,1.0,0.6666666666666666,0.3333333333333333,1.0,0.10346984372752557,4,scar,v4_patient_level_refold
NNUNET_DECODER_L1,P8_boundary_scar_vs_non_scar_myocardium,logistic_regression,120,31,64,16,PASS,0.9958333333333333,0.9958333333333333,0.9666666666666667,0.9333333333333333,1.0,0.013133272134286,0,scar,v4_patient_level_refold
NNUNET_DECODER_L1,P8_boundary_scar_vs_non_scar_myocardium,logistic_regression,121,30,64,16,PASS,0.9330357142857143,0.9255943304815484,0.8660714285714286,0.8571428571428571,0.875,0.029697855705817844,1,scar,v4_patient_level_refold
NNUNET_DECODER_L1,P8_boundary_scar_vs_non_scar_myocardium,logistic_regression,120,31,64,16,PASS,0.9333333333333333,0.9452661064425769,0.8666666666666667,0.7333333333333333,1.0,0.12753535649114534,2,scar,v4_patient_level_refold
NNUNET_DECODER_L1,P8_boundary_scar_vs_non_scar_myocardium,logistic_regression,123,28,64,16,PASS,0.9128205128205129,0.9275587157940097,0.8512820512820514,0.7692307692307693,0.9333333333333333,0.0388817953695661,3,scar,v4_patient_level_refold
NNUNET_DECODER_L1,P8_boundary_scar_vs_non_scar_myocardium,logistic_regression,120,31,64,16,PASS,0.9166666666666666,0.9276165355112722,0.8708333333333333,0.8666666666666667,0.875,0.02478355352617334,4,scar,v4_patient_level_refold
NNUNET_DECODER_L2,P1_scar_vs_normal_myocardium,logistic_regression,127,32,64,16,PASS,0.984375,0.9837863270308124,0.96875,1.0,0.9375,0.0007721943431979739,0,scar,v4_patient_level_refold
NNUNET_DECODER_L2,P1_scar_vs_normal_myocardium,logistic_regression,128,31,64,16,PASS,0.9958333333333333,0.9958333333333333,0.9,0.8,1.0,0.07000319097119956,1,scar,v4_patient_level_refold
NNUNET_DECODER_L2,P1_scar_vs_normal_myocardium,logistic_regression,127,32,64,16,PASS,0.95703125,0.96875,0.90625,0.8125,1.0,0.08839887933788415,2,scar,v4_patient_level_refold
NNUNET_DECODER_L2,P1_scar_vs_normal_myocardium,logistic_regression,127,32,64,16,PASS,0.93359375,0.9457346574993635,0.84375,0.8125,0.875,0.031338399827739005,3,scar,v4_patient_level_refold
NNUNET_DECODER_L2,P1_scar_vs_normal_myocardium,logistic_regression,127,32,64,16,PASS,0.94921875,0.9314383023022729,0.90625,1.0,0.8125,0.07777240309974709,4,scar,v4_patient_level_refold
NNUNET_DECODER_L2,P2_nnunet_scar_FN_vs_true_negative,logistic_regression,117,27,64,16,PASS,0.9829545454545454,0.9805194805194806,0.9545454545454546,0.9090909090909091,1.0,0.030689174924939222,0,scar,v4_patient_level_refold
NNUNET_DECODER_L2,P2_nnunet_scar_FN_vs_true_negative,logistic_regression,116,28,64,16,PASS,1.0,1.0,0.9166666666666667,0.8333333333333334,1.0,0.06342952639562738,1,scar,v4_patient_level_refold
NNUNET_DECODER_L2,P2_nnunet_scar_FN_vs_true_negative,logistic_regression,114,30,64,16,PASS,1.0,0.9999999999999998,0.9642857142857143,0.9285714285714286,1.0,0.03229418960178293,2,scar,v4_patient_level_refold
NNUNET_DECODER_L2,P2_nnunet_scar_FN_vs_true_negative,logistic_regression,115,29,64,16,PASS,1.0,0.9999999999999998,0.9230769230769231,0.8461538461538461,1.0,0.018889262658736083,3,scar,v4_patient_level_refold
NNUNET_DECODER_L2,P2_nnunet_scar_FN_vs_true_negative,logistic_regression,114,30,64,16,PASS,1.0,0.9999999999999998,1.0,1.0,1.0,0.0037583665499142382,4,scar,v4_patient_level_refold
NNUNET_DECODER_L2,P3_nnunet_scar_FP_vs_true_negative,logistic_regression,98,27,64,16,PASS,0.9829545454545454,0.9750688705234161,0.9232954545454546,0.9090909090909091,0.9375,0.03178514983250541,0,scar,v4_patient_level_refold
NNUNET_DECODER_L2,P3_nnunet_scar_FP_vs_true_negative,logistic_regression,102,23,64,16,PASS,1.0,0.9999999999999998,0.8571428571428572,0.7142857142857143,1.0,0.06952070988717862,1,scar,v4_patient_level_refold
NNUNET_DECODER_L2,P3_nnunet_scar_FP_vs_true_negative,logistic_regression,99,26,64,16,PASS,1.0,1.0,0.95,0.9,1.0,0.05870004973606441,2,scar,v4_patient_level_refold
NNUNET_DECODER_L2,P3_nnunet_scar_FP_vs_true_negative,logistic_regression,101,24,64,16,PASS,0.9765625,0.9659090909090909,0.875,0.75,1.0,0.05615708375085737,3,scar,v4_patient_level_refold
NNUNET_DECODER_L2,P3_nnunet_scar_FP_vs_true_negative,logistic_regression,100,25,64,16,PASS,1.0,1.0,1.0,1.0,1.0,0.0034631505079514846,4,scar,v4_patient_level_refold
NNUNET_DECODER_L2,P4_pure_edema_vs_normal_myocardium,logistic_regression,127,32,64,16,PASS,0.859375,0.8973227741120886,0.78125,0.75,0.8125,0.03675343643920176,0,pure_edema,v4_patient_level_refold
NNUNET_DECODER_L2,P4_pure_edema_vs_normal_myocardium,logistic_regression,128,31,64,16,PASS,0.8833333333333333,0.9190132275132274,0.8354166666666667,0.7333333333333333,0.9375,0.07806399138234371,1,pure_edema,v4_patient_level_refold
NNUNET_DECODER_L2,P4_pure_edema_vs_normal_myocardium,logistic_regression,127,32,64,16,PASS,0.81640625,0.8647012892078682,0.8125,0.6875,0.9375,0.13593839150370446,2,pure_edema,v4_patient_level_refold
NNUNET_DECODER_L2,P4_pure_edema_vs_normal_myocardium,logistic_regression,127,32,64,16,PASS,0.828125,0.8643700452124365,0.75,0.75,0.75,0.02703808631549376,3,pure_edema,v4_patient_level_refold
NNUNET_DECODER_L2,P4_pure_edema_vs_normal_myocardium,logistic_regression,127,32,64,16,PASS,0.7578125,0.8437163978494624,0.6875,0.625,0.75,0.07692398034731412,4,pure_edema,v4_patient_level_refold
NNUNET_DECODER_L2,P5_nnunet_pure_edema_FN,logistic_regression,113,31,64,16,PASS,0.8875000000000001,0.9357173265219241,0.9020833333333333,0.8666666666666667,0.9375,0.04532181799476559,0,pure_edema,v4_patient_level_refold
NNUNET_DECODER_L2,P5_nnunet_pure_edema_FN,logistic_regression,116,28,64,16,PASS,0.9166666666666666,0.9206349206349208,0.8333333333333333,0.6666666666666666,1.0,0.10351152243966477,1,pure_edema,v4_patient_level_refold
NNUNET_DECODER_L2,P5_nnunet_pure_edema_FN,logistic_regression,117,27,64,16,PASS,0.8693181818181819,0.8969326128417039,0.8181818181818181,0.6363636363636364,1.0,0.1386964526719769,2,pure_edema,v4_patient_level_refold
NNUNET_DECODER_L2,P5_nnunet_pure_edema_FN,logistic_regression,115,29,64,16,PASS,0.9230769230769231,0.941282051282051,0.8846153846153846,0.7692307692307693,1.0,0.041090557938159356,3,pure_edema,v4_patient_level_refold
NNUNET_DECODER_L2,P5_nnunet_pure_edema_FN,logistic_regression,115,29,64,16,PASS,0.9663461538461539,0.9676434676434673,0.8918269230769231,0.8461538461538461,0.9375,0.03075923421078497,4,pure_edema,v4_patient_level_refold
NNUNET_DECODER_L2,P6_nnunet_pure_edema_FP,logistic_regression,115,29,64,16,PASS,0.9951923076923077,0.9945054945054943,0.9302884615384616,0.9230769230769231,0.9375,0.010952166014719211,0,pure_edema,v4_patient_level_refold
NNUNET_DECODER_L2,P6_nnunet_pure_edema_FP,logistic_regression,117,27,64,16,PASS,1.0,1.0,0.8181818181818181,0.6363636363636364,1.0,0.11487321091724179,1,pure_edema,v4_patient_level_refold
NNUNET_DECODER_L2,P6_nnunet_pure_edema_FP,logistic_regression,117,27,64,16,PASS,1.0,1.0,1.0,1.0,1.0,0.0039143622465119265,2,pure_edema,v4_patient_level_refold
NNUNET_DECODER_L2,P6_nnunet_pure_edema_FP,logistic_regression,114,30,64,16,PASS,0.9955357142857143,0.995238095238095,0.9330357142857143,0.9285714285714286,0.9375,0.00583521691104566,3,pure_edema,v4_patient_level_refold
NNUNET_DECODER_L2,P6_nnunet_pure_edema_FP,logistic_regression,113,31,64,16,PASS,0.9916666666666667,0.9921568627450981,0.9333333333333333,0.8666666666666667,1.0,0.08507083421331951,4,pure_edema,v4_patient_level_refold
NNUNET_DECODER_L2,P7_small_scar_vs_normal_myocardium,logistic_regression,77,17,64,16,PASS,1.0,1.0,1.0,1.0,1.0,0.0032089809625747284,0,scar,v4_patient_level_refold
NNUNET_DECODER_L2,P7_small_scar_vs_normal_myocardium,logistic_regression,75,19,64,16,PASS,1.0,1.0,0.6666666666666666,0.3333333333333333,1.0,0.09605299303148443,1,scar,v4_patient_level_refold
NNUNET_DECODER_L2,P7_small_scar_vs_normal_myocardium,logistic_regression,77,17,64,16,PASS,1.0,1.0,1.0,1.0,1.0,0.013522868531022261,2,scar,v4_patient_level_refold
NNUNET_DECODER_L2,P7_small_scar_vs_normal_myocardium,logistic_regression,73,21,64,16,PASS,1.0,1.0,0.9,0.8,1.0,0.05801171436969296,3,scar,v4_patient_level_refold
NNUNET_DECODER_L2,P7_small_scar_vs_normal_myocardium,logistic_regression,74,20,64,16,PASS,0.96875,0.9166666666666666,0.75,0.5,1.0,0.13158882403014782,4,scar,v4_patient_level_refold
NNUNET_DECODER_L2,P8_boundary_scar_vs_non_scar_myocardium,logistic_regression,127,32,64,16,PASS,0.984375,0.9837863270308124,0.96875,1.0,0.9375,0.0007721943431979739,0,scar,v4_patient_level_refold
NNUNET_DECODER_L2,P8_boundary_scar_vs_non_scar_myocardium,logistic_regression,128,31,64,16,PASS,0.9958333333333333,0.9958333333333333,0.9,0.8,1.0,0.07000319097119956,1,scar,v4_patient_level_refold
NNUNET_DECODER_L2,P8_boundary_scar_vs_non_scar_myocardium,logistic_regression,127,32,64,16,PASS,0.95703125,0.96875,0.90625,0.8125,1.0,0.08839887933788415,2,scar,v4_patient_level_refold
NNUNET_DECODER_L2,P8_boundary_scar_vs_non_scar_myocardium,logistic_regression,127,32,64,16,PASS,0.93359375,0.9457346574993635,0.84375,0.8125,0.875,0.031338399827739005,3,scar,v4_patient_level_refold
NNUNET_DECODER_L2,P8_boundary_scar_vs_non_scar_myocardium,logistic_regression,127,32,64,16,PASS,0.94921875,0.9314383023022729,0.90625,1.0,0.8125,0.07777240309974709,4,scar,v4_patient_level_refold
NNUNET_DECODER_L3,P1_scar_vs_normal_myocardium,logistic_regression,127,32,64,16,PASS,0.98828125,0.9891493055555556,0.90625,0.9375,0.875,0.05634060321136247,0,scar,v4_patient_level_refold
NNUNET_DECODER_L3,P1_scar_vs_normal_myocardium,logistic_regression,128,31,64,16,PASS,0.975,0.9757936507936507,0.8708333333333333,0.8666666666666667,0.875,0.006195930168133967,1,scar,v4_patient_level_refold
NNUNET_DECODER_L3,P1_scar_vs_normal_myocardium,logistic_regression,127,32,64,16,PASS,0.9609375,0.9718137254901961,0.90625,0.8125,1.0,0.10194914628201479,2,scar,v4_patient_level_refold
NNUNET_DECODER_L3,P1_scar_vs_normal_myocardium,logistic_regression,127,32,64,16,PASS,0.98046875,0.9820586622807017,0.9375,0.9375,0.9375,0.014825681261526669,3,scar,v4_patient_level_refold
NNUNET_DECODER_L3,P1_scar_vs_normal_myocardium,logistic_regression,127,32,64,16,PASS,0.98828125,0.9891493055555556,0.90625,0.9375,0.875,0.022063970067754513,4,scar,v4_patient_level_refold
NNUNET_DECODER_L3,P2_nnunet_scar_FN_vs_true_negative,logistic_regression,126,32,64,16,PASS,1.0,1.0,0.96875,0.9375,1.0,0.024146711163210988,0,scar,v4_patient_level_refold
NNUNET_DECODER_L3,P2_nnunet_scar_FN_vs_true_negative,logistic_regression,127,31,64,16,PASS,0.9958333333333333,0.9958333333333333,0.9333333333333333,0.8666666666666667,1.0,0.02691957173625842,1,scar,v4_patient_level_refold
NNUNET_DECODER_L3,P2_nnunet_scar_FN_vs_true_negative,logistic_regression,126,32,64,16,PASS,1.0,1.0,1.0,1.0,1.0,0.021707718776904916,2,scar,v4_patient_level_refold
NNUNET_DECODER_L3,P2_nnunet_scar_FN_vs_true_negative,logistic_regression,126,32,64,16,PASS,0.99609375,0.9963235294117647,0.96875,1.0,0.9375,0.02426239163625632,3,scar,v4_patient_level_refold
NNUNET_DECODER_L3,P2_nnunet_scar_FN_vs_true_negative,logistic_regression,127,31,64,16,PASS,1.0,1.0,0.9666666666666667,0.9333333333333333,1.0,0.01649871219894261,4,scar,v4_patient_level_refold
NNUNET_DECODER_L3,P3_nnunet_scar_FP_vs_true_negative,logistic_regression,120,32,64,16,PASS,1.0,1.0,1.0,1.0,1.0,0.0032456598759584288,0,scar,v4_patient_level_refold
NNUNET_DECODER_L3,P3_nnunet_scar_FP_vs_true_negative,logistic_regression,123,29,64,16,PASS,0.9951923076923077,0.9945054945054943,0.9230769230769231,0.8461538461538461,1.0,0.050001993369725106,1,scar,v4_patient_level_refold
NNUNET_DECODER_L3,P3_nnunet_scar_FP_vs_true_negative,logistic_regression,121,31,64,16,PASS,1.0,1.0,1.0,1.0,1.0,0.014796042101953677,2,scar,v4_patient_level_refold
NNUNET_DECODER_L3,P3_nnunet_scar_FP_vs_true_negative,logistic_regression,121,31,64,16,PASS,0.9958333333333333,0.9958333333333333,0.9354166666666667,0.9333333333333333,0.9375,0.005290230529369666,3,scar,v4_patient_level_refold
NNUNET_DECODER_L3,P3_nnunet_scar_FP_vs_true_negative,logistic_regression,123,29,64,16,PASS,1.0,0.9999999999999998,1.0,1.0,1.0,0.006811105501655701,4,scar,v4_patient_level_refold
NNUNET_DECODER_L3,P4_pure_edema_vs_normal_myocardium,logistic_regression,128,32,64,16,PASS,0.9609375,0.9656096507659008,0.90625,0.9375,0.875,0.04810385533388084,0,pure_edema,v4_patient_level_refold
NNUNET_DECODER_L3,P4_pure_edema_vs_normal_myocardium,logistic_regression,128,32,64,16,PASS,0.9140625,0.9199762301252239,0.8125,0.6875,0.9375,0.09045817774858045,1,pure_edema,v4_patient_level_refold
NNUNET_DECODER_L3,P4_pure_edema_vs_normal_myocardium,logistic_regression,128,32,64,16,PASS,0.9609375,0.9684410584886128,0.875,0.75,1.0,0.10104574116848558,2,pure_edema,v4_patient_level_refold
NNUNET_DECODER_L3,P4_pure_edema_vs_normal_myocardium,logistic_regression,128,32,64,16,PASS,0.94921875,0.9548766748602275,0.875,0.875,0.875,0.014133434729553529,3,pure_edema,v4_patient_level_refold
NNUNET_DECODER_L3,P4_pure_edema_vs_normal_myocardium,logistic_regression,128,32,64,16,PASS,0.87109375,0.8883211233211233,0.71875,0.8125,0.625,0.04689128330347003,4,pure_edema,v4_patient_level_refold
NNUNET_DECODER_L3,P5_nnunet_pure_edema_FN,logistic_regression,128,32,64,16,PASS,0.9921875,0.9930555555555556,0.96875,0.9375,1.0,0.019956869382522946,0,pure_edema,v4_patient_level_refold
NNUNET_DECODER_L3,P5_nnunet_pure_edema_FN,logistic_regression,128,32,64,16,PASS,0.9921875,0.9930555555555556,0.9375,0.9375,0.9375,0.0136016183494444,1,pure_edema,v4_patient_level_refold
NNUNET_DECODER_L3,P5_nnunet_pure_edema_FN,logistic_regression,128,32,64,16,PASS,0.97265625,0.9809782608695652,0.9375,0.875,1.0,0.05196589213311381,2,pure_edema,v4_patient_level_refold
NNUNET_DECODER_L3,P5_nnunet_pure_edema_FN,logistic_regression,128,32,64,16,PASS,0.984375,0.9837863270308124,0.96875,1.0,0.9375,0.015687260558236105,3,pure_edema,v4_patient_level_refold
NNUNET_DECODER_L3,P5_nnunet_pure_edema_FN,logistic_regression,128,32,64,16,PASS,0.98046875,0.98359375,0.9375,0.9375,0.9375,0.004835634696768731,4,pure_edema,v4_patient_level_refold
NNUNET_DECODER_L3,P6_nnunet_pure_edema_FP,logistic_regression,128,31,64,16,PASS,0.9958333333333333,0.9958333333333333,0.9354166666666667,0.9333333333333333,0.9375,0.019472255711343256,0,pure_edema,v4_patient_level_refold
NNUNET_DECODER_L3,P6_nnunet_pure_edema_FP,logistic_regression,127,32,64,16,PASS,0.98046875,0.98359375,0.90625,0.875,0.9375,0.030697642000877434,1,pure_edema,v4_patient_level_refold
NNUNET_DECODER_L3,P6_nnunet_pure_edema_FP,logistic_regression,127,32,64,16,PASS,1.0,1.0,1.0,1.0,1.0,0.014485178975094493,2,pure_edema,v4_patient_level_refold
NNUNET_DECODER_L3,P6_nnunet_pure_edema_FP,logistic_regression,127,32,64,16,PASS,0.9921875,0.9924172794117647,0.96875,1.0,0.9375,0.04682678845559951,3,pure_edema,v4_patient_level_refold
NNUNET_DECODER_L3,P6_nnunet_pure_edema_FP,logistic_regression,127,32,64,16,PASS,1.0,1.0,0.96875,0.9375,1.0,0.0007559117764313061,4,pure_edema,v4_patient_level_refold
NNUNET_DECODER_L3,P7_small_scar_vs_normal_myocardium,logistic_regression,77,17,64,16,PASS,1.0,1.0,1.0,1.0,1.0,0.003303368481235802,0,scar,v4_patient_level_refold
NNUNET_DECODER_L3,P7_small_scar_vs_normal_myocardium,logistic_regression,75,19,64,16,PASS,0.9791666666666666,0.9166666666666665,0.8333333333333333,0.6666666666666666,1.0,0.04163327986147916,1,scar,v4_patient_level_refold
NNUNET_DECODER_L3,P7_small_scar_vs_normal_myocardium,logistic_regression,77,17,64,16,PASS,1.0,1.0,1.0,1.0,1.0,0.0017881015068331521,2,scar,v4_patient_level_refold
NNUNET_DECODER_L3,P7_small_scar_vs_normal_myocardium,logistic_regression,73,21,64,16,PASS,1.0,1.0,1.0,1.0,1.0,0.0034268660066583967,3,scar,v4_patient_level_refold
NNUNET_DECODER_L3,P7_small_scar_vs_normal_myocardium,logistic_regression,74,20,64,16,PASS,1.0,1.0,0.875,0.75,1.0,0.05016371779618162,4,scar,v4_patient_level_refold
NNUNET_DECODER_L3,P8_boundary_scar_vs_non_scar_myocardium,logistic_regression,127,32,64,16,PASS,0.98828125,0.9891493055555556,0.90625,0.9375,0.875,0.05634060321136247,0,scar,v4_patient_level_refold
NNUNET_DECODER_L3,P8_boundary_scar_vs_non_scar_myocardium,logistic_regression,128,31,64,16,PASS,0.975,0.9757936507936507,0.8708333333333333,0.8666666666666667,0.875,0.006195930168133967,1,scar,v4_patient_level_refold
NNUNET_DECODER_L3,P8_boundary_scar_vs_non_scar_myocardium,logistic_regression,127,32,64,16,PASS,0.9609375,0.9718137254901961,0.90625,0.8125,1.0,0.10194914628201479,2,scar,v4_patient_level_refold
NNUNET_DECODER_L3,P8_boundary_scar_vs_non_scar_myocardium,logistic_regression,127,32,64,16,PASS,0.98046875,0.9820586622807017,0.9375,0.9375,0.9375,0.014825681261526669,3,scar,v4_patient_level_refold
NNUNET_DECODER_L3,P8_boundary_scar_vs_non_scar_myocardium,logistic_regression,127,32,64,16,PASS,0.98828125,0.9891493055555556,0.90625,0.9375,0.875,0.022063970067754513,4,scar,v4_patient_level_refold
NNUNET_DECODER_L4,P1_scar_vs_normal_myocardium,logistic_regression,127,32,64,16,PASS,0.9921875,0.9930555555555556,0.9375,1.0,0.875,0.07885407459251925,0,scar,v4_patient_level_refold
NNUNET_DECODER_L4,P1_scar_vs_normal_myocardium,logistic_regression,128,31,64,16,PASS,1.0,1.0,0.9333333333333333,0.8666666666666667,1.0,0.023243027055510845,1,scar,v4_patient_level_refold
NNUNET_DECODER_L4,P1_scar_vs_normal_myocardium,logistic_regression,127,32,64,16,PASS,0.97265625,0.9809782608695652,0.96875,0.9375,1.0,0.042508916558655296,2,scar,v4_patient_level_refold
NNUNET_DECODER_L4,P1_scar_vs_normal_myocardium,logistic_regression,127,32,64,16,PASS,0.984375,0.9837863270308124,0.875,0.8125,0.9375,0.05417918291870455,3,scar,v4_patient_level_refold
NNUNET_DECODER_L4,P1_scar_vs_normal_myocardium,logistic_regression,127,32,64,16,PASS,0.97265625,0.9680884832079686,0.96875,1.0,0.9375,0.010231716276765113,4,scar,v4_patient_level_refold
NNUNET_DECODER_L4,P2_nnunet_scar_FN_vs_true_negative,logistic_regression,126,32,64,16,PASS,1.0,1.0,1.0,1.0,1.0,0.012397597609587696,0,scar,v4_patient_level_refold
NNUNET_DECODER_L4,P2_nnunet_scar_FN_vs_true_negative,logistic_regression,127,31,64,16,PASS,1.0,1.0,0.9666666666666667,0.9333333333333333,1.0,0.019334801650562894,1,scar,v4_patient_level_refold
NNUNET_DECODER_L4,P2_nnunet_scar_FN_vs_true_negative,logistic_regression,126,32,64,16,PASS,0.99609375,0.9963235294117647,0.9375,0.875,1.0,0.051900250377302615,2,scar,v4_patient_level_refold
NNUNET_DECODER_L4,P2_nnunet_scar_FN_vs_true_negative,logistic_regression,126,32,64,16,PASS,1.0,1.0,0.96875,1.0,0.9375,0.010255368151015798,3,scar,v4_patient_level_refold
NNUNET_DECODER_L4,P2_nnunet_scar_FN_vs_true_negative,logistic_regression,127,31,64,16,PASS,1.0,1.0,0.96875,1.0,0.9375,0.024417338321872428,4,scar,v4_patient_level_refold
NNUNET_DECODER_L4,P3_nnunet_scar_FP_vs_true_negative,logistic_regression,127,32,64,16,PASS,1.0,1.0,0.96875,0.9375,1.0,0.0016117132069235485,0,scar,v4_patient_level_refold
NNUNET_DECODER_L4,P3_nnunet_scar_FP_vs_true_negative,logistic_regression,127,32,64,16,PASS,1.0,1.0,1.0,1.0,1.0,0.0034519206559147086,1,scar,v4_patient_level_refold
NNUNET_DECODER_L4,P3_nnunet_scar_FP_vs_true_negative,logistic_regression,128,31,64,16,PASS,1.0,1.0,0.9666666666666667,0.9333333333333333,1.0,0.027424555445120347,2,scar,v4_patient_level_refold
NNUNET_DECODER_L4,P3_nnunet_scar_FP_vs_true_negative,logistic_regression,127,32,64,16,PASS,0.99609375,0.9963235294117647,0.96875,0.9375,1.0,0.015816363340261763,3,scar,v4_patient_level_refold
NNUNET_DECODER_L4,P3_nnunet_scar_FP_vs_true_negative,logistic_regression,127,32,64,16,PASS,0.99609375,0.9963235294117647,0.96875,1.0,0.9375,0.015165002413394024,4,scar,v4_patient_level_refold
NNUNET_DECODER_L4,P4_pure_edema_vs_normal_myocardium,logistic_regression,128,32,64,16,PASS,0.9375,0.9292325219714925,0.9375,1.0,0.875,0.0414973896623001,0,pure_edema,v4_patient_level_refold
NNUNET_DECODER_L4,P4_pure_edema_vs_normal_myocardium,logistic_regression,128,32,64,16,PASS,0.97265625,0.9770833333333333,0.90625,0.875,0.9375,0.016874587923835116,1,pure_edema,v4_patient_level_refold
NNUNET_DECODER_L4,P4_pure_edema_vs_normal_myocardium,logistic_regression,128,32,64,16,PASS,0.984375,0.9875,0.96875,0.9375,1.0,0.003972699571392901,2,pure_edema,v4_patient_level_refold
NNUNET_DECODER_L4,P4_pure_edema_vs_normal_myocardium,logistic_regression,128,32,64,16,PASS,0.98046875,0.9789786347231201,0.90625,0.875,0.9375,0.026223897084608982,3,pure_edema,v4_patient_level_refold
NNUNET_DECODER_L4,P4_pure_edema_vs_normal_myocardium,logistic_regression,128,32,64,16,PASS,0.94921875,0.9559889306599832,0.84375,0.8125,0.875,0.04703993062825629,4,pure_edema,v4_patient_level_refold
NNUNET_DECODER_L4,P5_nnunet_pure_edema_FN,logistic_regression,128,32,64,16,PASS,0.96875,0.9695567810457517,0.90625,0.9375,0.875,0.016813782202439898,0,pure_edema,v4_patient_level_refold
NNUNET_DECODER_L4,P5_nnunet_pure_edema_FN,logistic_regression,128,32,64,16,PASS,0.99609375,0.9963235294117647,0.96875,0.9375,1.0,0.011861321213512077,1,pure_edema,v4_patient_level_refold
NNUNET_DECODER_L4,P5_nnunet_pure_edema_FN,logistic_regression,128,32,64,16,PASS,0.99609375,0.9963235294117647,0.96875,0.9375,1.0,0.030814108150018837,2,pure_edema,v4_patient_level_refold
NNUNET_DECODER_L4,P5_nnunet_pure_edema_FN,logistic_regression,128,32,64,16,PASS,0.984375,0.9837863270308124,0.9375,0.9375,0.9375,0.0006317401693682889,3,pure_edema,v4_patient_level_refold
NNUNET_DECODER_L4,P5_nnunet_pure_edema_FN,logistic_regression,128,32,64,16,PASS,1.0,1.0,1.0,1.0,1.0,0.0028654798679373927,4,pure_edema,v4_patient_level_refold
NNUNET_DECODER_L4,P6_nnunet_pure_edema_FP,logistic_regression,128,32,64,16,PASS,0.99609375,0.9963235294117647,0.96875,1.0,0.9375,0.012022338777411878,0,pure_edema,v4_patient_level_refold
NNUNET_DECODER_L4,P6_nnunet_pure_edema_FP,logistic_regression,128,32,64,16,PASS,0.9921875,0.9930555555555556,0.9375,0.875,1.0,0.05305833392651077,1,pure_edema,v4_patient_level_refold
NNUNET_DECODER_L4,P6_nnunet_pure_edema_FP,logistic_regression,128,32,64,16,PASS,1.0,1.0,0.96875,0.9375,1.0,0.0435473135849353,2,pure_edema,v4_patient_level_refold
NNUNET_DECODER_L4,P6_nnunet_pure_edema_FP,logistic_regression,128,32,64,16,PASS,1.0,1.0,0.96875,1.0,0.9375,0.01676869784448165,3,pure_edema,v4_patient_level_refold
NNUNET_DECODER_L4,P6_nnunet_pure_edema_FP,logistic_regression,128,32,64,16,PASS,1.0,1.0,0.96875,1.0,0.9375,0.028909060814080068,4,pure_edema,v4_patient_level_refold
NNUNET_DECODER_L4,P7_small_scar_vs_normal_myocardium,logistic_regression,77,17,64,16,PASS,1.0,1.0,1.0,1.0,1.0,0.005382736629353929,0,scar,v4_patient_level_refold
NNUNET_DECODER_L4,P7_small_scar_vs_normal_myocardium,logistic_regression,75,19,64,16,PASS,0.9583333333333334,0.8666666666666667,0.8333333333333333,0.6666666666666666,1.0,0.035885265054894575,1,scar,v4_patient_level_refold
NNUNET_DECODER_L4,P7_small_scar_vs_normal_myocardium,logistic_regression,77,17,64,16,PASS,1.0,1.0,1.0,1.0,1.0,0.009831041737816168,2,scar,v4_patient_level_refold
NNUNET_DECODER_L4,P7_small_scar_vs_normal_myocardium,logistic_regression,73,21,64,16,PASS,1.0,1.0,1.0,1.0,1.0,0.0035495967144831553,3,scar,v4_patient_level_refold
NNUNET_DECODER_L4,P7_small_scar_vs_normal_myocardium,logistic_regression,74,20,64,16,PASS,1.0,1.0,1.0,1.0,1.0,0.01547564154437217,4,scar,v4_patient_level_refold
NNUNET_DECODER_L4,P8_boundary_scar_vs_non_scar_myocardium,logistic_regression,127,32,64,16,PASS,0.9921875,0.9930555555555556,0.9375,1.0,0.875,0.07885407459251925,0,scar,v4_patient_level_refold
NNUNET_DECODER_L4,P8_boundary_scar_vs_non_scar_myocardium,logistic_regression,128,31,64,16,PASS,1.0,1.0,0.9333333333333333,0.8666666666666667,1.0,0.023243027055510845,1,scar,v4_patient_level_refold
NNUNET_DECODER_L4,P8_boundary_scar_vs_non_scar_myocardium,logistic_regression,127,32,64,16,PASS,0.97265625,0.9809782608695652,0.96875,0.9375,1.0,0.042508916558655296,2,scar,v4_patient_level_refold
NNUNET_DECODER_L4,P8_boundary_scar_vs_non_scar_myocardium,logistic_regression,127,32,64,16,PASS,0.984375,0.9837863270308124,0.875,0.8125,0.9375,0.05417918291870455,3,scar,v4_patient_level_refold
NNUNET_DECODER_L4,P8_boundary_scar_vs_non_scar_myocardium,logistic_regression,127,32,64,16,PASS,0.97265625,0.9680884832079686,0.96875,1.0,0.9375,0.010231716276765113,4,scar,v4_patient_level_refold
NNUNET_ENCODER_L0,P1_scar_vs_normal_myocardium,logistic_regression,127,32,64,16,PASS,0.9765625,0.9801470588235295,0.875,0.875,0.875,0.015711487287033088,0,scar,v4_patient_level_refold
NNUNET_ENCODER_L0,P1_scar_vs_normal_myocardium,logistic_regression,128,31,64,16,PASS,0.9125,0.91246015995242,0.80625,0.8,0.8125,0.04513039885942499,1,scar,v4_patient_level_refold
NNUNET_ENCODER_L0,P1_scar_vs_normal_myocardium,logistic_regression,127,32,64,16,PASS,0.92578125,0.9229856492192018,0.84375,0.8125,0.875,0.034976936513570756,2,scar,v4_patient_level_refold
NNUNET_ENCODER_L0,P1_scar_vs_normal_myocardium,logistic_regression,127,32,64,16,PASS,0.92578125,0.9380319435466494,0.875,0.8125,0.9375,0.04613301705670253,3,scar,v4_patient_level_refold
NNUNET_ENCODER_L0,P1_scar_vs_normal_myocardium,logistic_regression,127,32,64,16,PASS,0.88671875,0.83434782156483,0.8125,0.8125,0.8125,0.01708097975375905,4,scar,v4_patient_level_refold
NNUNET_ENCODER_L0,P2_nnunet_scar_FN_vs_true_negative,logistic_regression,127,32,64,16,PASS,1.0,1.0,0.96875,1.0,0.9375,0.005202762171037323,0,scar,v4_patient_level_refold
NNUNET_ENCODER_L0,P2_nnunet_scar_FN_vs_true_negative,logistic_regression,128,31,64,16,PASS,0.9541666666666666,0.960298786181139,0.8375,0.8,0.875,0.04016843045276769,1,scar,v4_patient_level_refold
NNUNET_ENCODER_L0,P2_nnunet_scar_FN_vs_true_negative,logistic_regression,127,32,64,16,PASS,0.9921875,0.9930555555555556,0.9375,0.875,1.0,0.03101997302776993,2,scar,v4_patient_level_refold
NNUNET_ENCODER_L0,P2_nnunet_scar_FN_vs_true_negative,logistic_regression,127,32,64,16,PASS,0.9765625,0.9801470588235295,0.9375,0.875,1.0,0.04532931832389675,3,scar,v4_patient_level_refold
NNUNET_ENCODER_L0,P2_nnunet_scar_FN_vs_true_negative,logistic_regression,127,32,64,16,PASS,0.96484375,0.9618965327435722,0.875,0.9375,0.8125,0.036043971262889496,4,scar,v4_patient_level_refold
NNUNET_ENCODER_L0,P3_nnunet_scar_FP_vs_true_negative,logistic_regression,128,32,64,16,PASS,1.0,1.0,1.0,1.0,1.0,0.01408160228066102,0,scar,v4_patient_level_refold
NNUNET_ENCODER_L0,P3_nnunet_scar_FP_vs_true_negative,logistic_regression,128,32,64,16,PASS,0.98046875,0.9820586622807017,0.9375,0.9375,0.9375,0.001114943348830666,1,scar,v4_patient_level_refold
NNUNET_ENCODER_L0,P3_nnunet_scar_FP_vs_true_negative,logistic_regression,128,32,64,16,PASS,1.0,1.0,1.0,1.0,1.0,0.0032508631049410486,2,scar,v4_patient_level_refold
NNUNET_ENCODER_L0,P3_nnunet_scar_FP_vs_true_negative,logistic_regression,128,32,64,16,PASS,1.0,1.0,0.96875,0.9375,1.0,0.033567313228557605,3,scar,v4_patient_level_refold
NNUNET_ENCODER_L0,P3_nnunet_scar_FP_vs_true_negative,logistic_regression,128,32,64,16,PASS,0.99609375,0.9963235294117647,0.9375,0.9375,0.9375,0.029024128549213324,4,scar,v4_patient_level_refold
NNUNET_ENCODER_L0,P4_pure_edema_vs_normal_myocardium,logistic_regression,128,32,64,16,PASS,0.8359375,0.8993238711719316,0.78125,0.75,0.8125,0.03655104577392543,0,pure_edema,v4_patient_level_refold
NNUNET_ENCODER_L0,P4_pure_edema_vs_normal_myocardium,logistic_regression,128,32,64,16,PASS,0.875,0.9128517316017316,0.8125,0.75,0.875,0.050790612188634565,1,pure_edema,v4_patient_level_refold
NNUNET_ENCODER_L0,P4_pure_edema_vs_normal_myocardium,logistic_regression,128,32,64,16,PASS,0.859375,0.8675636236062437,0.71875,0.6875,0.75,0.010201772956621391,2,pure_edema,v4_patient_level_refold
NNUNET_ENCODER_L0,P4_pure_edema_vs_normal_myocardium,logistic_regression,128,32,64,16,PASS,0.88671875,0.8889075911618481,0.75,0.8125,0.6875,0.05598535670252258,3,pure_edema,v4_patient_level_refold
NNUNET_ENCODER_L0,P4_pure_edema_vs_normal_myocardium,logistic_regression,128,32,64,16,PASS,0.828125,0.8231066539454697,0.75,0.8125,0.6875,0.02414986574224165,4,pure_edema,v4_patient_level_refold
NNUNET_ENCODER_L0,P5_nnunet_pure_edema_FN,logistic_regression,128,32,64,16,PASS,0.9765625,0.977594376566416,0.875,0.75,1.0,0.0892372672280547,0,pure_edema,v4_patient_level_refold
NNUNET_ENCODER_L0,P5_nnunet_pure_edema_FN,logistic_regression,128,32,64,16,PASS,0.9609375,0.9640012254901962,0.875,0.9375,0.8125,0.0027089690562838165,1,pure_edema,v4_patient_level_refold
NNUNET_ENCODER_L0,P5_nnunet_pure_edema_FN,logistic_regression,128,32,64,16,PASS,0.9765625,0.9812127976190477,0.90625,0.875,0.9375,0.02795210558880612,2,pure_edema,v4_patient_level_refold
NNUNET_ENCODER_L0,P5_nnunet_pure_edema_FN,logistic_regression,128,32,64,16,PASS,0.9765625,0.977594376566416,0.875,0.9375,0.8125,0.03970778680201725,3,pure_edema,v4_patient_level_refold
NNUNET_ENCODER_L0,P5_nnunet_pure_edema_FN,logistic_regression,128,32,64,16,PASS,0.97265625,0.9790482954545454,0.78125,0.9375,0.625,0.09807526893670304,4,pure_edema,v4_patient_level_refold
NNUNET_ENCODER_L0,P6_nnunet_pure_edema_FP,logistic_regression,128,32,64,16,PASS,1.0,1.0,0.96875,1.0,0.9375,0.0014233500075647165,0,pure_edema,v4_patient_level_refold
NNUNET_ENCODER_L0,P6_nnunet_pure_edema_FP,logistic_regression,128,32,64,16,PASS,0.97265625,0.9741476853899455,0.90625,0.875,0.9375,0.03223677169166839,1,pure_edema,v4_patient_level_refold
NNUNET_ENCODER_L0,P6_nnunet_pure_edema_FP,logistic_regression,128,32,64,16,PASS,0.99609375,0.9963235294117647,0.9375,0.875,1.0,0.05927630651179372,2,pure_edema,v4_patient_level_refold
NNUNET_ENCODER_L0,P6_nnunet_pure_edema_FP,logistic_regression,128,32,64,16,PASS,0.99609375,0.9963235294117647,0.96875,0.9375,1.0,0.006240182952380491,3,pure_edema,v4_patient_level_refold
NNUNET_ENCODER_L0,P6_nnunet_pure_edema_FP,logistic_regression,128,32,64,16,PASS,0.94140625,0.9269484855422355,0.84375,0.9375,0.75,0.07874331327106954,4,pure_edema,v4_patient_level_refold
NNUNET_ENCODER_L0,P7_small_scar_vs_normal_myocardium,logistic_regression,77,17,64,16,PASS,1.0,1.0,1.0,1.0,1.0,0.021114954411283207,0,scar,v4_patient_level_refold
NNUNET_ENCODER_L0,P7_small_scar_vs_normal_myocardium,logistic_regression,75,19,64,16,PASS,0.9375,0.7555555555555555,0.6666666666666666,0.3333333333333333,1.0,0.04261056658989504,1,scar,v4_patient_level_refold
NNUNET_ENCODER_L0,P7_small_scar_vs_normal_myocardium,logistic_regression,77,17,64,16,PASS,1.0,1.0,0.96875,1.0,0.9375,0.059152612572791405,2,scar,v4_patient_level_refold
NNUNET_ENCODER_L0,P7_small_scar_vs_normal_myocardium,logistic_regression,73,21,64,16,PASS,1.0,1.0,0.8,0.6,1.0,0.0469612013419341,3,scar,v4_patient_level_refold
NNUNET_ENCODER_L0,P7_small_scar_vs_normal_myocardium,logistic_regression,74,20,64,16,PASS,0.921875,0.8611111111111112,0.84375,0.75,0.9375,0.0021154090440066164,4,scar,v4_patient_level_refold
NNUNET_ENCODER_L0,P8_boundary_scar_vs_non_scar_myocardium,logistic_regression,127,32,64,16,PASS,0.9765625,0.9801470588235295,0.875,0.875,0.875,0.015711487287033088,0,scar,v4_patient_level_refold
NNUNET_ENCODER_L0,P8_boundary_scar_vs_non_scar_myocardium,logistic_regression,128,31,64,16,PASS,0.9125,0.91246015995242,0.80625,0.8,0.8125,0.04513039885942499,1,scar,v4_patient_level_refold
NNUNET_ENCODER_L0,P8_boundary_scar_vs_non_scar_myocardium,logistic_regression,127,32,64,16,PASS,0.92578125,0.9229856492192018,0.84375,0.8125,0.875,0.034976936513570756,2,scar,v4_patient_level_refold
NNUNET_ENCODER_L0,P8_boundary_scar_vs_non_scar_myocardium,logistic_regression,127,32,64,16,PASS,0.92578125,0.9380319435466494,0.875,0.8125,0.9375,0.04613301705670253,3,scar,v4_patient_level_refold
NNUNET_ENCODER_L0,P8_boundary_scar_vs_non_scar_myocardium,logistic_regression,127,32,64,16,PASS,0.88671875,0.83434782156483,0.8125,0.8125,0.8125,0.01708097975375905,4,scar,v4_patient_level_refold
NNUNET_ENCODER_L1,P1_scar_vs_normal_myocardium,logistic_regression,127,32,64,16,PASS,1.0,1.0,0.96875,1.0,0.9375,0.007739590882553493,0,scar,v4_patient_level_refold
NNUNET_ENCODER_L1,P1_scar_vs_normal_myocardium,logistic_regression,128,31,64,16,PASS,0.9375,0.9494967793880837,0.8375,0.8,0.875,0.041742792186530375,1,scar,v4_patient_level_refold
NNUNET_ENCODER_L1,P1_scar_vs_normal_myocardium,logistic_regression,127,32,64,16,PASS,0.97265625,0.9809782608695652,0.90625,0.8125,1.0,0.06044163488006549,2,scar,v4_patient_level_refold
NNUNET_ENCODER_L1,P1_scar_vs_normal_myocardium,logistic_regression,127,32,64,16,PASS,0.94921875,0.9570441813088871,0.84375,0.875,0.8125,0.016192414399317956,3,scar,v4_patient_level_refold
NNUNET_ENCODER_L1,P1_scar_vs_normal_myocardium,logistic_regression,127,32,64,16,PASS,0.94921875,0.9570441813088871,0.875,0.8125,0.9375,0.041741037185269614,4,scar,v4_patient_level_refold
NNUNET_ENCODER_L1,P2_nnunet_scar_FN_vs_true_negative,logistic_regression,126,32,64,16,PASS,1.0,1.0,0.96875,0.9375,1.0,0.005774706571098132,0,scar,v4_patient_level_refold
NNUNET_ENCODER_L1,P2_nnunet_scar_FN_vs_true_negative,logistic_regression,127,31,64,16,PASS,0.9625,0.9749999999999999,0.9666666666666667,0.9333333333333333,1.0,0.01788994590994203,1,scar,v4_patient_level_refold
NNUNET_ENCODER_L1,P2_nnunet_scar_FN_vs_true_negative,logistic_regression,126,32,64,16,PASS,0.97265625,0.9809782608695652,0.9375,0.875,1.0,0.048183510590801726,2,scar,v4_patient_level_refold
NNUNET_ENCODER_L1,P2_nnunet_scar_FN_vs_true_negative,logistic_regression,126,32,64,16,PASS,0.99609375,0.9963235294117647,0.96875,0.9375,1.0,0.019890893897152873,3,scar,v4_patient_level_refold
NNUNET_ENCODER_L1,P2_nnunet_scar_FN_vs_true_negative,logistic_regression,127,31,64,16,PASS,1.0,1.0,1.0,1.0,1.0,0.0004475227376846136,4,scar,v4_patient_level_refold
NNUNET_ENCODER_L1,P3_nnunet_scar_FP_vs_true_negative,logistic_regression,127,32,64,16,PASS,1.0,1.0,1.0,1.0,1.0,0.015287068719946229,0,scar,v4_patient_level_refold
NNUNET_ENCODER_L1,P3_nnunet_scar_FP_vs_true_negative,logistic_regression,127,32,64,16,PASS,1.0,1.0,0.9375,0.875,1.0,0.04008442427425174,1,scar,v4_patient_level_refold
NNUNET_ENCODER_L1,P3_nnunet_scar_FP_vs_true_negative,logistic_regression,128,31,64,16,PASS,1.0,1.0,1.0,1.0,1.0,0.007903564932057738,2,scar,v4_patient_level_refold
NNUNET_ENCODER_L1,P3_nnunet_scar_FP_vs_true_negative,logistic_regression,127,32,64,16,PASS,1.0,1.0,0.96875,1.0,0.9375,0.011457742126913306,3,scar,v4_patient_level_refold
NNUNET_ENCODER_L1,P3_nnunet_scar_FP_vs_true_negative,logistic_regression,127,32,64,16,PASS,1.0,1.0,1.0,1.0,1.0,0.010862920378821084,4,scar,v4_patient_level_refold
NNUNET_ENCODER_L1,P4_pure_edema_vs_normal_myocardium,logistic_regression,128,32,64,16,PASS,0.859375,0.9179336468129572,0.875,0.8125,0.9375,0.03546163539089697,0,pure_edema,v4_patient_level_refold
NNUNET_ENCODER_L1,P4_pure_edema_vs_normal_myocardium,logistic_regression,128,32,64,16,PASS,0.85546875,0.8180452512278171,0.8125,0.8125,0.8125,0.03743118139696949,1,pure_edema,v4_patient_level_refold
NNUNET_ENCODER_L1,P4_pure_edema_vs_normal_myocardium,logistic_regression,128,32,64,16,PASS,0.8828125,0.9047660672660672,0.8125,0.75,0.875,0.07195190988774658,2,pure_edema,v4_patient_level_refold
NNUNET_ENCODER_L1,P4_pure_edema_vs_normal_myocardium,logistic_regression,128,32,64,16,PASS,0.9140625,0.9278239815739816,0.8125,0.8125,0.8125,0.020436153641835264,3,pure_edema,v4_patient_level_refold
NNUNET_ENCODER_L1,P4_pure_edema_vs_normal_myocardium,logistic_regression,128,32,64,16,PASS,0.86328125,0.8629629291617993,0.78125,0.8125,0.75,0.057334070841806306,4,pure_edema,v4_patient_level_refold
NNUNET_ENCODER_L1,P5_nnunet_pure_edema_FN,logistic_regression,128,32,64,16,PASS,0.99609375,0.9963235294117647,0.9375,0.9375,0.9375,0.004642091655708391,0,pure_edema,v4_patient_level_refold
NNUNET_ENCODER_L1,P5_nnunet_pure_edema_FN,logistic_regression,128,32,64,16,PASS,0.98046875,0.9851190476190477,0.90625,0.8125,1.0,0.05236525398259928,1,pure_edema,v4_patient_level_refold
NNUNET_ENCODER_L1,P5_nnunet_pure_edema_FN,logistic_regression,128,32,64,16,PASS,0.9921875,0.9930555555555556,0.96875,0.9375,1.0,0.01761146325305868,2,pure_edema,v4_patient_level_refold
NNUNET_ENCODER_L1,P5_nnunet_pure_edema_FN,logistic_regression,128,32,64,16,PASS,0.9921875,0.9924172794117647,0.96875,1.0,0.9375,0.003917638088719921,3,pure_edema,v4_patient_level_refold
NNUNET_ENCODER_L1,P5_nnunet_pure_edema_FN,logistic_regression,128,32,64,16,PASS,1.0,1.0,0.96875,1.0,0.9375,0.03913698638000318,4,pure_edema,v4_patient_level_refold
NNUNET_ENCODER_L1,P6_nnunet_pure_edema_FP,logistic_regression,128,32,64,16,PASS,1.0,1.0,0.96875,1.0,0.9375,0.023514468426051982,0,pure_edema,v4_patient_level_refold
NNUNET_ENCODER_L1,P6_nnunet_pure_edema_FP,logistic_regression,128,32,64,16,PASS,0.98828125,0.9901315789473684,0.9375,0.875,1.0,0.05339290547991715,1,pure_edema,v4_patient_level_refold
NNUNET_ENCODER_L1,P6_nnunet_pure_edema_FP,logistic_regression,128,32,64,16,PASS,1.0,1.0,0.9375,0.875,1.0,0.05871501025299586,2,pure_edema,v4_patient_level_refold
NNUNET_ENCODER_L1,P6_nnunet_pure_edema_FP,logistic_regression,128,32,64,16,PASS,0.9921875,0.9924172794117647,0.96875,1.0,0.9375,0.018887186256684618,3,pure_edema,v4_patient_level_refold
NNUNET_ENCODER_L1,P6_nnunet_pure_edema_FP,logistic_regression,128,32,64,16,PASS,0.9921875,0.9924172794117647,0.96875,1.0,0.9375,0.012818959029633037,4,pure_edema,v4_patient_level_refold
NNUNET_ENCODER_L1,P7_small_scar_vs_normal_myocardium,logistic_regression,77,17,64,16,PASS,1.0,1.0,1.0,1.0,1.0,0.012405942335205089,0,scar,v4_patient_level_refold
NNUNET_ENCODER_L1,P7_small_scar_vs_normal_myocardium,logistic_regression,75,19,64,16,PASS,1.0,1.0,0.8333333333333333,0.6666666666666666,1.0,0.03538511909621021,1,scar,v4_patient_level_refold
NNUNET_ENCODER_L1,P7_small_scar_vs_normal_myocardium,logistic_regression,77,17,64,16,PASS,1.0,1.0,1.0,1.0,1.0,0.016738983165455565,2,scar,v4_patient_level_refold
NNUNET_ENCODER_L1,P7_small_scar_vs_normal_myocardium,logistic_regression,73,21,64,16,PASS,1.0,1.0,1.0,1.0,1.0,0.009815839748425953,3,scar,v4_patient_level_refold
NNUNET_ENCODER_L1,P7_small_scar_vs_normal_myocardium,logistic_regression,74,20,64,16,PASS,1.0,1.0,0.875,0.75,1.0,0.04716984454027395,4,scar,v4_patient_level_refold
NNUNET_ENCODER_L1,P8_boundary_scar_vs_non_scar_myocardium,logistic_regression,127,32,64,16,PASS,1.0,1.0,0.96875,1.0,0.9375,0.007739590882553493,0,scar,v4_patient_level_refold
NNUNET_ENCODER_L1,P8_boundary_scar_vs_non_scar_myocardium,logistic_regression,128,31,64,16,PASS,0.9375,0.9494967793880837,0.8375,0.8,0.875,0.041742792186530375,1,scar,v4_patient_level_refold
NNUNET_ENCODER_L1,P8_boundary_scar_vs_non_scar_myocardium,logistic_regression,127,32,64,16,PASS,0.97265625,0.9809782608695652,0.90625,0.8125,1.0,0.06044163488006549,2,scar,v4_patient_level_refold
NNUNET_ENCODER_L1,P8_boundary_scar_vs_non_scar_myocardium,logistic_regression,127,32,64,16,PASS,0.94921875,0.9570441813088871,0.84375,0.875,0.8125,0.016192414399317956,3,scar,v4_patient_level_refold
NNUNET_ENCODER_L1,P8_boundary_scar_vs_non_scar_myocardium,logistic_regression,127,32,64,16,PASS,0.94921875,0.9570441813088871,0.875,0.8125,0.9375,0.041741037185269614,4,scar,v4_patient_level_refold
NNUNET_ENCODER_L2,P1_scar_vs_normal_myocardium,logistic_regression,127,32,64,16,PASS,0.98828125,0.9891493055555556,0.9375,0.9375,0.9375,0.02653736623089331,0,scar,v4_patient_level_refold
NNUNET_ENCODER_L2,P1_scar_vs_normal_myocardium,logistic_regression,128,31,64,16,PASS,0.9541666666666666,0.94909381468205,0.8041666666666667,0.7333333333333333,0.875,0.03777817697927638,1,scar,v4_patient_level_refold
NNUNET_ENCODER_L2,P1_scar_vs_normal_myocardium,logistic_regression,127,32,64,16,PASS,0.921875,0.9325091220698806,0.8125,0.75,0.875,0.04673199071144779,2,scar,v4_patient_level_refold
NNUNET_ENCODER_L2,P1_scar_vs_normal_myocardium,logistic_regression,127,32,64,16,PASS,0.96484375,0.9641316597489199,0.90625,0.9375,0.875,0.004036075180376741,3,scar,v4_patient_level_refold
NNUNET_ENCODER_L2,P1_scar_vs_normal_myocardium,logistic_regression,127,32,64,16,PASS,0.99609375,0.9963235294117647,0.96875,1.0,0.9375,0.0029921174126786854,4,scar,v4_patient_level_refold
NNUNET_ENCODER_L2,P2_nnunet_scar_FN_vs_true_negative,logistic_regression,126,32,64,16,PASS,1.0,1.0,0.96875,1.0,0.9375,0.020637073207504075,0,scar,v4_patient_level_refold
NNUNET_ENCODER_L2,P2_nnunet_scar_FN_vs_true_negative,logistic_regression,127,31,64,16,PASS,0.9875,0.9888888888888889,0.9354166666666667,0.9333333333333333,0.9375,0.004711430729280208,1,scar,v4_patient_level_refold
NNUNET_ENCODER_L2,P2_nnunet_scar_FN_vs_true_negative,logistic_regression,126,32,64,16,PASS,0.99609375,0.9963235294117647,0.96875,0.9375,1.0,0.03169824431273832,2,scar,v4_patient_level_refold
NNUNET_ENCODER_L2,P2_nnunet_scar_FN_vs_true_negative,logistic_regression,126,32,64,16,PASS,0.98828125,0.9901315789473684,0.9375,0.9375,0.9375,0.010733200271266063,3,scar,v4_patient_level_refold
NNUNET_ENCODER_L2,P2_nnunet_scar_FN_vs_true_negative,logistic_regression,127,31,64,16,PASS,1.0,1.0,1.0,1.0,1.0,0.013897587689406632,4,scar,v4_patient_level_refold
NNUNET_ENCODER_L2,P3_nnunet_scar_FP_vs_true_negative,logistic_regression,120,32,64,16,PASS,1.0,1.0,1.0,1.0,1.0,0.008845349213152276,0,scar,v4_patient_level_refold
NNUNET_ENCODER_L2,P3_nnunet_scar_FP_vs_true_negative,logistic_regression,123,29,64,16,PASS,1.0,0.9999999999999998,0.9230769230769231,0.8461538461538461,1.0,0.060819795866612736,1,scar,v4_patient_level_refold
NNUNET_ENCODER_L2,P3_nnunet_scar_FP_vs_true_negative,logistic_regression,121,31,64,16,PASS,1.0,1.0,1.0,1.0,1.0,0.00019349533192153379,2,scar,v4_patient_level_refold
NNUNET_ENCODER_L2,P3_nnunet_scar_FP_vs_true_negative,logistic_regression,121,31,64,16,PASS,1.0,1.0,1.0,1.0,1.0,0.008142049970989773,3,scar,v4_patient_level_refold
NNUNET_ENCODER_L2,P3_nnunet_scar_FP_vs_true_negative,logistic_regression,123,29,64,16,PASS,1.0,0.9999999999999998,1.0,1.0,1.0,0.0032388714932789497,4,scar,v4_patient_level_refold
NNUNET_ENCODER_L2,P4_pure_edema_vs_normal_myocardium,logistic_regression,128,32,64,16,PASS,0.94140625,0.9534406565656566,0.78125,0.8125,0.75,0.03806202920502466,0,pure_edema,v4_patient_level_refold
NNUNET_ENCODER_L2,P4_pure_edema_vs_normal_myocardium,logistic_regression,128,32,64,16,PASS,0.91796875,0.9079746185831712,0.8125,0.8125,0.8125,0.02747275134749888,1,pure_edema,v4_patient_level_refold
NNUNET_ENCODER_L2,P4_pure_edema_vs_normal_myocardium,logistic_regression,128,32,64,16,PASS,0.8984375,0.9336005054195592,0.84375,0.75,0.9375,0.06352887913309974,2,pure_edema,v4_patient_level_refold
NNUNET_ENCODER_L2,P4_pure_edema_vs_normal_myocardium,logistic_regression,128,32,64,16,PASS,0.91796875,0.9029323198731093,0.875,0.9375,0.8125,0.04124203990664432,3,pure_edema,v4_patient_level_refold
NNUNET_ENCODER_L2,P4_pure_edema_vs_normal_myocardium,logistic_regression,128,32,64,16,PASS,0.96484375,0.9666328044375645,0.90625,1.0,0.8125,0.050533771013398066,4,pure_edema,v4_patient_level_refold
NNUNET_ENCODER_L2,P5_nnunet_pure_edema_FN,logistic_regression,128,32,64,16,PASS,1.0,1.0,0.96875,1.0,0.9375,0.019113589686388766,0,pure_edema,v4_patient_level_refold
NNUNET_ENCODER_L2,P5_nnunet_pure_edema_FN,logistic_regression,128,32,64,16,PASS,0.9921875,0.9930555555555556,0.9375,0.875,1.0,0.040720823907649195,1,pure_edema,v4_patient_level_refold
NNUNET_ENCODER_L2,P5_nnunet_pure_edema_FN,logistic_regression,128,32,64,16,PASS,0.98828125,0.9901315789473684,0.96875,0.9375,1.0,0.03476047471453464,2,pure_edema,v4_patient_level_refold
NNUNET_ENCODER_L2,P5_nnunet_pure_edema_FN,logistic_regression,128,32,64,16,PASS,0.98828125,0.9891493055555556,0.9375,1.0,0.875,0.031967032886848656,3,pure_edema,v4_patient_level_refold
NNUNET_ENCODER_L2,P5_nnunet_pure_edema_FN,logistic_regression,128,32,64,16,PASS,1.0,1.0,1.0,1.0,1.0,0.0037717958142831076,4,pure_edema,v4_patient_level_refold
NNUNET_ENCODER_L2,P6_nnunet_pure_edema_FP,logistic_regression,128,31,64,16,PASS,1.0,1.0,0.96875,1.0,0.9375,0.03590092474371265,0,pure_edema,v4_patient_level_refold
NNUNET_ENCODER_L2,P6_nnunet_pure_edema_FP,logistic_regression,127,32,64,16,PASS,0.98046875,0.9851190476190477,0.9375,0.875,1.0,0.05813592594231054,1,pure_edema,v4_patient_level_refold
NNUNET_ENCODER_L2,P6_nnunet_pure_edema_FP,logistic_regression,127,32,64,16,PASS,1.0,1.0,0.96875,0.9375,1.0,0.025195938869615242,2,pure_edema,v4_patient_level_refold
NNUNET_ENCODER_L2,P6_nnunet_pure_edema_FP,logistic_regression,127,32,64,16,PASS,0.984375,0.985702614379085,0.90625,0.9375,0.875,0.029746538957180046,3,pure_edema,v4_patient_level_refold
NNUNET_ENCODER_L2,P6_nnunet_pure_edema_FP,logistic_regression,127,32,64,16,PASS,1.0,1.0,1.0,1.0,1.0,0.0037447501013456175,4,pure_edema,v4_patient_level_refold
NNUNET_ENCODER_L2,P7_small_scar_vs_normal_myocardium,logistic_regression,77,17,64,16,PASS,1.0,1.0,0.96875,1.0,0.9375,0.047741810919995145,0,scar,v4_patient_level_refold
NNUNET_ENCODER_L2,P7_small_scar_vs_normal_myocardium,logistic_regression,75,19,64,16,PASS,1.0,1.0,1.0,1.0,1.0,0.002815392149962237,1,scar,v4_patient_level_refold
NNUNET_ENCODER_L2,P7_small_scar_vs_normal_myocardium,logistic_regression,77,17,64,16,PASS,1.0,1.0,1.0,1.0,1.0,0.011455465194095453,2,scar,v4_patient_level_refold
NNUNET_ENCODER_L2,P7_small_scar_vs_normal_myocardium,logistic_regression,73,21,64,16,PASS,1.0,1.0,0.9,0.8,1.0,0.03712675171865651,3,scar,v4_patient_level_refold
NNUNET_ENCODER_L2,P7_small_scar_vs_normal_myocardium,logistic_regression,74,20,64,16,PASS,1.0,1.0,1.0,1.0,1.0,0.03455477727020645,4,scar,v4_patient_level_refold
NNUNET_ENCODER_L2,P8_boundary_scar_vs_non_scar_myocardium,logistic_regression,127,32,64,16,PASS,0.98828125,0.9891493055555556,0.9375,0.9375,0.9375,0.02653736623089331,0,scar,v4_patient_level_refold
NNUNET_ENCODER_L2,P8_boundary_scar_vs_non_scar_myocardium,logistic_regression,128,31,64,16,PASS,0.9541666666666666,0.94909381468205,0.8041666666666667,0.7333333333333333,0.875,0.03777817697927638,1,scar,v4_patient_level_refold
NNUNET_ENCODER_L2,P8_boundary_scar_vs_non_scar_myocardium,logistic_regression,127,32,64,16,PASS,0.921875,0.9325091220698806,0.8125,0.75,0.875,0.04673199071144779,2,scar,v4_patient_level_refold
NNUNET_ENCODER_L2,P8_boundary_scar_vs_non_scar_myocardium,logistic_regression,127,32,64,16,PASS,0.96484375,0.9641316597489199,0.90625,0.9375,0.875,0.004036075180376741,3,scar,v4_patient_level_refold
NNUNET_ENCODER_L2,P8_boundary_scar_vs_non_scar_myocardium,logistic_regression,127,32,64,16,PASS,0.99609375,0.9963235294117647,0.96875,1.0,0.9375,0.0029921174126786854,4,scar,v4_patient_level_refold
NNUNET_ENCODER_L3,P1_scar_vs_normal_myocardium,logistic_regression,127,32,64,16,PASS,0.98828125,0.9891493055555556,0.90625,0.875,0.9375,0.002578153081076895,0,scar,v4_patient_level_refold
NNUNET_ENCODER_L3,P1_scar_vs_normal_myocardium,logistic_regression,128,31,64,16,PASS,0.9333333333333333,0.9438220691081103,0.8354166666666667,0.7333333333333333,0.9375,0.11292614349596186,1,scar,v4_patient_level_refold
NNUNET_ENCODER_L3,P1_scar_vs_normal_myocardium,logistic_regression,127,32,64,16,PASS,0.94921875,0.9566134386446886,0.90625,0.9375,0.875,0.015875864749948176,2,scar,v4_patient_level_refold
NNUNET_ENCODER_L3,P1_scar_vs_normal_myocardium,logistic_regression,127,32,64,16,PASS,0.96875,0.9729166666666667,0.875,0.8125,0.9375,0.03903029372150996,3,scar,v4_patient_level_refold
NNUNET_ENCODER_L3,P1_scar_vs_normal_myocardium,logistic_regression,127,32,64,16,PASS,0.9296875,0.9096611265196791,0.875,0.8125,0.9375,0.0526804416533036,4,scar,v4_patient_level_refold
NNUNET_ENCODER_L3,P2_nnunet_scar_FN_vs_true_negative,logistic_regression,117,27,64,16,PASS,0.9943181818181818,0.9924242424242424,0.9232954545454546,0.9090909090909091,0.9375,0.011239592069323123,0,scar,v4_patient_level_refold
NNUNET_ENCODER_L3,P2_nnunet_scar_FN_vs_true_negative,logistic_regression,116,28,64,16,PASS,0.921875,0.9481837606837608,0.8854166666666667,0.8333333333333334,0.9375,0.0444310194552921,1,scar,v4_patient_level_refold
NNUNET_ENCODER_L3,P2_nnunet_scar_FN_vs_true_negative,logistic_regression,114,30,64,16,PASS,0.9910714285714286,0.9910714285714284,0.9642857142857143,0.9285714285714286,1.0,0.03917939807908771,2,scar,v4_patient_level_refold
NNUNET_ENCODER_L3,P2_nnunet_scar_FN_vs_true_negative,logistic_regression,115,29,64,16,PASS,0.9855769230769231,0.9821780783319243,0.8461538461538461,0.6923076923076923,1.0,0.10327656870636881,3,scar,v4_patient_level_refold
NNUNET_ENCODER_L3,P2_nnunet_scar_FN_vs_true_negative,logistic_regression,114,30,64,16,PASS,1.0,0.9999999999999998,1.0,1.0,1.0,0.02684594792287487,4,scar,v4_patient_level_refold
NNUNET_ENCODER_L3,P3_nnunet_scar_FP_vs_true_negative,logistic_regression,98,27,64,16,PASS,0.9943181818181818,0.9924242424242424,0.9545454545454546,0.9090909090909091,1.0,0.025748402979149765,0,scar,v4_patient_level_refold
NNUNET_ENCODER_L3,P3_nnunet_scar_FP_vs_true_negative,logistic_regression,102,23,64,16,PASS,0.9910714285714286,0.982142857142857,0.8571428571428572,0.7142857142857143,1.0,0.06386403456576975,1,scar,v4_patient_level_refold
NNUNET_ENCODER_L3,P3_nnunet_scar_FP_vs_true_negative,logistic_regression,99,26,64,16,PASS,1.0,1.0,1.0,1.0,1.0,0.014761611558138765,2,scar,v4_patient_level_refold
NNUNET_ENCODER_L3,P3_nnunet_scar_FP_vs_true_negative,logistic_regression,101,24,64,16,PASS,0.9921875,0.9861111111111112,0.9375,0.875,1.0,0.03893933862375121,3,scar,v4_patient_level_refold
NNUNET_ENCODER_L3,P3_nnunet_scar_FP_vs_true_negative,logistic_regression,100,25,64,16,PASS,1.0,1.0,0.9444444444444444,0.8888888888888888,1.0,0.03010642895500132,4,scar,v4_patient_level_refold
NNUNET_ENCODER_L3,P4_pure_edema_vs_normal_myocardium,logistic_regression,127,32,64,16,PASS,0.9375,0.9392584171826626,0.75,0.6875,0.8125,0.04863666944625239,0,pure_edema,v4_patient_level_refold
NNUNET_ENCODER_L3,P4_pure_edema_vs_normal_myocardium,logistic_regression,128,31,64,16,PASS,0.8833333333333333,0.8657830693508443,0.86875,0.8,0.9375,0.09169675363604424,1,pure_edema,v4_patient_level_refold
NNUNET_ENCODER_L3,P4_pure_edema_vs_normal_myocardium,logistic_regression,127,32,64,16,PASS,0.9140625,0.9398634453781511,0.875,0.75,1.0,0.0911261423943549,2,pure_edema,v4_patient_level_refold
NNUNET_ENCODER_L3,P4_pure_edema_vs_normal_myocardium,logistic_regression,127,32,64,16,PASS,0.86328125,0.9014627915943706,0.78125,0.75,0.8125,0.02441114411810058,3,pure_edema,v4_patient_level_refold
NNUNET_ENCODER_L3,P4_pure_edema_vs_normal_myocardium,logistic_regression,127,32,64,16,PASS,0.9375,0.9549911437246963,0.84375,0.8125,0.875,0.004908277927420102,4,pure_edema,v4_patient_level_refold
NNUNET_ENCODER_L3,P5_nnunet_pure_edema_FN,logistic_regression,113,31,64,16,PASS,0.975,0.9788888888888889,0.9333333333333333,0.8666666666666667,1.0,0.06483176100237331,0,pure_edema,v4_patient_level_refold
NNUNET_ENCODER_L3,P5_nnunet_pure_edema_FN,logistic_regression,116,28,64,16,PASS,0.9114583333333334,0.9265873015873017,0.875,0.75,1.0,0.047494694677615634,1,pure_edema,v4_patient_level_refold
NNUNET_ENCODER_L3,P5_nnunet_pure_edema_FN,logistic_regression,117,27,64,16,PASS,0.8863636363636364,0.9144475053565964,0.7727272727272727,0.5454545454545454,1.0,0.1489708635136069,2,pure_edema,v4_patient_level_refold
NNUNET_ENCODER_L3,P5_nnunet_pure_edema_FN,logistic_regression,115,29,64,16,PASS,0.9423076923076923,0.9430744693902586,0.8605769230769231,0.8461538461538461,0.875,0.033816547372177486,3,pure_edema,v4_patient_level_refold
NNUNET_ENCODER_L3,P5_nnunet_pure_edema_FN,logistic_regression,115,29,64,16,PASS,0.9855769230769231,0.9855769230769229,0.9615384615384616,0.9230769230769231,1.0,0.054017443848629054,4,pure_edema,v4_patient_level_refold
NNUNET_ENCODER_L3,P6_nnunet_pure_edema_FP,logistic_regression,115,29,64,16,PASS,0.9759615384615384,0.9723443223443222,0.9375,1.0,0.875,0.03374487203122045,0,pure_edema,v4_patient_level_refold
NNUNET_ENCODER_L3,P6_nnunet_pure_edema_FP,logistic_regression,117,27,64,16,PASS,0.8920454545454546,0.9115829624920535,0.8181818181818181,0.6363636363636364,1.0,0.13797401069415,1,pure_edema,v4_patient_level_refold
NNUNET_ENCODER_L3,P6_nnunet_pure_edema_FP,logistic_regression,117,27,64,16,PASS,1.0,1.0,0.9545454545454546,0.9090909090909091,1.0,0.02707670808290219,2,pure_edema,v4_patient_level_refold
NNUNET_ENCODER_L3,P6_nnunet_pure_edema_FP,logistic_regression,114,30,64,16,PASS,0.9776785714285714,0.9721956614813756,0.8616071428571428,0.7857142857142857,0.9375,0.040877081411990035,3,pure_edema,v4_patient_level_refold
NNUNET_ENCODER_L3,P6_nnunet_pure_edema_FP,logistic_regression,113,31,64,16,PASS,1.0,1.0,0.8666666666666667,0.7333333333333333,1.0,0.124905629356516,4,pure_edema,v4_patient_level_refold
NNUNET_ENCODER_L3,P7_small_scar_vs_normal_myocardium,logistic_regression,77,17,64,16,PASS,1.0,1.0,1.0,1.0,1.0,0.00021733502622373058,0,scar,v4_patient_level_refold
NNUNET_ENCODER_L3,P7_small_scar_vs_normal_myocardium,logistic_regression,75,19,64,16,PASS,0.7291666666666666,0.7291666666666666,0.5,0.0,1.0,0.1302511516351768,1,scar,v4_patient_level_refold
NNUNET_ENCODER_L3,P7_small_scar_vs_normal_myocardium,logistic_regression,77,17,64,16,PASS,1.0,1.0,1.0,1.0,1.0,0.006533024604314375,2,scar,v4_patient_level_refold
NNUNET_ENCODER_L3,P7_small_scar_vs_normal_myocardium,logistic_regression,73,21,64,16,PASS,1.0,1.0,0.6,0.2,1.0,0.15718587409227192,3,scar,v4_patient_level_refold
NNUNET_ENCODER_L3,P7_small_scar_vs_normal_myocardium,logistic_regression,74,20,64,16,PASS,1.0,1.0,0.625,0.25,1.0,0.12003010664197365,4,scar,v4_patient_level_refold
NNUNET_ENCODER_L3,P8_boundary_scar_vs_non_scar_myocardium,logistic_regression,127,32,64,16,PASS,0.98828125,0.9891493055555556,0.90625,0.875,0.9375,0.002578153081076895,0,scar,v4_patient_level_refold
NNUNET_ENCODER_L3,P8_boundary_scar_vs_non_scar_myocardium,logistic_regression,128,31,64,16,PASS,0.9333333333333333,0.9438220691081103,0.8354166666666667,0.7333333333333333,0.9375,0.11292614349596186,1,scar,v4_patient_level_refold
NNUNET_ENCODER_L3,P8_boundary_scar_vs_non_scar_myocardium,logistic_regression,127,32,64,16,PASS,0.94921875,0.9566134386446886,0.90625,0.9375,0.875,0.015875864749948176,2,scar,v4_patient_level_refold
NNUNET_ENCODER_L3,P8_boundary_scar_vs_non_scar_myocardium,logistic_regression,127,32,64,16,PASS,0.96875,0.9729166666666667,0.875,0.8125,0.9375,0.03903029372150996,3,scar,v4_patient_level_refold
NNUNET_ENCODER_L3,P8_boundary_scar_vs_non_scar_myocardium,logistic_regression,127,32,64,16,PASS,0.9296875,0.9096611265196791,0.875,0.8125,0.9375,0.0526804416533036,4,scar,v4_patient_level_refold
NNUNET_ENCODER_L4,P1_scar_vs_normal_myocardium,logistic_regression,120,31,64,16,PASS,0.9375,0.9418212197159566,0.8354166666666667,0.7333333333333333,0.9375,0.08737285678953877,0,scar,v4_patient_level_refold
NNUNET_ENCODER_L4,P1_scar_vs_normal_myocardium,logistic_regression,121,30,64,16,PASS,0.9017857142857143,0.9037656787656787,0.8258928571428572,0.7142857142857143,0.9375,0.06901541385214421,1,scar,v4_patient_level_refold
NNUNET_ENCODER_L4,P1_scar_vs_normal_myocardium,logistic_regression,120,31,64,16,PASS,0.9041666666666667,0.901718940101293,0.80625,0.8,0.8125,0.052708999327724604,2,scar,v4_patient_level_refold
NNUNET_ENCODER_L4,P1_scar_vs_normal_myocardium,logistic_regression,123,28,64,16,PASS,0.9076923076923078,0.9408831908831907,0.8897435897435897,0.8461538461538461,0.9333333333333333,0.008466562991574333,3,scar,v4_patient_level_refold
NNUNET_ENCODER_L4,P1_scar_vs_normal_myocardium,logistic_regression,120,31,64,16,PASS,0.7625,0.803083139083139,0.6708333333333334,0.4666666666666667,0.875,0.11220024983302329,4,scar,v4_patient_level_refold
NNUNET_ENCODER_L4,P2_nnunet_scar_FN_vs_true_negative,logistic_regression,92,23,64,16,PASS,0.9553571428571428,0.9404761904761902,0.9285714285714286,0.8571428571428571,1.0,0.08141572074734899,0,scar,v4_patient_level_refold
NNUNET_ENCODER_L4,P2_nnunet_scar_FN_vs_true_negative,logistic_regression,93,22,64,16,PASS,0.96875,0.9444444444444444,0.75,0.5,1.0,0.10440366303340787,1,scar,v4_patient_level_refold
NNUNET_ENCODER_L4,P2_nnunet_scar_FN_vs_true_negative,logistic_regression,90,25,64,16,PASS,1.0,1.0,1.0,1.0,1.0,0.00909830943516915,2,scar,v4_patient_level_refold
NNUNET_ENCODER_L4,P2_nnunet_scar_FN_vs_true_negative,logistic_regression,95,20,64,16,PASS,1.0,1.0,0.9,0.8,1.0,0.03181448378156601,3,scar,v4_patient_level_refold
NNUNET_ENCODER_L4,P2_nnunet_scar_FN_vs_true_negative,logistic_regression,90,25,64,16,PASS,1.0,1.0,0.7777777777777778,0.5555555555555556,1.0,0.09611324088405415,4,scar,v4_patient_level_refold
NNUNET_ENCODER_L4,P3_nnunet_scar_FP_vs_true_negative,logistic_regression,75,21,63,16,PASS,1.0,1.0,1.0,1.0,1.0,0.02702960610505875,0,scar,v4_patient_level_refold
NNUNET_ENCODER_L4,P3_nnunet_scar_FP_vs_true_negative,logistic_regression,77,19,63,16,PASS,0.9791666666666666,0.9166666666666665,0.6666666666666666,0.3333333333333333,1.0,0.11368892207289324,1,scar,v4_patient_level_refold
NNUNET_ENCODER_L4,P3_nnunet_scar_FP_vs_true_negative,logistic_regression,77,19,63,16,PASS,0.9166666666666666,0.8095238095238095,0.5,0.0,1.0,0.13666988070112976,2,scar,v4_patient_level_refold
NNUNET_ENCODER_L4,P3_nnunet_scar_FP_vs_true_negative,logistic_regression,78,18,64,15,PASS,0.7555555555555555,0.5396825396825397,0.6666666666666666,0.3333333333333333,1.0,0.10870471760549864,3,scar,v4_patient_level_refold
NNUNET_ENCODER_L4,P3_nnunet_scar_FP_vs_true_negative,logistic_regression,77,19,63,16,PASS,1.0,1.0,0.8333333333333333,0.6666666666666666,1.0,0.037136236144719975,4,scar,v4_patient_level_refold
NNUNET_ENCODER_L4,P4_pure_edema_vs_normal_myocardium,logistic_regression,123,30,64,16,PASS,0.9955357142857143,0.995238095238095,0.9285714285714286,0.8571428571428571,1.0,0.049254091160620905,0,pure_edema,v4_patient_level_refold
NNUNET_ENCODER_L4,P4_pure_edema_vs_normal_myocardium,logistic_regression,122,31,64,16,PASS,0.8250000000000001,0.8233213083213083,0.7083333333333333,0.6666666666666666,0.75,0.005739970647297976,1,pure_edema,v4_patient_level_refold
NNUNET_ENCODER_L4,P4_pure_edema_vs_normal_myocardium,logistic_regression,121,32,64,16,PASS,0.94921875,0.9572172619047619,0.875,0.875,0.875,0.009008973447490076,2,pure_edema,v4_patient_level_refold
NNUNET_ENCODER_L4,P4_pure_edema_vs_normal_myocardium,logistic_regression,123,30,64,16,PASS,0.8622222222222222,0.8918403939056112,0.7666666666666666,0.6,0.9333333333333333,0.14601139760043952,3,pure_edema,v4_patient_level_refold
NNUNET_ENCODER_L4,P4_pure_edema_vs_normal_myocardium,logistic_regression,123,30,64,16,PASS,0.8080357142857143,0.8217919559554897,0.7544642857142857,0.5714285714285714,0.9375,0.1405837376945938,4,pure_edema,v4_patient_level_refold
NNUNET_ENCODER_L4,P5_nnunet_pure_edema_FN,logistic_regression,93,24,63,16,PASS,0.9765625,0.959375,0.875,0.75,1.0,0.04955088995546164,0,pure_edema,v4_patient_level_refold
NNUNET_ENCODER_L4,P5_nnunet_pure_edema_FN,logistic_regression,94,23,63,16,PASS,0.8839285714285714,0.8684807256235827,0.8258928571428572,0.7142857142857143,0.9375,0.04129328777917285,1,pure_edema,v4_patient_level_refold
NNUNET_ENCODER_L4,P5_nnunet_pure_edema_FN,logistic_regression,94,23,63,16,PASS,0.9375,0.9136577708006279,0.8258928571428572,0.7142857142857143,0.9375,0.06865365190883993,2,pure_edema,v4_patient_level_refold
NNUNET_ENCODER_L4,P5_nnunet_pure_edema_FN,logistic_regression,94,23,64,15,PASS,0.9166666666666666,0.9305555555555556,0.875,0.75,1.0,0.053633700807676155,3,pure_edema,v4_patient_level_refold
NNUNET_ENCODER_L4,P5_nnunet_pure_edema_FN,logistic_regression,93,24,63,16,PASS,1.0,1.0,0.875,0.75,1.0,0.03355676588463424,4,pure_edema,v4_patient_level_refold
NNUNET_ENCODER_L4,P6_nnunet_pure_edema_FP,logistic_regression,92,25,64,16,PASS,1.0,1.0,0.9444444444444444,0.8888888888888888,1.0,0.053925519967298996,0,pure_edema,v4_patient_level_refold
NNUNET_ENCODER_L4,P6_nnunet_pure_edema_FP,logistic_regression,92,25,64,16,PASS,0.9791666666666666,0.9674523007856342,0.8333333333333333,0.6666666666666666,1.0,0.12019789442238554,1,pure_edema,v4_patient_level_refold
NNUNET_ENCODER_L4,P6_nnunet_pure_edema_FP,logistic_regression,96,21,64,16,PASS,1.0,1.0,1.0,1.0,1.0,0.0007280825035504979,2,pure_edema,v4_patient_level_refold
NNUNET_ENCODER_L4,P6_nnunet_pure_edema_FP,logistic_regression,97,20,64,16,PASS,1.0,1.0,1.0,1.0,1.0,0.019366120399608833,3,pure_edema,v4_patient_level_refold
NNUNET_ENCODER_L4,P6_nnunet_pure_edema_FP,logistic_regression,91,26,64,16,PASS,0.91875,0.9198412698412698,0.85,0.7,1.0,0.12986980488009275,4,pure_edema,v4_patient_level_refold
NNUNET_ENCODER_L4,P7_small_scar_vs_normal_myocardium,logistic_regression,71,17,63,16,PASS,0.9375,0.5,0.5,0.0,1.0,0.052422414682346714,0,scar,v4_patient_level_refold
NNUNET_ENCODER_L4,P7_small_scar_vs_normal_myocardium,logistic_regression,70,18,63,16,PASS,0.90625,0.7,0.5,0.0,1.0,0.10542530652412606,1,scar,v4_patient_level_refold
NNUNET_ENCODER_L4,P7_small_scar_vs_normal_myocardium,logistic_regression,72,16,63,16,INSUFFICIENT_EVAL_CLASSES,,,,,,,2,scar,v4_patient_level_refold
NNUNET_ENCODER_L4,P7_small_scar_vs_normal_myocardium,logistic_regression,70,18,64,15,PASS,0.4222222222222222,0.44017094017094016,0.6666666666666666,0.3333333333333333,1.0,0.1074547310302122,3,scar,v4_patient_level_refold
NNUNET_ENCODER_L4,P7_small_scar_vs_normal_myocardium,logistic_regression,69,19,63,16,PASS,0.6666666666666666,0.6111111111111112,0.6666666666666666,0.3333333333333333,1.0,0.1200239659428414,4,scar,v4_patient_level_refold
NNUNET_ENCODER_L4,P8_boundary_scar_vs_non_scar_myocardium,logistic_regression,120,31,64,16,PASS,0.9375,0.9418212197159566,0.8354166666666667,0.7333333333333333,0.9375,0.08737285678953877,0,scar,v4_patient_level_refold
NNUNET_ENCODER_L4,P8_boundary_scar_vs_non_scar_myocardium,logistic_regression,121,30,64,16,PASS,0.9017857142857143,0.9037656787656787,0.8258928571428572,0.7142857142857143,0.9375,0.06901541385214421,1,scar,v4_patient_level_refold
NNUNET_ENCODER_L4,P8_boundary_scar_vs_non_scar_myocardium,logistic_regression,120,31,64,16,PASS,0.9041666666666667,0.901718940101293,0.80625,0.8,0.8125,0.052708999327724604,2,scar,v4_patient_level_refold
NNUNET_ENCODER_L4,P8_boundary_scar_vs_non_scar_myocardium,logistic_regression,123,28,64,16,PASS,0.9076923076923078,0.9408831908831907,0.8897435897435897,0.8461538461538461,0.9333333333333333,0.008466562991574333,3,scar,v4_patient_level_refold
NNUNET_ENCODER_L4,P8_boundary_scar_vs_non_scar_myocardium,logistic_regression,120,31,64,16,PASS,0.7625,0.803083139083139,0.6708333333333334,0.4666666666666667,0.875,0.11220024983302329,4,scar,v4_patient_level_refold
NNUNET_ENCODER_L5,P1_scar_vs_normal_myocardium,logistic_regression,84,19,58,13,PASS,0.717948717948718,0.5789682539682539,0.6025641025641025,0.6666666666666666,0.5384615384615384,0.19665907109972858,0,scar,v4_patient_level_refold
NNUNET_ENCODER_L5,P1_scar_vs_normal_myocardium,logistic_regression,80,23,56,15,PASS,0.6515151515151515,0.7053794244970716,0.6477272727272727,0.5454545454545454,0.75,0.060999415842339755,1,scar,v4_patient_level_refold
NNUNET_ENCODER_L5,P1_scar_vs_normal_myocardium,logistic_regression,79,24,56,15,PASS,0.7272727272727273,0.6785255148891512,0.5594405594405594,0.2727272727272727,0.8461538461538461,0.1863304193440225,2,scar,v4_patient_level_refold
NNUNET_ENCODER_L5,P1_scar_vs_normal_myocardium,logistic_regression,86,17,57,14,PASS,0.33333333333333337,0.16865079365079366,0.2857142857142857,0.0,0.5714285714285714,0.21565695048509967,3,scar,v4_patient_level_refold
NNUNET_ENCODER_L5,P1_scar_vs_normal_myocardium,logistic_regression,83,20,57,14,PASS,0.7291666666666666,0.726932503770739,0.6041666666666667,0.625,0.5833333333333334,0.031236249767059188,4,scar,v4_patient_level_refold
NNUNET_ENCODER_L5,P2_nnunet_scar_FN_vs_true_negative,logistic_regression,62,14,53,13,PASS,1.0,1.0,0.9615384615384616,1.0,0.9230769230769231,0.15054888206249312,0,scar,v4_patient_level_refold
NNUNET_ENCODER_L5,P2_nnunet_scar_FN_vs_true_negative,logistic_regression,62,14,53,13,PASS,0.9166666666666666,0.5833333333333333,0.7083333333333333,0.5,0.9166666666666666,0.026023411856763448,1,scar,v4_patient_level_refold
NNUNET_ENCODER_L5,P2_nnunet_scar_FN_vs_true_negative,logistic_regression,58,18,52,14,PASS,0.7538461538461538,0.6057142857142856,0.6,0.2,1.0,0.13673780020166698,2,scar,v4_patient_level_refold
NNUNET_ENCODER_L5,P2_nnunet_scar_FN_vs_true_negative,logistic_regression,60,16,52,14,PASS,0.6071428571428571,0.25757575757575757,0.5,0.0,1.0,0.06050697184474228,3,scar,v4_patient_level_refold
NNUNET_ENCODER_L5,P2_nnunet_scar_FN_vs_true_negative,logistic_regression,62,14,54,12,PASS,0.9583333333333333,0.8333333333333333,0.9583333333333333,1.0,0.9166666666666666,0.03437254602430814,4,scar,v4_patient_level_refold
NNUNET_ENCODER_L5,P3_nnunet_scar_FP_vs_true_negative,logistic_regression,57,13,51,13,INSUFFICIENT_EVAL_CLASSES,,,,,,,0,scar,v4_patient_level_refold
NNUNET_ENCODER_L5,P3_nnunet_scar_FP_vs_true_negative,logistic_regression,56,14,52,12,PASS,0.5,0.5714285714285714,0.75,0.5,1.0,0.08669215300952542,1,scar,v4_patient_level_refold
NNUNET_ENCODER_L5,P3_nnunet_scar_FP_vs_true_negative,logistic_regression,56,14,51,13,PASS,0.07692307692307687,0.07692307692307693,0.5,0.0,1.0,0.06693009228890301,2,scar,v4_patient_level_refold
NNUNET_ENCODER_L5,P3_nnunet_scar_FP_vs_true_negative,logistic_regression,55,15,50,14,PASS,0.8571428571428572,0.3333333333333333,0.5,0.0,1.0,0.04407419221480614,3,scar,v4_patient_level_refold
NNUNET_ENCODER_L5,P3_nnunet_scar_FP_vs_true_negative,logistic_regression,56,14,52,12,PASS,0.875,0.7,0.75,0.5,1.0,0.07040071083466871,4,scar,v4_patient_level_refold
NNUNET_ENCODER_L5,P4_pure_edema_vs_normal_myocardium,logistic_regression,81,18,59,13,PASS,0.7692307692307692,0.6858119658119658,0.7076923076923077,0.8,0.6153846153846154,0.19268854805992575,0,pure_edema,v4_patient_level_refold
NNUNET_ENCODER_L5,P4_pure_edema_vs_normal_myocardium,logistic_regression,77,22,56,16,PASS,0.7333333333333334,0.7189465140123034,0.5666666666666667,0.3,0.8333333333333334,0.19315751388308744,1,pure_edema,v4_patient_level_refold
NNUNET_ENCODER_L5,P4_pure_edema_vs_normal_myocardium,logistic_regression,79,20,58,14,PASS,0.6483516483516483,0.4878375592661307,0.5659340659340659,0.2857142857142857,0.8461538461538461,0.15502815947865586,2,pure_edema,v4_patient_level_refold
NNUNET_ENCODER_L5,P4_pure_edema_vs_normal_myocardium,logistic_regression,78,21,56,16,PASS,0.6020408163265305,0.5676870748299319,0.6428571428571428,0.42857142857142855,0.8571428571428571,0.0266411153176227,3,pure_edema,v4_patient_level_refold
NNUNET_ENCODER_L5,P4_pure_edema_vs_normal_myocardium,logistic_regression,81,18,59,13,PASS,0.7083333333333334,0.7166666666666666,0.7083333333333333,0.6666666666666666,0.75,0.0034041320683588228,4,pure_edema,v4_patient_level_refold
NNUNET_ENCODER_L5,P5_nnunet_pure_edema_FN,logistic_regression,62,17,52,13,PASS,0.8846153846153846,0.6083333333333333,0.7115384615384616,0.5,0.9230769230769231,0.016964784996213955,0,pure_edema,v4_patient_level_refold
NNUNET_ENCODER_L5,P5_nnunet_pure_edema_FN,logistic_regression,64,15,52,13,PASS,0.75,0.5777777777777777,0.6666666666666666,0.3333333333333333,1.0,0.07329304048700919,1,pure_edema,v4_patient_level_refold
NNUNET_ENCODER_L5,P5_nnunet_pure_edema_FN,logistic_regression,63,16,52,13,PASS,0.7435897435897436,0.4797979797979798,0.46153846153846156,0.0,0.9230769230769231,0.13698554611866928,2,pure_edema,v4_patient_level_refold
NNUNET_ENCODER_L5,P5_nnunet_pure_edema_FN,logistic_regression,63,16,51,14,PASS,0.8928571428571429,0.5,0.5,0.0,1.0,0.057985760427388566,3,pure_edema,v4_patient_level_refold
NNUNET_ENCODER_L5,P5_nnunet_pure_edema_FN,logistic_regression,64,15,53,12,PASS,0.9444444444444444,0.8666666666666667,0.5,0.0,1.0,0.15948257590124099,4,pure_edema,v4_patient_level_refold
NNUNET_ENCODER_L5,P6_nnunet_pure_edema_FP,logistic_regression,61,15,52,13,PASS,0.9230769230769231,0.75,0.7115384615384616,0.5,0.9230769230769231,0.03134650397530664,0,pure_edema,v4_patient_level_refold
NNUNET_ENCODER_L5,P6_nnunet_pure_edema_FP,logistic_regression,63,13,53,12,PASS,0.9166666666666666,0.5,0.5,0.0,1.0,0.033293840306911224,1,pure_edema,v4_patient_level_refold
NNUNET_ENCODER_L5,P6_nnunet_pure_edema_FP,logistic_regression,60,16,51,14,PASS,0.8205128205128205,0.7666666666666666,0.6666666666666666,0.3333333333333333,1.0,0.10353804161129335,2,pure_edema,v4_patient_level_refold
NNUNET_ENCODER_L5,P6_nnunet_pure_edema_FP,logistic_regression,59,17,51,14,PASS,0.9047619047619048,0.8095238095238095,0.7976190476190477,0.6666666666666666,0.9285714285714286,0.022507518231694668,3,pure_edema,v4_patient_level_refold
NNUNET_ENCODER_L5,P6_nnunet_pure_edema_FP,logistic_regression,61,15,53,12,PASS,0.6666666666666666,0.5285714285714286,0.625,0.3333333333333333,0.9166666666666666,0.07840392483127231,4,pure_edema,v4_patient_level_refold
NNUNET_ENCODER_L5,P7_small_scar_vs_normal_myocardium,logistic_regression,53,14,51,13,PASS,0.46153846153846156,0.125,0.5,0.0,1.0,0.06541563157224604,0,scar,v4_patient_level_refold
NNUNET_ENCODER_L5,P7_small_scar_vs_normal_myocardium,logistic_regression,53,14,52,12,PASS,0.5833333333333333,0.5833333333333334,0.5,0.0,1.0,0.1395072943745806,1,scar,v4_patient_level_refold
NNUNET_ENCODER_L5,P7_small_scar_vs_normal_myocardium,logistic_regression,54,13,51,13,INSUFFICIENT_EVAL_CLASSES,,,,,,,2,scar,v4_patient_level_refold
NNUNET_ENCODER_L5,P7_small_scar_vs_normal_myocardium,logistic_regression,53,14,50,14,INSUFFICIENT_EVAL_CLASSES,,,,,,,3,scar,v4_patient_level_refold
NNUNET_ENCODER_L5,P7_small_scar_vs_normal_myocardium,logistic_regression,55,12,52,12,INSUFFICIENT_EVAL_CLASSES,,,,,,,4,scar,v4_patient_level_refold
NNUNET_ENCODER_L5,P8_boundary_scar_vs_non_scar_myocardium,logistic_regression,84,19,58,13,PASS,0.717948717948718,0.5789682539682539,0.6025641025641025,0.6666666666666666,0.5384615384615384,0.19665907109972858,0,scar,v4_patient_level_refold
NNUNET_ENCODER_L5,P8_boundary_scar_vs_non_scar_myocardium,logistic_regression,80,23,56,15,PASS,0.6515151515151515,0.7053794244970716,0.6477272727272727,0.5454545454545454,0.75,0.060999415842339755,1,scar,v4_patient_level_refold
NNUNET_ENCODER_L5,P8_boundary_scar_vs_non_scar_myocardium,logistic_regression,79,24,56,15,PASS,0.7272727272727273,0.6785255148891512,0.5594405594405594,0.2727272727272727,0.8461538461538461,0.1863304193440225,2,scar,v4_patient_level_refold
NNUNET_ENCODER_L5,P8_boundary_scar_vs_non_scar_myocardium,logistic_regression,86,17,57,14,PASS,0.33333333333333337,0.16865079365079366,0.2857142857142857,0.0,0.5714285714285714,0.21565695048509967,3,scar,v4_patient_level_refold
NNUNET_ENCODER_L5,P8_boundary_scar_vs_non_scar_myocardium,logistic_regression,83,20,57,14,PASS,0.7291666666666666,0.726932503770739,0.6041666666666667,0.625,0.5833333333333334,0.031236249767059188,4,scar,v4_patient_level_refold
NNUNET_ENCODER_L6,P1_scar_vs_normal_myocardium,logistic_regression,39,5,35,5,PASS,0.25,0.25,0.5,0.0,1.0,0.15860796072974132,0,scar,v4_patient_level_refold
NNUNET_ENCODER_L6,P1_scar_vs_normal_myocardium,logistic_regression,35,9,32,8,PASS,0.2222222222222222,0.2869047619047619,0.4166666666666667,0.0,0.8333333333333334,0.15981447121102116,1,scar,v4_patient_level_refold
NNUNET_ENCODER_L6,P1_scar_vs_normal_myocardium,logistic_regression,34,10,31,9,PASS,0.8125,0.5,0.625,0.5,0.75,0.06033314226066305,2,scar,v4_patient_level_refold
NNUNET_ENCODER_L6,P1_scar_vs_normal_myocardium,logistic_regression,33,11,30,10,PASS,0.0,0.09090909090909091,0.4,0.0,0.8,0.09042019491703093,3,scar,v4_patient_level_refold
NNUNET_ENCODER_L6,P1_scar_vs_normal_myocardium,logistic_regression,35,9,32,8,PASS,0.875,0.5,0.9375,1.0,0.875,0.18676562087412868,4,scar,v4_patient_level_refold
NNUNET_ENCODER_L6,P2_nnunet_scar_FN_vs_true_negative,logistic_regression,34,4,32,4,INSUFFICIENT_EVAL_CLASSES,,,,,,,0,scar,v4_patient_level_refold
NNUNET_ENCODER_L6,P2_nnunet_scar_FN_vs_true_negative,logistic_regression,31,7,29,7,PASS,0.16666666666666663,0.16666666666666666,0.4166666666666667,0.0,0.8333333333333334,0.02623121650099497,1,scar,v4_patient_level_refold
NNUNET_ENCODER_L6,P2_nnunet_scar_FN_vs_true_negative,logistic_regression,29,9,28,8,PASS,0.125,0.125,0.5,0.0,1.0,0.10612766835735375,2,scar,v4_patient_level_refold
NNUNET_ENCODER_L6,P2_nnunet_scar_FN_vs_true_negative,logistic_regression,28,10,27,9,PASS,0.2222222222222222,0.125,0.5,0.0,1.0,0.09407546669608849,3,scar,v4_patient_level_refold
NNUNET_ENCODER_L6,P2_nnunet_scar_FN_vs_true_negative,logistic_regression,30,8,28,8,INSUFFICIENT_EVAL_CLASSES,,,,,,,4,scar,v4_patient_level_refold
NNUNET_ENCODER_L6,P3_nnunet_scar_FP_vs_true_negative,logistic_regression,32,4,32,4,INSUFFICIENT_EVAL_CLASSES,,,,,,,0,scar,v4_patient_level_refold
NNUNET_ENCODER_L6,P3_nnunet_scar_FP_vs_true_negative,logistic_regression,30,6,30,6,INSUFFICIENT_EVAL_CLASSES,,,,,,,1,scar,v4_patient_level_refold
NNUNET_ENCODER_L6,P3_nnunet_scar_FP_vs_true_negative,logistic_regression,28,8,28,8,INSUFFICIENT_EVAL_CLASSES,,,,,,,2,scar,v4_patient_level_refold
NNUNET_ENCODER_L6,P3_nnunet_scar_FP_vs_true_negative,logistic_regression,26,10,,,INSUFFICIENT_SPLIT_DATA,,,,,,,3,scar,v4_patient_level_refold
NNUNET_ENCODER_L6,P3_nnunet_scar_FP_vs_true_negative,logistic_regression,28,8,28,8,INSUFFICIENT_EVAL_CLASSES,,,,,,,4,scar,v4_patient_level_refold
NNUNET_ENCODER_L6,P4_pure_edema_vs_normal_myocardium,logistic_regression,48,7,41,6,PASS,0.9166666666666666,0.9166666666666665,0.875,1.0,0.75,0.02498733427056321,0,pure_edema,v4_patient_level_refold
NNUNET_ENCODER_L6,P4_pure_edema_vs_normal_myocardium,logistic_regression,44,11,37,10,PASS,0.43333333333333335,0.4575757575757575,0.5333333333333333,0.4,0.6666666666666666,0.04159554839772983,1,pure_edema,v4_patient_level_refold
NNUNET_ENCODER_L6,P4_pure_edema_vs_normal_myocardium,logistic_regression,41,14,37,10,PASS,0.6458333333333333,0.6833333333333332,0.625,0.5,0.75,0.14216145323186513,2,pure_edema,v4_patient_level_refold
NNUNET_ENCODER_L6,P4_pure_edema_vs_normal_myocardium,logistic_regression,41,14,35,12,PASS,0.5,0.4880952380952381,0.625,0.25,1.0,0.10711065690009863,3,pure_edema,v4_patient_level_refold
NNUNET_ENCODER_L6,P4_pure_edema_vs_normal_myocardium,logistic_regression,46,9,38,9,PASS,1.0,1.0,0.875,1.0,0.75,0.30818025892720924,4,pure_edema,v4_patient_level_refold
NNUNET_ENCODER_L6,P5_nnunet_pure_edema_FN,logistic_regression,38,5,34,5,PASS,1.0,1.0,0.5,0.0,1.0,0.04905880609104024,0,pure_edema,v4_patient_level_refold
NNUNET_ENCODER_L6,P5_nnunet_pure_edema_FN,logistic_regression,35,8,32,7,PASS,0.6666666666666667,0.41666666666666663,0.8333333333333333,1.0,0.6666666666666666,0.226267316767451,1,pure_edema,v4_patient_level_refold
NNUNET_ENCODER_L6,P5_nnunet_pure_edema_FN,logistic_regression,32,11,30,9,PASS,0.4583333333333333,0.3619047619047619,0.5,0.0,1.0,0.23133064260849884,2,pure_edema,v4_patient_level_refold
NNUNET_ENCODER_L6,P5_nnunet_pure_edema_FN,logistic_regression,32,11,29,10,PASS,0.8888888888888888,0.75,0.5,0.0,1.0,0.13272406185861313,3,pure_edema,v4_patient_level_refold
NNUNET_ENCODER_L6,P5_nnunet_pure_edema_FN,logistic_regression,35,8,31,8,INSUFFICIENT_EVAL_CLASSES,,,,,,,4,pure_edema,v4_patient_level_refold
NNUNET_ENCODER_L6,P6_nnunet_pure_edema_FP,logistic_regression,32,4,31,4,INSUFFICIENT_EVAL_CLASSES,,,,,,,0,pure_edema,v4_patient_level_refold
NNUNET_ENCODER_L6,P6_nnunet_pure_edema_FP,logistic_regression,30,6,29,6,INSUFFICIENT_EVAL_CLASSES,,,,,,,1,pure_edema,v4_patient_level_refold
NNUNET_ENCODER_L6,P6_nnunet_pure_edema_FP,logistic_regression,28,8,27,8,INSUFFICIENT_EVAL_CLASSES,,,,,,,2,pure_edema,v4_patient_level_refold
NNUNET_ENCODER_L6,P6_nnunet_pure_edema_FP,logistic_regression,26,10,,,INSUFFICIENT_SPLIT_DATA,,,,,,,3,pure_edema,v4_patient_level_refold
NNUNET_ENCODER_L6,P6_nnunet_pure_edema_FP,logistic_regression,28,8,27,8,INSUFFICIENT_EVAL_CLASSES,,,,,,,4,pure_edema,v4_patient_level_refold
NNUNET_ENCODER_L6,P7_small_scar_vs_normal_myocardium,logistic_regression,32,4,,,INSUFFICIENT_SPLIT_DATA,,,,,,,0,scar,v4_patient_level_refold
NNUNET_ENCODER_L6,P7_small_scar_vs_normal_myocardium,logistic_regression,30,6,,,INSUFFICIENT_SPLIT_DATA,,,,,,,1,scar,v4_patient_level_refold
NNUNET_ENCODER_L6,P7_small_scar_vs_normal_myocardium,logistic_regression,28,8,,,INSUFFICIENT_SPLIT_DATA,,,,,,,2,scar,v4_patient_level_refold
NNUNET_ENCODER_L6,P7_small_scar_vs_normal_myocardium,logistic_regression,26,10,,,INSUFFICIENT_SPLIT_DATA,,,,,,,3,scar,v4_patient_level_refold
NNUNET_ENCODER_L6,P7_small_scar_vs_normal_myocardium,logistic_regression,28,8,,,INSUFFICIENT_SPLIT_DATA,,,,,,,4,scar,v4_patient_level_refold
NNUNET_ENCODER_L6,P8_boundary_scar_vs_non_scar_myocardium,logistic_regression,39,5,35,5,PASS,0.25,0.25,0.5,0.0,1.0,0.15860796072974132,0,scar,v4_patient_level_refold
NNUNET_ENCODER_L6,P8_boundary_scar_vs_non_scar_myocardium,logistic_regression,35,9,32,8,PASS,0.2222222222222222,0.2869047619047619,0.4166666666666667,0.0,0.8333333333333334,0.15981447121102116,1,scar,v4_patient_level_refold
NNUNET_ENCODER_L6,P8_boundary_scar_vs_non_scar_myocardium,logistic_regression,34,10,31,9,PASS,0.8125,0.5,0.625,0.5,0.75,0.06033314226066305,2,scar,v4_patient_level_refold
NNUNET_ENCODER_L6,P8_boundary_scar_vs_non_scar_myocardium,logistic_regression,33,11,30,10,PASS,0.0,0.09090909090909091,0.4,0.0,0.8,0.09042019491703093,3,scar,v4_patient_level_refold
NNUNET_ENCODER_L6,P8_boundary_scar_vs_non_scar_myocardium,logistic_regression,35,9,32,8,PASS,0.875,0.5,0.9375,1.0,0.875,0.18676562087412868,4,scar,v4_patient_level_refold
PATIENT_ID_LEAKAGE_CONTROL,P1_scar_vs_normal_myocardium,logistic_regression,4765,1193,64,16,PASS,0.5,0.4920368818105616,0.5,0.0,1.0,0.0008205820879973458,0,scar,v4_patient_level_refold
PATIENT_ID_LEAKAGE_CONTROL,P1_scar_vs_normal_myocardium,logistic_regression,4789,1169,64,16,PASS,0.5,0.4816082121471343,0.5,0.0,1.0,0.018385774161328194,1,scar,v4_patient_level_refold
PATIENT_ID_LEAKAGE_CONTROL,P1_scar_vs_normal_myocardium,logistic_regression,4750,1208,64,16,PASS,0.5,0.49503311258278143,0.5,0.0,1.0,0.0038162300080094025,2,scar,v4_patient_level_refold
PATIENT_ID_LEAKAGE_CONTROL,P1_scar_vs_normal_myocardium,logistic_regression,4769,1189,64,16,PASS,0.5,0.4852817493692178,0.5,0.0,1.0,0.005935569354911019,3,scar,v4_patient_level_refold
PATIENT_ID_LEAKAGE_CONTROL,P1_scar_vs_normal_myocardium,logistic_regression,4759,1199,64,16,PASS,0.5,0.49291075896580483,0.5,0.0,1.0,0.0016813594972379664,4,scar,v4_patient_level_refold
PATIENT_ID_LEAKAGE_CONTROL,P2_nnunet_scar_FN_vs_true_negative,logistic_regression,4564,1126,64,16,PASS,0.5,0.46181172291296624,0.5,0.0,1.0,0.02790221617886257,0,scar,v4_patient_level_refold
PATIENT_ID_LEAKAGE_CONTROL,P2_nnunet_scar_FN_vs_true_negative,logistic_regression,4581,1109,64,16,PASS,0.5,0.45356176735798015,0.5,0.0,1.0,0.0457683376568655,1,scar,v4_patient_level_refold
PATIENT_ID_LEAKAGE_CONTROL,P2_nnunet_scar_FN_vs_true_negative,logistic_regression,4523,1167,64,16,PASS,0.5,0.4772922022279349,0.5,0.0,1.0,0.012263008526949337,2,scar,v4_patient_level_refold
PATIENT_ID_LEAKAGE_CONTROL,P2_nnunet_scar_FN_vs_true_negative,logistic_regression,4544,1146,64,16,PASS,0.5,0.4668411867364747,0.5,0.0,1.0,0.022810426954351037,3,scar,v4_patient_level_refold
PATIENT_ID_LEAKAGE_CONTROL,P2_nnunet_scar_FN_vs_true_negative,logistic_regression,4548,1142,64,16,PASS,0.5,0.46760070052539404,0.5,0.0,1.0,0.022545489392151008,4,scar,v4_patient_level_refold
PATIENT_ID_LEAKAGE_CONTROL,P3_nnunet_scar_FP_vs_true_negative,logistic_regression,4336,1120,64,16,PASS,0.5,0.4589285714285714,0.5,0.0,1.0,0.039743374361345174,0,scar,v4_patient_level_refold
PATIENT_ID_LEAKAGE_CONTROL,P3_nnunet_scar_FP_vs_true_negative,logistic_regression,4392,1064,64,16,PASS,0.5,0.43045112781954886,0.5,0.0,1.0,0.06850653326433859,1,scar,v4_patient_level_refold
PATIENT_ID_LEAKAGE_CONTROL,P3_nnunet_scar_FP_vs_true_negative,logistic_regression,4358,1098,64,16,PASS,0.5,0.4444444444444444,0.5,0.0,1.0,0.05468364838708806,2,scar,v4_patient_level_refold
PATIENT_ID_LEAKAGE_CONTROL,P3_nnunet_scar_FP_vs_true_negative,logistic_regression,4364,1092,64,16,PASS,0.5,0.44047619047619047,0.5,0.0,1.0,0.05825133726833964,3,scar,v4_patient_level_refold
PATIENT_ID_LEAKAGE_CONTROL,P3_nnunet_scar_FP_vs_true_negative,logistic_regression,4374,1082,64,16,PASS,0.5,0.43807763401109057,0.5,0.0,1.0,0.06084344820978543,4,scar,v4_patient_level_refold
PATIENT_ID_LEAKAGE_CONTROL,P4_pure_edema_vs_normal_myocardium,logistic_regression,4800,1191,64,16,PASS,0.5,0.491183879093199,0.5,0.0,1.0,0.008791607820951841,0,pure_edema,v4_patient_level_refold
PATIENT_ID_LEAKAGE_CONTROL,P4_pure_edema_vs_normal_myocardium,logistic_regression,4794,1197,64,16,PASS,0.5,0.49373433583959897,0.5,0.0,1.0,0.006260000433901625,1,pure_edema,v4_patient_level_refold
PATIENT_ID_LEAKAGE_CONTROL,P4_pure_edema_vs_normal_myocardium,logistic_regression,4785,1206,64,16,PASS,0.5,0.494195688225539,0.5,0.0,1.0,0.005800427771379346,2,pure_edema,v4_patient_level_refold
PATIENT_ID_LEAKAGE_CONTROL,P4_pure_edema_vs_normal_myocardium,logistic_regression,4787,1204,64,16,PASS,0.5,0.49169435215946844,0.5,0.0,1.0,0.008279469843604614,3,pure_edema,v4_patient_level_refold
PATIENT_ID_LEAKAGE_CONTROL,P4_pure_edema_vs_normal_myocardium,logistic_regression,4798,1193,64,16,PASS,0.5,0.490360435875943,0.5,0.0,1.0,0.009614326727213518,4,pure_edema,v4_patient_level_refold
PATIENT_ID_LEAKAGE_CONTROL,P5_nnunet_pure_edema_FN,logistic_regression,4580,1167,64,16,PASS,0.5,0.480719794344473,0.5,0.0,1.0,0.019057967580386526,0,pure_edema,v4_patient_level_refold
PATIENT_ID_LEAKAGE_CONTROL,P5_nnunet_pure_edema_FN,logistic_regression,4607,1140,64,16,PASS,0.5,0.46842105263157896,0.5,0.0,1.0,0.03140031107099933,1,pure_edema,v4_patient_level_refold
PATIENT_ID_LEAKAGE_CONTROL,P5_nnunet_pure_edema_FN,logistic_regression,4610,1137,64,16,PASS,0.49918032786885247,0.4635004397537379,0.5,0.0,1.0,0.036320954847228415,2,pure_edema,v4_patient_level_refold
PATIENT_ID_LEAKAGE_CONTROL,P5_nnunet_pure_edema_FN,logistic_regression,4594,1153,64,16,PASS,0.5,0.47007805724197743,0.5,0.0,1.0,0.029706501390219853,3,pure_edema,v4_patient_level_refold
PATIENT_ID_LEAKAGE_CONTROL,P5_nnunet_pure_edema_FN,logistic_regression,4597,1150,64,16,PASS,0.5,0.47130434782608693,0.5,0.0,1.0,0.02850470196405608,4,pure_edema,v4_patient_level_refold
PATIENT_ID_LEAKAGE_CONTROL,P6_nnunet_pure_edema_FP,logistic_regression,4586,1140,64,16,PASS,0.5,0.46842105263157896,0.5,0.0,1.0,0.03136424137065574,0,pure_edema,v4_patient_level_refold
PATIENT_ID_LEAKAGE_CONTROL,P6_nnunet_pure_edema_FP,logistic_regression,4596,1130,64,16,PASS,0.5,0.46371681415929206,0.5,0.0,1.0,0.03602598032070836,1,pure_edema,v4_patient_level_refold
PATIENT_ID_LEAKAGE_CONTROL,P6_nnunet_pure_edema_FP,logistic_regression,4596,1130,64,16,PASS,0.5,0.46017699115044247,0.5,0.0,1.0,0.039544258403675425,2,pure_edema,v4_patient_level_refold
PATIENT_ID_LEAKAGE_CONTROL,P6_nnunet_pure_edema_FP,logistic_regression,4570,1156,64,16,PASS,0.5,0.47145328719723184,0.5,0.0,1.0,0.028242146719835826,3,pure_edema,v4_patient_level_refold
PATIENT_ID_LEAKAGE_CONTROL,P6_nnunet_pure_edema_FP,logistic_regression,4556,1170,64,16,PASS,0.5,0.48034188034188036,0.5,0.0,1.0,0.019341029371771234,4,pure_edema,v4_patient_level_refold
PATIENT_ID_LEAKAGE_CONTROL,P7_small_scar_vs_normal_myocardium,logistic_regression,2898,644,64,16,PASS,0.5,0.059006211180124224,0.5,0.0,1.0,0.03793694149107124,0,scar,v4_patient_level_refold
PATIENT_ID_LEAKAGE_CONTROL,P7_small_scar_vs_normal_myocardium,logistic_regression,2826,716,64,16,PASS,0.5,0.15363128491620112,0.5,0.0,1.0,0.13871346977334673,1,scar,v4_patient_level_refold
PATIENT_ID_LEAKAGE_CONTROL,P7_small_scar_vs_normal_myocardium,logistic_regression,2898,644,64,16,PASS,0.5,0.052795031055900624,0.5,0.0,1.0,0.0314266675699202,2,scar,v4_patient_level_refold
PATIENT_ID_LEAKAGE_CONTROL,P7_small_scar_vs_normal_myocardium,logistic_regression,2754,788,64,16,PASS,0.5,0.2233502538071066,0.5,0.0,1.0,0.213140839758072,3,scar,v4_patient_level_refold
PATIENT_ID_LEAKAGE_CONTROL,P7_small_scar_vs_normal_myocardium,logistic_regression,2792,750,64,16,PASS,0.5,0.18933333333333333,0.5,0.0,1.0,0.17686991165882743,4,scar,v4_patient_level_refold
PATIENT_ID_LEAKAGE_CONTROL,P8_boundary_scar_vs_non_scar_myocardium,logistic_regression,4765,1193,64,16,PASS,0.5,0.4920368818105616,0.5,0.0,1.0,0.0008205820879973458,0,scar,v4_patient_level_refold
PATIENT_ID_LEAKAGE_CONTROL,P8_boundary_scar_vs_non_scar_myocardium,logistic_regression,4789,1169,64,16,PASS,0.5,0.4816082121471343,0.5,0.0,1.0,0.018385774161328194,1,scar,v4_patient_level_refold
PATIENT_ID_LEAKAGE_CONTROL,P8_boundary_scar_vs_non_scar_myocardium,logistic_regression,4750,1208,64,16,PASS,0.5,0.49503311258278143,0.5,0.0,1.0,0.0038162300080094025,2,scar,v4_patient_level_refold
PATIENT_ID_LEAKAGE_CONTROL,P8_boundary_scar_vs_non_scar_myocardium,logistic_regression,4769,1189,64,16,PASS,0.5,0.4852817493692178,0.5,0.0,1.0,0.005935569354911019,3,scar,v4_patient_level_refold
PATIENT_ID_LEAKAGE_CONTROL,P8_boundary_scar_vs_non_scar_myocardium,logistic_regression,4759,1199,64,16,PASS,0.5,0.49291075896580483,0.5,0.0,1.0,0.0016813594972379664,4,scar,v4_patient_level_refold
PRISM_EDEMA_REFINER,P1_scar_vs_normal_myocardium,logistic_regression,127,32,64,16,PASS,0.97265625,0.977046130952381,0.9375,0.9375,0.9375,0.03015762948927292,0,scar,v4_patient_level_refold
PRISM_EDEMA_REFINER,P1_scar_vs_normal_myocardium,logistic_regression,128,31,64,16,PASS,0.9375,0.9207627179608604,0.9020833333333333,0.8666666666666667,0.9375,0.005170740208729041,1,scar,v4_patient_level_refold
PRISM_EDEMA_REFINER,P1_scar_vs_normal_myocardium,logistic_regression,127,32,64,16,PASS,0.9765625,0.9812127976190477,0.875,0.9375,0.8125,0.045665780366376474,2,scar,v4_patient_level_refold
PRISM_EDEMA_REFINER,P1_scar_vs_normal_myocardium,logistic_regression,127,32,64,16,PASS,0.97265625,0.9734258286647993,0.84375,0.8125,0.875,0.025912585889562245,3,scar,v4_patient_level_refold
PRISM_EDEMA_REFINER,P1_scar_vs_normal_myocardium,logistic_regression,127,32,64,16,PASS,0.8984375,0.9020238544135604,0.84375,0.8125,0.875,0.04891916071779323,4,scar,v4_patient_level_refold
PRISM_EDEMA_REFINER,P2_nnunet_scar_FN_vs_true_negative,logistic_regression,127,32,64,16,PASS,0.9921875,0.9924172794117647,0.9375,0.9375,0.9375,0.020684375270766386,0,scar,v4_patient_level_refold
PRISM_EDEMA_REFINER,P2_nnunet_scar_FN_vs_true_negative,logistic_regression,128,31,64,16,PASS,0.9041666666666667,0.8635027788975158,0.8354166666666667,0.7333333333333333,0.9375,0.0480307915410651,1,scar,v4_patient_level_refold
PRISM_EDEMA_REFINER,P2_nnunet_scar_FN_vs_true_negative,logistic_regression,127,32,64,16,PASS,0.96875,0.9725818452380952,0.90625,0.875,0.9375,0.015214313058046769,2,scar,v4_patient_level_refold
PRISM_EDEMA_REFINER,P2_nnunet_scar_FN_vs_true_negative,logistic_regression,127,32,64,16,PASS,0.984375,0.9837863270308124,0.875,0.75,1.0,0.08751291768374597,3,scar,v4_patient_level_refold
PRISM_EDEMA_REFINER,P2_nnunet_scar_FN_vs_true_negative,logistic_regression,127,32,64,16,PASS,0.9453125,0.9458917920314979,0.84375,0.875,0.8125,0.013284743984932845,4,scar,v4_patient_level_refold
PRISM_EDEMA_REFINER,P3_nnunet_scar_FP_vs_true_negative,logistic_regression,128,32,64,16,PASS,0.92578125,0.9526041666666667,0.875,0.875,0.875,0.0156298657482708,0,scar,v4_patient_level_refold
PRISM_EDEMA_REFINER,P3_nnunet_scar_FP_vs_true_negative,logistic_regression,128,32,64,16,PASS,0.96875,0.9715161064425771,0.90625,0.875,0.9375,0.022046191109832525,1,scar,v4_patient_level_refold
PRISM_EDEMA_REFINER,P3_nnunet_scar_FP_vs_true_negative,logistic_regression,128,32,64,16,PASS,0.984375,0.9862253289473684,0.9375,0.9375,0.9375,0.012223481484471055,2,scar,v4_patient_level_refold
PRISM_EDEMA_REFINER,P3_nnunet_scar_FP_vs_true_negative,logistic_regression,128,32,64,16,PASS,0.99609375,0.9963235294117647,0.96875,1.0,0.9375,0.007438366853493417,3,scar,v4_patient_level_refold
PRISM_EDEMA_REFINER,P3_nnunet_scar_FP_vs_true_negative,logistic_regression,128,32,64,16,PASS,0.9921875,0.9930555555555556,0.90625,1.0,0.8125,0.07384842143975134,4,scar,v4_patient_level_refold
PRISM_EDEMA_REFINER,P4_pure_edema_vs_normal_myocardium,logistic_regression,128,32,64,16,PASS,0.9140625,0.931126910531419,0.78125,0.75,0.8125,0.012806784210918187,0,pure_edema,v4_patient_level_refold
PRISM_EDEMA_REFINER,P4_pure_edema_vs_normal_myocardium,logistic_regression,128,32,64,16,PASS,0.9609375,0.9669706518971225,0.875,0.9375,0.8125,0.058644590679926445,1,pure_edema,v4_patient_level_refold
PRISM_EDEMA_REFINER,P4_pure_edema_vs_normal_myocardium,logistic_regression,128,32,64,16,PASS,0.90625,0.9214185049019608,0.75,0.6875,0.8125,0.02191861547019025,2,pure_edema,v4_patient_level_refold
PRISM_EDEMA_REFINER,P4_pure_edema_vs_normal_myocardium,logistic_regression,128,32,64,16,PASS,0.9296875,0.940299630924631,0.8125,0.75,0.875,0.03428203846501182,3,pure_edema,v4_patient_level_refold
PRISM_EDEMA_REFINER,P4_pure_edema_vs_normal_myocardium,logistic_regression,128,32,64,16,PASS,0.9453125,0.9543817214440784,0.84375,0.875,0.8125,0.04694242037220553,4,pure_edema,v4_patient_level_refold
PRISM_EDEMA_REFINER,P5_nnunet_pure_edema_FN,logistic_regression,128,32,64,16,PASS,0.91015625,0.918331755050505,0.8125,0.8125,0.8125,0.014138377682952674,0,pure_edema,v4_patient_level_refold
PRISM_EDEMA_REFINER,P5_nnunet_pure_edema_FN,logistic_regression,128,32,64,16,PASS,0.86328125,0.8877743783993783,0.875,0.8125,0.9375,0.032216988850153394,1,pure_edema,v4_patient_level_refold
PRISM_EDEMA_REFINER,P5_nnunet_pure_edema_FN,logistic_regression,128,32,64,16,PASS,0.91796875,0.9309599665685192,0.875,0.875,0.875,0.009381572452833331,2,pure_edema,v4_patient_level_refold
PRISM_EDEMA_REFINER,P5_nnunet_pure_edema_FN,logistic_regression,128,32,64,16,PASS,0.91015625,0.9221280557677616,0.84375,0.875,0.8125,0.017050647270616337,3,pure_edema,v4_patient_level_refold
PRISM_EDEMA_REFINER,P5_nnunet_pure_edema_FN,logistic_regression,128,32,64,16,PASS,0.93359375,0.9343307733932734,0.875,0.9375,0.8125,0.06250863974356702,4,pure_edema,v4_patient_level_refold
PRISM_EDEMA_REFINER,P6_nnunet_pure_edema_FP,logistic_regression,128,32,64,16,PASS,0.97265625,0.9741476853899455,0.875,0.8125,0.9375,0.01818741140499258,0,pure_edema,v4_patient_level_refold
PRISM_EDEMA_REFINER,P6_nnunet_pure_edema_FP,logistic_regression,128,32,64,16,PASS,0.90625,0.8964109184897228,0.875,0.8125,0.9375,0.02760201514874333,1,pure_edema,v4_patient_level_refold
PRISM_EDEMA_REFINER,P6_nnunet_pure_edema_FP,logistic_regression,128,32,64,16,PASS,0.98046875,0.9820586622807017,0.9375,0.9375,0.9375,0.03391043751901285,2,pure_edema,v4_patient_level_refold
PRISM_EDEMA_REFINER,P6_nnunet_pure_edema_FP,logistic_regression,128,32,64,16,PASS,0.96484375,0.9686855005159958,0.84375,0.8125,0.875,0.01636399272776179,3,pure_edema,v4_patient_level_refold
PRISM_EDEMA_REFINER,P6_nnunet_pure_edema_FP,logistic_regression,128,32,64,16,PASS,0.96484375,0.9656941597489198,0.90625,1.0,0.8125,0.06667595912820201,4,pure_edema,v4_patient_level_refold
PRISM_EDEMA_REFINER,P7_small_scar_vs_normal_myocardium,logistic_regression,77,17,64,16,PASS,1.0,1.0,1.0,1.0,1.0,0.036663695002136926,0,scar,v4_patient_level_refold
PRISM_EDEMA_REFINER,P7_small_scar_vs_normal_myocardium,logistic_regression,75,19,64,16,PASS,0.9791666666666666,0.9166666666666665,0.8020833333333333,0.6666666666666666,0.9375,0.01867550249022884,1,scar,v4_patient_level_refold
PRISM_EDEMA_REFINER,P7_small_scar_vs_normal_myocardium,logistic_regression,77,17,64,16,PASS,1.0,1.0,1.0,1.0,1.0,0.028602212866332577,2,scar,v4_patient_level_refold
PRISM_EDEMA_REFINER,P7_small_scar_vs_normal_myocardium,logistic_regression,73,21,64,16,PASS,0.6375,0.5838235294117646,0.7,0.4,1.0,0.1390111990991405,3,scar,v4_patient_level_refold
PRISM_EDEMA_REFINER,P7_small_scar_vs_normal_myocardium,logistic_regression,74,20,64,16,PASS,0.984375,0.95,0.96875,1.0,0.9375,0.05651966865642072,4,scar,v4_patient_level_refold
PRISM_EDEMA_REFINER,P8_boundary_scar_vs_non_scar_myocardium,logistic_regression,127,32,64,16,PASS,0.97265625,0.977046130952381,0.9375,0.9375,0.9375,0.03015762948927292,0,scar,v4_patient_level_refold
PRISM_EDEMA_REFINER,P8_boundary_scar_vs_non_scar_myocardium,logistic_regression,128,31,64,16,PASS,0.9375,0.9207627179608604,0.9020833333333333,0.8666666666666667,0.9375,0.005170740208729041,1,scar,v4_patient_level_refold
PRISM_EDEMA_REFINER,P8_boundary_scar_vs_non_scar_myocardium,logistic_regression,127,32,64,16,PASS,0.9765625,0.9812127976190477,0.875,0.9375,0.8125,0.045665780366376474,2,scar,v4_patient_level_refold
PRISM_EDEMA_REFINER,P8_boundary_scar_vs_non_scar_myocardium,logistic_regression,127,32,64,16,PASS,0.97265625,0.9734258286647993,0.84375,0.8125,0.875,0.025912585889562245,3,scar,v4_patient_level_refold
PRISM_EDEMA_REFINER,P8_boundary_scar_vs_non_scar_myocardium,logistic_regression,127,32,64,16,PASS,0.8984375,0.9020238544135604,0.84375,0.8125,0.875,0.04891916071779323,4,scar,v4_patient_level_refold
PRISM_EDEMA_ROUTED_L0,P1_scar_vs_normal_myocardium,logistic_regression,127,32,64,16,PASS,0.98046875,0.9827786377708978,0.875,0.875,0.875,0.001666579616671493,0,scar,v4_patient_level_refold
PRISM_EDEMA_ROUTED_L0,P1_scar_vs_normal_myocardium,logistic_regression,128,31,64,16,PASS,0.9916666666666667,0.9921568627450981,0.9333333333333333,0.8666666666666667,1.0,0.06596543028651441,1,scar,v4_patient_level_refold
PRISM_EDEMA_ROUTED_L0,P1_scar_vs_normal_myocardium,logistic_regression,127,32,64,16,PASS,0.98828125,0.9901315789473684,0.90625,0.9375,0.875,0.036935455797155625,2,scar,v4_patient_level_refold
PRISM_EDEMA_ROUTED_L0,P1_scar_vs_normal_myocardium,logistic_regression,127,32,64,16,PASS,0.95703125,0.9599988553113553,0.875,0.875,0.875,0.012010584069788721,3,scar,v4_patient_level_refold
PRISM_EDEMA_ROUTED_L0,P1_scar_vs_normal_myocardium,logistic_regression,127,32,64,16,PASS,0.95703125,0.9591191284205991,0.875,0.8125,0.9375,0.054519100023000644,4,scar,v4_patient_level_refold
PRISM_EDEMA_ROUTED_L0,P2_nnunet_scar_FN_vs_true_negative,logistic_regression,127,32,64,16,PASS,0.99609375,0.9963235294117647,0.96875,0.9375,1.0,0.024004103370959484,0,scar,v4_patient_level_refold
PRISM_EDEMA_ROUTED_L0,P2_nnunet_scar_FN_vs_true_negative,logistic_regression,128,31,64,16,PASS,0.9916666666666667,0.9921568627450981,0.9666666666666667,0.9333333333333333,1.0,0.06371219628439406,1,scar,v4_patient_level_refold
PRISM_EDEMA_ROUTED_L0,P2_nnunet_scar_FN_vs_true_negative,logistic_regression,127,32,64,16,PASS,0.96484375,0.9775,0.9375,0.9375,0.9375,0.02361045524330252,2,scar,v4_patient_level_refold
PRISM_EDEMA_ROUTED_L0,P2_nnunet_scar_FN_vs_true_negative,logistic_regression,127,32,64,16,PASS,0.95703125,0.96875,0.90625,0.875,0.9375,0.008874305442054586,3,scar,v4_patient_level_refold
PRISM_EDEMA_ROUTED_L0,P2_nnunet_scar_FN_vs_true_negative,logistic_regression,127,32,64,16,PASS,0.95703125,0.9624255952380953,0.84375,0.8125,0.875,0.03932418220286793,4,scar,v4_patient_level_refold
PRISM_EDEMA_ROUTED_L0,P3_nnunet_scar_FP_vs_true_negative,logistic_regression,128,32,64,16,PASS,0.96484375,0.9775,0.96875,0.9375,1.0,0.0344272828997203,0,scar,v4_patient_level_refold
PRISM_EDEMA_ROUTED_L0,P3_nnunet_scar_FP_vs_true_negative,logistic_regression,128,32,64,16,PASS,1.0,1.0,0.96875,0.9375,1.0,0.05543108772809707,1,scar,v4_patient_level_refold
PRISM_EDEMA_ROUTED_L0,P3_nnunet_scar_FP_vs_true_negative,logistic_regression,128,32,64,16,PASS,0.99609375,0.9963235294117647,0.96875,0.9375,1.0,0.007865862838612292,2,scar,v4_patient_level_refold
PRISM_EDEMA_ROUTED_L0,P3_nnunet_scar_FP_vs_true_negative,logistic_regression,128,32,64,16,PASS,1.0,1.0,0.96875,0.9375,1.0,0.009514524807329228,3,scar,v4_patient_level_refold
PRISM_EDEMA_ROUTED_L0,P3_nnunet_scar_FP_vs_true_negative,logistic_regression,128,32,64,16,PASS,0.97265625,0.9770833333333333,0.875,0.875,0.875,0.011832903158272234,4,scar,v4_patient_level_refold
PRISM_EDEMA_ROUTED_L0,P4_pure_edema_vs_normal_myocardium,logistic_regression,128,32,64,16,PASS,0.9609375,0.9584498415671017,0.90625,0.875,0.9375,0.025350368922567756,0,pure_edema,v4_patient_level_refold
PRISM_EDEMA_ROUTED_L0,P4_pure_edema_vs_normal_myocardium,logistic_regression,128,32,64,16,PASS,0.9765625,0.9829545454545454,0.875,0.75,1.0,0.10048796434799168,1,pure_edema,v4_patient_level_refold
PRISM_EDEMA_ROUTED_L0,P4_pure_edema_vs_normal_myocardium,logistic_regression,128,32,64,16,PASS,0.96875,0.9735994397759105,0.90625,0.9375,0.875,0.028482665712272093,2,pure_edema,v4_patient_level_refold
PRISM_EDEMA_ROUTED_L0,P4_pure_edema_vs_normal_myocardium,logistic_regression,128,32,64,16,PASS,0.9921875,0.9930555555555556,0.90625,0.9375,0.875,0.014847650586565786,3,pure_edema,v4_patient_level_refold
PRISM_EDEMA_ROUTED_L0,P4_pure_edema_vs_normal_myocardium,logistic_regression,128,32,64,16,PASS,1.0,1.0,0.9375,1.0,0.875,0.04412733082934672,4,pure_edema,v4_patient_level_refold
PRISM_EDEMA_ROUTED_L0,P5_nnunet_pure_edema_FN,logistic_regression,128,32,64,16,PASS,0.96484375,0.9677741529304029,0.90625,0.9375,0.875,0.01862121710611786,0,pure_edema,v4_patient_level_refold
PRISM_EDEMA_ROUTED_L0,P5_nnunet_pure_edema_FN,logistic_regression,128,32,64,16,PASS,0.9765625,0.9786119711042311,0.84375,0.6875,1.0,0.13368417903760732,1,pure_edema,v4_patient_level_refold
PRISM_EDEMA_ROUTED_L0,P5_nnunet_pure_edema_FN,logistic_regression,128,32,64,16,PASS,0.95703125,0.9678203661327232,0.875,0.875,0.875,0.020396949263900732,2,pure_edema,v4_patient_level_refold
PRISM_EDEMA_ROUTED_L0,P5_nnunet_pure_edema_FN,logistic_regression,128,32,64,16,PASS,0.99609375,0.9963235294117647,0.96875,1.0,0.9375,0.02701270769124897,3,pure_edema,v4_patient_level_refold
PRISM_EDEMA_ROUTED_L0,P5_nnunet_pure_edema_FN,logistic_regression,128,32,64,16,PASS,0.9765625,0.9794270833333334,0.90625,0.9375,0.875,0.035415022987522415,4,pure_edema,v4_patient_level_refold
PRISM_EDEMA_ROUTED_L0,P6_nnunet_pure_edema_FP,logistic_regression,128,32,64,16,PASS,0.984375,0.985702614379085,0.9375,0.875,1.0,0.032804579704586,0,pure_edema,v4_patient_level_refold
PRISM_EDEMA_ROUTED_L0,P6_nnunet_pure_edema_FP,logistic_regression,128,32,64,16,PASS,0.9921875,0.9930555555555556,0.9375,0.875,1.0,0.0914660957401246,1,pure_edema,v4_patient_level_refold
PRISM_EDEMA_ROUTED_L0,P6_nnunet_pure_edema_FP,logistic_regression,128,32,64,16,PASS,0.9921875,0.9930555555555556,0.90625,1.0,0.8125,0.06863183688212726,2,pure_edema,v4_patient_level_refold
PRISM_EDEMA_ROUTED_L0,P6_nnunet_pure_edema_FP,logistic_regression,128,32,64,16,PASS,0.984375,0.9862253289473684,0.9375,0.9375,0.9375,0.0028150433662362806,3,pure_edema,v4_patient_level_refold
PRISM_EDEMA_ROUTED_L0,P6_nnunet_pure_edema_FP,logistic_regression,128,32,64,16,PASS,0.9609375,0.9654893207282913,0.90625,0.9375,0.875,0.029223526855720383,4,pure_edema,v4_patient_level_refold
PRISM_EDEMA_ROUTED_L0,P7_small_scar_vs_normal_myocardium,logistic_regression,77,17,64,16,PASS,1.0,1.0,1.0,1.0,1.0,0.0044011384581211024,0,scar,v4_patient_level_refold
PRISM_EDEMA_ROUTED_L0,P7_small_scar_vs_normal_myocardium,logistic_regression,75,19,64,16,PASS,0.9791666666666666,0.9166666666666665,0.8020833333333333,0.6666666666666666,0.9375,0.029801620502381193,1,scar,v4_patient_level_refold
PRISM_EDEMA_ROUTED_L0,P7_small_scar_vs_normal_myocardium,logistic_regression,77,17,64,16,PASS,1.0,1.0,1.0,1.0,1.0,0.02476739246688686,2,scar,v4_patient_level_refold
PRISM_EDEMA_ROUTED_L0,P7_small_scar_vs_normal_myocardium,logistic_regression,73,21,64,16,PASS,0.925,0.8392857142857142,0.7,0.4,1.0,0.11099128194555341,3,scar,v4_patient_level_refold
PRISM_EDEMA_ROUTED_L0,P7_small_scar_vs_normal_myocardium,logistic_regression,74,20,64,16,PASS,1.0,1.0,1.0,1.0,1.0,0.005727714369036574,4,scar,v4_patient_level_refold
PRISM_EDEMA_ROUTED_L0,P8_boundary_scar_vs_non_scar_myocardium,logistic_regression,127,32,64,16,PASS,0.98046875,0.9827786377708978,0.875,0.875,0.875,0.001666579616671493,0,scar,v4_patient_level_refold
PRISM_EDEMA_ROUTED_L0,P8_boundary_scar_vs_non_scar_myocardium,logistic_regression,128,31,64,16,PASS,0.9916666666666667,0.9921568627450981,0.9333333333333333,0.8666666666666667,1.0,0.06596543028651441,1,scar,v4_patient_level_refold
PRISM_EDEMA_ROUTED_L0,P8_boundary_scar_vs_non_scar_myocardium,logistic_regression,127,32,64,16,PASS,0.98828125,0.9901315789473684,0.90625,0.9375,0.875,0.036935455797155625,2,scar,v4_patient_level_refold
PRISM_EDEMA_ROUTED_L0,P8_boundary_scar_vs_non_scar_myocardium,logistic_regression,127,32,64,16,PASS,0.95703125,0.9599988553113553,0.875,0.875,0.875,0.012010584069788721,3,scar,v4_patient_level_refold
PRISM_EDEMA_ROUTED_L0,P8_boundary_scar_vs_non_scar_myocardium,logistic_regression,127,32,64,16,PASS,0.95703125,0.9591191284205991,0.875,0.8125,0.9375,0.054519100023000644,4,scar,v4_patient_level_refold
PRISM_EDEMA_ROUTED_L1,P1_scar_vs_normal_myocardium,logistic_regression,127,32,64,16,PASS,0.98828125,0.9891493055555556,0.9375,0.9375,0.9375,0.013841415457903516,0,scar,v4_patient_level_refold
PRISM_EDEMA_ROUTED_L1,P1_scar_vs_normal_myocardium,logistic_regression,128,31,64,16,PASS,0.975,0.9771241830065358,0.9020833333333333,0.8666666666666667,0.9375,0.002377174783738001,1,scar,v4_patient_level_refold
PRISM_EDEMA_ROUTED_L1,P1_scar_vs_normal_myocardium,logistic_regression,127,32,64,16,PASS,0.9921875,0.9924172794117647,0.96875,1.0,0.9375,0.010266877835806931,2,scar,v4_patient_level_refold
PRISM_EDEMA_ROUTED_L1,P1_scar_vs_normal_myocardium,logistic_regression,127,32,64,16,PASS,0.95703125,0.9438135649073149,0.90625,0.9375,0.875,0.03809433278268415,3,scar,v4_patient_level_refold
PRISM_EDEMA_ROUTED_L1,P1_scar_vs_normal_myocardium,logistic_regression,127,32,64,16,PASS,0.9921875,0.9930555555555556,0.90625,0.8125,1.0,0.06462908161368686,4,scar,v4_patient_level_refold
PRISM_EDEMA_ROUTED_L1,P2_nnunet_scar_FN_vs_true_negative,logistic_regression,126,32,64,16,PASS,1.0,1.0,1.0,1.0,1.0,0.0011052458052718261,0,scar,v4_patient_level_refold
PRISM_EDEMA_ROUTED_L1,P2_nnunet_scar_FN_vs_true_negative,logistic_regression,127,31,64,16,PASS,0.9833333333333334,0.9838235294117645,0.9333333333333333,0.8666666666666667,1.0,0.030346298644109204,1,scar,v4_patient_level_refold
PRISM_EDEMA_ROUTED_L1,P2_nnunet_scar_FN_vs_true_negative,logistic_regression,126,32,64,16,PASS,0.99609375,0.9963235294117647,0.96875,0.9375,1.0,0.021740255662708763,2,scar,v4_patient_level_refold
PRISM_EDEMA_ROUTED_L1,P2_nnunet_scar_FN_vs_true_negative,logistic_regression,126,32,64,16,PASS,0.97265625,0.9705023275335776,0.90625,0.9375,0.875,0.03246039409519419,3,scar,v4_patient_level_refold
PRISM_EDEMA_ROUTED_L1,P2_nnunet_scar_FN_vs_true_negative,logistic_regression,127,31,64,16,PASS,1.0,1.0,1.0,1.0,1.0,0.012902343853206877,4,scar,v4_patient_level_refold
PRISM_EDEMA_ROUTED_L1,P3_nnunet_scar_FP_vs_true_negative,logistic_regression,127,32,64,16,PASS,0.99609375,0.9963235294117647,0.96875,0.9375,1.0,0.030384613177331654,0,scar,v4_patient_level_refold
PRISM_EDEMA_ROUTED_L1,P3_nnunet_scar_FP_vs_true_negative,logistic_regression,127,32,64,16,PASS,1.0,1.0,1.0,1.0,1.0,0.002998045432590968,1,scar,v4_patient_level_refold
PRISM_EDEMA_ROUTED_L1,P3_nnunet_scar_FP_vs_true_negative,logistic_regression,128,31,64,16,PASS,1.0,1.0,0.9666666666666667,0.9333333333333333,1.0,0.02400679845001913,2,scar,v4_patient_level_refold
PRISM_EDEMA_ROUTED_L1,P3_nnunet_scar_FP_vs_true_negative,logistic_regression,127,32,64,16,PASS,0.99609375,0.9963235294117647,0.9375,1.0,0.875,0.052120362036858436,3,scar,v4_patient_level_refold
PRISM_EDEMA_ROUTED_L1,P3_nnunet_scar_FP_vs_true_negative,logistic_regression,127,32,64,16,PASS,1.0,1.0,1.0,1.0,1.0,0.0021695698728819157,4,scar,v4_patient_level_refold
PRISM_EDEMA_ROUTED_L1,P4_pure_edema_vs_normal_myocardium,logistic_regression,128,32,64,16,PASS,0.96484375,0.9613738181752888,0.875,0.875,0.875,0.012178516646496829,0,pure_edema,v4_patient_level_refold
PRISM_EDEMA_ROUTED_L1,P4_pure_edema_vs_normal_myocardium,logistic_regression,128,32,64,16,PASS,0.95703125,0.9666294642857143,0.90625,0.875,0.9375,0.026740873447455404,1,pure_edema,v4_patient_level_refold
PRISM_EDEMA_ROUTED_L1,P4_pure_edema_vs_normal_myocardium,logistic_regression,128,32,64,16,PASS,0.94921875,0.9644419306184012,0.90625,0.875,0.9375,0.028747674729879658,2,pure_edema,v4_patient_level_refold
PRISM_EDEMA_ROUTED_L1,P4_pure_edema_vs_normal_myocardium,logistic_regression,128,32,64,16,PASS,0.9453125,0.9377405161702762,0.90625,0.9375,0.875,0.027280413316723484,3,pure_edema,v4_patient_level_refold
PRISM_EDEMA_ROUTED_L1,P4_pure_edema_vs_normal_myocardium,logistic_regression,128,32,64,16,PASS,0.9609375,0.9660539215686275,0.84375,0.875,0.8125,0.0066664240650973206,4,pure_edema,v4_patient_level_refold
PRISM_EDEMA_ROUTED_L1,P5_nnunet_pure_edema_FN,logistic_regression,128,32,64,16,PASS,0.96484375,0.9618965327435722,0.9375,0.9375,0.9375,0.013652251880406308,0,pure_edema,v4_patient_level_refold
PRISM_EDEMA_ROUTED_L1,P5_nnunet_pure_edema_FN,logistic_regression,128,32,64,16,PASS,0.9921875,0.9924172794117647,0.90625,0.875,0.9375,0.035400215256991385,1,pure_edema,v4_patient_level_refold
PRISM_EDEMA_ROUTED_L1,P5_nnunet_pure_edema_FN,logistic_regression,128,32,64,16,PASS,0.95703125,0.9701470588235295,0.90625,0.875,0.9375,0.04334815067789349,2,pure_edema,v4_patient_level_refold
PRISM_EDEMA_ROUTED_L1,P5_nnunet_pure_edema_FN,logistic_regression,128,32,64,16,PASS,0.96484375,0.9613738181752888,0.9375,1.0,0.875,0.045945461765133144,3,pure_edema,v4_patient_level_refold
PRISM_EDEMA_ROUTED_L1,P5_nnunet_pure_edema_FN,logistic_regression,128,32,64,16,PASS,0.97265625,0.9777661064425771,0.9375,0.875,1.0,0.0414951563151586,4,pure_edema,v4_patient_level_refold
PRISM_EDEMA_ROUTED_L1,P6_nnunet_pure_edema_FP,logistic_regression,128,32,64,16,PASS,1.0,1.0,1.0,1.0,1.0,0.009173413388285534,0,pure_edema,v4_patient_level_refold
PRISM_EDEMA_ROUTED_L1,P6_nnunet_pure_edema_FP,logistic_regression,128,32,64,16,PASS,1.0,1.0,1.0,1.0,1.0,0.004427408144049794,1,pure_edema,v4_patient_level_refold
PRISM_EDEMA_ROUTED_L1,P6_nnunet_pure_edema_FP,logistic_regression,128,32,64,16,PASS,1.0,1.0,0.96875,1.0,0.9375,0.004704489346234464,2,pure_edema,v4_patient_level_refold
PRISM_EDEMA_ROUTED_L1,P6_nnunet_pure_edema_FP,logistic_regression,128,32,64,16,PASS,0.98046875,0.9805183531746032,0.9375,0.9375,0.9375,0.009457264544201482,3,pure_edema,v4_patient_level_refold
PRISM_EDEMA_ROUTED_L1,P6_nnunet_pure_edema_FP,logistic_regression,128,32,64,16,PASS,1.0,1.0,1.0,1.0,1.0,0.0033947767798951922,4,pure_edema,v4_patient_level_refold
PRISM_EDEMA_ROUTED_L1,P7_small_scar_vs_normal_myocardium,logistic_regression,77,17,64,16,PASS,1.0,1.0,1.0,1.0,1.0,0.005721640168342326,0,scar,v4_patient_level_refold
PRISM_EDEMA_ROUTED_L1,P7_small_scar_vs_normal_myocardium,logistic_regression,75,19,64,16,PASS,0.9583333333333334,0.8055555555555556,0.8020833333333333,0.6666666666666666,0.9375,0.028550635823489184,1,scar,v4_patient_level_refold
PRISM_EDEMA_ROUTED_L1,P7_small_scar_vs_normal_myocardium,logistic_regression,77,17,64,16,PASS,1.0,1.0,1.0,1.0,1.0,0.010928576413372748,2,scar,v4_patient_level_refold
PRISM_EDEMA_ROUTED_L1,P7_small_scar_vs_normal_myocardium,logistic_regression,73,21,64,16,PASS,0.975,0.9266666666666665,0.96875,1.0,0.9375,0.04189196764550274,3,scar,v4_patient_level_refold
PRISM_EDEMA_ROUTED_L1,P7_small_scar_vs_normal_myocardium,logistic_regression,74,20,64,16,PASS,1.0,1.0,0.75,0.5,1.0,0.10682590938535122,4,scar,v4_patient_level_refold
PRISM_EDEMA_ROUTED_L1,P8_boundary_scar_vs_non_scar_myocardium,logistic_regression,127,32,64,16,PASS,0.98828125,0.9891493055555556,0.9375,0.9375,0.9375,0.013841415457903516,0,scar,v4_patient_level_refold
PRISM_EDEMA_ROUTED_L1,P8_boundary_scar_vs_non_scar_myocardium,logistic_regression,128,31,64,16,PASS,0.975,0.9771241830065358,0.9020833333333333,0.8666666666666667,0.9375,0.002377174783738001,1,scar,v4_patient_level_refold
PRISM_EDEMA_ROUTED_L1,P8_boundary_scar_vs_non_scar_myocardium,logistic_regression,127,32,64,16,PASS,0.9921875,0.9924172794117647,0.96875,1.0,0.9375,0.010266877835806931,2,scar,v4_patient_level_refold
PRISM_EDEMA_ROUTED_L1,P8_boundary_scar_vs_non_scar_myocardium,logistic_regression,127,32,64,16,PASS,0.95703125,0.9438135649073149,0.90625,0.9375,0.875,0.03809433278268415,3,scar,v4_patient_level_refold
PRISM_EDEMA_ROUTED_L1,P8_boundary_scar_vs_non_scar_myocardium,logistic_regression,127,32,64,16,PASS,0.9921875,0.9930555555555556,0.90625,0.8125,1.0,0.06462908161368686,4,scar,v4_patient_level_refold
PRISM_EDEMA_ROUTED_L2,P1_scar_vs_normal_myocardium,logistic_regression,127,32,64,16,PASS,0.98828125,0.9891493055555556,0.9375,0.9375,0.9375,0.007827372028552437,0,scar,v4_patient_level_refold
PRISM_EDEMA_ROUTED_L2,P1_scar_vs_normal_myocardium,logistic_regression,128,31,64,16,PASS,0.9708333333333333,0.9698064353946707,0.9041666666666667,0.9333333333333333,0.875,0.00549285438321484,1,scar,v4_patient_level_refold
PRISM_EDEMA_ROUTED_L2,P1_scar_vs_normal_myocardium,logistic_regression,127,32,64,16,PASS,0.9765625,0.9737703013897867,0.9375,0.9375,0.9375,0.018199556191900557,2,scar,v4_patient_level_refold
PRISM_EDEMA_ROUTED_L2,P1_scar_vs_normal_myocardium,logistic_regression,127,32,64,16,PASS,0.95703125,0.9481793737308444,0.9375,1.0,0.875,0.059619345398130186,3,scar,v4_patient_level_refold
PRISM_EDEMA_ROUTED_L2,P1_scar_vs_normal_myocardium,logistic_regression,127,32,64,16,PASS,0.94921875,0.9478712351245246,0.84375,0.75,0.9375,0.0890528480208006,4,scar,v4_patient_level_refold
PRISM_EDEMA_ROUTED_L2,P2_nnunet_scar_FN_vs_true_negative,logistic_regression,126,32,64,16,PASS,0.9921875,0.9930555555555556,0.96875,0.9375,1.0,0.02606505243302637,0,scar,v4_patient_level_refold
PRISM_EDEMA_ROUTED_L2,P2_nnunet_scar_FN_vs_true_negative,logistic_regression,127,31,64,16,PASS,0.9875,0.9866269841269841,0.9354166666666667,0.9333333333333333,0.9375,0.017246658602822706,1,scar,v4_patient_level_refold
PRISM_EDEMA_ROUTED_L2,P2_nnunet_scar_FN_vs_true_negative,logistic_regression,126,32,64,16,PASS,0.9921875,0.9924172794117647,0.90625,0.875,0.9375,0.03928975987746175,2,scar,v4_patient_level_refold
PRISM_EDEMA_ROUTED_L2,P2_nnunet_scar_FN_vs_true_negative,logistic_regression,126,32,64,16,PASS,0.9765625,0.9757106608669109,0.9375,1.0,0.875,0.05371367678488681,3,scar,v4_patient_level_refold
PRISM_EDEMA_ROUTED_L2,P2_nnunet_scar_FN_vs_true_negative,logistic_regression,127,31,64,16,PASS,1.0,1.0,1.0,1.0,1.0,0.009361834123299217,4,scar,v4_patient_level_refold
PRISM_EDEMA_ROUTED_L2,P3_nnunet_scar_FP_vs_true_negative,logistic_regression,120,32,64,16,PASS,0.98828125,0.9901315789473684,0.96875,0.9375,1.0,0.02794455059474854,0,scar,v4_patient_level_refold
PRISM_EDEMA_ROUTED_L2,P3_nnunet_scar_FP_vs_true_negative,logistic_regression,123,29,64,16,PASS,1.0,0.9999999999999998,0.9615384615384616,0.9230769230769231,1.0,0.029384742858848623,1,scar,v4_patient_level_refold
PRISM_EDEMA_ROUTED_L2,P3_nnunet_scar_FP_vs_true_negative,logistic_regression,121,31,64,16,PASS,1.0,1.0,0.96875,1.0,0.9375,0.012697825117890305,2,scar,v4_patient_level_refold
PRISM_EDEMA_ROUTED_L2,P3_nnunet_scar_FP_vs_true_negative,logistic_regression,121,31,64,16,PASS,0.9791666666666666,0.9778223084105437,0.9354166666666667,0.9333333333333333,0.9375,0.014626129934833143,3,scar,v4_patient_level_refold
PRISM_EDEMA_ROUTED_L2,P3_nnunet_scar_FP_vs_true_negative,logistic_regression,123,29,64,16,PASS,1.0,0.9999999999999998,1.0,1.0,1.0,0.0019405909693234746,4,scar,v4_patient_level_refold
PRISM_EDEMA_ROUTED_L2,P4_pure_edema_vs_normal_myocardium,logistic_regression,128,32,64,16,PASS,0.96484375,0.9641316597489199,0.875,0.9375,0.8125,0.04605264331470038,0,pure_edema,v4_patient_level_refold
PRISM_EDEMA_ROUTED_L2,P4_pure_edema_vs_normal_myocardium,logistic_regression,128,32,64,16,PASS,0.90234375,0.9270915001178159,0.84375,0.75,0.9375,0.08048303290043368,1,pure_edema,v4_patient_level_refold
PRISM_EDEMA_ROUTED_L2,P4_pure_edema_vs_normal_myocardium,logistic_regression,128,32,64,16,PASS,0.953125,0.9592086834733893,0.875,0.75,1.0,0.11421623172516199,2,pure_edema,v4_patient_level_refold
PRISM_EDEMA_ROUTED_L2,P4_pure_edema_vs_normal_myocardium,logistic_regression,128,32,64,16,PASS,0.9453125,0.9277924689689396,0.9375,1.0,0.875,0.05112838475924386,3,pure_edema,v4_patient_level_refold
PRISM_EDEMA_ROUTED_L2,P4_pure_edema_vs_normal_myocardium,logistic_regression,128,32,64,16,PASS,0.90234375,0.8903168525338611,0.8125,0.75,0.875,0.043260316699246015,4,pure_edema,v4_patient_level_refold
PRISM_EDEMA_ROUTED_L2,P5_nnunet_pure_edema_FN,logistic_regression,128,32,64,16,PASS,0.98046875,0.9805183531746032,0.90625,0.9375,0.875,0.000751779550007603,0,pure_edema,v4_patient_level_refold
PRISM_EDEMA_ROUTED_L2,P5_nnunet_pure_edema_FN,logistic_regression,128,32,64,16,PASS,0.94140625,0.9596428571428572,0.90625,0.8125,1.0,0.07611717297078846,1,pure_edema,v4_patient_level_refold
PRISM_EDEMA_ROUTED_L2,P5_nnunet_pure_edema_FN,logistic_regression,128,32,64,16,PASS,0.94921875,0.960930735930736,0.875,0.8125,0.9375,0.072523709504551,2,pure_edema,v4_patient_level_refold
PRISM_EDEMA_ROUTED_L2,P5_nnunet_pure_edema_FN,logistic_regression,128,32,64,16,PASS,0.96875,0.9618384832079685,0.9375,1.0,0.875,0.049454746601327315,3,pure_edema,v4_patient_level_refold
PRISM_EDEMA_ROUTED_L2,P5_nnunet_pure_edema_FN,logistic_regression,128,32,64,16,PASS,0.96484375,0.9677741529304029,0.9375,0.9375,0.9375,0.0044473479548886585,4,pure_edema,v4_patient_level_refold
PRISM_EDEMA_ROUTED_L2,P6_nnunet_pure_edema_FP,logistic_regression,128,31,64,16,PASS,0.9958333333333333,0.9958333333333333,0.9333333333333333,0.8666666666666667,1.0,0.011743955647897597,0,pure_edema,v4_patient_level_refold
PRISM_EDEMA_ROUTED_L2,P6_nnunet_pure_edema_FP,logistic_regression,127,32,64,16,PASS,0.984375,0.9849826388888889,0.875,0.8125,0.9375,0.0594216715750881,1,pure_edema,v4_patient_level_refold
PRISM_EDEMA_ROUTED_L2,P6_nnunet_pure_edema_FP,logistic_regression,127,32,64,16,PASS,1.0,1.0,1.0,1.0,1.0,0.007144198960536086,2,pure_edema,v4_patient_level_refold
PRISM_EDEMA_ROUTED_L2,P6_nnunet_pure_edema_FP,logistic_regression,127,32,64,16,PASS,0.97265625,0.9680884832079686,0.9375,1.0,0.875,0.058321563283128874,3,pure_edema,v4_patient_level_refold
PRISM_EDEMA_ROUTED_L2,P6_nnunet_pure_edema_FP,logistic_regression,127,32,64,16,PASS,0.99609375,0.9963235294117647,0.96875,1.0,0.9375,0.015591371665064413,4,pure_edema,v4_patient_level_refold
PRISM_EDEMA_ROUTED_L2,P7_small_scar_vs_normal_myocardium,logistic_regression,77,17,64,16,PASS,1.0,1.0,1.0,1.0,1.0,0.016114778160755558,0,scar,v4_patient_level_refold
PRISM_EDEMA_ROUTED_L2,P7_small_scar_vs_normal_myocardium,logistic_regression,75,19,64,16,PASS,0.9791666666666666,0.9166666666666665,0.96875,1.0,0.9375,0.01401703548010233,1,scar,v4_patient_level_refold
PRISM_EDEMA_ROUTED_L2,P7_small_scar_vs_normal_myocardium,logistic_regression,77,17,64,16,PASS,0.8125,0.25,0.5,0.0,1.0,0.031855371842311596,2,scar,v4_patient_level_refold
PRISM_EDEMA_ROUTED_L2,P7_small_scar_vs_normal_myocardium,logistic_regression,73,21,64,16,PASS,0.9875,0.9666666666666666,0.96875,1.0,0.9375,0.0512522531637728,3,scar,v4_patient_level_refold
PRISM_EDEMA_ROUTED_L2,P7_small_scar_vs_normal_myocardium,logistic_regression,74,20,64,16,PASS,1.0,1.0,0.75,0.5,1.0,0.08078635261792964,4,scar,v4_patient_level_refold
PRISM_EDEMA_ROUTED_L2,P8_boundary_scar_vs_non_scar_myocardium,logistic_regression,127,32,64,16,PASS,0.98828125,0.9891493055555556,0.9375,0.9375,0.9375,0.007827372028552437,0,scar,v4_patient_level_refold
PRISM_EDEMA_ROUTED_L2,P8_boundary_scar_vs_non_scar_myocardium,logistic_regression,128,31,64,16,PASS,0.9708333333333333,0.9698064353946707,0.9041666666666667,0.9333333333333333,0.875,0.00549285438321484,1,scar,v4_patient_level_refold
PRISM_EDEMA_ROUTED_L2,P8_boundary_scar_vs_non_scar_myocardium,logistic_regression,127,32,64,16,PASS,0.9765625,0.9737703013897867,0.9375,0.9375,0.9375,0.018199556191900557,2,scar,v4_patient_level_refold
PRISM_EDEMA_ROUTED_L2,P8_boundary_scar_vs_non_scar_myocardium,logistic_regression,127,32,64,16,PASS,0.95703125,0.9481793737308444,0.9375,1.0,0.875,0.059619345398130186,3,scar,v4_patient_level_refold
PRISM_EDEMA_ROUTED_L2,P8_boundary_scar_vs_non_scar_myocardium,logistic_regression,127,32,64,16,PASS,0.94921875,0.9478712351245246,0.84375,0.75,0.9375,0.0890528480208006,4,scar,v4_patient_level_refold
PRISM_EDEMA_ROUTED_L3,P1_scar_vs_normal_myocardium,logistic_regression,127,32,64,16,PASS,0.91796875,0.939615036231884,0.84375,0.875,0.8125,0.009665060301872974,0,scar,v4_patient_level_refold
PRISM_EDEMA_ROUTED_L3,P1_scar_vs_normal_myocardium,logistic_regression,128,31,64,16,PASS,0.9666666666666667,0.9687426900584795,0.8708333333333333,0.8666666666666667,0.875,0.02627061778876083,1,scar,v4_patient_level_refold
PRISM_EDEMA_ROUTED_L3,P1_scar_vs_normal_myocardium,logistic_regression,127,32,64,16,PASS,0.88671875,0.8979360151694711,0.75,0.625,0.875,0.10263245107096125,2,scar,v4_patient_level_refold
PRISM_EDEMA_ROUTED_L3,P1_scar_vs_normal_myocardium,logistic_regression,127,32,64,16,PASS,0.90234375,0.8937228215648301,0.8125,0.875,0.75,0.07958294340068406,3,scar,v4_patient_level_refold
PRISM_EDEMA_ROUTED_L3,P1_scar_vs_normal_myocardium,logistic_regression,127,32,64,16,PASS,0.84765625,0.8837144473173886,0.71875,0.5625,0.875,0.15218163368163656,4,scar,v4_patient_level_refold
PRISM_EDEMA_ROUTED_L3,P2_nnunet_scar_FN_vs_true_negative,logistic_regression,117,27,64,16,PASS,0.9602272727272727,0.9646464646464648,0.9232954545454546,0.9090909090909091,0.9375,0.009743853707571859,0,scar,v4_patient_level_refold
PRISM_EDEMA_ROUTED_L3,P2_nnunet_scar_FN_vs_true_negative,logistic_regression,116,28,64,16,PASS,1.0,1.0,0.96875,1.0,0.9375,0.06219108967797071,1,scar,v4_patient_level_refold
PRISM_EDEMA_ROUTED_L3,P2_nnunet_scar_FN_vs_true_negative,logistic_regression,114,30,64,16,PASS,0.96875,0.9716791979949873,0.8660714285714286,0.8571428571428571,0.875,0.0395003787430499,2,scar,v4_patient_level_refold
PRISM_EDEMA_ROUTED_L3,P2_nnunet_scar_FN_vs_true_negative,logistic_regression,115,29,64,16,PASS,0.9375000000000001,0.9524161735700194,0.8677884615384616,0.9230769230769231,0.8125,0.04836516399974,3,scar,v4_patient_level_refold
PRISM_EDEMA_ROUTED_L3,P2_nnunet_scar_FN_vs_true_negative,logistic_regression,114,30,64,16,PASS,0.9732142857142857,0.9746031746031745,0.8928571428571428,0.7857142857142857,1.0,0.11731357549957605,4,scar,v4_patient_level_refold
PRISM_EDEMA_ROUTED_L3,P3_nnunet_scar_FP_vs_true_negative,logistic_regression,98,27,64,16,PASS,0.9545454545454546,0.9617224880382775,0.9090909090909092,0.8181818181818182,1.0,0.06418737283773784,0,scar,v4_patient_level_refold
PRISM_EDEMA_ROUTED_L3,P3_nnunet_scar_FP_vs_true_negative,logistic_regression,102,23,64,16,PASS,0.8571428571428571,0.8445378151260503,0.8571428571428572,0.7142857142857143,1.0,0.08116585122672834,1,scar,v4_patient_level_refold
PRISM_EDEMA_ROUTED_L3,P3_nnunet_scar_FP_vs_true_negative,logistic_regression,99,26,64,16,PASS,0.8875000000000001,0.8998737373737373,0.81875,0.7,0.9375,0.0714083055732041,2,scar,v4_patient_level_refold
PRISM_EDEMA_ROUTED_L3,P3_nnunet_scar_FP_vs_true_negative,logistic_regression,101,24,64,16,PASS,0.9453125,0.8865936147186148,0.90625,0.875,0.9375,0.03999024144054664,3,scar,v4_patient_level_refold
PRISM_EDEMA_ROUTED_L3,P3_nnunet_scar_FP_vs_true_negative,logistic_regression,100,25,64,16,PASS,0.888888888888889,0.8683862433862435,0.7465277777777778,0.5555555555555556,0.9375,0.12340103325563834,4,scar,v4_patient_level_refold
PRISM_EDEMA_ROUTED_L3,P4_pure_edema_vs_normal_myocardium,logistic_regression,127,32,64,16,PASS,0.921875,0.9312774408562452,0.84375,0.8125,0.875,0.0031474530422410663,0,pure_edema,v4_patient_level_refold
PRISM_EDEMA_ROUTED_L3,P4_pure_edema_vs_normal_myocardium,logistic_regression,128,31,64,16,PASS,0.9791666666666667,0.9833333333333332,0.8666666666666667,0.7333333333333333,1.0,0.08523906680743992,1,pure_edema,v4_patient_level_refold
PRISM_EDEMA_ROUTED_L3,P4_pure_edema_vs_normal_myocardium,logistic_regression,127,32,64,16,PASS,0.890625,0.9006034409454494,0.78125,0.75,0.8125,0.044461490663195324,2,pure_edema,v4_patient_level_refold
PRISM_EDEMA_ROUTED_L3,P4_pure_edema_vs_normal_myocardium,logistic_regression,127,32,64,16,PASS,0.95703125,0.956616778796539,0.84375,0.8125,0.875,0.0022687343458114295,3,pure_edema,v4_patient_level_refold
PRISM_EDEMA_ROUTED_L3,P4_pure_edema_vs_normal_myocardium,logistic_regression,127,32,64,16,PASS,0.98046875,0.9805183531746032,0.9375,0.9375,0.9375,0.012243363892882941,4,pure_edema,v4_patient_level_refold
PRISM_EDEMA_ROUTED_L3,P5_nnunet_pure_edema_FN,logistic_regression,113,31,64,16,PASS,0.8791666666666667,0.9105300212717091,0.86875,0.8,0.9375,0.06447224509330446,0,pure_edema,v4_patient_level_refold
PRISM_EDEMA_ROUTED_L3,P5_nnunet_pure_edema_FN,logistic_regression,116,28,64,16,PASS,0.8958333333333334,0.9170454545454546,0.84375,0.75,0.9375,0.040741134399001566,1,pure_edema,v4_patient_level_refold
PRISM_EDEMA_ROUTED_L3,P5_nnunet_pure_edema_FN,logistic_regression,117,27,64,16,PASS,0.8522727272727273,0.8840650090650091,0.8636363636363636,0.7272727272727273,1.0,0.049620289126814765,2,pure_edema,v4_patient_level_refold
PRISM_EDEMA_ROUTED_L3,P5_nnunet_pure_edema_FN,logistic_regression,115,29,64,16,PASS,0.8125,0.86118552445389,0.8149038461538461,0.6923076923076923,0.9375,0.079385762154139,3,pure_edema,v4_patient_level_refold
PRISM_EDEMA_ROUTED_L3,P5_nnunet_pure_edema_FN,logistic_regression,115,29,64,16,PASS,0.9807692307692308,0.9819004524886876,0.9302884615384616,0.9230769230769231,0.9375,0.02852862135836337,4,pure_edema,v4_patient_level_refold
PRISM_EDEMA_ROUTED_L3,P6_nnunet_pure_edema_FP,logistic_regression,115,29,64,16,PASS,1.0,0.9999999999999998,1.0,1.0,1.0,0.020023203538862444,0,pure_edema,v4_patient_level_refold
PRISM_EDEMA_ROUTED_L3,P6_nnunet_pure_edema_FP,logistic_regression,117,27,64,16,PASS,0.8465909090909092,0.8705741626794259,0.8323863636363636,0.7272727272727273,0.9375,0.08081679690235022,1,pure_edema,v4_patient_level_refold
PRISM_EDEMA_ROUTED_L3,P6_nnunet_pure_edema_FP,logistic_regression,117,27,64,16,PASS,0.9886363636363636,0.986013986013986,0.9232954545454546,0.9090909090909091,0.9375,0.030531640568617235,2,pure_edema,v4_patient_level_refold
PRISM_EDEMA_ROUTED_L3,P6_nnunet_pure_edema_FP,logistic_regression,114,30,64,16,PASS,0.9375,0.9334458025634496,0.8616071428571428,0.7857142857142857,0.9375,0.037991834064769414,3,pure_edema,v4_patient_level_refold
PRISM_EDEMA_ROUTED_L3,P6_nnunet_pure_edema_FP,logistic_regression,113,31,64,16,PASS,0.9666666666666667,0.9702380952380951,0.9,0.8,1.0,0.09682668998914984,4,pure_edema,v4_patient_level_refold
PRISM_EDEMA_ROUTED_L3,P7_small_scar_vs_normal_myocardium,logistic_regression,77,17,64,16,PASS,0.75,0.2,0.5,0.0,1.0,0.05358505921669778,0,scar,v4_patient_level_refold
PRISM_EDEMA_ROUTED_L3,P7_small_scar_vs_normal_myocardium,logistic_regression,75,19,64,16,PASS,1.0,1.0,1.0,1.0,1.0,0.033857478791899404,1,scar,v4_patient_level_refold
PRISM_EDEMA_ROUTED_L3,P7_small_scar_vs_normal_myocardium,logistic_regression,77,17,64,16,PASS,1.0,1.0,1.0,1.0,1.0,0.004204830172856638,2,scar,v4_patient_level_refold
PRISM_EDEMA_ROUTED_L3,P7_small_scar_vs_normal_myocardium,logistic_regression,73,21,64,16,PASS,1.0,1.0,0.96875,1.0,0.9375,0.045106549195932766,3,scar,v4_patient_level_refold
PRISM_EDEMA_ROUTED_L3,P7_small_scar_vs_normal_myocardium,logistic_regression,74,20,64,16,PASS,1.0,1.0,0.5,0.0,1.0,0.15436146827146252,4,scar,v4_patient_level_refold
PRISM_EDEMA_ROUTED_L3,P8_boundary_scar_vs_non_scar_myocardium,logistic_regression,127,32,64,16,PASS,0.91796875,0.939615036231884,0.84375,0.875,0.8125,0.009665060301872974,0,scar,v4_patient_level_refold
PRISM_EDEMA_ROUTED_L3,P8_boundary_scar_vs_non_scar_myocardium,logistic_regression,128,31,64,16,PASS,0.9666666666666667,0.9687426900584795,0.8708333333333333,0.8666666666666667,0.875,0.02627061778876083,1,scar,v4_patient_level_refold
PRISM_EDEMA_ROUTED_L3,P8_boundary_scar_vs_non_scar_myocardium,logistic_regression,127,32,64,16,PASS,0.88671875,0.8979360151694711,0.75,0.625,0.875,0.10263245107096125,2,scar,v4_patient_level_refold
PRISM_EDEMA_ROUTED_L3,P8_boundary_scar_vs_non_scar_myocardium,logistic_regression,127,32,64,16,PASS,0.90234375,0.8937228215648301,0.8125,0.875,0.75,0.07958294340068406,3,scar,v4_patient_level_refold
PRISM_EDEMA_ROUTED_L3,P8_boundary_scar_vs_non_scar_myocardium,logistic_regression,127,32,64,16,PASS,0.84765625,0.8837144473173886,0.71875,0.5625,0.875,0.15218163368163656,4,scar,v4_patient_level_refold
PRISM_PRIVATE_C0_L0,P1_scar_vs_normal_myocardium,logistic_regression,127,32,64,16,PASS,0.8203125,0.8462361234779714,0.78125,0.75,0.8125,0.024575700940668133,0,scar,v4_patient_level_refold
PRISM_PRIVATE_C0_L0,P1_scar_vs_normal_myocardium,logistic_regression,128,31,64,16,PASS,0.95,0.9569214843127887,0.7479166666666667,0.9333333333333333,0.5625,0.13519694611332123,1,scar,v4_patient_level_refold
PRISM_PRIVATE_C0_L0,P1_scar_vs_normal_myocardium,logistic_regression,127,32,64,16,PASS,0.76171875,0.830795201175636,0.71875,0.5625,0.875,0.07945778214935728,2,scar,v4_patient_level_refold
PRISM_PRIVATE_C0_L0,P1_scar_vs_normal_myocardium,logistic_regression,127,32,64,16,PASS,0.87890625,0.8968370731099564,0.71875,0.75,0.6875,0.01091590665711828,3,scar,v4_patient_level_refold
PRISM_PRIVATE_C0_L0,P1_scar_vs_normal_myocardium,logistic_regression,127,32,64,16,PASS,0.80078125,0.7987195957805227,0.71875,0.75,0.6875,0.010401016648442285,4,scar,v4_patient_level_refold
PRISM_PRIVATE_C0_L0,P2_nnunet_scar_FN_vs_true_negative,logistic_regression,127,32,64,16,PASS,0.98828125,0.9882506127450981,0.96875,1.0,0.9375,0.024877681435689025,0,scar,v4_patient_level_refold
PRISM_PRIVATE_C0_L0,P2_nnunet_scar_FN_vs_true_negative,logistic_regression,128,31,64,16,PASS,0.9958333333333333,0.9958333333333333,0.9354166666666667,0.9333333333333333,0.9375,0.021554862407399678,1,scar,v4_patient_level_refold
PRISM_PRIVATE_C0_L0,P2_nnunet_scar_FN_vs_true_negative,logistic_regression,127,32,64,16,PASS,0.9765625,0.9829545454545454,0.9375,0.875,1.0,0.0783149849472437,2,scar,v4_patient_level_refold
PRISM_PRIVATE_C0_L0,P2_nnunet_scar_FN_vs_true_negative,logistic_regression,127,32,64,16,PASS,0.98828125,0.9891493055555556,0.9375,0.9375,0.9375,0.0025575963200397678,3,scar,v4_patient_level_refold
PRISM_PRIVATE_C0_L0,P2_nnunet_scar_FN_vs_true_negative,logistic_regression,127,32,64,16,PASS,0.98046875,0.9805183531746032,0.90625,0.875,0.9375,0.03614453074638946,4,scar,v4_patient_level_refold
PRISM_PRIVATE_C0_L0,P3_nnunet_scar_FP_vs_true_negative,logistic_regression,128,32,64,16,PASS,0.984375,0.9837863270308124,0.96875,1.0,0.9375,0.010639479532523477,0,scar,v4_patient_level_refold
PRISM_PRIVATE_C0_L0,P3_nnunet_scar_FP_vs_true_negative,logistic_regression,128,32,64,16,PASS,0.9765625,0.9829545454545454,0.96875,0.9375,1.0,0.0006857484557084015,1,scar,v4_patient_level_refold
PRISM_PRIVATE_C0_L0,P3_nnunet_scar_FP_vs_true_negative,logistic_regression,128,32,64,16,PASS,1.0,1.0,0.9375,0.875,1.0,0.05191262145328268,2,scar,v4_patient_level_refold
PRISM_PRIVATE_C0_L0,P3_nnunet_scar_FP_vs_true_negative,logistic_regression,128,32,64,16,PASS,0.984375,0.9849826388888889,0.875,0.8125,0.9375,0.03679781210217564,3,scar,v4_patient_level_refold
PRISM_PRIVATE_C0_L0,P3_nnunet_scar_FP_vs_true_negative,logistic_regression,128,32,64,16,PASS,1.0,1.0,1.0,1.0,1.0,0.014587859489107347,4,scar,v4_patient_level_refold
PRISM_PRIVATE_C0_L0,P4_pure_edema_vs_normal_myocardium,logistic_regression,128,32,64,16,PASS,0.82421875,0.8888888888888888,0.71875,0.75,0.6875,0.014761415311910664,0,pure_edema,v4_patient_level_refold
PRISM_PRIVATE_C0_L0,P4_pure_edema_vs_normal_myocardium,logistic_regression,128,32,64,16,PASS,0.81640625,0.8669458797387021,0.75,0.75,0.75,0.017296037837201794,1,pure_edema,v4_patient_level_refold
PRISM_PRIVATE_C0_L0,P4_pure_edema_vs_normal_myocardium,logistic_regression,128,32,64,16,PASS,0.81640625,0.8590274309024309,0.8125,0.75,0.875,0.01091291751007023,2,pure_edema,v4_patient_level_refold
PRISM_PRIVATE_C0_L0,P4_pure_edema_vs_normal_myocardium,logistic_regression,128,32,64,16,PASS,0.80859375,0.8367241907344463,0.71875,0.75,0.6875,0.0033650829509374036,3,pure_edema,v4_patient_level_refold
PRISM_PRIVATE_C0_L0,P4_pure_edema_vs_normal_myocardium,logistic_regression,128,32,64,16,PASS,0.75390625,0.765278463921556,0.71875,0.875,0.5625,0.1049961661203771,4,pure_edema,v4_patient_level_refold
PRISM_PRIVATE_C0_L0,P5_nnunet_pure_edema_FN,logistic_regression,128,32,64,16,PASS,0.9609375,0.9656096507659008,0.90625,0.875,0.9375,0.00639295852482985,0,pure_edema,v4_patient_level_refold
PRISM_PRIVATE_C0_L0,P5_nnunet_pure_edema_FN,logistic_regression,128,32,64,16,PASS,0.95703125,0.9678203661327232,0.90625,0.875,0.9375,0.012204252940890004,1,pure_edema,v4_patient_level_refold
PRISM_PRIVATE_C0_L0,P5_nnunet_pure_edema_FN,logistic_regression,128,32,64,16,PASS,0.9609375,0.97109375,0.875,0.8125,0.9375,0.06149947824696106,2,pure_edema,v4_patient_level_refold
PRISM_PRIVATE_C0_L0,P5_nnunet_pure_edema_FN,logistic_regression,128,32,64,16,PASS,0.94921875,0.9575198650034177,0.875,0.875,0.875,0.0008188184612233362,3,pure_edema,v4_patient_level_refold
PRISM_PRIVATE_C0_L0,P5_nnunet_pure_edema_FN,logistic_regression,128,32,64,16,PASS,0.984375,0.9837863270308124,0.9375,1.0,0.875,0.06374397154030398,4,pure_edema,v4_patient_level_refold
PRISM_PRIVATE_C0_L0,P6_nnunet_pure_edema_FP,logistic_regression,128,32,64,16,PASS,0.97265625,0.9741476853899455,0.90625,0.875,0.9375,0.01885796930692385,0,pure_edema,v4_patient_level_refold
PRISM_PRIVATE_C0_L0,P6_nnunet_pure_edema_FP,logistic_regression,128,32,64,16,PASS,0.94140625,0.969758064516129,0.9375,0.9375,0.9375,0.014683887835604592,1,pure_edema,v4_patient_level_refold
PRISM_PRIVATE_C0_L0,P6_nnunet_pure_edema_FP,logistic_regression,128,32,64,16,PASS,0.98828125,0.9891493055555556,0.90625,0.875,0.9375,0.0665988058548369,2,pure_edema,v4_patient_level_refold
PRISM_PRIVATE_C0_L0,P6_nnunet_pure_edema_FP,logistic_regression,128,32,64,16,PASS,0.98828125,0.9891493055555556,0.90625,0.9375,0.875,0.01742178563040958,3,pure_edema,v4_patient_level_refold
PRISM_PRIVATE_C0_L0,P6_nnunet_pure_edema_FP,logistic_regression,128,32,64,16,PASS,0.984375,0.9862253289473684,0.875,0.9375,0.8125,0.05865506885896765,4,pure_edema,v4_patient_level_refold
PRISM_PRIVATE_C0_L0,P7_small_scar_vs_normal_myocardium,logistic_regression,77,17,64,16,PASS,1.0,1.0,0.96875,1.0,0.9375,0.051054161377797724,0,scar,v4_patient_level_refold
PRISM_PRIVATE_C0_L0,P7_small_scar_vs_normal_myocardium,logistic_regression,75,19,64,16,PASS,1.0,1.0,1.0,1.0,1.0,0.013886844752136862,1,scar,v4_patient_level_refold
PRISM_PRIVATE_C0_L0,P7_small_scar_vs_normal_myocardium,logistic_regression,77,17,64,16,PASS,1.0,1.0,1.0,1.0,1.0,0.010370122924009184,2,scar,v4_patient_level_refold
PRISM_PRIVATE_C0_L0,P7_small_scar_vs_normal_myocardium,logistic_regression,73,21,64,16,PASS,1.0,1.0,0.9,0.8,1.0,0.01911329648919524,3,scar,v4_patient_level_refold
PRISM_PRIVATE_C0_L0,P7_small_scar_vs_normal_myocardium,logistic_regression,74,20,64,16,PASS,0.71875,0.6776315789473684,0.75,0.5,1.0,0.12742374786710794,4,scar,v4_patient_level_refold
PRISM_PRIVATE_C0_L0,P8_boundary_scar_vs_non_scar_myocardium,logistic_regression,127,32,64,16,PASS,0.8203125,0.8462361234779714,0.78125,0.75,0.8125,0.024575700940668133,0,scar,v4_patient_level_refold
PRISM_PRIVATE_C0_L0,P8_boundary_scar_vs_non_scar_myocardium,logistic_regression,128,31,64,16,PASS,0.95,0.9569214843127887,0.7479166666666667,0.9333333333333333,0.5625,0.13519694611332123,1,scar,v4_patient_level_refold
PRISM_PRIVATE_C0_L0,P8_boundary_scar_vs_non_scar_myocardium,logistic_regression,127,32,64,16,PASS,0.76171875,0.830795201175636,0.71875,0.5625,0.875,0.07945778214935728,2,scar,v4_patient_level_refold
PRISM_PRIVATE_C0_L0,P8_boundary_scar_vs_non_scar_myocardium,logistic_regression,127,32,64,16,PASS,0.87890625,0.8968370731099564,0.71875,0.75,0.6875,0.01091590665711828,3,scar,v4_patient_level_refold
PRISM_PRIVATE_C0_L0,P8_boundary_scar_vs_non_scar_myocardium,logistic_regression,127,32,64,16,PASS,0.80078125,0.7987195957805227,0.71875,0.75,0.6875,0.010401016648442285,4,scar,v4_patient_level_refold
PRISM_PRIVATE_C0_L1,P1_scar_vs_normal_myocardium,logistic_regression,127,32,64,16,PASS,0.86328125,0.8739052303690461,0.75,0.6875,0.8125,0.05133279589836526,0,scar,v4_patient_level_refold
PRISM_PRIVATE_C0_L1,P1_scar_vs_normal_myocardium,logistic_regression,128,31,64,16,PASS,0.9333333333333333,0.923269889152242,0.8708333333333333,0.8666666666666667,0.875,0.008429850107213366,1,scar,v4_patient_level_refold
PRISM_PRIVATE_C0_L1,P1_scar_vs_normal_myocardium,logistic_regression,127,32,64,16,PASS,0.9375,0.9350406027795733,0.78125,0.6875,0.875,0.09240909403660025,2,scar,v4_patient_level_refold
PRISM_PRIVATE_C0_L1,P1_scar_vs_normal_myocardium,logistic_regression,127,32,64,16,PASS,0.859375,0.8945193978303246,0.78125,0.6875,0.875,0.0510375592800259,3,scar,v4_patient_level_refold
PRISM_PRIVATE_C0_L1,P1_scar_vs_normal_myocardium,logistic_regression,127,32,64,16,PASS,0.9453125,0.9458917920314979,0.875,0.8125,0.9375,0.010187678935049016,4,scar,v4_patient_level_refold
PRISM_PRIVATE_C0_L1,P2_nnunet_scar_FN_vs_true_negative,logistic_regression,126,32,64,16,PASS,0.9765625,0.977594376566416,0.875,0.9375,0.8125,0.04754025613958368,0,scar,v4_patient_level_refold
PRISM_PRIVATE_C0_L1,P2_nnunet_scar_FN_vs_true_negative,logistic_regression,127,31,64,16,PASS,0.9708333333333333,0.9765079365079365,0.9354166666666667,0.9333333333333333,0.9375,0.00584720921969506,1,scar,v4_patient_level_refold
PRISM_PRIVATE_C0_L1,P2_nnunet_scar_FN_vs_true_negative,logistic_regression,126,32,64,16,PASS,0.99609375,0.9963235294117647,0.90625,0.8125,1.0,0.05909753260500533,2,scar,v4_patient_level_refold
PRISM_PRIVATE_C0_L1,P2_nnunet_scar_FN_vs_true_negative,logistic_regression,126,32,64,16,PASS,0.984375,0.9849826388888889,0.90625,0.8125,1.0,0.06047598767278517,3,scar,v4_patient_level_refold
PRISM_PRIVATE_C0_L1,P2_nnunet_scar_FN_vs_true_negative,logistic_regression,127,31,64,16,PASS,1.0,1.0,0.9666666666666667,0.9333333333333333,1.0,0.02164148272852967,4,scar,v4_patient_level_refold
PRISM_PRIVATE_C0_L1,P3_nnunet_scar_FP_vs_true_negative,logistic_regression,127,32,64,16,PASS,0.9765625,0.9770716619981327,0.875,0.875,0.875,0.0235342382288109,0,scar,v4_patient_level_refold
PRISM_PRIVATE_C0_L1,P3_nnunet_scar_FP_vs_true_negative,logistic_regression,127,32,64,16,PASS,0.9921875,0.9930555555555556,0.96875,0.9375,1.0,0.020863068041919952,1,scar,v4_patient_level_refold
PRISM_PRIVATE_C0_L1,P3_nnunet_scar_FP_vs_true_negative,logistic_regression,128,31,64,16,PASS,1.0,1.0,0.9,0.8,1.0,0.056644320604659515,2,scar,v4_patient_level_refold
PRISM_PRIVATE_C0_L1,P3_nnunet_scar_FP_vs_true_negative,logistic_regression,127,32,64,16,PASS,1.0,1.0,0.96875,0.9375,1.0,0.03222508072577074,3,scar,v4_patient_level_refold
PRISM_PRIVATE_C0_L1,P3_nnunet_scar_FP_vs_true_negative,logistic_regression,127,32,64,16,PASS,1.0,1.0,0.9375,1.0,0.875,0.04382378064648629,4,scar,v4_patient_level_refold
PRISM_PRIVATE_C0_L1,P4_pure_edema_vs_normal_myocardium,logistic_regression,128,32,64,16,PASS,0.8515625,0.9008504516317015,0.8125,0.8125,0.8125,0.005031820476761706,0,pure_edema,v4_patient_level_refold
PRISM_PRIVATE_C0_L1,P4_pure_edema_vs_normal_myocardium,logistic_regression,128,32,64,16,PASS,0.79296875,0.8625724969474969,0.71875,0.6875,0.75,0.022962032786117637,1,pure_edema,v4_patient_level_refold
PRISM_PRIVATE_C0_L1,P4_pure_edema_vs_normal_myocardium,logistic_regression,128,32,64,16,PASS,0.8984375,0.9134815994190995,0.875,0.8125,0.9375,0.029954411758668753,2,pure_edema,v4_patient_level_refold
PRISM_PRIVATE_C0_L1,P4_pure_edema_vs_normal_myocardium,logistic_regression,128,32,64,16,PASS,0.8359375,0.8577869026398438,0.8125,0.6875,0.9375,0.09465364448870445,3,pure_edema,v4_patient_level_refold
PRISM_PRIVATE_C0_L1,P4_pure_edema_vs_normal_myocardium,logistic_regression,128,32,64,16,PASS,0.890625,0.9050745955433456,0.8125,0.8125,0.8125,0.05090024181290809,4,pure_edema,v4_patient_level_refold
PRISM_PRIVATE_C0_L1,P5_nnunet_pure_edema_FN,logistic_regression,128,32,64,16,PASS,0.94140625,0.941118777056277,0.875,0.875,0.875,0.0081561373830078,0,pure_edema,v4_patient_level_refold
PRISM_PRIVATE_C0_L1,P5_nnunet_pure_edema_FN,logistic_regression,128,32,64,16,PASS,0.953125,0.9506340014152515,0.9375,0.9375,0.9375,0.016787069041263536,1,pure_edema,v4_patient_level_refold
PRISM_PRIVATE_C0_L1,P5_nnunet_pure_edema_FN,logistic_regression,128,32,64,16,PASS,0.96875,0.9791666666666666,0.96875,0.9375,1.0,0.029537902333463206,2,pure_edema,v4_patient_level_refold
PRISM_PRIVATE_C0_L1,P5_nnunet_pure_edema_FN,logistic_regression,128,32,64,16,PASS,0.984375,0.985702614379085,0.90625,0.9375,0.875,0.023040588209625623,3,pure_edema,v4_patient_level_refold
PRISM_PRIVATE_C0_L1,P5_nnunet_pure_edema_FN,logistic_regression,128,32,64,16,PASS,0.94921875,0.9549793601651186,0.84375,0.8125,0.875,0.0033059940313097114,4,pure_edema,v4_patient_level_refold
PRISM_PRIVATE_C0_L1,P6_nnunet_pure_edema_FP,logistic_regression,128,32,64,16,PASS,0.94921875,0.9600078661327232,0.875,0.875,0.875,0.00321964917319173,0,pure_edema,v4_patient_level_refold
PRISM_PRIVATE_C0_L1,P6_nnunet_pure_edema_FP,logistic_regression,128,32,64,16,PASS,0.98828125,0.9891493055555556,0.9375,0.9375,0.9375,0.015953920675607858,1,pure_edema,v4_patient_level_refold
PRISM_PRIVATE_C0_L1,P6_nnunet_pure_edema_FP,logistic_regression,128,32,64,16,PASS,1.0,1.0,1.0,1.0,1.0,0.01905732663014903,2,pure_edema,v4_patient_level_refold
PRISM_PRIVATE_C0_L1,P6_nnunet_pure_edema_FP,logistic_regression,128,32,64,16,PASS,0.99609375,0.9963235294117647,0.96875,0.9375,1.0,0.04104641041911611,3,pure_edema,v4_patient_level_refold
PRISM_PRIVATE_C0_L1,P6_nnunet_pure_edema_FP,logistic_regression,128,32,64,16,PASS,0.98828125,0.9901315789473684,0.90625,0.9375,0.875,0.0005922527196716709,4,pure_edema,v4_patient_level_refold
PRISM_PRIVATE_C0_L1,P7_small_scar_vs_normal_myocardium,logistic_regression,77,17,64,16,PASS,1.0,1.0,0.96875,1.0,0.9375,0.08231094218038564,0,scar,v4_patient_level_refold
PRISM_PRIVATE_C0_L1,P7_small_scar_vs_normal_myocardium,logistic_regression,75,19,64,16,PASS,1.0,1.0,1.0,1.0,1.0,0.008795799289169404,1,scar,v4_patient_level_refold
PRISM_PRIVATE_C0_L1,P7_small_scar_vs_normal_myocardium,logistic_regression,77,17,64,16,PASS,1.0,1.0,1.0,1.0,1.0,0.011593188977997715,2,scar,v4_patient_level_refold
PRISM_PRIVATE_C0_L1,P7_small_scar_vs_normal_myocardium,logistic_regression,73,21,64,16,PASS,0.9625,0.9028571428571428,0.8,0.6,1.0,0.09569355201150975,3,scar,v4_patient_level_refold
PRISM_PRIVATE_C0_L1,P7_small_scar_vs_normal_myocardium,logistic_regression,74,20,64,16,PASS,0.78125,0.6666666666666666,0.625,0.25,1.0,0.12231338311705511,4,scar,v4_patient_level_refold
PRISM_PRIVATE_C0_L1,P8_boundary_scar_vs_non_scar_myocardium,logistic_regression,127,32,64,16,PASS,0.86328125,0.8739052303690461,0.75,0.6875,0.8125,0.05133279589836526,0,scar,v4_patient_level_refold
PRISM_PRIVATE_C0_L1,P8_boundary_scar_vs_non_scar_myocardium,logistic_regression,128,31,64,16,PASS,0.9333333333333333,0.923269889152242,0.8708333333333333,0.8666666666666667,0.875,0.008429850107213366,1,scar,v4_patient_level_refold
PRISM_PRIVATE_C0_L1,P8_boundary_scar_vs_non_scar_myocardium,logistic_regression,127,32,64,16,PASS,0.9375,0.9350406027795733,0.78125,0.6875,0.875,0.09240909403660025,2,scar,v4_patient_level_refold
PRISM_PRIVATE_C0_L1,P8_boundary_scar_vs_non_scar_myocardium,logistic_regression,127,32,64,16,PASS,0.859375,0.8945193978303246,0.78125,0.6875,0.875,0.0510375592800259,3,scar,v4_patient_level_refold
PRISM_PRIVATE_C0_L1,P8_boundary_scar_vs_non_scar_myocardium,logistic_regression,127,32,64,16,PASS,0.9453125,0.9458917920314979,0.875,0.8125,0.9375,0.010187678935049016,4,scar,v4_patient_level_refold
PRISM_PRIVATE_C0_L2,P1_scar_vs_normal_myocardium,logistic_regression,127,32,64,16,PASS,0.92578125,0.9448621553884712,0.875,0.8125,0.9375,0.03564925391524115,0,scar,v4_patient_level_refold
PRISM_PRIVATE_C0_L2,P1_scar_vs_normal_myocardium,logistic_regression,128,31,64,16,PASS,0.8875,0.8577297539062244,0.80625,0.8,0.8125,0.005914661729018056,1,scar,v4_patient_level_refold
PRISM_PRIVATE_C0_L2,P1_scar_vs_normal_myocardium,logistic_regression,127,32,64,16,PASS,0.87109375,0.9079500543316332,0.84375,0.75,0.9375,0.057311138822109586,2,scar,v4_patient_level_refold
PRISM_PRIVATE_C0_L2,P1_scar_vs_normal_myocardium,logistic_regression,127,32,64,16,PASS,0.94140625,0.9526041666666667,0.84375,0.75,0.9375,0.04359958588867752,3,scar,v4_patient_level_refold
PRISM_PRIVATE_C0_L2,P1_scar_vs_normal_myocardium,logistic_regression,127,32,64,16,PASS,0.921875,0.9353404187043893,0.875,0.875,0.875,0.009280806900225425,4,scar,v4_patient_level_refold
PRISM_PRIVATE_C0_L2,P2_nnunet_scar_FN_vs_true_negative,logistic_regression,126,32,64,16,PASS,0.99609375,0.9963235294117647,0.96875,1.0,0.9375,0.03634875715767727,0,scar,v4_patient_level_refold
PRISM_PRIVATE_C0_L2,P2_nnunet_scar_FN_vs_true_negative,logistic_regression,127,31,64,16,PASS,0.9958333333333333,0.9958333333333333,0.9666666666666667,0.9333333333333333,1.0,0.0012008922158093793,1,scar,v4_patient_level_refold
PRISM_PRIVATE_C0_L2,P2_nnunet_scar_FN_vs_true_negative,logistic_regression,126,32,64,16,PASS,1.0,1.0,0.96875,0.9375,1.0,0.03606709597995794,2,scar,v4_patient_level_refold
PRISM_PRIVATE_C0_L2,P2_nnunet_scar_FN_vs_true_negative,logistic_regression,126,32,64,16,PASS,0.9921875,0.9930555555555556,0.9375,0.9375,0.9375,2.0432223565070018e-05,3,scar,v4_patient_level_refold
PRISM_PRIVATE_C0_L2,P2_nnunet_scar_FN_vs_true_negative,logistic_regression,127,31,64,16,PASS,1.0,1.0,1.0,1.0,1.0,0.012051800118063727,4,scar,v4_patient_level_refold
PRISM_PRIVATE_C0_L2,P3_nnunet_scar_FP_vs_true_negative,logistic_regression,120,32,64,16,PASS,0.99609375,0.9963235294117647,0.9375,0.9375,0.9375,0.004689026674342456,0,scar,v4_patient_level_refold
PRISM_PRIVATE_C0_L2,P3_nnunet_scar_FP_vs_true_negative,logistic_regression,123,29,64,16,PASS,0.9903846153846154,0.9897435897435896,0.9615384615384616,0.9230769230769231,1.0,0.026033704115539902,1,scar,v4_patient_level_refold
PRISM_PRIVATE_C0_L2,P3_nnunet_scar_FP_vs_true_negative,logistic_regression,121,31,64,16,PASS,1.0,1.0,1.0,1.0,1.0,0.023009584817697992,2,scar,v4_patient_level_refold
PRISM_PRIVATE_C0_L2,P3_nnunet_scar_FP_vs_true_negative,logistic_regression,121,31,64,16,PASS,0.9916666666666667,0.9921568627450981,0.9354166666666667,0.9333333333333333,0.9375,0.00792822598290055,3,scar,v4_patient_level_refold
PRISM_PRIVATE_C0_L2,P3_nnunet_scar_FP_vs_true_negative,logistic_regression,123,29,64,16,PASS,1.0,0.9999999999999998,1.0,1.0,1.0,8.30680673872819e-05,4,scar,v4_patient_level_refold
PRISM_PRIVATE_C0_L2,P4_pure_edema_vs_normal_myocardium,logistic_regression,128,32,64,16,PASS,0.83984375,0.8845841050215173,0.71875,0.6875,0.75,0.062132751538089115,0,pure_edema,v4_patient_level_refold
PRISM_PRIVATE_C0_L2,P4_pure_edema_vs_normal_myocardium,logistic_regression,128,32,64,16,PASS,0.89453125,0.8117406442241968,0.78125,0.8125,0.75,0.03127434301519649,1,pure_edema,v4_patient_level_refold
PRISM_PRIVATE_C0_L2,P4_pure_edema_vs_normal_myocardium,logistic_regression,128,32,64,16,PASS,0.9453125,0.9567223084886128,0.84375,0.75,0.9375,0.07418701655517723,2,pure_edema,v4_patient_level_refold
PRISM_PRIVATE_C0_L2,P4_pure_edema_vs_normal_myocardium,logistic_regression,128,32,64,16,PASS,0.90625,0.9190155020418179,0.84375,0.8125,0.875,0.04221070162696189,3,pure_edema,v4_patient_level_refold
PRISM_PRIVATE_C0_L2,P4_pure_edema_vs_normal_myocardium,logistic_regression,128,32,64,16,PASS,0.8984375,0.8812414505429211,0.875,0.9375,0.8125,0.039256805975491416,4,pure_edema,v4_patient_level_refold
PRISM_PRIVATE_C0_L2,P5_nnunet_pure_edema_FN,logistic_regression,128,32,64,16,PASS,0.98828125,0.9882506127450981,0.9375,0.9375,0.9375,0.010166838277179735,0,pure_edema,v4_patient_level_refold
PRISM_PRIVATE_C0_L2,P5_nnunet_pure_edema_FN,logistic_regression,128,32,64,16,PASS,0.96875,0.9618384832079685,0.90625,0.875,0.9375,0.02538542822241241,1,pure_edema,v4_patient_level_refold
PRISM_PRIVATE_C0_L2,P5_nnunet_pure_edema_FN,logistic_regression,128,32,64,16,PASS,0.96875,0.9791666666666666,0.96875,0.9375,1.0,0.03893854012246445,2,pure_edema,v4_patient_level_refold
PRISM_PRIVATE_C0_L2,P5_nnunet_pure_edema_FN,logistic_regression,128,32,64,16,PASS,0.96875,0.9791666666666666,0.9375,0.9375,0.9375,0.006455169568906016,3,pure_edema,v4_patient_level_refold
PRISM_PRIVATE_C0_L2,P5_nnunet_pure_edema_FN,logistic_regression,128,32,64,16,PASS,0.99609375,0.9963235294117647,0.9375,0.9375,0.9375,0.026561137799339662,4,pure_edema,v4_patient_level_refold
PRISM_PRIVATE_C0_L2,P6_nnunet_pure_edema_FP,logistic_regression,128,31,64,16,PASS,0.9916666666666667,0.9913888888888889,0.9020833333333333,0.8666666666666667,0.9375,0.024384393194684273,0,pure_edema,v4_patient_level_refold
PRISM_PRIVATE_C0_L2,P6_nnunet_pure_edema_FP,logistic_regression,127,32,64,16,PASS,0.93359375,0.9360705093517594,0.9375,0.9375,0.9375,0.006196121315444003,1,pure_edema,v4_patient_level_refold
PRISM_PRIVATE_C0_L2,P6_nnunet_pure_edema_FP,logistic_regression,127,32,64,16,PASS,1.0,1.0,0.96875,0.9375,1.0,0.02319136340858674,2,pure_edema,v4_patient_level_refold
PRISM_PRIVATE_C0_L2,P6_nnunet_pure_edema_FP,logistic_regression,127,32,64,16,PASS,0.9921875,0.9930555555555556,0.9375,0.9375,0.9375,0.011257726551268665,3,pure_edema,v4_patient_level_refold
PRISM_PRIVATE_C0_L2,P6_nnunet_pure_edema_FP,logistic_regression,127,32,64,16,PASS,0.9921875,0.9930555555555556,0.96875,0.9375,1.0,0.017391283706290228,4,pure_edema,v4_patient_level_refold
PRISM_PRIVATE_C0_L2,P7_small_scar_vs_normal_myocardium,logistic_regression,77,17,64,16,PASS,1.0,1.0,0.9375,1.0,0.875,0.07983517249003695,0,scar,v4_patient_level_refold
PRISM_PRIVATE_C0_L2,P7_small_scar_vs_normal_myocardium,logistic_regression,75,19,64,16,PASS,0.9791666666666666,0.9166666666666665,0.8333333333333333,0.6666666666666666,1.0,0.06075862576119116,1,scar,v4_patient_level_refold
PRISM_PRIVATE_C0_L2,P7_small_scar_vs_normal_myocardium,logistic_regression,77,17,64,16,PASS,1.0,1.0,1.0,1.0,1.0,0.009530596487895962,2,scar,v4_patient_level_refold
PRISM_PRIVATE_C0_L2,P7_small_scar_vs_normal_myocardium,logistic_regression,73,21,64,16,PASS,0.975,0.9266666666666665,0.76875,0.6,0.9375,0.01781818240742225,3,scar,v4_patient_level_refold
PRISM_PRIVATE_C0_L2,P7_small_scar_vs_normal_myocardium,logistic_regression,74,20,64,16,PASS,1.0,1.0,0.625,0.25,1.0,0.1443879757714417,4,scar,v4_patient_level_refold
PRISM_PRIVATE_C0_L2,P8_boundary_scar_vs_non_scar_myocardium,logistic_regression,127,32,64,16,PASS,0.92578125,0.9448621553884712,0.875,0.8125,0.9375,0.03564925391524115,0,scar,v4_patient_level_refold
PRISM_PRIVATE_C0_L2,P8_boundary_scar_vs_non_scar_myocardium,logistic_regression,128,31,64,16,PASS,0.8875,0.8577297539062244,0.80625,0.8,0.8125,0.005914661729018056,1,scar,v4_patient_level_refold
PRISM_PRIVATE_C0_L2,P8_boundary_scar_vs_non_scar_myocardium,logistic_regression,127,32,64,16,PASS,0.87109375,0.9079500543316332,0.84375,0.75,0.9375,0.057311138822109586,2,scar,v4_patient_level_refold
PRISM_PRIVATE_C0_L2,P8_boundary_scar_vs_non_scar_myocardium,logistic_regression,127,32,64,16,PASS,0.94140625,0.9526041666666667,0.84375,0.75,0.9375,0.04359958588867752,3,scar,v4_patient_level_refold
PRISM_PRIVATE_C0_L2,P8_boundary_scar_vs_non_scar_myocardium,logistic_regression,127,32,64,16,PASS,0.921875,0.9353404187043893,0.875,0.875,0.875,0.009280806900225425,4,scar,v4_patient_level_refold
PRISM_PRIVATE_C0_L3,P1_scar_vs_normal_myocardium,logistic_regression,127,32,64,16,PASS,0.90234375,0.9167100991114149,0.8125,0.6875,0.9375,0.11484889147558414,0,scar,v4_patient_level_refold
PRISM_PRIVATE_C0_L3,P1_scar_vs_normal_myocardium,logistic_regression,128,31,64,16,PASS,0.9208333333333334,0.9084014680996104,0.80625,0.8,0.8125,0.05011659373339339,1,scar,v4_patient_level_refold
PRISM_PRIVATE_C0_L3,P1_scar_vs_normal_myocardium,logistic_regression,127,32,64,16,PASS,0.87109375,0.8873737373737374,0.75,0.6875,0.8125,0.024993475808472,2,scar,v4_patient_level_refold
PRISM_PRIVATE_C0_L3,P1_scar_vs_normal_myocardium,logistic_regression,127,32,64,16,PASS,0.84375,0.8731954966329966,0.75,0.75,0.75,0.04303118998354738,3,scar,v4_patient_level_refold
PRISM_PRIVATE_C0_L3,P1_scar_vs_normal_myocardium,logistic_regression,127,32,64,16,PASS,0.85546875,0.8943964022089023,0.90625,0.875,0.9375,0.009197941436055235,4,scar,v4_patient_level_refold
PRISM_PRIVATE_C0_L3,P2_nnunet_scar_FN_vs_true_negative,logistic_regression,117,27,64,16,PASS,0.9772727272727273,0.9708624708624709,0.8636363636363636,0.7272727272727273,1.0,0.09132150265040845,0,scar,v4_patient_level_refold
PRISM_PRIVATE_C0_L3,P2_nnunet_scar_FN_vs_true_negative,logistic_regression,116,28,64,16,PASS,0.984375,0.9811507936507938,0.8958333333333333,0.9166666666666666,0.875,0.06558283214161775,1,scar,v4_patient_level_refold
PRISM_PRIVATE_C0_L3,P2_nnunet_scar_FN_vs_true_negative,logistic_regression,114,30,64,16,PASS,0.9642857142857143,0.9690476190476189,0.8928571428571428,0.7857142857142857,1.0,0.07503836669279806,2,scar,v4_patient_level_refold
PRISM_PRIVATE_C0_L3,P2_nnunet_scar_FN_vs_true_negative,logistic_regression,115,29,64,16,PASS,1.0,0.9999999999999998,0.9615384615384616,0.9230769230769231,1.0,0.0075352811656225205,3,scar,v4_patient_level_refold
PRISM_PRIVATE_C0_L3,P2_nnunet_scar_FN_vs_true_negative,logistic_regression,114,30,64,16,PASS,0.8794642857142858,0.9155388471177943,0.8258928571428572,0.7142857142857143,0.9375,0.08206289851182941,4,scar,v4_patient_level_refold
PRISM_PRIVATE_C0_L3,P3_nnunet_scar_FP_vs_true_negative,logistic_regression,98,27,64,16,PASS,0.9886363636363636,0.9841597796143251,0.8778409090909092,0.8181818181818182,0.9375,0.005587414398549373,0,scar,v4_patient_level_refold
PRISM_PRIVATE_C0_L3,P3_nnunet_scar_FP_vs_true_negative,logistic_regression,102,23,64,16,PASS,0.9107142857142857,0.8520408163265305,0.7232142857142857,0.5714285714285714,0.875,0.023579696827976948,1,scar,v4_patient_level_refold
PRISM_PRIVATE_C0_L3,P3_nnunet_scar_FP_vs_true_negative,logistic_regression,99,26,64,16,PASS,0.975,0.9714285714285713,0.91875,0.9,0.9375,0.024441179364009857,2,scar,v4_patient_level_refold
PRISM_PRIVATE_C0_L3,P3_nnunet_scar_FP_vs_true_negative,logistic_regression,101,24,64,16,PASS,0.890625,0.9204545454545454,0.9375,0.875,1.0,0.015220989687919961,3,scar,v4_patient_level_refold
PRISM_PRIVATE_C0_L3,P3_nnunet_scar_FP_vs_true_negative,logistic_regression,100,25,64,16,PASS,0.8888888888888888,0.9288888888888889,0.9444444444444444,0.8888888888888888,1.0,0.02509275027129193,4,scar,v4_patient_level_refold
PRISM_PRIVATE_C0_L3,P4_pure_edema_vs_normal_myocardium,logistic_regression,127,32,64,16,PASS,0.828125,0.8795714815076228,0.78125,0.625,0.9375,0.09300958297758066,0,pure_edema,v4_patient_level_refold
PRISM_PRIVATE_C0_L3,P4_pure_edema_vs_normal_myocardium,logistic_regression,128,31,64,16,PASS,0.7916666666666667,0.7651200105936948,0.775,0.8,0.75,0.053952537710800996,1,pure_edema,v4_patient_level_refold
PRISM_PRIVATE_C0_L3,P4_pure_edema_vs_normal_myocardium,logistic_regression,127,32,64,16,PASS,0.92578125,0.9298388345722904,0.78125,0.75,0.8125,0.01057852555570682,2,pure_edema,v4_patient_level_refold
PRISM_PRIVATE_C0_L3,P4_pure_edema_vs_normal_myocardium,logistic_regression,127,32,64,16,PASS,0.80859375,0.8374577490745969,0.75,0.75,0.75,0.0009139383096297138,3,pure_edema,v4_patient_level_refold
PRISM_PRIVATE_C0_L3,P4_pure_edema_vs_normal_myocardium,logistic_regression,127,32,64,16,PASS,0.78515625,0.8525349202768557,0.8125,0.75,0.875,0.04241485267434364,4,pure_edema,v4_patient_level_refold
PRISM_PRIVATE_C0_L3,P5_nnunet_pure_edema_FN,logistic_regression,113,31,64,16,PASS,0.8875,0.9244421440073614,0.9,0.8,1.0,0.08667835731074441,0,pure_edema,v4_patient_level_refold
PRISM_PRIVATE_C0_L3,P5_nnunet_pure_edema_FN,logistic_regression,116,28,64,16,PASS,0.9166666666666666,0.9173881673881675,0.8645833333333333,0.9166666666666666,0.8125,0.0560539354786414,1,pure_edema,v4_patient_level_refold
PRISM_PRIVATE_C0_L3,P5_nnunet_pure_edema_FN,logistic_regression,117,27,64,16,PASS,0.9602272727272727,0.956439393939394,0.8465909090909092,0.8181818181818182,0.875,0.015372391353559112,2,pure_edema,v4_patient_level_refold
PRISM_PRIVATE_C0_L3,P5_nnunet_pure_edema_FN,logistic_regression,115,29,64,16,PASS,0.8317307692307692,0.852238502238502,0.7692307692307692,0.5384615384615384,1.0,0.1233751320323197,3,pure_edema,v4_patient_level_refold
PRISM_PRIVATE_C0_L3,P5_nnunet_pure_edema_FN,logistic_regression,115,29,64,16,PASS,0.9182692307692307,0.9188490718616937,0.8149038461538461,0.6923076923076923,0.9375,0.049774848332070964,4,pure_edema,v4_patient_level_refold
PRISM_PRIVATE_C0_L3,P6_nnunet_pure_edema_FP,logistic_regression,115,29,64,16,PASS,1.0,0.9999999999999998,0.96875,1.0,0.9375,0.04375209796119672,0,pure_edema,v4_patient_level_refold
PRISM_PRIVATE_C0_L3,P6_nnunet_pure_edema_FP,logistic_regression,117,27,64,16,PASS,0.7954545454545454,0.8092592592592593,0.7698863636363636,0.7272727272727273,0.8125,0.03623847228640242,1,pure_edema,v4_patient_level_refold
PRISM_PRIVATE_C0_L3,P6_nnunet_pure_edema_FP,logistic_regression,117,27,64,16,PASS,0.9886363636363636,0.986013986013986,0.9545454545454546,0.9090909090909091,1.0,0.035266977043900416,2,pure_edema,v4_patient_level_refold
PRISM_PRIVATE_C0_L3,P6_nnunet_pure_edema_FP,logistic_regression,114,30,64,16,PASS,0.96875,0.9675780568637711,0.8616071428571428,0.7857142857142857,0.9375,0.04939120193696234,3,pure_edema,v4_patient_level_refold
PRISM_PRIVATE_C0_L3,P6_nnunet_pure_edema_FP,logistic_regression,113,31,64,16,PASS,0.9166666666666666,0.9292322291235333,0.8354166666666667,0.7333333333333333,0.9375,0.03625935932458718,4,pure_edema,v4_patient_level_refold
PRISM_PRIVATE_C0_L3,P7_small_scar_vs_normal_myocardium,logistic_regression,77,17,64,16,PASS,1.0,1.0,1.0,1.0,1.0,0.0030119224079647178,0,scar,v4_patient_level_refold
PRISM_PRIVATE_C0_L3,P7_small_scar_vs_normal_myocardium,logistic_regression,75,19,64,16,PASS,0.8958333333333334,0.6984126984126984,0.7708333333333333,0.6666666666666666,0.875,0.04672781932202358,1,scar,v4_patient_level_refold
PRISM_PRIVATE_C0_L3,P7_small_scar_vs_normal_myocardium,logistic_regression,77,17,64,16,PASS,1.0,1.0,1.0,1.0,1.0,0.01616191784061892,2,scar,v4_patient_level_refold
PRISM_PRIVATE_C0_L3,P7_small_scar_vs_normal_myocardium,logistic_regression,73,21,64,16,PASS,0.8875,0.8714285714285714,0.86875,0.8,0.9375,0.00858636301750243,3,scar,v4_patient_level_refold
PRISM_PRIVATE_C0_L3,P7_small_scar_vs_normal_myocardium,logistic_regression,74,20,64,16,PASS,0.75,0.8,0.75,0.5,1.0,0.10046980171256337,4,scar,v4_patient_level_refold
PRISM_PRIVATE_C0_L3,P8_boundary_scar_vs_non_scar_myocardium,logistic_regression,127,32,64,16,PASS,0.90234375,0.9167100991114149,0.8125,0.6875,0.9375,0.11484889147558414,0,scar,v4_patient_level_refold
PRISM_PRIVATE_C0_L3,P8_boundary_scar_vs_non_scar_myocardium,logistic_regression,128,31,64,16,PASS,0.9208333333333334,0.9084014680996104,0.80625,0.8,0.8125,0.05011659373339339,1,scar,v4_patient_level_refold
PRISM_PRIVATE_C0_L3,P8_boundary_scar_vs_non_scar_myocardium,logistic_regression,127,32,64,16,PASS,0.87109375,0.8873737373737374,0.75,0.6875,0.8125,0.024993475808472,2,scar,v4_patient_level_refold
PRISM_PRIVATE_C0_L3,P8_boundary_scar_vs_non_scar_myocardium,logistic_regression,127,32,64,16,PASS,0.84375,0.8731954966329966,0.75,0.75,0.75,0.04303118998354738,3,scar,v4_patient_level_refold
PRISM_PRIVATE_C0_L3,P8_boundary_scar_vs_non_scar_myocardium,logistic_regression,127,32,64,16,PASS,0.85546875,0.8943964022089023,0.90625,0.875,0.9375,0.009197941436055235,4,scar,v4_patient_level_refold
PRISM_PRIVATE_LGE_L0,P1_scar_vs_normal_myocardium,logistic_regression,127,32,64,16,PASS,0.98046875,0.9851190476190477,0.96875,0.9375,1.0,0.045191422435768014,0,scar,v4_patient_level_refold
PRISM_PRIVATE_LGE_L0,P1_scar_vs_normal_myocardium,logistic_regression,128,31,64,16,PASS,0.9666666666666667,0.9726190476190475,0.9020833333333333,0.8666666666666667,0.9375,0.021747752339893234,1,scar,v4_patient_level_refold
PRISM_PRIVATE_LGE_L0,P1_scar_vs_normal_myocardium,logistic_regression,127,32,64,16,PASS,0.96875,0.9695567810457517,0.90625,0.9375,0.875,0.0072498179980264865,2,scar,v4_patient_level_refold
PRISM_PRIVATE_LGE_L0,P1_scar_vs_normal_myocardium,logistic_regression,127,32,64,16,PASS,0.99609375,0.9963235294117647,0.9375,0.9375,0.9375,0.01090048187532855,3,scar,v4_patient_level_refold
PRISM_PRIVATE_LGE_L0,P1_scar_vs_normal_myocardium,logistic_regression,127,32,64,16,PASS,0.9375,0.9401174757260283,0.875,0.875,0.875,0.02216311687579786,4,scar,v4_patient_level_refold
PRISM_PRIVATE_LGE_L0,P2_nnunet_scar_FN_vs_true_negative,logistic_regression,127,32,64,16,PASS,1.0,1.0,1.0,1.0,1.0,0.012966789866737605,0,scar,v4_patient_level_refold
PRISM_PRIVATE_LGE_L0,P2_nnunet_scar_FN_vs_true_negative,logistic_regression,128,31,64,16,PASS,0.9875,0.9877124183006536,0.9354166666666667,0.9333333333333333,0.9375,0.0122442353357185,1,scar,v4_patient_level_refold
PRISM_PRIVATE_LGE_L0,P2_nnunet_scar_FN_vs_true_negative,logistic_regression,127,32,64,16,PASS,1.0,1.0,0.96875,0.9375,1.0,0.017734941441954255,2,scar,v4_patient_level_refold
PRISM_PRIVATE_LGE_L0,P2_nnunet_scar_FN_vs_true_negative,logistic_regression,127,32,64,16,PASS,1.0,1.0,1.0,1.0,1.0,0.0040877882197905,3,scar,v4_patient_level_refold
PRISM_PRIVATE_LGE_L0,P2_nnunet_scar_FN_vs_true_negative,logistic_regression,127,32,64,16,PASS,0.9765625,0.9757106608669109,0.9375,0.9375,0.9375,0.013914052972729074,4,scar,v4_patient_level_refold
PRISM_PRIVATE_LGE_L0,P3_nnunet_scar_FP_vs_true_negative,logistic_regression,128,32,64,16,PASS,1.0,1.0,0.96875,0.9375,1.0,0.042172288079050047,0,scar,v4_patient_level_refold
PRISM_PRIVATE_LGE_L0,P3_nnunet_scar_FP_vs_true_negative,logistic_regression,128,32,64,16,PASS,1.0,1.0,1.0,1.0,1.0,0.0007754643983521881,1,scar,v4_patient_level_refold
PRISM_PRIVATE_LGE_L0,P3_nnunet_scar_FP_vs_true_negative,logistic_regression,128,32,64,16,PASS,1.0,1.0,1.0,1.0,1.0,0.006902343795552712,2,scar,v4_patient_level_refold
PRISM_PRIVATE_LGE_L0,P3_nnunet_scar_FP_vs_true_negative,logistic_regression,128,32,64,16,PASS,1.0,1.0,0.96875,0.9375,1.0,0.02778208359575568,3,scar,v4_patient_level_refold
PRISM_PRIVATE_LGE_L0,P3_nnunet_scar_FP_vs_true_negative,logistic_regression,128,32,64,16,PASS,0.98828125,0.9901315789473684,0.9375,0.9375,0.9375,0.020873940884387432,4,scar,v4_patient_level_refold
PRISM_PRIVATE_LGE_L0,P4_pure_edema_vs_normal_myocardium,logistic_regression,128,32,64,16,PASS,0.80859375,0.8595295788770053,0.78125,0.625,0.9375,0.11310230468623472,0,pure_edema,v4_patient_level_refold
PRISM_PRIVATE_LGE_L0,P4_pure_edema_vs_normal_myocardium,logistic_regression,128,32,64,16,PASS,0.81640625,0.8338364352151117,0.6875,0.625,0.75,0.0606858755381664,1,pure_edema,v4_patient_level_refold
PRISM_PRIVATE_LGE_L0,P4_pure_edema_vs_normal_myocardium,logistic_regression,128,32,64,16,PASS,0.8828125,0.8828981291956836,0.78125,0.75,0.8125,0.041738284180671825,2,pure_edema,v4_patient_level_refold
PRISM_PRIVATE_LGE_L0,P4_pure_edema_vs_normal_myocardium,logistic_regression,128,32,64,16,PASS,0.87890625,0.9189280626780626,0.84375,0.75,0.9375,0.0017148782709585642,3,pure_edema,v4_patient_level_refold
PRISM_PRIVATE_LGE_L0,P4_pure_edema_vs_normal_myocardium,logistic_regression,128,32,64,16,PASS,0.875,0.8473129558994498,0.8125,0.875,0.75,0.06792334991257643,4,pure_edema,v4_patient_level_refold
PRISM_PRIVATE_LGE_L0,P5_nnunet_pure_edema_FN,logistic_regression,128,32,64,16,PASS,0.9921875,0.9924172794117647,0.875,0.75,1.0,0.09161753525653105,0,pure_edema,v4_patient_level_refold
PRISM_PRIVATE_LGE_L0,P5_nnunet_pure_edema_FN,logistic_regression,128,32,64,16,PASS,0.984375,0.985702614379085,0.875,0.875,0.875,0.005706195140380288,1,pure_edema,v4_patient_level_refold
PRISM_PRIVATE_LGE_L0,P5_nnunet_pure_edema_FN,logistic_regression,128,32,64,16,PASS,0.99609375,0.9963235294117647,0.9375,0.9375,0.9375,0.005192942753081242,2,pure_edema,v4_patient_level_refold
PRISM_PRIVATE_LGE_L0,P5_nnunet_pure_edema_FN,logistic_regression,128,32,64,16,PASS,0.99609375,0.9963235294117647,0.9375,0.875,1.0,0.02810941527588351,3,pure_edema,v4_patient_level_refold
PRISM_PRIVATE_LGE_L0,P5_nnunet_pure_edema_FN,logistic_regression,128,32,64,16,PASS,0.9765625,0.9757106608669109,0.90625,0.9375,0.875,0.03799132830383645,4,pure_edema,v4_patient_level_refold
PRISM_PRIVATE_LGE_L0,P6_nnunet_pure_edema_FP,logistic_regression,128,32,64,16,PASS,1.0,1.0,0.96875,0.9375,1.0,0.03537458033064533,0,pure_edema,v4_patient_level_refold
PRISM_PRIVATE_LGE_L0,P6_nnunet_pure_edema_FP,logistic_regression,128,32,64,16,PASS,0.94921875,0.9558153195488722,0.8125,0.75,0.875,0.04827401355660976,1,pure_edema,v4_patient_level_refold
PRISM_PRIVATE_LGE_L0,P6_nnunet_pure_edema_FP,logistic_regression,128,32,64,16,PASS,0.99609375,0.9963235294117647,0.96875,0.9375,1.0,0.03446070066663798,2,pure_edema,v4_patient_level_refold
PRISM_PRIVATE_LGE_L0,P6_nnunet_pure_edema_FP,logistic_regression,128,32,64,16,PASS,1.0,1.0,0.9375,0.875,1.0,0.015510461239088391,3,pure_edema,v4_patient_level_refold
PRISM_PRIVATE_LGE_L0,P6_nnunet_pure_edema_FP,logistic_regression,128,32,64,16,PASS,0.984375,0.9837863270308124,0.9375,1.0,0.875,0.060559308567850634,4,pure_edema,v4_patient_level_refold
PRISM_PRIVATE_LGE_L0,P7_small_scar_vs_normal_myocardium,logistic_regression,77,17,64,16,PASS,1.0,1.0,1.0,1.0,1.0,0.010513176280776637,0,scar,v4_patient_level_refold
PRISM_PRIVATE_LGE_L0,P7_small_scar_vs_normal_myocardium,logistic_regression,75,19,64,16,PASS,1.0,1.0,0.96875,1.0,0.9375,0.029195200405340432,1,scar,v4_patient_level_refold
PRISM_PRIVATE_LGE_L0,P7_small_scar_vs_normal_myocardium,logistic_regression,77,17,64,16,PASS,1.0,1.0,1.0,1.0,1.0,0.024623937656427855,2,scar,v4_patient_level_refold
PRISM_PRIVATE_LGE_L0,P7_small_scar_vs_normal_myocardium,logistic_regression,73,21,64,16,PASS,0.85,0.8225,0.8,0.6,1.0,0.09314954397011382,3,scar,v4_patient_level_refold
PRISM_PRIVATE_LGE_L0,P7_small_scar_vs_normal_myocardium,logistic_regression,74,20,64,16,PASS,0.953125,0.8541666666666666,0.84375,0.75,0.9375,0.048960640557225155,4,scar,v4_patient_level_refold
PRISM_PRIVATE_LGE_L0,P8_boundary_scar_vs_non_scar_myocardium,logistic_regression,127,32,64,16,PASS,0.98046875,0.9851190476190477,0.96875,0.9375,1.0,0.045191422435768014,0,scar,v4_patient_level_refold
PRISM_PRIVATE_LGE_L0,P8_boundary_scar_vs_non_scar_myocardium,logistic_regression,128,31,64,16,PASS,0.9666666666666667,0.9726190476190475,0.9020833333333333,0.8666666666666667,0.9375,0.021747752339893234,1,scar,v4_patient_level_refold
PRISM_PRIVATE_LGE_L0,P8_boundary_scar_vs_non_scar_myocardium,logistic_regression,127,32,64,16,PASS,0.96875,0.9695567810457517,0.90625,0.9375,0.875,0.0072498179980264865,2,scar,v4_patient_level_refold
PRISM_PRIVATE_LGE_L0,P8_boundary_scar_vs_non_scar_myocardium,logistic_regression,127,32,64,16,PASS,0.99609375,0.9963235294117647,0.9375,0.9375,0.9375,0.01090048187532855,3,scar,v4_patient_level_refold
PRISM_PRIVATE_LGE_L0,P8_boundary_scar_vs_non_scar_myocardium,logistic_regression,127,32,64,16,PASS,0.9375,0.9401174757260283,0.875,0.875,0.875,0.02216311687579786,4,scar,v4_patient_level_refold
PRISM_PRIVATE_LGE_L1,P1_scar_vs_normal_myocardium,logistic_regression,127,32,64,16,PASS,0.9609375,0.9705615942028986,0.875,0.875,0.875,0.004013722909024797,0,scar,v4_patient_level_refold
PRISM_PRIVATE_LGE_L1,P1_scar_vs_normal_myocardium,logistic_regression,128,31,64,16,PASS,0.9375,0.9318612977436507,0.8708333333333333,0.8666666666666667,0.875,0.0076437402785081154,1,scar,v4_patient_level_refold
PRISM_PRIVATE_LGE_L1,P1_scar_vs_normal_myocardium,logistic_regression,127,32,64,16,PASS,0.98828125,0.9901315789473684,0.9375,0.9375,0.9375,0.02126635647694264,2,scar,v4_patient_level_refold
PRISM_PRIVATE_LGE_L1,P1_scar_vs_normal_myocardium,logistic_regression,127,32,64,16,PASS,0.96875,0.9710839598997495,0.875,0.875,0.875,0.0024320109762985265,3,scar,v4_patient_level_refold
PRISM_PRIVATE_LGE_L1,P1_scar_vs_normal_myocardium,logistic_regression,127,32,64,16,PASS,0.93359375,0.9517742319599904,0.84375,0.8125,0.875,0.025576480709656402,4,scar,v4_patient_level_refold
PRISM_PRIVATE_LGE_L1,P2_nnunet_scar_FN_vs_true_negative,logistic_regression,126,32,64,16,PASS,0.9765625,0.9829545454545454,0.96875,0.9375,1.0,0.014526992958617979,0,scar,v4_patient_level_refold
PRISM_PRIVATE_LGE_L1,P2_nnunet_scar_FN_vs_true_negative,logistic_regression,127,31,64,16,PASS,0.9875,0.9866269841269841,0.9354166666666667,0.9333333333333333,0.9375,0.007174549124747187,1,scar,v4_patient_level_refold
PRISM_PRIVATE_LGE_L1,P2_nnunet_scar_FN_vs_true_negative,logistic_regression,126,32,64,16,PASS,1.0,1.0,1.0,1.0,1.0,0.0018307398633479188,2,scar,v4_patient_level_refold
PRISM_PRIVATE_LGE_L1,P2_nnunet_scar_FN_vs_true_negative,logistic_regression,126,32,64,16,PASS,0.98828125,0.9882506127450981,0.9375,0.9375,0.9375,0.014867224840741211,3,scar,v4_patient_level_refold
PRISM_PRIVATE_LGE_L1,P2_nnunet_scar_FN_vs_true_negative,logistic_regression,127,31,64,16,PASS,0.9958333333333333,0.9958333333333333,0.9333333333333333,0.8666666666666667,1.0,0.0468739728388472,4,scar,v4_patient_level_refold
PRISM_PRIVATE_LGE_L1,P3_nnunet_scar_FP_vs_true_negative,logistic_regression,127,32,64,16,PASS,1.0,1.0,0.96875,0.9375,1.0,0.012463973984886578,0,scar,v4_patient_level_refold
PRISM_PRIVATE_LGE_L1,P3_nnunet_scar_FP_vs_true_negative,logistic_regression,127,32,64,16,PASS,1.0,1.0,1.0,1.0,1.0,0.007039399667002344,1,scar,v4_patient_level_refold
PRISM_PRIVATE_LGE_L1,P3_nnunet_scar_FP_vs_true_negative,logistic_regression,128,31,64,16,PASS,1.0,1.0,1.0,1.0,1.0,0.00975671313799198,2,scar,v4_patient_level_refold
PRISM_PRIVATE_LGE_L1,P3_nnunet_scar_FP_vs_true_negative,logistic_regression,127,32,64,16,PASS,0.9921875,0.9930555555555556,0.9375,0.9375,0.9375,0.011247095306242627,3,scar,v4_patient_level_refold
PRISM_PRIVATE_LGE_L1,P3_nnunet_scar_FP_vs_true_negative,logistic_regression,127,32,64,16,PASS,1.0,1.0,0.96875,0.9375,1.0,0.009595954055984901,4,scar,v4_patient_level_refold
PRISM_PRIVATE_LGE_L1,P4_pure_edema_vs_normal_myocardium,logistic_regression,128,32,64,16,PASS,0.87109375,0.8823556478243978,0.78125,0.75,0.8125,0.04272891911647114,0,pure_edema,v4_patient_level_refold
PRISM_PRIVATE_LGE_L1,P4_pure_edema_vs_normal_myocardium,logistic_regression,128,32,64,16,PASS,0.875,0.8877009377468936,0.78125,0.75,0.8125,0.006696781061029167,1,pure_edema,v4_patient_level_refold
PRISM_PRIVATE_LGE_L1,P4_pure_edema_vs_normal_myocardium,logistic_regression,128,32,64,16,PASS,0.96875,0.9743421052631579,0.90625,0.875,0.9375,0.006952439197158489,2,pure_edema,v4_patient_level_refold
PRISM_PRIVATE_LGE_L1,P4_pure_edema_vs_normal_myocardium,logistic_regression,128,32,64,16,PASS,0.84765625,0.8750005881799361,0.78125,0.75,0.8125,0.018279139448279524,3,pure_edema,v4_patient_level_refold
PRISM_PRIVATE_LGE_L1,P4_pure_edema_vs_normal_myocardium,logistic_regression,128,32,64,16,PASS,0.87890625,0.8972048494591064,0.75,0.8125,0.6875,0.023707819897089033,4,pure_edema,v4_patient_level_refold
PRISM_PRIVATE_LGE_L1,P5_nnunet_pure_edema_FN,logistic_regression,128,32,64,16,PASS,0.98046875,0.98359375,0.90625,0.9375,0.875,0.0044659584665400764,0,pure_edema,v4_patient_level_refold
PRISM_PRIVATE_LGE_L1,P5_nnunet_pure_edema_FN,logistic_regression,128,32,64,16,PASS,0.984375,0.9837863270308124,0.9375,0.9375,0.9375,0.024880887733802093,1,pure_edema,v4_patient_level_refold
PRISM_PRIVATE_LGE_L1,P5_nnunet_pure_edema_FN,logistic_regression,128,32,64,16,PASS,1.0,1.0,0.96875,0.9375,1.0,0.026231169829008527,2,pure_edema,v4_patient_level_refold
PRISM_PRIVATE_LGE_L1,P5_nnunet_pure_edema_FN,logistic_regression,128,32,64,16,PASS,0.97265625,0.9734258286647993,0.90625,0.9375,0.875,0.023748141161488157,3,pure_edema,v4_patient_level_refold
PRISM_PRIVATE_LGE_L1,P5_nnunet_pure_edema_FN,logistic_regression,128,32,64,16,PASS,1.0,1.0,1.0,1.0,1.0,0.008946861428530739,4,pure_edema,v4_patient_level_refold
PRISM_PRIVATE_LGE_L1,P6_nnunet_pure_edema_FP,logistic_regression,128,32,64,16,PASS,1.0,1.0,1.0,1.0,1.0,0.009846840952462799,0,pure_edema,v4_patient_level_refold
PRISM_PRIVATE_LGE_L1,P6_nnunet_pure_edema_FP,logistic_regression,128,32,64,16,PASS,0.98828125,0.9901315789473684,0.90625,0.9375,0.875,0.0004453206860589032,1,pure_edema,v4_patient_level_refold
PRISM_PRIVATE_LGE_L1,P6_nnunet_pure_edema_FP,logistic_regression,128,32,64,16,PASS,1.0,1.0,1.0,1.0,1.0,0.002276195653502344,2,pure_edema,v4_patient_level_refold
PRISM_PRIVATE_LGE_L1,P6_nnunet_pure_edema_FP,logistic_regression,128,32,64,16,PASS,0.99609375,0.9963235294117647,0.96875,0.9375,1.0,0.002936777342657071,3,pure_edema,v4_patient_level_refold
PRISM_PRIVATE_LGE_L1,P6_nnunet_pure_edema_FP,logistic_regression,128,32,64,16,PASS,0.99609375,0.9963235294117647,0.9375,0.9375,0.9375,0.019564396931719408,4,pure_edema,v4_patient_level_refold
PRISM_PRIVATE_LGE_L1,P7_small_scar_vs_normal_myocardium,logistic_regression,77,17,64,16,PASS,1.0,1.0,1.0,1.0,1.0,0.006107000644375152,0,scar,v4_patient_level_refold
PRISM_PRIVATE_LGE_L1,P7_small_scar_vs_normal_myocardium,logistic_regression,75,19,64,16,PASS,1.0,1.0,1.0,1.0,1.0,0.0033255465270549955,1,scar,v4_patient_level_refold
PRISM_PRIVATE_LGE_L1,P7_small_scar_vs_normal_myocardium,logistic_regression,77,17,64,16,PASS,1.0,1.0,1.0,1.0,1.0,0.0031713173912781417,2,scar,v4_patient_level_refold
PRISM_PRIVATE_LGE_L1,P7_small_scar_vs_normal_myocardium,logistic_regression,73,21,64,16,PASS,0.9875,0.9666666666666666,0.86875,0.8,0.9375,0.012097309239716136,3,scar,v4_patient_level_refold
PRISM_PRIVATE_LGE_L1,P7_small_scar_vs_normal_myocardium,logistic_regression,74,20,64,16,PASS,1.0,1.0,0.875,0.75,1.0,0.029038416871733613,4,scar,v4_patient_level_refold
PRISM_PRIVATE_LGE_L1,P8_boundary_scar_vs_non_scar_myocardium,logistic_regression,127,32,64,16,PASS,0.9609375,0.9705615942028986,0.875,0.875,0.875,0.004013722909024797,0,scar,v4_patient_level_refold
PRISM_PRIVATE_LGE_L1,P8_boundary_scar_vs_non_scar_myocardium,logistic_regression,128,31,64,16,PASS,0.9375,0.9318612977436507,0.8708333333333333,0.8666666666666667,0.875,0.0076437402785081154,1,scar,v4_patient_level_refold
PRISM_PRIVATE_LGE_L1,P8_boundary_scar_vs_non_scar_myocardium,logistic_regression,127,32,64,16,PASS,0.98828125,0.9901315789473684,0.9375,0.9375,0.9375,0.02126635647694264,2,scar,v4_patient_level_refold
PRISM_PRIVATE_LGE_L1,P8_boundary_scar_vs_non_scar_myocardium,logistic_regression,127,32,64,16,PASS,0.96875,0.9710839598997495,0.875,0.875,0.875,0.0024320109762985265,3,scar,v4_patient_level_refold
PRISM_PRIVATE_LGE_L1,P8_boundary_scar_vs_non_scar_myocardium,logistic_regression,127,32,64,16,PASS,0.93359375,0.9517742319599904,0.84375,0.8125,0.875,0.025576480709656402,4,scar,v4_patient_level_refold
PRISM_PRIVATE_LGE_L2,P1_scar_vs_normal_myocardium,logistic_regression,127,32,64,16,PASS,0.98828125,0.9901315789473684,0.96875,0.9375,1.0,0.020217141656529214,0,scar,v4_patient_level_refold
PRISM_PRIVATE_LGE_L2,P1_scar_vs_normal_myocardium,logistic_regression,128,31,64,16,PASS,0.9666666666666667,0.9711500974658869,0.8083333333333333,0.8666666666666667,0.75,0.013315067497606248,1,scar,v4_patient_level_refold
PRISM_PRIVATE_LGE_L2,P1_scar_vs_normal_myocardium,logistic_regression,127,32,64,16,PASS,0.9765625,0.9829545454545454,0.90625,0.9375,0.875,0.011092072317191448,2,scar,v4_patient_level_refold
PRISM_PRIVATE_LGE_L2,P1_scar_vs_normal_myocardium,logistic_regression,127,32,64,16,PASS,0.98046875,0.9815359477124184,0.90625,0.875,0.9375,0.03867766809023254,3,scar,v4_patient_level_refold
PRISM_PRIVATE_LGE_L2,P1_scar_vs_normal_myocardium,logistic_regression,127,32,64,16,PASS,0.94140625,0.9494952609310194,0.84375,0.875,0.8125,0.04178211903789242,4,scar,v4_patient_level_refold
PRISM_PRIVATE_LGE_L2,P2_nnunet_scar_FN_vs_true_negative,logistic_regression,126,32,64,16,PASS,0.99609375,0.9963235294117647,0.96875,0.9375,1.0,0.027562315169808116,0,scar,v4_patient_level_refold
PRISM_PRIVATE_LGE_L2,P2_nnunet_scar_FN_vs_true_negative,logistic_regression,127,31,64,16,PASS,1.0,1.0,1.0,1.0,1.0,0.016518620994389832,1,scar,v4_patient_level_refold
PRISM_PRIVATE_LGE_L2,P2_nnunet_scar_FN_vs_true_negative,logistic_regression,126,32,64,16,PASS,1.0,1.0,1.0,1.0,1.0,0.002160027922289698,2,scar,v4_patient_level_refold
PRISM_PRIVATE_LGE_L2,P2_nnunet_scar_FN_vs_true_negative,logistic_regression,126,32,64,16,PASS,1.0,1.0,0.96875,1.0,0.9375,0.017700309849999374,3,scar,v4_patient_level_refold
PRISM_PRIVATE_LGE_L2,P2_nnunet_scar_FN_vs_true_negative,logistic_regression,127,31,64,16,PASS,1.0,1.0,1.0,1.0,1.0,0.01495404100909109,4,scar,v4_patient_level_refold
PRISM_PRIVATE_LGE_L2,P3_nnunet_scar_FP_vs_true_negative,logistic_regression,120,32,64,16,PASS,0.99609375,0.9963235294117647,0.96875,0.9375,1.0,0.027425076584167984,0,scar,v4_patient_level_refold
PRISM_PRIVATE_LGE_L2,P3_nnunet_scar_FP_vs_true_negative,logistic_regression,123,29,64,16,PASS,1.0,0.9999999999999998,0.9615384615384616,0.9230769230769231,1.0,0.033286504902312664,1,scar,v4_patient_level_refold
PRISM_PRIVATE_LGE_L2,P3_nnunet_scar_FP_vs_true_negative,logistic_regression,121,31,64,16,PASS,1.0,1.0,0.9666666666666667,0.9333333333333333,1.0,0.053648497441002085,2,scar,v4_patient_level_refold
PRISM_PRIVATE_LGE_L2,P3_nnunet_scar_FP_vs_true_negative,logistic_regression,121,31,64,16,PASS,0.9958333333333333,0.9958333333333333,0.96875,1.0,0.9375,0.008226829071463326,3,scar,v4_patient_level_refold
PRISM_PRIVATE_LGE_L2,P3_nnunet_scar_FP_vs_true_negative,logistic_regression,123,29,64,16,PASS,1.0,0.9999999999999998,1.0,1.0,1.0,0.024839787955222625,4,scar,v4_patient_level_refold
PRISM_PRIVATE_LGE_L2,P4_pure_edema_vs_normal_myocardium,logistic_regression,128,32,64,16,PASS,0.93359375,0.9407686063936064,0.875,0.8125,0.9375,0.07132899078887123,0,pure_edema,v4_patient_level_refold
PRISM_PRIVATE_LGE_L2,P4_pure_edema_vs_normal_myocardium,logistic_regression,128,32,64,16,PASS,0.8984375,0.9265942028985508,0.84375,0.75,0.9375,0.07513486876642161,1,pure_edema,v4_patient_level_refold
PRISM_PRIVATE_LGE_L2,P4_pure_edema_vs_normal_myocardium,logistic_regression,128,32,64,16,PASS,0.94140625,0.9627976190476191,0.90625,0.875,0.9375,0.005035531373702773,2,pure_edema,v4_patient_level_refold
PRISM_PRIVATE_LGE_L2,P4_pure_edema_vs_normal_myocardium,logistic_regression,128,32,64,16,PASS,0.94140625,0.953046679197995,0.75,0.8125,0.6875,0.028287931689523815,3,pure_edema,v4_patient_level_refold
PRISM_PRIVATE_LGE_L2,P4_pure_edema_vs_normal_myocardium,logistic_regression,128,32,64,16,PASS,0.95703125,0.9584363553113554,0.875,0.9375,0.8125,0.0925995125326673,4,pure_edema,v4_patient_level_refold
PRISM_PRIVATE_LGE_L2,P5_nnunet_pure_edema_FN,logistic_regression,128,32,64,16,PASS,0.984375,0.9837863270308124,0.875,0.75,1.0,0.06494934965687393,0,pure_edema,v4_patient_level_refold
PRISM_PRIVATE_LGE_L2,P5_nnunet_pure_edema_FN,logistic_regression,128,32,64,16,PASS,0.95703125,0.9720552884615384,0.9375,0.875,1.0,0.08169628303514354,1,pure_edema,v4_patient_level_refold
PRISM_PRIVATE_LGE_L2,P5_nnunet_pure_edema_FN,logistic_regression,128,32,64,16,PASS,0.94140625,0.969758064516129,0.96875,0.9375,1.0,0.028402958395180644,2,pure_edema,v4_patient_level_refold
PRISM_PRIVATE_LGE_L2,P5_nnunet_pure_edema_FN,logistic_regression,128,32,64,16,PASS,0.9765625,0.9829545454545454,0.96875,0.9375,1.0,0.017811849912751976,3,pure_edema,v4_patient_level_refold
PRISM_PRIVATE_LGE_L2,P5_nnunet_pure_edema_FN,logistic_regression,128,32,64,16,PASS,0.984375,0.985702614379085,0.9375,1.0,0.875,0.04856114327506311,4,pure_edema,v4_patient_level_refold
PRISM_PRIVATE_LGE_L2,P6_nnunet_pure_edema_FP,logistic_regression,128,31,64,16,PASS,1.0,1.0,1.0,1.0,1.0,0.006225082773277435,0,pure_edema,v4_patient_level_refold
PRISM_PRIVATE_LGE_L2,P6_nnunet_pure_edema_FP,logistic_regression,127,32,64,16,PASS,0.98046875,0.98359375,0.90625,0.8125,1.0,0.08055505235362165,1,pure_edema,v4_patient_level_refold
PRISM_PRIVATE_LGE_L2,P6_nnunet_pure_edema_FP,logistic_regression,127,32,64,16,PASS,1.0,1.0,1.0,1.0,1.0,0.0007672375024551648,2,pure_edema,v4_patient_level_refold
PRISM_PRIVATE_LGE_L2,P6_nnunet_pure_edema_FP,logistic_regression,127,32,64,16,PASS,1.0,1.0,0.96875,1.0,0.9375,0.009940228297316445,3,pure_edema,v4_patient_level_refold
PRISM_PRIVATE_LGE_L2,P6_nnunet_pure_edema_FP,logistic_regression,127,32,64,16,PASS,1.0,1.0,0.96875,1.0,0.9375,0.059847678028829954,4,pure_edema,v4_patient_level_refold
PRISM_PRIVATE_LGE_L2,P7_small_scar_vs_normal_myocardium,logistic_regression,77,17,64,16,PASS,1.0,1.0,1.0,1.0,1.0,0.0023245581128961412,0,scar,v4_patient_level_refold
PRISM_PRIVATE_LGE_L2,P7_small_scar_vs_normal_myocardium,logistic_regression,75,19,64,16,PASS,1.0,1.0,0.8333333333333333,0.6666666666666666,1.0,0.03077188899980768,1,scar,v4_patient_level_refold
PRISM_PRIVATE_LGE_L2,P7_small_scar_vs_normal_myocardium,logistic_regression,77,17,64,16,PASS,1.0,1.0,1.0,1.0,1.0,0.002852943363477606,2,scar,v4_patient_level_refold
PRISM_PRIVATE_LGE_L2,P7_small_scar_vs_normal_myocardium,logistic_regression,73,21,64,16,PASS,1.0,1.0,1.0,1.0,1.0,0.013424382322302586,3,scar,v4_patient_level_refold
PRISM_PRIVATE_LGE_L2,P7_small_scar_vs_normal_myocardium,logistic_regression,74,20,64,16,PASS,1.0,1.0,1.0,1.0,1.0,0.020636814392156255,4,scar,v4_patient_level_refold
PRISM_PRIVATE_LGE_L2,P8_boundary_scar_vs_non_scar_myocardium,logistic_regression,127,32,64,16,PASS,0.98828125,0.9901315789473684,0.96875,0.9375,1.0,0.020217141656529214,0,scar,v4_patient_level_refold
PRISM_PRIVATE_LGE_L2,P8_boundary_scar_vs_non_scar_myocardium,logistic_regression,128,31,64,16,PASS,0.9666666666666667,0.9711500974658869,0.8083333333333333,0.8666666666666667,0.75,0.013315067497606248,1,scar,v4_patient_level_refold
PRISM_PRIVATE_LGE_L2,P8_boundary_scar_vs_non_scar_myocardium,logistic_regression,127,32,64,16,PASS,0.9765625,0.9829545454545454,0.90625,0.9375,0.875,0.011092072317191448,2,scar,v4_patient_level_refold
PRISM_PRIVATE_LGE_L2,P8_boundary_scar_vs_non_scar_myocardium,logistic_regression,127,32,64,16,PASS,0.98046875,0.9815359477124184,0.90625,0.875,0.9375,0.03867766809023254,3,scar,v4_patient_level_refold
PRISM_PRIVATE_LGE_L2,P8_boundary_scar_vs_non_scar_myocardium,logistic_regression,127,32,64,16,PASS,0.94140625,0.9494952609310194,0.84375,0.875,0.8125,0.04178211903789242,4,scar,v4_patient_level_refold
PRISM_PRIVATE_LGE_L3,P1_scar_vs_normal_myocardium,logistic_regression,127,32,64,16,PASS,0.95703125,0.9694270833333334,0.875,0.8125,0.9375,0.06202418826984718,0,scar,v4_patient_level_refold
PRISM_PRIVATE_LGE_L3,P1_scar_vs_normal_myocardium,logistic_regression,128,31,64,16,PASS,0.9208333333333334,0.9400691699604742,0.86875,0.8,0.9375,0.06025635736301266,1,scar,v4_patient_level_refold
PRISM_PRIVATE_LGE_L3,P1_scar_vs_normal_myocardium,logistic_regression,127,32,64,16,PASS,0.87109375,0.8911533094098884,0.78125,0.6875,0.875,0.02399713147462379,2,scar,v4_patient_level_refold
PRISM_PRIVATE_LGE_L3,P1_scar_vs_normal_myocardium,logistic_regression,127,32,64,16,PASS,0.96484375,0.9666328044375645,0.90625,1.0,0.8125,0.07750422355374909,3,scar,v4_patient_level_refold
PRISM_PRIVATE_LGE_L3,P1_scar_vs_normal_myocardium,logistic_regression,127,32,64,16,PASS,0.8046875,0.855406510203009,0.6875,0.6875,0.6875,0.030430321563977902,4,scar,v4_patient_level_refold
PRISM_PRIVATE_LGE_L3,P2_nnunet_scar_FN_vs_true_negative,logistic_regression,117,27,64,16,PASS,0.9375,0.9545454545454546,0.9545454545454546,0.9090909090909091,1.0,0.034708337992388816,0,scar,v4_patient_level_refold
PRISM_PRIVATE_LGE_L3,P2_nnunet_scar_FN_vs_true_negative,logistic_regression,116,28,64,16,PASS,0.9479166666666666,0.9521464646464647,0.9270833333333333,0.9166666666666666,0.9375,0.0005915380654991087,1,scar,v4_patient_level_refold
PRISM_PRIVATE_LGE_L3,P2_nnunet_scar_FN_vs_true_negative,logistic_regression,114,30,64,16,PASS,0.8883928571428571,0.920540438397581,0.8928571428571428,0.7857142857142857,1.0,0.11253765781662023,2,scar,v4_patient_level_refold
PRISM_PRIVATE_LGE_L3,P2_nnunet_scar_FN_vs_true_negative,logistic_regression,115,29,64,16,PASS,1.0,0.9999999999999998,0.96875,1.0,0.9375,0.03864328898928615,3,scar,v4_patient_level_refold
PRISM_PRIVATE_LGE_L3,P2_nnunet_scar_FN_vs_true_negative,logistic_regression,114,30,64,16,PASS,0.9508928571428572,0.9685714285714284,0.9285714285714286,0.8571428571428571,1.0,0.05393457119860373,4,scar,v4_patient_level_refold
PRISM_PRIVATE_LGE_L3,P3_nnunet_scar_FP_vs_true_negative,logistic_regression,98,27,64,16,PASS,0.9886363636363636,0.986013986013986,0.9545454545454546,0.9090909090909091,1.0,0.03553560190642813,0,scar,v4_patient_level_refold
PRISM_PRIVATE_LGE_L3,P3_nnunet_scar_FP_vs_true_negative,logistic_regression,102,23,64,16,PASS,1.0,0.9999999999999998,0.9285714285714286,0.8571428571428571,1.0,0.028301666016447347,1,scar,v4_patient_level_refold
PRISM_PRIVATE_LGE_L3,P3_nnunet_scar_FP_vs_true_negative,logistic_regression,99,26,64,16,PASS,0.96875,0.9666666666666666,0.95,0.9,1.0,0.014563152761244147,2,scar,v4_patient_level_refold
PRISM_PRIVATE_LGE_L3,P3_nnunet_scar_FP_vs_true_negative,logistic_regression,101,24,64,16,PASS,1.0,1.0,1.0,1.0,1.0,0.006350652739303353,3,scar,v4_patient_level_refold
PRISM_PRIVATE_LGE_L3,P3_nnunet_scar_FP_vs_true_negative,logistic_regression,100,25,64,16,PASS,0.9583333333333333,0.9555555555555555,0.9131944444444444,0.8888888888888888,0.9375,0.0036614418064718213,4,scar,v4_patient_level_refold
PRISM_PRIVATE_LGE_L3,P4_pure_edema_vs_normal_myocardium,logistic_regression,127,32,64,16,PASS,0.83984375,0.8782316912272154,0.6875,0.6875,0.6875,0.049194313559255576,0,pure_edema,v4_patient_level_refold
PRISM_PRIVATE_LGE_L3,P4_pure_edema_vs_normal_myocardium,logistic_regression,128,31,64,16,PASS,0.8041666666666667,0.8013614163614163,0.7083333333333333,0.6666666666666666,0.75,0.006883353532765812,1,pure_edema,v4_patient_level_refold
PRISM_PRIVATE_LGE_L3,P4_pure_edema_vs_normal_myocardium,logistic_regression,127,32,64,16,PASS,0.80859375,0.8732810677994336,0.78125,0.75,0.8125,0.03866373959016589,2,pure_edema,v4_patient_level_refold
PRISM_PRIVATE_LGE_L3,P4_pure_edema_vs_normal_myocardium,logistic_regression,127,32,64,16,PASS,0.734375,0.8105934380021601,0.6875,0.625,0.75,0.05701450877447761,3,pure_edema,v4_patient_level_refold
PRISM_PRIVATE_LGE_L3,P4_pure_edema_vs_normal_myocardium,logistic_regression,127,32,64,16,PASS,0.8828125,0.9054043909307068,0.78125,0.875,0.6875,0.0733349724210468,4,pure_edema,v4_patient_level_refold
PRISM_PRIVATE_LGE_L3,P5_nnunet_pure_edema_FN,logistic_regression,113,31,64,16,PASS,0.9458333333333333,0.9577777777777776,0.8375,0.8,0.875,0.029805490799834577,0,pure_edema,v4_patient_level_refold
PRISM_PRIVATE_LGE_L3,P5_nnunet_pure_edema_FN,logistic_regression,116,28,64,16,PASS,0.9166666666666666,0.9119861619861621,0.78125,0.75,0.8125,0.0009423065049588009,1,pure_edema,v4_patient_level_refold
PRISM_PRIVATE_LGE_L3,P5_nnunet_pure_edema_FN,logistic_regression,117,27,64,16,PASS,0.9488636363636364,0.9494949494949496,0.8920454545454546,0.9090909090909091,0.875,0.014052975323978367,2,pure_edema,v4_patient_level_refold
PRISM_PRIVATE_LGE_L3,P5_nnunet_pure_edema_FN,logistic_regression,115,29,64,16,PASS,0.8894230769230769,0.8905705405705404,0.8149038461538461,0.6923076923076923,0.9375,0.08822338600093627,3,pure_edema,v4_patient_level_refold
PRISM_PRIVATE_LGE_L3,P5_nnunet_pure_edema_FN,logistic_regression,115,29,64,16,PASS,0.9615384615384616,0.9632478632478629,0.9230769230769231,0.8461538461538461,1.0,0.012462277059549276,4,pure_edema,v4_patient_level_refold
PRISM_PRIVATE_LGE_L3,P6_nnunet_pure_edema_FP,logistic_regression,115,29,64,16,PASS,1.0,0.9999999999999998,1.0,1.0,1.0,0.02592031468939332,0,pure_edema,v4_patient_level_refold
PRISM_PRIVATE_LGE_L3,P6_nnunet_pure_edema_FP,logistic_regression,117,27,64,16,PASS,0.8068181818181819,0.782614341283072,0.6335227272727273,0.45454545454545453,0.8125,0.0849100188836549,1,pure_edema,v4_patient_level_refold
PRISM_PRIVATE_LGE_L3,P6_nnunet_pure_edema_FP,logistic_regression,117,27,64,16,PASS,0.9204545454545454,0.9307359307359309,0.8778409090909092,0.8181818181818182,0.9375,0.025813156639834633,2,pure_edema,v4_patient_level_refold
PRISM_PRIVATE_LGE_L3,P6_nnunet_pure_edema_FP,logistic_regression,114,30,64,16,PASS,0.9821428571428571,0.9815476190476189,0.8973214285714286,0.8571428571428571,0.9375,0.06405356192539102,3,pure_edema,v4_patient_level_refold
PRISM_PRIVATE_LGE_L3,P6_nnunet_pure_edema_FP,logistic_regression,113,31,64,16,PASS,0.9875,0.9877124183006536,0.9020833333333333,0.8666666666666667,0.9375,0.0012182689782116451,4,pure_edema,v4_patient_level_refold
PRISM_PRIVATE_LGE_L3,P7_small_scar_vs_normal_myocardium,logistic_regression,77,17,64,16,PASS,1.0,1.0,0.5,0.0,1.0,0.04692521587188317,0,scar,v4_patient_level_refold
PRISM_PRIVATE_LGE_L3,P7_small_scar_vs_normal_myocardium,logistic_regression,75,19,64,16,PASS,0.8958333333333334,0.6666666666666667,0.6666666666666666,0.3333333333333333,1.0,0.09777219528268521,1,scar,v4_patient_level_refold
PRISM_PRIVATE_LGE_L3,P7_small_scar_vs_normal_myocardium,logistic_regression,77,17,64,16,PASS,1.0,1.0,1.0,1.0,1.0,0.008911274361704483,2,scar,v4_patient_level_refold
PRISM_PRIVATE_LGE_L3,P7_small_scar_vs_normal_myocardium,logistic_regression,73,21,64,16,PASS,0.95,0.8761904761904762,0.8375,0.8,0.875,0.01541718116287688,3,scar,v4_patient_level_refold
PRISM_PRIVATE_LGE_L3,P7_small_scar_vs_normal_myocardium,logistic_regression,74,20,64,16,PASS,0.75,0.8,0.875,0.75,1.0,0.03291506995948015,4,scar,v4_patient_level_refold
PRISM_PRIVATE_LGE_L3,P8_boundary_scar_vs_non_scar_myocardium,logistic_regression,127,32,64,16,PASS,0.95703125,0.9694270833333334,0.875,0.8125,0.9375,0.06202418826984718,0,scar,v4_patient_level_refold
PRISM_PRIVATE_LGE_L3,P8_boundary_scar_vs_non_scar_myocardium,logistic_regression,128,31,64,16,PASS,0.9208333333333334,0.9400691699604742,0.86875,0.8,0.9375,0.06025635736301266,1,scar,v4_patient_level_refold
PRISM_PRIVATE_LGE_L3,P8_boundary_scar_vs_non_scar_myocardium,logistic_regression,127,32,64,16,PASS,0.87109375,0.8911533094098884,0.78125,0.6875,0.875,0.02399713147462379,2,scar,v4_patient_level_refold
PRISM_PRIVATE_LGE_L3,P8_boundary_scar_vs_non_scar_myocardium,logistic_regression,127,32,64,16,PASS,0.96484375,0.9666328044375645,0.90625,1.0,0.8125,0.07750422355374909,3,scar,v4_patient_level_refold
PRISM_PRIVATE_LGE_L3,P8_boundary_scar_vs_non_scar_myocardium,logistic_regression,127,32,64,16,PASS,0.8046875,0.855406510203009,0.6875,0.6875,0.6875,0.030430321563977902,4,scar,v4_patient_level_refold
PRISM_PRIVATE_T2_L0,P1_scar_vs_normal_myocardium,logistic_regression,127,32,64,16,PASS,0.91015625,0.9142387503800548,0.84375,0.75,0.9375,0.030419505462667806,0,scar,v4_patient_level_refold
PRISM_PRIVATE_T2_L0,P1_scar_vs_normal_myocardium,logistic_regression,128,31,64,16,PASS,0.8666666666666667,0.897246039504104,0.8041666666666667,0.7333333333333333,0.875,0.006000678010586402,1,scar,v4_patient_level_refold
PRISM_PRIVATE_T2_L0,P1_scar_vs_normal_myocardium,logistic_regression,127,32,64,16,PASS,0.97265625,0.9741476853899455,0.875,0.8125,0.9375,0.019829492714173225,2,scar,v4_patient_level_refold
PRISM_PRIVATE_T2_L0,P1_scar_vs_normal_myocardium,logistic_regression,127,32,64,16,PASS,0.859375,0.8594069514030562,0.78125,0.8125,0.75,0.014131249565505044,3,scar,v4_patient_level_refold
PRISM_PRIVATE_T2_L0,P1_scar_vs_normal_myocardium,logistic_regression,127,32,64,16,PASS,0.8203125,0.8494140261835361,0.71875,0.625,0.8125,0.0464263988687133,4,scar,v4_patient_level_refold
PRISM_PRIVATE_T2_L0,P2_nnunet_scar_FN_vs_true_negative,logistic_regression,127,32,64,16,PASS,0.9140625,0.9460769615192404,0.90625,0.875,0.9375,0.029955594821635678,0,scar,v4_patient_level_refold
PRISM_PRIVATE_T2_L0,P2_nnunet_scar_FN_vs_true_negative,logistic_regression,128,31,64,16,PASS,0.9083333333333333,0.9444444444444444,0.9,0.8,1.0,0.05350967441107812,1,scar,v4_patient_level_refold
PRISM_PRIVATE_T2_L0,P2_nnunet_scar_FN_vs_true_negative,logistic_regression,127,32,64,16,PASS,1.0,1.0,1.0,1.0,1.0,0.015048559515876136,2,scar,v4_patient_level_refold
PRISM_PRIVATE_T2_L0,P2_nnunet_scar_FN_vs_true_negative,logistic_regression,127,32,64,16,PASS,0.95703125,0.965327380952381,0.875,0.8125,0.9375,0.04875171956486829,3,scar,v4_patient_level_refold
PRISM_PRIVATE_T2_L0,P2_nnunet_scar_FN_vs_true_negative,logistic_regression,127,32,64,16,PASS,0.98046875,0.9827786377708978,0.9375,0.875,1.0,0.0027365968976774124,4,scar,v4_patient_level_refold
PRISM_PRIVATE_T2_L0,P3_nnunet_scar_FP_vs_true_negative,logistic_regression,128,32,64,16,PASS,0.96875,0.9748816287878788,0.9375,0.9375,0.9375,0.024942669450592758,0,scar,v4_patient_level_refold
PRISM_PRIVATE_T2_L0,P3_nnunet_scar_FP_vs_true_negative,logistic_regression,128,32,64,16,PASS,0.99609375,0.9963235294117647,0.96875,0.9375,1.0,0.010175760062358596,1,scar,v4_patient_level_refold
PRISM_PRIVATE_T2_L0,P3_nnunet_scar_FP_vs_true_negative,logistic_regression,128,32,64,16,PASS,1.0,1.0,1.0,1.0,1.0,0.011413984179646341,2,scar,v4_patient_level_refold
PRISM_PRIVATE_T2_L0,P3_nnunet_scar_FP_vs_true_negative,logistic_regression,128,32,64,16,PASS,0.984375,0.9837863270308124,0.9375,0.9375,0.9375,0.0011562842553235475,3,scar,v4_patient_level_refold
PRISM_PRIVATE_T2_L0,P3_nnunet_scar_FP_vs_true_negative,logistic_regression,128,32,64,16,PASS,0.99609375,0.9963235294117647,0.9375,0.9375,0.9375,0.005654907094652495,4,scar,v4_patient_level_refold
PRISM_PRIVATE_T2_L0,P4_pure_edema_vs_normal_myocardium,logistic_regression,128,32,64,16,PASS,0.84375,0.831105030934719,0.75,0.8125,0.6875,0.037124209593287105,0,pure_edema,v4_patient_level_refold
PRISM_PRIVATE_T2_L0,P4_pure_edema_vs_normal_myocardium,logistic_regression,128,32,64,16,PASS,0.890625,0.9068506146631146,0.75,0.625,0.875,0.10146803892503875,1,pure_edema,v4_patient_level_refold
PRISM_PRIVATE_T2_L0,P4_pure_edema_vs_normal_myocardium,logistic_regression,128,32,64,16,PASS,0.83984375,0.8325134708987263,0.6875,0.6875,0.6875,0.006977639122365098,2,pure_edema,v4_patient_level_refold
PRISM_PRIVATE_T2_L0,P4_pure_edema_vs_normal_myocardium,logistic_regression,128,32,64,16,PASS,0.921875,0.9183479714729715,0.875,0.875,0.875,0.05857931373924741,3,pure_edema,v4_patient_level_refold
PRISM_PRIVATE_T2_L0,P4_pure_edema_vs_normal_myocardium,logistic_regression,128,32,64,16,PASS,0.73046875,0.7032834526584526,0.75,0.75,0.75,0.04707946046198952,4,pure_edema,v4_patient_level_refold
PRISM_PRIVATE_T2_L0,P5_nnunet_pure_edema_FN,logistic_regression,128,32,64,16,PASS,0.9375,0.9317362702213245,0.9375,0.9375,0.9375,0.0017615382384814637,0,pure_edema,v4_patient_level_refold
PRISM_PRIVATE_T2_L0,P5_nnunet_pure_edema_FN,logistic_regression,128,32,64,16,PASS,0.9609375,0.97359375,0.875,0.75,1.0,0.06911535435389865,1,pure_edema,v4_patient_level_refold
PRISM_PRIVATE_T2_L0,P5_nnunet_pure_edema_FN,logistic_regression,128,32,64,16,PASS,0.99609375,0.9963235294117647,0.9375,0.9375,0.9375,0.037208937130524866,2,pure_edema,v4_patient_level_refold
PRISM_PRIVATE_T2_L0,P5_nnunet_pure_edema_FN,logistic_regression,128,32,64,16,PASS,0.953125,0.9408895882991278,0.875,0.9375,0.8125,0.013925268607776653,3,pure_edema,v4_patient_level_refold
PRISM_PRIVATE_T2_L0,P5_nnunet_pure_edema_FN,logistic_regression,128,32,64,16,PASS,0.92578125,0.9465842245989304,0.84375,0.875,0.8125,0.018705938055866067,4,pure_edema,v4_patient_level_refold
PRISM_PRIVATE_T2_L0,P6_nnunet_pure_edema_FP,logistic_regression,128,32,64,16,PASS,0.9609375,0.97359375,0.9375,0.9375,0.9375,0.02010988323698154,0,pure_edema,v4_patient_level_refold
PRISM_PRIVATE_T2_L0,P6_nnunet_pure_edema_FP,logistic_regression,128,32,64,16,PASS,0.98046875,0.9851190476190477,0.90625,0.8125,1.0,0.07434988966786849,1,pure_edema,v4_patient_level_refold
PRISM_PRIVATE_T2_L0,P6_nnunet_pure_edema_FP,logistic_regression,128,32,64,16,PASS,0.9921875,0.9930555555555556,0.9375,0.9375,0.9375,0.008049104496091697,2,pure_edema,v4_patient_level_refold
PRISM_PRIVATE_T2_L0,P6_nnunet_pure_edema_FP,logistic_regression,128,32,64,16,PASS,0.98828125,0.9882506127450981,0.9375,1.0,0.875,0.05645753081098337,3,pure_edema,v4_patient_level_refold
PRISM_PRIVATE_T2_L0,P6_nnunet_pure_edema_FP,logistic_regression,128,32,64,16,PASS,0.98046875,0.9827786377708978,0.9375,0.875,1.0,0.012728034662524534,4,pure_edema,v4_patient_level_refold
PRISM_PRIVATE_T2_L0,P7_small_scar_vs_normal_myocardium,logistic_regression,77,17,64,16,PASS,1.0,1.0,0.96875,1.0,0.9375,0.07542845974992012,0,scar,v4_patient_level_refold
PRISM_PRIVATE_T2_L0,P7_small_scar_vs_normal_myocardium,logistic_regression,75,19,64,16,PASS,0.6875,0.7222222222222222,0.8333333333333333,0.6666666666666666,1.0,0.03140361425811408,1,scar,v4_patient_level_refold
PRISM_PRIVATE_T2_L0,P7_small_scar_vs_normal_myocardium,logistic_regression,77,17,64,16,PASS,1.0,1.0,1.0,1.0,1.0,0.059378912887993504,2,scar,v4_patient_level_refold
PRISM_PRIVATE_T2_L0,P7_small_scar_vs_normal_myocardium,logistic_regression,73,21,64,16,PASS,0.95,0.885,0.76875,0.6,0.9375,0.03861856907579336,3,scar,v4_patient_level_refold
PRISM_PRIVATE_T2_L0,P7_small_scar_vs_normal_myocardium,logistic_regression,74,20,64,16,PASS,0.96875,0.8875,0.84375,0.75,0.9375,0.01668372021728909,4,scar,v4_patient_level_refold
PRISM_PRIVATE_T2_L0,P8_boundary_scar_vs_non_scar_myocardium,logistic_regression,127,32,64,16,PASS,0.91015625,0.9142387503800548,0.84375,0.75,0.9375,0.030419505462667806,0,scar,v4_patient_level_refold
PRISM_PRIVATE_T2_L0,P8_boundary_scar_vs_non_scar_myocardium,logistic_regression,128,31,64,16,PASS,0.8666666666666667,0.897246039504104,0.8041666666666667,0.7333333333333333,0.875,0.006000678010586402,1,scar,v4_patient_level_refold
PRISM_PRIVATE_T2_L0,P8_boundary_scar_vs_non_scar_myocardium,logistic_regression,127,32,64,16,PASS,0.97265625,0.9741476853899455,0.875,0.8125,0.9375,0.019829492714173225,2,scar,v4_patient_level_refold
PRISM_PRIVATE_T2_L0,P8_boundary_scar_vs_non_scar_myocardium,logistic_regression,127,32,64,16,PASS,0.859375,0.8594069514030562,0.78125,0.8125,0.75,0.014131249565505044,3,scar,v4_patient_level_refold
PRISM_PRIVATE_T2_L0,P8_boundary_scar_vs_non_scar_myocardium,logistic_regression,127,32,64,16,PASS,0.8203125,0.8494140261835361,0.71875,0.625,0.8125,0.0464263988687133,4,scar,v4_patient_level_refold
PRISM_PRIVATE_T2_L1,P1_scar_vs_normal_myocardium,logistic_regression,127,32,64,16,PASS,0.953125,0.9592086834733893,0.84375,0.75,0.9375,0.04448766229739409,0,scar,v4_patient_level_refold
PRISM_PRIVATE_T2_L1,P1_scar_vs_normal_myocardium,logistic_regression,128,31,64,16,PASS,0.8416666666666667,0.8845549463782283,0.8041666666666667,0.7333333333333333,0.875,0.06590355456105551,1,scar,v4_patient_level_refold
PRISM_PRIVATE_T2_L1,P1_scar_vs_normal_myocardium,logistic_regression,127,32,64,16,PASS,0.984375,0.9849826388888889,0.90625,0.9375,0.875,0.04563999551000353,2,scar,v4_patient_level_refold
PRISM_PRIVATE_T2_L1,P1_scar_vs_normal_myocardium,logistic_regression,127,32,64,16,PASS,0.984375,0.9862253289473684,0.90625,0.8125,1.0,0.04752188683143166,3,scar,v4_patient_level_refold
PRISM_PRIVATE_T2_L1,P1_scar_vs_normal_myocardium,logistic_regression,127,32,64,16,PASS,0.87890625,0.8831696877468936,0.8125,0.875,0.75,0.014696407712639026,4,scar,v4_patient_level_refold
PRISM_PRIVATE_T2_L1,P2_nnunet_scar_FN_vs_true_negative,logistic_regression,126,32,64,16,PASS,0.984375,0.9849826388888889,0.90625,0.9375,0.875,0.008391036572421462,0,scar,v4_patient_level_refold
PRISM_PRIVATE_T2_L1,P2_nnunet_scar_FN_vs_true_negative,logistic_regression,127,31,64,16,PASS,0.9166666666666667,0.9490647872052045,0.86875,0.8,0.9375,0.06920201480967952,1,scar,v4_patient_level_refold
PRISM_PRIVATE_T2_L1,P2_nnunet_scar_FN_vs_true_negative,logistic_regression,126,32,64,16,PASS,1.0,1.0,1.0,1.0,1.0,0.016862022827183965,2,scar,v4_patient_level_refold
PRISM_PRIVATE_T2_L1,P2_nnunet_scar_FN_vs_true_negative,logistic_regression,126,32,64,16,PASS,1.0,1.0,0.96875,0.9375,1.0,0.04211586717542315,3,scar,v4_patient_level_refold
PRISM_PRIVATE_T2_L1,P2_nnunet_scar_FN_vs_true_negative,logistic_regression,127,31,64,16,PASS,1.0,1.0,0.9375,1.0,0.875,0.05060307250343843,4,scar,v4_patient_level_refold
PRISM_PRIVATE_T2_L1,P3_nnunet_scar_FP_vs_true_negative,logistic_regression,127,32,64,16,PASS,0.98828125,0.9901315789473684,0.9375,0.875,1.0,0.0348321723042464,0,scar,v4_patient_level_refold
PRISM_PRIVATE_T2_L1,P3_nnunet_scar_FP_vs_true_negative,logistic_regression,127,32,64,16,PASS,0.9609375,0.9759615384615384,0.96875,0.9375,1.0,0.023281862860191793,1,scar,v4_patient_level_refold
PRISM_PRIVATE_T2_L1,P3_nnunet_scar_FP_vs_true_negative,logistic_regression,128,31,64,16,PASS,1.0,1.0,1.0,1.0,1.0,0.00587796856240036,2,scar,v4_patient_level_refold
PRISM_PRIVATE_T2_L1,P3_nnunet_scar_FP_vs_true_negative,logistic_regression,127,32,64,16,PASS,0.98828125,0.9882506127450981,0.9375,0.9375,0.9375,0.005065546652913089,3,scar,v4_patient_level_refold
PRISM_PRIVATE_T2_L1,P3_nnunet_scar_FP_vs_true_negative,logistic_regression,127,32,64,16,PASS,1.0,1.0,1.0,1.0,1.0,0.0024460839719946392,4,scar,v4_patient_level_refold
PRISM_PRIVATE_T2_L1,P4_pure_edema_vs_normal_myocardium,logistic_regression,128,32,64,16,PASS,0.91796875,0.9499663978494624,0.875,0.8125,0.9375,0.05523718862931748,0,pure_edema,v4_patient_level_refold
PRISM_PRIVATE_T2_L1,P4_pure_edema_vs_normal_myocardium,logistic_regression,128,32,64,16,PASS,0.8515625,0.8634620723775135,0.75,0.75,0.75,0.022116628402476746,1,pure_edema,v4_patient_level_refold
PRISM_PRIVATE_T2_L1,P4_pure_edema_vs_normal_myocardium,logistic_regression,128,32,64,16,PASS,0.89453125,0.9152363445600341,0.8125,0.8125,0.8125,0.022635496166493796,2,pure_edema,v4_patient_level_refold
PRISM_PRIVATE_T2_L1,P4_pure_edema_vs_normal_myocardium,logistic_regression,128,32,64,16,PASS,0.9921875,0.9930555555555556,0.9375,1.0,0.875,0.03689205864417566,3,pure_edema,v4_patient_level_refold
PRISM_PRIVATE_T2_L1,P4_pure_edema_vs_normal_myocardium,logistic_regression,128,32,64,16,PASS,0.828125,0.8472157177141445,0.71875,0.75,0.6875,0.005730216651969933,4,pure_edema,v4_patient_level_refold
PRISM_PRIVATE_T2_L1,P5_nnunet_pure_edema_FN,logistic_regression,128,32,64,16,PASS,0.97265625,0.9759803921568628,0.90625,0.875,0.9375,0.04190684037493697,0,pure_edema,v4_patient_level_refold
PRISM_PRIVATE_T2_L1,P5_nnunet_pure_edema_FN,logistic_regression,128,32,64,16,PASS,0.9609375,0.959540755404726,0.875,0.875,0.875,0.01346387969565832,1,pure_edema,v4_patient_level_refold
PRISM_PRIVATE_T2_L1,P5_nnunet_pure_edema_FN,logistic_regression,128,32,64,16,PASS,0.94921875,0.9693080357142857,0.9375,0.875,1.0,0.03126559288709807,2,pure_edema,v4_patient_level_refold
PRISM_PRIVATE_T2_L1,P5_nnunet_pure_edema_FN,logistic_regression,128,32,64,16,PASS,0.9921875,0.9924172794117647,0.96875,1.0,0.9375,0.004930152910058827,3,pure_edema,v4_patient_level_refold
PRISM_PRIVATE_T2_L1,P5_nnunet_pure_edema_FN,logistic_regression,128,32,64,16,PASS,0.953125,0.9659803921568628,0.875,0.9375,0.8125,0.03371245203345408,4,pure_edema,v4_patient_level_refold
PRISM_PRIVATE_T2_L1,P6_nnunet_pure_edema_FP,logistic_regression,128,32,64,16,PASS,0.9921875,0.9924172794117647,0.90625,0.875,0.9375,0.022621361838843612,0,pure_edema,v4_patient_level_refold
PRISM_PRIVATE_T2_L1,P6_nnunet_pure_edema_FP,logistic_regression,128,32,64,16,PASS,0.9609375,0.9640012254901962,0.8125,0.75,0.875,0.09334223230412886,1,pure_edema,v4_patient_level_refold
PRISM_PRIVATE_T2_L1,P6_nnunet_pure_edema_FP,logistic_regression,128,32,64,16,PASS,1.0,1.0,1.0,1.0,1.0,0.006034685125391515,2,pure_edema,v4_patient_level_refold
PRISM_PRIVATE_T2_L1,P6_nnunet_pure_edema_FP,logistic_regression,128,32,64,16,PASS,0.9765625,0.9737703013897867,0.96875,1.0,0.9375,0.0296914844216829,3,pure_edema,v4_patient_level_refold
PRISM_PRIVATE_T2_L1,P6_nnunet_pure_edema_FP,logistic_regression,128,32,64,16,PASS,1.0,1.0,1.0,1.0,1.0,0.03481011989799476,4,pure_edema,v4_patient_level_refold
PRISM_PRIVATE_T2_L1,P7_small_scar_vs_normal_myocardium,logistic_regression,77,17,64,16,PASS,1.0,1.0,0.96875,1.0,0.9375,0.07336540090527209,0,scar,v4_patient_level_refold
PRISM_PRIVATE_T2_L1,P7_small_scar_vs_normal_myocardium,logistic_regression,75,19,64,16,PASS,0.7083333333333333,0.7254901960784313,0.8333333333333333,0.6666666666666666,1.0,0.04672554880376645,1,scar,v4_patient_level_refold
PRISM_PRIVATE_T2_L1,P7_small_scar_vs_normal_myocardium,logistic_regression,77,17,64,16,PASS,1.0,1.0,1.0,1.0,1.0,0.03110566451219729,2,scar,v4_patient_level_refold
PRISM_PRIVATE_T2_L1,P7_small_scar_vs_normal_myocardium,logistic_regression,73,21,64,16,PASS,1.0,1.0,0.9,0.8,1.0,0.023062245984839164,3,scar,v4_patient_level_refold
PRISM_PRIVATE_T2_L1,P7_small_scar_vs_normal_myocardium,logistic_regression,74,20,64,16,PASS,1.0,1.0,0.875,0.75,1.0,0.021716501020372703,4,scar,v4_patient_level_refold
PRISM_PRIVATE_T2_L1,P8_boundary_scar_vs_non_scar_myocardium,logistic_regression,127,32,64,16,PASS,0.953125,0.9592086834733893,0.84375,0.75,0.9375,0.04448766229739409,0,scar,v4_patient_level_refold
PRISM_PRIVATE_T2_L1,P8_boundary_scar_vs_non_scar_myocardium,logistic_regression,128,31,64,16,PASS,0.8416666666666667,0.8845549463782283,0.8041666666666667,0.7333333333333333,0.875,0.06590355456105551,1,scar,v4_patient_level_refold
PRISM_PRIVATE_T2_L1,P8_boundary_scar_vs_non_scar_myocardium,logistic_regression,127,32,64,16,PASS,0.984375,0.9849826388888889,0.90625,0.9375,0.875,0.04563999551000353,2,scar,v4_patient_level_refold
PRISM_PRIVATE_T2_L1,P8_boundary_scar_vs_non_scar_myocardium,logistic_regression,127,32,64,16,PASS,0.984375,0.9862253289473684,0.90625,0.8125,1.0,0.04752188683143166,3,scar,v4_patient_level_refold
PRISM_PRIVATE_T2_L1,P8_boundary_scar_vs_non_scar_myocardium,logistic_regression,127,32,64,16,PASS,0.87890625,0.8831696877468936,0.8125,0.875,0.75,0.014696407712639026,4,scar,v4_patient_level_refold
PRISM_PRIVATE_T2_L2,P1_scar_vs_normal_myocardium,logistic_regression,127,32,64,16,PASS,1.0,1.0,0.96875,1.0,0.9375,0.010946571430235696,0,scar,v4_patient_level_refold
PRISM_PRIVATE_T2_L2,P1_scar_vs_normal_myocardium,logistic_regression,128,31,64,16,PASS,0.8875,0.8910814022578728,0.7729166666666667,0.7333333333333333,0.8125,0.054714502925835184,1,scar,v4_patient_level_refold
PRISM_PRIVATE_T2_L2,P1_scar_vs_normal_myocardium,logistic_regression,127,32,64,16,PASS,0.94921875,0.9587672389529975,0.90625,0.8125,1.0,0.04797597231797923,2,scar,v4_patient_level_refold
PRISM_PRIVATE_T2_L2,P1_scar_vs_normal_myocardium,logistic_regression,127,32,64,16,PASS,0.98046875,0.9820586622807017,0.875,1.0,0.75,0.0598122497763518,3,scar,v4_patient_level_refold
PRISM_PRIVATE_T2_L2,P1_scar_vs_normal_myocardium,logistic_regression,127,32,64,16,PASS,0.97265625,0.9755482456140352,0.875,0.9375,0.8125,0.034281166530021556,4,scar,v4_patient_level_refold
PRISM_PRIVATE_T2_L2,P2_nnunet_scar_FN_vs_true_negative,logistic_regression,126,32,64,16,PASS,1.0,1.0,1.0,1.0,1.0,0.013223660729179243,0,scar,v4_patient_level_refold
PRISM_PRIVATE_T2_L2,P2_nnunet_scar_FN_vs_true_negative,logistic_regression,127,31,64,16,PASS,0.9833333333333334,0.9844444444444445,0.8729166666666667,0.9333333333333333,0.8125,0.02542351796689568,1,scar,v4_patient_level_refold
PRISM_PRIVATE_T2_L2,P2_nnunet_scar_FN_vs_true_negative,logistic_regression,126,32,64,16,PASS,1.0,1.0,0.96875,0.9375,1.0,0.01026297052145575,2,scar,v4_patient_level_refold
PRISM_PRIVATE_T2_L2,P2_nnunet_scar_FN_vs_true_negative,logistic_regression,126,32,64,16,PASS,0.9921875,0.9924172794117647,0.9375,0.9375,0.9375,0.016014406206285248,3,scar,v4_patient_level_refold
PRISM_PRIVATE_T2_L2,P2_nnunet_scar_FN_vs_true_negative,logistic_regression,127,31,64,16,PASS,1.0,1.0,1.0,1.0,1.0,0.005383056287335819,4,scar,v4_patient_level_refold
PRISM_PRIVATE_T2_L2,P3_nnunet_scar_FP_vs_true_negative,logistic_regression,120,32,64,16,PASS,0.9921875,0.9930555555555556,0.96875,0.9375,1.0,0.03407285812571448,0,scar,v4_patient_level_refold
PRISM_PRIVATE_T2_L2,P3_nnunet_scar_FP_vs_true_negative,logistic_regression,123,29,64,16,PASS,1.0,0.9999999999999998,0.96875,1.0,0.9375,0.02611249982203323,1,scar,v4_patient_level_refold
PRISM_PRIVATE_T2_L2,P3_nnunet_scar_FP_vs_true_negative,logistic_regression,121,31,64,16,PASS,1.0,1.0,0.9666666666666667,0.9333333333333333,1.0,0.01170541685813431,2,scar,v4_patient_level_refold
PRISM_PRIVATE_T2_L2,P3_nnunet_scar_FP_vs_true_negative,logistic_regression,121,31,64,16,PASS,0.9875,0.9866269841269841,0.9354166666666667,0.9333333333333333,0.9375,0.010678642357064949,3,scar,v4_patient_level_refold
PRISM_PRIVATE_T2_L2,P3_nnunet_scar_FP_vs_true_negative,logistic_regression,123,29,64,16,PASS,1.0,0.9999999999999998,0.9615384615384616,0.9230769230769231,1.0,0.015496899821749677,4,scar,v4_patient_level_refold
PRISM_PRIVATE_T2_L2,P4_pure_edema_vs_normal_myocardium,logistic_regression,128,32,64,16,PASS,0.94140625,0.9497897170231728,0.84375,0.6875,1.0,0.08618071242774616,0,pure_edema,v4_patient_level_refold
PRISM_PRIVATE_T2_L2,P4_pure_edema_vs_normal_myocardium,logistic_regression,128,32,64,16,PASS,0.86328125,0.8809229366809336,0.78125,0.75,0.8125,0.0545820703275417,1,pure_edema,v4_patient_level_refold
PRISM_PRIVATE_T2_L2,P4_pure_edema_vs_normal_myocardium,logistic_regression,128,32,64,16,PASS,0.80859375,0.8789764588107856,0.78125,0.75,0.8125,0.028032453922419875,2,pure_edema,v4_patient_level_refold
PRISM_PRIVATE_T2_L2,P4_pure_edema_vs_normal_myocardium,logistic_regression,128,32,64,16,PASS,0.8671875,0.874703941891442,0.78125,0.8125,0.75,0.03429225488236376,3,pure_edema,v4_patient_level_refold
PRISM_PRIVATE_T2_L2,P4_pure_edema_vs_normal_myocardium,logistic_regression,128,32,64,16,PASS,0.82421875,0.8621381971106237,0.71875,0.625,0.8125,0.05160420388252224,4,pure_edema,v4_patient_level_refold
PRISM_PRIVATE_T2_L2,P5_nnunet_pure_edema_FN,logistic_regression,128,32,64,16,PASS,1.0,1.0,1.0,1.0,1.0,0.023503959165542376,0,pure_edema,v4_patient_level_refold
PRISM_PRIVATE_T2_L2,P5_nnunet_pure_edema_FN,logistic_regression,128,32,64,16,PASS,0.99609375,0.9963235294117647,0.96875,1.0,0.9375,0.03432594352973917,1,pure_edema,v4_patient_level_refold
PRISM_PRIVATE_T2_L2,P5_nnunet_pure_edema_FN,logistic_regression,128,32,64,16,PASS,0.99609375,0.9963235294117647,0.90625,0.8125,1.0,0.05448951569432192,2,pure_edema,v4_patient_level_refold
PRISM_PRIVATE_T2_L2,P5_nnunet_pure_edema_FN,logistic_regression,128,32,64,16,PASS,0.9765625,0.9737703013897867,0.9375,0.9375,0.9375,0.013604126789266757,3,pure_edema,v4_patient_level_refold
PRISM_PRIVATE_T2_L2,P5_nnunet_pure_edema_FN,logistic_regression,128,32,64,16,PASS,1.0,1.0,1.0,1.0,1.0,0.0025371519687665267,4,pure_edema,v4_patient_level_refold
PRISM_PRIVATE_T2_L2,P6_nnunet_pure_edema_FP,logistic_regression,128,31,64,16,PASS,1.0,1.0,1.0,1.0,1.0,0.01986258954752962,0,pure_edema,v4_patient_level_refold
PRISM_PRIVATE_T2_L2,P6_nnunet_pure_edema_FP,logistic_regression,127,32,64,16,PASS,0.95703125,0.9603521671826625,0.84375,0.8125,0.875,0.041004527962988424,1,pure_edema,v4_patient_level_refold
PRISM_PRIVATE_T2_L2,P6_nnunet_pure_edema_FP,logistic_regression,127,32,64,16,PASS,1.0,1.0,1.0,1.0,1.0,0.00808516264108683,2,pure_edema,v4_patient_level_refold
PRISM_PRIVATE_T2_L2,P6_nnunet_pure_edema_FP,logistic_regression,127,32,64,16,PASS,0.96484375,0.9548940387635241,0.90625,0.875,0.9375,0.01143688464785303,3,pure_edema,v4_patient_level_refold
PRISM_PRIVATE_T2_L2,P6_nnunet_pure_edema_FP,logistic_regression,127,32,64,16,PASS,1.0,1.0,1.0,1.0,1.0,0.012932461963907627,4,pure_edema,v4_patient_level_refold
PRISM_PRIVATE_T2_L2,P7_small_scar_vs_normal_myocardium,logistic_regression,77,17,64,16,PASS,1.0,1.0,1.0,1.0,1.0,0.005897080793536624,0,scar,v4_patient_level_refold
PRISM_PRIVATE_T2_L2,P7_small_scar_vs_normal_myocardium,logistic_regression,75,19,64,16,PASS,0.75,0.7333333333333334,0.8333333333333333,0.6666666666666666,1.0,0.05350550193159537,1,scar,v4_patient_level_refold
PRISM_PRIVATE_T2_L2,P7_small_scar_vs_normal_myocardium,logistic_regression,77,17,64,16,PASS,1.0,1.0,1.0,1.0,1.0,0.006558845071718139,2,scar,v4_patient_level_refold
PRISM_PRIVATE_T2_L2,P7_small_scar_vs_normal_myocardium,logistic_regression,73,21,64,16,PASS,0.95,0.81,0.96875,1.0,0.9375,0.03416086027196791,3,scar,v4_patient_level_refold
PRISM_PRIVATE_T2_L2,P7_small_scar_vs_normal_myocardium,logistic_regression,74,20,64,16,PASS,1.0,1.0,1.0,1.0,1.0,0.02067729729516385,4,scar,v4_patient_level_refold
PRISM_PRIVATE_T2_L2,P8_boundary_scar_vs_non_scar_myocardium,logistic_regression,127,32,64,16,PASS,1.0,1.0,0.96875,1.0,0.9375,0.010946571430235696,0,scar,v4_patient_level_refold
PRISM_PRIVATE_T2_L2,P8_boundary_scar_vs_non_scar_myocardium,logistic_regression,128,31,64,16,PASS,0.8875,0.8910814022578728,0.7729166666666667,0.7333333333333333,0.8125,0.054714502925835184,1,scar,v4_patient_level_refold
PRISM_PRIVATE_T2_L2,P8_boundary_scar_vs_non_scar_myocardium,logistic_regression,127,32,64,16,PASS,0.94921875,0.9587672389529975,0.90625,0.8125,1.0,0.04797597231797923,2,scar,v4_patient_level_refold
PRISM_PRIVATE_T2_L2,P8_boundary_scar_vs_non_scar_myocardium,logistic_regression,127,32,64,16,PASS,0.98046875,0.9820586622807017,0.875,1.0,0.75,0.0598122497763518,3,scar,v4_patient_level_refold
PRISM_PRIVATE_T2_L2,P8_boundary_scar_vs_non_scar_myocardium,logistic_regression,127,32,64,16,PASS,0.97265625,0.9755482456140352,0.875,0.9375,0.8125,0.034281166530021556,4,scar,v4_patient_level_refold
PRISM_PRIVATE_T2_L3,P1_scar_vs_normal_myocardium,logistic_regression,127,32,64,16,PASS,0.80859375,0.8602298436427994,0.78125,0.75,0.8125,0.027868507323795866,0,scar,v4_patient_level_refold
PRISM_PRIVATE_T2_L3,P1_scar_vs_normal_myocardium,logistic_regression,128,31,64,16,PASS,0.8333333333333333,0.8387372078751388,0.7416666666666667,0.7333333333333333,0.75,0.05220557062350861,1,scar,v4_patient_level_refold
PRISM_PRIVATE_T2_L3,P1_scar_vs_normal_myocardium,logistic_regression,127,32,64,16,PASS,0.84375,0.8604131652661064,0.71875,0.6875,0.75,0.04768585838677836,2,scar,v4_patient_level_refold
PRISM_PRIVATE_T2_L3,P1_scar_vs_normal_myocardium,logistic_regression,127,32,64,16,PASS,0.8359375,0.8695428550207962,0.78125,0.8125,0.75,0.013477175976245648,3,scar,v4_patient_level_refold
PRISM_PRIVATE_T2_L3,P1_scar_vs_normal_myocardium,logistic_regression,127,32,64,16,PASS,0.796875,0.8455261563617542,0.71875,0.625,0.8125,0.048596315756125996,4,scar,v4_patient_level_refold
PRISM_PRIVATE_T2_L3,P2_nnunet_scar_FN_vs_true_negative,logistic_regression,117,27,64,16,PASS,0.9545454545454546,0.9563820018365474,0.9232954545454546,0.9090909090909091,0.9375,0.011170809875504062,0,scar,v4_patient_level_refold
PRISM_PRIVATE_T2_L3,P2_nnunet_scar_FN_vs_true_negative,logistic_regression,116,28,64,16,PASS,0.9739583333333334,0.9722222222222224,0.9166666666666667,0.8333333333333334,1.0,0.040754876109778904,1,scar,v4_patient_level_refold
PRISM_PRIVATE_T2_L3,P2_nnunet_scar_FN_vs_true_negative,logistic_regression,114,30,64,16,PASS,0.9732142857142857,0.9785714285714284,0.9642857142857143,0.9285714285714286,1.0,0.0419001343448866,2,scar,v4_patient_level_refold
PRISM_PRIVATE_T2_L3,P2_nnunet_scar_FN_vs_true_negative,logistic_regression,115,29,64,16,PASS,0.9519230769230769,0.9498445998445997,0.8605769230769231,0.8461538461538461,0.875,0.002591072178158682,3,scar,v4_patient_level_refold
PRISM_PRIVATE_T2_L3,P2_nnunet_scar_FN_vs_true_negative,logistic_regression,114,30,64,16,PASS,0.9508928571428572,0.9587301587301587,0.9285714285714286,0.8571428571428571,1.0,0.03198534687035276,4,scar,v4_patient_level_refold
PRISM_PRIVATE_T2_L3,P3_nnunet_scar_FP_vs_true_negative,logistic_regression,98,27,64,16,PASS,0.8465909090909091,0.8979656706929435,0.8778409090909092,0.8181818181818182,0.9375,0.01682709088763601,0,scar,v4_patient_level_refold
PRISM_PRIVATE_T2_L3,P3_nnunet_scar_FP_vs_true_negative,logistic_regression,102,23,64,16,PASS,0.8482142857142857,0.7953823953823953,0.7857142857142857,0.5714285714285714,1.0,0.07446916887009455,1,scar,v4_patient_level_refold
PRISM_PRIVATE_T2_L3,P3_nnunet_scar_FP_vs_true_negative,logistic_regression,99,26,64,16,PASS,0.95625,0.9588235294117646,0.85,0.7,1.0,0.04758694184380957,2,scar,v4_patient_level_refold
PRISM_PRIVATE_T2_L3,P3_nnunet_scar_FP_vs_true_negative,logistic_regression,101,24,64,16,PASS,0.8515625,0.8791666666666667,0.8125,0.625,1.0,0.09756241143230229,3,scar,v4_patient_level_refold
PRISM_PRIVATE_T2_L3,P3_nnunet_scar_FP_vs_true_negative,logistic_regression,100,25,64,16,PASS,0.9791666666666666,0.9722222222222223,0.8819444444444444,0.8888888888888888,0.875,0.048783403696585514,4,scar,v4_patient_level_refold
PRISM_PRIVATE_T2_L3,P4_pure_edema_vs_normal_myocardium,logistic_regression,127,32,64,16,PASS,0.68359375,0.7611619337969614,0.6875,0.6875,0.6875,0.013176791117754327,0,pure_edema,v4_patient_level_refold
PRISM_PRIVATE_T2_L3,P4_pure_edema_vs_normal_myocardium,logistic_regression,128,31,64,16,PASS,0.7458333333333333,0.7321970839617898,0.6458333333333333,0.6666666666666666,0.625,0.03283451822935757,1,pure_edema,v4_patient_level_refold
PRISM_PRIVATE_T2_L3,P4_pure_edema_vs_normal_myocardium,logistic_regression,127,32,64,16,PASS,0.640625,0.7594802867383512,0.6875,0.5,0.875,0.07587662096431336,2,pure_edema,v4_patient_level_refold
PRISM_PRIVATE_T2_L3,P4_pure_edema_vs_normal_myocardium,logistic_regression,127,32,64,16,PASS,0.67578125,0.774498043237086,0.6875,0.4375,0.9375,0.15233780546123554,3,pure_edema,v4_patient_level_refold
PRISM_PRIVATE_T2_L3,P4_pure_edema_vs_normal_myocardium,logistic_regression,127,32,64,16,PASS,0.7421875,0.8029807625556373,0.71875,0.75,0.6875,0.03044295768364469,4,pure_edema,v4_patient_level_refold
PRISM_PRIVATE_T2_L3,P5_nnunet_pure_edema_FN,logistic_regression,113,31,64,16,PASS,0.8375,0.8847748065139369,0.7708333333333333,0.6666666666666666,0.875,0.0812300643591618,0,pure_edema,v4_patient_level_refold
PRISM_PRIVATE_T2_L3,P5_nnunet_pure_edema_FN,logistic_regression,116,28,64,16,PASS,0.9114583333333334,0.8701150701150703,0.7708333333333333,0.6666666666666666,0.875,0.040889560442614936,1,pure_edema,v4_patient_level_refold
PRISM_PRIVATE_T2_L3,P5_nnunet_pure_edema_FN,logistic_regression,117,27,64,16,PASS,0.8125,0.8247949419002052,0.7869318181818181,0.6363636363636364,0.9375,0.07484471407084037,2,pure_edema,v4_patient_level_refold
PRISM_PRIVATE_T2_L3,P5_nnunet_pure_edema_FN,logistic_regression,115,29,64,16,PASS,0.7980769230769231,0.8389194139194138,0.8149038461538461,0.6923076923076923,0.9375,0.09476056371154734,3,pure_edema,v4_patient_level_refold
PRISM_PRIVATE_T2_L3,P5_nnunet_pure_edema_FN,logistic_regression,115,29,64,16,PASS,0.9182692307692308,0.9275587157940097,0.7980769230769231,0.8461538461538461,0.75,0.06269403517210781,4,pure_edema,v4_patient_level_refold
PRISM_PRIVATE_T2_L3,P6_nnunet_pure_edema_FP,logistic_regression,115,29,64,16,PASS,0.9567307692307692,0.9583092346250239,0.8677884615384616,0.9230769230769231,0.8125,0.025520851239794085,0,pure_edema,v4_patient_level_refold
PRISM_PRIVATE_T2_L3,P6_nnunet_pure_edema_FP,logistic_regression,117,27,64,16,PASS,0.9545454545454546,0.9563820018365474,0.9090909090909092,0.8181818181818182,1.0,0.0598946805716743,1,pure_edema,v4_patient_level_refold
PRISM_PRIVATE_T2_L3,P6_nnunet_pure_edema_FP,logistic_regression,117,27,64,16,PASS,1.0,1.0,0.9545454545454546,0.9090909090909091,1.0,0.010494145399521204,2,pure_edema,v4_patient_level_refold
PRISM_PRIVATE_T2_L3,P6_nnunet_pure_edema_FP,logistic_regression,114,30,64,16,PASS,0.8839285714285714,0.9028137332016641,0.8258928571428572,0.7142857142857143,0.9375,0.09091850674050889,3,pure_edema,v4_patient_level_refold
PRISM_PRIVATE_T2_L3,P6_nnunet_pure_edema_FP,logistic_regression,113,31,64,16,PASS,0.8458333333333333,0.8784118495883202,0.7708333333333333,0.6666666666666666,0.875,0.10943125561436934,4,pure_edema,v4_patient_level_refold
PRISM_PRIVATE_T2_L3,P7_small_scar_vs_normal_myocardium,logistic_regression,77,17,64,16,PASS,1.0,1.0,0.5,0.0,1.0,0.02278252476643937,0,scar,v4_patient_level_refold
PRISM_PRIVATE_T2_L3,P7_small_scar_vs_normal_myocardium,logistic_regression,75,19,64,16,PASS,0.875,0.6805555555555556,0.6666666666666666,0.3333333333333333,1.0,0.09783766016947558,1,scar,v4_patient_level_refold
PRISM_PRIVATE_T2_L3,P7_small_scar_vs_normal_myocardium,logistic_regression,77,17,64,16,PASS,1.0,1.0,0.96875,1.0,0.9375,0.08426007364866685,2,scar,v4_patient_level_refold
PRISM_PRIVATE_T2_L3,P7_small_scar_vs_normal_myocardium,logistic_regression,73,21,64,16,PASS,1.0,1.0,1.0,1.0,1.0,0.005820493869582916,3,scar,v4_patient_level_refold
PRISM_PRIVATE_T2_L3,P7_small_scar_vs_normal_myocardium,logistic_regression,74,20,64,16,PASS,0.96875,0.9166666666666666,0.875,0.75,1.0,0.07348891218572032,4,scar,v4_patient_level_refold
PRISM_PRIVATE_T2_L3,P8_boundary_scar_vs_non_scar_myocardium,logistic_regression,127,32,64,16,PASS,0.80859375,0.8602298436427994,0.78125,0.75,0.8125,0.027868507323795866,0,scar,v4_patient_level_refold
PRISM_PRIVATE_T2_L3,P8_boundary_scar_vs_non_scar_myocardium,logistic_regression,128,31,64,16,PASS,0.8333333333333333,0.8387372078751388,0.7416666666666667,0.7333333333333333,0.75,0.05220557062350861,1,scar,v4_patient_level_refold
PRISM_PRIVATE_T2_L3,P8_boundary_scar_vs_non_scar_myocardium,logistic_regression,127,32,64,16,PASS,0.84375,0.8604131652661064,0.71875,0.6875,0.75,0.04768585838677836,2,scar,v4_patient_level_refold
PRISM_PRIVATE_T2_L3,P8_boundary_scar_vs_non_scar_myocardium,logistic_regression,127,32,64,16,PASS,0.8359375,0.8695428550207962,0.78125,0.8125,0.75,0.013477175976245648,3,scar,v4_patient_level_refold
PRISM_PRIVATE_T2_L3,P8_boundary_scar_vs_non_scar_myocardium,logistic_regression,127,32,64,16,PASS,0.796875,0.8455261563617542,0.71875,0.625,0.8125,0.048596315756125996,4,scar,v4_patient_level_refold
PRISM_SCAR_REFINER,P1_scar_vs_normal_myocardium,logistic_regression,127,32,64,16,PASS,0.9765625,0.9770716619981327,0.90625,0.875,0.9375,0.024686696388893203,0,scar,v4_patient_level_refold
PRISM_SCAR_REFINER,P1_scar_vs_normal_myocardium,logistic_regression,128,31,64,16,PASS,0.925,0.9290686274509803,0.8395833333333333,0.8666666666666667,0.8125,0.014743489953159883,1,scar,v4_patient_level_refold
PRISM_SCAR_REFINER,P1_scar_vs_normal_myocardium,logistic_regression,127,32,64,16,PASS,0.8828125,0.9131457763251241,0.8125,0.75,0.875,0.0528790526155255,2,scar,v4_patient_level_refold
PRISM_SCAR_REFINER,P1_scar_vs_normal_myocardium,logistic_regression,127,32,64,16,PASS,0.94140625,0.9453188661828368,0.8125,0.75,0.875,0.026960370638221653,3,scar,v4_patient_level_refold
PRISM_SCAR_REFINER,P1_scar_vs_normal_myocardium,logistic_regression,127,32,64,16,PASS,0.92578125,0.9312457609792169,0.84375,0.9375,0.75,0.022273853983409087,4,scar,v4_patient_level_refold
PRISM_SCAR_REFINER,P2_nnunet_scar_FN_vs_true_negative,logistic_regression,127,32,64,16,PASS,1.0,1.0,1.0,1.0,1.0,0.0024531075172675165,0,scar,v4_patient_level_refold
PRISM_SCAR_REFINER,P2_nnunet_scar_FN_vs_true_negative,logistic_regression,128,31,64,16,PASS,0.9833333333333334,0.9838235294117645,0.9020833333333333,0.8666666666666667,0.9375,0.017340613357187118,1,scar,v4_patient_level_refold
PRISM_SCAR_REFINER,P2_nnunet_scar_FN_vs_true_negative,logistic_regression,127,32,64,16,PASS,0.93359375,0.9506817256817258,0.90625,0.875,0.9375,0.038831961908247836,2,scar,v4_patient_level_refold
PRISM_SCAR_REFINER,P2_nnunet_scar_FN_vs_true_negative,logistic_regression,127,32,64,16,PASS,0.94140625,0.9420227444124503,0.8125,0.75,0.875,0.049525648989690696,3,scar,v4_patient_level_refold
PRISM_SCAR_REFINER,P2_nnunet_scar_FN_vs_true_negative,logistic_regression,127,32,64,16,PASS,0.9921875,0.9924172794117647,0.90625,1.0,0.8125,0.06126961766173422,4,scar,v4_patient_level_refold
PRISM_SCAR_REFINER,P3_nnunet_scar_FP_vs_true_negative,logistic_regression,128,32,64,16,PASS,0.96875,0.9791666666666666,0.96875,0.9375,1.0,0.005989989011907615,0,scar,v4_patient_level_refold
PRISM_SCAR_REFINER,P3_nnunet_scar_FP_vs_true_negative,logistic_regression,128,32,64,16,PASS,0.953125,0.9659803921568628,0.875,0.8125,0.9375,0.05557068721614172,1,scar,v4_patient_level_refold
PRISM_SCAR_REFINER,P3_nnunet_scar_FP_vs_true_negative,logistic_regression,128,32,64,16,PASS,0.953125,0.9686085972850679,0.90625,0.9375,0.875,0.002833407063615012,2,scar,v4_patient_level_refold
PRISM_SCAR_REFINER,P3_nnunet_scar_FP_vs_true_negative,logistic_regression,128,32,64,16,PASS,0.9375,0.9470484889529975,0.8125,0.75,0.875,0.04250432243077518,3,scar,v4_patient_level_refold
PRISM_SCAR_REFINER,P3_nnunet_scar_FP_vs_true_negative,logistic_regression,128,32,64,16,PASS,0.9921875,0.9930555555555556,0.90625,1.0,0.8125,0.078724002596956,4,scar,v4_patient_level_refold
PRISM_SCAR_REFINER,P4_pure_edema_vs_normal_myocardium,logistic_regression,128,32,64,16,PASS,0.91015625,0.9226425724351925,0.8125,0.8125,0.8125,0.011875737631339534,0,pure_edema,v4_patient_level_refold
PRISM_SCAR_REFINER,P4_pure_edema_vs_normal_myocardium,logistic_regression,128,32,64,16,PASS,0.87109375,0.882291950834571,0.75,0.8125,0.6875,0.0122412021588032,1,pure_edema,v4_patient_level_refold
PRISM_SCAR_REFINER,P4_pure_edema_vs_normal_myocardium,logistic_regression,128,32,64,16,PASS,0.80078125,0.852778777594954,0.71875,0.75,0.6875,0.01840731316830857,2,pure_edema,v4_patient_level_refold
PRISM_SCAR_REFINER,P4_pure_edema_vs_normal_myocardium,logistic_regression,128,32,64,16,PASS,0.921875,0.9343533304930364,0.84375,0.8125,0.875,0.004235737609190993,3,pure_edema,v4_patient_level_refold
PRISM_SCAR_REFINER,P4_pure_edema_vs_normal_myocardium,logistic_regression,128,32,64,16,PASS,0.82421875,0.8768577246243564,0.78125,0.75,0.8125,0.006352133066336696,4,pure_edema,v4_patient_level_refold
PRISM_SCAR_REFINER,P5_nnunet_pure_edema_FN,logistic_regression,128,32,64,16,PASS,0.953125,0.9613485339788089,0.84375,0.8125,0.875,0.05765902682228791,0,pure_edema,v4_patient_level_refold
PRISM_SCAR_REFINER,P5_nnunet_pure_edema_FN,logistic_regression,128,32,64,16,PASS,0.94140625,0.951140873015873,0.8125,0.8125,0.8125,0.011057976226643562,1,pure_edema,v4_patient_level_refold
PRISM_SCAR_REFINER,P5_nnunet_pure_edema_FN,logistic_regression,128,32,64,16,PASS,0.93359375,0.9476274205334309,0.84375,0.875,0.8125,0.007293992273778804,2,pure_edema,v4_patient_level_refold
PRISM_SCAR_REFINER,P5_nnunet_pure_edema_FN,logistic_regression,128,32,64,16,PASS,0.97265625,0.9755482456140352,0.84375,0.875,0.8125,0.03552032916372205,3,pure_edema,v4_patient_level_refold
PRISM_SCAR_REFINER,P5_nnunet_pure_edema_FN,logistic_regression,128,32,64,16,PASS,0.91796875,0.9355901773664931,0.84375,0.8125,0.875,0.01055865385403465,4,pure_edema,v4_patient_level_refold
PRISM_SCAR_REFINER,P6_nnunet_pure_edema_FP,logistic_regression,128,32,64,16,PASS,1.0,1.0,0.96875,1.0,0.9375,0.003022274358729815,0,pure_edema,v4_patient_level_refold
PRISM_SCAR_REFINER,P6_nnunet_pure_edema_FP,logistic_regression,128,32,64,16,PASS,0.89453125,0.9286253829016987,0.875,0.8125,0.9375,0.06622647371065299,1,pure_edema,v4_patient_level_refold
PRISM_SCAR_REFINER,P6_nnunet_pure_edema_FP,logistic_regression,128,32,64,16,PASS,0.953125,0.9594557709447415,0.90625,0.9375,0.875,0.025720556209534617,2,pure_edema,v4_patient_level_refold
PRISM_SCAR_REFINER,P6_nnunet_pure_edema_FP,logistic_regression,128,32,64,16,PASS,0.9453125,0.9515843531468532,0.8125,0.75,0.875,0.04284535422163105,3,pure_edema,v4_patient_level_refold
PRISM_SCAR_REFINER,P6_nnunet_pure_edema_FP,logistic_regression,128,32,64,16,PASS,0.93359375,0.9433663816403755,0.75,0.75,0.75,0.01609321424326038,4,pure_edema,v4_patient_level_refold
PRISM_SCAR_REFINER,P7_small_scar_vs_normal_myocardium,logistic_regression,77,17,64,16,PASS,1.0,1.0,1.0,1.0,1.0,0.021197940331629986,0,scar,v4_patient_level_refold
PRISM_SCAR_REFINER,P7_small_scar_vs_normal_myocardium,logistic_regression,75,19,64,16,PASS,0.9583333333333334,0.8666666666666667,0.8333333333333333,0.6666666666666666,1.0,0.03440959787753582,1,scar,v4_patient_level_refold
PRISM_SCAR_REFINER,P7_small_scar_vs_normal_myocardium,logistic_regression,77,17,64,16,PASS,1.0,1.0,0.9375,1.0,0.875,0.12875214984690297,2,scar,v4_patient_level_refold
PRISM_SCAR_REFINER,P7_small_scar_vs_normal_myocardium,logistic_regression,73,21,64,16,PASS,0.8875,0.8714285714285714,0.8,0.6,1.0,0.06712609341535891,3,scar,v4_patient_level_refold
PRISM_SCAR_REFINER,P7_small_scar_vs_normal_myocardium,logistic_regression,74,20,64,16,PASS,0.953125,0.8928571428571428,0.875,0.75,1.0,0.01905171891292809,4,scar,v4_patient_level_refold
PRISM_SCAR_REFINER,P8_boundary_scar_vs_non_scar_myocardium,logistic_regression,127,32,64,16,PASS,0.9765625,0.9770716619981327,0.90625,0.875,0.9375,0.024686696388893203,0,scar,v4_patient_level_refold
PRISM_SCAR_REFINER,P8_boundary_scar_vs_non_scar_myocardium,logistic_regression,128,31,64,16,PASS,0.925,0.9290686274509803,0.8395833333333333,0.8666666666666667,0.8125,0.014743489953159883,1,scar,v4_patient_level_refold
PRISM_SCAR_REFINER,P8_boundary_scar_vs_non_scar_myocardium,logistic_regression,127,32,64,16,PASS,0.8828125,0.9131457763251241,0.8125,0.75,0.875,0.0528790526155255,2,scar,v4_patient_level_refold
PRISM_SCAR_REFINER,P8_boundary_scar_vs_non_scar_myocardium,logistic_regression,127,32,64,16,PASS,0.94140625,0.9453188661828368,0.8125,0.75,0.875,0.026960370638221653,3,scar,v4_patient_level_refold
PRISM_SCAR_REFINER,P8_boundary_scar_vs_non_scar_myocardium,logistic_regression,127,32,64,16,PASS,0.92578125,0.9312457609792169,0.84375,0.9375,0.75,0.022273853983409087,4,scar,v4_patient_level_refold
PRISM_SCAR_ROUTED_L0,P1_scar_vs_normal_myocardium,logistic_regression,127,32,64,16,PASS,1.0,1.0,1.0,1.0,1.0,0.018547601906101052,0,scar,v4_patient_level_refold
PRISM_SCAR_ROUTED_L0,P1_scar_vs_normal_myocardium,logistic_regression,128,31,64,16,PASS,0.9958333333333333,0.9958333333333333,0.9354166666666667,0.9333333333333333,0.9375,0.0018872883360435133,1,scar,v4_patient_level_refold
PRISM_SCAR_ROUTED_L0,P1_scar_vs_normal_myocardium,logistic_regression,127,32,64,16,PASS,0.96484375,0.9752604166666666,0.9375,0.9375,0.9375,0.005084210857128513,2,scar,v4_patient_level_refold
PRISM_SCAR_ROUTED_L0,P1_scar_vs_normal_myocardium,logistic_regression,127,32,64,16,PASS,0.984375,0.9849826388888889,0.90625,0.875,0.9375,0.02730802983542857,3,scar,v4_patient_level_refold
PRISM_SCAR_ROUTED_L0,P1_scar_vs_normal_myocardium,logistic_regression,127,32,64,16,PASS,0.94921875,0.9615161064425771,0.875,0.8125,0.9375,0.011286061740230946,4,scar,v4_patient_level_refold
PRISM_SCAR_ROUTED_L0,P2_nnunet_scar_FN_vs_true_negative,logistic_regression,127,32,64,16,PASS,1.0,1.0,1.0,1.0,1.0,0.01221119528411424,0,scar,v4_patient_level_refold
PRISM_SCAR_ROUTED_L0,P2_nnunet_scar_FN_vs_true_negative,logistic_regression,128,31,64,16,PASS,0.975,0.9745543345543346,0.9354166666666667,0.9333333333333333,0.9375,0.006714284304070728,1,scar,v4_patient_level_refold
PRISM_SCAR_ROUTED_L0,P2_nnunet_scar_FN_vs_true_negative,logistic_regression,127,32,64,16,PASS,0.96484375,0.9729053442028985,0.875,0.8125,0.9375,0.0439220415716427,2,scar,v4_patient_level_refold
PRISM_SCAR_ROUTED_L0,P2_nnunet_scar_FN_vs_true_negative,logistic_regression,127,32,64,16,PASS,0.9765625,0.9801470588235295,0.90625,0.875,0.9375,0.053483039812156796,3,scar,v4_patient_level_refold
PRISM_SCAR_ROUTED_L0,P2_nnunet_scar_FN_vs_true_negative,logistic_regression,127,32,64,16,PASS,0.98046875,0.9789786347231201,0.96875,1.0,0.9375,0.033559711287283744,4,scar,v4_patient_level_refold
PRISM_SCAR_ROUTED_L0,P3_nnunet_scar_FP_vs_true_negative,logistic_regression,128,32,64,16,PASS,1.0,1.0,1.0,1.0,1.0,0.01181726443456399,0,scar,v4_patient_level_refold
PRISM_SCAR_ROUTED_L0,P3_nnunet_scar_FP_vs_true_negative,logistic_regression,128,32,64,16,PASS,0.984375,0.9849826388888889,0.9375,0.9375,0.9375,0.00040655602073425,1,scar,v4_patient_level_refold
PRISM_SCAR_ROUTED_L0,P3_nnunet_scar_FP_vs_true_negative,logistic_regression,128,32,64,16,PASS,0.98828125,0.9901315789473684,0.96875,0.9375,1.0,0.02143283033761645,2,scar,v4_patient_level_refold
PRISM_SCAR_ROUTED_L0,P3_nnunet_scar_FP_vs_true_negative,logistic_regression,128,32,64,16,PASS,1.0,1.0,0.90625,0.8125,1.0,0.05623216697291755,3,scar,v4_patient_level_refold
PRISM_SCAR_ROUTED_L0,P3_nnunet_scar_FP_vs_true_negative,logistic_regression,128,32,64,16,PASS,0.984375,0.9875,0.9375,0.9375,0.9375,0.02137301822383786,4,scar,v4_patient_level_refold
PRISM_SCAR_ROUTED_L0,P4_pure_edema_vs_normal_myocardium,logistic_regression,128,32,64,16,PASS,0.90625,0.924836217023717,0.84375,0.8125,0.875,0.0015105401338854074,0,pure_edema,v4_patient_level_refold
PRISM_SCAR_ROUTED_L0,P4_pure_edema_vs_normal_myocardium,logistic_regression,128,32,64,16,PASS,0.89453125,0.9200677605908584,0.78125,0.75,0.8125,0.012624303849087748,1,pure_edema,v4_patient_level_refold
PRISM_SCAR_ROUTED_L0,P4_pure_edema_vs_normal_myocardium,logistic_regression,128,32,64,16,PASS,0.91796875,0.9397512210012211,0.8125,0.875,0.75,0.059398132760422495,2,pure_edema,v4_patient_level_refold
PRISM_SCAR_ROUTED_L0,P4_pure_edema_vs_normal_myocardium,logistic_regression,128,32,64,16,PASS,0.9453125,0.9599776449041155,0.90625,0.875,0.9375,0.03905181491052445,3,pure_edema,v4_patient_level_refold
PRISM_SCAR_ROUTED_L0,P4_pure_edema_vs_normal_myocardium,logistic_regression,128,32,64,16,PASS,0.87890625,0.908018543956044,0.875,0.875,0.875,0.019947286365027017,4,pure_edema,v4_patient_level_refold
PRISM_SCAR_ROUTED_L0,P5_nnunet_pure_edema_FN,logistic_regression,128,32,64,16,PASS,0.9765625,0.977594376566416,0.875,0.8125,0.9375,0.038699977040966504,0,pure_edema,v4_patient_level_refold
PRISM_SCAR_ROUTED_L0,P5_nnunet_pure_edema_FN,logistic_regression,128,32,64,16,PASS,0.9296875,0.9395290496061125,0.8125,0.75,0.875,0.005281314708922791,1,pure_edema,v4_patient_level_refold
PRISM_SCAR_ROUTED_L0,P5_nnunet_pure_edema_FN,logistic_regression,128,32,64,16,PASS,0.96484375,0.968452380952381,0.90625,0.875,0.9375,0.017606267844537615,2,pure_edema,v4_patient_level_refold
PRISM_SCAR_ROUTED_L0,P5_nnunet_pure_edema_FN,logistic_regression,128,32,64,16,PASS,0.984375,0.9849826388888889,0.875,0.8125,0.9375,0.026385702573326397,3,pure_edema,v4_patient_level_refold
PRISM_SCAR_ROUTED_L0,P5_nnunet_pure_edema_FN,logistic_regression,128,32,64,16,PASS,0.98046875,0.9805183531746032,0.90625,0.9375,0.875,0.027304772873596672,4,pure_edema,v4_patient_level_refold
PRISM_SCAR_ROUTED_L0,P6_nnunet_pure_edema_FP,logistic_regression,128,32,64,16,PASS,0.98828125,0.9891493055555556,0.9375,0.875,1.0,0.025437199456035287,0,pure_edema,v4_patient_level_refold
PRISM_SCAR_ROUTED_L0,P6_nnunet_pure_edema_FP,logistic_regression,128,32,64,16,PASS,0.9375,0.9421038573999101,0.84375,0.8125,0.875,0.03254840877455323,1,pure_edema,v4_patient_level_refold
PRISM_SCAR_ROUTED_L0,P6_nnunet_pure_edema_FP,logistic_regression,128,32,64,16,PASS,1.0,1.0,0.96875,1.0,0.9375,0.042818307353829965,2,pure_edema,v4_patient_level_refold
PRISM_SCAR_ROUTED_L0,P6_nnunet_pure_edema_FP,logistic_regression,128,32,64,16,PASS,0.9765625,0.9786119711042311,0.875,0.75,1.0,0.08935960705827378,3,pure_edema,v4_patient_level_refold
PRISM_SCAR_ROUTED_L0,P6_nnunet_pure_edema_FP,logistic_regression,128,32,64,16,PASS,0.953125,0.9491361160769055,0.84375,0.875,0.8125,0.030612989594738682,4,pure_edema,v4_patient_level_refold
PRISM_SCAR_ROUTED_L0,P7_small_scar_vs_normal_myocardium,logistic_regression,77,17,64,16,PASS,1.0,1.0,1.0,1.0,1.0,0.0074530102569281,0,scar,v4_patient_level_refold
PRISM_SCAR_ROUTED_L0,P7_small_scar_vs_normal_myocardium,logistic_regression,75,19,64,16,PASS,1.0,1.0,1.0,1.0,1.0,0.0052993010779793515,1,scar,v4_patient_level_refold
PRISM_SCAR_ROUTED_L0,P7_small_scar_vs_normal_myocardium,logistic_regression,77,17,64,16,PASS,1.0,1.0,1.0,1.0,1.0,0.020526245926613437,2,scar,v4_patient_level_refold
PRISM_SCAR_ROUTED_L0,P7_small_scar_vs_normal_myocardium,logistic_regression,73,21,64,16,PASS,0.9875,0.9666666666666666,0.8,0.6,1.0,0.06452310609889755,3,scar,v4_patient_level_refold
PRISM_SCAR_ROUTED_L0,P7_small_scar_vs_normal_myocardium,logistic_regression,74,20,64,16,PASS,0.96875,0.9166666666666666,0.9375,1.0,0.875,0.0341162211725764,4,scar,v4_patient_level_refold
PRISM_SCAR_ROUTED_L0,P8_boundary_scar_vs_non_scar_myocardium,logistic_regression,127,32,64,16,PASS,1.0,1.0,1.0,1.0,1.0,0.018547601906101052,0,scar,v4_patient_level_refold
PRISM_SCAR_ROUTED_L0,P8_boundary_scar_vs_non_scar_myocardium,logistic_regression,128,31,64,16,PASS,0.9958333333333333,0.9958333333333333,0.9354166666666667,0.9333333333333333,0.9375,0.0018872883360435133,1,scar,v4_patient_level_refold
PRISM_SCAR_ROUTED_L0,P8_boundary_scar_vs_non_scar_myocardium,logistic_regression,127,32,64,16,PASS,0.96484375,0.9752604166666666,0.9375,0.9375,0.9375,0.005084210857128513,2,scar,v4_patient_level_refold
PRISM_SCAR_ROUTED_L0,P8_boundary_scar_vs_non_scar_myocardium,logistic_regression,127,32,64,16,PASS,0.984375,0.9849826388888889,0.90625,0.875,0.9375,0.02730802983542857,3,scar,v4_patient_level_refold
PRISM_SCAR_ROUTED_L0,P8_boundary_scar_vs_non_scar_myocardium,logistic_regression,127,32,64,16,PASS,0.94921875,0.9615161064425771,0.875,0.8125,0.9375,0.011286061740230946,4,scar,v4_patient_level_refold
PRISM_SCAR_ROUTED_L1,P1_scar_vs_normal_myocardium,logistic_regression,127,32,64,16,PASS,1.0,1.0,0.96875,0.9375,1.0,0.01699720492447626,0,scar,v4_patient_level_refold
PRISM_SCAR_ROUTED_L1,P1_scar_vs_normal_myocardium,logistic_regression,128,31,64,16,PASS,0.9666666666666667,0.9743434343434343,0.9041666666666667,0.9333333333333333,0.875,0.01455504006465852,1,scar,v4_patient_level_refold
PRISM_SCAR_ROUTED_L1,P1_scar_vs_normal_myocardium,logistic_regression,127,32,64,16,PASS,0.98046875,0.9815359477124184,0.875,0.8125,0.9375,0.05491993856838867,2,scar,v4_patient_level_refold
PRISM_SCAR_ROUTED_L1,P1_scar_vs_normal_myocardium,logistic_regression,127,32,64,16,PASS,0.9921875,0.9924172794117647,0.9375,0.9375,0.9375,0.017902154008720306,3,scar,v4_patient_level_refold
PRISM_SCAR_ROUTED_L1,P1_scar_vs_normal_myocardium,logistic_regression,127,32,64,16,PASS,1.0,1.0,0.96875,1.0,0.9375,0.008919077939435027,4,scar,v4_patient_level_refold
PRISM_SCAR_ROUTED_L1,P2_nnunet_scar_FN_vs_true_negative,logistic_regression,126,32,64,16,PASS,1.0,1.0,1.0,1.0,1.0,0.018861272739770896,0,scar,v4_patient_level_refold
PRISM_SCAR_ROUTED_L1,P2_nnunet_scar_FN_vs_true_negative,logistic_regression,127,31,64,16,PASS,0.9875,0.9877124183006536,0.9354166666666667,0.9333333333333333,0.9375,0.011939630369544874,1,scar,v4_patient_level_refold
PRISM_SCAR_ROUTED_L1,P2_nnunet_scar_FN_vs_true_negative,logistic_regression,126,32,64,16,PASS,0.99609375,0.9963235294117647,0.96875,0.9375,1.0,0.021757529369018647,2,scar,v4_patient_level_refold
PRISM_SCAR_ROUTED_L1,P2_nnunet_scar_FN_vs_true_negative,logistic_regression,126,32,64,16,PASS,0.98828125,0.9891493055555556,0.90625,0.875,0.9375,0.02934346690607792,3,scar,v4_patient_level_refold
PRISM_SCAR_ROUTED_L1,P2_nnunet_scar_FN_vs_true_negative,logistic_regression,127,31,64,16,PASS,1.0,1.0,1.0,1.0,1.0,0.007905694656521745,4,scar,v4_patient_level_refold
PRISM_SCAR_ROUTED_L1,P3_nnunet_scar_FP_vs_true_negative,logistic_regression,127,32,64,16,PASS,1.0,1.0,0.96875,0.9375,1.0,0.026302581927360513,0,scar,v4_patient_level_refold
PRISM_SCAR_ROUTED_L1,P3_nnunet_scar_FP_vs_true_negative,logistic_regression,127,32,64,16,PASS,1.0,1.0,1.0,1.0,1.0,0.02619357299138747,1,scar,v4_patient_level_refold
PRISM_SCAR_ROUTED_L1,P3_nnunet_scar_FP_vs_true_negative,logistic_regression,128,31,64,16,PASS,0.9916666666666667,0.9921568627450981,0.9,0.8,1.0,0.08482221167368759,2,scar,v4_patient_level_refold
PRISM_SCAR_ROUTED_L1,P3_nnunet_scar_FP_vs_true_negative,logistic_regression,127,32,64,16,PASS,1.0,1.0,1.0,1.0,1.0,0.001015785968545846,3,scar,v4_patient_level_refold
PRISM_SCAR_ROUTED_L1,P3_nnunet_scar_FP_vs_true_negative,logistic_regression,127,32,64,16,PASS,1.0,1.0,1.0,1.0,1.0,0.006581723988039023,4,scar,v4_patient_level_refold
PRISM_SCAR_ROUTED_L1,P4_pure_edema_vs_normal_myocardium,logistic_regression,128,32,64,16,PASS,0.9765625,0.9812127976190477,0.9375,0.875,1.0,0.04778366399935119,0,pure_edema,v4_patient_level_refold
PRISM_SCAR_ROUTED_L1,P4_pure_edema_vs_normal_myocardium,logistic_regression,128,32,64,16,PASS,0.90625,0.9240533771783772,0.78125,0.8125,0.75,0.036180315732297075,1,pure_edema,v4_patient_level_refold
PRISM_SCAR_ROUTED_L1,P4_pure_edema_vs_normal_myocardium,logistic_regression,128,32,64,16,PASS,0.9609375,0.9654893207282913,0.875,0.8125,0.9375,0.06093221029423379,2,pure_edema,v4_patient_level_refold
PRISM_SCAR_ROUTED_L1,P4_pure_edema_vs_normal_myocardium,logistic_regression,128,32,64,16,PASS,0.9921875,0.9930555555555556,0.90625,0.9375,0.875,0.018426626480883446,3,pure_edema,v4_patient_level_refold
PRISM_SCAR_ROUTED_L1,P4_pure_edema_vs_normal_myocardium,logistic_regression,128,32,64,16,PASS,0.8984375,0.9184078176725237,0.84375,0.875,0.8125,0.0015226655661104704,4,pure_edema,v4_patient_level_refold
PRISM_SCAR_ROUTED_L1,P5_nnunet_pure_edema_FN,logistic_regression,128,32,64,16,PASS,0.96875,0.9723345588235295,0.90625,0.8125,1.0,0.09357820697170988,0,pure_edema,v4_patient_level_refold
PRISM_SCAR_ROUTED_L1,P5_nnunet_pure_edema_FN,logistic_regression,128,32,64,16,PASS,0.9921875,0.9924172794117647,0.96875,1.0,0.9375,0.02481786161048971,1,pure_edema,v4_patient_level_refold
PRISM_SCAR_ROUTED_L1,P5_nnunet_pure_edema_FN,logistic_regression,128,32,64,16,PASS,0.98046875,0.9820586622807017,0.875,0.8125,0.9375,0.08033258118503911,2,pure_edema,v4_patient_level_refold
PRISM_SCAR_ROUTED_L1,P5_nnunet_pure_edema_FN,logistic_regression,128,32,64,16,PASS,1.0,1.0,0.96875,0.9375,1.0,0.01637560334603072,3,pure_edema,v4_patient_level_refold
PRISM_SCAR_ROUTED_L1,P5_nnunet_pure_edema_FN,logistic_regression,128,32,64,16,PASS,0.98828125,0.9901315789473684,0.90625,1.0,0.8125,0.06948160415556293,4,pure_edema,v4_patient_level_refold
PRISM_SCAR_ROUTED_L1,P6_nnunet_pure_edema_FP,logistic_regression,128,32,64,16,PASS,1.0,1.0,0.96875,0.9375,1.0,0.023258991310778243,0,pure_edema,v4_patient_level_refold
PRISM_SCAR_ROUTED_L1,P6_nnunet_pure_edema_FP,logistic_regression,128,32,64,16,PASS,0.97265625,0.9809782608695652,0.96875,0.9375,1.0,0.000205820399207024,1,pure_edema,v4_patient_level_refold
PRISM_SCAR_ROUTED_L1,P6_nnunet_pure_edema_FP,logistic_regression,128,32,64,16,PASS,1.0,1.0,0.96875,1.0,0.9375,0.022414208179187822,2,pure_edema,v4_patient_level_refold
PRISM_SCAR_ROUTED_L1,P6_nnunet_pure_edema_FP,logistic_regression,128,32,64,16,PASS,1.0,1.0,0.9375,0.875,1.0,0.03909460540890497,3,pure_edema,v4_patient_level_refold
PRISM_SCAR_ROUTED_L1,P6_nnunet_pure_edema_FP,logistic_regression,128,32,64,16,PASS,0.99609375,0.9963235294117647,0.96875,1.0,0.9375,0.01136083469211413,4,pure_edema,v4_patient_level_refold
PRISM_SCAR_ROUTED_L1,P7_small_scar_vs_normal_myocardium,logistic_regression,77,17,64,16,PASS,1.0,1.0,1.0,1.0,1.0,0.004836189600607249,0,scar,v4_patient_level_refold
PRISM_SCAR_ROUTED_L1,P7_small_scar_vs_normal_myocardium,logistic_regression,75,19,64,16,PASS,1.0,1.0,1.0,1.0,1.0,0.015140495543728233,1,scar,v4_patient_level_refold
PRISM_SCAR_ROUTED_L1,P7_small_scar_vs_normal_myocardium,logistic_regression,77,17,64,16,PASS,1.0,1.0,1.0,1.0,1.0,0.00783518735887373,2,scar,v4_patient_level_refold
PRISM_SCAR_ROUTED_L1,P7_small_scar_vs_normal_myocardium,logistic_regression,73,21,64,16,PASS,1.0,1.0,0.9,0.8,1.0,0.030370427858628785,3,scar,v4_patient_level_refold
PRISM_SCAR_ROUTED_L1,P7_small_scar_vs_normal_myocardium,logistic_regression,74,20,64,16,PASS,0.96875,0.9166666666666666,0.75,0.5,1.0,0.06925673987606851,4,scar,v4_patient_level_refold
PRISM_SCAR_ROUTED_L1,P8_boundary_scar_vs_non_scar_myocardium,logistic_regression,127,32,64,16,PASS,1.0,1.0,0.96875,0.9375,1.0,0.01699720492447626,0,scar,v4_patient_level_refold
PRISM_SCAR_ROUTED_L1,P8_boundary_scar_vs_non_scar_myocardium,logistic_regression,128,31,64,16,PASS,0.9666666666666667,0.9743434343434343,0.9041666666666667,0.9333333333333333,0.875,0.01455504006465852,1,scar,v4_patient_level_refold
PRISM_SCAR_ROUTED_L1,P8_boundary_scar_vs_non_scar_myocardium,logistic_regression,127,32,64,16,PASS,0.98046875,0.9815359477124184,0.875,0.8125,0.9375,0.05491993856838867,2,scar,v4_patient_level_refold
PRISM_SCAR_ROUTED_L1,P8_boundary_scar_vs_non_scar_myocardium,logistic_regression,127,32,64,16,PASS,0.9921875,0.9924172794117647,0.9375,0.9375,0.9375,0.017902154008720306,3,scar,v4_patient_level_refold
PRISM_SCAR_ROUTED_L1,P8_boundary_scar_vs_non_scar_myocardium,logistic_regression,127,32,64,16,PASS,1.0,1.0,0.96875,1.0,0.9375,0.008919077939435027,4,scar,v4_patient_level_refold
PRISM_SCAR_ROUTED_L2,P1_scar_vs_normal_myocardium,logistic_regression,127,32,64,16,PASS,0.984375,0.9837863270308124,0.90625,0.875,0.9375,0.030387528742139014,0,scar,v4_patient_level_refold
PRISM_SCAR_ROUTED_L2,P1_scar_vs_normal_myocardium,logistic_regression,128,31,64,16,PASS,0.9875,0.9877124183006536,0.90625,1.0,0.8125,0.10755129333544555,1,scar,v4_patient_level_refold
PRISM_SCAR_ROUTED_L2,P1_scar_vs_normal_myocardium,logistic_regression,127,32,64,16,PASS,0.9921875,0.9924172794117647,0.90625,0.875,0.9375,0.04466050282410977,2,scar,v4_patient_level_refold
PRISM_SCAR_ROUTED_L2,P1_scar_vs_normal_myocardium,logistic_regression,127,32,64,16,PASS,1.0,1.0,1.0,1.0,1.0,0.003223713036668574,3,scar,v4_patient_level_refold
PRISM_SCAR_ROUTED_L2,P1_scar_vs_normal_myocardium,logistic_regression,127,32,64,16,PASS,0.99609375,0.9963235294117647,0.96875,1.0,0.9375,0.012083737297272246,4,scar,v4_patient_level_refold
PRISM_SCAR_ROUTED_L2,P2_nnunet_scar_FN_vs_true_negative,logistic_regression,126,32,64,16,PASS,1.0,1.0,0.96875,0.9375,1.0,0.01195518008498686,0,scar,v4_patient_level_refold
PRISM_SCAR_ROUTED_L2,P2_nnunet_scar_FN_vs_true_negative,logistic_regression,127,31,64,16,PASS,0.9875,0.9888888888888889,0.90625,1.0,0.8125,0.07330450380696352,1,scar,v4_patient_level_refold
PRISM_SCAR_ROUTED_L2,P2_nnunet_scar_FN_vs_true_negative,logistic_regression,126,32,64,16,PASS,1.0,1.0,0.96875,0.9375,1.0,0.02553077792905656,2,scar,v4_patient_level_refold
PRISM_SCAR_ROUTED_L2,P2_nnunet_scar_FN_vs_true_negative,logistic_regression,126,32,64,16,PASS,1.0,1.0,1.0,1.0,1.0,0.01203100816564584,3,scar,v4_patient_level_refold
PRISM_SCAR_ROUTED_L2,P2_nnunet_scar_FN_vs_true_negative,logistic_regression,127,31,64,16,PASS,1.0,1.0,1.0,1.0,1.0,0.004952137284733871,4,scar,v4_patient_level_refold
PRISM_SCAR_ROUTED_L2,P3_nnunet_scar_FP_vs_true_negative,logistic_regression,120,32,64,16,PASS,0.9921875,0.9924172794117647,0.90625,0.875,0.9375,0.02480075231764034,0,scar,v4_patient_level_refold
PRISM_SCAR_ROUTED_L2,P3_nnunet_scar_FP_vs_true_negative,logistic_regression,123,29,64,16,PASS,1.0,0.9999999999999998,1.0,1.0,1.0,0.018647328257883733,1,scar,v4_patient_level_refold
PRISM_SCAR_ROUTED_L2,P3_nnunet_scar_FP_vs_true_negative,logistic_regression,121,31,64,16,PASS,1.0,1.0,1.0,1.0,1.0,0.012188272454948468,2,scar,v4_patient_level_refold
PRISM_SCAR_ROUTED_L2,P3_nnunet_scar_FP_vs_true_negative,logistic_regression,121,31,64,16,PASS,1.0,1.0,1.0,1.0,1.0,0.0023476675940395375,3,scar,v4_patient_level_refold
PRISM_SCAR_ROUTED_L2,P3_nnunet_scar_FP_vs_true_negative,logistic_regression,123,29,64,16,PASS,1.0,0.9999999999999998,1.0,1.0,1.0,0.007548244073318333,4,scar,v4_patient_level_refold
PRISM_SCAR_ROUTED_L2,P4_pure_edema_vs_normal_myocardium,logistic_regression,128,32,64,16,PASS,0.9296875,0.9255433802308802,0.875,0.875,0.875,0.0255498955241803,0,pure_edema,v4_patient_level_refold
PRISM_SCAR_ROUTED_L2,P4_pure_edema_vs_normal_myocardium,logistic_regression,128,32,64,16,PASS,0.8515625,0.8746559964290943,0.8125,0.8125,0.8125,0.025791756312452563,1,pure_edema,v4_patient_level_refold
PRISM_SCAR_ROUTED_L2,P4_pure_edema_vs_normal_myocardium,logistic_regression,128,32,64,16,PASS,0.90625,0.9224152611671628,0.78125,0.625,0.9375,0.11659057510124549,2,pure_edema,v4_patient_level_refold
PRISM_SCAR_ROUTED_L2,P4_pure_edema_vs_normal_myocardium,logistic_regression,128,32,64,16,PASS,0.9453125,0.9525984077841663,0.84375,0.8125,0.875,0.001608040617948281,3,pure_edema,v4_patient_level_refold
PRISM_SCAR_ROUTED_L2,P4_pure_edema_vs_normal_myocardium,logistic_regression,128,32,64,16,PASS,0.8515625,0.8908417200872444,0.75,0.6875,0.8125,0.006629550253601124,4,pure_edema,v4_patient_level_refold
PRISM_SCAR_ROUTED_L2,P5_nnunet_pure_edema_FN,logistic_regression,128,32,64,16,PASS,0.9921875,0.9930555555555556,0.9375,0.9375,0.9375,0.016608692855863527,0,pure_edema,v4_patient_level_refold
PRISM_SCAR_ROUTED_L2,P5_nnunet_pure_edema_FN,logistic_regression,128,32,64,16,PASS,0.984375,0.9862253289473684,0.875,0.9375,0.8125,0.06789462480879926,1,pure_edema,v4_patient_level_refold
PRISM_SCAR_ROUTED_L2,P5_nnunet_pure_edema_FN,logistic_regression,128,32,64,16,PASS,0.9921875,0.9930555555555556,0.96875,0.9375,1.0,0.048104770602150015,2,pure_edema,v4_patient_level_refold
PRISM_SCAR_ROUTED_L2,P5_nnunet_pure_edema_FN,logistic_regression,128,32,64,16,PASS,0.99609375,0.9963235294117647,0.96875,0.9375,1.0,0.031839730452246084,3,pure_edema,v4_patient_level_refold
PRISM_SCAR_ROUTED_L2,P5_nnunet_pure_edema_FN,logistic_regression,128,32,64,16,PASS,1.0,1.0,1.0,1.0,1.0,0.01751228168260266,4,pure_edema,v4_patient_level_refold
PRISM_SCAR_ROUTED_L2,P6_nnunet_pure_edema_FP,logistic_regression,128,31,64,16,PASS,1.0,1.0,1.0,1.0,1.0,0.006980643498490979,0,pure_edema,v4_patient_level_refold
PRISM_SCAR_ROUTED_L2,P6_nnunet_pure_edema_FP,logistic_regression,127,32,64,16,PASS,0.96875,0.9695567810457517,0.90625,1.0,0.8125,0.04508990720241968,1,pure_edema,v4_patient_level_refold
PRISM_SCAR_ROUTED_L2,P6_nnunet_pure_edema_FP,logistic_regression,127,32,64,16,PASS,0.99609375,0.9963235294117647,0.96875,0.9375,1.0,0.030791369703334848,2,pure_edema,v4_patient_level_refold
PRISM_SCAR_ROUTED_L2,P6_nnunet_pure_edema_FP,logistic_regression,127,32,64,16,PASS,1.0,1.0,0.96875,1.0,0.9375,0.01736161704490935,3,pure_edema,v4_patient_level_refold
PRISM_SCAR_ROUTED_L2,P6_nnunet_pure_edema_FP,logistic_regression,127,32,64,16,PASS,0.99609375,0.9963235294117647,0.96875,0.9375,1.0,0.022495127793697278,4,pure_edema,v4_patient_level_refold
PRISM_SCAR_ROUTED_L2,P7_small_scar_vs_normal_myocardium,logistic_regression,77,17,64,16,PASS,1.0,1.0,0.96875,1.0,0.9375,0.05084329058423806,0,scar,v4_patient_level_refold
PRISM_SCAR_ROUTED_L2,P7_small_scar_vs_normal_myocardium,logistic_regression,75,19,64,16,PASS,1.0,1.0,0.96875,1.0,0.9375,0.07441413048728024,1,scar,v4_patient_level_refold
PRISM_SCAR_ROUTED_L2,P7_small_scar_vs_normal_myocardium,logistic_regression,77,17,64,16,PASS,1.0,1.0,1.0,1.0,1.0,0.005895609933699211,2,scar,v4_patient_level_refold
PRISM_SCAR_ROUTED_L2,P7_small_scar_vs_normal_myocardium,logistic_regression,73,21,64,16,PASS,1.0,1.0,1.0,1.0,1.0,0.03812070223353195,3,scar,v4_patient_level_refold
PRISM_SCAR_ROUTED_L2,P7_small_scar_vs_normal_myocardium,logistic_regression,74,20,64,16,PASS,1.0,1.0,1.0,1.0,1.0,0.03817996495479367,4,scar,v4_patient_level_refold
PRISM_SCAR_ROUTED_L2,P8_boundary_scar_vs_non_scar_myocardium,logistic_regression,127,32,64,16,PASS,0.984375,0.9837863270308124,0.90625,0.875,0.9375,0.030387528742139014,0,scar,v4_patient_level_refold
PRISM_SCAR_ROUTED_L2,P8_boundary_scar_vs_non_scar_myocardium,logistic_regression,128,31,64,16,PASS,0.9875,0.9877124183006536,0.90625,1.0,0.8125,0.10755129333544555,1,scar,v4_patient_level_refold
PRISM_SCAR_ROUTED_L2,P8_boundary_scar_vs_non_scar_myocardium,logistic_regression,127,32,64,16,PASS,0.9921875,0.9924172794117647,0.90625,0.875,0.9375,0.04466050282410977,2,scar,v4_patient_level_refold
PRISM_SCAR_ROUTED_L2,P8_boundary_scar_vs_non_scar_myocardium,logistic_regression,127,32,64,16,PASS,1.0,1.0,1.0,1.0,1.0,0.003223713036668574,3,scar,v4_patient_level_refold
PRISM_SCAR_ROUTED_L2,P8_boundary_scar_vs_non_scar_myocardium,logistic_regression,127,32,64,16,PASS,0.99609375,0.9963235294117647,0.96875,1.0,0.9375,0.012083737297272246,4,scar,v4_patient_level_refold
PRISM_SCAR_ROUTED_L3,P1_scar_vs_normal_myocardium,logistic_regression,127,32,64,16,PASS,0.96484375,0.9613738181752888,0.875,0.875,0.875,0.000196980262425428,0,scar,v4_patient_level_refold
PRISM_SCAR_ROUTED_L3,P1_scar_vs_normal_myocardium,logistic_regression,128,31,64,16,PASS,0.9291666666666667,0.9321495025442392,0.7770833333333333,0.8666666666666667,0.6875,0.06764571298279598,1,scar,v4_patient_level_refold
PRISM_SCAR_ROUTED_L3,P1_scar_vs_normal_myocardium,logistic_regression,127,32,64,16,PASS,0.9375,0.9371480275722729,0.78125,0.6875,0.875,0.0831837719330123,2,scar,v4_patient_level_refold
PRISM_SCAR_ROUTED_L3,P1_scar_vs_normal_myocardium,logistic_regression,127,32,64,16,PASS,0.96484375,0.9704173430735931,0.84375,0.9375,0.75,0.09788454714884931,3,scar,v4_patient_level_refold
PRISM_SCAR_ROUTED_L3,P1_scar_vs_normal_myocardium,logistic_regression,127,32,64,16,PASS,0.94921875,0.9527432146657691,0.90625,0.875,0.9375,0.04173259876031682,4,scar,v4_patient_level_refold
PRISM_SCAR_ROUTED_L3,P2_nnunet_scar_FN_vs_true_negative,logistic_regression,117,27,64,16,PASS,0.9659090909090909,0.9595404595404595,0.8778409090909092,0.8181818181818182,0.9375,0.01516023005964634,0,scar,v4_patient_level_refold
PRISM_SCAR_ROUTED_L3,P2_nnunet_scar_FN_vs_true_negative,logistic_regression,116,28,64,16,PASS,0.96875,0.9663461538461539,0.8645833333333333,0.9166666666666666,0.8125,0.0640627366650729,1,scar,v4_patient_level_refold
PRISM_SCAR_ROUTED_L3,P2_nnunet_scar_FN_vs_true_negative,logistic_regression,114,30,64,16,PASS,0.96875,0.9716791979949873,0.8928571428571428,0.7857142857142857,1.0,0.07805715002241759,2,scar,v4_patient_level_refold
PRISM_SCAR_ROUTED_L3,P2_nnunet_scar_FN_vs_true_negative,logistic_regression,115,29,64,16,PASS,0.9951923076923077,0.9945054945054943,0.96875,1.0,0.9375,0.03833616834055764,3,scar,v4_patient_level_refold
PRISM_SCAR_ROUTED_L3,P2_nnunet_scar_FN_vs_true_negative,logistic_regression,114,30,64,16,PASS,0.9598214285714286,0.9651785714285712,0.9285714285714286,0.8571428571428571,1.0,0.07345256370360564,4,scar,v4_patient_level_refold
PRISM_SCAR_ROUTED_L3,P3_nnunet_scar_FP_vs_true_negative,logistic_regression,98,27,64,16,PASS,0.9715909090909091,0.963164108618654,0.8778409090909092,0.8181818181818182,0.9375,0.020833657741567868,0,scar,v4_patient_level_refold
PRISM_SCAR_ROUTED_L3,P3_nnunet_scar_FP_vs_true_negative,logistic_regression,102,23,64,16,PASS,0.9285714285714286,0.8766233766233766,0.7857142857142857,0.5714285714285714,1.0,0.08332866625471619,1,scar,v4_patient_level_refold
PRISM_SCAR_ROUTED_L3,P3_nnunet_scar_FP_vs_true_negative,logistic_regression,99,26,64,16,PASS,0.9875,0.9809090909090908,0.91875,0.9,0.9375,0.004133321064011153,2,scar,v4_patient_level_refold
PRISM_SCAR_ROUTED_L3,P3_nnunet_scar_FP_vs_true_negative,logistic_regression,101,24,64,16,PASS,0.9921875,0.9861111111111112,0.9375,1.0,0.875,0.050623686681917746,3,scar,v4_patient_level_refold
PRISM_SCAR_ROUTED_L3,P3_nnunet_scar_FP_vs_true_negative,logistic_regression,100,25,64,16,PASS,0.9583333333333333,0.9555555555555555,0.9444444444444444,0.8888888888888888,1.0,0.052941868877465714,4,scar,v4_patient_level_refold
PRISM_SCAR_ROUTED_L3,P4_pure_edema_vs_normal_myocardium,logistic_regression,127,32,64,16,PASS,0.81640625,0.8604494484273897,0.75,0.75,0.75,0.01674149485595744,0,pure_edema,v4_patient_level_refold
PRISM_SCAR_ROUTED_L3,P4_pure_edema_vs_normal_myocardium,logistic_regression,128,31,64,16,PASS,0.8125,0.8158799021182922,0.7083333333333333,0.6666666666666666,0.75,0.032225604723955636,1,pure_edema,v4_patient_level_refold
PRISM_SCAR_ROUTED_L3,P4_pure_edema_vs_normal_myocardium,logistic_regression,127,32,64,16,PASS,0.890625,0.8981573671211829,0.84375,0.8125,0.875,0.039563240738261785,2,pure_edema,v4_patient_level_refold
PRISM_SCAR_ROUTED_L3,P4_pure_edema_vs_normal_myocardium,logistic_regression,127,32,64,16,PASS,0.87890625,0.8468674401578814,0.75,0.75,0.75,0.011179702572858718,3,pure_edema,v4_patient_level_refold
PRISM_SCAR_ROUTED_L3,P4_pure_edema_vs_normal_myocardium,logistic_regression,127,32,64,16,PASS,0.8359375,0.8624255610828501,0.78125,0.75,0.8125,0.005606061443089061,4,pure_edema,v4_patient_level_refold
PRISM_SCAR_ROUTED_L3,P5_nnunet_pure_edema_FN,logistic_regression,113,31,64,16,PASS,0.8958333333333333,0.9299075952219968,0.80625,0.8,0.8125,0.00112487128782357,0,pure_edema,v4_patient_level_refold
PRISM_SCAR_ROUTED_L3,P5_nnunet_pure_edema_FN,logistic_regression,116,28,64,16,PASS,0.8854166666666667,0.8850305944055946,0.78125,0.75,0.8125,0.00426051508894304,1,pure_edema,v4_patient_level_refold
PRISM_SCAR_ROUTED_L3,P5_nnunet_pure_edema_FN,logistic_regression,117,27,64,16,PASS,0.8977272727272727,0.8717961331597694,0.7869318181818181,0.6363636363636364,0.9375,0.10389948689845907,2,pure_edema,v4_patient_level_refold
PRISM_SCAR_ROUTED_L3,P5_nnunet_pure_edema_FN,logistic_regression,115,29,64,16,PASS,1.0,0.9999999999999998,0.8846153846153846,0.7692307692307693,1.0,0.03634305244980751,3,pure_edema,v4_patient_level_refold
PRISM_SCAR_ROUTED_L3,P5_nnunet_pure_edema_FN,logistic_regression,115,29,64,16,PASS,0.9326923076923077,0.9493589743589741,0.8293269230769231,0.8461538461538461,0.8125,0.019318649323195602,4,pure_edema,v4_patient_level_refold
PRISM_SCAR_ROUTED_L3,P6_nnunet_pure_edema_FP,logistic_regression,115,29,64,16,PASS,0.9471153846153846,0.951282051282051,0.8533653846153846,0.7692307692307693,0.9375,0.03720502081793836,0,pure_edema,v4_patient_level_refold
PRISM_SCAR_ROUTED_L3,P6_nnunet_pure_edema_FP,logistic_regression,117,27,64,16,PASS,0.9147727272727273,0.9077134986225897,0.8465909090909092,0.8181818181818182,0.875,0.02262625676104485,1,pure_edema,v4_patient_level_refold
PRISM_SCAR_ROUTED_L3,P6_nnunet_pure_edema_FP,logistic_regression,117,27,64,16,PASS,0.9659090909090908,0.9633264462809918,0.9090909090909092,0.8181818181818182,1.0,0.044278542597878834,2,pure_edema,v4_patient_level_refold
PRISM_SCAR_ROUTED_L3,P6_nnunet_pure_edema_FP,logistic_regression,114,30,64,16,PASS,0.9910714285714286,0.9901360544217686,0.9330357142857143,0.9285714285714286,0.9375,0.019099694580680115,3,pure_edema,v4_patient_level_refold
PRISM_SCAR_ROUTED_L3,P6_nnunet_pure_edema_FP,logistic_regression,113,31,64,16,PASS,0.9958333333333333,0.9958333333333333,0.9666666666666667,0.9333333333333333,1.0,0.027918539123140018,4,pure_edema,v4_patient_level_refold
PRISM_SCAR_ROUTED_L3,P7_small_scar_vs_normal_myocardium,logistic_regression,77,17,64,16,PASS,1.0,1.0,0.5,0.0,1.0,0.03229756165836273,0,scar,v4_patient_level_refold
PRISM_SCAR_ROUTED_L3,P7_small_scar_vs_normal_myocardium,logistic_regression,75,19,64,16,PASS,1.0,1.0,1.0,1.0,1.0,0.023782476709210243,1,scar,v4_patient_level_refold
PRISM_SCAR_ROUTED_L3,P7_small_scar_vs_normal_myocardium,logistic_regression,77,17,64,16,PASS,1.0,1.0,1.0,1.0,1.0,0.004748774264567462,2,scar,v4_patient_level_refold
PRISM_SCAR_ROUTED_L3,P7_small_scar_vs_normal_myocardium,logistic_regression,73,21,64,16,PASS,1.0,1.0,1.0,1.0,1.0,0.00540639115274108,3,scar,v4_patient_level_refold
PRISM_SCAR_ROUTED_L3,P7_small_scar_vs_normal_myocardium,logistic_regression,74,20,64,16,PASS,0.953125,0.8928571428571428,0.5,0.0,1.0,0.1601633779593259,4,scar,v4_patient_level_refold
PRISM_SCAR_ROUTED_L3,P8_boundary_scar_vs_non_scar_myocardium,logistic_regression,127,32,64,16,PASS,0.96484375,0.9613738181752888,0.875,0.875,0.875,0.000196980262425428,0,scar,v4_patient_level_refold
PRISM_SCAR_ROUTED_L3,P8_boundary_scar_vs_non_scar_myocardium,logistic_regression,128,31,64,16,PASS,0.9291666666666667,0.9321495025442392,0.7770833333333333,0.8666666666666667,0.6875,0.06764571298279598,1,scar,v4_patient_level_refold
PRISM_SCAR_ROUTED_L3,P8_boundary_scar_vs_non_scar_myocardium,logistic_regression,127,32,64,16,PASS,0.9375,0.9371480275722729,0.78125,0.6875,0.875,0.0831837719330123,2,scar,v4_patient_level_refold
PRISM_SCAR_ROUTED_L3,P8_boundary_scar_vs_non_scar_myocardium,logistic_regression,127,32,64,16,PASS,0.96484375,0.9704173430735931,0.84375,0.9375,0.75,0.09788454714884931,3,scar,v4_patient_level_refold
PRISM_SCAR_ROUTED_L3,P8_boundary_scar_vs_non_scar_myocardium,logistic_regression,127,32,64,16,PASS,0.94921875,0.9527432146657691,0.90625,0.875,0.9375,0.04173259876031682,4,scar,v4_patient_level_refold
PRISM_SHARED_L0,P1_scar_vs_normal_myocardium,logistic_regression,127,32,64,16,PASS,0.96875,0.9743421052631579,0.875,0.875,0.875,0.019227678397044312,0,scar,v4_patient_level_refold
PRISM_SHARED_L0,P1_scar_vs_normal_myocardium,logistic_regression,128,31,64,16,PASS,0.9125,0.9100669975592577,0.7729166666666667,0.7333333333333333,0.8125,0.04395983767581668,1,scar,v4_patient_level_refold
PRISM_SHARED_L0,P1_scar_vs_normal_myocardium,logistic_regression,127,32,64,16,PASS,0.93359375,0.9343307733932734,0.8125,0.75,0.875,0.0377140068341284,2,scar,v4_patient_level_refold
PRISM_SHARED_L0,P1_scar_vs_normal_myocardium,logistic_regression,127,32,64,16,PASS,0.91796875,0.9329403235653235,0.84375,0.75,0.9375,0.046168524901671004,3,scar,v4_patient_level_refold
PRISM_SHARED_L0,P1_scar_vs_normal_myocardium,logistic_regression,127,32,64,16,PASS,0.89453125,0.8455067147549732,0.8125,0.8125,0.8125,0.005102121747713295,4,scar,v4_patient_level_refold
PRISM_SHARED_L0,P2_nnunet_scar_FN_vs_true_negative,logistic_regression,127,32,64,16,PASS,1.0,1.0,0.96875,1.0,0.9375,0.007387498522421931,0,scar,v4_patient_level_refold
PRISM_SHARED_L0,P2_nnunet_scar_FN_vs_true_negative,logistic_regression,128,31,64,16,PASS,0.9541666666666666,0.960298786181139,0.8375,0.8,0.875,0.033939835391647466,1,scar,v4_patient_level_refold
PRISM_SHARED_L0,P2_nnunet_scar_FN_vs_true_negative,logistic_regression,127,32,64,16,PASS,0.9921875,0.9930555555555556,0.9375,0.875,1.0,0.04094976494093866,2,scar,v4_patient_level_refold
PRISM_SHARED_L0,P2_nnunet_scar_FN_vs_true_negative,logistic_regression,127,32,64,16,PASS,0.9765625,0.9786119711042311,0.90625,0.875,0.9375,0.036686829812402455,3,scar,v4_patient_level_refold
PRISM_SHARED_L0,P2_nnunet_scar_FN_vs_true_negative,logistic_regression,127,32,64,16,PASS,0.95703125,0.9553861160769056,0.875,0.9375,0.8125,0.042341796296330614,4,scar,v4_patient_level_refold
PRISM_SHARED_L0,P3_nnunet_scar_FP_vs_true_negative,logistic_regression,128,32,64,16,PASS,1.0,1.0,1.0,1.0,1.0,0.016796970945938128,0,scar,v4_patient_level_refold
PRISM_SHARED_L0,P3_nnunet_scar_FP_vs_true_negative,logistic_regression,128,32,64,16,PASS,0.98828125,0.9891493055555556,0.9375,0.9375,0.9375,0.0037702072701897293,1,scar,v4_patient_level_refold
PRISM_SHARED_L0,P3_nnunet_scar_FP_vs_true_negative,logistic_regression,128,32,64,16,PASS,1.0,1.0,1.0,1.0,1.0,0.003854972757503683,2,scar,v4_patient_level_refold
PRISM_SHARED_L0,P3_nnunet_scar_FP_vs_true_negative,logistic_regression,128,32,64,16,PASS,1.0,1.0,0.96875,0.9375,1.0,0.03133237492421215,3,scar,v4_patient_level_refold
PRISM_SHARED_L0,P3_nnunet_scar_FP_vs_true_negative,logistic_regression,128,32,64,16,PASS,0.99609375,0.9963235294117647,0.96875,1.0,0.9375,0.03378932748576613,4,scar,v4_patient_level_refold
PRISM_SHARED_L0,P4_pure_edema_vs_normal_myocardium,logistic_regression,128,32,64,16,PASS,0.8125,0.8870819704489059,0.78125,0.75,0.8125,0.04129372131775616,0,pure_edema,v4_patient_level_refold
PRISM_SHARED_L0,P4_pure_edema_vs_normal_myocardium,logistic_regression,128,32,64,16,PASS,0.8671875,0.903236346986347,0.8125,0.75,0.875,0.06489674007715868,1,pure_edema,v4_patient_level_refold
PRISM_SHARED_L0,P4_pure_edema_vs_normal_myocardium,logistic_regression,128,32,64,16,PASS,0.84375,0.8423190387828545,0.75,0.6875,0.8125,0.00723295246110206,2,pure_edema,v4_patient_level_refold
PRISM_SHARED_L0,P4_pure_edema_vs_normal_myocardium,logistic_regression,128,32,64,16,PASS,0.875,0.876655607034864,0.75,0.8125,0.6875,0.057804882120991774,3,pure_edema,v4_patient_level_refold
PRISM_SHARED_L0,P4_pure_edema_vs_normal_myocardium,logistic_regression,128,32,64,16,PASS,0.81640625,0.8073736022749181,0.75,0.8125,0.6875,0.039747304543042095,4,pure_edema,v4_patient_level_refold
PRISM_SHARED_L0,P5_nnunet_pure_edema_FN,logistic_regression,128,32,64,16,PASS,0.9765625,0.977594376566416,0.84375,0.75,0.9375,0.07792488868799385,0,pure_edema,v4_patient_level_refold
PRISM_SHARED_L0,P5_nnunet_pure_edema_FN,logistic_regression,128,32,64,16,PASS,0.96875,0.9723345588235295,0.875,0.9375,0.8125,0.002776168825898262,1,pure_edema,v4_patient_level_refold
PRISM_SHARED_L0,P5_nnunet_pure_edema_FN,logistic_regression,128,32,64,16,PASS,0.97265625,0.977046130952381,0.875,0.8125,0.9375,0.03860030939307002,2,pure_edema,v4_patient_level_refold
PRISM_SHARED_L0,P5_nnunet_pure_edema_FN,logistic_regression,128,32,64,16,PASS,0.98046875,0.9820586622807017,0.90625,0.9375,0.875,0.03337246474366873,3,pure_edema,v4_patient_level_refold
PRISM_SHARED_L0,P5_nnunet_pure_edema_FN,logistic_regression,128,32,64,16,PASS,0.96875,0.9756016042780749,0.8125,0.9375,0.6875,0.10049731408839613,4,pure_edema,v4_patient_level_refold
PRISM_SHARED_L0,P6_nnunet_pure_edema_FP,logistic_regression,128,32,64,16,PASS,1.0,1.0,0.96875,1.0,0.9375,0.00486850859970045,0,pure_edema,v4_patient_level_refold
PRISM_SHARED_L0,P6_nnunet_pure_edema_FP,logistic_regression,128,32,64,16,PASS,0.9609375,0.9654893207282913,0.84375,0.8125,0.875,0.03486788576469718,1,pure_edema,v4_patient_level_refold
PRISM_SHARED_L0,P6_nnunet_pure_edema_FP,logistic_regression,128,32,64,16,PASS,0.99609375,0.9963235294117647,0.9375,0.875,1.0,0.07413725425244944,2,pure_edema,v4_patient_level_refold
PRISM_SHARED_L0,P6_nnunet_pure_edema_FP,logistic_regression,128,32,64,16,PASS,0.9921875,0.9930555555555556,0.96875,0.9375,1.0,0.004346369481854406,3,pure_edema,v4_patient_level_refold
PRISM_SHARED_L0,P6_nnunet_pure_edema_FP,logistic_regression,128,32,64,16,PASS,0.93359375,0.9118202467467172,0.84375,0.9375,0.75,0.08089790944695152,4,pure_edema,v4_patient_level_refold
PRISM_SHARED_L0,P7_small_scar_vs_normal_myocardium,logistic_regression,77,17,64,16,PASS,1.0,1.0,1.0,1.0,1.0,0.02535429790141218,0,scar,v4_patient_level_refold
PRISM_SHARED_L0,P7_small_scar_vs_normal_myocardium,logistic_regression,75,19,64,16,PASS,0.9375,0.7555555555555555,0.6666666666666666,0.3333333333333333,1.0,0.0433683092496978,1,scar,v4_patient_level_refold
PRISM_SHARED_L0,P7_small_scar_vs_normal_myocardium,logistic_regression,77,17,64,16,PASS,1.0,1.0,1.0,1.0,1.0,0.047721210118592775,2,scar,v4_patient_level_refold
PRISM_SHARED_L0,P7_small_scar_vs_normal_myocardium,logistic_regression,73,21,64,16,PASS,1.0,1.0,0.8,0.6,1.0,0.04918535749771999,3,scar,v4_patient_level_refold
PRISM_SHARED_L0,P7_small_scar_vs_normal_myocardium,logistic_regression,74,20,64,16,PASS,0.921875,0.8611111111111112,0.8125,0.75,0.875,0.006437176480848739,4,scar,v4_patient_level_refold
PRISM_SHARED_L0,P8_boundary_scar_vs_non_scar_myocardium,logistic_regression,127,32,64,16,PASS,0.96875,0.9743421052631579,0.875,0.875,0.875,0.019227678397044312,0,scar,v4_patient_level_refold
PRISM_SHARED_L0,P8_boundary_scar_vs_non_scar_myocardium,logistic_regression,128,31,64,16,PASS,0.9125,0.9100669975592577,0.7729166666666667,0.7333333333333333,0.8125,0.04395983767581668,1,scar,v4_patient_level_refold
PRISM_SHARED_L0,P8_boundary_scar_vs_non_scar_myocardium,logistic_regression,127,32,64,16,PASS,0.93359375,0.9343307733932734,0.8125,0.75,0.875,0.0377140068341284,2,scar,v4_patient_level_refold
PRISM_SHARED_L0,P8_boundary_scar_vs_non_scar_myocardium,logistic_regression,127,32,64,16,PASS,0.91796875,0.9329403235653235,0.84375,0.75,0.9375,0.046168524901671004,3,scar,v4_patient_level_refold
PRISM_SHARED_L0,P8_boundary_scar_vs_non_scar_myocardium,logistic_regression,127,32,64,16,PASS,0.89453125,0.8455067147549732,0.8125,0.8125,0.8125,0.005102121747713295,4,scar,v4_patient_level_refold
PRISM_SHARED_L1,P1_scar_vs_normal_myocardium,logistic_regression,127,32,64,16,PASS,1.0,1.0,1.0,1.0,1.0,0.027699041146984182,0,scar,v4_patient_level_refold
PRISM_SHARED_L1,P1_scar_vs_normal_myocardium,logistic_regression,128,31,64,16,PASS,0.9375,0.9526942355889725,0.9020833333333333,0.8666666666666667,0.9375,0.034802495141898815,1,scar,v4_patient_level_refold
PRISM_SHARED_L1,P1_scar_vs_normal_myocardium,logistic_regression,127,32,64,16,PASS,0.98046875,0.9820586622807017,0.90625,0.8125,1.0,0.08290921195781348,2,scar,v4_patient_level_refold
PRISM_SHARED_L1,P1_scar_vs_normal_myocardium,logistic_regression,127,32,64,16,PASS,0.9609375,0.9660714285714287,0.84375,0.875,0.8125,0.018229740486030876,3,scar,v4_patient_level_refold
PRISM_SHARED_L1,P1_scar_vs_normal_myocardium,logistic_regression,127,32,64,16,PASS,0.9453125,0.954000350140056,0.875,0.8125,0.9375,0.02856744948359563,4,scar,v4_patient_level_refold
PRISM_SHARED_L1,P2_nnunet_scar_FN_vs_true_negative,logistic_regression,126,32,64,16,PASS,1.0,1.0,1.0,1.0,1.0,0.005173376430850918,0,scar,v4_patient_level_refold
PRISM_SHARED_L1,P2_nnunet_scar_FN_vs_true_negative,logistic_regression,127,31,64,16,PASS,0.9583333333333334,0.9733333333333332,0.9666666666666667,0.9333333333333333,1.0,0.017983690852916623,1,scar,v4_patient_level_refold
PRISM_SHARED_L1,P2_nnunet_scar_FN_vs_true_negative,logistic_regression,126,32,64,16,PASS,0.96875,0.9791666666666666,0.96875,0.9375,1.0,0.045154160306776214,2,scar,v4_patient_level_refold
PRISM_SHARED_L1,P2_nnunet_scar_FN_vs_true_negative,logistic_regression,126,32,64,16,PASS,0.99609375,0.9963235294117647,0.96875,0.9375,1.0,0.02190863325890785,3,scar,v4_patient_level_refold
PRISM_SHARED_L1,P2_nnunet_scar_FN_vs_true_negative,logistic_regression,127,31,64,16,PASS,0.9958333333333333,0.9958333333333333,0.96875,1.0,0.9375,0.011908546659120223,4,scar,v4_patient_level_refold
PRISM_SHARED_L1,P3_nnunet_scar_FP_vs_true_negative,logistic_regression,127,32,64,16,PASS,1.0,1.0,1.0,1.0,1.0,0.01254968541219792,0,scar,v4_patient_level_refold
PRISM_SHARED_L1,P3_nnunet_scar_FP_vs_true_negative,logistic_regression,127,32,64,16,PASS,1.0,1.0,0.96875,0.9375,1.0,0.031340017710479395,1,scar,v4_patient_level_refold
PRISM_SHARED_L1,P3_nnunet_scar_FP_vs_true_negative,logistic_regression,128,31,64,16,PASS,1.0,1.0,1.0,1.0,1.0,0.011510069753353669,2,scar,v4_patient_level_refold
PRISM_SHARED_L1,P3_nnunet_scar_FP_vs_true_negative,logistic_regression,127,32,64,16,PASS,1.0,1.0,0.96875,1.0,0.9375,0.01123574593013088,3,scar,v4_patient_level_refold
PRISM_SHARED_L1,P3_nnunet_scar_FP_vs_true_negative,logistic_regression,127,32,64,16,PASS,1.0,1.0,1.0,1.0,1.0,0.012081210143268573,4,scar,v4_patient_level_refold
PRISM_SHARED_L1,P4_pure_edema_vs_normal_myocardium,logistic_regression,128,32,64,16,PASS,0.83203125,0.9051976249556895,0.875,0.75,1.0,0.049450464725116994,0,pure_edema,v4_patient_level_refold
PRISM_SHARED_L1,P4_pure_edema_vs_normal_myocardium,logistic_regression,128,32,64,16,PASS,0.8671875,0.843445861736303,0.75,0.75,0.75,0.03089929716021994,1,pure_edema,v4_patient_level_refold
PRISM_SHARED_L1,P4_pure_edema_vs_normal_myocardium,logistic_regression,128,32,64,16,PASS,0.875,0.903413613891555,0.75,0.75,0.75,0.0012832122352402497,2,pure_edema,v4_patient_level_refold
PRISM_SHARED_L1,P4_pure_edema_vs_normal_myocardium,logistic_regression,128,32,64,16,PASS,0.9296875,0.9432606101651186,0.78125,0.75,0.8125,0.004928057820407061,3,pure_edema,v4_patient_level_refold
PRISM_SHARED_L1,P4_pure_edema_vs_normal_myocardium,logistic_regression,128,32,64,16,PASS,0.88671875,0.8882118851328411,0.78125,0.875,0.6875,0.05298677741861557,4,pure_edema,v4_patient_level_refold
PRISM_SHARED_L1,P5_nnunet_pure_edema_FN,logistic_regression,128,32,64,16,PASS,0.99609375,0.9963235294117647,0.9375,0.9375,0.9375,0.0015787337617818586,0,pure_edema,v4_patient_level_refold
PRISM_SHARED_L1,P5_nnunet_pure_edema_FN,logistic_regression,128,32,64,16,PASS,0.98046875,0.9851190476190477,0.9375,0.875,1.0,0.03141511512370976,1,pure_edema,v4_patient_level_refold
PRISM_SHARED_L1,P5_nnunet_pure_edema_FN,logistic_regression,128,32,64,16,PASS,0.98828125,0.9901315789473684,0.96875,0.9375,1.0,0.0269586641273471,2,pure_edema,v4_patient_level_refold
PRISM_SHARED_L1,P5_nnunet_pure_edema_FN,logistic_regression,128,32,64,16,PASS,0.9921875,0.9924172794117647,0.9375,0.9375,0.9375,0.0005728740668057286,3,pure_edema,v4_patient_level_refold
PRISM_SHARED_L1,P5_nnunet_pure_edema_FN,logistic_regression,128,32,64,16,PASS,1.0,1.0,0.9375,1.0,0.875,0.04723321386921042,4,pure_edema,v4_patient_level_refold
PRISM_SHARED_L1,P6_nnunet_pure_edema_FP,logistic_regression,128,32,64,16,PASS,1.0,1.0,1.0,1.0,1.0,0.011313880614148286,0,pure_edema,v4_patient_level_refold
PRISM_SHARED_L1,P6_nnunet_pure_edema_FP,logistic_regression,128,32,64,16,PASS,0.98046875,0.9827786377708978,0.9375,0.875,1.0,0.05127920700458288,1,pure_edema,v4_patient_level_refold
PRISM_SHARED_L1,P6_nnunet_pure_edema_FP,logistic_regression,128,32,64,16,PASS,1.0,1.0,0.9375,0.875,1.0,0.04957521527108816,2,pure_edema,v4_patient_level_refold
PRISM_SHARED_L1,P6_nnunet_pure_edema_FP,logistic_regression,128,32,64,16,PASS,0.9921875,0.9924172794117647,0.96875,1.0,0.9375,0.01110178299426412,3,pure_edema,v4_patient_level_refold
PRISM_SHARED_L1,P6_nnunet_pure_edema_FP,logistic_regression,128,32,64,16,PASS,0.99609375,0.9963235294117647,0.96875,1.0,0.9375,0.020653637774207256,4,pure_edema,v4_patient_level_refold
PRISM_SHARED_L1,P7_small_scar_vs_normal_myocardium,logistic_regression,77,17,64,16,PASS,1.0,1.0,1.0,1.0,1.0,0.011046137209640552,0,scar,v4_patient_level_refold
PRISM_SHARED_L1,P7_small_scar_vs_normal_myocardium,logistic_regression,75,19,64,16,PASS,1.0,1.0,0.8333333333333333,0.6666666666666666,1.0,0.03475040635316154,1,scar,v4_patient_level_refold
PRISM_SHARED_L1,P7_small_scar_vs_normal_myocardium,logistic_regression,77,17,64,16,PASS,1.0,1.0,1.0,1.0,1.0,0.011671975429761547,2,scar,v4_patient_level_refold
PRISM_SHARED_L1,P7_small_scar_vs_normal_myocardium,logistic_regression,73,21,64,16,PASS,1.0,1.0,1.0,1.0,1.0,0.017998744758267904,3,scar,v4_patient_level_refold
PRISM_SHARED_L1,P7_small_scar_vs_normal_myocardium,logistic_regression,74,20,64,16,PASS,0.984375,0.95,0.875,0.75,1.0,0.04453065798815381,4,scar,v4_patient_level_refold
PRISM_SHARED_L1,P8_boundary_scar_vs_non_scar_myocardium,logistic_regression,127,32,64,16,PASS,1.0,1.0,1.0,1.0,1.0,0.027699041146984182,0,scar,v4_patient_level_refold
PRISM_SHARED_L1,P8_boundary_scar_vs_non_scar_myocardium,logistic_regression,128,31,64,16,PASS,0.9375,0.9526942355889725,0.9020833333333333,0.8666666666666667,0.9375,0.034802495141898815,1,scar,v4_patient_level_refold
PRISM_SHARED_L1,P8_boundary_scar_vs_non_scar_myocardium,logistic_regression,127,32,64,16,PASS,0.98046875,0.9820586622807017,0.90625,0.8125,1.0,0.08290921195781348,2,scar,v4_patient_level_refold
PRISM_SHARED_L1,P8_boundary_scar_vs_non_scar_myocardium,logistic_regression,127,32,64,16,PASS,0.9609375,0.9660714285714287,0.84375,0.875,0.8125,0.018229740486030876,3,scar,v4_patient_level_refold
PRISM_SHARED_L1,P8_boundary_scar_vs_non_scar_myocardium,logistic_regression,127,32,64,16,PASS,0.9453125,0.954000350140056,0.875,0.8125,0.9375,0.02856744948359563,4,scar,v4_patient_level_refold
PRISM_SHARED_L2,P1_scar_vs_normal_myocardium,logistic_regression,127,32,64,16,PASS,0.99609375,0.9963235294117647,0.96875,1.0,0.9375,0.0459271115225337,0,scar,v4_patient_level_refold
PRISM_SHARED_L2,P1_scar_vs_normal_myocardium,logistic_regression,128,31,64,16,PASS,0.9416666666666667,0.9357278016101545,0.8041666666666667,0.7333333333333333,0.875,0.05403431222278077,1,scar,v4_patient_level_refold
PRISM_SHARED_L2,P1_scar_vs_normal_myocardium,logistic_regression,127,32,64,16,PASS,0.9375,0.9467393207282914,0.8125,0.75,0.875,0.07797839801116202,2,scar,v4_patient_level_refold
PRISM_SHARED_L2,P1_scar_vs_normal_myocardium,logistic_regression,127,32,64,16,PASS,0.984375,0.9875,0.9375,0.9375,0.9375,0.005194762280593013,3,scar,v4_patient_level_refold
PRISM_SHARED_L2,P1_scar_vs_normal_myocardium,logistic_regression,127,32,64,16,PASS,0.9921875,0.9930555555555556,0.90625,0.9375,0.875,0.007274445599932067,4,scar,v4_patient_level_refold
PRISM_SHARED_L2,P2_nnunet_scar_FN_vs_true_negative,logistic_regression,126,32,64,16,PASS,1.0,1.0,1.0,1.0,1.0,0.012679873302663847,0,scar,v4_patient_level_refold
PRISM_SHARED_L2,P2_nnunet_scar_FN_vs_true_negative,logistic_regression,127,31,64,16,PASS,0.9916666666666667,0.9921568627450981,0.9354166666666667,0.9333333333333333,0.9375,0.0051456773151831725,1,scar,v4_patient_level_refold
PRISM_SHARED_L2,P2_nnunet_scar_FN_vs_true_negative,logistic_regression,126,32,64,16,PASS,1.0,1.0,0.96875,0.9375,1.0,0.029481158027550913,2,scar,v4_patient_level_refold
PRISM_SHARED_L2,P2_nnunet_scar_FN_vs_true_negative,logistic_regression,126,32,64,16,PASS,0.98828125,0.9901315789473684,0.96875,0.9375,1.0,0.02311380105644406,3,scar,v4_patient_level_refold
PRISM_SHARED_L2,P2_nnunet_scar_FN_vs_true_negative,logistic_regression,127,31,64,16,PASS,1.0,1.0,1.0,1.0,1.0,0.009948518970702203,4,scar,v4_patient_level_refold
PRISM_SHARED_L2,P3_nnunet_scar_FP_vs_true_negative,logistic_regression,120,32,64,16,PASS,1.0,1.0,1.0,1.0,1.0,0.005195310221062233,0,scar,v4_patient_level_refold
PRISM_SHARED_L2,P3_nnunet_scar_FP_vs_true_negative,logistic_regression,123,29,64,16,PASS,0.9951923076923077,0.9945054945054943,0.8846153846153846,0.7692307692307693,1.0,0.0713029280898313,1,scar,v4_patient_level_refold
PRISM_SHARED_L2,P3_nnunet_scar_FP_vs_true_negative,logistic_regression,121,31,64,16,PASS,1.0,1.0,1.0,1.0,1.0,0.0032169881268533373,2,scar,v4_patient_level_refold
PRISM_SHARED_L2,P3_nnunet_scar_FP_vs_true_negative,logistic_regression,121,31,64,16,PASS,1.0,1.0,1.0,1.0,1.0,0.000829456716738286,3,scar,v4_patient_level_refold
PRISM_SHARED_L2,P3_nnunet_scar_FP_vs_true_negative,logistic_regression,123,29,64,16,PASS,1.0,0.9999999999999998,1.0,1.0,1.0,8.433405674124206e-05,4,scar,v4_patient_level_refold
PRISM_SHARED_L2,P4_pure_edema_vs_normal_myocardium,logistic_regression,128,32,64,16,PASS,0.953125,0.9588484077841662,0.8125,0.8125,0.8125,0.017532547522804753,0,pure_edema,v4_patient_level_refold
PRISM_SHARED_L2,P4_pure_edema_vs_normal_myocardium,logistic_regression,128,32,64,16,PASS,0.8984375,0.8753824402721461,0.8125,0.75,0.875,0.05167442612377249,1,pure_edema,v4_patient_level_refold
PRISM_SHARED_L2,P4_pure_edema_vs_normal_myocardium,logistic_regression,128,32,64,16,PASS,0.8828125,0.9104515814645124,0.84375,0.75,0.9375,0.07192921033941369,2,pure_edema,v4_patient_level_refold
PRISM_SHARED_L2,P4_pure_edema_vs_normal_myocardium,logistic_regression,128,32,64,16,PASS,0.9140625,0.9080709323356383,0.875,0.9375,0.8125,0.031764307248667745,3,pure_edema,v4_patient_level_refold
PRISM_SHARED_L2,P4_pure_edema_vs_normal_myocardium,logistic_regression,128,32,64,16,PASS,0.96484375,0.9725378787878789,0.875,0.9375,0.8125,0.04568101325706708,4,pure_edema,v4_patient_level_refold
PRISM_SHARED_L2,P5_nnunet_pure_edema_FN,logistic_regression,128,32,64,16,PASS,1.0,1.0,0.96875,1.0,0.9375,0.003790758959381524,0,pure_edema,v4_patient_level_refold
PRISM_SHARED_L2,P5_nnunet_pure_edema_FN,logistic_regression,128,32,64,16,PASS,0.98828125,0.9891493055555556,0.9375,0.9375,0.9375,0.02597704538749457,1,pure_edema,v4_patient_level_refold
PRISM_SHARED_L2,P5_nnunet_pure_edema_FN,logistic_regression,128,32,64,16,PASS,0.98828125,0.9901315789473684,0.96875,0.9375,1.0,0.03613642525179084,2,pure_edema,v4_patient_level_refold
PRISM_SHARED_L2,P5_nnunet_pure_edema_FN,logistic_regression,128,32,64,16,PASS,1.0,1.0,0.9375,1.0,0.875,0.03319553678982534,3,pure_edema,v4_patient_level_refold
PRISM_SHARED_L2,P5_nnunet_pure_edema_FN,logistic_regression,128,32,64,16,PASS,1.0,1.0,1.0,1.0,1.0,0.001759379214262502,4,pure_edema,v4_patient_level_refold
PRISM_SHARED_L2,P6_nnunet_pure_edema_FP,logistic_regression,128,31,64,16,PASS,1.0,1.0,0.96875,1.0,0.9375,0.025656252780436928,0,pure_edema,v4_patient_level_refold
PRISM_SHARED_L2,P6_nnunet_pure_edema_FP,logistic_regression,127,32,64,16,PASS,0.9765625,0.977890114379085,0.875,0.8125,0.9375,0.04637898006881541,1,pure_edema,v4_patient_level_refold
PRISM_SHARED_L2,P6_nnunet_pure_edema_FP,logistic_regression,127,32,64,16,PASS,1.0,1.0,1.0,1.0,1.0,0.016269659461085717,2,pure_edema,v4_patient_level_refold
PRISM_SHARED_L2,P6_nnunet_pure_edema_FP,logistic_regression,127,32,64,16,PASS,0.99609375,0.9963235294117647,0.9375,1.0,0.875,0.01940336622115091,3,pure_edema,v4_patient_level_refold
PRISM_SHARED_L2,P6_nnunet_pure_edema_FP,logistic_regression,127,32,64,16,PASS,1.0,1.0,1.0,1.0,1.0,0.005021160721581763,4,pure_edema,v4_patient_level_refold
PRISM_SHARED_L2,P7_small_scar_vs_normal_myocardium,logistic_regression,77,17,64,16,PASS,1.0,1.0,1.0,1.0,1.0,0.027596387088022298,0,scar,v4_patient_level_refold
PRISM_SHARED_L2,P7_small_scar_vs_normal_myocardium,logistic_regression,75,19,64,16,PASS,1.0,1.0,0.8333333333333333,0.6666666666666666,1.0,0.024674893498590866,1,scar,v4_patient_level_refold
PRISM_SHARED_L2,P7_small_scar_vs_normal_myocardium,logistic_regression,77,17,64,16,PASS,1.0,1.0,1.0,1.0,1.0,0.024001230961491052,2,scar,v4_patient_level_refold
PRISM_SHARED_L2,P7_small_scar_vs_normal_myocardium,logistic_regression,73,21,64,16,PASS,1.0,1.0,1.0,1.0,1.0,0.011085073622068398,3,scar,v4_patient_level_refold
PRISM_SHARED_L2,P7_small_scar_vs_normal_myocardium,logistic_regression,74,20,64,16,PASS,1.0,1.0,0.875,0.75,1.0,0.03575427711543824,4,scar,v4_patient_level_refold
PRISM_SHARED_L2,P8_boundary_scar_vs_non_scar_myocardium,logistic_regression,127,32,64,16,PASS,0.99609375,0.9963235294117647,0.96875,1.0,0.9375,0.0459271115225337,0,scar,v4_patient_level_refold
PRISM_SHARED_L2,P8_boundary_scar_vs_non_scar_myocardium,logistic_regression,128,31,64,16,PASS,0.9416666666666667,0.9357278016101545,0.8041666666666667,0.7333333333333333,0.875,0.05403431222278077,1,scar,v4_patient_level_refold
PRISM_SHARED_L2,P8_boundary_scar_vs_non_scar_myocardium,logistic_regression,127,32,64,16,PASS,0.9375,0.9467393207282914,0.8125,0.75,0.875,0.07797839801116202,2,scar,v4_patient_level_refold
PRISM_SHARED_L2,P8_boundary_scar_vs_non_scar_myocardium,logistic_regression,127,32,64,16,PASS,0.984375,0.9875,0.9375,0.9375,0.9375,0.005194762280593013,3,scar,v4_patient_level_refold
PRISM_SHARED_L2,P8_boundary_scar_vs_non_scar_myocardium,logistic_regression,127,32,64,16,PASS,0.9921875,0.9930555555555556,0.90625,0.9375,0.875,0.007274445599932067,4,scar,v4_patient_level_refold
PRISM_SHARED_L3,P1_scar_vs_normal_myocardium,logistic_regression,127,32,64,16,PASS,0.96875,0.9756016042780749,0.90625,0.8125,1.0,0.07705638587097607,0,scar,v4_patient_level_refold
PRISM_SHARED_L3,P1_scar_vs_normal_myocardium,logistic_regression,128,31,64,16,PASS,0.9666666666666667,0.967234073116426,0.9020833333333333,0.8666666666666667,0.9375,0.014194035150239481,1,scar,v4_patient_level_refold
PRISM_SHARED_L3,P1_scar_vs_normal_myocardium,logistic_regression,127,32,64,16,PASS,0.98046875,0.9789786347231201,0.875,0.8125,0.9375,0.04929242495415581,2,scar,v4_patient_level_refold
PRISM_SHARED_L3,P1_scar_vs_normal_myocardium,logistic_regression,127,32,64,16,PASS,1.0,1.0,0.9375,1.0,0.875,0.03904854509570599,3,scar,v4_patient_level_refold
PRISM_SHARED_L3,P1_scar_vs_normal_myocardium,logistic_regression,127,32,64,16,PASS,0.9375,0.9551136363636363,0.90625,0.875,0.9375,0.046486808835059956,4,scar,v4_patient_level_refold
PRISM_SHARED_L3,P2_nnunet_scar_FN_vs_true_negative,logistic_regression,117,27,64,16,PASS,0.9772727272727273,0.9708624708624709,0.9090909090909092,0.8181818181818182,1.0,0.05472520061019137,0,scar,v4_patient_level_refold
PRISM_SHARED_L3,P2_nnunet_scar_FN_vs_true_negative,logistic_regression,116,28,64,16,PASS,0.9739583333333334,0.9722222222222224,0.8854166666666667,0.8333333333333334,0.9375,0.03312635997198288,1,scar,v4_patient_level_refold
PRISM_SHARED_L3,P2_nnunet_scar_FN_vs_true_negative,logistic_regression,114,30,64,16,PASS,1.0,0.9999999999999998,0.9285714285714286,0.8571428571428571,1.0,0.03942591613873342,2,scar,v4_patient_level_refold
PRISM_SHARED_L3,P2_nnunet_scar_FN_vs_true_negative,logistic_regression,115,29,64,16,PASS,0.9951923076923077,0.9945054945054943,0.9615384615384616,0.9230769230769231,1.0,0.0608315975765098,3,scar,v4_patient_level_refold
PRISM_SHARED_L3,P2_nnunet_scar_FN_vs_true_negative,logistic_regression,114,30,64,16,PASS,1.0,0.9999999999999998,0.9642857142857143,0.9285714285714286,1.0,0.02457724752463253,4,scar,v4_patient_level_refold
PRISM_SHARED_L3,P3_nnunet_scar_FP_vs_true_negative,logistic_regression,98,27,64,16,PASS,0.9829545454545454,0.9777495232040687,0.9090909090909092,0.8181818181818182,1.0,0.06313967320358227,0,scar,v4_patient_level_refold
PRISM_SHARED_L3,P3_nnunet_scar_FP_vs_true_negative,logistic_regression,102,23,64,16,PASS,0.9375,0.9136577708006279,0.8258928571428572,0.7142857142857143,0.9375,0.037717137238303555,1,scar,v4_patient_level_refold
PRISM_SHARED_L3,P3_nnunet_scar_FP_vs_true_negative,logistic_regression,99,26,64,16,PASS,1.0,1.0,1.0,1.0,1.0,0.006400716257704997,2,scar,v4_patient_level_refold
PRISM_SHARED_L3,P3_nnunet_scar_FP_vs_true_negative,logistic_regression,101,24,64,16,PASS,1.0,1.0,0.9375,0.875,1.0,0.021315431738750834,3,scar,v4_patient_level_refold
PRISM_SHARED_L3,P3_nnunet_scar_FP_vs_true_negative,logistic_regression,100,25,64,16,PASS,1.0,1.0,1.0,1.0,1.0,0.005646449438863499,4,scar,v4_patient_level_refold
PRISM_SHARED_L3,P4_pure_edema_vs_normal_myocardium,logistic_regression,127,32,64,16,PASS,0.88671875,0.8918702651515151,0.8125,0.6875,0.9375,0.07891305778443825,0,pure_edema,v4_patient_level_refold
PRISM_SHARED_L3,P4_pure_edema_vs_normal_myocardium,logistic_regression,128,31,64,16,PASS,0.8875,0.892806926189279,0.7708333333333333,0.6666666666666666,0.875,0.10139391336929149,1,pure_edema,v4_patient_level_refold
PRISM_SHARED_L3,P4_pure_edema_vs_normal_myocardium,logistic_regression,127,32,64,16,PASS,0.91796875,0.9339532726045884,0.84375,0.8125,0.875,0.02752083807027461,2,pure_edema,v4_patient_level_refold
PRISM_SHARED_L3,P4_pure_edema_vs_normal_myocardium,logistic_regression,127,32,64,16,PASS,0.87890625,0.8962636235514272,0.84375,0.875,0.8125,0.02295670118970572,3,pure_edema,v4_patient_level_refold
PRISM_SHARED_L3,P4_pure_edema_vs_normal_myocardium,logistic_regression,127,32,64,16,PASS,0.90625,0.9226708050721208,0.84375,0.8125,0.875,0.04965709879049468,4,pure_edema,v4_patient_level_refold
PRISM_SHARED_L3,P5_nnunet_pure_edema_FN,logistic_regression,113,31,64,16,PASS,0.9875,0.9866269841269841,0.8666666666666667,0.7333333333333333,1.0,0.08640309528661444,0,pure_edema,v4_patient_level_refold
PRISM_SHARED_L3,P5_nnunet_pure_edema_FN,logistic_regression,116,28,64,16,PASS,0.9583333333333333,0.9594017094017094,0.9166666666666667,0.8333333333333334,1.0,0.0475525025803647,1,pure_edema,v4_patient_level_refold
PRISM_SHARED_L3,P5_nnunet_pure_edema_FN,logistic_regression,117,27,64,16,PASS,0.9772727272727273,0.9708624708624709,0.8636363636363636,0.7272727272727273,1.0,0.11733591602914867,2,pure_edema,v4_patient_level_refold
PRISM_SHARED_L3,P5_nnunet_pure_edema_FN,logistic_regression,115,29,64,16,PASS,0.9471153846153846,0.9469206232364125,0.8533653846153846,0.7692307692307693,0.9375,0.04379871442493144,3,pure_edema,v4_patient_level_refold
PRISM_SHARED_L3,P5_nnunet_pure_edema_FN,logistic_regression,115,29,64,16,PASS,0.9759615384615384,0.975983292725374,0.9230769230769231,0.8461538461538461,1.0,0.06380535903805645,4,pure_edema,v4_patient_level_refold
PRISM_SHARED_L3,P6_nnunet_pure_edema_FP,logistic_regression,115,29,64,16,PASS,0.9855769230769231,0.9838264299802759,0.9302884615384616,0.9230769230769231,0.9375,0.01769596231806536,0,pure_edema,v4_patient_level_refold
PRISM_SHARED_L3,P6_nnunet_pure_edema_FP,logistic_regression,117,27,64,16,PASS,0.9090909090909091,0.9088383838383838,0.7414772727272727,0.5454545454545454,0.9375,0.1285239214145879,1,pure_edema,v4_patient_level_refold
PRISM_SHARED_L3,P6_nnunet_pure_edema_FP,logistic_regression,117,27,64,16,PASS,0.9772727272727273,0.9757575757575758,0.9090909090909092,0.8181818181818182,1.0,0.06234911395809434,2,pure_edema,v4_patient_level_refold
PRISM_SHARED_L3,P6_nnunet_pure_edema_FP,logistic_regression,114,30,64,16,PASS,0.9776785714285714,0.9721956614813756,0.8973214285714286,0.8571428571428571,0.9375,0.01666821568624388,3,pure_edema,v4_patient_level_refold
PRISM_SHARED_L3,P6_nnunet_pure_edema_FP,logistic_regression,113,31,64,16,PASS,0.9333333333333333,0.9555555555555555,0.9,0.8,1.0,0.10422203720574036,4,pure_edema,v4_patient_level_refold
PRISM_SHARED_L3,P7_small_scar_vs_normal_myocardium,logistic_regression,77,17,64,16,PASS,1.0,1.0,0.5,0.0,1.0,0.02978679534076678,0,scar,v4_patient_level_refold
PRISM_SHARED_L3,P7_small_scar_vs_normal_myocardium,logistic_regression,75,19,64,16,PASS,0.9583333333333334,0.8666666666666667,0.8020833333333333,0.6666666666666666,0.9375,0.02799098587412882,1,scar,v4_patient_level_refold
PRISM_SHARED_L3,P7_small_scar_vs_normal_myocardium,logistic_regression,77,17,64,16,PASS,1.0,1.0,1.0,1.0,1.0,0.0027916737762699664,2,scar,v4_patient_level_refold
PRISM_SHARED_L3,P7_small_scar_vs_normal_myocardium,logistic_regression,73,21,64,16,PASS,0.975,0.9428571428571428,0.8,0.6,1.0,0.09809036351264616,3,scar,v4_patient_level_refold
PRISM_SHARED_L3,P7_small_scar_vs_normal_myocardium,logistic_regression,74,20,64,16,PASS,1.0,1.0,0.625,0.25,1.0,0.12106094112543353,4,scar,v4_patient_level_refold
PRISM_SHARED_L3,P8_boundary_scar_vs_non_scar_myocardium,logistic_regression,127,32,64,16,PASS,0.96875,0.9756016042780749,0.90625,0.8125,1.0,0.07705638587097607,0,scar,v4_patient_level_refold
PRISM_SHARED_L3,P8_boundary_scar_vs_non_scar_myocardium,logistic_regression,128,31,64,16,PASS,0.9666666666666667,0.967234073116426,0.9020833333333333,0.8666666666666667,0.9375,0.014194035150239481,1,scar,v4_patient_level_refold
PRISM_SHARED_L3,P8_boundary_scar_vs_non_scar_myocardium,logistic_regression,127,32,64,16,PASS,0.98046875,0.9789786347231201,0.875,0.8125,0.9375,0.04929242495415581,2,scar,v4_patient_level_refold
PRISM_SHARED_L3,P8_boundary_scar_vs_non_scar_myocardium,logistic_regression,127,32,64,16,PASS,1.0,1.0,0.9375,1.0,0.875,0.03904854509570599,3,scar,v4_patient_level_refold
PRISM_SHARED_L3,P8_boundary_scar_vs_non_scar_myocardium,logistic_regression,127,32,64,16,PASS,0.9375,0.9551136363636363,0.90625,0.875,0.9375,0.046486808835059956,4,scar,v4_patient_level_refold
RANDOM_LABEL_CONTROL,P1_scar_vs_normal_myocardium,logistic_regression,4765,1193,64,16,PASS,0.5152113944716545,0.5336606924301291,0.5098617913640714,0.5467741935483871,0.47294938917975565,0.01397467477823544,0,scar,v4_patient_level_refold
RANDOM_LABEL_CONTROL,P1_scar_vs_normal_myocardium,logistic_regression,4789,1169,64,16,PASS,0.528781970207982,0.5211958873486013,0.5372502693460746,0.5399305555555556,0.5345699831365935,0.00406163788243652,1,scar,v4_patient_level_refold
RANDOM_LABEL_CONTROL,P1_scar_vs_normal_myocardium,logistic_regression,4750,1208,64,16,PASS,0.5250102113264856,0.5074489856064417,0.5191232788089619,0.5292153589315526,0.5090311986863711,0.0033779096380923135,2,scar,v4_patient_level_refold
RANDOM_LABEL_CONTROL,P1_scar_vs_normal_myocardium,logistic_regression,4769,1189,64,16,PASS,0.48918992342390777,0.49702930917232413,0.48841595589941533,0.5066445182724253,0.47018739352640543,0.009436972191960658,3,scar,v4_patient_level_refold
RANDOM_LABEL_CONTROL,P1_scar_vs_normal_myocardium,logistic_regression,4759,1199,64,16,PASS,0.5076783874829478,0.4985063397840292,0.5050641721651494,0.5247863247863248,0.48534201954397393,0.01256034128391309,4,scar,v4_patient_level_refold
RANDOM_LABEL_CONTROL,P2_nnunet_scar_FN_vs_true_negative,logistic_regression,4564,1126,64,16,PASS,0.48857211368569836,0.4955797724525343,0.4981605583320713,0.5052816901408451,0.4910394265232975,0.004432580674824549,0,scar,v4_patient_level_refold
RANDOM_LABEL_CONTROL,P2_nnunet_scar_FN_vs_true_negative,logistic_regression,4581,1109,64,16,PASS,0.5178783605572748,0.5420826686397371,0.5194305169284604,0.5187074829931972,0.5201535508637236,0.027058410160828994,1,scar,v4_patient_level_refold
RANDOM_LABEL_CONTROL,P2_nnunet_scar_FN_vs_true_negative,logistic_regression,4523,1167,64,16,PASS,0.4798420505226788,0.47130265787866604,0.4877483385336788,0.4973821989528796,0.4781144781144781,0.007603426315180517,2,scar,v4_patient_level_refold
RANDOM_LABEL_CONTROL,P2_nnunet_scar_FN_vs_true_negative,logistic_regression,4544,1146,64,16,PASS,0.48624210962443026,0.48151699891248056,0.5030160122833955,0.5283687943262412,0.47766323024054985,0.013796089201369821,3,scar,v4_patient_level_refold
RANDOM_LABEL_CONTROL,P2_nnunet_scar_FN_vs_true_negative,logistic_regression,4548,1142,64,16,PASS,0.515906414094322,0.5137066202086862,0.5182282720714532,0.5487804878048781,0.4876760563380282,0.00602540811966823,4,scar,v4_patient_level_refold
RANDOM_LABEL_CONTROL,P3_nnunet_scar_FP_vs_true_negative,logistic_regression,4336,1120,64,16,PASS,0.4834141814250314,0.4883258588680919,0.48034291072265756,0.47920433996383366,0.48148148148148145,0.000687029710510989,0,scar,v4_patient_level_refold
RANDOM_LABEL_CONTROL,P3_nnunet_scar_FP_vs_true_negative,logistic_regression,4392,1064,64,16,PASS,0.4905614372340877,0.5041318740367026,0.4936216376666148,0.5114068441064639,0.4758364312267658,0.01555727615044955,1,scar,v4_patient_level_refold
RANDOM_LABEL_CONTROL,P3_nnunet_scar_FP_vs_true_negative,logistic_regression,4358,1098,64,16,PASS,0.5029865406567735,0.5341227214794542,0.49379795056943376,0.4802158273381295,0.507380073800738,0.009556105165704654,2,scar,v4_patient_level_refold
RANDOM_LABEL_CONTROL,P3_nnunet_scar_FP_vs_true_negative,logistic_regression,4364,1092,64,16,PASS,0.4814211004773453,0.48349152640678333,0.47975726836337285,0.4972677595628415,0.4622467771639042,0.0006990795825336793,3,scar,v4_patient_level_refold
RANDOM_LABEL_CONTROL,P3_nnunet_scar_FP_vs_true_negative,logistic_regression,4374,1082,64,16,PASS,0.5014828886945113,0.5018956947005411,0.496262027115679,0.5036764705882353,0.4888475836431227,0.0006055436192808905,4,scar,v4_patient_level_refold
RANDOM_LABEL_CONTROL,P4_pure_edema_vs_normal_myocardium,logistic_regression,4800,1191,64,16,PASS,0.49124103235121597,0.49572687482188627,0.49958263772954925,0.4991652754590985,0.5,0.0006671193413139154,0,pure_edema,v4_patient_level_refold
RANDOM_LABEL_CONTROL,P4_pure_edema_vs_normal_myocardium,logistic_regression,4794,1197,64,16,PASS,0.5063600728141787,0.509179066643117,0.4984895525055002,0.47048903878583476,0.5264900662251656,0.004381250726382735,1,pure_edema,v4_patient_level_refold
RANDOM_LABEL_CONTROL,P4_pure_edema_vs_normal_myocardium,logistic_regression,4785,1206,64,16,PASS,0.5001526969584417,0.5197854209737247,0.5013783995707978,0.5154471544715448,0.4873096446700508,0.006848756720517657,2,pure_edema,v4_patient_level_refold
RANDOM_LABEL_CONTROL,P4_pure_edema_vs_normal_myocardium,logistic_regression,4787,1204,64,16,PASS,0.5010144003444821,0.4844585413936509,0.49790219248488055,0.5194585448392555,0.4763458401305057,0.006537171209609893,3,pure_edema,v4_patient_level_refold
RANDOM_LABEL_CONTROL,P4_pure_edema_vs_normal_myocardium,logistic_regression,4798,1193,64,16,PASS,0.5157985036845362,0.49702674591676305,0.5023907295944198,0.4827586206896552,0.5220228384991843,0.012393566698165936,4,pure_edema,v4_patient_level_refold
RANDOM_LABEL_CONTROL,P5_nnunet_pure_edema_FN,logistic_regression,4580,1167,64,16,PASS,0.5126143348725037,0.5392141381356008,0.4910105585129849,0.5140495867768595,0.4679715302491103,0.017283734589388033,0,pure_edema,v4_patient_level_refold
RANDOM_LABEL_CONTROL,P5_nnunet_pure_edema_FN,logistic_regression,4607,1140,64,16,PASS,0.5050849962589945,0.5064273015885479,0.5131289276708162,0.5146299483648882,0.5116279069767442,0.008814345046310734,1,pure_edema,v4_patient_level_refold
RANDOM_LABEL_CONTROL,P5_nnunet_pure_edema_FN,logistic_regression,4610,1137,64,16,PASS,0.5041045562122846,0.5118312820349877,0.5072534478272183,0.4880952380952381,0.5264116575591985,0.01945606037585418,2,pure_edema,v4_patient_level_refold
RANDOM_LABEL_CONTROL,P5_nnunet_pure_edema_FN,logistic_regression,4594,1153,64,16,PASS,0.5149288315127442,0.5119719867592932,0.5106421714664018,0.49298245614035086,0.5283018867924528,0.002476893587608886,3,pure_edema,v4_patient_level_refold
RANDOM_LABEL_CONTROL,P5_nnunet_pure_edema_FN,logistic_regression,4597,1150,64,16,PASS,0.5296426752673569,0.5039034807829916,0.503216165094454,0.5346715328467153,0.4717607973421927,0.02971072261163693,4,pure_edema,v4_patient_level_refold
RANDOM_LABEL_CONTROL,P6_nnunet_pure_edema_FP,logistic_regression,4586,1140,64,16,PASS,0.5045783904900156,0.48311108090599253,0.49645872051630563,0.47176684881602915,0.5211505922165821,0.017814185624554446,0,pure_edema,v4_patient_level_refold
RANDOM_LABEL_CONTROL,P6_nnunet_pure_edema_FP,logistic_regression,4596,1130,64,16,PASS,0.5120636293010551,0.5163400083960843,0.49556737588652483,0.5,0.49113475177304966,0.0006247509736050372,1,pure_edema,v4_patient_level_refold
RANDOM_LABEL_CONTROL,P6_nnunet_pure_edema_FP,logistic_regression,4596,1130,64,16,PASS,0.49893804977069395,0.48985219602686947,0.5185261759767437,0.4858156028368794,0.5512367491166078,0.011814994241607979,2,pure_edema,v4_patient_level_refold
RANDOM_LABEL_CONTROL,P6_nnunet_pure_edema_FP,logistic_regression,4570,1156,64,16,PASS,0.46732588263194075,0.4426013732733255,0.4797672331241013,0.473491773308958,0.4860426929392447,0.029010144245542713,3,pure_edema,v4_patient_level_refold
RANDOM_LABEL_CONTROL,P6_nnunet_pure_edema_FP,logistic_regression,4556,1170,64,16,PASS,0.4887763570059376,0.4839752795252452,0.48636273318060685,0.5085616438356164,0.4641638225255973,0.004986416505234681,4,pure_edema,v4_patient_level_refold
RANDOM_LABEL_CONTROL,P7_small_scar_vs_normal_myocardium,logistic_regression,2898,644,64,16,PASS,0.4430515344528083,0.45188588400603236,0.4493534066782474,0.410828025477707,0.48787878787878786,0.0015183264440566946,0,scar,v4_patient_level_refold
RANDOM_LABEL_CONTROL,P7_small_scar_vs_normal_myocardium,logistic_regression,2826,716,64,16,PASS,0.5264867312601984,0.515400310551845,0.5141080393182546,0.46418338108882523,0.5640326975476839,0.009301851365521585,1,scar,v4_patient_level_refold
RANDOM_LABEL_CONTROL,P7_small_scar_vs_normal_myocardium,logistic_regression,2898,644,64,16,PASS,0.4775643811013586,0.4654363640355427,0.47925900176704034,0.4630225080385852,0.4954954954954955,0.01869692870358114,2,scar,v4_patient_level_refold
RANDOM_LABEL_CONTROL,P7_small_scar_vs_normal_myocardium,logistic_regression,2754,788,64,16,PASS,0.48930975617612005,0.48736030848078005,0.4861049376751377,0.4607594936708861,0.5114503816793893,0.006922658533591142,3,scar,v4_patient_level_refold
RANDOM_LABEL_CONTROL,P7_small_scar_vs_normal_myocardium,logistic_regression,2792,750,64,16,PASS,0.46554194196762677,0.5105674629006262,0.4672204759766502,0.48346055979643765,0.45098039215686275,0.02201221631239525,4,scar,v4_patient_level_refold
RANDOM_LABEL_CONTROL,P8_boundary_scar_vs_non_scar_myocardium,logistic_regression,4765,1193,64,16,PASS,0.500595940855681,0.49839235462840803,0.5001503907348063,0.4812925170068027,0.5190082644628099,0.0015446671874265183,0,scar,v4_patient_level_refold
RANDOM_LABEL_CONTROL,P8_boundary_scar_vs_non_scar_myocardium,logistic_regression,4789,1169,64,16,PASS,0.4782603605027603,0.4812937387704939,0.48086402407254547,0.506872852233677,0.454855195911414,0.0033275553143619074,1,scar,v4_patient_level_refold
RANDOM_LABEL_CONTROL,P8_boundary_scar_vs_non_scar_myocardium,logistic_regression,4750,1208,64,16,PASS,0.507124451754386,0.5188332078937241,0.5008552631578947,0.4967105263157895,0.505,0.009919901234625605,2,scar,v4_patient_level_refold
RANDOM_LABEL_CONTROL,P8_boundary_scar_vs_non_scar_myocardium,logistic_regression,4769,1189,64,16,PASS,0.4862482668854871,0.4942586540496662,0.48295181234260487,0.5084745762711864,0.4574290484140234,0.005014191604989449,3,scar,v4_patient_level_refold
RANDOM_LABEL_CONTROL,P8_boundary_scar_vs_non_scar_myocardium,logistic_regression,4759,1199,64,16,PASS,0.5069874609720668,0.4916043492692699,0.5062152505301121,0.5025295109612141,0.5099009900990099,0.005437070395770405,4,scar,v4_patient_level_refold
RAW_INTENSITY_CONTROL,P1_scar_vs_normal_myocardium,logistic_regression,127,32,64,16,PASS,0.82421875,0.8627812138841551,0.8125,0.875,0.75,0.011834095918278997,0,scar,v4_patient_level_refold
RAW_INTENSITY_CONTROL,P1_scar_vs_normal_myocardium,logistic_regression,128,31,64,16,PASS,0.7958333333333334,0.8526024167403476,0.7104166666666667,0.7333333333333333,0.6875,0.020078246649952836,1,scar,v4_patient_level_refold
RAW_INTENSITY_CONTROL,P1_scar_vs_normal_myocardium,logistic_regression,127,32,64,16,PASS,0.796875,0.8336474472165262,0.6875,0.625,0.75,0.033700370456051565,2,scar,v4_patient_level_refold
RAW_INTENSITY_CONTROL,P1_scar_vs_normal_myocardium,logistic_regression,127,32,64,16,PASS,0.84375,0.8752192653522622,0.78125,0.8125,0.75,0.02823744285062968,3,scar,v4_patient_level_refold
RAW_INTENSITY_CONTROL,P1_scar_vs_normal_myocardium,logistic_regression,127,32,64,16,PASS,0.765625,0.744429423233771,0.75,0.75,0.75,0.018536678324221956,4,scar,v4_patient_level_refold
RAW_INTENSITY_CONTROL,P2_nnunet_scar_FN_vs_true_negative,logistic_regression,127,32,64,16,PASS,0.9140625,0.9320817614403141,0.84375,0.9375,0.75,0.03690892089792064,0,scar,v4_patient_level_refold
RAW_INTENSITY_CONTROL,P2_nnunet_scar_FN_vs_true_negative,logistic_regression,128,31,64,16,PASS,0.8583333333333334,0.8818098589863295,0.775,0.8,0.75,0.016200606274857976,1,scar,v4_patient_level_refold
RAW_INTENSITY_CONTROL,P2_nnunet_scar_FN_vs_true_negative,logistic_regression,127,32,64,16,PASS,0.875,0.913780558209906,0.875,0.8125,0.9375,0.10042289358014755,2,scar,v4_patient_level_refold
RAW_INTENSITY_CONTROL,P2_nnunet_scar_FN_vs_true_negative,logistic_regression,127,32,64,16,PASS,0.91015625,0.9280982905982906,0.8125,0.875,0.75,0.018111128965525358,3,scar,v4_patient_level_refold
RAW_INTENSITY_CONTROL,P2_nnunet_scar_FN_vs_true_negative,logistic_regression,127,32,64,16,PASS,0.83984375,0.8207006824194325,0.8125,0.875,0.75,0.0027876782460639626,4,scar,v4_patient_level_refold
RAW_INTENSITY_CONTROL,P3_nnunet_scar_FP_vs_true_negative,logistic_regression,128,32,64,16,PASS,0.89453125,0.918671679197995,0.78125,0.8125,0.75,0.005913253763266846,0,scar,v4_patient_level_refold
RAW_INTENSITY_CONTROL,P3_nnunet_scar_FP_vs_true_negative,logistic_regression,128,32,64,16,PASS,0.91015625,0.9316871907332435,0.8125,0.8125,0.8125,0.007908959152251316,1,scar,v4_patient_level_refold
RAW_INTENSITY_CONTROL,P3_nnunet_scar_FP_vs_true_negative,logistic_regression,128,32,64,16,PASS,0.9609375,0.9656096507659008,0.90625,0.875,0.9375,0.05848225442947541,2,scar,v4_patient_level_refold
RAW_INTENSITY_CONTROL,P3_nnunet_scar_FP_vs_true_negative,logistic_regression,128,32,64,16,PASS,0.8984375,0.9260559021588434,0.75,0.75,0.75,0.005745965450985713,3,scar,v4_patient_level_refold
RAW_INTENSITY_CONTROL,P3_nnunet_scar_FP_vs_true_negative,logistic_regression,128,32,64,16,PASS,0.8984375,0.9135750058084616,0.84375,0.875,0.8125,0.02882678019263485,4,scar,v4_patient_level_refold
RAW_INTENSITY_CONTROL,P4_pure_edema_vs_normal_myocardium,logistic_regression,128,32,64,16,PASS,0.8046875,0.8104581812853247,0.75,0.875,0.625,0.0492858544009781,0,pure_edema,v4_patient_level_refold
RAW_INTENSITY_CONTROL,P4_pure_edema_vs_normal_myocardium,logistic_regression,128,32,64,16,PASS,0.8203125,0.856833617179685,0.75,0.8125,0.6875,0.00496257359742569,1,pure_edema,v4_patient_level_refold
RAW_INTENSITY_CONTROL,P4_pure_edema_vs_normal_myocardium,logistic_regression,128,32,64,16,PASS,0.7578125,0.7525734675226408,0.71875,0.75,0.6875,0.0022727711105571813,2,pure_edema,v4_patient_level_refold
RAW_INTENSITY_CONTROL,P4_pure_edema_vs_normal_myocardium,logistic_regression,128,32,64,16,PASS,0.77734375,0.8282787229997908,0.6875,0.6875,0.6875,0.010444497046028123,3,pure_edema,v4_patient_level_refold
RAW_INTENSITY_CONTROL,P4_pure_edema_vs_normal_myocardium,logistic_regression,128,32,64,16,PASS,0.75,0.7360854015265781,0.6875,0.75,0.625,0.025794210364299186,4,pure_edema,v4_patient_level_refold
RAW_INTENSITY_CONTROL,P5_nnunet_pure_edema_FN,logistic_regression,128,32,64,16,PASS,0.85546875,0.8650708924073862,0.84375,0.9375,0.75,0.028090677979191958,0,pure_edema,v4_patient_level_refold
RAW_INTENSITY_CONTROL,P5_nnunet_pure_edema_FN,logistic_regression,128,32,64,16,PASS,0.90625,0.9159614948604886,0.75,0.75,0.75,0.03323758226659357,1,pure_edema,v4_patient_level_refold
RAW_INTENSITY_CONTROL,P5_nnunet_pure_edema_FN,logistic_regression,128,32,64,16,PASS,0.875,0.8982180684497494,0.8125,0.8125,0.8125,0.03187700860089926,2,pure_edema,v4_patient_level_refold
RAW_INTENSITY_CONTROL,P5_nnunet_pure_edema_FN,logistic_regression,128,32,64,16,PASS,0.84765625,0.8698296013204735,0.75,0.75,0.75,0.009789874343818283,3,pure_edema,v4_patient_level_refold
RAW_INTENSITY_CONTROL,P5_nnunet_pure_edema_FN,logistic_regression,128,32,64,16,PASS,0.8046875,0.8222245925370926,0.75,0.75,0.75,0.020752269429245684,4,pure_edema,v4_patient_level_refold
RAW_INTENSITY_CONTROL,P6_nnunet_pure_edema_FP,logistic_regression,128,32,64,16,PASS,0.859375,0.8946065745138635,0.8125,0.875,0.75,0.014416094660048007,0,pure_edema,v4_patient_level_refold
RAW_INTENSITY_CONTROL,P6_nnunet_pure_edema_FP,logistic_regression,128,32,64,16,PASS,0.8203125,0.8715341839177512,0.75,0.75,0.75,0.028354702795107545,1,pure_edema,v4_patient_level_refold
RAW_INTENSITY_CONTROL,P6_nnunet_pure_edema_FP,logistic_regression,128,32,64,16,PASS,0.8671875,0.9049618783993785,0.84375,0.75,0.9375,0.06374888375774335,2,pure_edema,v4_patient_level_refold
RAW_INTENSITY_CONTROL,P6_nnunet_pure_edema_FP,logistic_regression,128,32,64,16,PASS,0.91015625,0.9152588832735892,0.8125,0.875,0.75,0.030383947031836778,3,pure_edema,v4_patient_level_refold
RAW_INTENSITY_CONTROL,P6_nnunet_pure_edema_FP,logistic_regression,128,32,64,16,PASS,0.8359375,0.8223811302395861,0.84375,0.875,0.8125,0.002374204542142433,4,pure_edema,v4_patient_level_refold
RAW_INTENSITY_CONTROL,P7_small_scar_vs_normal_myocardium,logistic_regression,77,17,64,16,PASS,0.9375,0.5,0.9375,1.0,0.875,0.159062120186251,0,scar,v4_patient_level_refold
RAW_INTENSITY_CONTROL,P7_small_scar_vs_normal_myocardium,logistic_regression,75,19,64,16,PASS,0.9791666666666666,0.9166666666666665,0.9375,1.0,0.875,0.1616915890939633,1,scar,v4_patient_level_refold
RAW_INTENSITY_CONTROL,P7_small_scar_vs_normal_myocardium,logistic_regression,77,17,64,16,PASS,0.875,0.3333333333333333,0.90625,1.0,0.8125,0.1941719492196411,2,scar,v4_patient_level_refold
RAW_INTENSITY_CONTROL,P7_small_scar_vs_normal_myocardium,logistic_regression,73,21,64,16,PASS,0.8625,0.7251948051948052,0.7375,0.6,0.875,0.030513381038027643,3,scar,v4_patient_level_refold
RAW_INTENSITY_CONTROL,P7_small_scar_vs_normal_myocardium,logistic_regression,74,20,64,16,PASS,0.765625,0.6629901960784313,0.78125,0.75,0.8125,0.06030489935629296,4,scar,v4_patient_level_refold
RAW_INTENSITY_CONTROL,P8_boundary_scar_vs_non_scar_myocardium,logistic_regression,127,32,64,16,PASS,0.82421875,0.8627812138841551,0.8125,0.875,0.75,0.011834095918278997,0,scar,v4_patient_level_refold
RAW_INTENSITY_CONTROL,P8_boundary_scar_vs_non_scar_myocardium,logistic_regression,128,31,64,16,PASS,0.7958333333333334,0.8526024167403476,0.7104166666666667,0.7333333333333333,0.6875,0.020078246649952836,1,scar,v4_patient_level_refold
RAW_INTENSITY_CONTROL,P8_boundary_scar_vs_non_scar_myocardium,logistic_regression,127,32,64,16,PASS,0.796875,0.8336474472165262,0.6875,0.625,0.75,0.033700370456051565,2,scar,v4_patient_level_refold
RAW_INTENSITY_CONTROL,P8_boundary_scar_vs_non_scar_myocardium,logistic_regression,127,32,64,16,PASS,0.84375,0.8752192653522622,0.78125,0.8125,0.75,0.02823744285062968,3,scar,v4_patient_level_refold
RAW_INTENSITY_CONTROL,P8_boundary_scar_vs_non_scar_myocardium,logistic_regression,127,32,64,16,PASS,0.765625,0.744429423233771,0.75,0.75,0.75,0.018536678324221956,4,scar,v4_patient_level_refold
SHUFFLED_ACROSS_PATIENT_CONTROL,P1_scar_vs_normal_myocardium,logistic_regression,4765,1193,64,16,PASS,0.49894721158657607,0.4946419996702529,0.4909465818813568,0.42248722316865417,0.5594059405940595,0.0010207449447904304,0,scar,v4_patient_level_refold
SHUFFLED_ACROSS_PATIENT_CONTROL,P1_scar_vs_normal_myocardium,logistic_regression,4789,1169,64,16,PASS,0.49503045331176104,0.4810043878017837,0.4935224428304287,0.5150976909413855,0.47194719471947194,0.021321660425269895,1,scar,v4_patient_level_refold
SHUFFLED_ACROSS_PATIENT_CONTROL,P1_scar_vs_normal_myocardium,logistic_regression,4750,1208,64,16,PASS,0.48954575360491254,0.49599744795221334,0.49060529634300126,0.46153846153846156,0.519672131147541,0.000611018156480736,2,scar,v4_patient_level_refold
SHUFFLED_ACROSS_PATIENT_CONTROL,P1_scar_vs_normal_myocardium,logistic_regression,4769,1189,64,16,PASS,0.4973182224940814,0.4836387141363844,0.5146690680893964,0.512998266897747,0.5163398692810458,0.0190770970441258,3,scar,v4_patient_level_refold
SHUFFLED_ACROSS_PATIENT_CONTROL,P1_scar_vs_normal_myocardium,logistic_regression,4759,1199,64,16,PASS,0.5283181383026093,0.5072892265990658,0.5247865459969722,0.47884940778341795,0.5707236842105263,0.004912726240367982,4,scar,v4_patient_level_refold
SHUFFLED_ACROSS_PATIENT_CONTROL,P2_nnunet_scar_FN_vs_true_negative,logistic_regression,4564,1126,64,16,PASS,0.5336633663366337,0.4825404398820441,0.5252919522721503,0.5192307692307693,0.5313531353135313,0.03013140338616066,0,scar,v4_patient_level_refold
SHUFFLED_ACROSS_PATIENT_CONTROL,P2_nnunet_scar_FN_vs_true_negative,logistic_regression,4581,1109,64,16,PASS,0.5248148075244901,0.48242153460446274,0.528439921526944,0.5288270377733598,0.528052805280528,0.038458151657939976,1,scar,v4_patient_level_refold
SHUFFLED_ACROSS_PATIENT_CONTROL,P2_nnunet_scar_FN_vs_true_negative,logistic_regression,4523,1167,64,16,PASS,0.5338478971068664,0.51205036684198,0.5271448332695647,0.5493716337522442,0.5049180327868853,0.023839411599784532,2,scar,v4_patient_level_refold
SHUFFLED_ACROSS_PATIENT_CONTROL,P2_nnunet_scar_FN_vs_true_negative,logistic_regression,4544,1146,64,16,PASS,0.5224972084984016,0.4862449705914166,0.5097572540801811,0.5121495327102804,0.5073649754500819,0.030876858380488925,3,scar,v4_patient_level_refold
SHUFFLED_ACROSS_PATIENT_CONTROL,P2_nnunet_scar_FN_vs_true_negative,logistic_regression,4548,1142,64,16,PASS,0.5139710230632762,0.4834163050297323,0.5097298196333531,0.5112359550561798,0.5082236842105263,0.03545771806852305,4,scar,v4_patient_level_refold
SHUFFLED_ACROSS_PATIENT_CONTROL,P3_nnunet_scar_FP_vs_true_negative,logistic_regression,4336,1120,64,16,PASS,0.48465892309075265,0.45190142849005,0.4867986798679868,0.5,0.4735973597359736,0.04306932705775396,0,scar,v4_patient_level_refold
SHUFFLED_ACROSS_PATIENT_CONTROL,P3_nnunet_scar_FP_vs_true_negative,logistic_regression,4392,1064,64,16,PASS,0.4693278279793045,0.407370117057068,0.4862654387709513,0.49563318777292575,0.4768976897689769,0.06774556739800885,1,scar,v4_patient_level_refold
SHUFFLED_ACROSS_PATIENT_CONTROL,P3_nnunet_scar_FP_vs_true_negative,logistic_regression,4358,1098,64,16,PASS,0.47547198333781243,0.4348440655230607,0.4709016393442623,0.46311475409836067,0.4786885245901639,0.045140224614529156,2,scar,v4_patient_level_refold
SHUFFLED_ACROSS_PATIENT_CONTROL,P3_nnunet_scar_FP_vs_true_negative,logistic_regression,4364,1092,64,16,PASS,0.5067320877468178,0.4489598227950208,0.4968372627947096,0.501039501039501,0.49263502454991814,0.051977162585476244,3,scar,v4_patient_level_refold
SHUFFLED_ACROSS_PATIENT_CONTROL,P3_nnunet_scar_FP_vs_true_negative,logistic_regression,4374,1082,64,16,PASS,0.4810404174994448,0.4272940302290891,0.4830876637797024,0.4957805907172996,0.47039473684210525,0.058599683895886046,4,scar,v4_patient_level_refold
SHUFFLED_ACROSS_PATIENT_CONTROL,P4_pure_edema_vs_normal_myocardium,logistic_regression,4800,1191,64,16,PASS,0.46843530506896847,0.4792276713796433,0.4724041634932724,0.5025641025641026,0.44224422442244227,0.010664832586220696,0,pure_edema,v4_patient_level_refold
SHUFFLED_ACROSS_PATIENT_CONTROL,P4_pure_edema_vs_normal_myocardium,logistic_regression,4794,1197,64,16,PASS,0.5075095072959073,0.5013025037035836,0.5061357658608501,0.4957698815566836,0.5165016501650165,2.9206807215353958e-05,1,pure_edema,v4_patient_level_refold
SHUFFLED_ACROSS_PATIENT_CONTROL,P4_pure_edema_vs_normal_myocardium,logistic_regression,4785,1206,64,16,PASS,0.5025841676752117,0.48732774971684,0.5067884255693695,0.5201342281879194,0.4934426229508197,0.006651601012028607,2,pure_edema,v4_patient_level_refold
SHUFFLED_ACROSS_PATIENT_CONTROL,P4_pure_edema_vs_normal_myocardium,logistic_regression,4787,1204,64,16,PASS,0.5014877009362303,0.49459789586597946,0.5031851704645822,0.49493243243243246,0.511437908496732,0.010150075646635393,3,pure_edema,v4_patient_level_refold
SHUFFLED_ACROSS_PATIENT_CONTROL,P4_pure_edema_vs_normal_myocardium,logistic_regression,4798,1193,64,16,PASS,0.46931933198380565,0.464348127072058,0.4715615159694107,0.452991452991453,0.4901315789473684,0.010456387730568117,4,pure_edema,v4_patient_level_refold
SHUFFLED_ACROSS_PATIENT_CONTROL,P5_nnunet_pure_edema_FN,logistic_regression,4580,1167,64,16,PASS,0.4787552284640229,0.4605000672467952,0.48034362259755387,0.47058823529411764,0.4900990099009901,0.016465810919756407,0,pure_edema,v4_patient_level_refold
SHUFFLED_ACROSS_PATIENT_CONTROL,P5_nnunet_pure_edema_FN,logistic_regression,4607,1140,64,16,PASS,0.47523207376917465,0.45356087230303466,0.4815144435791894,0.4943820224719101,0.46864686468646866,0.029384931639894696,1,pure_edema,v4_patient_level_refold
SHUFFLED_ACROSS_PATIENT_CONTROL,P5_nnunet_pure_edema_FN,logistic_regression,4610,1137,64,16,PASS,0.477568668927116,0.44732111376952255,0.49176128410116027,0.49335863377609107,0.4901639344262295,0.03653324750129905,2,pure_edema,v4_patient_level_refold
SHUFFLED_ACROSS_PATIENT_CONTROL,P5_nnunet_pure_edema_FN,logistic_regression,4594,1153,64,16,PASS,0.5023779902283475,0.46763832408804085,0.4936239665178976,0.466789667896679,0.5204582651391162,0.02669606814113712,3,pure_edema,v4_patient_level_refold
SHUFFLED_ACROSS_PATIENT_CONTROL,P5_nnunet_pure_edema_FN,logistic_regression,4597,1150,64,16,PASS,0.4738860094193047,0.45536035801965596,0.47701616818799764,0.470479704797048,0.48355263157894735,0.01989485068091401,4,pure_edema,v4_patient_level_refold
SHUFFLED_ACROSS_PATIENT_CONTROL,P6_nnunet_pure_edema_FP,logistic_regression,4586,1140,64,16,PASS,0.5236570005315139,0.48826202589831436,0.5293877702376979,0.5224719101123596,0.5363036303630363,0.03283262569174472,0,pure_edema,v4_patient_level_refold
SHUFFLED_ACROSS_PATIENT_CONTROL,P6_nnunet_pure_edema_FP,logistic_regression,4596,1130,64,16,PASS,0.4951014662534956,0.46532184859663167,0.4958462449298365,0.4751908396946565,0.5165016501650165,0.039552329655595575,1,pure_edema,v4_patient_level_refold
SHUFFLED_ACROSS_PATIENT_CONTROL,P6_nnunet_pure_edema_FP,logistic_regression,4596,1130,64,16,PASS,0.5126182219419924,0.4834830022290297,0.5045712484237075,0.47307692307692306,0.5360655737704918,0.03164020558177916,2,pure_edema,v4_patient_level_refold
SHUFFLED_ACROSS_PATIENT_CONTROL,P6_nnunet_pure_edema_FP,logistic_regression,4570,1156,64,16,PASS,0.5040616225468851,0.4862735662642242,0.5048859592486374,0.48440366972477067,0.5253682487725041,0.02935427229214921,3,pure_edema,v4_patient_level_refold
SHUFFLED_ACROSS_PATIENT_CONTROL,P6_nnunet_pure_edema_FP,logistic_regression,4556,1170,64,16,PASS,0.4975548440719236,0.4877963770753186,0.4901754776175314,0.4359430604982206,0.5444078947368421,0.0165232161955296,4,pure_edema,v4_patient_level_refold
SHUFFLED_ACROSS_PATIENT_CONTROL,P7_small_scar_vs_normal_myocardium,logistic_regression,2898,644,64,16,PASS,0.48419315615772096,0.06213466400982679,0.4968733715476811,0.39473684210526316,0.599009900990099,0.3739512535557216,0,scar,v4_patient_level_refold
SHUFFLED_ACROSS_PATIENT_CONTROL,P7_small_scar_vs_normal_myocardium,logistic_regression,2826,716,64,16,PASS,0.44828982898289826,0.13510884661565664,0.4556555655565556,0.2545454545454545,0.6567656765676567,0.22994610352665204,1,scar,v4_patient_level_refold
SHUFFLED_ACROSS_PATIENT_CONTROL,P7_small_scar_vs_normal_myocardium,logistic_regression,2898,644,64,16,PASS,0.5707569913211186,0.0708648500506511,0.581870781099325,0.5588235294117647,0.6049180327868853,0.3770933511872741,2,scar,v4_patient_level_refold
SHUFFLED_ACROSS_PATIENT_CONTROL,P7_small_scar_vs_normal_myocardium,logistic_regression,2754,788,64,16,PASS,0.4835626485442662,0.21522090885389858,0.497140522875817,0.375,0.619281045751634,0.17724329313160886,3,scar,v4_patient_level_refold
SHUFFLED_ACROSS_PATIENT_CONTROL,P7_small_scar_vs_normal_myocardium,logistic_regression,2792,750,64,16,PASS,0.4971043365455893,0.20214778891988427,0.5059071534469978,0.4295774647887324,0.5822368421052632,0.23549380845055642,4,scar,v4_patient_level_refold
SHUFFLED_ACROSS_PATIENT_CONTROL,P8_boundary_scar_vs_non_scar_myocardium,logistic_regression,4765,1193,64,16,PASS,0.5097829203704016,0.5046772278541958,0.5085431882200145,0.49233390119250425,0.5247524752475248,0.012196907631537579,0,scar,v4_patient_level_refold
SHUFFLED_ACROSS_PATIENT_CONTROL,P8_boundary_scar_vs_non_scar_myocardium,logistic_regression,4789,1169,64,16,PASS,0.4947798509868748,0.478977870931679,0.49283511832533167,0.4724689165186501,0.5132013201320133,0.012792525161740675,1,scar,v4_patient_level_refold
SHUFFLED_ACROSS_PATIENT_CONTROL,P8_boundary_scar_vs_non_scar_myocardium,logistic_regression,4750,1208,64,16,PASS,0.5158122704095619,0.5060050954306711,0.5179340972641044,0.4899665551839465,0.5459016393442623,0.005994861728823353,2,scar,v4_patient_level_refold
SHUFFLED_ACROSS_PATIENT_CONTROL,P8_boundary_scar_vs_non_scar_myocardium,logistic_regression,4769,1189,64,16,PASS,0.5068630282846819,0.4976337094054454,0.500853807727597,0.48700173310225303,0.5147058823529411,0.011233575883106584,3,scar,v4_patient_level_refold
SHUFFLED_ACROSS_PATIENT_CONTROL,P8_boundary_scar_vs_non_scar_myocardium,logistic_regression,4759,1199,64,16,PASS,0.4987462708166355,0.5054610109365553,0.500872461928934,0.5329949238578681,0.46875,0.02037517802805211,4,scar,v4_patient_level_refold
SHUFFLED_WITHIN_PATIENT_CONTROL,P1_scar_vs_normal_myocardium,logistic_regression,4765,1193,64,16,PASS,0.8154738812893214,0.8224833432290048,0.7326325051585227,0.7342419080068143,0.731023102310231,0.01389143582395902,0,scar,v4_patient_level_refold
SHUFFLED_WITHIN_PATIENT_CONTROL,P1_scar_vs_normal_myocardium,logistic_regression,4789,1169,64,16,PASS,0.8227025189197428,0.8276616751911907,0.7343307598965936,0.7211367673179396,0.7475247524752475,0.0005138398251119947,1,scar,v4_patient_level_refold
SHUFFLED_WITHIN_PATIENT_CONTROL,P1_scar_vs_normal_myocardium,logistic_regression,4750,1208,64,16,PASS,0.8019984648281155,0.8174835060220257,0.7207275618180822,0.6906354515050167,0.7508196721311475,0.011734599302785809,2,scar,v4_patient_level_refold
SHUFFLED_WITHIN_PATIENT_CONTROL,P1_scar_vs_normal_myocardium,logistic_regression,4769,1189,64,16,PASS,0.8336306793081184,0.8420500405244336,0.743557503879657,0.7746967071057193,0.7124183006535948,0.033927871579630675,3,scar,v4_patient_level_refold
SHUFFLED_WITHIN_PATIENT_CONTROL,P1_scar_vs_normal_myocardium,logistic_regression,4759,1199,64,16,PASS,0.7725810401638614,0.7803894493931471,0.6924244701220055,0.6463620981387479,0.7384868421052632,0.02672977074972105,4,scar,v4_patient_level_refold
SHUFFLED_WITHIN_PATIENT_CONTROL,P2_nnunet_scar_FN_vs_true_negative,logistic_regression,4564,1126,64,16,PASS,0.883653846153846,0.879311689039308,0.800996445798426,0.7884615384615384,0.8135313531353136,0.02261679383472831,0,scar,v4_patient_level_refold
SHUFFLED_WITHIN_PATIENT_CONTROL,P2_nnunet_scar_FN_vs_true_negative,logistic_regression,4581,1109,64,16,PASS,0.8755650913003825,0.8702547436473503,0.801735789881175,0.7932405566600398,0.8102310231023102,0.0041057381221862865,1,scar,v4_patient_level_refold
SHUFFLED_WITHIN_PATIENT_CONTROL,P2_nnunet_scar_FN_vs_true_negative,logistic_regression,4523,1167,64,16,PASS,0.8523354033610971,0.8597945304370317,0.7923977985107573,0.7684021543985637,0.8163934426229508,0.01357753509079379,2,scar,v4_patient_level_refold
SHUFFLED_WITHIN_PATIENT_CONTROL,P2_nnunet_scar_FN_vs_true_negative,logistic_regression,4544,1146,64,16,PASS,0.8964681768817779,0.8909156681976061,0.8121969499977055,0.822429906542056,0.8019639934533551,0.028254269205213012,3,scar,v4_patient_level_refold
SHUFFLED_WITHIN_PATIENT_CONTROL,P2_nnunet_scar_FN_vs_true_negative,logistic_regression,4548,1142,64,16,PASS,0.8741098708850779,0.8663403755500583,0.7824019317957815,0.7621722846441947,0.8026315789473685,0.0018011564337391262,4,scar,v4_patient_level_refold
SHUFFLED_WITHIN_PATIENT_CONTROL,P3_nnunet_scar_FP_vs_true_negative,logistic_regression,4336,1120,64,16,PASS,0.8973815669504694,0.8988925262637826,0.8310892373284021,0.8073929961089494,0.8547854785478548,0.0014021608124253904,0,scar,v4_patient_level_refold
SHUFFLED_WITHIN_PATIENT_CONTROL,P3_nnunet_scar_FP_vs_true_negative,logistic_regression,4392,1064,64,16,PASS,0.9173368210183463,0.9069459230630426,0.8389647916756742,0.8231441048034934,0.8547854785478548,0.021837868416007267,1,scar,v4_patient_level_refold
SHUFFLED_WITHIN_PATIENT_CONTROL,P3_nnunet_scar_FP_vs_true_negative,logistic_regression,4358,1098,64,16,PASS,0.8915345337274926,0.8888107340758659,0.8127049180327869,0.7663934426229508,0.8590163934426229,0.011735811153524123,2,scar,v4_patient_level_refold
SHUFFLED_WITHIN_PATIENT_CONTROL,P3_nnunet_scar_FP_vs_true_negative,logistic_regression,4364,1092,64,16,PASS,0.9174898176534837,0.9039434860061745,0.839540850179148,0.8378378378378378,0.8412438625204582,0.030773818211382253,3,scar,v4_patient_level_refold
SHUFFLED_WITHIN_PATIENT_CONTROL,P3_nnunet_scar_FP_vs_true_negative,logistic_regression,4374,1082,64,16,PASS,0.920802798134577,0.9153484318181498,0.8573138740839441,0.8544303797468354,0.8601973684210527,0.023719469195688847,4,scar,v4_patient_level_refold
SHUFFLED_WITHIN_PATIENT_CONTROL,P4_pure_edema_vs_normal_myocardium,logistic_regression,4800,1191,64,16,PASS,0.7453527404022453,0.7460646353934159,0.6744182110518744,0.6854700854700855,0.6633663366336634,0.01001521529966648,0,pure_edema,v4_patient_level_refold
SHUFFLED_WITHIN_PATIENT_CONTROL,P4_pure_edema_vs_normal_myocardium,logistic_regression,4794,1197,64,16,PASS,0.7692477369564368,0.7763681013874231,0.7107101573101473,0.6920473773265652,0.7293729372937293,0.014758666404835363,1,pure_edema,v4_patient_level_refold
SHUFFLED_WITHIN_PATIENT_CONTROL,P4_pure_edema_vs_normal_myocardium,logistic_regression,4785,1206,64,16,PASS,0.7546732313785895,0.7789550963431509,0.68147210914292,0.6711409395973155,0.6918032786885245,0.00012897642722581315,2,pure_edema,v4_patient_level_refold
SHUFFLED_WITHIN_PATIENT_CONTROL,P4_pure_edema_vs_normal_myocardium,logistic_regression,4787,1204,64,16,PASS,0.776237634693517,0.7884862880240852,0.6942953983395159,0.6908783783783784,0.6977124183006536,0.008501858010467878,3,pure_edema,v4_patient_level_refold
SHUFFLED_WITHIN_PATIENT_CONTROL,P4_pure_edema_vs_normal_myocardium,logistic_regression,4798,1193,64,16,PASS,0.7373875393612236,0.733553751495774,0.6661015519568152,0.6512820512820513,0.680921052631579,0.007761755156256489,4,pure_edema,v4_patient_level_refold
SHUFFLED_WITHIN_PATIENT_CONTROL,P5_nnunet_pure_edema_FN,logistic_regression,4580,1167,64,16,PASS,0.8050157956972168,0.7979989789907269,0.7415241524152416,0.7272727272727273,0.7557755775577558,0.005146530320603082,0,pure_edema,v4_patient_level_refold
SHUFFLED_WITHIN_PATIENT_CONTROL,P5_nnunet_pure_edema_FN,logistic_regression,4607,1140,64,16,PASS,0.8207284211567225,0.8180061646409627,0.7492119998516705,0.7228464419475655,0.7755775577557755,0.0009736814550748707,1,pure_edema,v4_patient_level_refold
SHUFFLED_WITHIN_PATIENT_CONTROL,P5_nnunet_pure_edema_FN,logistic_regression,4610,1137,64,16,PASS,0.8286434192926245,0.8355994199522347,0.7527218714032413,0.7267552182163188,0.7786885245901639,0.008810532613833522,2,pure_edema,v4_patient_level_refold
SHUFFLED_WITHIN_PATIENT_CONTROL,P5_nnunet_pure_edema_FN,logistic_regression,4594,1153,64,16,PASS,0.8396766537223473,0.8369376023464965,0.7474000640170069,0.7583025830258303,0.7364975450081833,0.026330560088738075,3,pure_edema,v4_patient_level_refold
SHUFFLED_WITHIN_PATIENT_CONTROL,P5_nnunet_pure_edema_FN,logistic_regression,4597,1150,64,16,PASS,0.8259734899980578,0.8220905779977828,0.7470716401242959,0.7490774907749077,0.7450657894736842,0.01649325087405823,4,pure_edema,v4_patient_level_refold
SHUFFLED_WITHIN_PATIENT_CONTROL,P6_nnunet_pure_edema_FP,logistic_regression,4586,1140,64,16,PASS,0.8559195807221172,0.8502607037400771,0.7749842399970335,0.7677902621722846,0.7821782178217822,0.018337516642161267,0,pure_edema,v4_patient_level_refold
SHUFFLED_WITHIN_PATIENT_CONTROL,P6_nnunet_pure_edema_FP,logistic_regression,4596,1130,64,16,PASS,0.8387152646562366,0.8413995977245401,0.7674023127503591,0.732824427480916,0.801980198019802,0.01583462984040579,1,pure_edema,v4_patient_level_refold
SHUFFLED_WITHIN_PATIENT_CONTROL,P6_nnunet_pure_edema_FP,logistic_regression,4596,1130,64,16,PASS,0.8702868852459016,0.8682337986906812,0.7879255989911728,0.7807692307692308,0.7950819672131147,0.015038762246652737,2,pure_edema,v4_patient_level_refold
SHUFFLED_WITHIN_PATIENT_CONTROL,P6_nnunet_pure_edema_FP,logistic_regression,4570,1156,64,16,PASS,0.868001021036352,0.8606613450832389,0.7801528551479753,0.7779816513761468,0.7823240589198036,0.018376184721819455,3,pure_edema,v4_patient_level_refold
SHUFFLED_WITHIN_PATIENT_CONTROL,P6_nnunet_pure_edema_FP,logistic_regression,4556,1170,64,16,PASS,0.860405155459824,0.8564322110454415,0.7779868655178872,0.7615658362989324,0.7944078947368421,7.829969797062963e-05,4,pure_edema,v4_patient_level_refold
SHUFFLED_WITHIN_PATIENT_CONTROL,P7_small_scar_vs_normal_myocardium,logistic_regression,2898,644,64,16,PASS,0.760812923397603,0.284251814093843,0.6766110821608476,0.47368421052631576,0.8795379537953796,0.15080826749150886,0,scar,v4_patient_level_refold
SHUFFLED_WITHIN_PATIENT_CONTROL,P7_small_scar_vs_normal_myocardium,logistic_regression,2826,716,64,16,PASS,0.8139963996399638,0.5947952112310531,0.7509150915091509,0.6090909090909091,0.8927392739273927,0.0780538183998778,1,scar,v4_patient_level_refold
SHUFFLED_WITHIN_PATIENT_CONTROL,P7_small_scar_vs_normal_myocardium,logistic_regression,2898,644,64,16,PASS,0.9126808100289296,0.677685655547033,0.8510607521697203,0.8529411764705882,0.8491803278688524,0.1871016217753788,2,scar,v4_patient_level_refold
SHUFFLED_WITHIN_PATIENT_CONTROL,P7_small_scar_vs_normal_myocardium,logistic_regression,2754,788,64,16,PASS,0.8091856060606062,0.6829979966814655,0.753954991087344,0.6647727272727273,0.8431372549019608,0.0697455547647225,3,scar,v4_patient_level_refold
SHUFFLED_WITHIN_PATIENT_CONTROL,P7_small_scar_vs_normal_myocardium,logistic_regression,2792,750,64,16,PASS,0.8068360822831727,0.621668964913947,0.7349193847294292,0.5915492957746479,0.8782894736842105,0.0628547518251382,4,scar,v4_patient_level_refold
SHUFFLED_WITHIN_PATIENT_CONTROL,P8_boundary_scar_vs_non_scar_myocardium,logistic_regression,4765,1193,64,16,PASS,0.8154738812893214,0.8224833432290048,0.7326325051585227,0.7342419080068143,0.731023102310231,0.01389143582395902,0,scar,v4_patient_level_refold
SHUFFLED_WITHIN_PATIENT_CONTROL,P8_boundary_scar_vs_non_scar_myocardium,logistic_regression,4789,1169,64,16,PASS,0.8227025189197428,0.8276616751911907,0.7343307598965936,0.7211367673179396,0.7475247524752475,0.0005138398251119947,1,scar,v4_patient_level_refold
SHUFFLED_WITHIN_PATIENT_CONTROL,P8_boundary_scar_vs_non_scar_myocardium,logistic_regression,4750,1208,64,16,PASS,0.8019984648281155,0.8174835060220257,0.7207275618180822,0.6906354515050167,0.7508196721311475,0.011734599302785809,2,scar,v4_patient_level_refold
SHUFFLED_WITHIN_PATIENT_CONTROL,P8_boundary_scar_vs_non_scar_myocardium,logistic_regression,4769,1189,64,16,PASS,0.8336306793081184,0.8420500405244336,0.743557503879657,0.7746967071057193,0.7124183006535948,0.033927871579630675,3,scar,v4_patient_level_refold
SHUFFLED_WITHIN_PATIENT_CONTROL,P8_boundary_scar_vs_non_scar_myocardium,logistic_regression,4759,1199,64,16,PASS,0.7725810401638614,0.7803894493931471,0.6924244701220055,0.6463620981387479,0.7384868421052632,0.02672977074972105,4,scar,v4_patient_level_refold
SPATIAL_COORDINATE_ONLY_CONTROL,P1_scar_vs_normal_myocardium,logistic_regression,4765,1193,64,16,PASS,0.5121133919184082,0.5193212041751574,0.5036081546825892,0.282793867120954,0.7244224422442245,0.008242737017551238,0,scar,v4_patient_level_refold
SPATIAL_COORDINATE_ONLY_CONTROL,P1_scar_vs_normal_myocardium,logistic_regression,4789,1169,64,16,PASS,0.6087687365539396,0.6144159297429743,0.5767062940752334,0.6039076376554174,0.5495049504950495,0.022866008630691492,1,scar,v4_patient_level_refold
SPATIAL_COORDINATE_ONLY_CONTROL,P1_scar_vs_normal_myocardium,logistic_regression,4750,1208,64,16,PASS,0.5178244421295026,0.5530794759979576,0.5328033335160919,0.5016722408026756,0.5639344262295082,0.0064593487463834864,2,scar,v4_patient_level_refold
SPATIAL_COORDINATE_ONLY_CONTROL,P1_scar_vs_normal_myocardium,logistic_regression,4769,1189,64,16,PASS,0.5675258549404743,0.5609003344154193,0.540664185951677,0.5077989601386482,0.5735294117647058,0.02299204511767533,3,scar,v4_patient_level_refold
SPATIAL_COORDINATE_ONLY_CONTROL,P1_scar_vs_normal_myocardium,logistic_regression,4759,1199,64,16,PASS,0.5313780167423634,0.5900243207345197,0.5332885274735062,0.43993231810490696,0.6266447368421053,0.005011925245978932,4,scar,v4_patient_level_refold
SPATIAL_COORDINATE_ONLY_CONTROL,P2_nnunet_scar_FN_vs_true_negative,logistic_regression,4564,1126,64,16,PASS,0.5626808834729627,0.5267980461571009,0.545976136075146,0.4153846153846154,0.6765676567656765,0.02492963216486621,0,scar,v4_patient_level_refold
SPATIAL_COORDINATE_ONLY_CONTROL,P2_nnunet_scar_FN_vs_true_negative,logistic_regression,4581,1109,64,16,PASS,0.5752744260509551,0.5693753496328013,0.53991234113471,0.48906560636182905,0.5907590759075908,0.04516207138055728,1,scar,v4_patient_level_refold
SPATIAL_COORDINATE_ONLY_CONTROL,P2_nnunet_scar_FN_vs_true_negative,logistic_regression,4523,1167,64,16,PASS,0.5260470318156399,0.5487753054088759,0.5171557229890809,0.4703770197486535,0.5639344262295082,0.025809568069255273,2,scar,v4_patient_level_refold
SPATIAL_COORDINATE_ONLY_CONTROL,P2_nnunet_scar_FN_vs_true_negative,logistic_regression,4544,1146,64,16,PASS,0.555862153356685,0.5561789251134306,0.5194747388225216,0.47102803738317756,0.5679214402618658,0.03820560594918265,3,scar,v4_patient_level_refold
SPATIAL_COORDINATE_ONLY_CONTROL,P2_nnunet_scar_FN_vs_true_negative,logistic_regression,4548,1142,64,16,PASS,0.5791691306918982,0.5977530085559603,0.542510595308496,0.5093632958801498,0.5756578947368421,0.03530299005430293,4,scar,v4_patient_level_refold
SPATIAL_COORDINATE_ONLY_CONTROL,P3_nnunet_scar_FP_vs_true_negative,logistic_regression,4336,1120,64,16,PASS,0.6049813152521477,0.5826289342365168,0.538987556343183,0.5136186770428015,0.5643564356435643,0.03659251386188561,0,scar,v4_patient_level_refold
SPATIAL_COORDINATE_ONLY_CONTROL,P3_nnunet_scar_FP_vs_true_negative,logistic_regression,4392,1064,64,16,PASS,0.6025912634931616,0.5253252118533175,0.5509893784138239,0.47161572052401746,0.6303630363036303,0.07156666820454316,1,scar,v4_patient_level_refold
SPATIAL_COORDINATE_ONLY_CONTROL,P3_nnunet_scar_FP_vs_true_negative,logistic_regression,4358,1098,64,16,PASS,0.5106154259607631,0.49028408590416045,0.4979508196721311,0.4385245901639344,0.5573770491803278,0.0581656028409695,2,scar,v4_patient_level_refold
SPATIAL_COORDINATE_ONLY_CONTROL,P3_nnunet_scar_FP_vs_true_negative,logistic_regression,4364,1092,64,16,PASS,0.5700650921600185,0.5415175172125024,0.522736320608661,0.49064449064449067,0.5548281505728314,0.057520156337580786,3,scar,v4_patient_level_refold
SPATIAL_COORDINATE_ONLY_CONTROL,P3_nnunet_scar_FP_vs_true_negative,logistic_regression,4374,1082,64,16,PASS,0.49507966910948265,0.47600369764727046,0.4842813124583611,0.379746835443038,0.5888157894736842,0.04827960939342785,4,scar,v4_patient_level_refold
SPATIAL_COORDINATE_ONLY_CONTROL,P4_pure_edema_vs_normal_myocardium,logistic_regression,4800,1191,64,16,PASS,0.5063637132944063,0.5264052078339301,0.47977913175932974,0.5948717948717949,0.36468646864686466,0.011907766970664702,0,pure_edema,v4_patient_level_refold
SPATIAL_COORDINATE_ONLY_CONTROL,P4_pure_edema_vs_normal_myocardium,logistic_regression,4794,1197,64,16,PASS,0.5090186683642983,0.5224323173886181,0.49367576351543785,0.4890016920473773,0.49834983498349833,0.007218894373343054,1,pure_edema,v4_patient_level_refold
SPATIAL_COORDINATE_ONLY_CONTROL,P4_pure_edema_vs_normal_myocardium,logistic_regression,4785,1206,64,16,PASS,0.4095224997249422,0.4391579673513546,0.42008746836835736,0.46476510067114096,0.37540983606557377,0.004408284266373963,2,pure_edema,v4_patient_level_refold
SPATIAL_COORDINATE_ONLY_CONTROL,P4_pure_edema_vs_normal_myocardium,logistic_regression,4787,1204,64,16,PASS,0.5461546104928457,0.5298087947754342,0.5281200317965025,0.32094594594594594,0.7352941176470589,0.006551696767096216,3,pure_edema,v4_patient_level_refold
SPATIAL_COORDINATE_ONLY_CONTROL,P4_pure_edema_vs_normal_myocardium,logistic_regression,4798,1193,64,16,PASS,0.5658710076473235,0.5529010192105261,0.551016363022942,0.6102564102564103,0.4917763157894737,0.009009440144627567,4,pure_edema,v4_patient_level_refold
SPATIAL_COORDINATE_ONLY_CONTROL,P5_nnunet_pure_edema_FN,logistic_regression,4580,1167,64,16,PASS,0.5394863015713336,0.5384485036676696,0.5037415506256508,0.4563279857397504,0.5511551155115512,0.01697087748070847,0,pure_edema,v4_patient_level_refold
SPATIAL_COORDINATE_ONLY_CONTROL,P5_nnunet_pure_edema_FN,logistic_regression,4607,1140,64,16,PASS,0.5096058763179689,0.48974074618983,0.49210145733674493,0.36704119850187267,0.6171617161716172,0.03145705064159854,1,pure_edema,v4_patient_level_refold
SPATIAL_COORDINATE_ONLY_CONTROL,P5_nnunet_pure_edema_FN,logistic_regression,4610,1137,64,16,PASS,0.4447444551591128,0.44252495452619794,0.48665505334867953,0.33396584440227706,0.639344262295082,0.04144936854259751,2,pure_edema,v4_patient_level_refold
SPATIAL_COORDINATE_ONLY_CONTROL,P5_nnunet_pure_edema_FN,logistic_regression,4594,1153,64,16,PASS,0.5202197111987487,0.4981665379656367,0.506196363109294,0.4575645756457565,0.5548281505728314,0.027134896067564362,3,pure_edema,v4_patient_level_refold
SPATIAL_COORDINATE_ONLY_CONTROL,P5_nnunet_pure_edema_FN,logistic_regression,4597,1150,64,16,PASS,0.5364876675082542,0.5317392290545752,0.4996479899009516,0.3874538745387454,0.6118421052631579,0.02745233972887906,4,pure_edema,v4_patient_level_refold
SPATIAL_COORDINATE_ONLY_CONTROL,P6_nnunet_pure_edema_FP,logistic_regression,4586,1140,64,16,PASS,0.5505803389327697,0.5231732668495299,0.5134979790113843,0.449438202247191,0.5775577557755776,0.032407402432350074,0,pure_edema,v4_patient_level_refold
SPATIAL_COORDINATE_ONLY_CONTROL,P6_nnunet_pure_edema_FP,logistic_regression,4596,1130,64,16,PASS,0.5410399818607815,0.507620338974667,0.5324238530723302,0.3816793893129771,0.6831683168316832,0.03717276258396235,1,pure_edema,v4_patient_level_refold
SPATIAL_COORDINATE_ONLY_CONTROL,P6_nnunet_pure_edema_FP,logistic_regression,4596,1130,64,16,PASS,0.4567717528373266,0.4483674429035356,0.5037831021437579,0.38461538461538464,0.6229508196721312,0.04309113628659794,2,pure_edema,v4_patient_level_refold
SPATIAL_COORDINATE_ONLY_CONTROL,P6_nnunet_pure_edema_FP,logistic_regression,4570,1156,64,16,PASS,0.5346446643342992,0.49996737630127824,0.5247811528701632,0.3376146788990826,0.7119476268412439,0.023050470407672052,3,pure_edema,v4_patient_level_refold
SPATIAL_COORDINATE_ONLY_CONTROL,P6_nnunet_pure_edema_FP,logistic_regression,4556,1170,64,16,PASS,0.5362076231504027,0.512298525680636,0.5166932009739651,0.4412811387900356,0.5921052631578947,0.018974607393570042,4,pure_edema,v4_patient_level_refold
SPATIAL_COORDINATE_ONLY_CONTROL,P7_small_scar_vs_normal_myocardium,logistic_regression,2898,644,64,16,PASS,0.5341323606044814,0.07131265820142507,0.4295205836373111,0.21052631578947367,0.6485148514851485,0.43388966783810323,0,scar,v4_patient_level_refold
SPATIAL_COORDINATE_ONLY_CONTROL,P7_small_scar_vs_normal_myocardium,logistic_regression,2826,716,64,16,PASS,0.4732973297329733,0.31488940470106386,0.5011401140114011,0.38181818181818183,0.6204620462046204,0.33621591245689375,1,scar,v4_patient_level_refold
SPATIAL_COORDINATE_ONLY_CONTROL,P7_small_scar_vs_normal_myocardium,logistic_regression,2898,644,64,16,PASS,0.0673095467695275,0.03502878609674778,0.3377049180327869,0.0,0.6754098360655738,0.42652702288269745,2,scar,v4_patient_level_refold
SPATIAL_COORDINATE_ONLY_CONTROL,P7_small_scar_vs_normal_myocardium,logistic_regression,2754,788,64,16,PASS,0.21429367201426025,0.14703349502049043,0.31209150326797386,0.0,0.6241830065359477,0.21872838765522,3,scar,v4_patient_level_refold
SPATIAL_COORDINATE_ONLY_CONTROL,P7_small_scar_vs_normal_myocardium,logistic_regression,2792,750,64,16,PASS,0.4446812453669384,0.238085625990026,0.5046446441808747,0.36619718309859156,0.6430921052631579,0.3066171473345237,4,scar,v4_patient_level_refold
SPATIAL_COORDINATE_ONLY_CONTROL,P8_boundary_scar_vs_non_scar_myocardium,logistic_regression,4765,1193,64,16,PASS,0.5121133919184082,0.5193212041751574,0.5036081546825892,0.282793867120954,0.7244224422442245,0.008242737017551238,0,scar,v4_patient_level_refold
SPATIAL_COORDINATE_ONLY_CONTROL,P8_boundary_scar_vs_non_scar_myocardium,logistic_regression,4789,1169,64,16,PASS,0.6087687365539396,0.6144159297429743,0.5767062940752334,0.6039076376554174,0.5495049504950495,0.022866008630691492,1,scar,v4_patient_level_refold
SPATIAL_COORDINATE_ONLY_CONTROL,P8_boundary_scar_vs_non_scar_myocardium,logistic_regression,4750,1208,64,16,PASS,0.5178244421295026,0.5530794759979576,0.5328033335160919,0.5016722408026756,0.5639344262295082,0.0064593487463834864,2,scar,v4_patient_level_refold
SPATIAL_COORDINATE_ONLY_CONTROL,P8_boundary_scar_vs_non_scar_myocardium,logistic_regression,4769,1189,64,16,PASS,0.5675258549404743,0.5609003344154193,0.540664185951677,0.5077989601386482,0.5735294117647058,0.02299204511767533,3,scar,v4_patient_level_refold
SPATIAL_COORDINATE_ONLY_CONTROL,P8_boundary_scar_vs_non_scar_myocardium,logistic_regression,4759,1199,64,16,PASS,0.5313780167423634,0.5900243207345197,0.5332885274735062,0.43993231810490696,0.6266447368421053,0.005011925245978932,4,scar,v4_patient_level_refold
